"ID,""ID_BATCH"",""ID_RUN_STAGING"",""ID_CLIENT"",""SOURCE_RUN_ID"",""ID_CONFIGURATION"",""VALUE_LEVEL_1"",""VALUE_LEVEL_2"",""VALUE_LEVEL_3"",""VALUE_LEVEL_4"",""VALUE_LEVEL_5"",""ML_BEST_MODEL"",""ML_CLASSIFICATION"",""ML_TYPE"",""ML_STATUS"",""SCP_BEST_MODEL"",""SCP_CLASSIFICATION"",""SCP_STATUS"",""SERIES_CLASSIFICATION"",""COMPARISON_STATUS"",""HAS_BASE_CANDIDATE"",""HAS_SCP_CALCULATED"",""HAS_ML_CALCULATED"",""HISTORY_M1"",""HISTORY_M2"",""HISTORY_M3"",""HISTORY_M4"",""HISTORY_M5"",""HISTORY_M6"",""SCP_FORECAST_M1"",""SCP_FORECAST_M2"",""SCP_FORECAST_M3"",""SCP_FORECAST_M4"",""SCP_FORECAST_M5"",""SCP_FORECAST_M6"",""ML_FORECAST_M1"",""ML_FORECAST_M2"",""ML_FORECAST_M3"",""ML_FORECAST_M4"",""ML_FORECAST_M5"",""ML_FORECAST_M6"",""SCP_SIGNED_ERROR_M1"",""SCP_SIGNED_ERROR_M2"",""SCP_SIGNED_ERROR_M3"",""SCP_SIGNED_ERROR_M4"",""SCP_SIGNED_ERROR_M5"",""SCP_SIGNED_ERROR_M6"",""ML_SIGNED_ERROR_M1"",""ML_SIGNED_ERROR_M2"",""ML_SIGNED_ERROR_M3"",""ML_SIGNED_ERROR_M4"",""ML_SIGNED_ERROR_M5"",""ML_SIGNED_ERROR_M6"",""SCP_ABS_ERROR_M1"",""SCP_ABS_ERROR_M2"",""SCP_ABS_ERROR_M3"",""SCP_ABS_ERROR_M4"",""SCP_ABS_ERROR_M5"",""SCP_ABS_ERROR_M6"",""ML_ABS_ERROR_M1"",""ML_ABS_ERROR_M2"",""ML_ABS_ERROR_M3"",""ML_ABS_ERROR_M4"",""ML_ABS_ERROR_M5"",""ML_ABS_ERROR_M6"",""SCP_SQUARED_ERROR_M1"",""SCP_SQUARED_ERROR_M2"",""SCP_SQUARED_ERROR_M3"",""SCP_SQUARED_ERROR_M4"",""SCP_SQUARED_ERROR_M5"",""SCP_SQUARED_ERROR_M6"",""ML_SQUARED_ERROR_M1"",""ML_SQUARED_ERROR_M2"",""ML_SQUARED_ERROR_M3"",""ML_SQUARED_ERROR_M4"",""ML_SQUARED_ERROR_M5"",""ML_SQUARED_ERROR_M6"",""POSITIVE_HISTORY_MONTH_COUNT_M1"",""POSITIVE_HISTORY_MONTH_COUNT_M2"",""POSITIVE_HISTORY_MONTH_COUNT_M3"",""POSITIVE_HISTORY_MONTH_COUNT_M4"",""POSITIVE_HISTORY_MONTH_COUNT_M5"",""POSITIVE_HISTORY_MONTH_COUNT_M6"",""SCP_MAE_M1"",""SCP_MAE_M2"",""SCP_MAE_M3"",""SCP_MAE_M4"",""SCP_MAE_M5"",""SCP_MAE_M6"",""ML_MAE_M1"",""ML_MAE_M2"",""ML_MAE_M3"",""ML_MAE_M4"",""ML_MAE_M5"",""ML_MAE_M6"",""SCP_RMSE_M1"",""SCP_RMSE_M2"",""SCP_RMSE_M3"",""SCP_RMSE_M4"",""SCP_RMSE_M5"",""SCP_RMSE_M6"",""ML_RMSE_M1"",""ML_RMSE_M2"",""ML_RMSE_M3"",""ML_RMSE_M4"",""ML_RMSE_M5"",""ML_RMSE_M6"",""SCP_WAPE_M1"",""SCP_WAPE_M2"",""SCP_WAPE_M3"",""SCP_WAPE_M4"",""SCP_WAPE_M5"",""SCP_WAPE_M6"",""ML_WAPE_M1"",""ML_WAPE_M2"",""ML_WAPE_M3"",""ML_WAPE_M4"",""ML_WAPE_M5"",""ML_WAPE_M6"",""SCP_BIAS_M1"",""SCP_BIAS_M2"",""SCP_BIAS_M3"",""SCP_BIAS_M4"",""SCP_BIAS_M5"",""SCP_BIAS_M6"",""ML_BIAS_M1"",""ML_BIAS_M2"",""ML_BIAS_M3"",""ML_BIAS_M4"",""ML_BIAS_M5"",""ML_BIAS_M6"",""WINNER_METHOD_M1"",""WINNER_METHOD_M2"",""WINNER_METHOD_M3"",""WINNER_METHOD_M4"",""WINNER_METHOD_M5"",""WINNER_METHOD_M6"",""WINNER_MODEL_M1"",""WINNER_MODEL_M2"",""WINNER_MODEL_M3"",""WINNER_MODEL_M4"",""WINNER_MODEL_M5"",""WINNER_MODEL_M6"",""FINALIST_METHOD_M1"",""FINALIST_METHOD_M2"",""FINALIST_METHOD_M3"",""FINALIST_METHOD_M4"",""FINALIST_METHOD_M5"",""FINALIST_METHOD_M6"",""FINALIST_MODEL_M1"",""FINALIST_MODEL_M2"",""FINALIST_MODEL_M3"",""FINALIST_MODEL_M4"",""FINALIST_MODEL_M5"",""FINALIST_MODEL_M6"",""WINNER_IMPROVEMENT_PCT_M1"",""WINNER_IMPROVEMENT_PCT_M2"",""WINNER_IMPROVEMENT_PCT_M3"",""WINNER_IMPROVEMENT_PCT_M4"",""WINNER_IMPROVEMENT_PCT_M5"",""WINNER_IMPROVEMENT_PCT_M6"",""TOTAL_HISTORY_OLDER_3M"",""SCP_TOTAL_FORECAST_OLDER_3M"",""ML_TOTAL_FORECAST_OLDER_3M"",""SCP_TOTAL_SIGNED_ERROR_OLDER_3M"",""ML_TOTAL_SIGNED_ERROR_OLDER_3M"",""SCP_TOTAL_ABS_ERROR_OLDER_3M"",""ML_TOTAL_ABS_ERROR_OLDER_3M"",""SCP_TOTAL_SQUARED_ERROR_OLDER_3M"",""ML_TOTAL_SQUARED_ERROR_OLDER_3M"",""POSITIVE_HISTORY_MONTH_COUNT_OLDER_3M"",""SCP_MAE_OLDER_3M"",""ML_MAE_OLDER_3M"",""SCP_RMSE_OLDER_3M"",""ML_RMSE_OLDER_3M"",""SCP_WAPE_OLDER_3M"",""ML_WAPE_OLDER_3M"",""SCP_BIAS_OLDER_3M"",""ML_BIAS_OLDER_3M"",""WINNER_METHOD_OLDER_3M"",""WINNER_MODEL_OLDER_3M"",""FINALIST_METHOD_OLDER_3M"",""FINALIST_MODEL_OLDER_3M"",""WINNER_IMPROVEMENT_PCT_OLDER_3M"",""TOTAL_HISTORY_RECENT_3M"",""SCP_TOTAL_FORECAST_RECENT_3M"",""ML_TOTAL_FORECAST_RECENT_3M"",""SCP_TOTAL_SIGNED_ERROR_RECENT_3M"",""ML_TOTAL_SIGNED_ERROR_RECENT_3M"",""SCP_TOTAL_ABS_ERROR_RECENT_3M"",""ML_TOTAL_ABS_ERROR_RECENT_3M"",""SCP_TOTAL_SQUARED_ERROR_RECENT_3M"",""ML_TOTAL_SQUARED_ERROR_RECENT_3M"",""POSITIVE_HISTORY_MONTH_COUNT_RECENT_3M"",""SCP_MAE_RECENT_3M"",""ML_MAE_RECENT_3M"",""SCP_RMSE_RECENT_3M"",""ML_RMSE_RECENT_3M"",""SCP_WAPE_RECENT_3M"",""ML_WAPE_RECENT_3M"",""SCP_BIAS_RECENT_3M"",""ML_BIAS_RECENT_3M"",""WINNER_METHOD_RECENT_3M"",""WINNER_MODEL_RECENT_3M"",""FINALIST_METHOD_RECENT_3M"",""FINALIST_MODEL_RECENT_3M"",""WINNER_IMPROVEMENT_PCT_RECENT_3M"",""TOTAL_HISTORY_6M"",""SCP_TOTAL_FORECAST_6M"",""ML_TOTAL_FORECAST_6M"",""SCP_TOTAL_SIGNED_ERROR_6M"",""ML_TOTAL_SIGNED_ERROR_6M"",""SCP_TOTAL_ABS_ERROR_6M"",""ML_TOTAL_ABS_ERROR_6M"",""SCP_TOTAL_SQUARED_ERROR_6M"",""ML_TOTAL_SQUARED_ERROR_6M"",""POSITIVE_HISTORY_MONTH_COUNT_6M"",""SCP_MAE_6M"",""ML_MAE_6M"",""SCP_RMSE_6M"",""ML_RMSE_6M"",""SCP_WAPE_6M"",""ML_WAPE_6M"",""SCP_BIAS_6M"",""ML_BIAS_6M"",""WINNER_METHOD_6M"",""WINNER_MODEL_6M"",""FINALIST_METHOD_6M"",""FINALIST_MODEL_6M"",""WINNER_IMPROVEMENT_PCT_6M"",""COPIED_AT"",""HAS_ML_EXCLUDED"",""ML_EXCLUSION_REASON"",""SCP_NO_OUTPUT_REASON"""
8374,63,60,10664,1,1,Alstroemeria,Lavender,Select,,,MovingAverage12M,lumpy_acceptable,lumpy_acceptable_acceptable,acceptable,x11 lineal,x11 lineal,success,lumpy_acceptable,COMPARABLE,1,1,1,244.0,466.0,273.0,121.0,185.0,175.0,108.63600000000031,407.07799999999946,156.3270000000002,118.82199999999993,84.59700000000021,6.931999999999995,116.66599999999974,116.66699999999953,116.66800000000002,39.16700000000006,39.166000000000025,39.16799999999999,-135.3639999999997,-58.92200000000054,-116.6729999999998,-2.1780000000000683,-100.40299999999979,-168.068,-127.33400000000026,-349.3330000000005,-156.332,-81.83299999999994,-145.83399999999997,-135.832,135.3639999999997,58.92200000000054,116.6729999999998,2.1780000000000683,100.40299999999979,168.068,127.33400000000026,349.3330000000005,156.332,81.83299999999994,145.83399999999997,135.832,18323.412495999917,3471.802084000063,13612.588928999954,4.7436840000002976,10080.762408999959,28246.852624000003,16213.947556000066,122033.54488900033,24439.694224,6696.63988899999,21267.555555999992,18450.332223999998,1,1,1,1,1,1,135.3639999999997,58.92200000000054,116.6729999999998,2.1780000000000683,100.40299999999979,168.068,127.33400000000026,349.3330000000005,156.332,81.83299999999994,145.83399999999997,135.832,135.3639999999997,58.92200000000054,116.6729999999998,2.1780000000000683,100.40299999999979,168.068,127.33400000000026,349.3330000000005,156.332,81.83299999999994,145.83399999999997,135.832,0.5547704918032774,0.12644206008583805,0.42737362637362564,0.018000000000000564,0.5427189189189178,0.9603885714285715,0.521860655737706,0.7496416309012885,0.5726446886446886,0.6763057851239664,0.7882918918918917,0.7761828571428571,-0.5547704918032774,-0.12644206008583805,-0.42737362637362564,-0.018000000000000564,-0.5427189189189178,-0.9603885714285715,-0.521860655737706,-0.7496416309012885,-0.5726446886446886,-0.6763057851239664,-0.7882918918918917,-0.7761828571428571,ML,SCP,SCP,SCP,SCP,ML,MovingAverage12M,x11 lineal,x11 lineal,x11 lineal,x11 lineal,MovingAverage12M,SCP,ML,ML,ML,ML,SCP,x11 lineal,MovingAverage12M,MovingAverage12M,MovingAverage12M,MovingAverage12M,x11 lineal,5.932153305161965,83.132999172709,25.368446639203874,97.33848203047661,31.152543302659318,19.18033177047387,481.0,210.3510000000001,117.50100000000008,-270.64899999999983,-363.4989999999999,270.64899999999983,363.4989999999999,38332.35871699997,46414.52766899998,3,90.21633333333328,121.1663333333333,113.03739604956696,124.38452163754135,0.5626798336798333,0.7557151767151765,-0.5626798336798333,-0.7557151767151765,SCP,x11 lineal,ML,MovingAverage12M,25.543399018979446,983.0,672.0409999999999,350.0009999999993,-310.95900000000006,-632.9990000000007,310.95900000000006,632.9990000000007,35407.80350899993,162687.1866690004,3,103.65300000000002,210.9996666666669,108.63977710611636,232.87134264009416,0.3163367243133266,0.6439460834181086,-0.3163367243133266,-0.6439460834181086,SCP,x11 lineal,ML,MovingAverage12M,50.87527784404088,1464.0,882.392,467.5019999999994,-581.608,-996.4980000000006,581.608,996.4980000000006,73740.1622259999,209101.7143380004,6,96.93466666666666,166.0830000000001,110.8603943600538,186.68231229283631,0.3972732240437158,0.6806680327868857,-0.3972732240437158,-0.6806680327868857,SCP,x11 lineal,ML,MovingAverage12M,41.634805087416176,2026-07-11 11:04:33.553,0,,
8375,63,60,10664,1,2,Alstroemeria,Pink Hot,Fancy,,,,,,,copy last year,copy last year,success,,NOT_COMPARABLE_MISSING_SCP_AND_ML,1,0,0,0.0,12.0,0.0,0.0,0.0,0.0,,,,,,,,,,,,,,,,,,,,,,,,,,,,,,,,,,,,,,,,,,,,,,,,,,,,,,,,,,,,,,,,,,,,,,,,,,,,,,,,,,,,,,,,,,,,,,,,,,,,,,,,,,,,,,,,,,,,,,,,,,,,,,,,,,,,,,,,,,,,,,,,,,,,,,,,,,,,,,,,,,,,,,,,,,,,,,,,,,,,,,,,,,,,,,,,,,,,,,,,,,2026-07-11 11:04:33.553,1,ShortSeries,NoForecastRowsMaterialized
8376,63,60,10664,1,3,Alstroemeria,Red,Premium,,,AutoARIMA,erratic_acceptable,erratic_acceptable_acceptable,acceptable,x11 lineal,x11 lineal,success,erratic_acceptable,COMPARABLE,1,1,1,341.0,649.0,514.0,453.0,843.0,374.0,490.82999999999424,693.2549999999957,481.40999999999093,282.7169999999996,940.9589999999985,417.99600000000305,460.01599999999985,622.9899999999926,474.03299999999547,183.03099999999995,734.6390000000117,257.3539999999973,149.82999999999424,44.254999999995675,-32.59000000000907,-170.2830000000004,97.95899999999847,43.99600000000305,119.01599999999985,-26.01000000000738,-39.96700000000453,-269.96900000000005,-108.36099999998828,-116.64600000000269,149.82999999999424,44.254999999995675,32.59000000000907,170.2830000000004,97.95899999999847,43.99600000000305,119.01599999999985,26.01000000000738,39.96700000000453,269.96900000000005,108.36099999998828,116.64600000000269,22449.028899998273,1958.5050249996173,1062.108100000591,28996.300089000142,9595.9656809997,1935.6480160002684,14164.808255999964,676.520100000384,1597.3610890003622,72883.26096100002,11742.10632099746,13606.289316000626,1,1,1,1,1,1,149.82999999999424,44.254999999995675,32.59000000000907,170.2830000000004,97.95899999999847,43.99600000000305,119.01599999999985,26.01000000000738,39.96700000000453,269.96900000000005,108.36099999998828,116.64600000000269,149.82999999999424,44.254999999995675,32.59000000000907,170.2830000000004,97.95899999999847,43.99600000000305,119.01599999999985,26.01000000000738,39.96700000000453,269.96900000000005,108.36099999998828,116.64600000000269,0.43938416422285703,0.06818952234205805,0.06340466926071804,0.3759006622516565,0.11620284697508715,0.1176363636363718,0.3490205278592371,0.0400770416024767,0.07775680933853021,0.5959580573951436,0.1285421115065104,0.31188770053476655,0.43938416422285703,0.06818952234205805,-0.06340466926071804,-0.3759006622516565,0.11620284697508715,0.1176363636363718,0.3490205278592371,-0.0400770416024767,-0.07775680933853021,-0.5959580573951436,-0.1285421115065104,-0.31188770053476655,ML,ML,SCP,SCP,SCP,SCP,AutoARIMA,AutoARIMA,x11 lineal,x11 lineal,x11 lineal,x11 lineal,SCP,SCP,ML,ML,ML,ML,x11 lineal,x11 lineal,AutoARIMA,AutoARIMA,AutoARIMA,AutoARIMA,20.565974771404647,41.22698000223721,18.457727625277407,36.92498027551298,9.599394616135815,62.282461464600544,1670.0,1641.6720000000012,1175.024000000009,-28.327999999998895,-494.975999999991,312.23800000000193,494.975999999991,40527.91378600011,98231.65659799811,3,104.07933333333398,164.991999999997,116.22953409238707,180.9527162898254,0.18696886227545026,0.2963928143712521,-0.016962874251496344,-0.2963928143712521,SCP,x11 lineal,ML,AutoARIMA,36.91855766744092,1504.0,1665.4949999999808,1557.038999999988,161.49499999998085,53.03899999998794,226.674999999999,184.99300000001176,25469.64202499848,16438.68944500071,3,75.558333333333,61.664333333337254,92.14054848436433,74.02407141149135,0.1507147606382972,0.12300066489362484,0.10737699468083833,0.03526529255318347,ML,AutoARIMA,SCP,x11 lineal,18.38844160140616,3174.0,3307.166999999982,2732.0629999999974,133.16699999998195,-441.9370000000031,538.9130000000009,679.9690000000028,65997.55581099859,114670.3460429988,6,89.81883333333349,113.32816666666713,104.87894276338997,138.24516027875913,0.16978985507246405,0.21423093887838776,0.04195557655954063,-0.1392366099558926,SCP,x11 lineal,ML,AutoARIMA,20.744475115777526,2026-07-11 11:04:33.553,0,,
8377,63,60,10664,1,5,Orchids,White,Large,,,AutoTheta,smooth_acceptable,smooth_acceptable_acceptable,acceptable,x11 lineal,x11 lineal,success,smooth_acceptable,COMPARABLE,1,1,1,242.0,337.0,322.0,197.0,102.0,184.0,283.16599999999914,334.84000000000026,221.30999999999992,294.86900000000026,268.9050000000013,175.05000000000007,213.60599999999968,215.3089999999995,217.01499999999962,192.13800000000018,177.7160000000002,185.03800000000007,41.165999999999144,-2.159999999999741,-100.69000000000008,97.86900000000026,166.90500000000128,-8.949999999999932,-28.394000000000318,-121.69100000000051,-104.98500000000038,-4.861999999999824,75.71600000000021,1.0380000000000678,41.165999999999144,2.159999999999741,100.69000000000008,97.86900000000026,166.90500000000128,8.949999999999932,28.394000000000318,121.69100000000051,104.98500000000038,4.861999999999824,75.71600000000021,1.0380000000000678,1694.6395559999296,4.66559999999888,10138.476100000016,9578.34116100005,27857.27902500043,80.10249999999878,806.2192360000181,14808.699481000125,11021.85022500008,23.63904399999829,5732.912656000031,1.0774440000001406,1,1,1,1,1,1,41.165999999999144,2.159999999999741,100.69000000000008,97.86900000000026,166.90500000000128,8.949999999999932,28.394000000000318,121.69100000000051,104.98500000000038,4.861999999999824,75.71600000000021,1.0380000000000678,41.165999999999144,2.159999999999741,100.69000000000008,97.86900000000026,166.90500000000128,8.949999999999932,28.394000000000318,121.69100000000051,104.98500000000038,4.861999999999824,75.71600000000021,1.0380000000000678,0.1701074380165254,0.006409495548960655,0.31270186335403755,0.4967969543147221,1.6363235294117773,0.048641304347825716,0.117330578512398,0.3611008902077167,0.32604037267080865,0.024680203045684388,0.7423137254901981,0.005641304347826455,0.1701074380165254,-0.006409495548960655,-0.31270186335403755,0.4967969543147221,1.6363235294117773,-0.048641304347825716,-0.117330578512398,-0.3611008902077167,-0.32604037267080865,-0.024680203045684388,0.7423137254901981,0.005641304347826455,ML,SCP,SCP,ML,ML,ML,AutoTheta,x11 lineal,x11 lineal,AutoTheta,AutoTheta,AutoTheta,SCP,ML,ML,SCP,SCP,SCP,x11 lineal,AutoTheta,AutoTheta,x11 lineal,x11 lineal,x11 lineal,31.02560365349826,98.22501253174045,4.0910606277089885,95.0321347924268,54.63527156166704,88.40223463687066,483.0,738.8240000000017,554.8920000000004,255.8240000000016,71.89200000000045,273.72400000000147,81.6160000000001,37515.722686000474,5757.6291440000305,3,91.24133333333383,27.205333333333368,111.82683441523993,43.808785815937384,0.5667163561076635,0.16897722567287804,0.5296563146997962,0.14884472049689534,ML,AutoTheta,SCP,x11 lineal,70.18310414870466,901.0,839.3159999999993,645.9299999999988,-61.68400000000068,-255.07000000000122,144.01599999999897,255.07000000000122,11837.781255999944,26636.768942000224,3,48.00533333333299,85.02333333333374,62.81661472360091,94.22803712625421,0.159840177580465,0.2830965593784697,-0.06846170921198744,-0.2830965593784697,SCP,x11 lineal,ML,AutoTheta,43.53863645273914,1384.0,1578.1400000000008,1200.8219999999992,194.14000000000092,-183.17800000000076,417.74000000000046,336.68600000000134,49353.503942000425,32394.398086000252,6,69.6233333333334,56.114333333333555,90.69500532186656,73.47833930939586,0.3018352601156073,0.2432702312138738,0.14027456647398912,-0.1323540462427751,ML,AutoTheta,SCP,x11 lineal,19.40297792885504,2026-07-11 11:04:33.553,0,,
"8378,63,60,10664,1,6,Protea,Assorted,"""",,,MovingAverage3M,erratic_acceptable,erratic_acceptable_acceptable,acceptable,x11 lineal,x11 lineal,success,erratic_acceptable,COMPARABLE,1,1,1,58.0,1501.0,1023.0,1673.0,744.0,0.0,719.2009999999988,943.3590000000004,357.55900000000076,197.30100000000033,232.35100000000048,171.35500000000056,824.666999999998,824.6669999999997,824.6670000000022,742.7120000000004,742.7100000000038,742.7119999999977,661.2009999999988,-557.6409999999996,-665.4409999999992,-1475.6989999999996,-511.64899999999955,171.35500000000056,766.666999999998,-676.3330000000003,-198.3329999999978,-930.2879999999996,-1.289999999996212,742.7119999999977,661.2009999999988,557.6409999999996,665.4409999999992,1475.6989999999996,511.64899999999955,171.35500000000056,766.666999999998,676.3330000000003,198.3329999999978,930.2879999999996,1.289999999996212,742.7119999999977,437186.7624009984,310963.4848809996,442811.724480999,2177687.538600999,261784.69920099954,29362.53602500019,587778.2888889969,457426.3268890004,39335.97888899913,865435.7629439991,1.6640999999902268,551621.1149439967,1,1,1,1,1,0,661.2009999999988,557.6409999999996,665.4409999999992,1475.6989999999996,511.64899999999955,,766.666999999998,676.3330000000003,198.3329999999978,930.2879999999996,1.289999999996212,,661.2009999999988,557.6409999999996,665.4409999999992,1475.6989999999996,511.64899999999955,,766.666999999998,676.3330000000003,198.3329999999978,930.2879999999996,1.289999999996212,,11.40001724137929,0.37151299133910703,0.650479960899315,0.8820675433353256,0.6877002688172037,,13.218396551724103,0.4505882744836778,0.193873900293253,0.5560597728631199,0.001733870967736844,,11.40001724137929,-0.37151299133910703,-0.650479960899315,-0.8820675433353256,-0.6877002688172037,,13.218396551724103,-0.4505882744836778,-0.193873900293253,-0.5560597728631199,-0.001733870967736844,,SCP,SCP,ML,ML,ML,,x11 lineal,x11 lineal,MovingAverage3M,MovingAverage3M,MovingAverage3M,,ML,ML,SCP,SCP,SCP,,MovingAverage3M,MovingAverage3M,x11 lineal,x11 lineal,x11 lineal,,13.756428801552623,17.549343296867168,70.19525397443228,36.959501903843545,99.74787403083047,,2417.0,601.0070000000014,2228.134000000002,-1815.9929999999986,-188.86599999999805,2158.7029999999995,1674.2899999999936,2468834.7738269987,1417058.5419879956,2,1079.3514999999998,837.1449999999968,1111.0433776021075,841.7418077973779,0.8931332230037234,0.6927141083988388,-0.7513417459660731,-0.07814067025237818,ML,MovingAverage3M,SCP,x11 lineal,22.440002167968736,2582.0,2020.1189999999997,2474.0009999999997,-561.8810000000002,-107.99900000000014,1884.2829999999976,1641.332999999996,1190961.971762997,1084540.5946669965,3,628.0943333333325,547.1109999999986,630.0693008876079,601.2599533942581,0.7297765298218426,0.6356828040278838,-0.21761463981409768,-0.0418276529821844,ML,MovingAverage3M,SCP,x11 lineal,12.893498481916035,4999.0,2621.126000000001,4702.135000000002,-2377.873999999999,-296.8649999999984,4042.985999999997,3315.6229999999896,3659796.7455899958,2501599.136654992,5,808.5971999999995,663.1245999999979,855.5462285101836,707.3328971078599,0.8087589517903575,0.663257251450288,-0.47566993398679713,-0.05938487697539476,ML,MovingAverage3M,SCP,x11 lineal,17.990737539036935,2026-07-11 11:04:33.553,0,,"
"8379,63,60,10664,1,7,Protea,Bronze,"""",,,,,,,copy last year,copy last year,success,,NOT_COMPARABLE_MISSING_SCP_AND_ML,1,0,0,0.0,0.0,0.0,0.0,0.0,0.0,,,,,,,,,,,,,,,,,,,,,,,,,,,,,,,,,,,,,,,,,,,,,,,,,,,,,,,,,,,,,,,,,,,,,,,,,,,,,,,,,,,,,,,,,,,,,,,,,,,,,,,,,,,,,,,,,,,,,,,,,,,,,,,,,,,,,,,,,,,,,,,,,,,,,,,,,,,,,,,,,,,,,,,,,,,,,,,,,,,,,,,,,,,,,,,,,,,,,,,,,,2026-07-11 11:04:33.553,1,ShortSeries,NoForecastRowsMaterialized"
"8380,63,60,10664,1,8,Protea,White,""50-60cm"",,,,,,,copy last year,copy last year,success,,NOT_COMPARABLE_MISSING_SCP_AND_ML,1,0,0,0.0,0.0,0.0,0.0,0.0,0.0,,,,,,,,,,,,,,,,,,,,,,,,,,,,,,,,,,,,,,,,,,,,,,,,,,,,,,,,,,,,,,,,,,,,,,,,,,,,,,,,,,,,,,,,,,,,,,,,,,,,,,,,,,,,,,,,,,,,,,,,,,,,,,,,,,,,,,,,,,,,,,,,,,,,,,,,,,,,,,,,,,,,,,,,,,,,,,,,,,,,,,,,,,,,,,,,,,,,,,,,,,2026-07-11 11:04:33.553,1,ShortSeries,NoForecastRowsMaterialized"
8381,63,60,10664,1,9,Protea,Yellow,Select,,,TSB,lumpy_acceptable,lumpy_acceptable_acceptable,acceptable,copy last year,copy last year,success,lumpy_acceptable,COMPARABLE,1,1,1,47.0,132.0,76.0,80.0,60.0,66.0,9.972999999999994,7.248000000000001,1.054,0.0,0.0,0.0,78.671,78.671,78.67,166.10399999999998,166.10299999999998,166.104,-37.02700000000001,-124.752,-74.946,-80.0,-60.0,-66.0,31.671000000000006,-53.32899999999999,2.6700000000000017,86.10399999999998,106.10299999999998,100.10400000000001,37.02700000000001,124.752,74.946,80.0,60.0,66.0,31.671000000000006,53.32899999999999,2.6700000000000017,86.10399999999998,106.10299999999998,100.10400000000001,1370.9987290000006,15563.061504,5616.902916,6400.0,3600.0,4356.0,1003.0522410000004,2843.9822409999992,7.128900000000009,7413.898815999997,11257.846608999997,10020.810816000003,1,1,1,1,1,1,37.02700000000001,124.752,74.946,80.0,60.0,66.0,31.671000000000006,53.32899999999999,2.6700000000000017,86.10399999999998,106.10299999999998,100.10400000000001,37.02700000000001,124.752,74.946,80.0,60.0,66.0,31.671000000000006,53.32899999999999,2.6700000000000017,86.10399999999998,106.10299999999998,100.10400000000001,0.787808510638298,0.9450909090909091,0.9861315789473684,1.0,1.0,1.0,0.6738510638297873,0.40400757575757573,0.035131578947368444,1.0762999999999998,1.768383333333333,1.516727272727273,-0.787808510638298,-0.9450909090909091,-0.9861315789473684,-1.0,-1.0,-1.0,0.6738510638297873,-0.40400757575757573,0.035131578947368444,1.0762999999999998,1.768383333333333,1.516727272727273,ML,ML,ML,SCP,SCP,SCP,TSB,TSB,TSB,copy last year,copy last year,copy last year,SCP,SCP,SCP,ML,ML,ML,copy last year,copy last year,copy last year,TSB,TSB,TSB,14.46512004753289,57.251987944081066,96.43743495316627,7.089101551611988,43.45117480184348,34.0685686885639,206.0,0.0,498.311,-206.0,292.311,206.0,292.311,14356.0,28692.556240999995,3,68.66666666666667,97.437,69.17610377387074,97.79665338684481,1.0,1.4189854368932038,-1.0,1.4189854368932038,SCP,copy last year,ML,TSB,29.527113245823795,255.0,18.274999999999995,236.012,-236.725,-18.987999999999985,236.725,87.67,22550.963149,3854.1633819999997,3,78.90833333333333,29.223333333333333,86.7005635295027,35.843006672617925,0.9283333333333333,0.34380392156862744,-0.9283333333333333,-0.07446274509803916,ML,TSB,SCP,copy last year,62.96546625831662,461.0,18.274999999999995,734.323,-442.725,273.323,442.725,379.981,36906.963149,32546.719622999997,6,73.78750000000001,63.33016666666666,78.42933459384527,73.65088777808451,0.9603579175704989,0.8242537960954447,-0.9603579175704989,0.5928915401301518,ML,TSB,SCP,copy last year,14.1722288102095,2026-07-11 11:04:33.553,0,,NoForecastRowsMaterialized
"8382,63,60,10664,1,10,Roses,Lavender,"""",,,ADIDA,intermittent_acceptable,intermittent_acceptable_acceptable,acceptable,copy last year,copy last year,success,intermittent_acceptable,NOT_COMPARABLE_MISSING_SCP,1,0,1,0.0,0.0,0.0,0.0,0.0,0.0,,,,,,,0.859,0.859,0.86,0.747,0.747,0.747,,,,,,,,,,,,,,,,,,,,,,,,,,,,,,,,,,,,,,,,,,,,,,,,,,,,,,,,,,,,,,,,,,,,,,,,,,,,,,,,,,,,,,,,,,,,,,,,,,,,,,,,,,,,,,,,,,,,,,,,,,,,,,,,,,,,,,,,,,,,,,,,,,,,,,,,,,,,,,,,,,,,,,,,,,,,,,,,,,,,,,,,,,,,,,2026-07-11 11:04:33.553,0,,NoForecastRowsMaterialized"
"8383,63,60,10664,1,11,Roses,Lavender,""70-80cm"",,,MovingAverage3M,seasonal_discontinuous_acceptable,seasonal_discontinuous_acceptable_acceptable,acceptable,seasonal discrete,seasonal discrete,success,seasonal_discontinuous_acceptable,COMPARABLE,1,1,1,0.0,1349.0,45.0,200.0,500.0,0.0,15.423000000000002,453.93899999999985,112.24600000000001,73.22600000000016,1100.2169999999976,17.363000000000017,233.33299999999997,233.33399999999986,233.33300000000017,0.0,1350.0,0.0,15.423000000000002,-895.0610000000001,67.24600000000001,-126.77399999999984,600.2169999999976,17.363000000000017,233.33299999999997,-1115.6660000000002,188.33300000000017,-200.0,850.0,0.0,15.423000000000002,895.0610000000001,67.24600000000001,126.77399999999984,600.2169999999976,17.363000000000017,233.33299999999997,1115.6660000000002,188.33300000000017,200.0,850.0,0.0,237.86892900000007,801134.1937210002,4522.024516000001,16071.647075999961,360260.4470889971,301.4737690000006,54444.28888899999,1244710.6235560004,35469.31888900006,40000.0,722500.0,0.0,0,1,1,1,1,0,,895.0610000000001,67.24600000000001,126.77399999999984,600.2169999999976,,,1115.6660000000002,188.33300000000017,200.0,850.0,,,895.0610000000001,67.24600000000001,126.77399999999984,600.2169999999976,,,1115.6660000000002,188.33300000000017,200.0,850.0,,,0.6634996293550779,1.4943555555555557,0.6338699999999993,1.2004339999999951,,,0.8270318754633063,4.185177777777781,1.0,1.7,,,-0.6634996293550779,1.4943555555555557,-0.6338699999999993,1.2004339999999951,,,-0.8270318754633063,4.185177777777781,-1.0,1.7,,,SCP,SCP,SCP,SCP,,,seasonal discrete,seasonal discrete,seasonal discrete,seasonal discrete,,,ML,ML,ML,ML,,,MovingAverage3M,MovingAverage3M,MovingAverage3M,MovingAverage3M,,,19.773390961094094,64.29409609574532,36.61300000000007,29.386235294117935,,700.0,1190.8059999999978,1350.0,490.8059999999978,650.0,744.3539999999975,1050.0,376633.567933997,762500.0,2,372.17699999999877,525.0,433.9548178866073,617.4544517614235,1.0633628571428537,1.5,0.7011514285714254,0.9285714285714286,SCP,seasonal discrete,ML,MovingAverage3M,29.109142857143084,1394.0,581.6079999999998,700.0,-812.3920000000002,-694.0,977.7300000000001,1537.3320000000003,805894.0871660002,1334624.2313340004,2,488.86500000000007,768.6660000000002,634.7810989490787,816.8917404815647,0.7013845050215209,1.1028206599713057,-0.5827776183644191,-0.49784791965566716,SCP,seasonal discrete,ML,MovingAverage3M,36.400855508114056,2094.0,1772.4139999999977,2050.0,-321.58600000000246,-44.0,1722.0839999999976,2587.3320000000003,1182527.6550999973,2097124.2313340004,4,430.5209999999994,646.8330000000001,543.7204371503791,724.0725501173899,0.8223896848137524,1.2355931232091693,-0.15357497612225524,-0.021012416427889206,SCP,seasonal discrete,ML,MovingAverage3M,33.4417075195608,2026-07-11 11:04:33.553,0,,"
"8384,63,60,10664,1,12,Roses,Red,""90cm"",,,,,,,preserve current forecast,preserve current forecast,success,,NOT_COMPARABLE_MISSING_SCP_AND_ML,1,0,0,0.0,0.0,0.0,0.0,0.0,0.0,,,,,,,,,,,,,,,,,,,,,,,,,,,,,,,,,,,,,,,,,,,,,,,,,,,,,,,,,,,,,,,,,,,,,,,,,,,,,,,,,,,,,,,,,,,,,,,,,,,,,,,,,,,,,,,,,,,,,,,,,,,,,,,,,,,,,,,,,,,,,,,,,,,,,,,,,,,,,,,,,,,,,,,,,,,,,,,,,,,,,,,,,,,,,,,,,,,,,,,,,,2026-07-11 11:04:33.553,1,MissingHistory,NoForecastRowsMaterialized"
8385,63,60,10664,1,13,Alstroemeria,Assorted,Incredible,,,AutoARIMA,erratic_acceptable,erratic_acceptable_acceptable,acceptable,x11 lineal,x11 lineal,success,erratic_acceptable,COMPARABLE,1,1,1,325.0,482.0,518.0,660.0,566.0,501.0,368.17199999999934,689.2889999999996,379.19700000000165,359.1420000000001,471.4969999999994,343.97900000000055,893.8389999999993,815.0189999999999,736.1969999999995,432.16499999999866,445.7410000000014,466.4410000000006,43.17199999999934,207.28899999999965,-138.80299999999835,-300.8579999999999,-94.50300000000061,-157.02099999999945,568.8389999999993,333.0189999999999,218.19699999999955,-227.83500000000134,-120.2589999999986,-34.5589999999994,43.17199999999934,207.28899999999965,138.80299999999835,300.8579999999999,94.50300000000061,157.02099999999945,568.8389999999993,333.0189999999999,218.19699999999955,227.83500000000134,120.2589999999986,34.5589999999994,1863.8215839999434,42968.729520999856,19266.27280899954,90515.53616399993,8930.817009000115,24655.594440999826,323577.8079209992,110901.65436099992,47609.9308089998,51908.78722500061,14462.227080999663,1194.3244809999585,1,1,1,1,1,1,43.17199999999934,207.28899999999965,138.80299999999835,300.8579999999999,94.50300000000061,157.02099999999945,568.8389999999993,333.0189999999999,218.19699999999955,227.83500000000134,120.2589999999986,34.5589999999994,43.17199999999934,207.28899999999965,138.80299999999835,300.8579999999999,94.50300000000061,157.02099999999945,568.8389999999993,333.0189999999999,218.19699999999955,227.83500000000134,120.2589999999986,34.5589999999994,0.13283692307692105,0.430060165975103,0.26795945945945626,0.4558454545454544,0.16696643109540743,0.31341516966067756,1.7502738461538438,0.6909107883817425,0.42122972972972883,0.3452045454545475,0.21247173144876078,0.06898003992015848,0.13283692307692105,0.430060165975103,-0.26795945945945626,-0.4558454545454544,-0.16696643109540743,-0.31341516966067756,1.7502738461538438,0.6909107883817425,0.42122972972972883,-0.3452045454545475,-0.21247173144876078,-0.06898003992015848,SCP,SCP,SCP,ML,SCP,ML,x11 lineal,x11 lineal,x11 lineal,AutoARIMA,x11 lineal,AutoARIMA,ML,ML,ML,SCP,ML,SCP,AutoARIMA,AutoARIMA,AutoARIMA,x11 lineal,AutoARIMA,x11 lineal,92.41050631197942,37.75460259024268,36.3863847807263,24.271583271842058,21.417108075069883,77.99084198928836,1727.0,1174.618,1344.3470000000007,-552.382,-382.65299999999934,552.382,382.65299999999934,124101.94761399987,67565.33878700023,3,184.12733333333333,127.55099999999977,203.38956677109397,150.07258109217267,0.31985060799073534,0.22157093225246052,-0.31985060799073534,-0.22157093225246052,ML,AutoARIMA,SCP,x11 lineal,30.72674344927978,1325.0,1436.6580000000006,2445.0549999999985,111.65800000000064,1120.0549999999987,389.26399999999734,1120.0549999999987,64098.82391399934,482089.39309099887,3,129.75466666666577,373.35166666666623,146.17207201787824,400.86963512302384,0.2937841509433942,0.8453245283018858,0.08427018867924577,0.8453245283018858,SCP,x11 lineal,ML,AutoARIMA,65.24599238430274,3052.0,2611.2760000000007,3789.4019999999996,-440.7239999999993,737.4019999999992,941.6459999999972,1502.7079999999983,188200.7715279992,549654.7318779991,6,156.94099999999955,250.45133333333305,177.10673407486948,302.6699885678567,0.30853407601572647,0.4923682830930532,-0.14440498034075994,0.24161271297509804,SCP,x11 lineal,ML,AutoARIMA,37.336728093548565,2026-07-11 11:04:33.553,0,,
8386,63,60,10664,1,14,Anthurium,Red,Mini,,,,,,,preserve current forecast,preserve current forecast,success,,NOT_COMPARABLE_MISSING_SCP_AND_ML,1,0,0,0.0,0.0,0.0,0.0,0.0,0.0,,,,,,,,,,,,,,,,,,,,,,,,,,,,,,,,,,,,,,,,,,,,,,,,,,,,,,,,,,,,,,,,,,,,,,,,,,,,,,,,,,,,,,,,,,,,,,,,,,,,,,,,,,,,,,,,,,,,,,,,,,,,,,,,,,,,,,,,,,,,,,,,,,,,,,,,,,,,,,,,,,,,,,,,,,,,,,,,,,,,,,,,,,,,,,,,,,,,,,,,,,2026-07-11 11:04:33.553,1,MissingHistory,NoForecastRowsMaterialized
"8387,63,60,10664,1,18,Roses,Assorted,""70cm"",,,AutoTheta,smooth_acceptable,smooth_acceptable_acceptable,acceptable,x11 lineal,x11 lineal,success,smooth_acceptable,COMPARABLE,1,1,1,3987.0,5050.0,4300.0,4975.0,4250.0,4775.0,5128.9770000000035,5012.602999999999,5024.5989999999965,5308.378999999998,5088.026999999999,5282.886,5278.715999999998,5223.270000000002,5167.823000000002,5315.244999999998,5255.481,5195.716,1141.9770000000035,-37.397000000000844,724.5989999999965,333.3789999999981,838.0269999999991,507.8860000000004,1291.7159999999976,173.27000000000226,867.8230000000021,340.2449999999981,1005.4809999999998,420.71600000000035,1141.9770000000035,37.397000000000844,724.5989999999965,333.3789999999981,838.0269999999991,507.8860000000004,1291.7159999999976,173.27000000000226,867.8230000000021,340.2449999999981,1005.4809999999998,420.71600000000035,1304111.468529008,1398.5356090000632,525043.710800995,111141.55764099873,702289.2527289985,257948.18899600042,1668530.2246559937,30022.492900000783,753116.7593290037,115766.6600249987,1010992.0413609996,177001.9526560003,1,1,1,1,1,1,1141.9770000000035,37.397000000000844,724.5989999999965,333.3789999999981,838.0269999999991,507.8860000000004,1291.7159999999976,173.27000000000226,867.8230000000021,340.2449999999981,1005.4809999999998,420.71600000000035,1141.9770000000035,37.397000000000844,724.5989999999965,333.3789999999981,838.0269999999991,507.8860000000004,1291.7159999999976,173.27000000000226,867.8230000000021,340.2449999999981,1005.4809999999998,420.71600000000035,0.28642513167795425,0.007405346534653632,0.1685113953488364,0.0670108542713564,0.19718282352941155,0.10636356020942417,0.3239819413092545,0.034310891089109355,0.2018193023255819,0.06839095477386896,0.2365837647058823,0.0881080628272252,0.28642513167795425,-0.007405346534653632,0.1685113953488364,0.0670108542713564,0.19718282352941155,0.10636356020942417,0.3239819413092545,0.034310891089109355,0.2018193023255819,0.06839095477386896,0.2365837647058823,0.0881080628272252,SCP,SCP,SCP,SCP,SCP,ML,x11 lineal,x11 lineal,x11 lineal,x11 lineal,x11 lineal,AutoTheta,ML,ML,ML,ML,ML,SCP,AutoTheta,AutoTheta,AutoTheta,AutoTheta,AutoTheta,x11 lineal,11.5922540248781,78.4169215674956,16.50382624106589,2.017957648165292,16.654118774994327,17.163300425686074,14000.0,15679.291999999998,15766.442,1679.2919999999976,1766.4419999999982,1679.2919999999976,1766.4419999999982,1071378.9993659977,1303760.6540419986,3,559.7639999999992,588.8139999999994,597.6004795195527,659.232041606494,0.1199494285714284,0.12617442857142844,0.1199494285714284,0.12617442857142844,SCP,x11 lineal,ML,AutoTheta,4.93364627879096,13337.0,15166.179,15669.809000000001,1829.1789999999992,2332.809000000002,1903.9730000000009,2332.809000000002,1830553.714939003,2451669.4768849984,3,634.657666666667,777.6030000000006,781.1431185425206,904.0039595940198,0.142758716353003,0.17491257404213856,0.13715070855514727,0.17491257404213856,SCP,x11 lineal,ML,AutoTheta,18.38281659578648,27337.0,30845.470999999998,31436.251,3508.470999999997,4099.251,3583.2649999999985,4099.251,2901932.714305001,3755430.130926997,6,597.2108333333331,683.2085000000001,695.4534149633366,791.1415940406408,0.1310774774115667,0.1499524819841241,0.12834147858214132,0.1499524819841241,SCP,x11 lineal,ML,AutoTheta,12.587323879411175,2026-07-11 11:04:33.553,0,,"
"8388,63,60,10664,1,19,Roses,Dyed,""50cm"",,,MovingAverage3M,intermittent_insuficient,intermittent_insuficient_insuficient,insuficient,syntetos-boylan,syntetos-boylan,success,intermittent_insuficient,NOT_COMPARABLE_NO_HISTORY,1,1,1,0.0,0.0,0.0,0.0,0.0,0.0,199.999,0.001,199.99900000000002,199.9999999999999,0.0,0.0,0.0,0.0,0.0,0.0,474.9990000000003,0.0,,,,,,,,,,,,,,,,,,,,,,,,,,,,,,,,,,,,,,,,,,,,,,,,,,,,,,,,,,,,,,,,,,,,,,,,,,,,,,,,,,,,,,,,,,,,,,,,,,,,,,,,,,,,,,,,,,,,,,,,,,,,,,,,,,,,,,,,,,,,,,,,,,,,,,,,,,,,,,,,,,,,,,,,,,,,,,,,,,,,,,,,,,,,,,2026-07-11 11:04:33.553,0,,"
"8389,63,60,10664,1,20,Roses,Pink Hot,"""",,,,,,,preserve current forecast,preserve current forecast,success,,NOT_COMPARABLE_MISSING_SCP_AND_ML,1,0,0,0.0,0.0,0.0,0.0,0.0,0.0,,,,,,,,,,,,,,,,,,,,,,,,,,,,,,,,,,,,,,,,,,,,,,,,,,,,,,,,,,,,,,,,,,,,,,,,,,,,,,,,,,,,,,,,,,,,,,,,,,,,,,,,,,,,,,,,,,,,,,,,,,,,,,,,,,,,,,,,,,,,,,,,,,,,,,,,,,,,,,,,,,,,,,,,,,,,,,,,,,,,,,,,,,,,,,,,,,,,,,,,,,2026-07-11 11:04:33.553,1,MissingHistory,NoForecastRowsMaterialized"
8390,63,60,10664,1,21,Alstroemeria,Assorted,Perfection,,,SeasonalNaive,smooth_acceptable,smooth_acceptable_acceptable,acceptable,x11 lineal,x11 lineal,success,smooth_acceptable,COMPARABLE,1,1,1,849.0,1742.0,1411.0,1038.0,1236.0,1044.0,1034.2909999999997,1153.3759999999975,1279.9240000000048,1294.5520000000026,1207.633999999996,1043.3109999999974,1436.0000000000025,1368.0000000000043,1651.9990000000014,1619.999000000005,1424.000999999998,1067.9999999999984,185.2909999999997,-588.6240000000025,-131.07599999999525,256.55200000000264,-28.366000000004078,-0.6890000000025793,587.0000000000025,-373.9999999999957,240.9990000000014,581.999000000005,188.00099999999793,23.99999999999841,185.2909999999997,588.6240000000025,131.07599999999525,256.55200000000264,28.366000000004078,0.6890000000025793,587.0000000000025,373.9999999999957,240.9990000000014,581.999000000005,188.00099999999793,23.99999999999841,34332.7546809999,346478.21337600297,17180.917775998754,65818.92870400136,804.6299560002313,0.4747210000035543,344569.0000000029,139875.99999999677,58080.518001000666,338722.83600100584,35344.37600099922,575.9999999999236,1,1,1,1,1,1,185.2909999999997,588.6240000000025,131.07599999999525,256.55200000000264,28.366000000004078,0.6890000000025793,587.0000000000025,373.9999999999957,240.9990000000014,581.999000000005,188.00099999999793,23.99999999999841,185.2909999999997,588.6240000000025,131.07599999999525,256.55200000000264,28.366000000004078,0.6890000000025793,587.0000000000025,373.9999999999957,240.9990000000014,581.999000000005,188.00099999999793,23.99999999999841,0.21824617196701968,0.3379012629161897,0.09289581856838784,0.24715992292871158,0.022949838187705567,0.0006599616858262,0.6914016489988251,0.21469575200918237,0.17080014174344535,0.5606926782273651,0.15210436893203716,0.022988505747124913,0.21824617196701968,-0.3379012629161897,-0.09289581856838784,0.24715992292871158,-0.022949838187705567,-0.0006599616858262,0.6914016489988251,-0.21469575200918237,0.17080014174344535,0.5606926782273651,0.15210436893203716,0.022988505747124913,SCP,ML,SCP,SCP,SCP,SCP,x11 lineal,SeasonalNaive,x11 lineal,x11 lineal,x11 lineal,x11 lineal,ML,SCP,ML,ML,ML,ML,SeasonalNaive,x11 lineal,SeasonalNaive,SeasonalNaive,SeasonalNaive,SeasonalNaive,68.434241908007,36.461985919705256,45.61139257839473,55.91882460279134,84.91178238413391,97.12916666665573,3318.0,3545.4969999999958,4112.000000000002,227.49699999999598,794.0000000000014,285.6070000000093,794.0000000000014,66624.03338100159,374643.21200200496,3,95.20233333333643,264.66666666666714,149.02352541461542,353.38515909321234,0.08607805907173276,0.23930078360458149,0.06856449668474864,0.23930078360458149,SCP,x11 lineal,ML,SeasonalNaive,64.0293450881601,4002.0,3467.5910000000017,4455.999000000008,-534.4089999999981,453.9990000000082,904.9909999999975,1201.9989999999996,397991.88583300164,542525.5180010004,3,301.66366666666585,400.66633333333317,364.230643884248,425.2550285812818,0.22613468265867004,0.3003495752123937,-0.13353548225887008,0.11344302848575917,SCP,x11 lineal,ML,SeasonalNaive,24.709504750004132,7320.0,7013.087999999998,8567.999000000009,-306.9120000000021,1247.9990000000096,1190.5980000000068,1995.999000000001,464615.91921400325,917168.7300030052,6,198.43300000000113,332.66650000000016,278.2732228146776,390.9750055956274,0.16265000000000093,0.27267745901639356,-0.0419278688524593,0.17049166666666798,SCP,x11 lineal,ML,SeasonalNaive,40.35077171882319,2026-07-11 11:04:33.553,0,,
8391,63,60,10664,1,22,Alstroemeria,Pink Light,Premium,,,,,,,copy last year,copy last year,success,,NOT_COMPARABLE_MISSING_SCP_AND_ML,1,0,0,0.0,115.0,72.0,0.0,0.0,0.0,,,,,,,,,,,,,,,,,,,,,,,,,,,,,,,,,,,,,,,,,,,,,,,,,,,,,,,,,,,,,,,,,,,,,,,,,,,,,,,,,,,,,,,,,,,,,,,,,,,,,,,,,,,,,,,,,,,,,,,,,,,,,,,,,,,,,,,,,,,,,,,,,,,,,,,,,,,,,,,,,,,,,,,,,,,,,,,,,,,,,,,,,,,,,,,,,,,,,,,,,,2026-07-11 11:04:33.553,1,ShortSeries,NoForecastRowsMaterialized
8392,63,60,10664,1,23,Alstroemeria,Red,Fancy,,,,,,,preserve current forecast,preserve current forecast,success,,NOT_COMPARABLE_MISSING_SCP_AND_ML,1,0,0,0.0,0.0,0.0,0.0,0.0,0.0,,,,,,,,,,,,,,,,,,,,,,,,,,,,,,,,,,,,,,,,,,,,,,,,,,,,,,,,,,,,,,,,,,,,,,,,,,,,,,,,,,,,,,,,,,,,,,,,,,,,,,,,,,,,,,,,,,,,,,,,,,,,,,,,,,,,,,,,,,,,,,,,,,,,,,,,,,,,,,,,,,,,,,,,,,,,,,,,,,,,,,,,,,,,,,,,,,,,,,,,,,2026-07-11 11:04:33.553,1,MissingHistory,NoForecastRowsMaterialized
8393,63,60,10664,1,25,Alstroemeria,Spring Assorted,Super Select,,,SeasonalNaive,seasonal_discontinuous_acceptable,seasonal_discontinuous_acceptable_acceptable,acceptable,seasonal discrete,seasonal discrete,success,seasonal_discontinuous_acceptable,COMPARABLE,1,1,1,944.0,2442.0,1770.0,1292.0,0.0,0.0,1786.7909999999945,2735.6520000000037,2161.405,1235.3000000000059,0.0,0.0,1831.9990000000043,2944.000999999996,2156.0000000000045,1010.215,0.3140000000000002,2.9810000000000056,842.7909999999945,293.6520000000037,391.4050000000002,-56.699999999994134,0.0,0.0,887.9990000000043,502.0009999999961,386.00000000000455,-281.78499999999997,0.3140000000000002,2.9810000000000056,842.7909999999945,293.6520000000037,391.4050000000002,56.699999999994134,0.0,0.0,887.9990000000043,502.0009999999961,386.00000000000455,281.78499999999997,0.3140000000000002,2.9810000000000056,710296.6696809907,86231.49710400216,153197.87402500014,3214.8899999993346,0.0,0.0,788542.2240010077,252005.0040009961,148996.00000000352,79402.78622499999,0.09859600000000014,8.886361000000033,1,1,1,1,0,0,842.7909999999945,293.6520000000037,391.4050000000002,56.699999999994134,,,887.9990000000043,502.0009999999961,386.00000000000455,281.78499999999997,,,842.7909999999945,293.6520000000037,391.4050000000002,56.699999999994134,,,887.9990000000043,502.0009999999961,386.00000000000455,281.78499999999997,,,0.8927870762711806,0.12025061425061576,0.22113276836158202,0.04388544891640413,,,0.9406769067796656,0.20556961506961346,0.21807909604520032,0.21809984520123837,,,0.8927870762711806,0.12025061425061576,0.22113276836158202,-0.04388544891640413,,,0.9406769067796656,0.20556961506961346,0.21807909604520032,-0.21809984520123837,,,SCP,SCP,ML,SCP,,,seasonal discrete,seasonal discrete,SeasonalNaive,seasonal discrete,,,ML,ML,SCP,ML,,,SeasonalNaive,SeasonalNaive,seasonal discrete,SeasonalNaive,,,5.090996724096499,41.503702183859005,1.380922573803507,79.87827599056226,,,1292.0,1235.3000000000059,1013.51,-56.699999999994134,-278.48999999999995,56.699999999994134,285.08,3214.8899999993346,79411.77118199998,1,56.699999999994134,285.08,56.699999999994134,281.8009424789065,0.04388544891640413,0.2206501547987616,-0.04388544891640413,-0.21554953560371512,SCP,seasonal discrete,ML,SeasonalNaive,80.11084607829588,5156.0,6683.847999999999,6932.000000000005,1527.8479999999984,1776.000000000005,1527.8479999999984,1776.000000000005,949726.040809993,1189543.2280020074,3,509.2826666666661,592.0000000000017,562.6502883111892,629.6939012996731,0.29632428238944886,0.34445306439100176,0.29632428238944886,0.34445306439100176,SCP,seasonal discrete,ML,SeasonalNaive,13.972522522522866,6448.0,7919.148000000004,7945.510000000005,1471.1480000000042,1497.5100000000052,1584.5479999999925,2061.080000000005,952940.9308099924,1268954.9991840073,4,396.1369999999981,515.2700000000012,488.09346717867277,563.2395137026537,0.24574255583126434,0.3196464019851124,0.22815570719603043,0.23224410669975268,SCP,seasonal discrete,ML,SeasonalNaive,23.120499932074992,2026-07-11 11:04:33.553,0,,
8394,63,60,10664,1,26,Anthurium,Brown,Medium,,,,,,,preserve current forecast,preserve current forecast,success,,NOT_COMPARABLE_MISSING_SCP_AND_ML,1,0,0,0.0,0.0,0.0,0.0,0.0,0.0,,,,,,,,,,,,,,,,,,,,,,,,,,,,,,,,,,,,,,,,,,,,,,,,,,,,,,,,,,,,,,,,,,,,,,,,,,,,,,,,,,,,,,,,,,,,,,,,,,,,,,,,,,,,,,,,,,,,,,,,,,,,,,,,,,,,,,,,,,,,,,,,,,,,,,,,,,,,,,,,,,,,,,,,,,,,,,,,,,,,,,,,,,,,,,,,,,,,,,,,,,2026-07-11 11:04:33.553,1,MissingHistory,NoForecastRowsMaterialized
8395,63,60,10664,1,28,Anthurium,Pink,Small,,,HistoricAverage,smooth_acceptable,smooth_acceptable_acceptable,acceptable,x11 lineal,x11 lineal,success,smooth_acceptable,COMPARABLE,1,1,1,150.0,221.0,180.0,230.0,120.0,142.0,383.68400000000037,311.1450000000001,237.66100000000054,178.75400000000027,386.3680000000006,125.65000000000009,176.8569999999997,176.85699999999983,176.85799999999998,275.8340000000005,275.83200000000016,275.8339999999997,233.68400000000037,90.1450000000001,57.66100000000054,-51.245999999999725,266.3680000000006,-16.34999999999991,26.856999999999687,-44.14300000000017,-3.1420000000000243,45.834000000000515,155.83200000000016,133.83399999999972,233.68400000000037,90.1450000000001,57.66100000000054,51.245999999999725,266.3680000000006,16.34999999999991,26.856999999999687,44.14300000000017,3.1420000000000243,45.834000000000515,155.83200000000016,133.83399999999972,54608.21185600017,8126.121025000018,3324.7909210000626,2626.152515999972,70951.91142400033,267.32249999999704,721.2984489999832,1948.6044490000152,9.872164000000152,2100.7555560000474,24283.61222400005,17911.539555999923,1,1,1,1,1,1,233.68400000000037,90.1450000000001,57.66100000000054,51.245999999999725,266.3680000000006,16.34999999999991,26.856999999999687,44.14300000000017,3.1420000000000243,45.834000000000515,155.83200000000016,133.83399999999972,233.68400000000037,90.1450000000001,57.66100000000054,51.245999999999725,266.3680000000006,16.34999999999991,26.856999999999687,44.14300000000017,3.1420000000000243,45.834000000000515,155.83200000000016,133.83399999999972,1.5578933333333358,0.40789592760181037,0.3203388888888919,0.2228086956521727,2.2197333333333384,0.1151408450704219,0.17904666666666458,0.19974208144796457,0.01745555555555569,0.19927826086956746,1.2986000000000013,0.9424929577464769,1.5578933333333358,0.40789592760181037,0.3203388888888919,-0.2228086956521727,2.2197333333333384,-0.1151408450704219,0.17904666666666458,-0.19974208144796457,-0.01745555555555569,0.19927826086956746,1.2986000000000013,0.9424929577464769,ML,ML,ML,ML,ML,SCP,HistoricAverage,HistoricAverage,HistoricAverage,HistoricAverage,HistoricAverage,x11 lineal,SCP,SCP,SCP,SCP,SCP,ML,x11 lineal,x11 lineal,x11 lineal,x11 lineal,x11 lineal,HistoricAverage,88.5071292857022,51.0311165344721,94.55090962695758,10.560824259452906,41.497477174435446,87.78337343276003,492.0,690.772000000001,827.5000000000005,198.772000000001,335.5000000000004,333.9640000000003,335.5000000000004,73845.3864400003,44295.90733600002,3,111.32133333333343,111.83333333333347,156.89209289614766,121.51256085414931,0.6787886178861794,0.6819105691056918,0.4040081300813028,0.6819105691056918,SCP,x11 lineal,ML,HistoricAverage,0.4578241430700771,551.0,932.4900000000009,530.5719999999994,381.49000000000103,-20.42800000000051,381.49000000000103,74.14199999999988,66059.12380200025,2679.7750619999983,3,127.16333333333368,24.71399999999996,148.39039030206803,29.887428025843903,0.6923593466424701,0.1345589836660615,0.6923593466424701,-0.03707441016334031,ML,HistoricAverage,SCP,x11 lineal,80.56515242863517,1043.0,1623.262000000002,1358.0719999999997,580.262000000002,315.0719999999999,715.4540000000013,409.6420000000003,139904.51024200057,46975.68239800002,6,119.24233333333355,68.27366666666671,152.7004203454161,88.48322100639572,0.6859578139980838,0.39275359539789095,0.556339405560884,0.3020824544582933,ML,HistoricAverage,SCP,x11 lineal,42.743768292580725,2026-07-11 11:04:33.553,0,,
"8396,63,60,10664,1,29,Orchids,Purple,"""",,,MovingAverage3M,lumpy_acceptable,lumpy_acceptable_acceptable,acceptable,syntetos-boylan,syntetos-boylan,success,lumpy_acceptable,COMPARABLE,1,1,1,0.0,6.0,0.0,3.0,0.0,0.0,8.000000000000002,15.999999999999998,8.0,0.0,0.001,26.999000000000002,1.0,0.9990000000000001,1.0,5.167,5.167,5.167,8.000000000000002,9.999999999999998,8.0,-3.0,0.001,26.999000000000002,1.0,-5.0009999999999994,1.0,2.167,5.167,5.167,8.000000000000002,9.999999999999998,8.0,3.0,0.001,26.999000000000002,1.0,5.0009999999999994,1.0,2.167,5.167,5.167,64.00000000000003,99.99999999999997,64.0,9.0,0.000001,728.9460010000001,1.0,25.010000999999995,1.0,4.695888999999999,26.697888999999996,26.697888999999996,0,1,0,1,0,0,,9.999999999999998,,3.0,,,,5.0009999999999994,,2.167,,,,9.999999999999998,,3.0,,,,5.0009999999999994,,2.167,,,,1.6666666666666663,,1.0,,,,0.8334999999999999,,0.7223333333333333,,,,1.6666666666666663,,-1.0,,,,-0.8334999999999999,,0.7223333333333333,,,,ML,,ML,,,,MovingAverage3M,,MovingAverage3M,,,,SCP,,SCP,,,,syntetos-boylan,,syntetos-boylan,,,,49.989999999999995,,27.766666666666673,,,3.0,27.000000000000004,15.501,24.000000000000004,12.501,30.000000000000004,12.501,737.9460020000001,58.091666999999994,1,30.000000000000004,12.501,27.165161549307967,7.621788963229039,10.000000000000002,4.167,8.000000000000002,4.167,ML,MovingAverage3M,SCP,syntetos-boylan,58.330000000000005,6.0,32.0,2.999,26.0,-3.0009999999999994,26.0,7.0009999999999994,228.0,27.010000999999995,1,26.0,7.0009999999999994,15.0996688705415,5.197114680281742,4.333333333333333,1.1668333333333332,4.333333333333333,-0.5001666666666665,ML,MovingAverage3M,SCP,syntetos-boylan,73.07307692307693,9.0,59.0,18.5,50.0,9.5,56.0,19.502,965.9460020000001,85.10166799999999,2,28.0,9.751,21.976646718733047,6.523100029893762,6.222222222222222,2.166888888888889,5.555555555555555,1.0555555555555556,ML,MovingAverage3M,SCP,syntetos-boylan,65.17500000000001,2026-07-11 11:04:33.553,0,,"
8397,63,60,10664,1,30,Protea,Assorted,Select,,,,,,,preserve current forecast,preserve current forecast,success,,NOT_COMPARABLE_MISSING_SCP_AND_ML,1,0,0,0.0,0.0,0.0,0.0,0.0,0.0,,,,,,,,,,,,,,,,,,,,,,,,,,,,,,,,,,,,,,,,,,,,,,,,,,,,,,,,,,,,,,,,,,,,,,,,,,,,,,,,,,,,,,,,,,,,,,,,,,,,,,,,,,,,,,,,,,,,,,,,,,,,,,,,,,,,,,,,,,,,,,,,,,,,,,,,,,,,,,,,,,,,,,,,,,,,,,,,,,,,,,,,,,,,,,,,,,,,,,,,,,2026-07-11 11:04:33.553,1,MissingHistory,NoForecastRowsMaterialized
"8398,63,60,10664,1,32,Protea,Orange Light,""30-40cm"",,,,,,,preserve current forecast,preserve current forecast,success,,NOT_COMPARABLE_MISSING_SCP_AND_ML,1,0,0,0.0,0.0,0.0,0.0,0.0,0.0,,,,,,,,,,,,,,,,,,,,,,,,,,,,,,,,,,,,,,,,,,,,,,,,,,,,,,,,,,,,,,,,,,,,,,,,,,,,,,,,,,,,,,,,,,,,,,,,,,,,,,,,,,,,,,,,,,,,,,,,,,,,,,,,,,,,,,,,,,,,,,,,,,,,,,,,,,,,,,,,,,,,,,,,,,,,,,,,,,,,,,,,,,,,,,,,,,,,,,,,,,2026-07-11 11:04:33.553,1,MissingHistory,NoForecastRowsMaterialized"
"8399,63,60,10664,1,34,Protea,Red/Green,"""",,,AutoTheta,seasonal_discontinuous_acceptable,seasonal_discontinuous_acceptable_acceptable,acceptable,seasonal discrete,seasonal discrete,success,seasonal_discontinuous_acceptable,COMPARABLE,1,1,1,1.0,22.0,13.0,0.0,0.0,0.0,0.3170000000000001,8.046000000000003,6.4449999999999985,0.2930000000000002,123.30500000000015,114.26700000000024,0.022000000000000013,0.02100000000000001,0.02100000000000001,0.0,0.001,0.9230000000000007,-0.6829999999999998,-13.953999999999997,-6.5550000000000015,0.2930000000000002,123.30500000000015,114.26700000000024,-0.978,-21.979,-12.979,0.0,0.001,0.9230000000000007,0.6829999999999998,13.953999999999997,6.5550000000000015,0.2930000000000002,123.30500000000015,114.26700000000024,0.978,21.979,12.979,0.0,0.001,0.9230000000000007,0.46648899999999976,194.7141159999999,42.96802500000002,0.08584900000000012,15204.123025000037,13056.947289000054,0.956484,483.076441,168.45444099999997,0.0,0.000001,0.8519290000000013,1,1,1,0,0,0,0.6829999999999998,13.953999999999997,6.5550000000000015,,,,0.978,21.979,12.979,,,,0.6829999999999998,13.953999999999997,6.5550000000000015,,,,0.978,21.979,12.979,,,,0.6829999999999998,0.6342727272727271,0.5042307692307694,,,,0.978,0.9990454545454545,0.9983846153846153,,,,-0.6829999999999998,-0.6342727272727271,-0.5042307692307694,,,,-0.978,-0.9990454545454545,-0.9983846153846153,,,,SCP,SCP,SCP,,,,seasonal discrete,seasonal discrete,seasonal discrete,,,,ML,ML,ML,,,,AutoTheta,AutoTheta,AutoTheta,,,,30.16359918200411,36.512125210428145,49.49533862393095,,,,0.0,237.8650000000004,0.9240000000000007,237.8650000000004,0.9240000000000007,237.8650000000004,0.9240000000000007,28261.15616300009,0.8519300000000013,0,,,,,,,,,,,,,,36.0,14.808000000000002,0.06400000000000003,-21.192,-35.936,21.192,35.936,238.1486299999999,652.4873660000001,3,7.064,11.978666666666667,8.909706878829777,14.747738425489743,0.5886666666666667,0.9982222222222222,-0.5886666666666667,-0.9982222222222222,SCP,seasonal discrete,ML,AutoTheta,41.02849510240427,36.0,252.6730000000004,0.9880000000000008,216.6730000000004,-35.012,259.05700000000036,36.86,28499.30479300009,653.339296,3,86.35233333333345,12.286666666666667,97.46675466195313,14.757363088754486,7.196027777777788,1.0238888888888888,6.0186944444444554,-0.9725555555555556,ML,AutoTheta,SCP,seasonal discrete,85.77147114341633,2026-07-11 11:04:33.553,0,,"
"8400,63,60,10664,1,35,Roses,Asst Color/Red,""60cm"",,,,,,,preserve current forecast,preserve current forecast,success,,NOT_COMPARABLE_MISSING_SCP_AND_ML,1,0,0,0.0,0.0,0.0,0.0,0.0,0.0,,,,,,,,,,,,,,,,,,,,,,,,,,,,,,,,,,,,,,,,,,,,,,,,,,,,,,,,,,,,,,,,,,,,,,,,,,,,,,,,,,,,,,,,,,,,,,,,,,,,,,,,,,,,,,,,,,,,,,,,,,,,,,,,,,,,,,,,,,,,,,,,,,,,,,,,,,,,,,,,,,,,,,,,,,,,,,,,,,,,,,,,,,,,,,,,,,,,,,,,,,2026-07-11 11:04:33.553,1,MissingHistory,NoForecastRowsMaterialized"
"8401,63,60,10664,1,38,Roses,Salmon,""70-80cm"",,,HistoricAverage,intermittent_acceptable,intermittent_acceptable_acceptable,acceptable,copy last year,copy last year,success,intermittent_acceptable,NOT_COMPARABLE_MISSING_SCP,1,0,1,0.0,0.0,0.0,0.0,0.0,0.0,,,,,,,64.47399999999998,64.474,64.47300000000001,69.99900000000005,70.00099999999996,69.99999999999993,,,,,,,,,,,,,,,,,,,,,,,,,,,,,,,,,,,,,,,,,,,,,,,,,,,,,,,,,,,,,,,,,,,,,,,,,,,,,,,,,,,,,,,,,,,,,,,,,,,,,,,,,,,,,,,,,,,,,,,,,,,,,,,,,,,,,,,,,,,,,,,,,,,,,,,,,,,,,,,,,,,,,,,,,,,,,,,,,,,,,,,,,,,,,,2026-07-11 11:04:33.553,0,,NoForecastRowsMaterialized"
8402,63,60,10664,1,39,Alstroemeria,Lavender,Perfection,,,MovingAverage3M,lumpy_insuficient,lumpy_insuficient_insuficient,insuficient,preserve current forecast,preserve current forecast,success,lumpy_insuficient,NOT_COMPARABLE_MISSING_SCP,1,0,1,0.0,0.0,0.0,0.0,0.0,0.0,,,,,,,0.0,0.0,0.0,0.8639999999999999,0.864,0.865,,,,,,,,,,,,,,,,,,,,,,,,,,,,,,,,,,,,,,,,,,,,,,,,,,,,,,,,,,,,,,,,,,,,,,,,,,,,,,,,,,,,,,,,,,,,,,,,,,,,,,,,,,,,,,,,,,,,,,,,,,,,,,,,,,,,,,,,,,,,,,,,,,,,,,,,,,,,,,,,,,,,,,,,,,,,,,,,,,,,,,,,,,,,,,2026-07-11 11:04:33.553,0,,NoForecastRowsMaterialized
8403,63,60,10664,1,40,Alstroemeria,Pink Hot,Incredible,,,ADIDA,intermittent_acceptable,intermittent_acceptable_acceptable,acceptable,syntetos-boylan,syntetos-boylan,success,intermittent_acceptable,COMPARABLE,1,1,1,0.0,0.0,0.0,24.0,12.0,0.0,0.055000000000000035,0.06700000000000003,0.08500000000000005,0.22500000000000006,0.1780000000000001,3.7469999999999986,4.289,4.29,4.287000000000002,5.156999999999999,5.1579999999999995,5.1560000000000015,0.055000000000000035,0.06700000000000003,0.08500000000000005,-23.775,-11.822,3.7469999999999986,4.289,4.29,4.287000000000002,-18.843,-6.8420000000000005,5.1560000000000015,0.055000000000000035,0.06700000000000003,0.08500000000000005,23.775,11.822,3.7469999999999986,4.289,4.29,4.287000000000002,18.843,6.8420000000000005,5.1560000000000015,0.003025000000000004,0.004489000000000004,0.007225000000000008,565.2506249999999,139.759684,14.040008999999989,18.395521,18.4041,18.378369000000014,355.058649,46.81296400000001,26.584336000000015,0,0,0,1,1,0,,,,23.775,11.822,,,,,18.843,6.8420000000000005,,,,,23.775,11.822,,,,,18.843,6.8420000000000005,,,,,0.990625,0.9851666666666666,,,,,0.785125,0.5701666666666667,,,,,-0.990625,-0.9851666666666666,,,,,-0.785125,-0.5701666666666667,,,,,ML,ML,,,,,ADIDA,ADIDA,,,,,SCP,SCP,,,,,syntetos-boylan,syntetos-boylan,,,,,20.74447949526814,42.1248519709017,,36.0,4.149999999999999,15.471,-31.85,-20.529,39.343999999999994,30.841,719.0503179999998,428.45594900000003,2,19.671999999999997,15.4205,18.961148673010292,14.636528772219185,1.0928888888888888,0.8566944444444444,-0.8847222222222223,-0.57025,ML,ADIDA,SCP,syntetos-boylan,21.611935746238302,0.0,0.20700000000000013,12.866000000000001,0.20700000000000013,12.866000000000001,0.20700000000000013,12.866000000000001,0.014739000000000016,55.17799000000001,0,,,,,,,,,,,,,,36.0,4.356999999999999,28.337000000000007,-31.643,-7.662999999999996,39.551,43.707,719.0650569999998,483.63393900000005,2,19.7755,21.8535,18.9613430035955,15.55046525027467,1.098638888888889,1.2140833333333334,-0.8789722222222223,-0.212861111111111,SCP,syntetos-boylan,ML,ADIDA,9.508774338206695,2026-07-11 11:04:33.553,0,,
8404,63,60,10664,1,41,Alstroemeria,Red,Select,,,AutoARIMA,erratic_acceptable,erratic_acceptable_acceptable,acceptable,x11 lineal,x11 lineal,success,erratic_acceptable,COMPARABLE,1,1,1,152.0,115.0,115.0,115.0,402.0,147.0,232.72699999999895,43.419000000000025,76.77400000000014,3.2109999999999834,673.8199999999997,55.473000000000035,233.81699999999995,144.39999999999978,183.00399999999996,367.83800000000207,355.1560000000001,322.9680000000007,80.72699999999895,-71.58099999999997,-38.22599999999986,-111.78900000000002,271.8199999999997,-91.52699999999996,81.81699999999995,29.39999999999978,68.00399999999996,252.83800000000207,-46.84399999999988,175.9680000000007,80.72699999999895,71.58099999999997,38.22599999999986,111.78900000000002,271.8199999999997,91.52699999999996,81.81699999999995,29.39999999999978,68.00399999999996,252.83800000000207,46.84399999999988,175.9680000000007,6516.848528999831,5123.839560999996,1461.227075999989,12496.780521000004,73886.11239999984,8377.191728999993,6694.021488999992,864.3599999999869,4624.544015999995,63927.05424400105,2194.360335999989,30964.737024000246,1,1,1,1,1,1,80.72699999999895,71.58099999999997,38.22599999999986,111.78900000000002,271.8199999999997,91.52699999999996,81.81699999999995,29.39999999999978,68.00399999999996,252.83800000000207,46.84399999999988,175.9680000000007,80.72699999999895,71.58099999999997,38.22599999999986,111.78900000000002,271.8199999999997,91.52699999999996,81.81699999999995,29.39999999999978,68.00399999999996,252.83800000000207,46.84399999999988,175.9680000000007,0.5310986842105194,0.6224434782608693,0.33239999999999875,0.9720782608695654,0.676169154228855,0.6226326530612242,0.5382697368421049,0.25565217391304157,0.5913391304347823,2.198591304347844,0.1165273631840793,1.1970612244898007,0.5310986842105194,-0.6224434782608693,-0.33239999999999875,-0.9720782608695654,0.676169154228855,-0.6226326530612242,0.5382697368421049,0.25565217391304157,0.5913391304347823,2.198591304347844,-0.1165273631840793,1.1970612244898007,SCP,ML,SCP,SCP,ML,SCP,x11 lineal,AutoARIMA,x11 lineal,x11 lineal,AutoARIMA,x11 lineal,ML,SCP,ML,ML,SCP,ML,AutoARIMA,x11 lineal,AutoARIMA,AutoARIMA,x11 lineal,AutoARIMA,1.3322414657112713,58.927648398318276,43.788600670548966,55.78631376612729,82.76653667868446,47.98656573922555,664.0,732.5039999999998,1045.962000000003,68.50399999999973,381.9620000000029,475.1359999999996,475.65000000000265,94760.08464999984,97086.15160400128,3,158.37866666666653,158.5500000000009,177.72646084174772,179.8945539327611,0.7155662650602403,0.7163403614457872,0.10316867469879479,0.5752439759036188,SCP,x11 lineal,ML,AutoARIMA,0.10806265110965722,382.0,352.9199999999991,561.2209999999998,-29.08000000000088,179.2209999999997,190.5339999999988,179.2209999999997,13101.915165999817,12182.925504999974,3,63.511333333332935,59.74033333333323,66.08558886272613,63.725781033529316,0.49878010471203876,0.4691649214659678,-0.07612565445026408,0.4691649214659678,ML,AutoARIMA,SCP,x11 lineal,5.937522961780673,1046.0,1085.4239999999988,1607.1830000000027,39.42399999999887,561.1830000000026,665.6699999999984,654.8710000000024,107861.99981599966,109269.07710900126,6,110.94499999999972,109.14516666666707,134.0783351975004,134.95003835308907,0.6363957934990424,0.6260717017208436,0.0376902485659645,0.5365038240917807,ML,AutoARIMA,SCP,x11 lineal,1.6222753015752538,2026-07-11 11:04:33.553,0,,
8405,63,60,10664,1,42,Alstroemeria,Spring Assorted,Incredible,,,SeasonalNaive,lumpy_insuficient,lumpy_insuficient_insuficient,insuficient,syntetos-boylan,syntetos-boylan,success,lumpy_insuficient,COMPARABLE,1,1,1,0.0,0.0,6.0,12.0,0.0,0.0,0.0,0.0,0.0,53.39900000000001,0.0,0.0,0.0,0.0,18.000999999999994,22.033,0.0,0.0,0.0,0.0,-6.0,41.39900000000001,0.0,0.0,0.0,0.0,12.000999999999994,10.033000000000001,0.0,0.0,0.0,0.0,6.0,41.39900000000001,0.0,0.0,0.0,0.0,12.000999999999994,10.033000000000001,0.0,0.0,0.0,0.0,36.0,1713.8772010000007,0.0,0.0,0.0,0.0,144.02400099999986,100.66108900000002,0.0,0.0,0,0,1,1,0,0,,,6.0,41.39900000000001,,,,,12.000999999999994,10.033000000000001,,,,,6.0,41.39900000000001,,,,,12.000999999999994,10.033000000000001,,,,,1.0,3.449916666666667,,,,,2.0001666666666655,0.8360833333333334,,,,,-1.0,3.449916666666667,,,,,2.0001666666666655,0.8360833333333334,,,,,SCP,ML,,,,,syntetos-boylan,SeasonalNaive,,,,,ML,SCP,,,,,SeasonalNaive,syntetos-boylan,,,,,50.004166319473356,75.76511509939854,,,12.0,53.39900000000001,22.033,41.39900000000001,10.033000000000001,41.39900000000001,10.033000000000001,1713.8772010000007,100.66108900000002,1,41.39900000000001,10.033000000000001,41.39900000000001,10.033000000000001,3.449916666666667,0.8360833333333334,3.449916666666667,0.8360833333333334,ML,SeasonalNaive,SCP,syntetos-boylan,75.76511509939854,6.0,0.0,18.000999999999994,-6.0,12.000999999999994,6.0,12.000999999999994,36.0,144.02400099999986,1,6.0,12.000999999999994,6.0,12.000999999999994,1.0,2.0001666666666655,-1.0,2.0001666666666655,SCP,syntetos-boylan,ML,SeasonalNaive,50.004166319473356,18.0,53.39900000000001,40.03399999999999,35.39900000000001,22.033999999999995,47.39900000000001,22.033999999999995,1749.8772010000007,244.6850899999999,2,23.699500000000004,11.016999999999998,29.579361056317637,11.060856431578884,2.6332777777777783,1.224111111111111,1.9666111111111115,1.224111111111111,ML,SeasonalNaive,SCP,syntetos-boylan,53.513787210700656,2026-07-11 11:04:33.553,0,,NoForecastRowsMaterialized
8406,63,60,10664,1,45,Orchids,Green,Super,,,MovingAverage12M,smooth_acceptable,smooth_acceptable_acceptable,acceptable,x11 lineal,x11 lineal,success,smooth_acceptable,COMPARABLE,1,1,1,81.0,94.0,115.0,68.0,64.0,77.0,78.97199999999995,106.73700000000028,67.49199999999983,77.38600000000002,69.03200000000018,68.81200000000004,79.68000000000006,79.67900000000019,79.681,88.39100000000005,76.4089999999999,77.32900000000006,-2.0280000000000484,12.737000000000279,-47.508000000000166,9.386000000000024,5.032000000000181,-8.18799999999996,-1.3199999999999363,-14.320999999999813,-35.319,20.391000000000048,12.408999999999907,0.3290000000000646,2.0280000000000484,12.737000000000279,47.508000000000166,9.386000000000024,5.032000000000181,8.18799999999996,1.3199999999999363,14.320999999999813,35.319,20.391000000000048,12.408999999999907,0.3290000000000646,4.112784000000197,162.2311690000071,2257.010064000016,88.09699600000046,25.321024000001824,67.04334399999934,1.7423999999998319,205.09104099999465,1247.4317610000003,415.79288100000196,153.98328099999767,0.10824100000004248,1,1,1,1,1,1,2.0280000000000484,12.737000000000279,47.508000000000166,9.386000000000024,5.032000000000181,8.18799999999996,1.3199999999999363,14.320999999999813,35.319,20.391000000000048,12.408999999999907,0.3290000000000646,2.0280000000000484,12.737000000000279,47.508000000000166,9.386000000000024,5.032000000000181,8.18799999999996,1.3199999999999363,14.320999999999813,35.319,20.391000000000048,12.408999999999907,0.3290000000000646,0.025037037037037635,0.13550000000000298,0.41311304347826233,0.13802941176470623,0.07862500000000283,0.10633766233766181,0.01629629629629551,0.15235106382978525,0.3071217391304348,0.29986764705882424,0.19389062499999854,0.004272727272728111,-0.025037037037037635,0.13550000000000298,-0.41311304347826233,0.13802941176470623,0.07862500000000283,-0.10633766233766181,-0.01629629629629551,-0.15235106382978525,-0.3071217391304348,0.29986764705882424,0.19389062499999854,0.004272727272728111,ML,SCP,ML,SCP,SCP,ML,MovingAverage12M,x11 lineal,MovingAverage12M,x11 lineal,x11 lineal,MovingAverage12M,SCP,ML,SCP,ML,ML,SCP,x11 lineal,MovingAverage12M,x11 lineal,MovingAverage12M,MovingAverage12M,x11 lineal,34.91124260355499,11.06068012010023,25.656731497853258,53.96988867637682,59.44878717060021,95.9819247679523,209.0,215.23000000000025,242.12900000000002,6.230000000000246,33.12900000000002,22.606000000000165,33.12900000000002,180.46136400000162,569.8844029999997,3,7.535333333333388,11.043000000000006,7.755887312229371,13.782650966583553,0.10816267942583811,0.15851196172248813,0.02980861244019256,0.15851196172248813,SCP,x11 lineal,ML,MovingAverage12M,31.76371155181215,290.0,253.20100000000005,239.04000000000025,-36.798999999999936,-50.95999999999975,62.27300000000049,50.95999999999975,2423.3540170000233,1454.2652019999948,3,20.757666666666832,16.986666666666583,28.421552954287016,22.01715393354308,0.2147344827586224,0.17572413793103364,-0.12689310344827565,-0.17572413793103364,ML,MovingAverage12M,SCP,x11 lineal,18.166781751321835,499.0,468.43100000000027,481.1690000000002,-30.56899999999969,-17.830999999999733,84.87900000000066,84.08899999999977,2603.815381000025,2024.1496049999946,6,14.14650000000011,14.014833333333295,20.83192814327735,18.36731519574919,0.1700981963927869,0.16851503006011978,-0.06126052104208355,-0.0357334669338672,ML,MovingAverage12M,SCP,x11 lineal,0.9307366957679558,2026-07-11 11:04:33.553,0,,
"8407,63,60,10664,1,47,Protea,Peach-Orange,""40cm"",,,,,,,preserve current forecast,preserve current forecast,success,,NOT_COMPARABLE_MISSING_SCP_AND_ML,1,0,0,0.0,0.0,0.0,0.0,0.0,0.0,,,,,,,,,,,,,,,,,,,,,,,,,,,,,,,,,,,,,,,,,,,,,,,,,,,,,,,,,,,,,,,,,,,,,,,,,,,,,,,,,,,,,,,,,,,,,,,,,,,,,,,,,,,,,,,,,,,,,,,,,,,,,,,,,,,,,,,,,,,,,,,,,,,,,,,,,,,,,,,,,,,,,,,,,,,,,,,,,,,,,,,,,,,,,,,,,,,,,,,,,,2026-07-11 11:04:33.553,1,MissingHistory,NoForecastRowsMaterialized"
"8408,63,60,10664,1,49,Roses,Assorted,""60cm"",,,AutoTheta,smooth_acceptable,smooth_acceptable_acceptable,acceptable,x11 lineal,x11 lineal,success,smooth_acceptable,COMPARABLE,1,1,1,58401.0,96898.0,75394.0,88313.0,82942.0,67817.0,73698.19099999996,98928.55700000009,73805.264,71689.69000000003,93767.9089999999,73743.25699999985,74156.03100000035,98995.32599999796,78834.37800000106,75775.85499999889,102882.77900000077,82025.46400000111,15297.190999999963,2030.557000000088,-1588.7360000000044,-16623.30999999997,10825.908999999898,5926.256999999852,15755.031000000352,2097.3259999979637,3440.3780000010593,-12537.14500000111,19940.779000000766,14208.464000001113,15297.190999999963,2030.557000000088,1588.7360000000044,16623.30999999997,10825.908999999898,5926.256999999852,15755.031000000352,2097.3259999979637,3440.3780000010593,12537.14500000111,19940.779000000766,14208.464000001113,234004052.49047986,4123161.7302493574,2524082.077696014,276334435.35609895,117200305.67627878,35120522.030047245,248221001.8109721,4398776.350267459,11836200.782891288,157180004.75105283,397634667.1268716,201880449.23932764,1,1,1,1,1,1,15297.190999999963,2030.557000000088,1588.7360000000044,16623.30999999997,10825.908999999898,5926.256999999852,15755.031000000352,2097.3259999979637,3440.3780000010593,12537.14500000111,19940.779000000766,14208.464000001113,15297.190999999963,2030.557000000088,1588.7360000000044,16623.30999999997,10825.908999999898,5926.256999999852,15755.031000000352,2097.3259999979637,3440.3780000010593,12537.14500000111,19940.779000000766,14208.464000001113,0.26193371688840883,0.020955613118950733,0.021072446083242758,0.18823174391086214,0.13052384799016056,0.08738600940766847,0.26977330867622734,0.021644677908707752,0.04563198663024988,0.14196262158460374,0.24041835258374245,0.2095118333161466,0.26193371688840883,0.020955613118950733,-0.021072446083242758,-0.18823174391086214,0.13052384799016056,0.08738600940766847,0.26977330867622734,0.021644677908707752,0.04563198663024988,-0.14196262158460374,0.24041835258374245,0.2095118333161466,SCP,SCP,SCP,ML,SCP,SCP,x11 lineal,x11 lineal,x11 lineal,AutoTheta,x11 lineal,x11 lineal,ML,ML,ML,SCP,ML,ML,AutoTheta,AutoTheta,AutoTheta,x11 lineal,AutoTheta,AutoTheta,2.9059923779291745,3.1835298850984795,53.82088828612683,24.58093484389611,45.70969870334814,58.29065689296613,239072.0,239200.85599999977,260684.09800000075,128.8559999997815,21612.09800000077,33375.47599999972,46686.38800000299,428655263.062425,756695121.1172521,3,11125.158666666573,15562.12933333433,11953.45505230496,15881.804275304617,0.13960428657475454,0.19528170592960695,0.0005389840717432,0.09039995482532781,SCP,x11 lineal,ML,AutoTheta,28.511333967413417,230693.0,246432.01200000005,251985.7349999994,15739.012000000046,21292.734999999375,18916.484000000055,21292.734999999375,240651296.29842523,264455978.94413084,3,6305.494666666685,7097.578333333125,8956.399877525664,9388.92927768534,0.08199851751028447,0.09229900777223138,0.06822492229933308,0.09229900777223138,SCP,x11 lineal,ML,AutoTheta,11.159914402726503,469765.0,485632.8679999998,512669.8330000001,15867.867999999828,42904.833000000144,52291.95999999977,67979.12300000236,669306559.3608503,1021151100.0613829,6,8715.32666666663,11329.853833333727,10561.775098287617,13045.7598479441,0.11131514693516924,0.14470878630805267,0.03377831043181128,0.09133254499590251,SCP,x11 lineal,ML,AutoTheta,23.076442160046756,2026-07-11 11:04:33.553,0,,"
"8409,63,60,10664,1,50,Roses,Bicolor,""60cm"",,,AutoETS,smooth_acceptable,smooth_acceptable_acceptable,acceptable,x11 lineal,x11 lineal,success,smooth_acceptable,COMPARABLE,1,1,1,3546.0,8491.0,5169.0,5145.0,13720.0,2810.0,7669.751000000014,14479.965000000215,6999.531999999969,8217.87599999999,17319.328000000125,5605.42700000005,7013.169999999989,13930.056000000031,6081.725999999995,6532.976000000033,14010.239999999996,3712.611999999997,4123.751000000014,5988.965000000215,1830.5319999999692,3072.8759999999893,3599.328000000125,2795.4270000000497,3467.169999999989,5439.056000000031,912.7259999999951,1387.9760000000333,290.23999999999614,902.6119999999969,4123.751000000014,5988.965000000215,1830.5319999999692,3072.8759999999893,3599.328000000125,2795.4270000000497,3467.169999999989,5439.056000000031,912.7259999999951,1387.9760000000333,290.23999999999614,902.6119999999969,17005322.310001113,35867701.771227576,3350847.4030238874,9442566.911375934,12955162.0515849,7814412.112329278,12021267.808899924,29583330.171136342,833068.7510759911,1926477.3765760926,84239.25759999776,814708.4225439944,1,1,1,1,1,1,4123.751000000014,5988.965000000215,1830.5319999999692,3072.8759999999893,3599.328000000125,2795.4270000000497,3467.169999999989,5439.056000000031,912.7259999999951,1387.9760000000333,290.23999999999614,902.6119999999969,4123.751000000014,5988.965000000215,1830.5319999999692,3072.8759999999893,3599.328000000125,2795.4270000000497,3467.169999999989,5439.056000000031,912.7259999999951,1387.9760000000333,290.23999999999614,902.6119999999969,1.1629303440496372,0.7053309386409392,0.35413658347842314,0.5972548104956248,0.26234169096210824,0.9948138790035764,0.9777693175408881,0.6405671887881323,0.17657690075449703,0.26977181729835437,0.021154518950437035,0.32121423487544376,1.1629303440496372,0.7053309386409392,0.35413658347842314,0.5972548104956248,0.26234169096210824,0.9948138790035764,0.9777693175408881,0.6405671887881323,0.17657690075449703,0.26977181729835437,0.021154518950437035,0.32121423487544376,ML,ML,ML,ML,ML,ML,AutoETS,AutoETS,AutoETS,AutoETS,AutoETS,AutoETS,SCP,SCP,SCP,SCP,SCP,SCP,x11 lineal,x11 lineal,x11 lineal,x11 lineal,x11 lineal,x11 lineal,15.921936120779895,9.182037296931329,50.13875747596816,54.83136970056592,91.9362725486539,67.71112248683364,21675.0,31142.631000000165,24255.828000000023,9467.631000000165,2580.8280000000263,9467.631000000165,2580.8280000000263,30212141.075290114,2825425.0567200845,3,3155.877000000055,860.2760000000088,3173.438780213567,970.4681098521621,0.4367995847750941,0.11906934256055485,0.4367995847750941,0.11906934256055485,ML,AutoETS,SCP,x11 lineal,72.7405092150298,17206.0,29149.2480000002,27024.95200000002,11943.248000000198,9818.952000000016,11943.248000000198,9818.952000000016,56223871.48425258,42437666.73111226,3,3981.0826666667326,3272.9840000000054,4329.1212150678875,3761.102087204062,0.6941327443915029,0.5706702313146585,0.6941327443915029,0.5706702313146585,ML,AutoETS,SCP,x11 lineal,17.78658535768618,38881.0,60291.87900000036,51280.78000000004,21410.879000000365,12399.780000000042,21410.879000000365,12399.780000000042,86436012.55954269,45263091.78783234,6,3568.4798333333943,2066.630000000007,3795.5239550366578,2746.606748572753,0.5506771687971083,0.3189161801394008,0.5506771687971083,0.3189161801394008,ML,AutoETS,SCP,x11 lineal,42.08654394805635,2026-07-11 11:04:33.553,0,,"
"8410,63,60,10664,1,51,Roses,Pink Hot,""50cm"",,,AutoETS,smooth_acceptable,smooth_acceptable_acceptable,acceptable,x11 lineal,x11 lineal,success,smooth_acceptable,COMPARABLE,1,1,1,38603.0,82775.0,45564.0,38885.0,56409.0,35677.0,38388.46499999953,73971.17200000543,43070.289000000004,30888.19300000135,45631.34000000055,32563.676999999923,42967.897999999695,89576.6249999936,47410.94599999901,34241.23499999959,52966.23699999568,39441.23500000255,-214.53500000046915,-8803.827999994566,-2493.7109999999957,-7996.806999998651,-10777.65999999945,-3113.3230000000767,4364.8979999996955,6801.624999993597,1846.9459999990067,-4643.765000000407,-3442.763000004321,3764.235000002547,214.53500000046915,8803.827999994566,2493.7109999999957,7996.806999998651,10777.65999999945,3113.3230000000767,4364.8979999996955,6801.624999993597,1846.9459999990067,4643.765000000407,3442.763000004321,3764.235000002547,46025.2662252013,77507387.45348832,6218594.551520978,63948922.19522742,116157955.07558815,9692780.102329478,19052334.55040134,46262102.6405379,3411209.526912331,21564553.375228778,11852617.074198753,14169465.135244176,1,1,1,1,1,1,214.53500000046915,8803.827999994566,2493.7109999999957,7996.806999998651,10777.65999999945,3113.3230000000767,4364.8979999996955,6801.624999993597,1846.9459999990067,4643.765000000407,3442.763000004321,3764.235000002547,214.53500000046915,8803.827999994566,2493.7109999999957,7996.806999998651,10777.65999999945,3113.3230000000767,4364.8979999996955,6801.624999993597,1846.9459999990067,4643.765000000407,3442.763000004321,3764.235000002547,0.005557469626725103,0.10635853820591443,0.05472985251514344,0.20565274527449276,0.1910627736708584,0.08726414777027432,0.11307147112917897,0.08217003926298516,0.040535203230598865,0.11942304230424089,0.06103215798904999,0.10550873111535575,-0.005557469626725103,-0.10635853820591443,-0.05472985251514344,-0.20565274527449276,-0.1910627736708584,-0.08726414777027432,0.11307147112917897,0.08217003926298516,0.040535203230598865,-0.11942304230424089,-0.06103215798904999,0.10550873111535575,SCP,ML,ML,ML,ML,SCP,x11 lineal,AutoETS,AutoETS,AutoETS,AutoETS,x11 lineal,ML,SCP,SCP,SCP,SCP,ML,AutoETS,x11 lineal,x11 lineal,x11 lineal,x11 lineal,AutoETS,95.08499396777465,22.74241386817423,25.935844209733606,41.92976021553114,68.05648907086979,17.292012852598994,130971.0,109083.21000000183,126648.70699999783,-21887.78999999818,-4322.293000002181,21887.78999999818,11850.763000007275,189799657.37314504,47586635.584671706,3,7295.929999999393,3950.2543333357585,7954.027436318976,3982.7392409693653,0.1671193623015643,0.0904838704751989,-0.1671193623015643,-0.03300190881952631,ML,AutoETS,SCP,x11 lineal,45.85674021905244,166942.0,155429.92600000498,179955.4689999923,-11512.073999995031,13013.4689999923,11512.073999995031,13013.4689999923,83772007.2712345,68725646.71785158,3,3837.3579999983435,4337.822999997433,5284.3166468092,4786.287591228773,0.06895852451746733,0.0779520372344425,-0.06895852451746733,0.0779520372344425,SCP,x11 lineal,ML,AutoETS,11.537238840759194,297913.0,264513.1360000068,306604.1759999901,-33399.863999993206,8691.175999990119,33399.863999993206,24864.231999999574,273571664.64437956,116312282.30252329,6,5566.643999998868,4144.038666666595,6752.427522064189,4402.883189882952,0.11211281145835598,0.08346138637790085,-0.11211281145835598,0.0291735372407049,ML,AutoETS,SCP,x11 lineal,25.555888491029087,2026-07-11 11:04:33.553,0,,"
"8411,63,60,10664,1,52,Roses,Red,""70-80cm"",,,SeasonalNaive,erratic_acceptable,erratic_acceptable_acceptable,acceptable,x11 seasonal,x11 seasonal,success,erratic_acceptable,COMPARABLE,1,1,1,13130.0,32093.0,21910.0,19091.0,122264.0,22100.0,30691.12300000088,56764.808000002,31888.826000000045,13320.46699999978,102962.14200000024,17435.449000000433,20599.99900000034,43500.00099999915,22874.998999999912,21100.00099999999,119975.00000000051,24674.999999999574,17561.12300000088,24671.808000001998,9978.826000000045,-5770.5330000002195,-19301.85799999976,-4664.550999999567,7469.999000000342,11407.000999999153,964.9989999999125,2009.0009999999893,-2288.9999999994907,2574.9999999995744,17561.12300000088,24671.808000001998,9978.826000000045,5770.5330000002195,19301.85799999976,4664.550999999567,7469.999000000342,11407.000999999153,964.9989999999125,2009.0009999999893,2288.9999999994907,2574.9999999995744,308393041.0211599,608698109.9889627,99576968.3382769,33299051.104091533,372561722.2521547,21758036.031596955,55800885.060006104,130119671.81398167,931223.070000831,4036085.018000957,5239520.999997668,6630624.999997808,1,1,1,1,1,1,17561.12300000088,24671.808000001998,9978.826000000045,5770.5330000002195,19301.85799999976,4664.550999999567,7469.999000000342,11407.000999999153,964.9989999999125,2009.0009999999893,2288.9999999994907,2574.9999999995744,17561.12300000088,24671.808000001998,9978.826000000045,5770.5330000002195,19301.85799999976,4664.550999999567,7469.999000000342,11407.000999999153,964.9989999999125,2009.0009999999893,2288.9999999994907,2574.9999999995744,1.3374808073115674,0.7687597918549839,0.4554461889548172,0.30226457493060704,0.15787032977818294,0.21106565610857767,0.5689260472201326,0.35543579596794167,0.044043769968047125,0.10523288460531084,0.018721782372566664,0.11651583710405314,1.3374808073115674,0.7687597918549839,0.4554461889548172,-0.30226457493060704,-0.15787032977818294,-0.21106565610857767,0.5689260472201326,0.35543579596794167,0.044043769968047125,0.10523288460531084,-0.018721782372566664,0.11651583710405314,ML,ML,ML,ML,ML,ML,SeasonalNaive,SeasonalNaive,SeasonalNaive,SeasonalNaive,SeasonalNaive,SeasonalNaive,SCP,SCP,SCP,SCP,SCP,SCP,x11 seasonal,x11 seasonal,x11 seasonal,x11 seasonal,x11 seasonal,x11 seasonal,57.46286271100107,53.765038216906405,90.32953375477328,65.1851744024354,88.14103802856948,44.796401625798204,163455.0,133718.05800000046,165750.00100000008,-29736.941999999544,2295.001000000073,29736.941999999544,6873.000999999054,427618809.3878432,15906231.017996432,3,9912.313999999848,2291.0003333330183,11938.995063625795,2302.6239393350384,0.1819273928604175,0.04204827628398675,-0.1819273928604175,0.01404056774035712,ML,SeasonalNaive,SCP,x11 seasonal,76.88733091654429,67133.0,119344.75700000292,86974.99899999941,52211.75700000292,19841.998999999407,52211.75700000292,19841.998999999407,1016668119.3483994,186851779.9439886,3,17403.919000000973,6613.999666666469,18408.94818060318,7892.016640124132,0.7777360910431966,0.29556252513666015,0.7777360910431966,0.29556252513666015,ML,SeasonalNaive,SCP,x11 seasonal,61.99706705905664,230588.0,253062.81500000338,252724.99999999945,22474.815000003375,22136.99999999948,81948.69900000247,26714.99999999846,1444286928.7362425,202758010.96198502,6,13658.116500000411,4452.4999999997435,15514.976252727785,5813.174849167837,0.35539012871442777,0.11585598556732554,0.09746740940553443,0.0960023938799915,ML,SeasonalNaive,SCP,x11 seasonal,67.40033664232101,2026-07-11 11:04:33.553,0,,"
8412,63,60,10664,1,53,Alstroemeria,Bicolor,Premium,,,MovingAverage3M,erratic_acceptable,erratic_acceptable_acceptable,acceptable,seasonal discrete,seasonal discrete,success,erratic_acceptable,COMPARABLE,1,1,1,0.0,84.0,74.0,28.0,0.0,0.0,2.3269999999999986,25.218000000000007,67.08500000000011,15.537000000000006,12.658000000000001,12.699999999999992,9.332999999999997,9.332000000000004,9.333999999999998,13.333999999999994,13.332000000000013,13.333999999999998,2.3269999999999986,-58.782,-6.914999999999893,-12.462999999999994,12.658000000000001,12.699999999999992,9.332999999999997,-74.66799999999999,-64.666,-14.666000000000006,13.332000000000013,13.333999999999998,2.3269999999999986,58.782,6.914999999999893,12.462999999999994,12.658000000000001,12.699999999999992,9.332999999999997,74.66799999999999,64.666,14.666000000000006,13.332000000000013,13.333999999999998,5.414928999999994,3455.3235239999995,47.817224999998516,155.32636899999986,160.22496400000003,161.2899999999998,87.10488899999994,5575.310223999999,4181.691556,215.09155600000017,177.74222400000036,177.79555599999995,0,1,1,1,0,0,,58.782,6.914999999999893,12.462999999999994,,,,74.66799999999999,64.666,14.666000000000006,,,,58.782,6.914999999999893,12.462999999999994,,,,74.66799999999999,64.666,14.666000000000006,,,,0.6997857142857142,0.09344594594594449,0.44510714285714265,,,,0.8889047619047619,0.8738648648648648,0.5237857142857145,,,,-0.6997857142857142,-0.09344594594594449,-0.44510714285714265,,,,-0.8889047619047619,-0.8738648648648648,-0.5237857142857145,,,,SCP,SCP,SCP,,,,seasonal discrete,seasonal discrete,seasonal discrete,,,,ML,ML,ML,,,,MovingAverage3M,MovingAverage3M,MovingAverage3M,,,,21.275512937268978,89.30659078959594,15.021137324423917,,,28.0,40.894999999999996,40.00000000000001,12.895,12.000000000000005,37.820999999999984,41.332000000000015,476.84133299999974,570.6293360000005,1,37.820999999999984,41.332000000000015,21.8366969342893,23.887849128793505,1.3507499999999995,1.4761428571428576,0.46053571428571427,0.42857142857142877,SCP,seasonal discrete,ML,MovingAverage3M,8.49462885899552,158.0,94.63000000000011,27.999000000000002,-63.36999999999989,-130.001,68.02399999999989,148.667,3508.555677999998,9844.106668999999,2,34.011999999999944,74.3335,41.88410007389437,70.15734697449726,0.43053164556961954,0.9409303797468355,-0.4010759493670879,-0.8227911392405064,SCP,seasonal discrete,ML,MovingAverage3M,54.24404878015976,186.0,135.52500000000012,67.99900000000001,-50.474999999999895,-118.00099999999995,105.84499999999987,189.999,3985.3970109999977,10414.736004999997,3,35.281666666666624,63.333,36.44812300151179,58.92010411000079,0.5690591397849455,1.0215,-0.2713709677419349,-0.6344139784946233,SCP,seasonal discrete,ML,MovingAverage3M,44.29181206216883,2026-07-11 11:04:33.553,0,,
8413,63,60,10664,1,54,Alstroemeria,Burgundy,Premium,,,TSB,intermittent_insuficient,intermittent_insuficient_insuficient,insuficient,copy last year,copy last year,success,intermittent_insuficient,NOT_COMPARABLE_MISSING_SCP,1,0,1,4.0,8.0,84.0,83.0,131.0,25.0,,,,,,,108.06600000000005,108.06799999999991,108.06600000000003,133.3339999999999,133.33299999999997,133.33399999999992,,,,,,,,,,,,,,,,,,,,,,,,,,,,,,,,,,,,,,,,,,,,,,,,,,,,,,,,,,,,,,,,,,,,,,,,,,,,,,,,,,,,,,,,,,,,,,,,,,,,,,,,,,,,,,,,,,,,,,,,,,,,,,,,,,,,,,,,,,,,,,,,,,,,,,,,,,,,,,,,,,,,,,,,,,,,,,,,,,,,,,,,,,,,,,2026-07-11 11:04:33.553,0,,NoForecastRowsMaterialized
8414,63,60,10664,1,55,Alstroemeria,Fall Assortment,Fancy,,,AutoARIMA,seasonal_discontinuous_acceptable,seasonal_discontinuous_acceptable_acceptable,acceptable,copy last year,copy last year,success,seasonal_discontinuous_acceptable,NOT_COMPARABLE_MISSING_SCP,1,0,1,0.0,0.0,0.0,0.0,0.0,0.0,,,,,,,15.38899999999998,15.388000000000025,15.38899999999999,0.0,0.0,0.0,,,,,,,,,,,,,,,,,,,,,,,,,,,,,,,,,,,,,,,,,,,,,,,,,,,,,,,,,,,,,,,,,,,,,,,,,,,,,,,,,,,,,,,,,,,,,,,,,,,,,,,,,,,,,,,,,,,,,,,,,,,,,,,,,,,,,,,,,,,,,,,,,,,,,,,,,,,,,,,,,,,,,,,,,,,,,,,,,,,,,,,,,,,,,,2026-07-11 11:04:33.553,0,,NoForecastRowsMaterialized
8415,63,60,10664,1,56,Alstroemeria,Orange,Premium,,,TSB,lumpy_acceptable,lumpy_acceptable_acceptable,acceptable,x11 lineal,x11 lineal,success,lumpy_acceptable,COMPARABLE,1,1,1,337.0,393.0,273.0,223.0,266.0,308.0,454.03399999999704,513.5010000000019,431.71000000000134,845.3540000000048,327.1219999999966,319.5559999999998,310.19600000000094,310.1960000000016,310.1950000000012,444.04500000000155,444.0400000000008,444.0429999999977,117.03399999999704,120.50100000000191,158.71000000000134,622.3540000000048,61.1219999999966,11.555999999999813,-26.803999999999064,-82.80399999999838,37.19500000000119,221.04500000000155,178.04000000000082,136.04299999999768,117.03399999999704,120.50100000000191,158.71000000000134,622.3540000000048,61.1219999999966,11.555999999999813,26.803999999999064,82.80399999999838,37.19500000000119,221.04500000000155,178.04000000000082,136.04299999999768,13696.957155999306,14520.49100100046,25188.864100000428,387324.501316006,3735.898883999585,133.54113599999567,718.4544159999498,6856.502415999732,1383.4680250000883,48860.892025000685,31698.241600000292,18507.697848999367,1,1,1,1,1,1,117.03399999999704,120.50100000000191,158.71000000000134,622.3540000000048,61.1219999999966,11.555999999999813,26.803999999999064,82.80399999999838,37.19500000000119,221.04500000000155,178.04000000000082,136.04299999999768,117.03399999999704,120.50100000000191,158.71000000000134,622.3540000000048,61.1219999999966,11.555999999999813,26.803999999999064,82.80399999999838,37.19500000000119,221.04500000000155,178.04000000000082,136.04299999999768,0.34728189910978347,0.3066183206106919,0.5813553113553163,2.790825112107645,0.22978195488720526,0.03751948051947991,0.07953709198812779,0.2106972010178076,0.1362454212454256,0.9912331838565092,0.6693233082706798,0.4416980519480444,0.34728189910978347,0.3066183206106919,0.5813553113553163,2.790825112107645,0.22978195488720526,0.03751948051947991,-0.07953709198812779,-0.2106972010178076,0.1362454212454256,0.9912331838565092,0.6693233082706798,0.4416980519480444,ML,ML,ML,ML,SCP,SCP,TSB,TSB,TSB,TSB,x11 lineal,x11 lineal,SCP,SCP,SCP,SCP,ML,ML,x11 lineal,x11 lineal,x11 lineal,x11 lineal,TSB,TSB,77.09725378949727,31.283557812800666,76.56417365005301,64.48243282761904,65.66951246911013,91.50562689737804,797.0,1492.0320000000013,1332.1280000000002,695.0320000000013,535.128,695.0320000000013,535.128,391193.9413360056,99066.83147400036,3,231.67733333333376,178.376,361.1066053748328,181.72032676065746,0.8720602258469276,0.6714278544542033,0.8720602258469276,0.6714278544542033,ML,TSB,SCP,x11 lineal,23.006710482395192,1003.0,1399.2450000000003,930.5870000000037,396.2450000000003,-72.41299999999626,396.2450000000003,146.80299999999863,53406.312257000194,8958.424856999769,3,132.08166666666676,48.93433333333288,133.42452580266766,54.6456001797027,0.3950598205383851,0.14636390827517312,0.3950598205383851,-0.07219641076769318,ML,TSB,SCP,x11 lineal,62.9514568007171,1800.0,2891.277000000002,2262.715000000004,1091.2770000000016,462.7150000000038,1091.2770000000016,681.9309999999987,444600.25359300576,108025.25633100011,6,181.87950000000026,113.65516666666645,272.2132294094116,134.17976519766316,0.6062650000000009,0.3788505555555548,0.6062650000000009,0.257063888888891,ML,TSB,SCP,x11 lineal,37.51073283868371,2026-07-11 11:04:33.553,0,,
8416,63,60,10664,1,58,Alstroemeria,Yellow,Super Select,,,AutoARIMA,smooth_acceptable,smooth_acceptable_acceptable,acceptable,x11 lineal,x11 lineal,success,smooth_acceptable,COMPARABLE,1,1,1,385.0,589.0,862.0,899.0,268.0,232.0,141.9789999999994,443.35600000000005,382.20500000000175,309.18800000000033,200.62499999999986,272.5179999999991,416.8059999999982,566.8169999999944,653.6390000000025,487.5839999999989,487.5829999999985,487.5839999999989,-243.0210000000006,-145.64399999999995,-479.79499999999825,-589.8119999999997,-67.37500000000014,40.51799999999912,31.80599999999822,-22.183000000005563,-208.3609999999975,-411.4160000000011,219.5829999999985,255.58399999999892,243.0210000000006,145.64399999999995,479.79499999999825,589.8119999999997,67.37500000000014,40.51799999999912,31.80599999999822,22.183000000005563,208.3609999999975,411.4160000000011,219.5829999999985,255.58399999999892,59059.2064410003,21212.174735999986,230203.24202499833,347878.1953439996,4539.390625000019,1641.7083239999286,1011.6216359998868,492.0854890002468,43414.306320998956,169263.1250560009,48216.69388899934,65323.18105599945,1,1,1,1,1,1,243.0210000000006,145.64399999999995,479.79499999999825,589.8119999999997,67.37500000000014,40.51799999999912,31.80599999999822,22.183000000005563,208.3609999999975,411.4160000000011,219.5829999999985,255.58399999999892,243.0210000000006,145.64399999999995,479.79499999999825,589.8119999999997,67.37500000000014,40.51799999999912,31.80599999999822,22.183000000005563,208.3609999999975,411.4160000000011,219.5829999999985,255.58399999999892,0.6312233766233782,0.2472733446519524,0.5566067285382811,0.6560756395995547,0.2513992537313438,0.17464655172413412,0.08261298701298239,0.037662139219024726,0.2417180974477929,0.4576373748609578,0.8193395522388004,1.1016551724137884,-0.6312233766233782,-0.2472733446519524,-0.5566067285382811,-0.6560756395995547,-0.2513992537313438,0.17464655172413412,0.08261298701298239,-0.037662139219024726,-0.2417180974477929,-0.4576373748609578,0.8193395522388004,1.1016551724137884,ML,ML,ML,ML,SCP,SCP,AutoARIMA,AutoARIMA,AutoARIMA,AutoARIMA,x11 lineal,x11 lineal,SCP,SCP,SCP,SCP,ML,ML,x11 lineal,x11 lineal,x11 lineal,x11 lineal,AutoARIMA,AutoARIMA,86.91224215191356,84.76902584383458,56.57291134755504,30.246247956975907,69.31684146769076,84.14689495430102,1399.0,782.3309999999993,1462.7509999999963,-616.6690000000007,63.75099999999634,697.7049999999989,886.5829999999985,354059.29429299955,282803.00000099966,3,232.56833333333296,295.52766666666616,343.5400482685144,307.0304002326152,0.49871694067190775,0.6337262330235872,-0.4407927090779133,0.045568977841312606,SCP,x11 lineal,ML,AutoARIMA,21.304040343656474,1836.0,967.5400000000011,1637.2619999999952,-868.4599999999989,-198.73800000000483,868.4599999999989,262.3500000000013,310474.6232019986,44918.01344599909,3,289.4866666666663,87.45000000000043,321.70101191530756,122.3628667066376,0.47301742919389916,0.14289215686274578,-0.47301742919389916,-0.10824509803921832,ML,AutoARIMA,SCP,x11 lineal,69.79135481196583,3235.0,1749.8710000000003,3100.0129999999917,-1485.1289999999997,-134.9870000000085,1566.164999999998,1148.9329999999998,664533.9174949982,327721.0134469988,6,261.02749999999963,191.4888333333333,332.7997189239093,233.70958240481525,0.4841313755795975,0.3551570324574961,-0.4590816074188562,-0.041727047913449306,ML,AutoARIMA,SCP,x11 lineal,26.640360370714365,2026-07-11 11:04:33.553,0,,
"8417,63,60,10664,1,60,Orchids,"""",Super,,,,,,,copy last year,copy last year,success,,NOT_COMPARABLE_ML_EXCLUDED,1,1,0,0.0,0.0,0.0,0.0,0.0,0.0,23.0,0.0,0.0,0.0,0.0,0.0,,,,,,,,,,,,,,,,,,,,,,,,,,,,,,,,,,,,,,,,,,,,,,,,,,,,,,,,,,,,,,,,,,,,,,,,,,,,,,,,,,,,,,,,,,,,,,,,,,,,,,,,,,,,,,,,,,,,,,,,,,,,,,,,,,,,,,,,,,,,,,,,,,,,,,,,,,,,,,,,,,,,,,,,,,,,,,,,,,,,,,,,,,,,,,,,,,,,2026-07-11 11:04:33.553,1,MissingHistory,NoForecastRowsMaterialized"
8418,63,60,10664,1,61,Orchids,White/Lav,Regular,,,,,,,preserve current forecast,preserve current forecast,success,,NOT_COMPARABLE_MISSING_SCP_AND_ML,1,0,0,0.0,0.0,0.0,0.0,0.0,0.0,,,,,,,,,,,,,,,,,,,,,,,,,,,,,,,,,,,,,,,,,,,,,,,,,,,,,,,,,,,,,,,,,,,,,,,,,,,,,,,,,,,,,,,,,,,,,,,,,,,,,,,,,,,,,,,,,,,,,,,,,,,,,,,,,,,,,,,,,,,,,,,,,,,,,,,,,,,,,,,,,,,,,,,,,,,,,,,,,,,,,,,,,,,,,,,,,,,,,,,,,,2026-07-11 11:04:33.553,1,MissingHistory,NoForecastRowsMaterialized
"8419,63,60,10664,1,62,Protea,Orange,"""",,,MovingAverage12M,smooth_acceptable,smooth_acceptable_acceptable,acceptable,x11 lineal,x11 lineal,success,smooth_acceptable,COMPARABLE,1,1,1,356.0,509.0,1172.0,851.0,946.0,0.0,1466.1780000000072,1047.5550000000023,752.1180000000023,1001.094000000003,1108.782999999999,692.8590000000004,921.2500000000015,921.2490000000009,921.2499999999986,1031.1669999999979,1031.1669999999954,1031.1669999999992,1110.1780000000072,538.5550000000023,-419.8819999999977,150.094000000003,162.782999999999,692.8590000000004,565.2500000000015,412.24900000000093,-250.75000000000136,180.16699999999787,85.16699999999537,1031.1669999999992,1110.1780000000072,538.5550000000023,419.8819999999977,150.094000000003,162.782999999999,692.8590000000004,565.2500000000015,412.24900000000093,250.75000000000136,180.16699999999787,85.16699999999537,1031.1669999999992,1232495.1916840158,290041.48802500253,176300.89392399805,22528.208836000904,26498.30508899967,480053.59388100053,319507.5625000017,169949.23800100078,62875.562500000684,32460.147888999232,7253.417888999211,1063305.3818889984,1,1,1,1,1,0,1110.1780000000072,538.5550000000023,419.8819999999977,150.094000000003,162.782999999999,,565.2500000000015,412.24900000000093,250.75000000000136,180.16699999999787,85.16699999999537,,1110.1780000000072,538.5550000000023,419.8819999999977,150.094000000003,162.782999999999,,565.2500000000015,412.24900000000093,250.75000000000136,180.16699999999787,85.16699999999537,,3.1184775280899077,1.0580648330058986,0.35826109215016866,0.17637367802585546,0.17207505285412156,,1.5877808988764086,0.80991944990177,0.21395051194539366,0.21171210340775307,0.09002854122621075,,3.1184775280899077,1.0580648330058986,-0.35826109215016866,0.17637367802585546,0.17207505285412156,,1.5877808988764086,0.80991944990177,-0.21395051194539366,0.21171210340775307,0.09002854122621075,,ML,ML,ML,SCP,ML,,MovingAverage12M,MovingAverage12M,MovingAverage12M,x11 lineal,MovingAverage12M,,SCP,SCP,SCP,ML,SCP,,x11 lineal,x11 lineal,x11 lineal,MovingAverage12M,x11 lineal,,49.084741365799196,23.452757842746035,40.280840807654826,16.691736000485783,47.680654613813545,,1797.0,2802.7360000000026,3093.500999999992,1005.7360000000024,1296.5009999999925,1005.7360000000024,1296.5009999999925,529080.1078060011,1103018.9476669969,2,502.8680000000012,648.2504999999962,514.3345738942703,742.6368384570607,0.559675013912077,0.721480801335555,0.559675013912077,0.721480801335555,SCP,x11 lineal,ML,MovingAverage12M,22.426901329038063,2037.0,3265.851000000012,2763.749000000001,1228.851000000012,726.749000000001,2068.615000000007,1228.249000000004,1698837.5736330163,552332.3630010032,3,689.5383333333357,409.41633333333465,752.5152431751834,429.0813298979589,1.015520373097696,0.602969563082967,0.6032650957290191,0.35677417771232256,ML,MovingAverage12M,SCP,x11 lineal,40.624572479654276,3834.0,6068.587000000014,5857.2499999999945,2234.587000000014,2023.2499999999936,3074.351000000009,2524.7499999999964,2227917.6814390174,1655351.310668,5,614.8702000000019,504.94999999999925,667.5204388539751,575.3870541936097,0.8018651538862831,0.6585159102764727,0.5828343766301549,0.5277125717266545,ML,MovingAverage12M,SCP,x11 lineal,17.876976311423494,2026-07-11 11:04:33.553,0,,"
"8420,63,60,10664,1,63,Protea,Orange,""50cm"",,,AutoARIMA,smooth_acceptable,smooth_acceptable_acceptable,acceptable,x11 lineal,x11 lineal,success,smooth_acceptable,COMPARABLE,1,1,1,510.0,215.0,478.0,370.0,519.0,380.0,204.10900000000007,995.0670000000009,609.061000000005,635.2029999999979,263.2800000000001,389.9810000000021,640.7420000000017,1093.722999999997,1060.0400000000018,627.584000000001,361.35099999999863,463.6149999999984,-305.89099999999996,780.0670000000009,131.06100000000504,265.2029999999979,-255.7199999999999,9.981000000002098,130.74200000000167,878.722999999997,582.0400000000018,257.58400000000097,-157.64900000000137,83.61499999999842,305.89099999999996,780.0670000000009,131.06100000000504,265.2029999999979,255.7199999999999,9.981000000002098,130.74200000000167,878.722999999997,582.0400000000018,257.58400000000097,157.64900000000137,83.61499999999842,93569.30388099997,608504.5244890015,17176.98572100132,70332.63120899891,65392.718399999954,99.62036100004188,17093.470564000436,772154.1107289947,338770.56160000205,66349.5170560005,24853.20720100043,6991.468224999735,1,1,1,1,1,1,305.89099999999996,780.0670000000009,131.06100000000504,265.2029999999979,255.7199999999999,9.981000000002098,130.74200000000167,878.722999999997,582.0400000000018,257.58400000000097,157.64900000000137,83.61499999999842,305.89099999999996,780.0670000000009,131.06100000000504,265.2029999999979,255.7199999999999,9.981000000002098,130.74200000000167,878.722999999997,582.0400000000018,257.58400000000097,157.64900000000137,83.61499999999842,0.5997862745098038,3.628218604651167,0.2741861924686298,0.7167648648648592,0.49271676300578016,0.02626578947368973,0.25635686274510133,4.087083720930218,1.2176569037656941,0.6961729729729756,0.30375529865125506,0.22003947368420637,-0.5997862745098038,3.628218604651167,0.2741861924686298,0.7167648648648592,-0.49271676300578016,0.02626578947368973,0.25635686274510133,4.087083720930218,1.2176569037656941,0.6961729729729756,-0.30375529865125506,0.22003947368420637,ML,SCP,SCP,ML,ML,SCP,AutoARIMA,x11 lineal,x11 lineal,AutoARIMA,AutoARIMA,x11 lineal,SCP,ML,ML,SCP,SCP,ML,x11 lineal,AutoARIMA,AutoARIMA,x11 lineal,x11 lineal,AutoARIMA,57.25863134253649,11.227201290963867,77.48247543124106,2.8728935947168734,38.35093070545854,88.06314656460887,1269.0,1288.4640000000002,1452.549999999998,19.464000000000112,183.54999999999802,530.904,498.84800000000075,135824.9699699989,98194.19248200067,3,176.968,166.28266666666693,212.7792047874971,180.9182066404601,0.4183640661938534,0.3931032308904655,0.015338061465721128,0.14464144996059733,ML,AutoARIMA,SCP,x11 lineal,6.038003104139214,1203.0,1808.2370000000062,2794.5050000000006,605.237000000006,1591.5050000000006,1217.019000000006,1591.5050000000006,719250.8140910028,1128018.1428929972,3,405.673000000002,530.5016666666669,489.64300399747117,613.1933199497521,1.011653366583546,1.3229467996674984,0.5031064006650091,1.3229467996674984,SCP,x11 lineal,ML,AutoARIMA,23.53030621958426,2472.0,3096.7010000000064,4247.0549999999985,624.7010000000062,1775.0549999999985,1747.9230000000061,2090.3530000000014,855075.7840610016,1226212.335374998,6,291.320500000001,348.3921666666669,377.50845113299596,452.0715900855745,0.7070885922330122,0.8456120550161819,0.25271076051780184,0.7180643203883489,SCP,x11 lineal,ML,AutoARIMA,16.38144370831123,2026-07-11 11:04:33.553,0,,"
"8421,63,60,10664,1,64,Protea,Red/Orange,""40-50cm"",,,MovingAverage3M,intermittent_acceptable,intermittent_acceptable_acceptable,acceptable,syntetos-boylan,syntetos-boylan,success,intermittent_acceptable,COMPARABLE,1,1,1,0.0,50.0,0.0,0.0,442.0,0.0,20.58400000000001,83.141,113.673,18.852000000000004,53.99899999999997,61.61799999999998,64.464,64.46300000000002,64.462,16.667,16.667000000000005,16.666000000000004,20.58400000000001,33.141000000000005,113.673,18.852000000000004,-388.00100000000003,61.61799999999998,64.464,14.463000000000022,64.462,16.667,-425.33299999999997,16.666000000000004,20.58400000000001,33.141000000000005,113.673,18.852000000000004,388.00100000000003,61.61799999999998,64.464,14.463000000000022,64.462,16.667,425.33299999999997,16.666000000000004,423.70105600000045,1098.3258810000004,12921.550929,355.39790400000015,150544.77600100002,3796.7779239999977,4155.607296,209.17836900000066,4155.349444,277.78888900000004,180908.16088899996,277.7555560000001,0,1,0,0,1,0,,33.141000000000005,,,388.00100000000003,,,14.463000000000022,,,425.33299999999997,,,33.141000000000005,,,388.00100000000003,,,14.463000000000022,,,425.33299999999997,,,0.6628200000000001,,,0.8778303167420816,,,0.28926000000000046,,,0.9622918552036198,,,0.6628200000000001,,,-0.8778303167420816,,,0.28926000000000046,,,-0.9622918552036198,,,ML,,,SCP,,,MovingAverage3M,,,syntetos-boylan,,,SCP,,,ML,,,syntetos-boylan,,,MovingAverage3M,,,56.35919254096128,,,8.777122866083731,,442.0,134.46899999999994,50.000000000000014,-307.53100000000006,-392.0,468.471,458.66599999999994,154696.95182900003,181463.70533399994,1,468.471,458.66599999999994,393.31533383406247,425.9855693964291,1.0598891402714932,1.037705882352941,-0.6957714932126698,-0.8868778280542986,ML,MovingAverage3M,SCP,syntetos-boylan,2.0929790744784724,50.0,217.39800000000002,193.389,167.39800000000002,143.389,167.39800000000002,143.389,14443.577866000001,8520.135109,1,167.39800000000002,143.389,120.1814372771436,92.30457794172509,3.3479600000000005,2.86778,3.3479600000000005,2.86778,ML,MovingAverage3M,SCP,syntetos-boylan,14.342465262428469,492.0,351.867,243.389,-140.13300000000004,-248.61099999999993,635.869,602.0550000000001,169140.529695,189983.84044299996,2,317.9345,301.02750000000003,290.80967117257296,308.20759273823865,1.2924166666666668,1.223689024390244,-0.2848231707317074,-0.5053069105691056,ML,MovingAverage3M,SCP,syntetos-boylan,5.317761991856808,2026-07-11 11:04:33.553,0,,"
"8422,63,60,10664,1,65,Roses,Cream,""40cm"",,,AutoETS,erratic_acceptable,erratic_acceptable_acceptable,acceptable,x11 lineal,x11 lineal,success,erratic_acceptable,COMPARABLE,1,1,1,8450.0,11694.0,10000.0,3168.0,1950.0,2149.0,7995.184000000094,8081.216999999998,5813.611000000089,3468.4799999999977,1515.9200000000083,2046.8719999999923,7903.212000000048,7975.971000000001,4983.220000000032,2219.9889999999978,1782.1109999999971,1466.9450000000154,-454.8159999999061,-3612.783000000002,-4186.388999999911,300.47999999999774,-434.07999999999174,-102.12800000000766,-546.7879999999523,-3718.0289999999986,-5016.779999999968,-948.0110000000022,-167.88900000000285,-682.0549999999846,454.8159999999061,3612.783000000002,4186.388999999911,300.47999999999774,434.07999999999174,102.12800000000766,546.7879999999523,3718.0289999999986,5016.779999999968,948.0110000000022,167.88900000000285,682.0549999999846,206857.5938559146,13052201.005089017,17525852.859320253,90288.23039999865,188425.44639999283,10430.128384001564,298977.1169439478,13823739.64484099,25168081.56839968,898724.8561210042,28186.716321000957,465199.023024979,1,1,1,1,1,1,454.8159999999061,3612.783000000002,4186.388999999911,300.47999999999774,434.07999999999174,102.12800000000766,546.7879999999523,3718.0289999999986,5016.779999999968,948.0110000000022,167.88900000000285,682.0549999999846,454.8159999999061,3612.783000000002,4186.388999999911,300.47999999999774,434.07999999999174,102.12800000000766,546.7879999999523,3718.0289999999986,5016.779999999968,948.0110000000022,167.88900000000285,682.0549999999846,0.05382437869821374,0.30894330425859434,0.4186388999999911,0.09484848484848414,0.22260512820512396,0.047523499302004495,0.06470863905324879,0.317943304258594,0.5016779999999967,0.29924589646464717,0.08609692307692454,0.3173825034899882,-0.05382437869821374,-0.30894330425859434,-0.4186388999999911,0.09484848484848414,-0.22260512820512396,-0.047523499302004495,-0.06470863905324879,-0.317943304258594,-0.5016779999999967,-0.29924589646464717,-0.08609692307692454,-0.3173825034899882,SCP,SCP,SCP,SCP,ML,SCP,x11 lineal,x11 lineal,x11 lineal,x11 lineal,AutoETS,x11 lineal,ML,ML,ML,ML,SCP,ML,AutoETS,AutoETS,AutoETS,AutoETS,x11 lineal,AutoETS,16.820413030288556,2.830693359303982,16.552270579934973,68.30416524702804,61.32302801326804,85.02642748751788,7267.0,7031.271999999998,5469.04500000001,-235.72800000000166,-1797.9549999999897,836.6879999999971,1797.9549999999897,289143.805183993,1392110.5954669842,3,278.89599999999905,599.3183333333299,310.45332724044744,681.2025140555937,0.1151352690243563,0.2474136507499642,-0.03243814503921861,-0.2474136507499642,SCP,x11 lineal,ML,AutoETS,53.46446379358761,30144.0,21890.01200000018,20862.403000000082,-8253.98799999982,-9281.596999999918,8253.98799999982,9281.596999999918,30784911.45826518,39290798.330184616,3,2751.329333333273,3093.8656666666393,3203.379021089303,3618.9684686009914,0.2738186040339643,0.30790860536093145,-0.2738186040339643,-0.30790860536093145,SCP,x11 lineal,ML,AutoETS,11.071467550251397,37411.0,28921.28400000018,26331.448000000088,-8489.715999999822,-11079.551999999907,9090.675999999818,11079.551999999907,31074055.26344918,40682908.925651595,6,1515.1126666666362,1846.5919999999844,2275.7436609985016,2603.9364087745944,0.2429947341690898,0.2961576007056723,-0.22693100959610335,-0.2961576007056723,SCP,x11 lineal,ML,AutoETS,17.950870215691985,2026-07-11 11:04:33.553,0,,"
8423,63,60,10664,1,68,Alstroemeria,Fall Assortment,Premium,,,AutoARIMA,seasonal_discontinuous_acceptable,seasonal_discontinuous_acceptable_acceptable,acceptable,copy last year,copy last year,success,seasonal_discontinuous_acceptable,NOT_COMPARABLE_MISSING_SCP,1,0,1,0.0,0.0,0.0,0.0,0.0,0.0,,,,,,,0.0,0.0,0.0,0.0,0.0,0.0,,,,,,,,,,,,,,,,,,,,,,,,,,,,,,,,,,,,,,,,,,,,,,,,,,,,,,,,,,,,,,,,,,,,,,,,,,,,,,,,,,,,,,,,,,,,,,,,,,,,,,,,,,,,,,,,,,,,,,,,,,,,,,,,,,,,,,,,,,,,,,,,,,,,,,,,,,,,,,,,,,,,,,,,,,,,,,,,,,,,,,,,,,,,,,2026-07-11 11:04:33.553,0,,NoForecastRowsMaterialized
8424,63,60,10664,1,69,Alstroemeria,Pink Assorted,Select,,,AutoARIMA,seasonal_discontinuous_acceptable,seasonal_discontinuous_acceptable_acceptable,acceptable,x11 lineal,x11 lineal,success,seasonal_discontinuous_acceptable,COMPARABLE,1,1,1,0.0,455.0,410.0,222.0,951.0,0.0,146.54200000000012,953.0580000000033,272.21800000000013,223.1420000000002,1142.4699999999968,96.73300000000002,167.99900000000025,936.0009999999984,324.0,191.99999999999997,1176.000999999999,83.9990000000001,146.54200000000012,498.0580000000033,-137.78199999999987,1.1420000000001949,191.46999999999684,96.73300000000002,167.99900000000025,481.0009999999984,-86.0,-30.00000000000003,225.00099999999907,83.9990000000001,146.54200000000012,498.0580000000033,137.78199999999987,1.1420000000001949,191.46999999999684,96.73300000000002,167.99900000000025,481.0009999999984,86.0,30.00000000000003,225.00099999999907,83.9990000000001,21474.557764000034,248061.77136400327,18983.879523999964,1.304164000000445,36660.76089999879,9357.273289000004,28223.664001000085,231361.96200099844,7396.0,900.0000000000017,50625.45000099958,7055.832001000016,0,1,1,1,1,0,,498.0580000000033,137.78199999999987,1.1420000000001949,191.46999999999684,,,481.0009999999984,86.0,30.00000000000003,225.00099999999907,,,498.0580000000033,137.78199999999987,1.1420000000001949,191.46999999999684,,,481.0009999999984,86.0,30.00000000000003,225.00099999999907,,,1.0946329670329742,0.33605365853658503,0.005144144144145022,0.20133543638275167,,,1.0571450549450514,0.2097560975609756,0.13513513513513525,0.23659411146161838,,,1.0946329670329742,-0.33605365853658503,0.005144144144145022,0.20133543638275167,,,1.0571450549450514,-0.2097560975609756,-0.13513513513513525,0.23659411146161838,,,ML,ML,SCP,SCP,,,AutoARIMA,AutoARIMA,x11 lineal,x11 lineal,,,SCP,SCP,ML,ML,,,x11 lineal,x11 lineal,AutoARIMA,AutoARIMA,,,3.4247015407853625,37.58255795386909,96.19333333333269,14.902600432888022,,1173.0,1462.344999999997,1451.999999999999,289.34499999999707,278.9999999999991,289.34499999999707,338.9999999999992,46019.3383529988,58581.2820019996,2,144.67249999999854,169.4999999999996,151.68938386221825,171.14508757484043,0.24667092924125922,0.28900255754475634,0.24667092924125922,0.2378516624040913,SCP,x11 lineal,ML,AutoARIMA,14.647492625369393,865.0,1371.8180000000036,1427.9999999999986,506.8180000000035,562.9999999999986,782.3820000000032,734.9999999999986,288520.20865200326,266981.62600199855,2,391.1910000000016,367.4999999999993,379.81588214028335,365.36394595115604,0.90448786127168,0.849710982658958,0.5859167630057844,0.6508670520231198,ML,AutoARIMA,SCP,x11 lineal,6.056120923027932,2038.0,2834.1630000000005,2879.9999999999977,796.1630000000007,841.9999999999978,1071.7270000000003,1073.9999999999977,334539.54700500204,325562.90800399816,4,267.9317500000001,268.49999999999943,289.196968779499,285.29060096855545,0.5258719332679098,0.5269872423945033,0.3906589793915607,0.41315014720313925,SCP,x11 lineal,ML,AutoARIMA,0.21163873370554964,2026-07-11 11:04:33.553,0,,
8425,63,60,10664,1,70,Alstroemeria,Yellow,Select,,,MovingAverage3M,intermittent_acceptable,intermittent_acceptable_acceptable,acceptable,syntetos-boylan,syntetos-boylan,success,intermittent_acceptable,NOT_COMPARABLE_MISSING_SCP,1,0,1,18.0,295.0,10.0,0.0,0.0,0.0,,,,,,,0.0,0.0,0.001,0.08200000000000002,0.084,0.08300000000000002,,,,,,,,,,,,,,,,,,,,,,,,,,,,,,,,,,,,,,,,,,,,,,,,,,,,,,,,,,,,,,,,,,,,,,,,,,,,,,,,,,,,,,,,,,,,,,,,,,,,,,,,,,,,,,,,,,,,,,,,,,,,,,,,,,,,,,,,,,,,,,,,,,,,,,,,,,,,,,,,,,,,,,,,,,,,,,,,,,,,,,,,,,,,,,2026-07-11 11:04:33.553,0,,NoForecastRowsMaterialized
8426,63,60,10664,1,71,Anthurium,Assorted,Medium,,,MovingAverage12M,smooth_acceptable,smooth_acceptable_acceptable,acceptable,x11 lineal,x11 lineal,success,smooth_acceptable,COMPARABLE,1,1,1,635.0,1162.0,683.0,609.0,995.0,345.0,584.1889999999985,1008.1940000000035,390.78599999999875,474.60200000000134,606.4330000000003,565.0479999999988,597.5009999999993,597.4990000000008,597.5009999999963,478.4240000000005,478.42099999999976,478.4159999999991,-50.81100000000151,-153.80599999999652,-292.21400000000125,-134.39799999999866,-388.56699999999967,220.04799999999875,-37.499000000000706,-564.5009999999992,-85.49900000000366,-130.5759999999995,-516.5790000000002,133.4159999999991,50.81100000000151,153.80599999999652,292.21400000000125,134.39799999999866,388.56699999999967,220.04799999999875,37.499000000000706,564.5009999999992,85.49900000000366,130.5759999999995,516.5790000000002,133.4159999999991,2581.7577210001537,23656.285635998927,85389.02179600073,18062.82240399964,150984.31348899973,48421.12230399945,1406.175001000053,318661.3790009991,7310.079001000626,17050.091775999874,266853.86324100016,17799.829055999755,1,1,1,1,1,1,50.81100000000151,153.80599999999652,292.21400000000125,134.39799999999866,388.56699999999967,220.04799999999875,37.499000000000706,564.5009999999992,85.49900000000366,130.5759999999995,516.5790000000002,133.4159999999991,50.81100000000151,153.80599999999652,292.21400000000125,134.39799999999866,388.56699999999967,220.04799999999875,37.499000000000706,564.5009999999992,85.49900000000366,130.5759999999995,516.5790000000002,133.4159999999991,0.08001732283464805,0.1323631669535254,0.42783894582723464,0.220686371100162,0.3905195979899494,0.6378202898550689,0.05905354330708772,0.4858012048192764,0.1251815519765793,0.21441050903119788,0.5191748743718595,0.38671304347825824,-0.08001732283464805,-0.1323631669535254,-0.42783894582723464,-0.220686371100162,-0.3905195979899494,0.6378202898550689,-0.05905354330708772,-0.4858012048192764,-0.1251815519765793,-0.21441050903119788,-0.5191748743718595,0.38671304347825824,ML,SCP,ML,ML,SCP,ML,MovingAverage12M,x11 lineal,MovingAverage12M,MovingAverage12M,x11 lineal,MovingAverage12M,SCP,ML,SCP,SCP,ML,SCP,x11 lineal,MovingAverage12M,x11 lineal,x11 lineal,MovingAverage12M,x11 lineal,26.199051386511602,72.753635511718,70.74096381418985,2.8437923183374716,24.78072085779726,39.369592088998836,1949.0,1646.0830000000005,1435.2609999999993,-302.9169999999996,-513.7390000000006,743.0129999999971,780.5709999999988,217468.2581969988,301703.7840729998,3,247.67099999999903,260.19033333333294,269.23859195702164,317.12446771627896,0.3812278091328872,0.40049820420728516,-0.15542175474602338,-0.2635910723447925,SCP,x11 lineal,ML,MovingAverage12M,4.811605862887775,2480.0,1983.1690000000008,1792.5009999999966,-496.8309999999993,-687.4990000000035,496.8309999999993,687.4990000000035,111627.0651529998,327377.63300299976,3,165.6103333333331,229.1663333333345,192.8964015155975,330.34206160836766,0.200335080645161,0.27721733870967885,-0.200335080645161,-0.27721733870967885,SCP,x11 lineal,ML,MovingAverage12M,27.733567612462455,4429.0,3629.2520000000013,3227.761999999996,-799.7479999999989,-1201.2380000000041,1239.8439999999964,1468.0700000000022,329095.3233499986,629081.4170759995,6,206.64066666666608,244.6783333333337,234.19910452077545,323.80071470890846,0.27993768344998793,0.33146759990968666,-0.18057078347256691,-0.27122104312485984,SCP,x11 lineal,ML,MovingAverage12M,15.54598895148088,2026-07-11 11:04:33.553,0,,
8427,63,60,10664,1,73,Orchids,Blue,Large,,,,,,,preserve current forecast,preserve current forecast,success,,NOT_COMPARABLE_MISSING_SCP_AND_ML,1,0,0,0.0,0.0,0.0,0.0,0.0,0.0,,,,,,,,,,,,,,,,,,,,,,,,,,,,,,,,,,,,,,,,,,,,,,,,,,,,,,,,,,,,,,,,,,,,,,,,,,,,,,,,,,,,,,,,,,,,,,,,,,,,,,,,,,,,,,,,,,,,,,,,,,,,,,,,,,,,,,,,,,,,,,,,,,,,,,,,,,,,,,,,,,,,,,,,,,,,,,,,,,,,,,,,,,,,,,,,,,,,,,,,,,2026-07-11 11:04:33.553,1,MissingHistory,NoForecastRowsMaterialized
8428,63,60,10664,1,77,Orchids,White,Super,,,AutoARIMA,smooth_acceptable,smooth_acceptable_acceptable,acceptable,x11 lineal,x11 lineal,success,smooth_acceptable,COMPARABLE,1,1,1,1081.0,1601.0,1317.0,1155.0,954.0,1015.0,1104.3269999999893,1271.7420000000031,1243.4999999999736,1143.6459999999897,1100.9979999999896,1231.368000000016,978.3089999999954,1143.103999999961,1248.5879999999986,1011.8979999999843,1100.7340000000054,1103.597000000005,23.32699999998931,-329.25799999999685,-73.50000000002638,-11.354000000010274,146.9979999999896,216.36800000001608,-102.69100000000458,-457.89600000003907,-68.4120000000014,-143.10200000001566,146.73400000000538,88.59700000000498,23.32699999998931,329.25799999999685,73.50000000002638,11.354000000010274,146.9979999999896,216.36800000001608,102.69100000000458,457.89600000003907,68.4120000000014,143.10200000001566,146.73400000000538,88.59700000000498,544.1489289995013,108410.83056399792,5402.250000003877,128.9133160002333,21608.41200399694,46815.11142400696,10545.44148100094,209668.74681603577,4680.201744000191,20478.182404004485,21530.86675600158,7849.428409000883,1,1,1,1,1,1,23.32699999998931,329.25799999999685,73.50000000002638,11.354000000010274,146.9979999999896,216.36800000001608,102.69100000000458,457.89600000003907,68.4120000000014,143.10200000001566,146.73400000000538,88.59700000000498,23.32699999998931,329.25799999999685,73.50000000002638,11.354000000010274,146.9979999999896,216.36800000001608,102.69100000000458,457.89600000003907,68.4120000000014,143.10200000001566,146.73400000000538,88.59700000000498,0.021579093431997515,0.20565771392879253,0.055808656036466495,0.009830303030311925,0.1540859538783958,0.21317044334976953,0.09499629972248343,0.2860062460962143,0.051945330296128626,0.12389783549784907,0.15380922431866392,0.08728768472906895,0.021579093431997515,-0.20565771392879253,-0.055808656036466495,-0.009830303030311925,0.1540859538783958,0.21317044334976953,-0.09499629972248343,-0.2860062460962143,-0.051945330296128626,-0.12389783549784907,0.15380922431866392,0.08728768472906895,SCP,SCP,ML,SCP,ML,ML,x11 lineal,x11 lineal,AutoARIMA,x11 lineal,AutoARIMA,AutoARIMA,ML,ML,SCP,ML,SCP,SCP,AutoARIMA,AutoARIMA,x11 lineal,AutoARIMA,x11 lineal,x11 lineal,77.28428002455105,28.093278823145702,6.922448979623328,92.06579922013039,0.17959428018355877,59.052632551949266,3124.0,3476.011999999995,3216.2289999999944,352.0119999999954,92.2289999999947,374.72000000001594,378.433000000026,68552.43674400414,49858.47756900695,3,124.90666666667198,126.144333333342,151.16485123202875,128.91661073345946,0.11994878361076054,0.1211373239436703,0.11267989756722004,0.029522727272725577,SCP,x11 lineal,ML,AutoARIMA,0.9811512209584856,3999.0,3619.568999999966,3370.0009999999547,-379.4310000000339,-628.999000000045,426.08500000001254,628.999000000045,114357.2294930013,224894.3900410369,3,142.0283333333375,209.66633333334835,195.24107277329506,273.79699903458703,0.10654788697174607,0.15728907226807828,-0.09488147036760038,-0.15728907226807828,SCP,x11 lineal,ML,AutoARIMA,32.2598287119722,7123.0,7095.580999999961,6586.22999999995,-27.419000000038523,-536.7700000000503,800.8050000000285,1007.4320000000711,182909.66623700544,274752.86761004385,6,133.46750000000475,167.90533333334517,174.59938250988816,213.99099187039153,0.11242524217324561,0.14143366559035112,-0.003849361224208693,-0.07535729327531242,SCP,x11 lineal,ML,AutoARIMA,20.510267690526803,2026-07-11 11:04:33.553,0,,
"8429,63,60,10664,1,79,Protea,Pink,""50cm"",,,,,,,preserve current forecast,preserve current forecast,success,,NOT_COMPARABLE_MISSING_SCP_AND_ML,1,0,0,0.0,0.0,0.0,0.0,0.0,0.0,,,,,,,,,,,,,,,,,,,,,,,,,,,,,,,,,,,,,,,,,,,,,,,,,,,,,,,,,,,,,,,,,,,,,,,,,,,,,,,,,,,,,,,,,,,,,,,,,,,,,,,,,,,,,,,,,,,,,,,,,,,,,,,,,,,,,,,,,,,,,,,,,,,,,,,,,,,,,,,,,,,,,,,,,,,,,,,,,,,,,,,,,,,,,,,,,,,,,,,,,,2026-07-11 11:04:33.553,1,MissingHistory,NoForecastRowsMaterialized"
"8430,63,60,10664,1,80,Protea,Tri-Color,""80cm"",,,,,,,preserve current forecast,preserve current forecast,success,,NOT_COMPARABLE_MISSING_SCP_AND_ML,1,0,0,0.0,0.0,0.0,0.0,0.0,0.0,,,,,,,,,,,,,,,,,,,,,,,,,,,,,,,,,,,,,,,,,,,,,,,,,,,,,,,,,,,,,,,,,,,,,,,,,,,,,,,,,,,,,,,,,,,,,,,,,,,,,,,,,,,,,,,,,,,,,,,,,,,,,,,,,,,,,,,,,,,,,,,,,,,,,,,,,,,,,,,,,,,,,,,,,,,,,,,,,,,,,,,,,,,,,,,,,,,,,,,,,,2026-07-11 11:04:33.553,1,MissingHistory,NoForecastRowsMaterialized"
"8431,63,60,10664,1,81,Roses,Brown,""50cm"",,,AutoETS,erratic_acceptable,erratic_acceptable_acceptable,acceptable,x11 seasonal,x11 seasonal,success,erratic_acceptable,COMPARABLE,1,1,1,1475.0,1850.0,1571.0,1950.0,734.0,1197.0,2566.897000000005,1619.2710000000025,918.569000000004,1334.094999999997,415.1010000000015,1092.1040000000035,2109.2789999999836,1138.4510000000012,723.2989999999996,164.82599999999962,0.001,291.3310000000003,1091.897000000005,-230.72899999999754,-652.430999999996,-615.9050000000029,-318.8989999999985,-104.89599999999655,634.2789999999836,-711.5489999999988,-847.7010000000004,-1785.1740000000004,-733.999,-905.6689999999996,1091.897000000005,230.72899999999754,652.430999999996,615.9050000000029,318.8989999999985,104.89599999999655,634.2789999999836,711.5489999999988,847.7010000000004,1785.1740000000004,733.999,905.6689999999996,1192239.058609011,53235.87144099887,425666.2097609947,379338.9690250036,101696.57220099906,11003.170815999276,402309.8498409792,506301.97940099833,718596.9854010006,3186846.2102760016,538754.532001,820236.3375609993,1,1,1,1,1,1,1091.897000000005,230.72899999999754,652.430999999996,615.9050000000029,318.8989999999985,104.89599999999655,634.2789999999836,711.5489999999988,847.7010000000004,1785.1740000000004,733.999,905.6689999999996,1091.897000000005,230.72899999999754,652.430999999996,615.9050000000029,318.8989999999985,104.89599999999655,634.2789999999836,711.5489999999988,847.7010000000004,1785.1740000000004,733.999,905.6689999999996,0.7402691525423762,0.12471837837837704,0.41529662635263903,0.31584871794871944,0.4344673024523141,0.08763241436925359,0.43001966101693806,0.38462108108108045,0.5395932527052835,0.9154738461538464,0.9999986376021799,0.7566157059314951,0.7402691525423762,-0.12471837837837704,-0.41529662635263903,-0.31584871794871944,-0.4344673024523141,-0.08763241436925359,0.43001966101693806,-0.38462108108108045,-0.5395932527052835,-0.9154738461538464,-0.9999986376021799,-0.7566157059314951,ML,SCP,SCP,SCP,SCP,SCP,AutoETS,x11 seasonal,x11 seasonal,x11 seasonal,x11 seasonal,x11 seasonal,SCP,ML,ML,ML,ML,ML,x11 seasonal,AutoETS,AutoETS,AutoETS,AutoETS,AutoETS,41.910363340133664,67.57370188138864,23.035244738416534,65.49888134153855,56.55321056295738,88.41784360511437,3881.0,2841.300000000002,456.1579999999999,-1039.699999999998,-3424.842,1039.699999999998,3424.842,492038.71204200195,4545837.079838001,3,346.566666666666,1141.614,404.98506640862774,1230.9667041040009,0.26789487245555216,0.8824637979902087,-0.26789487245555216,-0.8824637979902087,SCP,x11 seasonal,ML,AutoETS,69.64239518202598,4896.0,5104.737000000012,3971.0289999999845,208.73700000001145,-924.9710000000155,1975.0569999999984,2193.5289999999827,1671141.1398110045,1627208.814642978,3,658.3523333333328,731.1763333333275,746.3558444895224,736.4801003518872,0.4034021650326794,0.44802471405228406,0.04263419117647293,-0.18892381535948027,SCP,x11 seasonal,ML,AutoETS,9.959840968593811,8777.0,7946.037000000013,4427.186999999984,-830.9629999999866,-4349.813000000016,3014.7569999999964,5618.370999999983,2163179.8518530065,6173045.894480979,6,502.4594999999994,936.3951666666638,600.4414836675048,1014.3179888050377,0.34348376438418554,0.6401243021533534,-0.09467505981542515,-0.4955922296912402,SCP,x11 seasonal,ML,AutoETS,46.341083563189294,2026-07-11 11:04:33.553,0,,"
"8432,63,60,10664,1,82,Roses,Green,""40cm"",,,SeasonalNaive,erratic_acceptable,erratic_acceptable_acceptable,acceptable,x11 lineal,x11 lineal,success,erratic_acceptable,COMPARABLE,1,1,1,1598.0,775.0,500.0,1730.0,1100.0,500.0,924.0609999999998,2176.458999999999,846.8919999999997,3355.026999999998,688.5639999999968,949.3790000000047,799.9990000000053,2274.9999999999936,1049.9999999999993,3510.2539999999867,1260.2520000000002,1360.253999999993,-673.9390000000002,1401.458999999999,346.8919999999997,1625.0269999999982,-411.4360000000032,449.3790000000047,-798.0009999999947,1499.9999999999936,549.9999999999993,1780.2539999999867,160.25200000000018,860.2539999999931,673.9390000000002,1401.458999999999,346.8919999999997,1625.0269999999982,411.4360000000032,449.3790000000047,798.0009999999947,1499.9999999999936,549.9999999999993,1780.2539999999867,160.25200000000018,860.2539999999931,454193.7757210003,1964087.328680997,120334.0596639998,2640712.750728994,169279.58209600265,201941.4856410042,636805.5960009916,2249999.999999981,302499.99999999924,3169304.3045159527,25680.70350400006,740036.9445159881,1,1,1,1,1,1,673.9390000000002,1401.458999999999,346.8919999999997,1625.0269999999982,411.4360000000032,449.3790000000047,798.0009999999947,1499.9999999999936,549.9999999999993,1780.2539999999867,160.25200000000018,860.2539999999931,673.9390000000002,1401.458999999999,346.8919999999997,1625.0269999999982,411.4360000000032,449.3790000000047,798.0009999999947,1499.9999999999936,549.9999999999993,1780.2539999999867,160.25200000000018,860.2539999999931,0.4217390488110139,1.8083341935483856,0.6937839999999994,0.939321965317918,0.3740327272727302,0.8987580000000094,0.4993748435544398,1.9354838709677338,1.0999999999999985,1.029048554913287,0.14568363636363652,1.7205079999999862,-0.4217390488110139,1.8083341935483856,0.6937839999999994,0.939321965317918,-0.3740327272727302,0.8987580000000094,-0.4993748435544398,1.9354838709677338,1.0999999999999985,1.029048554913287,0.14568363636363652,1.7205079999999862,SCP,SCP,SCP,SCP,ML,SCP,x11 lineal,x11 lineal,x11 lineal,x11 lineal,SeasonalNaive,x11 lineal,ML,ML,ML,ML,SCP,ML,SeasonalNaive,SeasonalNaive,SeasonalNaive,SeasonalNaive,x11 lineal,SeasonalNaive,15.546597059401607,6.569399999999681,36.928727272727244,8.719373752284204,61.05056436481034,47.762056322899014,3330.0,4992.969999999999,6130.75999999998,1662.9699999999998,2800.75999999998,2485.842000000006,2800.75999999998,3011933.818466001,3935021.952535941,3,828.614000000002,933.5866666666601,1001.9869956684404,1145.2833641412271,0.746499099099101,0.8410690690690631,0.49939039039039035,0.8410690690690631,SCP,x11 lineal,ML,SeasonalNaive,11.24401948042589,2873.0,3947.4119999999984,4124.998999999998,1074.4119999999984,1251.998999999998,2422.289999999999,2848.0009999999875,2538615.164065997,3189305.5960009717,3,807.4299999999997,949.3336666666625,919.8940453599347,1031.0683126416295,0.843122171945701,0.9912986425339323,0.37396867386007604,0.4357810650887567,SCP,x11 lineal,ML,SeasonalNaive,14.947712448134332,6203.0,8940.381999999998,10255.758999999978,2737.381999999998,4052.7589999999786,4908.132000000005,5648.760999999968,5550548.982531998,7124327.548536913,6,818.0220000000008,941.4601666666613,961.816768978721,1089.673311023149,0.791251330001613,0.910649846848294,0.44129969369659805,0.6533546670965628,SCP,x11 lineal,ML,SeasonalNaive,13.111353091411843,2026-07-11 11:04:33.553,0,,"
"8433,63,60,10664,1,84,Roses,Salmon,""60cm"",,,HistoricAverage,erratic_acceptable,erratic_acceptable_acceptable,acceptable,x11 lineal,x11 lineal,success,erratic_acceptable,COMPARABLE,1,1,1,2090.0,5284.0,3929.0,1400.0,1025.0,675.0,2342.8070000000034,3843.7880000000105,1783.3310000000083,1222.0730000000053,673.1629999999964,52.83500000000003,1325.605999999993,1325.6039999999998,1325.6059999999914,500.0000000000003,199.99999999999926,0.0,252.80700000000343,-1440.2119999999895,-2145.6689999999917,-177.92699999999468,-351.8370000000036,-622.165,-764.394000000007,-3958.396,-2603.3940000000084,-899.9999999999998,-825.0000000000007,-675.0,252.80700000000343,1440.2119999999895,2145.6689999999917,177.92699999999468,351.8370000000036,622.165,764.394000000007,3958.396,2603.3940000000084,899.9999999999998,825.0000000000007,675.0,63911.37924900173,2074210.6049439698,4603895.457560964,31658.017328998107,123789.27456900255,387089.287225,584298.1872360108,15668898.892816002,6777660.319236044,809999.9999999995,680625.0000000012,455625.0,1,1,1,1,1,1,252.80700000000343,1440.2119999999895,2145.6689999999917,177.92699999999468,351.8370000000036,622.165,764.394000000007,3958.396,2603.3940000000084,899.9999999999998,825.0000000000007,675.0,252.80700000000343,1440.2119999999895,2145.6689999999917,177.92699999999468,351.8370000000036,622.165,764.394000000007,3958.396,2603.3940000000084,899.9999999999998,825.0000000000007,675.0,0.12096028708134135,0.27256093868281406,0.5461107151947039,0.12709071428571048,0.3432556097561011,0.9217259259259258,0.36573875598086464,0.7491286903860712,0.6626098243827967,0.6428571428571427,0.8048780487804885,1.0,0.12096028708134135,-0.27256093868281406,-0.5461107151947039,-0.12709071428571048,-0.3432556097561011,-0.9217259259259258,-0.36573875598086464,-0.7491286903860712,-0.6626098243827967,-0.6428571428571427,-0.8048780487804885,-1.0,SCP,SCP,SCP,SCP,SCP,SCP,x11 lineal,x11 lineal,x11 lineal,x11 lineal,x11 lineal,x11 lineal,ML,ML,ML,ML,ML,ML,HistoricAverage,HistoricAverage,HistoricAverage,HistoricAverage,HistoricAverage,HistoricAverage,66.92713443590596,63.61627285395425,17.58185660718336,80.23033333333392,57.35309090909051,7.827407407407416,3100.0,1948.0710000000017,699.9999999999995,-1151.9289999999983,-2400.0000000000005,1151.9289999999983,2400.0000000000005,542536.5791230006,1946250.0000000007,3,383.9763333333328,800.0000000000001,425.2593636527402,805.4501846793507,0.3715899999999994,0.774193548387097,-0.3715899999999994,-0.774193548387097,SCP,x11 lineal,ML,HistoricAverage,52.00295833333342,11303.0,7969.926000000022,3976.815999999984,-3333.073999999978,-7326.184000000016,3838.6879999999846,7326.184000000016,6742017.441753936,23030857.39928806,3,1279.5626666666615,2442.0613333333386,1499.1127867012915,2770.7313955757877,0.33961673891886973,0.6481627886401854,-0.2948840130938669,-0.6481627886401854,SCP,x11 lineal,ML,HistoricAverage,47.603172401894675,14403.0,9917.997000000023,4676.815999999983,-4485.002999999976,-9726.184000000016,4990.616999999983,9726.184000000016,7284554.020876936,24977107.39928806,6,831.7694999999972,1621.0306666666693,1101.858582946479,2040.3066517596505,0.34649843782545187,0.6752887592862609,-0.3113936679858346,-0.6752887592862609,SCP,x11 lineal,ML,HistoricAverage,48.6888485761736,2026-07-11 11:04:33.553,0,,"
8434,63,60,10664,1,85,Alstroemeria,Assorted,Select,,,SeasonalNaive,smooth_acceptable,smooth_acceptable_acceptable,acceptable,x11 lineal,x11 lineal,success,smooth_acceptable,COMPARABLE,1,1,1,3440.0,5949.0,5094.0,5030.0,4759.0,3972.0,4414.986999999895,4816.027999999877,3903.926999999997,3599.9069999999997,3857.4119999999675,3958.390000000089,4654.9990000000935,4347.000000000012,3529.0009999999916,4344.001000000008,4749.997999999994,4284.000999999892,974.9869999998946,-1132.9720000001234,-1190.073000000003,-1430.0930000000003,-901.5880000000325,-13.609999999910997,1214.9990000000935,-1601.9999999999882,-1564.9990000000084,-685.9989999999916,-9.002000000005864,312.000999999892,974.9869999998946,1132.9720000001234,1190.073000000003,1430.0930000000003,901.5880000000325,13.609999999910997,1214.9990000000935,1601.9999999999882,1564.9990000000084,685.9989999999916,9.002000000005864,312.000999999892,950599.6501687944,1283625.5527842797,1416273.7453290073,2045165.9886490009,812860.9217440586,185.23209999757734,1476222.570001227,2566403.9999999623,2449221.8700010264,470594.6280009885,81.03600400010558,97344.62400093258,1,1,1,1,1,1,974.9869999998946,1132.9720000001234,1190.073000000003,1430.0930000000003,901.5880000000325,13.609999999910997,1214.9990000000935,1601.9999999999882,1564.9990000000084,685.9989999999916,9.002000000005864,312.000999999892,974.9869999998946,1132.9720000001234,1190.073000000003,1430.0930000000003,901.5880000000325,13.609999999910997,1214.9990000000935,1601.9999999999882,1564.9990000000084,685.9989999999916,9.002000000005864,312.000999999892,0.28342645348834145,0.19044747016307337,0.23362249705535984,0.28431272365805177,0.18944904391679607,0.0034264853977620836,0.3531973837209574,0.2692889561270782,0.3072239890066762,0.13638151093439196,0.0018915738600558656,0.07855010070490734,0.28342645348834145,-0.19044747016307337,-0.23362249705535984,-0.28431272365805177,-0.18944904391679607,-0.0034264853977620836,0.3531973837209574,-0.2692889561270782,-0.3072239890066762,-0.13638151093439196,-0.0018915738600558656,0.07855010070490734,SCP,SCP,SCP,ML,ML,SCP,x11 lineal,x11 lineal,x11 lineal,SeasonalNaive,SeasonalNaive,x11 lineal,ML,ML,ML,SCP,SCP,ML,SeasonalNaive,SeasonalNaive,SeasonalNaive,x11 lineal,x11 lineal,SeasonalNaive,19.754090332599482,29.277652933824484,23.956948215302596,52.03116160977004,99.00153950584907,95.63783449414723,13761.0,11415.709000000055,13377.999999999894,-2345.290999999944,-383.0000000001055,2345.290999999944,1007.0019999998894,2858212.142493057,568020.2880059212,3,781.763666666648,335.6673333332965,976.0826711047681,435.132274144281,0.17043027396264399,0.07317796671752703,-0.17043027396264399,-0.027832279630848448,ML,SeasonalNaive,SCP,x11 lineal,57.062812248036025,14483.0,13134.94199999977,12531.000000000098,-1348.058000000232,-1951.9999999999031,3298.032000000021,4381.9980000000905,3650498.9482820816,6491848.440002215,3,1099.344000000007,1460.6660000000302,1103.1015287636465,1471.0368724137197,0.22771746185182773,0.3025614858800035,-0.09307864392737913,-0.13477870606917788,SCP,x11 lineal,ML,SeasonalNaive,24.73679814550456,28244.0,24550.650999999823,25908.99999999999,-3693.3490000001757,-2335.0000000000086,5643.322999999966,5388.99999999998,6508711.09077514,7059868.728008138,6,940.5538333333276,898.1666666666633,1041.5302116577593,1084.732588245304,0.19980608270783054,0.19080158617759455,-0.13076579096445884,-0.08267242600198303,ML,SeasonalNaive,SCP,x11 lineal,4.506617820741201,2026-07-11 11:04:33.553,0,,
8435,63,60,10664,1,86,Alstroemeria,Bicolor,Select,,,MovingAverage12M,intermittent_acceptable,intermittent_acceptable_acceptable,acceptable,syntetos-boylan,syntetos-boylan,success,intermittent_acceptable,NOT_COMPARABLE_NO_HISTORY,1,1,1,0.0,0.0,0.0,0.0,0.0,0.0,2.9179999999999993,0.3410000000000002,20.19900000000001,0.6300000000000001,0.42600000000000016,0.0,6.6659999999999995,6.667999999999999,6.664999999999999,6.668,6.6659999999999995,6.666999999999999,,,,,,,,,,,,,,,,,,,,,,,,,,,,,,,,,,,,,,,,,,,,,,,,,,,,,,,,,,,,,,,,,,,,,,,,,,,,,,,,,,,,,,,,,,,,,,,,,,,,,,,,,,,,,,,,,,,,,,,,,,,,,,,,,,,,,,,,,,,,,,,,,,,,,,,,,,,,,,,,,,,,,,,,,,,,,,,,,,,,,,,,,,,,,,2026-07-11 11:04:33.553,0,,
8436,63,60,10664,1,88,Alstroemeria,Pink Hot,Premium,,,AutoTheta,erratic_acceptable,erratic_acceptable_acceptable,acceptable,x11 lineal,x11 lineal,success,erratic_acceptable,COMPARABLE,1,1,1,423.0,875.0,899.0,733.0,1040.0,583.0,517.8319999999999,1575.9470000000028,728.1930000000025,399.2340000000031,866.5390000000035,512.2389999999999,628.3380000000051,2488.5610000000115,1030.841999999997,555.9189999999959,1224.0679999999998,705.6059999999966,94.83199999999988,700.9470000000028,-170.80699999999752,-333.7659999999969,-173.4609999999965,-70.76100000000008,205.33800000000508,1613.5610000000115,131.84199999999691,-177.0810000000041,184.06799999999976,122.60599999999658,94.83199999999988,700.9470000000028,170.80699999999752,333.7659999999969,173.4609999999965,70.76100000000008,205.33800000000508,1613.5610000000115,131.84199999999691,177.0810000000041,184.06799999999976,122.60599999999658,8993.108223999978,491326.696809004,29175.031248999152,111399.74275599793,30088.71852099878,5007.119121000012,42163.69424400209,2603579.100721037,17382.312963999186,31357.680561001456,33881.02862399991,15032.231235999163,1,1,1,1,1,1,94.83199999999988,700.9470000000028,170.80699999999752,333.7659999999969,173.4609999999965,70.76100000000008,205.33800000000508,1613.5610000000115,131.84199999999691,177.0810000000041,184.06799999999976,122.60599999999658,94.83199999999988,700.9470000000028,170.80699999999752,333.7659999999969,173.4609999999965,70.76100000000008,205.33800000000508,1613.5610000000115,131.84199999999691,177.0810000000041,184.06799999999976,122.60599999999658,0.224189125295508,0.801082285714289,0.1899966629588404,0.45534242837653055,0.1667894230769197,0.12137392795883375,0.4854326241134872,1.8440697142857274,0.1466540600667374,0.24158390177353903,0.17698846153846132,0.21030188679244696,0.224189125295508,0.801082285714289,-0.1899966629588404,-0.45534242837653055,-0.1667894230769197,-0.12137392795883375,0.4854326241134872,1.8440697142857274,0.1466540600667374,-0.24158390177353903,0.17698846153846132,0.21030188679244696,SCP,SCP,ML,ML,SCP,SCP,x11 lineal,x11 lineal,AutoTheta,AutoTheta,x11 lineal,x11 lineal,ML,ML,SCP,SCP,ML,ML,AutoTheta,AutoTheta,x11 lineal,x11 lineal,AutoTheta,AutoTheta,53.816634037539316,56.55900210776055,22.812296919916143,46.94456595339077,5.7625442771167625,42.28585876710597,2356.0,1778.0120000000065,2485.592999999992,-577.9879999999935,129.59299999999223,577.9879999999935,483.75500000000045,146495.5803979967,80270.94042100053,3,192.66266666666448,161.2516666666668,220.9793205996108,163.57560985774595,0.24532597623089705,0.20532894736842125,-0.24532597623089705,0.05500551782682183,ML,AutoTheta,SCP,x11 lineal,16.303625680808953,2197.0,2821.972000000005,4147.741000000014,624.9720000000052,1950.7410000000136,966.5860000000002,1950.7410000000136,529494.8362820032,2663125.1079290383,3,322.1953333333334,650.2470000000045,420.1169822331249,942.1827685272532,0.43995721438325,0.8879112426035565,0.28446609012289725,0.8879112426035565,SCP,x11 lineal,ML,AutoTheta,50.450316059384946,4553.0,4599.984000000011,6633.334000000006,46.98400000001175,2080.3340000000057,1544.5739999999937,2434.496000000014,675990.4166799999,2743396.048350039,6,257.42899999999895,405.7493333333357,335.65617742962314,676.1898215183414,0.3392431363935853,0.5347015154842992,0.010319349879203106,0.4569150010981783,SCP,x11 lineal,ML,AutoTheta,36.55467086411378,2026-07-11 11:04:33.553,0,,
8437,63,60,10664,1,89,Alstroemeria,Red,Perfection,,,,intermittent_obsolete,intermittent_obsolete_obsolete,obsolete,preserve current forecast,preserve current forecast,success,intermittent_obsolete,NOT_COMPARABLE_MISSING_SCP,1,0,1,0.0,0.0,0.0,0.0,0.0,0.0,,,,,,,0.0,0.0,0.0,0.0,0.0,0.0,,,,,,,,,,,,,,,,,,,,,,,,,,,,,,,,,,,,,,,,,,,,,,,,,,,,,,,,,,,,,,,,,,,,,,,,,,,,,,,,,,,,,,,,,,,,,,,,,,,,,,,,,,,,,,,,,,,,,,,,,,,,,,,,,,,,,,,,,,,,,,,,,,,,,,,,,,,,,,,,,,,,,,,,,,,,,,,,,,,,,,,,,,,,,,2026-07-11 11:04:33.553,0,,NoForecastRowsMaterialized
8438,63,60,10664,1,90,Alstroemeria,Yellow,Fancy,,,,,,,preserve current forecast,preserve current forecast,success,,NOT_COMPARABLE_MISSING_SCP_AND_ML,1,0,0,0.0,0.0,0.0,0.0,0.0,0.0,,,,,,,,,,,,,,,,,,,,,,,,,,,,,,,,,,,,,,,,,,,,,,,,,,,,,,,,,,,,,,,,,,,,,,,,,,,,,,,,,,,,,,,,,,,,,,,,,,,,,,,,,,,,,,,,,,,,,,,,,,,,,,,,,,,,,,,,,,,,,,,,,,,,,,,,,,,,,,,,,,,,,,,,,,,,,,,,,,,,,,,,,,,,,,,,,,,,,,,,,,2026-07-11 11:04:33.553,1,MissingHistory,NoForecastRowsMaterialized
8439,63,60,10664,1,92,Anthurium,Grn/Wht,Medium,,,,,,,copy last year,copy last year,success,,NOT_COMPARABLE_MISSING_SCP_AND_ML,1,0,0,157.0,260.0,160.0,299.0,134.0,180.0,,,,,,,,,,,,,,,,,,,,,,,,,,,,,,,,,,,,,,,,,,,,,,,,,,,,,,,,,,,,,,,,,,,,,,,,,,,,,,,,,,,,,,,,,,,,,,,,,,,,,,,,,,,,,,,,,,,,,,,,,,,,,,,,,,,,,,,,,,,,,,,,,,,,,,,,,,,,,,,,,,,,,,,,,,,,,,,,,,,,,,,,,,,,,,,,,,,,,,,,,,2026-07-11 11:04:33.553,1,ShortSeries,NoForecastRowsMaterialized
8440,63,60,10664,1,93,Anthurium,Red,Extra Large,,,,,,,preserve current forecast,preserve current forecast,success,,NOT_COMPARABLE_MISSING_SCP_AND_ML,1,0,0,0.0,0.0,0.0,0.0,0.0,0.0,,,,,,,,,,,,,,,,,,,,,,,,,,,,,,,,,,,,,,,,,,,,,,,,,,,,,,,,,,,,,,,,,,,,,,,,,,,,,,,,,,,,,,,,,,,,,,,,,,,,,,,,,,,,,,,,,,,,,,,,,,,,,,,,,,,,,,,,,,,,,,,,,,,,,,,,,,,,,,,,,,,,,,,,,,,,,,,,,,,,,,,,,,,,,,,,,,,,,,,,,,2026-07-11 11:04:33.553,1,MissingHistory,NoForecastRowsMaterialized
"8441,63,60,10664,1,94,Orchids,Blue,"""",,,,,,,preserve current forecast,preserve current forecast,success,,NOT_COMPARABLE_MISSING_SCP_AND_ML,1,0,0,0.0,0.0,0.0,0.0,0.0,0.0,,,,,,,,,,,,,,,,,,,,,,,,,,,,,,,,,,,,,,,,,,,,,,,,,,,,,,,,,,,,,,,,,,,,,,,,,,,,,,,,,,,,,,,,,,,,,,,,,,,,,,,,,,,,,,,,,,,,,,,,,,,,,,,,,,,,,,,,,,,,,,,,,,,,,,,,,,,,,,,,,,,,,,,,,,,,,,,,,,,,,,,,,,,,,,,,,,,,,,,,,,2026-07-11 11:04:33.553,1,MissingHistory,NoForecastRowsMaterialized"
8442,63,60,10664,1,95,Orchids,Pale Pink,Super,,,,,,,copy last year,copy last year,success,,NOT_COMPARABLE_MISSING_SCP_AND_ML,1,0,0,0.0,1.0,0.0,0.0,0.0,0.0,,,,,,,,,,,,,,,,,,,,,,,,,,,,,,,,,,,,,,,,,,,,,,,,,,,,,,,,,,,,,,,,,,,,,,,,,,,,,,,,,,,,,,,,,,,,,,,,,,,,,,,,,,,,,,,,,,,,,,,,,,,,,,,,,,,,,,,,,,,,,,,,,,,,,,,,,,,,,,,,,,,,,,,,,,,,,,,,,,,,,,,,,,,,,,,,,,,,,,,,,,2026-07-11 11:04:33.553,1,ShortSeries,NoForecastRowsMaterialized
"8443,63,60,10664,1,97,Orchids,White,""8/11 bloom"",,,,,,,copy last year,copy last year,success,,NOT_COMPARABLE_MISSING_SCP_AND_ML,1,0,0,0.0,0.0,0.0,0.0,0.0,0.0,,,,,,,,,,,,,,,,,,,,,,,,,,,,,,,,,,,,,,,,,,,,,,,,,,,,,,,,,,,,,,,,,,,,,,,,,,,,,,,,,,,,,,,,,,,,,,,,,,,,,,,,,,,,,,,,,,,,,,,,,,,,,,,,,,,,,,,,,,,,,,,,,,,,,,,,,,,,,,,,,,,,,,,,,,,,,,,,,,,,,,,,,,,,,,,,,,,,,,,,,,2026-07-11 11:04:33.553,1,ShortSeries,NoForecastRowsMaterialized"
"8444,63,60,10664,1,98,Protea,"""","""",,,MovingAverage3M,erratic_acceptable,erratic_acceptable_acceptable,acceptable,x11 lineal,x11 lineal,success,erratic_acceptable,COMPARABLE,1,1,1,347.0,108.0,69.0,52.0,532.0,878.0,184.18099999999964,332.5529999999985,131.10699999999883,363.0509999999996,728.128000000003,412.57499999999976,531.3340000000006,531.3320000000011,531.3329999999979,1911.2349999999856,1717.823999999997,1360.4119999999984,-162.81900000000036,224.55299999999852,62.106999999998834,311.0509999999996,196.128000000003,-465.42500000000024,184.33400000000063,423.33200000000113,462.3329999999979,1859.2349999999856,1185.823999999997,482.41199999999844,162.81900000000036,224.55299999999852,62.106999999998834,311.0509999999996,196.128000000003,465.42500000000024,184.33400000000063,423.33200000000113,462.3329999999979,1859.2349999999856,1185.823999999997,482.41199999999844,26510.026761000117,50424.049808999334,3857.279448999855,96752.72460099975,38466.19238400117,216620.4306250002,33979.02355600023,179209.98222400097,213751.8028889981,3456754.785224946,1406178.5589759932,232721.3377439985,1,1,1,1,1,1,162.81900000000036,224.55299999999852,62.106999999998834,311.0509999999996,196.128000000003,465.42500000000024,184.33400000000063,423.33200000000113,462.3329999999979,1859.2349999999856,1185.823999999997,482.41199999999844,162.81900000000036,224.55299999999852,62.106999999998834,311.0509999999996,196.128000000003,465.42500000000024,184.33400000000063,423.33200000000113,462.3329999999979,1859.2349999999856,1185.823999999997,482.41199999999844,0.46921902017291167,2.079194444444431,0.9001014492753454,5.981749999999992,0.36866165413534396,0.530096810933941,0.5312219020172929,3.9197407407407514,6.700478260869535,35.754519230768956,2.228992481203002,0.5494441913439618,-0.46921902017291167,2.079194444444431,0.9001014492753454,5.981749999999992,0.36866165413534396,-0.530096810933941,0.5312219020172929,3.9197407407407514,6.700478260869535,35.754519230768956,2.228992481203002,0.5494441913439618,SCP,SCP,SCP,SCP,SCP,SCP,x11 lineal,x11 lineal,x11 lineal,x11 lineal,x11 lineal,x11 lineal,ML,ML,ML,ML,ML,ML,MovingAverage3M,MovingAverage3M,MovingAverage3M,MovingAverage3M,MovingAverage3M,MovingAverage3M,11.671748022611247,46.955817183676665,86.56660891608449,83.26994704811376,83.46061472866096,3.5212639818243194,1462.0,1503.7540000000022,4989.470999999981,41.75400000000235,3527.4709999999814,972.6040000000029,3527.4709999999814,351839.3476100011,5095654.681944938,3,324.2013333333343,1175.8236666666605,342.461359187671,1303.2849115401868,0.6652558139534903,2.4127708618330925,0.028559507523941416,2.4127708618330925,SCP,x11 lineal,ML,MovingAverage3M,72.42772513225458,524.0,647.8409999999969,1593.9989999999998,123.840999999997,1069.9989999999998,449.4789999999977,1069.9989999999998,80791.3560189993,426940.80866899923,3,149.82633333333257,356.6663333333333,164.10500298995487,377.2447519710068,0.8577843511450338,2.0419828244274805,0.23633778625953625,2.0419828244274805,SCP,x11 lineal,ML,MovingAverage3M,57.9925775631568,1986.0,2151.5949999999993,6583.469999999981,165.5949999999993,4597.469999999981,1422.0830000000005,4597.469999999981,432630.7036290004,5522595.490613937,6,237.01383333333342,766.2449999999968,268.52396033035876,959.3917769967541,0.7160538771399801,2.3149395770392656,0.08338116817724033,2.3149395770392656,SCP,x11 lineal,ML,MovingAverage3M,69.0681396507208,2026-07-11 11:04:33.553,0,,"
"8445,63,60,10664,1,99,Protea,Orange,""40-50cm"",,,MovingAverage3M,intermittent_acceptable,intermittent_acceptable_acceptable,acceptable,seasonal discrete,seasonal discrete,success,intermittent_acceptable,COMPARABLE,1,1,1,0.0,100.0,270.0,539.0,100.0,0.0,51.39499999999988,143.70099999999982,205.17000000000007,140.50600000000034,281.1090000000001,0.0,138.32499999999985,138.32300000000015,138.32399999999998,0.0,0.0,0.0,51.39499999999988,43.70099999999982,-64.82999999999993,-398.4939999999997,181.1090000000001,0.0,138.32499999999985,38.32300000000015,-131.67600000000002,-539.0,-100.0,0.0,51.39499999999988,43.70099999999982,64.82999999999993,398.4939999999997,181.1090000000001,0.0,138.32499999999985,38.32300000000015,131.67600000000002,539.0,100.0,0.0,2641.446024999988,1909.7774009999846,4202.928899999991,158797.46803599974,32800.46988100003,0.0,19133.805624999957,1468.6523290000114,17338.568976000006,290521.0,10000.0,0.0,0,1,1,1,1,0,,43.70099999999982,64.82999999999993,398.4939999999997,181.1090000000001,,,38.32300000000015,131.67600000000002,539.0,100.0,,,43.70099999999982,64.82999999999993,398.4939999999997,181.1090000000001,,,38.32300000000015,131.67600000000002,539.0,100.0,,,0.43700999999999823,0.24011111111111083,0.7393209647495356,1.811090000000001,,,0.3832300000000015,0.48768888888888895,1.0,1.0,,,0.43700999999999823,-0.24011111111111083,-0.7393209647495356,1.811090000000001,,,0.3832300000000015,-0.48768888888888895,-1.0,-1.0,,,ML,SCP,SCP,ML,,,MovingAverage3M,seasonal discrete,seasonal discrete,MovingAverage3M,,,SCP,ML,ML,SCP,,,seasonal discrete,MovingAverage3M,MovingAverage3M,seasonal discrete,,,12.30635454566187,50.76551535587357,26.067903525046443,44.784632458905996,,639.0,421.61500000000046,0.0,-217.3849999999996,-639.0,579.6029999999998,639.0,191597.93791699977,300521.0,2,289.8014999999999,319.5,309.5140852344201,387.6344927892769,0.9070469483568072,1.0,-0.340195618153364,-1.0,SCP,seasonal discrete,ML,MovingAverage3M,9.295305164319279,370.0,400.26599999999974,414.972,30.265999999999778,44.97199999999998,159.92599999999965,308.324,8754.152325999963,37941.02692999998,2,79.96299999999982,154.162,66.15947523219921,137.73348708647433,0.4322324324324315,0.8333081081081082,0.0817999999999994,0.1215459459459459,SCP,seasonal discrete,ML,MovingAverage3M,48.130538005474875,1009.0,821.8810000000003,414.972,-187.1189999999998,-594.028,739.5289999999995,947.3240000000001,200352.09024299972,338462.02693,4,184.88224999999989,236.83100000000002,223.80353563058367,290.8874468458548,0.7329326065411294,0.9388741328047573,-0.18544995044598592,-0.5887294350842418,SCP,seasonal discrete,ML,MovingAverage3M,21.934945171873675,2026-07-11 11:04:33.553,0,,"
"8446,63,60,10664,1,101,Protea,Tri-Color,"""",,,MovingAverage12M,lumpy_acceptable,lumpy_acceptable_acceptable,acceptable,seasonal discrete,seasonal discrete,success,lumpy_acceptable,NOT_COMPARABLE_MISSING_SCP,1,0,1,0.0,0.0,0.0,0.0,0.0,0.0,,,,,,,0.522,0.52,0.521,1.752,1.752,1.7510000000000003,,,,,,,,,,,,,,,,,,,,,,,,,,,,,,,,,,,,,,,,,,,,,,,,,,,,,,,,,,,,,,,,,,,,,,,,,,,,,,,,,,,,,,,,,,,,,,,,,,,,,,,,,,,,,,,,,,,,,,,,,,,,,,,,,,,,,,,,,,,,,,,,,,,,,,,,,,,,,,,,,,,,,,,,,,,,,,,,,,,,,,,,,,,,,,2026-07-11 11:04:33.553,0,,NoForecastRowsMaterialized"
"8447,63,60,10664,1,102,Roses,Brown,""60cm"",,,AutoTheta,erratic_acceptable,erratic_acceptable_acceptable,acceptable,x11 seasonal,x11 seasonal,success,erratic_acceptable,COMPARABLE,1,1,1,4000.0,6511.0,5500.0,4800.0,5768.0,3288.0,4422.648999999968,5791.696999999982,5103.938000000031,3440.7580000000016,4402.165000000012,2516.974000000015,5754.998999999998,7560.4100000000435,6190.188999999972,10083.334000000095,10083.332000000035,10083.333999999853,422.6489999999676,-719.3030000000181,-396.061999999969,-1359.2419999999984,-1365.8349999999882,-771.0259999999848,1754.998999999998,1049.4100000000435,690.1889999999721,5283.334000000095,4315.332000000035,6795.333999999853,422.6489999999676,719.3030000000181,396.061999999969,1359.2419999999984,1365.8349999999882,771.0259999999848,1754.998999999998,1049.4100000000435,690.1889999999721,5283.334000000095,4315.332000000035,6795.333999999853,178632.17720097263,517396.805809026,156865.10784397542,1847538.8145639955,1865505.2472249677,594481.0926759766,3080021.490000993,1101261.3481000913,476360.8557209615,27913618.155557007,18622090.270224303,46176564.17155401,1,1,1,1,1,1,422.6489999999676,719.3030000000181,396.061999999969,1359.2419999999984,1365.8349999999882,771.0259999999848,1754.998999999998,1049.4100000000435,690.1889999999721,5283.334000000095,4315.332000000035,6795.333999999853,422.6489999999676,719.3030000000181,396.061999999969,1359.2419999999984,1365.8349999999882,771.0259999999848,1754.998999999998,1049.4100000000435,690.1889999999721,5283.334000000095,4315.332000000035,6795.333999999853,0.1056622499999919,0.11047504223621842,0.07201127272726708,0.28317541666666635,0.23679524965325732,0.23449695863746498,0.4387497499999995,0.16117493472585526,0.12548890909090402,1.1006945833333532,0.7481504854368992,2.0667074209245295,0.1056622499999919,-0.11047504223621842,-0.07201127272726708,-0.28317541666666635,-0.23679524965325732,-0.23449695863746498,0.4387497499999995,0.16117493472585526,0.12548890909090402,1.1006945833333532,0.7481504854368992,2.0667074209245295,SCP,SCP,SCP,SCP,SCP,SCP,x11 seasonal,x11 seasonal,x11 seasonal,x11 seasonal,x11 seasonal,x11 seasonal,ML,ML,ML,ML,ML,ML,AutoTheta,AutoTheta,AutoTheta,AutoTheta,AutoTheta,AutoTheta,75.91742217517114,31.45643742674567,42.61542852755043,74.27302532832537,68.34924867889708,88.65359671798323,13856.0,10359.897000000028,30249.999999999985,-3496.1029999999714,16393.999999999985,3496.1029999999714,16393.999999999985,4307525.15446494,92712272.59733531,3,1165.3676666666572,5464.6666666666615,1198.2661299373274,5559.144796259442,0.2523169024249402,1.1831697459584285,-0.2523169024249402,1.1831697459584285,SCP,x11 seasonal,ML,AutoTheta,78.67449676711007,16011.0,15318.283999999981,19505.598000000013,-692.7160000000194,3494.5980000000136,1538.0139999999546,3494.5980000000136,852894.090853974,4657643.693822046,3,512.6713333333182,1164.8660000000045,533.1960523903548,1246.012800070963,0.09605983386421552,0.21826231965523787,-0.04326500530885138,0.21826231965523787,SCP,x11 seasonal,ML,AutoTheta,55.98881473634596,29867.0,25678.18100000001,49755.598,-4188.81899999999,19888.597999999998,5034.116999999926,19888.597999999998,5160419.245318914,97369916.29115736,6,839.0194999999876,3314.766333333333,927.3995224388565,4028.4388268732046,0.1685511434024149,0.665905447483845,-0.14024907088090502,0.665905447483845,SCP,x11 seasonal,ML,AutoTheta,74.68842700727359,2026-07-11 11:04:33.553,0,,"
"8448,63,60,10664,1,103,Roses,Brown,""70-80cm"",,,SeasonalNaive,seasonal_discontinuous_acceptable,seasonal_discontinuous_acceptable_acceptable,acceptable,seasonal discrete,seasonal discrete,success,seasonal_discontinuous_acceptable,COMPARABLE,1,1,1,750.0,150.0,225.0,0.0,0.0,0.0,877.7180000000025,772.536000000003,233.60599999999934,461.124999999997,325.04500000000127,285.2659999999967,299.9990000000007,74.99999999999928,0.0,0.001,100.00000000000018,99.99900000000167,127.71800000000246,622.536000000003,8.60599999999934,461.124999999997,325.04500000000127,285.2659999999967,-450.0009999999993,-75.00000000000072,-225.0,0.001,100.00000000000018,99.99900000000167,127.71800000000246,622.536000000003,8.60599999999934,461.124999999997,325.04500000000127,285.2659999999967,450.0009999999993,75.00000000000072,225.0,0.001,100.00000000000018,99.99900000000167,16311.88752400063,387551.07129600376,74.06323599998865,212636.26562499724,105654.25202500082,81376.69075599813,202500.90000099936,5625.000000000109,50625.0,0.000001,10000.000000000036,9999.800001000334,1,1,1,0,0,0,127.71800000000246,622.536000000003,8.60599999999934,,,,450.0009999999993,75.00000000000072,225.0,,,,127.71800000000246,622.536000000003,8.60599999999934,,,,450.0009999999993,75.00000000000072,225.0,,,,0.17029066666666995,4.15024000000002,0.03824888888888596,,,,0.6000013333333324,0.5000000000000049,1.0,,,,0.17029066666666995,4.15024000000002,0.03824888888888596,,,,-0.6000013333333324,-0.5000000000000049,-1.0,,,,SCP,ML,SCP,,,,seasonal discrete,SeasonalNaive,seasonal discrete,,,,ML,SCP,ML,,,,SeasonalNaive,seasonal discrete,SeasonalNaive,,,,71.61828529269876,87.95250395157865,96.1751111111114,,,,0.0,1071.435999999995,200.00000000000185,1071.435999999995,200.00000000000185,1071.435999999995,200.00000000000185,399667.2084059962,19999.80000200037,0,,,,,,,,,,,,,,1125.0,1883.8600000000047,374.99899999999997,758.8600000000048,-750.001,758.8600000000048,750.001,403937.0220560044,258750.90000099948,3,252.95333333333494,250.00033333333332,366.9409680298292,293.6840138658098,0.6745422222222265,0.6666675555555556,0.6745422222222265,-0.6666675555555556,ML,SeasonalNaive,SCP,seasonal discrete,1.1674090082498385,1125.0,2955.296,574.9990000000018,1830.2959999999996,-550.0009999999982,1830.2959999999996,950.0010000000018,803604.2304620006,278750.70000299986,3,610.0986666666665,316.6670000000006,517.5597326112869,304.8227353741843,1.6269297777777774,0.8444453333333349,1.6269297777777774,-0.48888977777777615,ML,SeasonalNaive,SCP,seasonal discrete,48.09577248707302,2026-07-11 11:04:33.553,0,,"
8449,63,60,10664,1,104,Alstroemeria,Peach,Premium,,,SeasonalNaive,intermittent_insuficient,intermittent_insuficient_insuficient,insuficient,seasonal discrete,seasonal discrete,success,intermittent_insuficient,COMPARABLE,1,1,1,43.0,146.0,5.0,0.0,0.0,0.0,94.00099999999985,106.00099999999995,12.99900000000002,7.0,0.0,12.0,94.0,105.99900000000012,12.999999999999982,50.33400000000001,50.33200000000005,50.33399999999998,51.00099999999985,-39.99900000000005,7.99900000000002,7.0,0.0,12.0,51.0,-40.00099999999988,7.999999999999982,50.33400000000001,50.33200000000005,50.33399999999998,51.00099999999985,39.99900000000005,7.99900000000002,7.0,0.0,12.0,51.0,40.00099999999988,7.999999999999982,50.33400000000001,50.33200000000005,50.33399999999998,2601.1020009999847,1599.9200010000043,63.98400100000032,49.0,0.0,144.0,2601.0,1600.0800009999903,63.999999999999716,2533.511556000001,2533.3102240000053,2533.511555999998,1,1,1,0,0,0,51.00099999999985,39.99900000000005,7.99900000000002,,,,51.0,40.00099999999988,7.999999999999982,,,,51.00099999999985,39.99900000000005,7.99900000000002,,,,51.0,40.00099999999988,7.999999999999982,,,,1.186069767441857,0.2739657534246579,1.599800000000004,,,,1.186046511627907,0.2739794520547937,1.5999999999999965,,,,1.186069767441857,-0.2739657534246579,1.599800000000004,,,,1.186046511627907,-0.2739794520547937,1.5999999999999965,,,,TIE,TIE,SCP,,,,,,seasonal discrete,,,,,,ML,,,,,,SeasonalNaive,,,,0.0,0.0,0.012499999999526806,,,,0.0,19.0,151.00000000000003,19.0,151.00000000000003,19.0,151.00000000000003,193.0,7600.333336000005,0,,,,,,,,,,,,,,194.0,213.0009999999998,212.9990000000001,19.00099999999982,18.99900000000011,98.99899999999992,99.00099999999986,4265.0060029999895,4265.08000099999,3,32.99966666666664,33.00033333333329,37.70502178313471,37.70534887342462,0.5103041237113398,0.51031443298969,0.09794329896907124,0.09793298969072221,TIE,,,,0.0,194.0,232.0009999999998,363.9990000000002,38.00099999999982,169.99900000000014,117.99899999999992,250.0009999999999,4458.0060029999895,11865.413336999994,3,39.33299999999998,83.33366666666663,38.54869648898645,62.8898861423679,0.6082422680412367,1.2886649484536077,0.19588144329896814,0.8762835051546399,SCP,seasonal discrete,ML,SeasonalNaive,52.80058879764482,2026-07-11 11:04:33.553,0,,
8450,63,60,10664,1,105,Alstroemeria,Pink,Super Select,,,AutoARIMA,smooth_acceptable,smooth_acceptable_acceptable,acceptable,x11 lineal,x11 lineal,success,smooth_acceptable,COMPARABLE,1,1,1,997.0,2701.0,1181.0,1371.0,1128.0,815.0,899.4249999999869,1877.1260000000098,930.2529999999908,1481.7839999999935,1866.9120000000157,1373.8550000000635,1223.7659999999898,1223.7640000000044,1223.7640000000044,2163.4499999999844,2281.6329999999757,1771.8169999999852,-97.57500000001312,-823.8739999999902,-250.74700000000917,110.78399999999351,738.9120000000157,558.8550000000635,226.76599999998984,-1477.2359999999956,42.764000000004444,792.4499999999844,1153.6329999999757,956.8169999999852,97.57500000001312,823.8739999999902,250.74700000000917,110.78399999999351,738.9120000000157,558.8550000000635,226.76599999998984,1477.2359999999956,42.764000000004444,792.4499999999844,1153.6329999999757,956.8169999999852,9520.880625002561,678768.3678759839,62874.0580090046,12273.094655998562,545990.9437440232,312318.91102507093,51422.818755995395,2182226.1996959867,1828.75969600038,627977.0024999753,1330869.098688944,915498.7714889718,1,1,1,1,1,1,97.57500000001312,823.8739999999902,250.74700000000917,110.78399999999351,738.9120000000157,558.8550000000635,226.76599999998984,1477.2359999999956,42.764000000004444,792.4499999999844,1153.6329999999757,956.8169999999852,97.57500000001312,823.8739999999902,250.74700000000917,110.78399999999351,738.9120000000157,558.8550000000635,226.76599999998984,1477.2359999999956,42.764000000004444,792.4499999999844,1153.6329999999757,956.8169999999852,0.09786860581746551,0.30502554609403565,0.2123175275190594,0.08080525164113313,0.655063829787248,0.6857116564417957,0.22744834503509512,0.5469218807848928,0.03620999153260326,0.5780087527352183,1.0227242907801204,1.174008588957037,-0.09786860581746551,-0.30502554609403565,-0.2123175275190594,0.08080525164113313,0.655063829787248,0.6857116564417957,0.22744834503509512,-0.5469218807848928,0.03620999153260326,0.5780087527352183,1.0227242907801204,1.174008588957037,SCP,SCP,ML,SCP,SCP,SCP,x11 lineal,x11 lineal,AutoARIMA,x11 lineal,x11 lineal,x11 lineal,ML,ML,SCP,ML,ML,ML,AutoARIMA,AutoARIMA,x11 lineal,AutoARIMA,AutoARIMA,AutoARIMA,56.97106268134664,44.228681131519075,82.94535926651051,86.02006435737324,35.949127668848654,41.5922794013827,3314.0,4722.551000000072,6216.899999999945,1408.5510000000727,2902.899999999945,1408.5510000000727,2902.899999999945,870582.9494250927,2874344.872677891,3,469.5170000000242,967.633333333315,538.6968688186622,978.8334677355986,0.4250304767652603,0.87595051297524,0.4250304767652603,0.87595051297524,SCP,x11 lineal,ML,AutoARIMA,51.47779806400155,4879.0,3706.803999999988,3671.293999999999,-1172.1960000000126,-1207.7060000000013,1172.1960000000126,1746.7659999999898,751163.3065099911,2235477.7781479824,3,390.73200000000423,582.25533333333,500.3876185884935,863.2260766350034,0.2402533306005355,0.3580172166427526,-0.2402533306005355,-0.24753146136503407,SCP,x11 lineal,ML,AutoARIMA,32.893358354810005,8193.0,8429.35500000006,9888.193999999943,236.35500000006004,1695.193999999944,2580.7470000000853,4649.665999999935,1621746.2559350836,5109822.650825874,6,430.1245000000142,774.9443333333224,519.8952227669026,922.8418653653393,0.31499414134017883,0.5675169046747144,0.028848407176865622,0.20690760405223288,SCP,x11 lineal,ML,AutoARIMA,44.496077782788674,2026-07-11 11:04:33.553,0,,
8451,63,60,10664,1,106,Alstroemeria,Pink Assorted,Incredible,,,ADIDA,lumpy_acceptable,lumpy_acceptable_acceptable,acceptable,copy last year,copy last year,success,lumpy_acceptable,COMPARABLE,1,1,1,0.0,0.0,0.0,0.0,41.0,72.0,0.4400000000000002,2.044999999999996,1.368,0.0,0.0,0.0,15.313,15.312000000000001,15.311999999999996,11.972999999999995,11.973999999999998,11.972000000000001,0.4400000000000002,2.044999999999996,1.368,0.0,-41.0,-72.0,15.313,15.312000000000001,15.311999999999996,11.972999999999995,-29.026000000000003,-60.028,0.4400000000000002,2.044999999999996,1.368,0.0,41.0,72.0,15.313,15.312000000000001,15.311999999999996,11.972999999999995,29.026000000000003,60.028,0.1936000000000002,4.1820249999999835,1.8714240000000002,0.0,1681.0,5184.0,234.48796900000002,234.45734400000003,234.45734399999986,143.3527289999999,842.5086760000002,3603.360784,0,0,0,0,1,1,,,,,41.0,72.0,,,,,29.026000000000003,60.028,,,,,41.0,72.0,,,,,29.026000000000003,60.028,,,,,1.0,1.0,,,,,0.7079512195121952,0.8337222222222223,,,,,-1.0,-1.0,,,,,-0.7079512195121952,-0.8337222222222223,,,,,ML,ML,,,,,ADIDA,ADIDA,,,,,SCP,SCP,,,,,copy last year,copy last year,,,,,29.20487804878048,16.627777777777773,113.0,0.0,35.919,-113.0,-77.081,113.0,101.027,6865.0,4589.222189,2,56.5,50.5135,58.58754133772811,47.90209906152339,1.0,0.8940442477876106,-1.0,-0.6821327433628319,ML,ADIDA,SCP,copy last year,10.59557522123894,0.0,3.852999999999996,45.937,3.852999999999996,45.937,3.852999999999996,45.937,6.247048999999984,703.4026569999999,0,,,,,,,,,,,,,,113.0,3.852999999999996,81.856,-109.147,-31.144000000000005,116.853,146.964,6871.247049,5292.624846,2,58.4265,73.482,58.61419217646866,51.44232132203989,1.0340973451327433,1.300566371681416,-0.9659026548672567,-0.2756106194690266,SCP,copy last year,ML,ADIDA,20.48869110802646,2026-07-11 11:04:33.553,0,,NoForecastRowsMaterialized
"8452,63,60,10664,1,107,Alstroemeria,White,"""",,,,,,,preserve current forecast,preserve current forecast,success,,NOT_COMPARABLE_MISSING_SCP_AND_ML,1,0,0,0.0,0.0,0.0,0.0,0.0,0.0,,,,,,,,,,,,,,,,,,,,,,,,,,,,,,,,,,,,,,,,,,,,,,,,,,,,,,,,,,,,,,,,,,,,,,,,,,,,,,,,,,,,,,,,,,,,,,,,,,,,,,,,,,,,,,,,,,,,,,,,,,,,,,,,,,,,,,,,,,,,,,,,,,,,,,,,,,,,,,,,,,,,,,,,,,,,,,,,,,,,,,,,,,,,,,,,,,,,,,,,,,2026-07-11 11:04:33.553,1,MissingHistory,NoForecastRowsMaterialized"
8453,63,60,10664,1,108,Anthurium,Green/Black Foliage only,Foliage,,,,,,,preserve current forecast,preserve current forecast,success,,NOT_COMPARABLE_MISSING_SCP_AND_ML,1,0,0,0.0,0.0,0.0,0.0,0.0,0.0,,,,,,,,,,,,,,,,,,,,,,,,,,,,,,,,,,,,,,,,,,,,,,,,,,,,,,,,,,,,,,,,,,,,,,,,,,,,,,,,,,,,,,,,,,,,,,,,,,,,,,,,,,,,,,,,,,,,,,,,,,,,,,,,,,,,,,,,,,,,,,,,,,,,,,,,,,,,,,,,,,,,,,,,,,,,,,,,,,,,,,,,,,,,,,,,,,,,,,,,,,2026-07-11 11:04:33.553,1,MissingHistory,NoForecastRowsMaterialized
8454,63,60,10664,1,109,Orchids,Purple,Regular,,,,,,,copy last year,copy last year,success,,NOT_COMPARABLE_MISSING_SCP_AND_ML,1,0,0,33.0,131.0,56.0,48.0,38.0,34.0,,,,,,,,,,,,,,,,,,,,,,,,,,,,,,,,,,,,,,,,,,,,,,,,,,,,,,,,,,,,,,,,,,,,,,,,,,,,,,,,,,,,,,,,,,,,,,,,,,,,,,,,,,,,,,,,,,,,,,,,,,,,,,,,,,,,,,,,,,,,,,,,,,,,,,,,,,,,,,,,,,,,,,,,,,,,,,,,,,,,,,,,,,,,,,,,,,,,,,,,,,2026-07-11 11:04:33.553,1,ShortSeries,NoForecastRowsMaterialized
"8455,63,60,10664,1,110,Protea,Burgundy,""80cm"",,,,,,,preserve current forecast,preserve current forecast,success,,NOT_COMPARABLE_MISSING_SCP_AND_ML,1,0,0,0.0,0.0,0.0,0.0,0.0,0.0,,,,,,,,,,,,,,,,,,,,,,,,,,,,,,,,,,,,,,,,,,,,,,,,,,,,,,,,,,,,,,,,,,,,,,,,,,,,,,,,,,,,,,,,,,,,,,,,,,,,,,,,,,,,,,,,,,,,,,,,,,,,,,,,,,,,,,,,,,,,,,,,,,,,,,,,,,,,,,,,,,,,,,,,,,,,,,,,,,,,,,,,,,,,,,,,,,,,,,,,,,2026-07-11 11:04:33.553,1,MissingHistory,NoForecastRowsMaterialized"
"8456,63,60,10664,1,112,Protea,Orange-Yellow,"""",,,SeasonalNaive,seasonal_discontinuous_acceptable,seasonal_discontinuous_acceptable_acceptable,acceptable,seasonal discrete,seasonal discrete,success,seasonal_discontinuous_acceptable,COMPARABLE,1,1,1,0.0,96.0,375.0,240.0,240.0,0.0,1209.2400000000073,109.88699999999974,0.0,0.0,79.00499999999968,60.45299999999996,914.9999999999976,0.0,0.0,0.0,60.00099999999995,29.99900000000012,1209.2400000000073,13.886999999999745,-375.0,-240.0,-160.99500000000032,60.45299999999996,914.9999999999976,-96.0,-375.0,-240.0,-179.99900000000005,29.99900000000012,1209.2400000000073,13.886999999999745,375.0,240.0,160.99500000000032,60.45299999999996,914.9999999999976,96.0,375.0,240.0,179.99900000000005,29.99900000000012,1462261.3776000177,192.8487689999929,140625.0,57600.0,25919.390025000102,3654.5652089999953,837224.9999999956,9216.0,140625.0,57600.0,32399.640001000018,899.9400010000072,0,1,1,1,1,0,,13.886999999999745,375.0,240.0,160.99500000000032,,,96.0,375.0,240.0,179.99900000000005,,,13.886999999999745,375.0,240.0,160.99500000000032,,,96.0,375.0,240.0,179.99900000000005,,,0.14465624999999735,1.0,1.0,0.6708125000000014,,,1.0,1.0,1.0,0.7499958333333335,,,0.14465624999999735,-1.0,-1.0,-0.6708125000000014,,,-1.0,-1.0,-1.0,-0.7499958333333335,,,SCP,TIE,TIE,SCP,,,seasonal discrete,,,seasonal discrete,,,ML,,,ML,,,SeasonalNaive,,,SeasonalNaive,,,85.53437500000027,0.0,0.0,10.557836432424466,,480.0,139.45799999999963,90.00000000000007,-340.54200000000037,-389.99999999999994,461.44800000000026,449.99800000000016,87173.9552340001,90899.58000200003,2,230.72400000000013,224.99900000000008,208.77494489760988,213.18956353677356,0.9613500000000006,0.9374958333333336,-0.7094625000000008,-0.8124999999999999,ML,SeasonalNaive,SCP,seasonal discrete,2.4813196719890716,471.0,1319.127000000007,914.9999999999976,848.127000000007,443.9999999999976,1598.127000000007,1385.9999999999977,1603079.2263690177,987065.9999999956,2,799.0635000000035,692.9999999999989,895.2874472394377,702.5190388879136,3.3930509554140276,2.942675159235664,1.8006942675159385,0.9426751592356637,ML,SeasonalNaive,SCP,seasonal discrete,13.273475762565068,951.0,1458.5850000000066,1004.9999999999977,507.58500000000663,53.999999999997684,2059.575000000007,1835.9979999999978,1690253.1816030177,1077965.5800019954,4,514.8937500000018,458.99949999999944,650.0486869464121,519.1256061884242,2.1656940063091557,1.9305972660357495,0.5337381703470101,0.05678233438485561,ML,SeasonalNaive,SCP,seasonal discrete,10.855492031123335,2026-07-11 11:04:33.553,0,,"
"8457,63,60,10664,1,114,Protea,White,""55-60cm"",,,,,,,preserve current forecast,preserve current forecast,success,,NOT_COMPARABLE_MISSING_SCP_AND_ML,1,0,0,0.0,0.0,0.0,0.0,0.0,0.0,,,,,,,,,,,,,,,,,,,,,,,,,,,,,,,,,,,,,,,,,,,,,,,,,,,,,,,,,,,,,,,,,,,,,,,,,,,,,,,,,,,,,,,,,,,,,,,,,,,,,,,,,,,,,,,,,,,,,,,,,,,,,,,,,,,,,,,,,,,,,,,,,,,,,,,,,,,,,,,,,,,,,,,,,,,,,,,,,,,,,,,,,,,,,,,,,,,,,,,,,,2026-07-11 11:04:33.553,1,MissingHistory,NoForecastRowsMaterialized"
"8458,63,60,10664,1,115,Protea,Yellow,""50cm"",,,,,,,copy last year,copy last year,success,,NOT_COMPARABLE_MISSING_SCP_AND_ML,1,0,0,260.0,0.0,330.0,90.0,72.0,50.0,,,,,,,,,,,,,,,,,,,,,,,,,,,,,,,,,,,,,,,,,,,,,,,,,,,,,,,,,,,,,,,,,,,,,,,,,,,,,,,,,,,,,,,,,,,,,,,,,,,,,,,,,,,,,,,,,,,,,,,,,,,,,,,,,,,,,,,,,,,,,,,,,,,,,,,,,,,,,,,,,,,,,,,,,,,,,,,,,,,,,,,,,,,,,,,,,,,,,,,,,,2026-07-11 11:04:33.553,1,ShortSeries,NoForecastRowsMaterialized"
"8459,63,60,10664,1,116,Roses,Assorted,""40-50cm"",,,MovingAverage3M,intermittent_insuficient,intermittent_insuficient_insuficient,insuficient,syntetos-boylan,syntetos-boylan,success,intermittent_insuficient,NOT_COMPARABLE_MISSING_SCP,1,0,1,0.0,0.0,0.0,1.0,1.0,0.0,,,,,,,0.667,0.666,0.667,0.027,0.027,0.027,,,,,,,,,,,,,,,,,,,,,,,,,,,,,,,,,,,,,,,,,,,,,,,,,,,,,,,,,,,,,,,,,,,,,,,,,,,,,,,,,,,,,,,,,,,,,,,,,,,,,,,,,,,,,,,,,,,,,,,,,,,,,,,,,,,,,,,,,,,,,,,,,,,,,,,,,,,,,,,,,,,,,,,,,,,,,,,,,,,,,,,,,,,,,,2026-07-11 11:04:33.553,0,,NoForecastRowsMaterialized"
"8460,63,60,10664,1,117,Roses,Assorted,""50cm"",,,AutoARIMA,smooth_acceptable,smooth_acceptable_acceptable,acceptable,x11 lineal,x11 lineal,success,smooth_acceptable,COMPARABLE,1,1,1,57279.0,111170.0,76665.0,88324.0,104472.0,58954.0,81396.82500000011,117874.321,85706.18400000001,78297.31600000002,119638.37700000005,69822.78599999995,84725.38999999926,110151.72000000118,88555.24500000007,79057.96399999785,127634.47800000038,79786.884999999,24117.825000000114,6704.320999999996,9041.184000000008,-10026.68399999998,15166.377000000051,10868.78599999995,27446.389999999257,-1018.2799999988201,11890.245000000068,-9266.036000002146,23162.47800000038,20832.884999999005,24117.825000000114,6704.320999999996,9041.184000000008,10026.68399999998,15166.377000000051,10868.78599999995,27446.389999999257,1018.2799999988201,11890.245000000068,9266.036000002146,23162.47800000038,20832.884999999005,581669482.7306305,44947920.07104095,81743008.12185615,100534392.03585559,230018991.30613056,118130509.1137949,753304324.0320592,1036894.1583975971,141377926.1600266,85859423.15333578,536500387.10050166,434009097.42318356,1,1,1,1,1,1,24117.825000000114,6704.320999999996,9041.184000000008,10026.68399999998,15166.377000000051,10868.78599999995,27446.389999999257,1018.2799999988201,11890.245000000068,9266.036000002146,23162.47800000038,20832.884999999005,24117.825000000114,6704.320999999996,9041.184000000008,10026.68399999998,15166.377000000051,10868.78599999995,27446.389999999257,1018.2799999988201,11890.245000000068,9266.036000002146,23162.47800000038,20832.884999999005,0.4210587649924076,0.06030692632904557,0.11793105067501479,0.11352162492640708,0.14517169193659593,0.18436045052074412,0.47917020199373694,0.009159665377339391,0.1550935237722568,0.10490960554325152,0.22170991270388604,0.3533752586762392,0.4210587649924076,0.06030692632904557,0.11793105067501479,-0.11352162492640708,0.14517169193659593,0.18436045052074412,0.47917020199373694,-0.009159665377339391,0.1550935237722568,-0.10490960554325152,0.22170991270388604,0.3533752586762392,SCP,ML,SCP,ML,SCP,SCP,x11 lineal,AutoARIMA,x11 lineal,AutoARIMA,x11 lineal,x11 lineal,ML,SCP,ML,SCP,ML,ML,AutoARIMA,x11 lineal,AutoARIMA,x11 lineal,AutoARIMA,AutoARIMA,12.1275147660557,84.81158643807746,23.961331326646697,7.586236885473138,34.52178562242002,47.828704473718034,251750.0,267758.47900000005,286479.32699999725,16008.479000000021,34729.32699999724,36061.84699999998,53261.39900000153,448683892.45578104,1056368907.677021,3,12020.61566666666,17753.79966666718,12229.525644327352,18764.93989400642,0.1432446752730883,0.21156464349553736,0.06358879443892759,0.1379516464746663,SCP,x11 lineal,ML,AutoARIMA,32.29271540539342,245114.0,284977.33000000013,283432.3550000005,39863.33000000012,38318.355000000505,39863.33000000012,40354.914999998146,708360410.9235276,895719144.3504834,3,13287.776666666707,13451.638333332716,15366.201123716597,17279.266422994577,0.16263179581745685,0.16463733201693148,0.16263179581745685,0.15632870827451922,SCP,x11 lineal,ML,AutoARIMA,1.2181539720701875,496864.0,552735.8090000001,569911.6819999977,55871.80900000014,73047.68199999775,75925.1770000001,93616.31399999968,1157044303.3793087,1952088052.0275044,6,12654.196166666683,15602.718999999946,13886.71009382297,18037.40581877701,0.15280877060926149,0.18841436288400784,0.11244889748502636,0.14701745749339407,SCP,x11 lineal,ML,AutoARIMA,18.897493656927825,2026-07-11 11:04:33.553,0,,"
"8461,63,60,10664,1,118,Roses,Pink,""40cm"",,,AutoETS,erratic_acceptable,erratic_acceptable_acceptable,acceptable,x11 lineal,x11 lineal,success,erratic_acceptable,COMPARABLE,1,1,1,17743.0,37042.0,25968.0,16809.0,15895.0,10332.0,26736.454999999765,40805.58099999958,18022.843999999877,11645.388999999928,10940.93100000003,6197.930000000009,29839.152999999933,45806.762000000395,21015.282999999683,15192.959999999786,11393.27500000004,6466.504999999971,8993.454999999765,3763.5809999995836,-7945.156000000123,-5163.611000000072,-4954.06899999997,-4134.069999999991,12096.152999999933,8764.762000000395,-4952.717000000317,-1616.0400000002137,-4501.72499999996,-3865.495000000029,8993.454999999765,3763.5809999995836,7945.156000000123,5163.611000000072,4954.06899999997,4134.069999999991,12096.152999999933,8764.762000000395,4952.717000000317,1616.0400000002137,4501.72499999996,3865.495000000029,80882232.83702078,14164541.943557866,63125503.86433795,26662878.559321743,24542799.656760707,17090534.76489992,146316917.3994074,76821052.91665094,24529405.68209214,2611585.2816006904,20265527.975624643,14942051.595025225,1,1,1,1,1,1,8993.454999999765,3763.5809999995836,7945.156000000123,5163.611000000072,4954.06899999997,4134.069999999991,12096.152999999933,8764.762000000395,4952.717000000317,1616.0400000002137,4501.72499999996,3865.495000000029,8993.454999999765,3763.5809999995836,7945.156000000123,5163.611000000072,4954.06899999997,4134.069999999991,12096.152999999933,8764.762000000395,4952.717000000317,1616.0400000002137,4501.72499999996,3865.495000000029,0.506873414867822,0.10160307218831552,0.30595948860136024,0.307193229817364,0.31167467757156153,0.4001229190863328,0.6817422645550321,0.23661686733978715,0.19072385243377685,0.09614135284670199,0.28321642025794025,0.3741284359272192,0.506873414867822,0.10160307218831552,-0.30595948860136024,-0.307193229817364,-0.31167467757156153,-0.4001229190863328,0.6817422645550321,0.23661686733978715,-0.19072385243377685,-0.09614135284670199,-0.28321642025794025,-0.3741284359272192,SCP,SCP,ML,ML,ML,ML,x11 lineal,x11 lineal,AutoETS,AutoETS,AutoETS,AutoETS,ML,ML,SCP,SCP,SCP,SCP,AutoETS,AutoETS,x11 lineal,x11 lineal,x11 lineal,x11 lineal,25.650287326889675,57.06008902467159,37.66369093318947,68.703296975698,9.130756959582376,6.496624391942129,43036.0,28784.24999999997,33052.739999999794,-14251.750000000033,-9983.260000000204,14251.750000000033,9983.260000000204,68296212.98098238,37819164.85225056,3,4750.583333333344,3327.7533333334013,4771.310546065318,3550.5476034104263,0.3311587972859939,0.2319746258946046,-0.3311587972859939,-0.2319746258946046,ML,AutoETS,SCP,x11 lineal,29.95063764099019,80753.0,85564.87999999923,96661.198,4811.879999999226,15908.198000000011,20702.19199999947,25813.632000000645,158172278.6449166,247667375.99815047,3,6900.730666666491,8604.544000000215,7261.1357845476805,9086.021791707495,0.2563643703639428,0.31966158532810723,0.059587631419256576,0.19699822916795676,SCP,x11 lineal,ML,AutoETS,19.801320480593528,123789.0,114349.12999999919,129713.9379999998,-9439.870000000807,5924.937999999808,34953.9419999995,35796.89200000085,226468491.62589896,285486540.85040104,6,5825.6569999999165,5966.148666666809,6143.675496339019,6897.90476461755,0.2823671085476052,0.2891766796726757,-0.07625774503389482,0.04786320270783194,SCP,x11 lineal,ML,AutoETS,2.354813373187058,2026-07-11 11:04:33.553,0,,"
8462,63,60,10664,1,119,Alstroemeria,Fall Assortment,Select,,,AutoARIMA,seasonal_discontinuous_acceptable,seasonal_discontinuous_acceptable_acceptable,acceptable,copy last year,copy last year,success,seasonal_discontinuous_acceptable,NOT_COMPARABLE_MISSING_SCP,1,0,1,0.0,0.0,0.0,0.0,0.0,0.0,,,,,,,0.0,0.0,0.0,0.0,0.0,0.0,,,,,,,,,,,,,,,,,,,,,,,,,,,,,,,,,,,,,,,,,,,,,,,,,,,,,,,,,,,,,,,,,,,,,,,,,,,,,,,,,,,,,,,,,,,,,,,,,,,,,,,,,,,,,,,,,,,,,,,,,,,,,,,,,,,,,,,,,,,,,,,,,,,,,,,,,,,,,,,,,,,,,,,,,,,,,,,,,,,,,,,,,,,,,,2026-07-11 11:04:33.553,0,,NoForecastRowsMaterialized
8463,63,60,10664,1,120,Alstroemeria,Orange,Incredible,,,MovingAverage12M,lumpy_acceptable,lumpy_acceptable_acceptable,acceptable,copy last year,copy last year,success,lumpy_acceptable,NOT_COMPARABLE_MISSING_SCP,1,0,1,0.0,0.0,0.0,0.0,0.0,0.0,,,,,,,4.245999999999999,4.243000000000001,4.244999999999999,4.246,4.244000000000001,4.244999999999999,,,,,,,,,,,,,,,,,,,,,,,,,,,,,,,,,,,,,,,,,,,,,,,,,,,,,,,,,,,,,,,,,,,,,,,,,,,,,,,,,,,,,,,,,,,,,,,,,,,,,,,,,,,,,,,,,,,,,,,,,,,,,,,,,,,,,,,,,,,,,,,,,,,,,,,,,,,,,,,,,,,,,,,,,,,,,,,,,,,,,,,,,,,,,,2026-07-11 11:04:33.553,0,,NoForecastRowsMaterialized
8464,63,60,10664,1,122,Alstroemeria,Pink,Fancy,,,,,,,preserve current forecast,preserve current forecast,success,,NOT_COMPARABLE_MISSING_SCP_AND_ML,1,0,0,0.0,0.0,0.0,0.0,0.0,0.0,,,,,,,,,,,,,,,,,,,,,,,,,,,,,,,,,,,,,,,,,,,,,,,,,,,,,,,,,,,,,,,,,,,,,,,,,,,,,,,,,,,,,,,,,,,,,,,,,,,,,,,,,,,,,,,,,,,,,,,,,,,,,,,,,,,,,,,,,,,,,,,,,,,,,,,,,,,,,,,,,,,,,,,,,,,,,,,,,,,,,,,,,,,,,,,,,,,,,,,,,,2026-07-11 11:04:33.553,1,MissingHistory,NoForecastRowsMaterialized
"8465,63,60,10664,1,123,Alstroemeria,Purple,"""",,,,,,,copy last year,copy last year,success,,NOT_COMPARABLE_MISSING_SCP_AND_ML,1,0,0,0.0,1.0,2.0,0.0,0.0,0.0,,,,,,,,,,,,,,,,,,,,,,,,,,,,,,,,,,,,,,,,,,,,,,,,,,,,,,,,,,,,,,,,,,,,,,,,,,,,,,,,,,,,,,,,,,,,,,,,,,,,,,,,,,,,,,,,,,,,,,,,,,,,,,,,,,,,,,,,,,,,,,,,,,,,,,,,,,,,,,,,,,,,,,,,,,,,,,,,,,,,,,,,,,,,,,,,,,,,,,,,,,2026-07-11 11:04:33.553,1,ShortSeries,NoForecastRowsMaterialized"
8466,63,60,10664,1,124,Alstroemeria,Yellow,Premium,,,MovingAverage3M,smooth_acceptable,smooth_acceptable_acceptable,acceptable,x11 lineal,x11 lineal,success,smooth_acceptable,COMPARABLE,1,1,1,512.0,746.0,610.0,464.0,459.0,390.0,606.4159999999987,804.5060000000027,668.3109999999971,817.2440000000163,527.8310000000015,473.2160000000005,471.9999999999998,471.9999999999982,472.001000000001,553.1290000000023,553.1309999999943,553.1290000000006,94.41599999999869,58.5060000000027,58.31099999999708,353.2440000000163,68.8310000000015,83.21600000000052,-40.00000000000023,-274.0000000000018,-137.998999999999,89.12900000000229,94.13099999999429,163.1290000000006,94.41599999999869,58.5060000000027,58.31099999999708,353.2440000000163,68.8310000000015,83.21600000000052,40.00000000000023,274.0000000000018,137.998999999999,89.12900000000229,94.13099999999429,163.1290000000006,8914.381055999753,3422.952036000316,3400.1727209996593,124781.3235360115,4737.7065610002055,6924.902656000087,1600.0000000000182,75076.000000001,19043.724000999726,7943.978641000409,8860.645160998925,26611.07064100019,1,1,1,1,1,1,94.41599999999869,58.5060000000027,58.31099999999708,353.2440000000163,68.8310000000015,83.21600000000052,40.00000000000023,274.0000000000018,137.998999999999,89.12900000000229,94.13099999999429,163.1290000000006,94.41599999999869,58.5060000000027,58.31099999999708,353.2440000000163,68.8310000000015,83.21600000000052,40.00000000000023,274.0000000000018,137.998999999999,89.12900000000229,94.13099999999429,163.1290000000006,0.18440624999999744,0.07842627345844866,0.09559180327868373,0.7613017241379662,0.14995860566449126,0.2133743589743603,0.07812500000000044,0.36729222520107485,0.22622786885245738,0.19208836206897045,0.20507843137253656,0.4182794871794887,0.18440624999999744,0.07842627345844866,0.09559180327868373,0.7613017241379662,0.14995860566449126,0.2133743589743603,-0.07812500000000044,-0.36729222520107485,-0.22622786885245738,0.19208836206897045,0.20507843137253656,0.4182794871794887,ML,SCP,SCP,ML,SCP,SCP,MovingAverage3M,x11 lineal,x11 lineal,MovingAverage3M,x11 lineal,x11 lineal,SCP,ML,ML,SCP,ML,ML,x11 lineal,MovingAverage3M,MovingAverage3M,x11 lineal,MovingAverage3M,MovingAverage3M,57.63429927130912,78.64744525547361,57.74534598076979,74.76843201866184,26.877436763653133,48.98761103176001,1313.0,1818.2910000000184,1659.388999999997,505.2910000000183,346.38899999999717,505.2910000000183,346.38899999999717,136443.9327530118,43415.69444299953,3,168.43033333333943,115.46299999999906,213.26347769290126,120.29920260611252,0.3848370144706918,0.26381492764660863,0.3848370144706918,0.26381492764660863,ML,MovingAverage3M,SCP,x11 lineal,31.447621271705895,1868.0,2079.2329999999984,1416.0009999999988,211.23299999999847,-451.99900000000105,211.23299999999847,451.99900000000105,15737.505812999729,95719.72400100074,3,70.41099999999949,150.66633333333368,72.42813866861353,178.62411558073632,0.11307976445396063,0.241969486081371,0.11307976445396063,-0.241969486081371,SCP,x11 lineal,ML,MovingAverage3M,53.26693200648718,3181.0,3897.5240000000163,3075.389999999996,716.5240000000167,-105.61000000000388,716.5240000000167,798.3879999999982,152181.43856601152,139135.41844400027,6,119.42066666666945,133.06466666666637,159.25945213498397,152.28012479418769,0.225251178874573,0.2509864822382893,0.225251178874573,-0.033200251493242336,SCP,x11 lineal,ML,MovingAverage3M,10.25366112716896,2026-07-11 11:04:33.553,0,,
"8467,63,60,10664,1,125,Anthurium,"""",Medium,,,,,,,copy last year,copy last year,success,,NOT_COMPARABLE_MISSING_SCP_AND_ML,1,0,0,305.0,200.0,90.0,240.0,338.0,262.0,,,,,,,,,,,,,,,,,,,,,,,,,,,,,,,,,,,,,,,,,,,,,,,,,,,,,,,,,,,,,,,,,,,,,,,,,,,,,,,,,,,,,,,,,,,,,,,,,,,,,,,,,,,,,,,,,,,,,,,,,,,,,,,,,,,,,,,,,,,,,,,,,,,,,,,,,,,,,,,,,,,,,,,,,,,,,,,,,,,,,,,,,,,,,,,,,,,,,,,,,,2026-07-11 11:04:33.553,1,ShortSeries,NoForecastRowsMaterialized"
"8468,63,60,10664,1,126,Anthurium,Green,"""",,,,,,,preserve current forecast,preserve current forecast,success,,NOT_COMPARABLE_MISSING_SCP_AND_ML,1,0,0,0.0,0.0,0.0,0.0,0.0,0.0,,,,,,,,,,,,,,,,,,,,,,,,,,,,,,,,,,,,,,,,,,,,,,,,,,,,,,,,,,,,,,,,,,,,,,,,,,,,,,,,,,,,,,,,,,,,,,,,,,,,,,,,,,,,,,,,,,,,,,,,,,,,,,,,,,,,,,,,,,,,,,,,,,,,,,,,,,,,,,,,,,,,,,,,,,,,,,,,,,,,,,,,,,,,,,,,,,,,,,,,,,2026-07-11 11:04:33.553,1,MissingHistory,NoForecastRowsMaterialized"
8469,63,60,10664,1,127,Anthurium,Green,Large,,,SeasonalNaive,smooth_acceptable,smooth_acceptable_acceptable,acceptable,x11 lineal,x11 lineal,success,smooth_acceptable,COMPARABLE,1,1,1,346.0,283.0,270.0,320.0,240.0,110.0,336.61799999999994,322.24300000000034,251.35300000000078,315.5929999999998,336.3059999999988,238.1769999999998,499.9999999999999,440.001,350.00000000000125,169.83200000000048,161.6080000000001,151.77199999999976,-9.382000000000062,39.243000000000336,-18.646999999999224,-4.40700000000021,96.30599999999879,128.1769999999998,153.9999999999999,157.00099999999998,80.00000000000125,-150.16799999999952,-78.39199999999991,41.771999999999764,9.382000000000062,39.243000000000336,18.646999999999224,4.40700000000021,96.30599999999879,128.1769999999998,153.9999999999999,157.00099999999998,80.00000000000125,150.16799999999952,78.39199999999991,41.771999999999764,88.02192400000116,1540.0130490000263,347.71060899997104,19.421649000001846,9274.845635999767,16429.34332899995,23715.999999999964,24649.31400099999,6400.0000000002,22550.428223999857,6145.305663999986,1744.8999839999803,1,1,1,1,1,1,9.382000000000062,39.243000000000336,18.646999999999224,4.40700000000021,96.30599999999879,128.1769999999998,153.9999999999999,157.00099999999998,80.00000000000125,150.16799999999952,78.39199999999991,41.771999999999764,9.382000000000062,39.243000000000336,18.646999999999224,4.40700000000021,96.30599999999879,128.1769999999998,153.9999999999999,157.00099999999998,80.00000000000125,150.16799999999952,78.39199999999991,41.771999999999764,0.027115606936416365,0.13866784452296937,0.06906296296296009,0.013771875000000655,0.40127499999999494,1.1652454545454527,0.4450867052023118,0.554773851590106,0.29629629629630094,0.4692749999999985,0.32663333333333294,0.3797454545454524,-0.027115606936416365,0.13866784452296937,-0.06906296296296009,-0.013771875000000655,0.40127499999999494,1.1652454545454527,0.4450867052023118,0.554773851590106,0.29629629629630094,-0.4692749999999985,-0.32663333333333294,0.3797454545454524,SCP,SCP,SCP,SCP,ML,ML,x11 lineal,x11 lineal,x11 lineal,x11 lineal,SeasonalNaive,SeasonalNaive,ML,ML,ML,ML,SCP,SCP,SeasonalNaive,SeasonalNaive,SeasonalNaive,SeasonalNaive,x11 lineal,x11 lineal,93.90779220779216,75.00461780498192,76.69125000000133,97.06528687869572,18.601125578883046,67.41068990536537,670.0,890.0759999999984,483.21200000000033,220.07599999999837,-186.78799999999967,228.8899999999988,270.3319999999992,25723.61061399972,30440.633871999824,3,76.29666666666627,90.1106666666664,92.59879519374559,100.73171276878635,0.34162686567163997,0.40348059701492417,0.3284716417910423,-0.27878805970149206,SCP,x11 lineal,ML,SeasonalNaive,15.330038619179579,899.0,910.2140000000011,1290.001000000001,11.21400000000105,391.0010000000011,67.27199999999962,391.0010000000011,1975.7455819999986,54765.31400100015,3,22.423999999999875,130.33366666666703,25.66284981576805,135.1114527603047,0.07482981090100069,0.4349288097886553,0.012473859844272581,0.4349288097886553,SCP,x11 lineal,ML,SeasonalNaive,82.79492891322545,1569.0,1800.2899999999995,1773.2130000000016,231.28999999999942,204.21300000000144,296.16199999999844,661.3330000000003,27699.356195999717,85205.94787299997,6,49.360333333333074,110.22216666666672,67.94526742901196,119.16791225899135,0.18875844486934254,0.4214996813256853,0.14741236456341583,0.13015487571701811,SCP,x11 lineal,ML,SeasonalNaive,55.21741694426283,2026-07-11 11:04:33.553,0,,
8470,63,60,10664,1,128,Anthurium,Green/Red,Extra Large,,,,,,,copy last year,copy last year,success,,NOT_COMPARABLE_MISSING_SCP_AND_ML,1,0,0,0.0,0.0,0.0,0.0,0.0,0.0,,,,,,,,,,,,,,,,,,,,,,,,,,,,,,,,,,,,,,,,,,,,,,,,,,,,,,,,,,,,,,,,,,,,,,,,,,,,,,,,,,,,,,,,,,,,,,,,,,,,,,,,,,,,,,,,,,,,,,,,,,,,,,,,,,,,,,,,,,,,,,,,,,,,,,,,,,,,,,,,,,,,,,,,,,,,,,,,,,,,,,,,,,,,,,,,,,,,,,,,,,2026-07-11 11:04:33.553,1,ShortSeries,NoForecastRowsMaterialized
"8471,63,60,10664,1,129,Anthurium,Orange,"""",,,,,,,preserve current forecast,preserve current forecast,success,,NOT_COMPARABLE_MISSING_SCP_AND_ML,1,0,0,0.0,0.0,0.0,0.0,0.0,0.0,,,,,,,,,,,,,,,,,,,,,,,,,,,,,,,,,,,,,,,,,,,,,,,,,,,,,,,,,,,,,,,,,,,,,,,,,,,,,,,,,,,,,,,,,,,,,,,,,,,,,,,,,,,,,,,,,,,,,,,,,,,,,,,,,,,,,,,,,,,,,,,,,,,,,,,,,,,,,,,,,,,,,,,,,,,,,,,,,,,,,,,,,,,,,,,,,,,,,,,,,,2026-07-11 11:04:33.553,1,MissingHistory,NoForecastRowsMaterialized"
8472,63,60,10664,1,130,Anthurium,Orange,Large,,,,,,,preserve current forecast,preserve current forecast,success,,NOT_COMPARABLE_MISSING_SCP_AND_ML,1,0,0,0.0,0.0,0.0,0.0,0.0,0.0,,,,,,,,,,,,,,,,,,,,,,,,,,,,,,,,,,,,,,,,,,,,,,,,,,,,,,,,,,,,,,,,,,,,,,,,,,,,,,,,,,,,,,,,,,,,,,,,,,,,,,,,,,,,,,,,,,,,,,,,,,,,,,,,,,,,,,,,,,,,,,,,,,,,,,,,,,,,,,,,,,,,,,,,,,,,,,,,,,,,,,,,,,,,,,,,,,,,,,,,,,2026-07-11 11:04:33.553,1,MissingHistory,NoForecastRowsMaterialized
8473,63,60,10664,1,132,Orchids,Pink/White,Super,,,,,,,preserve current forecast,preserve current forecast,success,,NOT_COMPARABLE_MISSING_SCP_AND_ML,1,0,0,0.0,0.0,0.0,0.0,0.0,0.0,,,,,,,,,,,,,,,,,,,,,,,,,,,,,,,,,,,,,,,,,,,,,,,,,,,,,,,,,,,,,,,,,,,,,,,,,,,,,,,,,,,,,,,,,,,,,,,,,,,,,,,,,,,,,,,,,,,,,,,,,,,,,,,,,,,,,,,,,,,,,,,,,,,,,,,,,,,,,,,,,,,,,,,,,,,,,,,,,,,,,,,,,,,,,,,,,,,,,,,,,,2026-07-11 11:04:33.553,1,MissingHistory,NoForecastRowsMaterialized
"8474,63,60,10664,1,134,Roses,Assorted,""40cm"",,,SeasonalNaive,smooth_acceptable,smooth_acceptable_acceptable,acceptable,x11 lineal,x11 lineal,success,smooth_acceptable,COMPARABLE,1,1,1,53675.0,138892.0,84132.0,120255.0,129848.0,67724.0,60478.815000000795,117378.67399999958,77298.34700000024,151392.7749999996,112949.88700000105,56702.72000000054,59514.00000000003,117451.99900000013,78160.00199999852,189134.57100000046,145536.67299999943,76041.338999999,6803.815000000795,-21513.326000000423,-6833.652999999758,31137.774999999587,-16898.11299999895,-11021.27999999946,5839.000000000029,-21440.000999999873,-5971.998000001477,68879.57100000046,15688.672999999428,8317.338999999003,6803.815000000795,21513.326000000423,6833.652999999758,31137.774999999587,16898.11299999895,11021.27999999946,5839.000000000029,21440.000999999873,5971.998000001477,68879.57100000046,15688.672999999428,8317.338999999003,46291898.55423582,462823195.5822942,46698813.3244057,969561031.9505993,285546222.96073353,121468612.8383881,34093921.00000034,459673642.8799955,35664760.11202164,4744395301.144105,246134460.50091106,69178128.04090442,1,1,1,1,1,1,6803.815000000795,21513.326000000423,6833.652999999758,31137.774999999587,16898.11299999895,11021.27999999946,5839.000000000029,21440.000999999873,5971.998000001477,68879.57100000046,15688.672999999428,8317.338999999003,6803.815000000795,21513.326000000423,6833.652999999758,31137.774999999587,16898.11299999895,11021.27999999946,5839.000000000029,21440.000999999873,5971.998000001477,68879.57100000046,15688.672999999428,8317.338999999003,0.1267594783418872,0.1548924776085046,0.08122537203441922,0.2589312294707046,0.13013764555479446,0.16273817258282824,0.10878435025617195,0.15436454943409175,0.07098366852091328,0.5727792690532657,0.12082337040231214,0.12281228220422602,0.1267594783418872,-0.1548924776085046,-0.08122537203441922,0.2589312294707046,-0.13013764555479446,-0.16273817258282824,0.10878435025617195,-0.15436454943409175,-0.07098366852091328,0.5727792690532657,0.12082337040231214,0.12281228220422602,ML,ML,ML,SCP,ML,ML,SeasonalNaive,SeasonalNaive,SeasonalNaive,x11 lineal,SeasonalNaive,SeasonalNaive,SCP,SCP,SCP,ML,SCP,SCP,x11 lineal,x11 lineal,x11 lineal,SeasonalNaive,x11 lineal,x11 lineal,14.180500204674187,0.34083525718221797,12.60899551086823,54.79388946833108,7.157248859677994,24.53382002816905,317827.0,321045.38200000115,410712.5829999989,3218.3820000011765,92885.5829999989,59057.167999998,92885.5829999989,1376575867.749721,5059707889.685921,3,19685.722666666,30961.86099999963,21420.98556517044,41067.86208901035,0.18581545306093566,0.29225202075342527,0.010126207024579965,0.29225202075342527,SCP,x11 lineal,ML,SeasonalNaive,36.419446277256284,276699.0,255155.83600000062,255126.00099999868,-21543.163999999386,-21572.99900000132,35150.79400000098,33250.99900000138,555813907.4609357,529432323.9920175,3,11716.93133333366,11083.666333333793,13611.440132733147,13284.481221736605,0.1270362162494298,0.12017028973722846,-0.07785775879204257,-0.07796558354024163,ML,SeasonalNaive,SCP,x11 lineal,5.4047001043548075,594526.0,576201.2180000017,665838.5839999975,-18324.78199999821,71312.58399999757,94207.96199999898,126136.58200000027,1932389775.210657,5589140213.6779375,6,15701.32699999983,21022.763666666713,17946.168463911996,30520.86776201363,0.15845894376360156,0.2121632729266681,-0.03082250734198035,0.11994863807469744,SCP,x11 lineal,ML,SeasonalNaive,25.31273599914196,2026-07-11 11:04:33.553,0,,"
"8475,63,60,10664,1,135,Roses,Assorted,""50-60cm"",,,MovingAverage3M,lumpy_acceptable,lumpy_acceptable_acceptable,acceptable,x11 lineal,x11 lineal,success,lumpy_acceptable,COMPARABLE,1,1,1,17336.0,23702.0,23289.0,17345.0,774.0,744.0,21653.494000000002,22879.97500000004,24712.594000000056,14825.581999999957,651.7460000000002,657.0609999999998,6400.000999999997,6399.999000000014,6400.000999999991,16099.998000000018,800.0009999999997,799.9999999999997,4317.494000000002,-822.0249999999614,1423.5940000000555,-2519.4180000000433,-122.25399999999979,-86.93900000000019,-10935.999000000003,-17302.000999999986,-16888.99900000001,-1245.0019999999822,26.00099999999975,55.99999999999966,4317.494000000002,822.0249999999614,1423.5940000000555,2519.4180000000433,122.25399999999979,86.93900000000019,10935.999000000003,17302.000999999986,16888.99900000001,1245.0019999999822,26.00099999999975,55.99999999999966,18640754.44003602,675725.1006249366,2026619.876836158,6347467.058724218,14946.040515999948,7558.389721000033,119596074.12800108,299359238.6040005,285238287.2220014,1550029.9800039558,676.052000999987,3135.999999999962,1,1,1,1,1,1,4317.494000000002,822.0249999999614,1423.5940000000555,2519.4180000000433,122.25399999999979,86.93900000000019,10935.999000000003,17302.000999999986,16888.99900000001,1245.0019999999822,26.00099999999975,55.99999999999966,4317.494000000002,822.0249999999614,1423.5940000000555,2519.4180000000433,122.25399999999979,86.93900000000019,10935.999000000003,17302.000999999986,16888.99900000001,1245.0019999999822,26.00099999999975,55.99999999999966,0.24904787724965405,0.03468167243270447,0.061127313323889196,0.14525327183626655,0.1579509043927646,0.11685349462365617,0.63082596908168,0.7299806345456074,0.7251921078620813,0.07177872585759483,0.03359302325581363,0.07526881720430062,0.24904787724965405,-0.03468167243270447,0.061127313323889196,-0.14525327183626655,-0.1579509043927646,-0.11685349462365617,-0.63082596908168,-0.7299806345456074,-0.7251921078620813,-0.07177872585759483,0.03359302325581363,0.07526881720430062,SCP,SCP,SCP,ML,ML,ML,x11 lineal,x11 lineal,x11 lineal,MovingAverage3M,MovingAverage3M,MovingAverage3M,ML,ML,ML,SCP,SCP,SCP,MovingAverage3M,MovingAverage3M,MovingAverage3M,x11 lineal,x11 lineal,x11 lineal,60.52035118145127,95.2489599324381,91.57087995564417,50.583745928624744,78.73198422955504,35.58702078468865,18863.0,16134.388999999957,17699.999000000018,-2728.6110000000435,-1163.000999999983,2728.6110000000435,1327.0029999999815,6369971.488961218,1553842.0320049557,3,909.5370000000145,442.33433333332715,1457.162938608356,719.6855869069853,0.1446541377299498,0.07034952022477768,-0.1446541377299498,-0.06165514499284223,ML,MovingAverage3M,SCP,x11 lineal,51.36708750349682,64327.0,69246.0630000001,19200.001000000004,4919.0630000000965,-45126.999,6563.113000000019,45126.999,21343099.417497117,704193599.954003,3,2187.70433333334,15042.333,2667.2769770871264,15320.93991844716,0.10202734466087365,0.7015250050523109,0.07646964727097637,-0.7015250050523109,SCP,x11 lineal,ML,MovingAverage3M,85.45634953478734,83190.0,85380.45200000005,36900.00000000002,2190.452000000053,-46289.99999999998,9291.724000000062,46454.00199999997,27713070.906458333,705747441.9860079,6,1548.620666666677,7742.333666666662,2149.1498670582255,10845.486326778282,0.11169279961533912,0.5584084865969464,0.02633071282606146,-0.5564370717634328,SCP,x11 lineal,ML,MovingAverage3M,79.99801179670146,2026-07-11 11:04:33.553,0,,"
8476,63,60,10664,1,136,Alstroemeria,Pink,Perfection,,,MovingAverage3M,smooth_insuficient,smooth_insuficient_insuficient,insuficient,x11 lineal,x11 lineal,success,smooth_insuficient,COMPARABLE,1,1,1,215.0,214.0,319.0,228.0,176.0,230.0,230.05999999999946,188.1929999999987,268.36200000000025,155.0,32.0,0.0,217.66699999999972,217.6669999999991,217.6659999999989,185.06999999999917,185.06999999999852,185.07099999999875,15.059999999999462,-25.807000000001295,-50.63799999999975,-73.0,-144.0,-230.0,2.6669999999997174,3.666999999999092,-101.33400000000111,-42.93000000000083,9.069999999998515,-44.92900000000125,15.059999999999462,25.807000000001295,50.63799999999975,73.0,144.0,230.0,2.6669999999997174,3.666999999999092,101.33400000000111,42.93000000000083,9.069999999998515,44.92900000000125,226.80359999998382,666.0012490000669,2564.2070439999748,5329.0,20736.0,52900.0,7.112888999998493,13.446888999993341,10268.579556000226,1842.9849000000713,82.26489999997307,2018.6150410001126,1,1,1,1,1,1,15.059999999999462,25.807000000001295,50.63799999999975,73.0,144.0,230.0,2.6669999999997174,3.666999999999092,101.33400000000111,42.93000000000083,9.069999999998515,44.92900000000125,15.059999999999462,25.807000000001295,50.63799999999975,73.0,144.0,230.0,2.6669999999997174,3.666999999999092,101.33400000000111,42.93000000000083,9.069999999998515,44.92900000000125,0.07004651162790447,0.12059345794393128,0.15873981191222492,0.3201754385964912,0.8181818181818182,1.0,0.012404651162789384,0.017135514018687348,0.31766144200627305,0.18828947368421417,0.051534090909082474,0.195343478260875,0.07004651162790447,-0.12059345794393128,-0.15873981191222492,-0.3201754385964912,-0.8181818181818182,-1.0,0.012404651162789384,0.017135514018687348,-0.31766144200627305,-0.18828947368421417,0.051534090909082474,-0.195343478260875,ML,ML,SCP,ML,ML,ML,MovingAverage3M,MovingAverage3M,x11 lineal,MovingAverage3M,MovingAverage3M,MovingAverage3M,SCP,SCP,ML,SCP,SCP,SCP,x11 lineal,x11 lineal,MovingAverage3M,x11 lineal,x11 lineal,x11 lineal,82.2908366533877,85.79067694811908,50.02861823277558,41.191780821916666,93.70138888888992,80.4656521739125,634.0,187.0,555.2109999999964,-447.0,-78.78900000000357,447.0,96.9290000000006,78965.0,3943.864841000157,3,149.0,32.309666666666864,162.23953484482956,36.2577110924934,0.7050473186119873,0.152884858044165,-0.7050473186119873,-0.1242728706624662,ML,MovingAverage3M,SCP,x11 lineal,78.31565995525713,748.0,686.6149999999984,652.9999999999977,-61.38500000000158,-95.0000000000023,91.5050000000005,107.66799999999992,3457.0118930000253,10289.139334000218,3,30.501666666666836,35.889333333333305,33.94609399719908,58.56375253801114,0.12233288770053544,0.14394117647058813,-0.0820655080213925,-0.12700534759358598,SCP,x11 lineal,ML,MovingAverage3M,15.011888397666368,1382.0,873.6149999999984,1208.210999999994,-508.3850000000016,-173.78900000000587,538.5050000000006,204.59700000000052,82422.01189300002,14233.004175000375,6,89.75083333333343,34.099500000000084,117.20495715696785,48.70490080577172,0.389656295224313,0.14804413892908866,-0.36786179450072476,-0.12575180897250787,ML,MovingAverage3M,SCP,x11 lineal,62.006480905469715,2026-07-11 11:04:33.553,0,,
8477,63,60,10664,1,138,Anthurium,Peach,Large,,,SeasonalNaive,smooth_acceptable,smooth_acceptable_acceptable,acceptable,seasonal discrete,seasonal discrete,success,smooth_acceptable,COMPARABLE,1,1,1,0.0,60.0,20.0,0.0,0.0,0.0,178.11699999999988,151.99899999999988,113.93600000000015,169.02399999999994,23.49799999999996,8.506999999999996,170.00000000000023,120.00000000000003,59.99900000000007,148.48099999999994,79.18300000000013,77.43199999999997,178.11699999999988,91.99899999999988,93.93600000000015,169.02399999999994,23.49799999999996,8.506999999999996,170.00000000000023,60.00000000000003,39.99900000000007,148.48099999999994,79.18300000000013,77.43199999999997,178.11699999999988,91.99899999999988,93.93600000000015,169.02399999999994,23.49799999999996,8.506999999999996,170.00000000000023,60.00000000000003,39.99900000000007,148.48099999999994,79.18300000000013,77.43199999999997,31725.665688999958,8463.816000999977,8823.972096000029,28569.11257599998,552.156003999998,72.36904899999993,28900.000000000076,3600.0000000000036,1599.9200010000059,22046.60736099998,6269.947489000021,5995.714623999996,0,1,1,0,0,0,,91.99899999999988,93.93600000000015,,,,,60.00000000000003,39.99900000000007,,,,,91.99899999999988,93.93600000000015,,,,,60.00000000000003,39.99900000000007,,,,,1.5333166666666647,4.696800000000008,,,,,1.0000000000000004,1.9999500000000037,,,,,1.5333166666666647,4.696800000000008,,,,,1.0000000000000004,1.9999500000000037,,,,,ML,ML,,,,,SeasonalNaive,SeasonalNaive,,,,,SCP,SCP,,,,,seasonal discrete,seasonal discrete,,,,,34.78189980325862,57.4188809402146,,,,0.0,201.02899999999988,305.09600000000006,201.02899999999988,305.09600000000006,201.02899999999988,305.09600000000006,29193.63762899998,34312.269474,0,,,,,,,,,,,,,,80.0,444.0519999999999,349.99900000000036,364.0519999999999,269.99900000000036,364.0519999999999,269.99900000000036,49013.45378599996,34099.920001000086,2,182.02599999999995,134.99950000000018,156.5462452216596,130.57549540591467,4.550649999999999,3.3749875000000045,4.550649999999999,3.3749875000000045,ML,SeasonalNaive,SCP,seasonal discrete,25.8350455429443,80.0,645.0809999999997,655.0950000000004,565.0809999999997,575.0950000000004,565.0809999999997,575.0950000000004,78207.09141499994,68412.18947500008,2,282.54049999999984,287.5475000000002,197.7461648363881,184.94889763796928,7.063512499999996,7.188687500000005,7.063512499999996,7.188687500000005,SCP,seasonal discrete,ML,SeasonalNaive,1.741277528060698,2026-07-11 11:04:33.553,0,,
8478,63,60,10664,1,139,Anthurium,Peach,Small,,,MovingAverage3M,intermittent_acceptable,intermittent_acceptable_acceptable,acceptable,copy last year,copy last year,success,intermittent_acceptable,NOT_COMPARABLE_NO_HISTORY,1,1,1,0.0,0.0,0.0,0.0,0.0,0.0,25.0,0.0,0.0,0.0,0.0,0.0,0.0,0.0,0.0,0.0,0.0,0.0,,,,,,,,,,,,,,,,,,,,,,,,,,,,,,,,,,,,,,,,,,,,,,,,,,,,,,,,,,,,,,,,,,,,,,,,,,,,,,,,,,,,,,,,,,,,,,,,,,,,,,,,,,,,,,,,,,,,,,,,,,,,,,,,,,,,,,,,,,,,,,,,,,,,,,,,,,,,,,,,,,,,,,,,,,,,,,,,,,,,,,,,,,,,,,2026-07-11 11:04:33.553,0,,NoForecastRowsMaterialized
8479,63,60,10664,1,140,Orchids,Asst,Regular,,,AutoARIMA,smooth_acceptable,smooth_acceptable_acceptable,acceptable,x11 lineal,x11 lineal,success,smooth_acceptable,COMPARABLE,1,1,1,108.0,290.0,116.0,111.0,405.0,100.0,39.431000000000054,393.5790000000011,59.000999999999884,75.8459999999997,181.7569999999999,89.30099999999999,67.02199999999995,366.5009999999991,88.65399999999993,79.12799999999979,167.24100000000007,82.72599999999973,-68.56899999999995,103.57900000000109,-56.999000000000116,-35.154000000000295,-223.2430000000001,-10.699000000000012,-40.97800000000005,76.50099999999912,-27.346000000000075,-31.872000000000213,-237.75899999999993,-17.27400000000027,68.56899999999995,103.57900000000109,56.999000000000116,35.154000000000295,223.2430000000001,10.699000000000012,40.97800000000005,76.50099999999912,27.346000000000075,31.872000000000213,237.75899999999993,17.27400000000027,4701.707760999992,10728.609241000226,3248.886001000013,1235.8037160000208,49837.43704900005,114.46860100000026,1679.1964840000041,5852.403000999866,747.8037160000041,1015.8243840000135,56529.342080999966,298.3910760000094,1,1,1,1,1,1,68.56899999999995,103.57900000000109,56.999000000000116,35.154000000000295,223.2430000000001,10.699000000000012,40.97800000000005,76.50099999999912,27.346000000000075,31.872000000000213,237.75899999999993,17.27400000000027,68.56899999999995,103.57900000000109,56.999000000000116,35.154000000000295,223.2430000000001,10.699000000000012,40.97800000000005,76.50099999999912,27.346000000000075,31.872000000000213,237.75899999999993,17.27400000000027,0.6348981481481476,0.35716896551724514,0.4913706896551734,0.31670270270270534,0.5512172839506175,0.10699000000000013,0.3794259259259264,0.2637965517241349,0.23574137931034547,0.28713513513513705,0.5870592592592591,0.1727400000000027,-0.6348981481481476,0.35716896551724514,-0.4913706896551734,-0.31670270270270534,-0.5512172839506175,-0.10699000000000013,-0.3794259259259264,0.2637965517241349,-0.23574137931034547,-0.28713513513513705,-0.5870592592592591,-0.1727400000000027,ML,ML,ML,ML,SCP,SCP,AutoARIMA,AutoARIMA,AutoARIMA,AutoARIMA,x11 lineal,x11 lineal,SCP,SCP,SCP,SCP,ML,ML,x11 lineal,x11 lineal,x11 lineal,x11 lineal,AutoARIMA,AutoARIMA,40.23830010646198,26.14236476506018,52.023719714380924,9.336064174774002,6.105341963921376,38.06298483269743,616.0,346.9039999999996,329.0949999999996,-269.0960000000004,-286.9050000000004,269.0960000000004,286.9050000000004,51187.709366000076,57843.55754099999,3,89.6986666666668,95.63500000000015,130.6237719125684,138.856709765859,0.4368441558441565,0.4657548701298708,-0.4368441558441565,-0.4657548701298708,SCP,x11 lineal,ML,AutoARIMA,6.207281155783276,514.0,492.011000000001,522.176999999999,-21.988999999998974,8.176999999998998,229.14700000000113,144.82499999999925,18679.20300300023,8279.403200999874,3,76.3823333333337,48.27499999999975,78.90754717389254,52.533808799666886,0.4458112840466948,0.2817607003891036,-0.04278015564202135,0.015908560311282096,ML,AutoARIMA,SCP,x11 lineal,36.79821250114619,1130.0,838.9150000000004,851.2719999999987,-291.0849999999994,-278.72800000000143,498.2430000000016,431.7299999999997,69866.9123690003,66122.96074199986,6,83.04050000000026,71.95499999999994,107.90961678568497,104.97853807802801,0.44092300884955893,0.3820619469026546,-0.25759734513274285,-0.24666194690265614,ML,AutoARIMA,SCP,x11 lineal,13.349510178768528,2026-07-11 11:04:33.553,0,,
"8480,63,60,10664,1,142,Protea,Red-pink,"""",,,MovingAverage3M,seasonal_discontinuous_acceptable,seasonal_discontinuous_acceptable_acceptable,acceptable,syntetos-boylan,syntetos-boylan,success,seasonal_discontinuous_acceptable,COMPARABLE,1,1,1,0.0,0.0,25.0,22.0,0.0,0.0,0.4890000000000001,0.0,0.0,0.0,33.597,10.198999999999998,7.332999999999999,7.333,7.334,0.0,0.0,0.0,0.4890000000000001,0.0,-25.0,-22.0,33.597,10.198999999999998,7.332999999999999,7.333,-17.666,-22.0,0.0,0.0,0.4890000000000001,0.0,25.0,22.0,33.597,10.198999999999998,7.332999999999999,7.333,17.666,22.0,0.0,0.0,0.2391210000000001,0.0,625.0,484.0,1128.758409,104.01960099999997,53.77288899999999,53.772889,312.087556,484.0,0.0,0.0,0,0,1,1,0,0,,,25.0,22.0,,,,,17.666,22.0,,,,,25.0,22.0,,,,,17.666,22.0,,,,,1.0,1.0,,,,,0.70664,1.0,,,,,-1.0,-1.0,,,,,-0.70664,-1.0,,,,,ML,TIE,,,,,MovingAverage3M,,,,,,SCP,,,,,,syntetos-boylan,,,,,,29.335999999999995,0.0,,,22.0,43.796,0.0,21.796,-22.0,65.79599999999999,22.0,1716.77801,484.0,1,65.79599999999999,22.0,41.43401995944878,22.0,2.9907272727272725,1.0,0.9907272727272727,-1.0,ML,MovingAverage3M,SCP,syntetos-boylan,66.56331691896163,25.0,0.4890000000000001,22.0,-24.511,-3.000000000000001,25.489,32.332,625.239121,419.633334,1,25.489,32.332,25.00478196265666,20.4849538442243,1.01956,1.29328,-0.98044,-0.12000000000000004,SCP,syntetos-boylan,ML,MovingAverage3M,21.16479030063095,47.0,44.285,22.0,-2.7149999999999963,-25.0,91.28500000000001,54.332,2342.017131,903.633334,2,45.642500000000005,27.166,34.22000241817642,21.255979558703004,1.9422340425531917,1.156,-0.05776595744680843,-0.5319148936170213,ML,MovingAverage3M,SCP,syntetos-boylan,40.48091143123187,2026-07-11 11:04:33.553,0,,"
"8481,63,60,10664,1,143,Protea,White,""40cm"",,,,,,,copy last year,copy last year,success,,NOT_COMPARABLE_MISSING_SCP_AND_ML,1,0,0,0.0,-5.0,25.0,130.0,150.0,45.0,,,,,,,,,,,,,,,,,,,,,,,,,,,,,,,,,,,,,,,,,,,,,,,,,,,,,,,,,,,,,,,,,,,,,,,,,,,,,,,,,,,,,,,,,,,,,,,,,,,,,,,,,,,,,,,,,,,,,,,,,,,,,,,,,,,,,,,,,,,,,,,,,,,,,,,,,,,,,,,,,,,,,,,,,,,,,,,,,,,,,,,,,,,,,,,,,,,,,,,,,,2026-07-11 11:04:33.553,1,ShortSeries,NoForecastRowsMaterialized"
"8482,63,60,10664,1,144,Roses,Red,""100cm"",,,MovingAverage3M,lumpy_insuficient,lumpy_insuficient_insuficient,insuficient,syntetos-boylan,syntetos-boylan,success,lumpy_insuficient,COMPARABLE,1,1,1,0.0,0.0,0.0,100.0,285.0,0.0,0.0,0.0,200.0,199.99999999999997,200.00099999999998,199.99999999999994,133.33499999999998,133.332,133.334,0.0,700.0,0.0,0.0,0.0,200.0,99.99999999999997,-84.99900000000002,199.99999999999994,133.33499999999998,133.332,133.334,-100.0,415.0,0.0,0.0,0.0,200.0,99.99999999999997,84.99900000000002,199.99999999999994,133.33499999999998,133.332,133.334,100.0,415.0,0.0,0.0,0.0,40000.0,9999.999999999995,7224.830001000004,39999.99999999998,17778.222224999994,17777.422223999998,17777.955556,10000.0,172225.0,0.0,0,0,0,1,1,0,,,,99.99999999999997,84.99900000000002,,,,,100.0,415.0,,,,,99.99999999999997,84.99900000000002,,,,,100.0,415.0,,,,,0.9999999999999997,0.298242105263158,,,,,1.0,1.456140350877193,,,,,0.9999999999999997,-0.298242105263158,,,,,-1.0,1.456140350877193,,,,,TIE,SCP,,,,,,syntetos-boylan,,,,,,ML,,,,,,MovingAverage3M,,,,,0.0,79.51831325301205,,385.0,600.0009999999999,700.0,215.0009999999999,315.0,384.9989999999999,515.0,57224.83000099997,182225.0,2,192.49949999999995,257.5,169.1520469887964,301.84847191927275,0.9999974025974023,1.3376623376623376,0.5584441558441555,0.8181818181818182,SCP,syntetos-boylan,ML,MovingAverage3M,25.24291262135924,0.0,200.0,400.001,200.0,400.001,200.0,400.001,40000.0,53333.600004999986,0,,,,,,,,,,,,,,385.0,800.001,1100.001,415.0009999999999,715.001,584.999,915.001,97224.83000099997,235558.600005,2,292.4995,457.5005,220.4822328454154,343.1898891320955,1.5194779220779222,2.376625974025974,1.0779246753246752,1.8571454545454544,SCP,syntetos-boylan,ML,MovingAverage3M,36.06575293360334,2026-07-11 11:04:33.553,0,,"
"8483,63,60,10664,1,145,Roses,Yellow,""50cm"",,,AutoTheta,smooth_acceptable,smooth_acceptable_acceptable,acceptable,x11 lineal,x11 lineal,success,smooth_acceptable,COMPARABLE,1,1,1,44906.0,67579.0,37470.0,39490.0,38535.0,32295.0,35462.79500000085,60679.05999999998,41160.55900000164,28195.43200000129,36125.53800000091,33361.71900000025,43834.69900000032,77096.86400000035,51506.561000000016,30343.513000000265,42045.14500000035,37613.892999999596,-9443.20499999915,-6899.940000000017,3690.559000001638,-11294.567999998711,-2409.46199999909,1066.719000000252,-1071.3009999996793,9517.86400000035,14036.561000000016,-9146.486999999735,3510.1450000003533,5318.892999999596,9443.20499999915,6899.940000000017,3690.559000001638,11294.567999998711,2409.46199999909,1066.719000000252,1071.3009999996793,9517.86400000035,14036.561000000016,9146.486999999735,3510.1450000003533,5318.892999999596,89174120.67200896,47609172.00360023,13620225.732493091,127567266.3065949,5805507.129439615,1137889.4249615376,1147685.832600313,90589735.12250267,197025044.70672145,83658224.44116417,12321117.92102748,28290622.745444704,1,1,1,1,1,1,9443.20499999915,6899.940000000017,3690.559000001638,11294.567999998711,2409.46199999909,1066.719000000252,1071.3009999996793,9517.86400000035,14036.561000000016,9146.486999999735,3510.1450000003533,5318.892999999596,9443.20499999915,6899.940000000017,3690.559000001638,11294.567999998711,2409.46199999909,1066.719000000252,1071.3009999996793,9517.86400000035,14036.561000000016,9146.486999999735,3510.1450000003533,5318.892999999596,0.21028826882820004,0.10210183636928656,0.09849370162801276,0.28601083818685014,0.06252658622029558,0.03303046911287357,0.023856522513688135,0.14084055697776454,0.37460797971710746,0.23161526968852203,0.09108978850396661,0.16469710481497435,-0.21028826882820004,-0.10210183636928656,0.09849370162801276,-0.28601083818685014,-0.06252658622029558,0.03303046911287357,-0.023856522513688135,0.14084055697776454,0.37460797971710746,-0.23161526968852203,0.09108978850396661,0.16469710481497435,ML,SCP,SCP,ML,SCP,SCP,AutoTheta,x11 lineal,x11 lineal,AutoTheta,x11 lineal,x11 lineal,SCP,ML,ML,SCP,ML,ML,x11 lineal,AutoTheta,AutoTheta,x11 lineal,AutoTheta,AutoTheta,88.65532411930297,27.505373054292825,73.7075270787365,19.018708816479055,31.357194645838053,79.94471782003637,110320.0,97682.68900000246,110002.55100000021,-12637.31099999755,-317.4489999997859,14770.748999998053,17975.524999999685,134510662.86099604,124269965.10763635,3,4923.582999999351,5991.841666666562,6696.035216479377,6436.095221681035,0.13389003807104835,0.1629398567802727,-0.1145514050036036,-0.0028775290065245276,SCP,x11 lineal,ML,AutoTheta,17.828552990812156,149955.0,137302.41400000246,172438.12400000068,-12652.58599999753,22483.124000000687,20033.704000000806,24625.726000000046,150403518.40810227,288762465.6618244,3,6677.9013333336015,8208.575333333349,7080.572444091939,9810.920202540032,0.1335981060985016,0.16422077289853654,-0.0843758860991466,0.1499324730752605,SCP,x11 lineal,ML,AutoTheta,18.647255313403683,260275.0,234985.1030000049,282440.67500000086,-25289.89699999508,22165.6750000009,34804.45299999886,42601.250999999735,284914181.26909834,413032430.7694608,6,5800.742166666477,7100.208499999956,6890.986640400854,8296.911380843887,0.13372184420324218,0.16367784458745455,-0.09716606281815418,0.0851625204111071,SCP,x11 lineal,ML,AutoTheta,18.301805268584538,2026-07-11 11:04:33.553,0,,"
"8484,63,60,10664,1,146,Alstroemeria,"""","""",,,AutoTheta,smooth_acceptable,smooth_acceptable_acceptable,acceptable,x11 lineal,x11 lineal,success,smooth_acceptable,COMPARABLE,1,1,1,313.0,656.0,456.0,530.0,791.0,380.0,400.4789999999948,845.6930000000127,404.8049999999999,349.6289999999964,851.7900000000072,330.51699999999795,402.04799999999926,878.711000000003,420.9619999999979,434.7630000000029,928.8149999999979,393.59300000000167,87.47899999999481,189.69300000001272,-51.19500000000011,-180.37100000000362,60.79000000000724,-49.48300000000205,89.04799999999926,222.71100000000297,-35.038000000002114,-95.23699999999712,137.8149999999979,13.593000000001666,87.47899999999481,189.69300000001272,51.19500000000011,180.37100000000362,60.79000000000724,49.48300000000205,89.04799999999926,222.71100000000297,35.038000000002114,95.23699999999712,137.8149999999979,13.593000000001666,7652.575440999092,35983.43424900482,2620.928025000011,32533.697641001305,3695.42410000088,2448.567289000203,7929.5463039998685,49600.189521001324,1227.661444000148,9070.086168999453,18992.97422499942,184.7696490000453,1,1,1,1,1,1,87.47899999999481,189.69300000001272,51.19500000000011,180.37100000000362,60.79000000000724,49.48300000000205,89.04799999999926,222.71100000000297,35.038000000002114,95.23699999999712,137.8149999999979,13.593000000001666,87.47899999999481,189.69300000001272,51.19500000000011,180.37100000000362,60.79000000000724,49.48300000000205,89.04799999999926,222.71100000000297,35.038000000002114,95.23699999999712,137.8149999999979,13.593000000001666,0.2794856230031783,0.28916615853660477,0.11226973684210549,0.3403226415094408,0.07685208596713937,0.13021842105263698,0.2844984025559082,0.3394984756097606,0.07683771929825026,0.17969245283018326,0.1742288242730694,0.03577105263158333,0.2794856230031783,0.28916615853660477,-0.11226973684210549,-0.3403226415094408,0.07685208596713937,-0.13021842105263698,0.2844984025559082,0.3394984756097606,-0.07683771929825026,-0.17969245283018326,0.1742288242730694,0.03577105263158333,SCP,SCP,ML,ML,SCP,ML,x11 lineal,x11 lineal,AutoTheta,AutoTheta,x11 lineal,AutoTheta,ML,ML,SCP,SCP,ML,SCP,AutoTheta,AutoTheta,x11 lineal,x11 lineal,AutoTheta,x11 lineal,1.7619710717865273,14.825491331811087,31.55972262915901,47.199383492914485,55.89014258244156,72.52995978416607,1701.0,1531.9360000000015,1757.1710000000023,-169.06399999999843,56.17100000000244,290.6440000000129,246.64499999999668,38677.68903000239,28247.830042998918,3,96.88133333333764,82.2149999999989,113.54542267304656,97.03578385145505,0.1708665490887789,0.14499999999999805,-0.0993909465020567,0.03302233980011901,ML,AutoTheta,SCP,x11 lineal,15.138451163627767,1425.0,1650.9770000000074,1701.7210000000002,225.97700000000742,276.7210000000001,328.36700000000764,346.79700000000435,46256.93771500392,58757.39726900135,3,109.45566666666922,115.59900000000145,124.17318244425662,139.9492732730939,0.2304329824561457,0.24336631578947673,0.15858035087719818,0.19419017543859657,SCP,x11 lineal,ML,AutoTheta,5.3143481633337295,3126.0,3182.913000000009,3458.8920000000026,56.91300000000899,332.89200000000255,619.0110000000204,593.442000000001,84934.6267450063,87005.22731200025,6,103.1685000000034,98.90700000000017,118.97802790502,120.41956327219722,0.19802015355087027,0.1898406909788871,0.018206333973131476,0.10649136276391637,ML,AutoTheta,SCP,x11 lineal,4.130621265214767,2026-07-11 11:04:33.553,0,,"
8485,63,60,10664,1,147,Alstroemeria,Pink,Incredible,,,MovingAverage12M,lumpy_acceptable,lumpy_acceptable_acceptable,acceptable,seasonal discrete,seasonal discrete,success,lumpy_acceptable,NOT_COMPARABLE_MISSING_SCP,1,0,1,0.0,12.0,0.0,0.0,0.0,24.0,,,,,,,6.9990000000000006,7.0009999999999994,6.999000000000001,8.0,8.001,7.999000000000001,,,,,,,,,,,,,,,,,,,,,,,,,,,,,,,,,,,,,,,,,,,,,,,,,,,,,,,,,,,,,,,,,,,,,,,,,,,,,,,,,,,,,,,,,,,,,,,,,,,,,,,,,,,,,,,,,,,,,,,,,,,,,,,,,,,,,,,,,,,,,,,,,,,,,,,,,,,,,,,,,,,,,,,,,,,,,,,,,,,,,,,,,,,,,,2026-07-11 11:04:33.553,0,,NoForecastRowsMaterialized
8486,63,60,10664,1,148,Alstroemeria,Spring Assorted,Select,,,SeasonalNaive,seasonal_discontinuous_acceptable,seasonal_discontinuous_acceptable_acceptable,acceptable,seasonal discrete,seasonal discrete,success,seasonal_discontinuous_acceptable,COMPARABLE,1,1,1,1278.0,3174.0,2207.0,1241.0,0.0,0.0,1937.1400000000024,3377.9219999999987,2731.0730000000026,1453.9309999999925,0.0,0.0,1940.0000000000027,3538.0000000000045,3017.9990000000053,1567.9999999999975,0.0,0.0,659.1400000000024,203.92199999999866,524.0730000000026,212.93099999999254,0.0,0.0,662.0000000000027,364.00000000000455,810.9990000000053,326.9999999999975,0.0,0.0,659.1400000000024,203.92199999999866,524.0730000000026,212.93099999999254,0.0,0.0,662.0000000000027,364.00000000000455,810.9990000000053,326.9999999999975,0.0,0.0,434465.5396000031,41584.182083999454,274652.5093290027,45339.610760996824,0.0,0.0,438244.0000000036,132496.00000000332,657719.3780010085,106928.99999999837,0.0,0.0,1,1,1,1,0,0,659.1400000000024,203.92199999999866,524.0730000000026,212.93099999999254,,,662.0000000000027,364.00000000000455,810.9990000000053,326.9999999999975,,,659.1400000000024,203.92199999999866,524.0730000000026,212.93099999999254,,,662.0000000000027,364.00000000000455,810.9990000000053,326.9999999999975,,,0.5157589984350567,0.06424763705103928,0.23745944721341306,0.171580177276384,,,0.5179968701095483,0.11468178954001404,0.3674666968735864,0.2634971796937933,,,0.5157589984350567,0.06424763705103928,0.23745944721341306,0.171580177276384,,,0.5179968701095483,0.11468178954001404,0.3674666968735864,0.2634971796937933,,,SCP,SCP,SCP,SCP,,,seasonal discrete,seasonal discrete,seasonal discrete,seasonal discrete,,,ML,ML,ML,ML,,,SeasonalNaive,SeasonalNaive,SeasonalNaive,SeasonalNaive,,,0.4320241691843344,43.977472527473594,35.37932845786502,34.8834862385339,,,1241.0,1453.9309999999925,1567.9999999999975,212.93099999999254,326.9999999999975,212.93099999999254,326.9999999999975,45339.610760996824,106928.99999999837,1,212.93099999999254,326.9999999999975,212.93099999999254,326.9999999999975,0.171580177276384,0.2634971796937933,0.171580177276384,0.2634971796937933,SCP,seasonal discrete,ML,SeasonalNaive,34.8834862385339,6659.0,8046.135000000003,8495.999000000013,1387.1350000000036,1836.9990000000125,1387.1350000000036,1836.9990000000125,750702.2310130053,1228459.3780010156,3,462.3783333333345,612.3330000000042,500.23402223792726,639.911290206441,0.20830980627721934,0.27586709716173785,0.20830980627721934,0.27586709716173785,SCP,seasonal discrete,ML,SeasonalNaive,24.48907157815577,7900.0,9500.065999999997,10063.99900000001,1600.0659999999962,2163.99900000001,1600.0659999999962,2163.99900000001,796041.8417740021,1335388.378001014,4,400.01649999999904,540.9997500000025,446.10588478913894,577.7950281027464,0.20253999999999953,0.27392392405063415,0.20253999999999953,0.27392392405063415,SCP,seasonal discrete,ML,SeasonalNaive,26.05976250451183,2026-07-11 11:04:33.553,0,,
8487,63,60,10664,1,149,Alstroemeria,White,Perfection,,,MovingAverage12M,smooth_insuficient,smooth_insuficient_insuficient,insuficient,x11 lineal,x11 lineal,success,smooth_insuficient,COMPARABLE,1,1,1,177.0,298.0,247.0,204.0,242.0,145.0,259.812,210.65899999999908,285.53000000000003,251.37800000000064,146.4539999999994,225.85500000000013,210.58399999999938,210.5829999999995,210.5839999999982,148.00100000000006,148.0000000000006,147.99900000000028,82.81200000000001,-87.34100000000092,38.53000000000003,47.37800000000064,-95.54600000000059,80.85500000000013,33.58399999999938,-87.41700000000051,-36.41600000000179,-55.99899999999994,-93.9999999999994,2.9990000000002794,82.81200000000001,87.34100000000092,38.53000000000003,47.37800000000064,95.54600000000059,80.85500000000013,33.58399999999938,87.41700000000051,36.41600000000179,55.99899999999994,93.9999999999994,2.9990000000002794,6857.827344000002,7628.45028100016,1484.5609000000022,2244.6748840000605,9129.038116000112,6537.531025000021,1127.8850559999582,7641.73188900009,1326.1250560001301,3135.888000999993,8835.999999999887,8.994001000001676,1,1,1,1,1,1,82.81200000000001,87.34100000000092,38.53000000000003,47.37800000000064,95.54600000000059,80.85500000000013,33.58399999999938,87.41700000000051,36.41600000000179,55.99899999999994,93.9999999999994,2.9990000000002794,82.81200000000001,87.34100000000092,38.53000000000003,47.37800000000064,95.54600000000059,80.85500000000013,33.58399999999938,87.41700000000051,36.41600000000179,55.99899999999994,93.9999999999994,2.9990000000002794,0.46786440677966107,0.2930906040268487,0.1559919028340082,0.23224509803921883,0.39481818181818423,0.5576206896551733,0.18974011299434676,0.2933456375838943,0.14743319838057403,0.27450490196078403,0.38842975206611324,0.020682758620691584,0.46786440677966107,-0.2930906040268487,0.1559919028340082,0.23224509803921883,-0.39481818181818423,0.5576206896551733,0.18974011299434676,-0.2933456375838943,-0.14743319838057403,-0.27450490196078403,-0.38842975206611324,0.020682758620691584,ML,SCP,ML,SCP,ML,ML,MovingAverage12M,x11 lineal,MovingAverage12M,x11 lineal,MovingAverage12M,MovingAverage12M,SCP,ML,SCP,ML,SCP,SCP,x11 lineal,MovingAverage12M,x11 lineal,MovingAverage12M,x11 lineal,x11 lineal,59.44549099164449,0.08693961128794853,5.48663379184594,15.394917766387453,1.618068783623773,96.29089110135394,591.0,623.6870000000001,444.0000000000009,32.68700000000018,-146.99999999999906,223.77900000000136,152.99799999999962,17911.244025000196,11980.882001999882,3,74.59300000000046,50.999333333333205,77.26845847433522,63.19515277297746,0.37864467005076374,0.25887986463620916,0.055307952622673746,-0.2487309644670035,ML,MovingAverage12M,SCP,x11 lineal,31.629866966963533,722.0,756.0009999999991,631.750999999997,34.000999999999124,-90.24900000000292,208.68300000000096,157.41700000000168,15970.838525000163,10095.742001000177,3,69.56100000000032,52.47233333333389,72.9630923252758,58.01075187986039,0.2890346260387825,0.2180290858725785,0.04709279778393231,-0.1249986149584528,ML,MovingAverage12M,SCP,x11 lineal,24.56644767422313,1313.0,1379.6879999999992,1075.7509999999982,66.6879999999993,-237.24900000000198,432.4620000000024,310.4150000000013,33882.082550000356,22076.624003000063,6,72.0770000000004,51.73583333333355,75.14661508234015,60.65836573658529,0.3293693830921572,0.23641660319878244,0.05079055597867426,-0.1806923076923092,ML,MovingAverage12M,SCP,x11 lineal,28.221439109101,2026-07-11 11:04:33.553,0,,
8488,63,60,10664,1,150,Alstroemeria,White Assorted,Select,,,SeasonalNaive,erratic_acceptable,erratic_acceptable_acceptable,acceptable,x11 lineal,x11 lineal,success,erratic_acceptable,COMPARABLE,1,1,1,170.0,455.0,347.0,375.0,320.0,240.0,252.47100000000057,531.336999999998,283.3799999999997,324.38199999999966,442.98299999999864,263.55500000000086,300.0000000000007,660.0000000000016,408.0000000000017,348.0000000000006,434.0000000000009,407.99900000000156,82.47100000000057,76.33699999999806,-63.62000000000029,-50.618000000000336,122.98299999999864,23.55500000000086,130.00000000000068,205.0000000000016,61.000000000001705,-26.999999999999375,114.00000000000091,167.99900000000156,82.47100000000057,76.33699999999806,63.62000000000029,50.618000000000336,122.98299999999864,23.55500000000086,130.00000000000068,205.0000000000016,61.000000000001705,26.999999999999375,114.00000000000091,167.99900000000156,6801.465841000095,5827.337568999703,4047.5044000000366,2562.181924000034,15124.818288999666,554.8380250000405,16900.00000000018,42025.000000000655,3721.0000000002083,728.9999999999662,12996.000000000207,28223.664001000525,1,1,1,1,1,1,82.47100000000057,76.33699999999806,63.62000000000029,50.618000000000336,122.98299999999864,23.55500000000086,130.00000000000068,205.0000000000016,61.000000000001705,26.999999999999375,114.00000000000091,167.99900000000156,82.47100000000057,76.33699999999806,63.62000000000029,50.618000000000336,122.98299999999864,23.55500000000086,130.00000000000068,205.0000000000016,61.000000000001705,26.999999999999375,114.00000000000091,167.99900000000156,0.48512352941176806,0.16777362637362211,0.18334293948126884,0.13498133333333423,0.38432187499999576,0.09814583333333692,0.7647058823529452,0.45054945054945406,0.17579250720461587,0.07199999999999833,0.35625000000000284,0.6999958333333398,0.48512352941176806,0.16777362637362211,-0.18334293948126884,-0.13498133333333423,0.38432187499999576,0.09814583333333692,0.7647058823529452,0.45054945054945406,0.17579250720461587,-0.07199999999999833,0.35625000000000284,0.6999958333333398,SCP,SCP,ML,ML,ML,SCP,x11 lineal,x11 lineal,SeasonalNaive,SeasonalNaive,SeasonalNaive,x11 lineal,ML,ML,SCP,SCP,SCP,ML,SeasonalNaive,SeasonalNaive,x11 lineal,x11 lineal,x11 lineal,SeasonalNaive,36.56076923076913,62.76243902439147,4.1182018233237505,46.659291161248575,7.304261564604728,85.97908320882824,935.0,1030.9199999999992,1189.9990000000032,95.91999999999916,254.9990000000031,197.15599999999984,308.99900000000184,18241.838237999742,41948.664001000696,3,65.7186666666666,102.99966666666728,77.9782838103014,118.24926215555666,0.2108620320855613,0.33048021390374527,0.10258823529411676,0.27272620320855945,SCP,x11 lineal,ML,SeasonalNaive,36.19526276784111,972.0,1067.1879999999983,1368.0000000000039,95.18799999999834,396.000000000004,222.42799999999892,396.000000000004,16676.307809999835,62646.00000000105,3,74.1426666666663,132.00000000000134,74.55715438507525,144.50605523645143,0.22883539094650093,0.4074074074074115,0.09793004115226167,0.4074074074074115,SCP,x11 lineal,ML,SeasonalNaive,43.83131313131397,1907.0,2098.1079999999974,2557.999000000007,191.1079999999975,650.9990000000071,419.58399999999875,704.9990000000059,34918.14604799957,104594.66400100173,6,69.93066666666645,117.49983333333432,76.28689932091832,132.03198097494013,0.22002307288935435,0.3696900891452574,0.10021394861038149,0.34137336130047563,SCP,x11 lineal,ML,SeasonalNaive,40.48445458787952,2026-07-11 11:04:33.553,0,,
8489,63,60,10664,1,152,Anthurium,Pink/Green,Large,,,MovingAverage3M,intermittent_insuficient,intermittent_insuficient_insuficient,insuficient,preserve current forecast,preserve current forecast,success,intermittent_insuficient,NOT_COMPARABLE_NO_HISTORY,1,1,1,0.0,0.0,0.0,0.0,0.0,0.0,0.0,0.0,0.0,2.999000000000002,0.0,0.0,0.0,0.0,0.0,0.0,0.0,0.0,,,,,,,,,,,,,,,,,,,,,,,,,,,,,,,,,,,,,,,,,,,,,,,,,,,,,,,,,,,,,,,,,,,,,,,,,,,,,,,,,,,,,,,,,,,,,,,,,,,,,,,,,,,,,,,,,,,,,,,,,,,,,,,,,,,,,,,,,,,,,,,,,,,,,,,,,,,,,,,,,,,,,,,,,,,,,,,,,,,,,,,,,,,,,,2026-07-11 11:04:33.553,0,,NoForecastRowsMaterialized
8490,63,60,10664,1,153,Anthurium,Purple,Medium,,,MovingAverage12M,smooth_acceptable,smooth_acceptable_acceptable,acceptable,x11 lineal,x11 lineal,success,smooth_acceptable,COMPARABLE,1,1,1,147.0,230.0,160.0,170.0,479.0,160.0,256.96899999999965,234.9559999999997,111.03899999999994,157.64199999999985,139.17299999999992,126.09900000000012,206.9269999999999,206.92600000000024,206.92699999999948,254.4760000000002,251.41800000000026,248.35900000000007,109.96899999999965,4.955999999999705,-48.961000000000055,-12.358000000000146,-339.8270000000001,-33.90099999999988,59.92699999999991,-23.073999999999756,46.92699999999948,84.4760000000002,-227.58199999999974,88.35900000000007,109.96899999999965,4.955999999999705,48.961000000000055,12.358000000000146,339.8270000000001,33.90099999999988,59.92699999999991,23.073999999999756,46.92699999999948,84.4760000000002,227.58199999999974,88.35900000000007,12093.180960999924,24.561935999997072,2397.1795210000055,152.72016400000362,115482.38992900007,1149.277800999992,3591.245328999989,532.4094759999888,2202.1433289999513,7136.1945760000335,51793.56672399988,7807.312881000012,1,1,1,1,1,1,109.96899999999965,4.955999999999705,48.961000000000055,12.358000000000146,339.8270000000001,33.90099999999988,59.92699999999991,23.073999999999756,46.92699999999948,84.4760000000002,227.58199999999974,88.35900000000007,109.96899999999965,4.955999999999705,48.961000000000055,12.358000000000146,339.8270000000001,33.90099999999988,59.92699999999991,23.073999999999756,46.92699999999948,84.4760000000002,227.58199999999974,88.35900000000007,0.7480884353741473,0.021547826086955237,0.30600625000000037,0.07269411764705969,0.7094509394572027,0.21188124999999927,0.407666666666666,0.10032173913043373,0.29329374999999674,0.4969176470588247,0.47511899791231677,0.5522437500000004,0.7480884353741473,0.021547826086955237,-0.30600625000000037,-0.07269411764705969,-0.7094509394572027,-0.21188124999999927,0.407666666666666,-0.10032173913043373,0.29329374999999674,0.4969176470588247,-0.47511899791231677,0.5522437500000004,ML,SCP,ML,SCP,ML,SCP,MovingAverage12M,x11 lineal,MovingAverage12M,x11 lineal,MovingAverage12M,x11 lineal,SCP,ML,SCP,ML,SCP,ML,x11 lineal,MovingAverage12M,x11 lineal,MovingAverage12M,x11 lineal,MovingAverage12M,45.505551564531736,78.52127936205358,4.15432691325867,85.37099294474156,33.03004175654093,61.63265768059863,809.0,422.9139999999999,754.2530000000005,-386.0860000000001,-54.746999999999474,386.0860000000001,400.41700000000003,116784.38789400006,66737.07418099993,3,128.69533333333337,133.47233333333335,197.3021269474813,149.1498957212731,0.4772385661310261,0.4949530284301607,-0.4772385661310261,-0.06767243510506733,SCP,x11 lineal,ML,MovingAverage12M,3.579018872825051,537.0,602.9639999999993,620.7799999999996,65.9639999999993,83.77999999999963,163.8859999999994,129.92799999999914,14514.922417999926,6325.79813399993,3,54.62866666666647,43.30933333333305,69.55794327513316,45.91948799801645,0.3051880819366842,0.2419515828677824,0.12283798882681435,0.1560148975791427,ML,MovingAverage12M,SCP,x11 lineal,20.72050083594717,1346.0,1025.8779999999992,1375.0330000000004,-320.12200000000087,29.033000000000158,549.9719999999995,530.3449999999991,131299.310312,73062.87231499986,6,91.66199999999992,88.39083333333319,147.92977518178458,110.35010369652268,0.40859732540861776,0.3940156017830603,-0.23783209509658312,0.021569836552749,ML,MovingAverage12M,SCP,x11 lineal,3.568727135199681,2026-07-11 11:04:33.553,0,,
8491,63,60,10664,1,154,Orchids,Purple,Super,,,HistoricAverage,smooth_acceptable,smooth_acceptable_acceptable,acceptable,x11 lineal,x11 lineal,success,smooth_acceptable,COMPARABLE,1,1,1,248.0,379.0,399.0,246.0,417.0,258.0,308.59399999999914,499.38399999999797,403.87100000000356,340.7929999999997,321.3829999999957,270.81799999999913,292.1849999999999,292.1840000000009,292.18499999999807,313.3439999999991,313.34500000000065,313.3430000000028,60.59399999999914,120.38399999999797,4.871000000003562,94.79299999999972,-95.61700000000428,12.817999999999131,44.18499999999989,-86.81599999999912,-106.81500000000193,67.34399999999908,-103.65499999999935,55.3430000000028,60.59399999999914,120.38399999999797,4.871000000003562,94.79299999999972,95.61700000000428,12.817999999999131,44.18499999999989,86.81599999999912,106.81500000000193,67.34399999999908,103.65499999999935,55.3430000000028,3671.632835999896,14492.307455999511,23.7266410000347,8985.712848999947,9142.61068900082,164.30112399997773,1952.31422499999,7537.017855999848,11409.444225000412,4535.214335999876,10744.359024999865,3062.8476490003104,1,1,1,1,1,1,60.59399999999914,120.38399999999797,4.871000000003562,94.79299999999972,95.61700000000428,12.817999999999131,44.18499999999989,86.81599999999912,106.81500000000193,67.34399999999908,103.65499999999935,55.3430000000028,60.59399999999914,120.38399999999797,4.871000000003562,94.79299999999972,95.61700000000428,12.817999999999131,44.18499999999989,86.81599999999912,106.81500000000193,67.34399999999908,103.65499999999935,55.3430000000028,0.24433064516128686,0.31763588390500785,0.01220802005013424,0.3853373983739826,0.229297362110322,0.04968217054263229,0.1781653225806447,0.2290659630606837,0.26770676691729806,0.2737560975609719,0.24857314148680898,0.21450775193799537,0.24433064516128686,0.31763588390500785,0.01220802005013424,0.3853373983739826,-0.229297362110322,0.04968217054263229,0.1781653225806447,-0.2290659630606837,-0.26770676691729806,0.2737560975609719,-0.24857314148680898,0.21450775193799537,ML,ML,SCP,ML,SCP,SCP,HistoricAverage,HistoricAverage,x11 lineal,HistoricAverage,x11 lineal,x11 lineal,SCP,SCP,ML,SCP,ML,ML,x11 lineal,x11 lineal,HistoricAverage,x11 lineal,HistoricAverage,HistoricAverage,27.080238967553694,27.884104199893194,95.43977905724526,28.956779509036227,7.75457045004594,76.83898596028679,921.0,932.9939999999945,940.0320000000027,11.993999999994571,19.03200000000254,203.22800000000314,226.34200000000124,18292.624662000744,18342.421010000053,3,67.74266666666772,75.44733333333375,78.08675658522543,78.19296858840111,0.2206601520086896,0.2457567861020643,0.013022801302925702,0.020664495114009272,SCP,x11 lineal,ML,HistoricAverage,10.211980100908349,1026.0,1211.8490000000006,876.553999999999,185.84900000000067,-149.44600000000116,185.84900000000067,237.81600000000094,18187.66693299944,20898.77630600025,3,61.94966666666689,79.27200000000032,77.86241483753986,83.46411665300694,0.18113937621832424,0.23178947368421143,0.18113937621832424,-0.14565886939571263,SCP,x11 lineal,ML,HistoricAverage,21.851767753221,1947.0,2144.8429999999953,1816.5860000000016,197.84299999999524,-130.41399999999862,389.0770000000038,464.1580000000022,36480.29159500018,39241.197316000296,6,64.8461666666673,77.35966666666702,77.97466639342997,80.87150024988232,0.19983410374935995,0.23839650744735602,0.1016142783769878,-0.06698202362609071,SCP,x11 lineal,ML,HistoricAverage,16.175741880996988,2026-07-11 11:04:33.553,0,,
"8492,63,60,10664,1,155,Orchids,Variegated,"""",,,MovingAverage3M,intermittent_acceptable,intermittent_acceptable_acceptable,acceptable,seasonal discrete,seasonal discrete,success,intermittent_acceptable,COMPARABLE,1,1,1,0.0,18.0,0.0,0.0,0.0,0.0,11.999,6.0,12.0,0.0,0.0,6.0,0.0,0.0,0.0,2.862,2.8629999999999995,2.862,11.999,-12.0,12.0,0.0,0.0,6.0,0.0,-18.0,0.0,2.862,2.8629999999999995,2.862,11.999,12.0,12.0,0.0,0.0,6.0,0.0,18.0,0.0,2.862,2.8629999999999995,2.862,143.97600100000002,144.0,144.0,0.0,0.0,36.0,0.0,324.0,0.0,8.191044,8.196768999999998,8.191044,0,1,0,0,0,0,,12.0,,,,,,18.0,,,,,,12.0,,,,,,18.0,,,,,,0.6666666666666666,,,,,,1.0,,,,,,-0.6666666666666666,,,,,,-1.0,,,,,,SCP,,,,,,seasonal discrete,,,,,,ML,,,,,,MovingAverage3M,,,,,,33.333333333333336,,,,,0.0,6.0,8.587,6.0,8.587,6.0,8.587,36.0,24.578857,0,,,,,,,,,,,,,,18.0,29.999000000000002,0.0,11.999,-18.0,35.999,18.0,431.976001,324.0,1,35.999,18.0,20.78403235659529,18.0,1.9999444444444445,1.0,0.6666111111111112,-1.0,ML,MovingAverage3M,SCP,seasonal discrete,49.9986110725298,18.0,35.999,8.587,17.999000000000002,-9.413,41.999,26.587000000000003,467.976001,348.57885699999997,1,41.999,26.587000000000003,21.632752968589088,18.670266655835423,2.333277777777778,1.4770555555555558,0.9999444444444445,-0.5229444444444444,ML,MovingAverage3M,SCP,seasonal discrete,36.696111812186,2026-07-11 11:04:33.553,0,,"
"8493,63,60,10664,1,156,Protea,Peach-Orange,""40-50cm"",,,MovingAverage12M,lumpy_acceptable,lumpy_acceptable_acceptable,acceptable,syntetos-boylan,syntetos-boylan,success,lumpy_acceptable,COMPARABLE,1,1,1,0.0,0.0,280.0,240.0,0.0,0.0,259.99999999999994,0.0,0.0,0.0,138.00099999999998,137.999,83.33399999999999,83.33399999999995,83.33200000000001,66.66700000000003,66.66699999999997,66.66699999999999,259.99999999999994,0.0,-280.0,-240.0,138.00099999999998,137.999,83.33399999999999,83.33399999999995,-196.668,-173.33299999999997,66.66699999999997,66.66699999999999,259.99999999999994,0.0,280.0,240.0,138.00099999999998,137.999,83.33399999999999,83.33399999999995,196.668,173.33299999999997,66.66699999999997,66.66699999999999,67599.99999999997,0.0,78400.0,57600.0,19044.276000999995,19043.724001,6944.555555999998,6944.555555999991,38678.302224,30044.32888899999,4444.488888999997,4444.488888999998,0,0,1,1,0,0,,,280.0,240.0,,,,,196.668,173.33299999999997,,,,,280.0,240.0,,,,,196.668,173.33299999999997,,,,,1.0,1.0,,,,,0.7023857142857143,0.7222208333333332,,,,,-1.0,-1.0,,,,,-0.7023857142857143,-0.7222208333333332,,,,,ML,ML,,,,,MovingAverage12M,MovingAverage12M,,,,,SCP,SCP,,,,,syntetos-boylan,syntetos-boylan,,,,,29.76142857142857,27.77791666666668,,,240.0,276.0,200.00099999999998,36.0,-39.999000000000024,516.0,306.6669999999999,95688.00000199999,38933.30666699998,1,516.0,306.6669999999999,309.33477011483853,197.3152469197451,2.15,1.2777791666666662,0.15,-0.1666625000000001,ML,MovingAverage12M,SCP,syntetos-boylan,40.56841085271319,280.0,259.99999999999994,249.99999999999994,-20.000000000000057,-30.00000000000007,540.0,363.33599999999996,145999.99999999997,52567.41333599999,1,540.0,363.33599999999996,382.09946349085595,229.27584551365194,1.9285714285714286,1.2976285714285714,-0.07142857142857163,-0.1071428571428574,ML,MovingAverage12M,SCP,syntetos-boylan,32.71555555555556,520.0,535.9999999999999,450.0009999999999,15.999999999999915,-69.99900000000007,1056.0,670.0029999999998,241688.00000199996,91500.72000299998,2,528.0,335.0014999999999,347.626236065404,213.89333790817327,2.0307692307692307,1.2884673076923074,0.030769230769230604,-0.13461346153846165,ML,MovingAverage12M,SCP,syntetos-boylan,36.55274621212122,2026-07-11 11:04:33.553,0,,"
"8494,63,60,10664,1,157,Roses,Orange,""70-80cm"",,,HistoricAverage,seasonal_discontinuous_acceptable,seasonal_discontinuous_acceptable_acceptable,acceptable,syntetos-boylan,syntetos-boylan,success,seasonal_discontinuous_acceptable,COMPARABLE,1,1,1,0.0,0.0,0.0,0.0,350.0,-35.0,399.9999999999989,400.00000000000114,799.9999999999989,90.9469999999997,1023.1689999999969,436.95600000000064,455.12800000000107,455.1270000000002,455.13000000000005,1766.666,1766.6670000000001,1766.6660000000024,399.9999999999989,400.00000000000114,799.9999999999989,90.9469999999997,673.1689999999969,471.95600000000064,455.12800000000107,455.1270000000002,455.13000000000005,1766.666,1416.6670000000001,1801.6660000000024,399.9999999999989,400.00000000000114,799.9999999999989,90.9469999999997,673.1689999999969,471.95600000000064,455.12800000000107,455.1270000000002,455.13000000000005,1766.666,1416.6670000000001,1801.6660000000024,159999.99999999913,160000.0000000009,639999.9999999981,8271.356808999946,453156.50256099587,222742.4659360006,207141.49638400096,207140.58612900018,207143.31690000003,3121108.755556,2006945.3888890005,3246000.375556009,0,0,0,0,1,0,,,,,673.1689999999969,,,,,,1416.6670000000001,,,,,,673.1689999999969,,,,,,1416.6670000000001,,,,,,1.9233399999999912,,,,,,4.04762,,,,,,1.9233399999999912,,,,,,4.04762,,,,,,SCP,,,,,,syntetos-boylan,,,,,,ML,,,,,,HistoricAverage,,,,,,52.4821994159533,,315.0,1551.0719999999972,5299.9990000000025,1236.0719999999972,4984.9990000000025,1236.0719999999972,4984.9990000000025,684170.3253059963,8374054.520001009,1,1236.0719999999972,4984.9990000000025,827.145891186069,2893.795867023279,3.924038095238086,15.825393650793659,3.924038095238086,15.825393650793659,SCP,syntetos-boylan,ML,HistoricAverage,75.20416754346397,0.0,1599.9999999999989,1365.3850000000014,1599.9999999999989,1365.3850000000014,1599.9999999999989,1365.3850000000014,959999.9999999981,621425.3994130011,0,,,,,,,,,,,,,,315.0,3151.071999999996,6665.384000000004,2836.071999999996,6350.384000000004,2836.071999999996,6350.384000000004,1644170.3253059946,8995479.91941401,1,2836.071999999996,6350.384000000004,1282.2520521746085,2999.24655862335,9.003403174603163,20.159949206349218,9.003403174603163,20.159949206349218,SCP,syntetos-boylan,ML,HistoricAverage,55.34014950906915,2026-07-11 11:04:33.553,0,,"
"8495,63,60,10664,1,158,Roses,Pink,""50cm"",,,AutoTheta,smooth_acceptable,smooth_acceptable_acceptable,acceptable,x11 lineal,x11 lineal,success,smooth_acceptable,COMPARABLE,1,1,1,117081.0,226093.0,127555.0,97324.0,130499.0,74841.0,97432.13600000003,187921.84300000014,114521.43299999987,86811.81400000003,117215.60299999997,80499.96999999996,116106.77800000552,211647.9970000066,130182.06099999914,110187.12699999972,141430.37500000023,94141.53299999968,-19648.863999999972,-38171.15699999986,-13033.567000000126,-10512.185999999972,-13283.397000000026,5658.9699999999575,-974.2219999944791,-14445.00299999339,2627.060999999143,12863.126999999717,10931.375000000233,19300.532999999676,19648.863999999972,38171.15699999986,13033.567000000126,10512.185999999972,13283.397000000026,5658.9699999999575,974.2219999944791,14445.00299999339,2627.060999999143,12863.126999999717,10931.375000000233,19300.532999999676,386077856.4904949,1457037226.7186384,169873868.7434923,110506054.49859542,176448635.8596097,32023941.46089952,949108.5052732428,208658111.66981804,6901449.497716497,165460036.2181217,119494959.3906301,372510574.08407646,1,1,1,1,1,1,19648.863999999972,38171.15699999986,13033.567000000126,10512.185999999972,13283.397000000026,5658.9699999999575,974.2219999944791,14445.00299999339,2627.060999999143,12863.126999999717,10931.375000000233,19300.532999999676,19648.863999999972,38171.15699999986,13033.567000000126,10512.185999999972,13283.397000000026,5658.9699999999575,974.2219999944791,14445.00299999339,2627.060999999143,12863.126999999717,10931.375000000233,19300.532999999676,0.16782282351534383,0.16882945071275918,0.10217997726471033,0.10801226829969969,0.10178926275297148,0.07561323338811557,0.008320923121552422,0.06388965160351444,0.02059551565990469,0.13216808803583613,0.08376596755530873,0.25788716078085105,-0.16782282351534383,-0.16882945071275918,-0.10217997726471033,-0.10801226829969969,-0.10178926275297148,0.07561323338811557,-0.008320923121552422,-0.06388965160351444,0.02059551565990469,0.13216808803583613,0.08376596755530873,0.25788716078085105,ML,ML,ML,SCP,ML,SCP,AutoTheta,AutoTheta,AutoTheta,x11 lineal,AutoTheta,x11 lineal,SCP,SCP,SCP,ML,SCP,ML,x11 lineal,x11 lineal,x11 lineal,AutoTheta,x11 lineal,AutoTheta,95.04184058684268,62.15728278817054,79.84388310583651,18.276590132397782,17.70647975062243,70.67972164292016,302664.0,284527.38699999993,345759.0349999996,-18136.61300000004,43095.034999999625,29454.552999999956,43095.034999999625,318978631.8191047,657465569.6928282,3,9818.184333333318,14365.011666666542,10311.460158792654,14803.891039102165,0.09731766249041827,0.14238573137208133,-0.05992325813443304,0.14238573137208133,SCP,x11 lineal,ML,AutoTheta,31.652096349381743,470729.0,399875.412,457936.8360000113,-70853.58799999996,-12792.163999988727,70853.58799999996,18046.285999987012,2012988951.9526258,216508669.67280778,3,23617.862666666653,6015.4286666623375,25903.596609689976,8495.266714918525,0.1505188505488295,0.038336890227683044,-0.1505188505488295,-0.02717521971237958,ML,AutoTheta,SCP,x11 lineal,74.53017340492761,773393.0,684402.799,803695.871000011,-88990.201,30302.8710000109,100308.14099999992,61141.32099998664,2331967583.7717304,873974239.3656361,6,16718.023499999985,10190.22016666444,19714.493753630984,12069.066791910882,0.12969879608426751,0.07905595344150598,-0.11506465794233979,0.03918172391010896,ML,AutoTheta,SCP,x11 lineal,39.0465017191509,2026-07-11 11:04:33.553,0,,"
"8496,63,60,10664,1,159,Roses,Red,""40-60cm"",,,AutoTheta,erratic_acceptable,erratic_acceptable_acceptable,acceptable,x11 seasonal,x11 seasonal,success,erratic_acceptable,COMPARABLE,1,1,1,500.0,1475.0,750.0,25.0,675.0,525.0,726.3180000000009,1226.3389999999993,773.5549999999998,446.5719999999996,647.7490000000018,489.698,1057.607999999999,1588.0670000000011,1277.195999999998,361.38400000000036,507.12800000000004,297.6450000000004,226.3180000000009,-248.66100000000074,23.554999999999836,421.5719999999996,-27.250999999998157,-35.30200000000002,557.607999999999,113.06700000000114,527.1959999999981,336.38400000000036,-167.87199999999996,-227.35499999999962,226.3180000000009,248.66100000000074,23.554999999999836,421.5719999999996,27.250999999998157,35.30200000000002,557.607999999999,113.06700000000114,527.1959999999981,336.38400000000036,167.87199999999996,227.35499999999962,51219.837124000405,61832.29292100037,554.8380249999923,177722.95118399966,742.6170009998996,1246.2312040000015,310926.6816639989,12784.146489000259,277935.622415998,113154.19545600023,28181.008383999986,51690.29602499983,1,1,1,1,1,1,226.3180000000009,248.66100000000074,23.554999999999836,421.5719999999996,27.250999999998157,35.30200000000002,557.607999999999,113.06700000000114,527.1959999999981,336.38400000000036,167.87199999999996,227.35499999999962,226.3180000000009,248.66100000000074,23.554999999999836,421.5719999999996,27.250999999998157,35.30200000000002,557.607999999999,113.06700000000114,527.1959999999981,336.38400000000036,167.87199999999996,227.35499999999962,0.45263600000000176,0.16858372881355982,0.03140666666666645,16.862879999999983,0.04037185185184912,0.06724190476190481,1.115215999999998,0.07665559322033975,0.7029279999999974,13.455360000000015,0.2486992592592592,0.43305714285714214,0.45263600000000176,-0.16858372881355982,0.03140666666666645,16.862879999999983,-0.04037185185184912,-0.06724190476190481,1.115215999999998,0.07665559322033975,0.7029279999999974,13.455360000000015,-0.2486992592592592,-0.43305714285714214,SCP,ML,SCP,ML,SCP,SCP,x11 seasonal,AutoTheta,x11 seasonal,AutoTheta,x11 seasonal,x11 seasonal,ML,SCP,ML,SCP,ML,ML,AutoTheta,x11 seasonal,AutoTheta,x11 seasonal,AutoTheta,AutoTheta,59.41270570006145,54.529660863585036,95.5320222459958,20.207224388716348,83.76679851315397,84.47274086780581,1225.0,1584.0190000000016,1166.1570000000006,359.0190000000014,-58.84299999999922,484.1249999999978,731.6109999999999,179711.79938899956,193025.49986500005,3,161.37499999999926,243.8703333333333,244.7528000445889,253.6569204424223,0.39520408163265125,0.597233469387755,0.29307673469387874,-0.048035102040815694,SCP,x11 seasonal,ML,AutoTheta,33.8275394984496,2725.0,2726.212,3922.8709999999983,1.211999999999989,1197.8709999999983,498.53400000000147,1197.8709999999983,113606.96807000076,601646.4505689972,3,166.17800000000048,399.29033333333274,194.59956155312096,447.8267710357794,0.1829482568807345,0.4395856880733939,0.0004447706422018,0.4395856880733939,SCP,x11 seasonal,ML,AutoTheta,58.38166213223275,3950.0,4310.231000000002,5089.027999999998,360.2310000000014,1139.0279999999993,982.6589999999993,1929.4819999999982,293318.76745900034,794671.9504339972,6,163.77649999999988,321.58033333333304,221.1028295684312,363.93038492592626,0.24877443037974667,0.48847645569620207,0.0911977215189877,0.2883615189873416,SCP,x11 seasonal,ML,AutoTheta,49.07135697560277,2026-07-11 11:04:33.553,0,,"
8497,63,60,10664,1,160,Alstroemeria,Peach,Select,,,SeasonalNaive,seasonal_discontinuous_insuficient,seasonal_discontinuous_insuficient_insuficient,insuficient,seasonal discrete,seasonal discrete,success,seasonal_discontinuous_insuficient,COMPARABLE,1,1,1,19.0,37.0,21.0,51.0,0.0,0.0,11.463999999999984,4.500000000000002,0.0,47.33,1.938999999999997,3.461000000000001,0.0,0.0,0.001,34.674000000000014,34.67599999999998,34.674000000000014,-7.536000000000016,-32.5,-21.0,-3.6700000000000017,1.938999999999997,3.461000000000001,-19.0,-37.0,-20.999,-16.325999999999986,34.67599999999998,34.674000000000014,7.536000000000016,32.5,21.0,3.6700000000000017,1.938999999999997,3.461000000000001,19.0,37.0,20.999,16.325999999999986,34.67599999999998,34.674000000000014,56.79129600000024,1056.25,441.0,13.468900000000012,3.7597209999999883,11.978521000000008,361.0,1369.0,440.95800099999997,266.53827599999954,1202.4249759999987,1202.286276000001,1,1,1,1,0,0,7.536000000000016,32.5,21.0,3.6700000000000017,,,19.0,37.0,20.999,16.325999999999986,,,7.536000000000016,32.5,21.0,3.6700000000000017,,,19.0,37.0,20.999,16.325999999999986,,,0.3966315789473692,0.8783783783783784,1.0,0.07196078431372552,,,1.0,1.0,0.9999523809523809,0.3201176470588233,,,-0.3966315789473692,-0.8783783783783784,-1.0,-0.07196078431372552,,,-1.0,-1.0,-0.9999523809523809,-0.3201176470588233,,,SCP,SCP,TIE,SCP,,,seasonal discrete,seasonal discrete,,seasonal discrete,,,ML,ML,,ML,,,SeasonalNaive,SeasonalNaive,,SeasonalNaive,,,60.33684210526308,12.16216216216216,0.0,77.52051941688102,,,51.0,52.73,104.024,1.7299999999999969,53.02400000000001,9.07,85.67599999999999,29.207142000000008,2671.2495279999994,1,9.07,85.67599999999999,5.404363237237113,51.6841322651353,0.17784313725490197,1.6799215686274507,0.03392156862745092,1.039686274509804,SCP,seasonal discrete,ML,SeasonalNaive,89.41360474345208,77.0,15.963999999999986,0.001,-61.036000000000016,-76.999,61.036000000000016,76.999,1554.0412960000003,2170.958001,3,20.34533333333334,25.66633333333333,22.759915758484993,26.900793055224227,0.7926753246753249,0.999987012987013,-0.7926753246753249,-0.999987012987013,SCP,seasonal discrete,ML,SeasonalNaive,20.731438070624275,128.0,68.69399999999997,104.025,-59.30600000000002,-23.974999999999994,70.10600000000001,162.67499999999998,1583.2484380000003,4842.207528999998,4,17.526500000000002,40.668749999999996,19.89502725557319,34.79298610711647,0.5477031250000001,1.2708984374999999,-0.46332812500000015,-0.18730468749999996,SCP,seasonal discrete,ML,SeasonalNaive,56.90425695404947,2026-07-11 11:04:33.553,0,,
8498,63,60,10664,1,161,Alstroemeria,Pink Hot,Perfection,,,MovingAverage3M,lumpy_insuficient,lumpy_insuficient_insuficient,insuficient,syntetos-boylan,syntetos-boylan,success,lumpy_insuficient,NOT_COMPARABLE_NO_HISTORY,1,1,1,0.0,0.0,0.0,0.0,0.0,0.0,0.0,0.0,0.0,0.0,65.0,0.0,0.0,0.0,0.0,0.0,0.0,0.0,,,,,,,,,,,,,,,,,,,,,,,,,,,,,,,,,,,,,,,,,,,,,,,,,,,,,,,,,,,,,,,,,,,,,,,,,,,,,,,,,,,,,,,,,,,,,,,,,,,,,,,,,,,,,,,,,,,,,,,,,,,,,,,,,,,,,,,,,,,,,,,,,,,,,,,,,,,,,,,,,,,,,,,,,,,,,,,,,,,,,,,,,,,,,,2026-07-11 11:04:33.553,0,,NoForecastRowsMaterialized
8499,63,60,10664,1,162,Alstroemeria,White Assorted,Super Select,,,,,,,preserve current forecast,preserve current forecast,success,,NOT_COMPARABLE_MISSING_SCP_AND_ML,1,0,0,0.0,0.0,0.0,0.0,0.0,0.0,,,,,,,,,,,,,,,,,,,,,,,,,,,,,,,,,,,,,,,,,,,,,,,,,,,,,,,,,,,,,,,,,,,,,,,,,,,,,,,,,,,,,,,,,,,,,,,,,,,,,,,,,,,,,,,,,,,,,,,,,,,,,,,,,,,,,,,,,,,,,,,,,,,,,,,,,,,,,,,,,,,,,,,,,,,,,,,,,,,,,,,,,,,,,,,,,,,,,,,,,,2026-07-11 11:04:33.553,1,MissingHistory,NoForecastRowsMaterialized
"8500,63,60,10664,1,163,Anthurium,"""","""",,,HistoricAverage,erratic_acceptable,erratic_acceptable_acceptable,acceptable,seasonal discrete,seasonal discrete,success,erratic_acceptable,COMPARABLE,1,1,1,0.0,4.0,7.0,1.0,0.0,0.0,11.495999999999992,2.4869999999999988,3.447,1.4809999999999988,2.3949999999999987,9.999999999999996,5.346999999999997,5.3469999999999995,5.346999999999996,5.652999999999997,5.6549999999999985,5.6530000000000005,11.495999999999992,-1.5130000000000012,-3.553,0.48099999999999876,2.3949999999999987,9.999999999999996,5.346999999999997,1.3469999999999995,-1.653000000000004,4.652999999999997,5.6549999999999985,5.6530000000000005,11.495999999999992,1.5130000000000012,3.553,0.48099999999999876,2.3949999999999987,9.999999999999996,5.346999999999997,1.3469999999999995,1.653000000000004,4.652999999999997,5.6549999999999985,5.6530000000000005,132.1580159999998,2.289169000000004,12.623809,0.23136099999999882,5.7360249999999935,99.99999999999993,28.590408999999966,1.8144089999999988,2.7324090000000134,21.65040899999997,31.979024999999982,31.956409000000004,0,1,1,1,0,0,,1.5130000000000012,3.553,0.48099999999999876,,,,1.3469999999999995,1.653000000000004,4.652999999999997,,,,1.5130000000000012,3.553,0.48099999999999876,,,,1.3469999999999995,1.653000000000004,4.652999999999997,,,,0.3782500000000003,0.5075714285714286,0.48099999999999876,,,,0.3367499999999999,0.2361428571428577,4.652999999999997,,,,-0.3782500000000003,-0.5075714285714286,0.48099999999999876,,,,0.3367499999999999,-0.2361428571428577,4.652999999999997,,,,ML,ML,SCP,,,,HistoricAverage,HistoricAverage,seasonal discrete,,,,SCP,SCP,ML,,,,seasonal discrete,seasonal discrete,HistoricAverage,,,,10.971579643093296,53.4759358288769,89.66258327960458,,,1.0,13.875999999999994,16.961,12.875999999999994,15.960999999999997,12.875999999999994,15.960999999999997,105.96738599999992,85.58584299999995,1,12.875999999999994,15.960999999999997,10.294046143281072,9.25126169773615,12.875999999999994,15.960999999999997,12.875999999999994,15.960999999999997,SCP,seasonal discrete,ML,HistoricAverage,19.328362884531064,11.0,17.429999999999993,16.040999999999993,6.429999999999991,5.040999999999992,16.56199999999999,8.347000000000001,147.0709939999998,33.13722699999998,2,8.280999999999995,4.173500000000001,8.575284076927126,4.070456178366252,1.5056363636363628,0.758818181818182,0.5845454545454537,0.45827272727272655,ML,HistoricAverage,SCP,seasonal discrete,49.60149740369516,12.0,31.305999999999983,33.00199999999999,19.305999999999983,21.00199999999999,29.437999999999988,24.308,253.03837999999973,118.72306999999994,3,9.812666666666663,8.102666666666666,9.184014735760531,6.290815262481218,2.453166666666666,2.0256666666666665,1.608833333333332,1.7501666666666658,ML,HistoricAverage,SCP,seasonal discrete,17.42645560160335,2026-07-11 11:04:33.553,0,,"
"8501,63,60,10664,1,164,Orchids,Red,"""",,,,,,,preserve current forecast,preserve current forecast,success,,NOT_COMPARABLE_MISSING_SCP_AND_ML,1,0,0,0.0,0.0,0.0,0.0,0.0,0.0,,,,,,,,,,,,,,,,,,,,,,,,,,,,,,,,,,,,,,,,,,,,,,,,,,,,,,,,,,,,,,,,,,,,,,,,,,,,,,,,,,,,,,,,,,,,,,,,,,,,,,,,,,,,,,,,,,,,,,,,,,,,,,,,,,,,,,,,,,,,,,,,,,,,,,,,,,,,,,,,,,,,,,,,,,,,,,,,,,,,,,,,,,,,,,,,,,,,,,,,,,2026-07-11 11:04:33.553,1,MissingHistory,NoForecastRowsMaterialized"
8502,63,60,10664,1,165,Orchids,Variegated,Super,,,AutoETS,smooth_acceptable,smooth_acceptable_acceptable,acceptable,x11 lineal,x11 lineal,success,smooth_acceptable,COMPARABLE,1,1,1,151.0,273.0,166.0,185.0,312.0,120.0,123.45800000000057,252.07400000000015,179.95300000000145,114.84899999999969,177.6740000000003,109.51100000000018,171.86299999999932,276.8179999999998,182.60499999999985,152.95400000000018,152.95399999999947,152.955,-27.541999999999433,-20.925999999999846,13.953000000001452,-70.15100000000031,-134.3259999999997,-10.48899999999982,20.862999999999317,3.817999999999813,16.604999999999848,-32.04599999999982,-159.04600000000053,32.95500000000001,27.541999999999433,20.925999999999846,13.953000000001452,70.15100000000031,134.3259999999997,10.48899999999982,20.862999999999317,3.817999999999813,16.604999999999848,32.04599999999982,159.04600000000053,32.95500000000001,758.5617639999688,437.89747599999356,194.68620900004052,4921.162801000043,18043.47427599992,110.01912099999622,435.2647689999715,14.577123999998573,275.72602499999493,1026.9461159999885,25295.630116000168,1086.0320250000009,1,1,1,1,1,1,27.541999999999433,20.925999999999846,13.953000000001452,70.15100000000031,134.3259999999997,10.48899999999982,20.862999999999317,3.817999999999813,16.604999999999848,32.04599999999982,159.04600000000053,32.95500000000001,27.541999999999433,20.925999999999846,13.953000000001452,70.15100000000031,134.3259999999997,10.48899999999982,20.862999999999317,3.817999999999813,16.604999999999848,32.04599999999982,159.04600000000053,32.95500000000001,0.18239735099337373,0.07665201465201409,0.08405421686747863,0.37919459459459626,0.43053205128205035,0.08740833333333183,0.13816556291390275,0.0139853479853473,0.10003012048192679,0.17322162162162066,0.5097628205128222,0.2746250000000001,-0.18239735099337373,-0.07665201465201409,0.08405421686747863,-0.37919459459459626,-0.43053205128205035,-0.08740833333333183,0.13816556291390275,0.0139853479853473,0.10003012048192679,-0.17322162162162066,-0.5097628205128222,0.2746250000000001,ML,ML,SCP,ML,SCP,SCP,AutoETS,AutoETS,x11 lineal,AutoETS,x11 lineal,x11 lineal,SCP,SCP,ML,SCP,ML,ML,x11 lineal,x11 lineal,AutoETS,x11 lineal,AutoETS,AutoETS,24.250236003196047,81.75475485042607,15.971093044254253,54.31854143205417,15.542673188889209,68.17174935518187,617.0,402.03400000000016,458.86299999999966,-214.96599999999984,-158.13700000000034,214.96599999999984,224.04700000000037,23074.65619799996,27408.608257000156,3,71.65533333333327,74.68233333333346,87.70149409217602,95.58348577203797,0.3484051863857372,0.36312317666126476,-0.3484051863857372,-0.25629983792544625,SCP,x11 lineal,ML,AutoETS,4.05316741576566,590.0,555.4850000000022,631.2859999999989,-34.514999999997826,41.28599999999898,62.42100000000073,41.28599999999898,1391.1454490000028,725.567917999965,3,20.807000000000244,13.76199999999966,21.534046291086764,15.55171928330289,0.105798305084747,0.06997627118643894,-0.05849999999999632,0.06997627118643894,ML,AutoETS,SCP,x11 lineal,33.858797520067775,1207.0,957.5190000000024,1090.1489999999985,-249.48099999999766,-116.85100000000136,277.3870000000005,265.33299999999934,24465.801646999964,28134.17617500012,6,46.23116666666675,44.22216666666656,63.85635135077268,68.47648766182462,0.22981524440762263,0.21982850041424967,-0.206695111847554,-0.09681110190555209,ML,AutoETS,SCP,x11 lineal,4.3455533244172,2026-07-11 11:04:33.553,0,,
"8503,63,60,10664,1,167,Orchids,Yellow,"""",,,,,,,preserve current forecast,preserve current forecast,success,,NOT_COMPARABLE_MISSING_SCP_AND_ML,1,0,0,0.0,0.0,0.0,0.0,0.0,0.0,,,,,,,,,,,,,,,,,,,,,,,,,,,,,,,,,,,,,,,,,,,,,,,,,,,,,,,,,,,,,,,,,,,,,,,,,,,,,,,,,,,,,,,,,,,,,,,,,,,,,,,,,,,,,,,,,,,,,,,,,,,,,,,,,,,,,,,,,,,,,,,,,,,,,,,,,,,,,,,,,,,,,,,,,,,,,,,,,,,,,,,,,,,,,,,,,,,,,,,,,,2026-07-11 11:04:33.553,1,MissingHistory,NoForecastRowsMaterialized"
"8504,63,60,10664,1,168,Protea,Burgundy,""60/80cm"",,,AutoARIMA,erratic_acceptable,erratic_acceptable_acceptable,acceptable,x11 lineal,x11 lineal,success,erratic_acceptable,COMPARABLE,1,1,1,243.0,462.0,323.0,461.0,773.0,583.0,593.3670000000045,669.4060000000096,646.6670000000057,1110.6219999999914,1484.850000000001,1030.6979999999946,0.0,72.14700000000036,239.24000000000035,1288.1039999999985,1452.5049999999983,1238.122999999989,350.3670000000045,207.4060000000096,323.6670000000057,649.6219999999914,711.850000000001,447.69799999999464,-243.0,-389.8529999999996,-83.75999999999965,827.1039999999985,679.5049999999983,655.1229999999889,350.3670000000045,207.4060000000096,323.6670000000057,649.6219999999914,711.850000000001,447.69799999999464,243.0,389.8529999999996,83.75999999999965,827.1039999999985,679.5049999999983,655.1229999999889,122757.03468900317,43017.248836003986,104760.3268890037,422008.7428839889,506730.4225000015,200433.4992039952,59049.0,151985.3616089997,7015.737599999941,684101.0268159974,461727.0450249977,429186.14512898546,1,1,1,1,1,1,350.3670000000045,207.4060000000096,323.6670000000057,649.6219999999914,711.850000000001,447.69799999999464,243.0,389.8529999999996,83.75999999999965,827.1039999999985,679.5049999999983,655.1229999999889,350.3670000000045,207.4060000000096,323.6670000000057,649.6219999999914,711.850000000001,447.69799999999464,243.0,389.8529999999996,83.75999999999965,827.1039999999985,679.5049999999983,655.1229999999889,1.4418395061728582,0.4489307359307567,1.0020650154798938,1.4091583514099597,0.9208926261319548,0.7679210977701452,1.0,0.8438376623376614,0.25931888544891535,1.7941518438177841,0.8790491591203082,1.1237101200685915,1.4418395061728582,0.4489307359307567,1.0020650154798938,1.4091583514099597,0.9208926261319548,0.7679210977701452,-1.0,-0.8438376623376614,-0.25931888544891535,1.7941518438177841,0.8790491591203082,1.1237101200685915,ML,SCP,ML,SCP,ML,SCP,AutoARIMA,x11 lineal,AutoARIMA,x11 lineal,AutoARIMA,x11 lineal,SCP,ML,SCP,ML,SCP,ML,x11 lineal,AutoARIMA,x11 lineal,AutoARIMA,x11 lineal,AutoARIMA,30.644153130860825,46.798921644822585,74.12155085319226,21.458244670562273,4.543794338695333,31.66199324401643,1817.0,3626.1699999999873,3978.7319999999854,1809.169999999987,2161.7319999999854,1809.169999999987,2161.7319999999854,1129172.6645879857,1575014.2169699806,3,603.0566666666624,720.5773333333285,613.5070400541425,724.5721075158729,0.9956906989543132,1.189725921849194,0.9956906989543132,1.189725921849194,SCP,x11 lineal,ML,AutoARIMA,16.309237222745505,1028.0,1909.4400000000198,311.38700000000074,881.4400000000198,-716.6129999999993,881.4400000000198,716.6129999999993,270534.6104140108,218050.09920899963,3,293.8133333333399,238.87099999999975,300.2968589102073,269.5985281914571,0.8574319066148053,0.697094357976653,0.8574319066148053,-0.697094357976653,ML,AutoARIMA,SCP,x11 lineal,18.699741332367132,2845.0,5535.610000000008,4290.118999999986,2690.610000000007,1445.1189999999865,2690.610000000007,2878.344999999985,1399707.2750019964,1793064.3161789803,6,448.43500000000114,479.72416666666413,482.99538903975684,546.6663083604994,0.9457328646748706,1.0117205623901528,0.9457328646748706,0.5079504393673063,SCP,x11 lineal,ML,AutoARIMA,6.522324460757099,2026-07-11 11:04:33.553,0,,"
"8505,63,60,10664,1,169,Protea,Peach-Orange,"""",,,HistoricAverage,lumpy_acceptable,lumpy_acceptable_acceptable,acceptable,syntetos-boylan,syntetos-boylan,success,lumpy_acceptable,NOT_COMPARABLE_MISSING_SCP,1,0,1,0.0,310.0,0.0,0.0,0.0,0.0,,,,,,,29.556000000000004,29.555000000000003,29.555,34.356,34.355000000000004,34.35599999999999,,,,,,,,,,,,,,,,,,,,,,,,,,,,,,,,,,,,,,,,,,,,,,,,,,,,,,,,,,,,,,,,,,,,,,,,,,,,,,,,,,,,,,,,,,,,,,,,,,,,,,,,,,,,,,,,,,,,,,,,,,,,,,,,,,,,,,,,,,,,,,,,,,,,,,,,,,,,,,,,,,,,,,,,,,,,,,,,,,,,,,,,,,,,,,2026-07-11 11:04:33.553,0,,NoForecastRowsMaterialized"
"8506,63,60,10664,1,170,Protea,Pink-Peach,"""",,,,,,,copy last year,copy last year,success,,NOT_COMPARABLE_MISSING_SCP_AND_ML,1,0,0,0.0,0.0,0.0,0.0,0.0,0.0,,,,,,,,,,,,,,,,,,,,,,,,,,,,,,,,,,,,,,,,,,,,,,,,,,,,,,,,,,,,,,,,,,,,,,,,,,,,,,,,,,,,,,,,,,,,,,,,,,,,,,,,,,,,,,,,,,,,,,,,,,,,,,,,,,,,,,,,,,,,,,,,,,,,,,,,,,,,,,,,,,,,,,,,,,,,,,,,,,,,,,,,,,,,,,,,,,,,,,,,,,2026-07-11 11:04:33.553,1,ShortSeries,NoForecastRowsMaterialized"
"8507,63,60,10664,1,171,Protea,Yellow,""35/40cm"",,,MovingAverage3M,lumpy_acceptable,lumpy_acceptable_acceptable,acceptable,syntetos-boylan,syntetos-boylan,success,lumpy_acceptable,COMPARABLE,1,1,1,250.0,300.0,0.0,150.0,0.0,0.0,0.0,0.0,0.0,2.762,3.037,0.0,50.0,50.0,50.0,0.0,0.0,0.0,-250.0,-300.0,0.0,-147.238,3.037,0.0,-200.0,-250.0,50.0,-150.0,0.0,0.0,250.0,300.0,0.0,147.238,3.037,0.0,200.0,250.0,50.0,150.0,0.0,0.0,62500.0,90000.0,0.0,21679.028643999998,9.223369,0.0,40000.0,62500.0,2500.0,22500.0,0.0,0.0,1,1,0,1,0,0,250.0,300.0,,147.238,,,200.0,250.0,,150.0,,,250.0,300.0,,147.238,,,200.0,250.0,,150.0,,,1.0,1.0,,0.9815866666666667,,,0.8,0.8333333333333334,,1.0,,,-1.0,-1.0,,-0.9815866666666667,,,-0.8,-0.8333333333333334,,-1.0,,,ML,ML,,SCP,,,MovingAverage3M,MovingAverage3M,,syntetos-boylan,,,SCP,SCP,,ML,,,syntetos-boylan,syntetos-boylan,,MovingAverage3M,,,19.999999999999996,16.666666666666664,,1.8413333333333282,,,150.0,5.7989999999999995,0.0,-144.201,-150.0,150.275,150.0,21688.252012999998,22500.0,1,150.275,150.0,147.26931796202493,150.0,1.0018333333333334,1.0,-0.96134,-1.0,ML,MovingAverage3M,SCP,syntetos-boylan,0.18299783729828847,550.0,0.0,150.0,-550.0,-400.0,550.0,500.0,152500.0,105000.0,2,275.0,250.0,276.1340254296815,229.128784747792,1.0,0.9090909090909091,-1.0,-0.7272727272727273,ML,MovingAverage3M,SCP,syntetos-boylan,9.090909090909093,700.0,5.7989999999999995,150.0,-694.201,-550.0,700.2750000000001,650.0,174188.25201300002,127500.0,3,233.42500000000004,216.66666666666666,240.96213534702918,206.15528128088303,1.0003928571428573,0.9285714285714286,-0.9917157142857144,-0.7857142857142857,ML,MovingAverage3M,SCP,syntetos-boylan,7.179322409053598,2026-07-11 11:04:33.553,0,,NoForecastRowsMaterialized"
"8508,63,60,10664,1,172,Protea,Yellow,""40cm"",,,,,,,copy last year,copy last year,success,,NOT_COMPARABLE_MISSING_SCP_AND_ML,1,0,0,0.0,0.0,0.0,0.0,0.0,0.0,,,,,,,,,,,,,,,,,,,,,,,,,,,,,,,,,,,,,,,,,,,,,,,,,,,,,,,,,,,,,,,,,,,,,,,,,,,,,,,,,,,,,,,,,,,,,,,,,,,,,,,,,,,,,,,,,,,,,,,,,,,,,,,,,,,,,,,,,,,,,,,,,,,,,,,,,,,,,,,,,,,,,,,,,,,,,,,,,,,,,,,,,,,,,,,,,,,,,,,,,,2026-07-11 11:04:33.553,1,ShortSeries,NoForecastRowsMaterialized"
"8509,63,60,10664,1,173,Protea,Yellow-Green,"""",,,MovingAverage3M,seasonal_discontinuous_acceptable,seasonal_discontinuous_acceptable_acceptable,acceptable,seasonal discrete,seasonal discrete,success,seasonal_discontinuous_acceptable,COMPARABLE,1,1,1,0.0,48.0,34.0,0.0,0.0,0.0,2.882000000000002,12.504000000000012,30.93600000000009,69.32199999999999,112.26499999999993,79.07800000000006,0.0,0.0,0.0,0.0,0.0,0.0,2.882000000000002,-35.49599999999999,-3.0639999999999112,69.32199999999999,112.26499999999993,79.07800000000006,0.0,-48.0,-34.0,0.0,0.0,0.0,2.882000000000002,35.49599999999999,3.0639999999999112,69.32199999999999,112.26499999999993,79.07800000000006,0.0,48.0,34.0,0.0,0.0,0.0,8.305924000000012,1259.9660159999992,9.388095999999456,4805.5396839999985,12603.430224999984,6253.330084000009,0.0,2304.0,1156.0,0.0,0.0,0.0,0,1,1,0,0,0,,35.49599999999999,3.0639999999999112,,,,,48.0,34.0,,,,,35.49599999999999,3.0639999999999112,,,,,48.0,34.0,,,,,0.7394999999999997,0.09011764705882092,,,,,1.0,1.0,,,,,-0.7394999999999997,-0.09011764705882092,,,,,-1.0,-1.0,,,,,SCP,SCP,,,,,seasonal discrete,seasonal discrete,,,,,ML,ML,,,,,MovingAverage3M,MovingAverage3M,,,,,26.05000000000003,90.9882352941179,,,,0.0,260.66499999999996,0.0,260.66499999999996,0.0,260.66499999999996,0.0,23662.299992999993,0.0,0,,,,,,,,,,,,,,82.0,46.3220000000001,0.0,-35.6779999999999,-82.0,41.44199999999991,82.0,1277.6600359999986,3460.0,2,20.720999999999954,41.0,25.275086903905976,41.593268686170845,0.5053902439024379,1.0,-0.43509756097560853,-1.0,SCP,seasonal discrete,ML,MovingAverage3M,49.46097560975621,82.0,306.9870000000001,0.0,224.98700000000008,-82.0,302.10699999999986,82.0,24939.960028999987,3460.0,2,151.05349999999993,41.0,111.66906471579313,41.593268686170845,3.6842317073170716,1.0,2.7437439024390256,-1.0,ML,MovingAverage3M,SCP,seasonal discrete,72.85729890403067,2026-07-11 11:04:33.553,0,,"
"8510,63,60,10664,1,174,Protea,Yellow-Green,""60/80cm"",,,,,,,preserve current forecast,preserve current forecast,success,,NOT_COMPARABLE_MISSING_SCP_AND_ML,1,0,0,0.0,0.0,0.0,0.0,0.0,0.0,,,,,,,,,,,,,,,,,,,,,,,,,,,,,,,,,,,,,,,,,,,,,,,,,,,,,,,,,,,,,,,,,,,,,,,,,,,,,,,,,,,,,,,,,,,,,,,,,,,,,,,,,,,,,,,,,,,,,,,,,,,,,,,,,,,,,,,,,,,,,,,,,,,,,,,,,,,,,,,,,,,,,,,,,,,,,,,,,,,,,,,,,,,,,,,,,,,,,,,,,,2026-07-11 11:04:33.553,1,MissingHistory,NoForecastRowsMaterialized"
"8511,63,60,10664,1,175,Roses,Coral,""50cm"",,,,,,,copy last year,copy last year,success,,NOT_COMPARABLE_ML_EXCLUDED,1,1,0,0.0,0.0,0.0,0.0,0.0,0.0,125.0,0.0,0.0,0.0,0.0,0.0,,,,,,,,,,,,,,,,,,,,,,,,,,,,,,,,,,,,,,,,,,,,,,,,,,,,,,,,,,,,,,,,,,,,,,,,,,,,,,,,,,,,,,,,,,,,,,,,,,,,,,,,,,,,,,,,,,,,,,,,,,,,,,,,,,,,,,,,,,,,,,,,,,,,,,,,,,,,,,,,,,,,,,,,,,,,,,,,,,,,,,,,,,,,,,,,,,,,2026-07-11 11:04:33.553,1,MissingHistory,NoForecastRowsMaterialized"
"8512,63,60,10664,1,176,Roses,Multicolor,""60cm"",,,SeasonalNaive,lumpy_insuficient,lumpy_insuficient_insuficient,insuficient,copy last year,copy last year,success,lumpy_insuficient,NOT_COMPARABLE_NO_HISTORY,1,1,1,0.0,0.0,0.0,0.0,0.0,0.0,250.0,0.0,250.0,249.999,0.0,250.0,249.999,0.0,0.0,0.0,0.0,0.0,,,,,,,,,,,,,,,,,,,,,,,,,,,,,,,,,,,,,,,,,,,,,,,,,,,,,,,,,,,,,,,,,,,,,,,,,,,,,,,,,,,,,,,,,,,,,,,,,,,,,,,,,,,,,,,,,,,,,,,,,,,,,,,,,,,,,,,,,,,,,,,,,,,,,,,,,,,,,,,,,,,,,,,,,,,,,,,,,,,,,,,,,,,,,,2026-07-11 11:04:33.553,0,,"
8513,63,60,10664,1,178,Alstroemeria,Orange,Fancy,,,TSB,lumpy_acceptable,lumpy_acceptable_acceptable,acceptable,seasonal discrete,seasonal discrete,success,lumpy_acceptable,NOT_COMPARABLE_NO_HISTORY,1,1,1,0.0,0.0,0.0,0.0,0.0,0.0,0.0,0.0,36.0,0.001,71.99900000000001,72.0,5.928,5.9289999999999985,5.926,28.000999999999998,28.000999999999998,27.999,,,,,,,,,,,,,,,,,,,,,,,,,,,,,,,,,,,,,,,,,,,,,,,,,,,,,,,,,,,,,,,,,,,,,,,,,,,,,,,,,,,,,,,,,,,,,,,,,,,,,,,,,,,,,,,,,,,,,,,,,,,,,,,,,,,,,,,,,,,,,,,,,,,,,,,,,,,,,,,,,,,,,,,,,,,,,,,,,,,,,,,,,,,,,,2026-07-11 11:04:33.553,0,,
8514,63,60,10664,1,179,Anthurium,Assorted,Small,,,,,,,preserve current forecast,preserve current forecast,success,,NOT_COMPARABLE_MISSING_SCP_AND_ML,1,0,0,0.0,0.0,0.0,0.0,0.0,0.0,,,,,,,,,,,,,,,,,,,,,,,,,,,,,,,,,,,,,,,,,,,,,,,,,,,,,,,,,,,,,,,,,,,,,,,,,,,,,,,,,,,,,,,,,,,,,,,,,,,,,,,,,,,,,,,,,,,,,,,,,,,,,,,,,,,,,,,,,,,,,,,,,,,,,,,,,,,,,,,,,,,,,,,,,,,,,,,,,,,,,,,,,,,,,,,,,,,,,,,,,,2026-07-11 11:04:33.553,1,MissingHistory,NoForecastRowsMaterialized
"8515,63,60,10664,1,180,Anthurium,Cream/Light Yellow,"""",,,,,,,copy last year,copy last year,success,,NOT_COMPARABLE_MISSING_SCP_AND_ML,1,0,0,0.0,0.0,0.0,0.0,0.0,0.0,,,,,,,,,,,,,,,,,,,,,,,,,,,,,,,,,,,,,,,,,,,,,,,,,,,,,,,,,,,,,,,,,,,,,,,,,,,,,,,,,,,,,,,,,,,,,,,,,,,,,,,,,,,,,,,,,,,,,,,,,,,,,,,,,,,,,,,,,,,,,,,,,,,,,,,,,,,,,,,,,,,,,,,,,,,,,,,,,,,,,,,,,,,,,,,,,,,,,,,,,,2026-07-11 11:04:33.553,1,ShortSeries,NoForecastRowsMaterialized"
8516,63,60,10664,1,181,Anthurium,Lavender,Medium,,,,,,,copy last year,copy last year,success,,NOT_COMPARABLE_MISSING_SCP_AND_ML,1,0,0,0.0,310.0,27.0,0.0,0.0,0.0,,,,,,,,,,,,,,,,,,,,,,,,,,,,,,,,,,,,,,,,,,,,,,,,,,,,,,,,,,,,,,,,,,,,,,,,,,,,,,,,,,,,,,,,,,,,,,,,,,,,,,,,,,,,,,,,,,,,,,,,,,,,,,,,,,,,,,,,,,,,,,,,,,,,,,,,,,,,,,,,,,,,,,,,,,,,,,,,,,,,,,,,,,,,,,,,,,,,,,,,,,2026-07-11 11:04:33.553,1,ShortSeries,NoForecastRowsMaterialized
8517,63,60,10664,1,182,Anthurium,Pink,Large,,,AutoTheta,smooth_acceptable,smooth_acceptable_acceptable,acceptable,x11 lineal,x11 lineal,success,smooth_acceptable,COMPARABLE,1,1,1,285.0,449.0,220.0,150.0,140.0,60.0,226.31700000000035,394.08299999999895,154.90200000000013,226.23800000000008,294.21500000000026,139.55899999999977,150.60900000000007,151.64499999999978,152.60299999999984,238.3330000000003,238.33200000000016,238.33400000000003,-58.68299999999965,-54.91700000000105,-65.09799999999987,76.23800000000008,154.21500000000026,79.55899999999977,-134.39099999999993,-297.35500000000025,-67.39700000000016,88.33300000000031,98.33200000000016,178.33400000000003,58.68299999999965,54.91700000000105,65.09799999999987,76.23800000000008,154.21500000000026,79.55899999999977,134.39099999999993,297.35500000000025,67.39700000000016,88.33300000000031,98.33200000000016,178.33400000000003,3443.694488999959,3015.8768890001156,4237.749603999983,5812.232644000013,23782.26622500008,6329.634480999964,18060.940880999984,88419.99602500015,4542.355609000022,7802.718889000055,9669.182224000033,31803.015556000013,1,1,1,1,1,1,58.68299999999965,54.91700000000105,65.09799999999987,76.23800000000008,154.21500000000026,79.55899999999977,134.39099999999993,297.35500000000025,67.39700000000016,88.33300000000031,98.33200000000016,178.33400000000003,58.68299999999965,54.91700000000105,65.09799999999987,76.23800000000008,154.21500000000026,79.55899999999977,134.39099999999993,297.35500000000025,67.39700000000016,88.33300000000031,98.33200000000016,178.33400000000003,0.2059052631578935,0.12230957683741883,0.29589999999999944,0.5082533333333339,1.101535714285716,1.3259833333333295,0.4715473684210524,0.6622605790645886,0.30635000000000073,0.5888866666666688,0.7023714285714298,2.972233333333334,-0.2059052631578935,-0.12230957683741883,-0.29589999999999944,0.5082533333333339,1.101535714285716,1.3259833333333295,-0.4715473684210524,-0.6622605790645886,-0.30635000000000073,0.5888866666666688,0.7023714285714298,2.972233333333334,SCP,SCP,SCP,SCP,ML,SCP,x11 lineal,x11 lineal,x11 lineal,x11 lineal,AutoTheta,x11 lineal,ML,ML,ML,ML,SCP,ML,AutoTheta,AutoTheta,AutoTheta,AutoTheta,x11 lineal,AutoTheta,56.33412951760187,81.53150274923878,3.4111310592463737,13.692504500017197,36.23707162078915,55.387643410678976,350.0,660.0120000000001,714.9990000000005,310.0120000000001,364.9990000000005,310.0120000000001,364.9990000000005,35924.133350000055,49274.9166690001,3,103.33733333333338,121.6663333333335,109.42902319159522,128.15994781131909,0.8857485714285718,1.042854285714287,0.8857485714285718,1.042854285714287,SCP,x11 lineal,ML,AutoTheta,15.064972780747421,954.0,775.3019999999995,454.85699999999963,-178.69800000000058,-499.14300000000037,178.69800000000058,499.14300000000037,10697.320982000057,111023.29251500015,3,59.566000000000194,166.3810000000001,59.71409934568791,192.37402156129792,0.18731446540880564,0.5232106918238998,-0.18731446540880564,-0.5232106918238998,SCP,x11 lineal,ML,AutoTheta,64.19903714967445,1304.0,1435.3139999999994,1169.8560000000002,131.31399999999954,-134.14399999999986,488.7100000000007,864.142000000001,46621.45433200012,160298.20918400027,6,81.45166666666678,144.02366666666683,88.1489783756266,163.45142458031185,0.37477760736196375,0.6626855828220867,0.10070092024539842,-0.10287116564417167,SCP,x11 lineal,ML,AutoTheta,43.44563740681507,2026-07-11 11:04:33.553,0,,
8518,63,60,10664,1,184,Orchids,White/Pch,Super,,,MovingAverage3M,intermittent_insuficient,intermittent_insuficient_insuficient,insuficient,copy last year,copy last year,success,intermittent_insuficient,NOT_COMPARABLE_NO_HISTORY,1,1,1,0.0,0.0,0.0,0.0,0.0,0.0,0.0,0.0,0.0,0.0,0.0,7.999999999999999,0.0,0.0,0.0,1.4160000000000001,1.4179999999999997,1.4160000000000004,,,,,,,,,,,,,,,,,,,,,,,,,,,,,,,,,,,,,,,,,,,,,,,,,,,,,,,,,,,,,,,,,,,,,,,,,,,,,,,,,,,,,,,,,,,,,,,,,,,,,,,,,,,,,,,,,,,,,,,,,,,,,,,,,,,,,,,,,,,,,,,,,,,,,,,,,,,,,,,,,,,,,,,,,,,,,,,,,,,,,,,,,,,,,,2026-07-11 11:04:33.553,0,,NoForecastRowsMaterialized
"8519,63,60,10664,1,185,Protea,Burgundy,"""",,,,,,,copy last year,copy last year,success,,NOT_COMPARABLE_MISSING_SCP_AND_ML,1,0,0,49.0,110.0,100.0,111.0,137.0,181.0,,,,,,,,,,,,,,,,,,,,,,,,,,,,,,,,,,,,,,,,,,,,,,,,,,,,,,,,,,,,,,,,,,,,,,,,,,,,,,,,,,,,,,,,,,,,,,,,,,,,,,,,,,,,,,,,,,,,,,,,,,,,,,,,,,,,,,,,,,,,,,,,,,,,,,,,,,,,,,,,,,,,,,,,,,,,,,,,,,,,,,,,,,,,,,,,,,,,,,,,,,2026-07-11 11:04:33.553,1,ShortSeries,NoForecastRowsMaterialized"
"8520,63,60,10664,1,186,Roses,Assorted,""40-60cm"",,,,,,,preserve current forecast,preserve current forecast,success,,NOT_COMPARABLE_MISSING_SCP_AND_ML,1,0,0,0.0,0.0,0.0,0.0,0.0,0.0,,,,,,,,,,,,,,,,,,,,,,,,,,,,,,,,,,,,,,,,,,,,,,,,,,,,,,,,,,,,,,,,,,,,,,,,,,,,,,,,,,,,,,,,,,,,,,,,,,,,,,,,,,,,,,,,,,,,,,,,,,,,,,,,,,,,,,,,,,,,,,,,,,,,,,,,,,,,,,,,,,,,,,,,,,,,,,,,,,,,,,,,,,,,,,,,,,,,,,,,,,2026-07-11 11:04:33.553,1,MissingHistory,NoForecastRowsMaterialized"
"8521,63,60,10664,1,187,Roses,Bicolor,""50cm"",,,AutoETS,smooth_acceptable,smooth_acceptable_acceptable,acceptable,x11 lineal,x11 lineal,success,smooth_acceptable,COMPARABLE,1,1,1,13049.0,24104.0,18949.0,15361.0,13288.0,9775.0,15080.400999999882,23128.820999999996,15900.870999999343,16061.99100000002,13427.168000000021,11169.994000000159,15685.323999999611,23484.768999999804,15706.35299999946,14967.843999999974,13497.01400000016,11493.460000000006,2031.4009999998816,-975.1790000000037,-3048.1290000006575,700.99100000002,139.1680000000215,1394.9940000001588,2636.3239999996113,-619.2310000001962,-3242.6470000005393,-393.1560000000263,209.01400000015929,1718.4600000000064,2031.4009999998816,975.1790000000037,3048.1290000006575,700.99100000002,139.1680000000215,1394.9940000001588,2636.3239999996113,619.2310000001962,3242.6470000005393,393.1560000000263,209.01400000015929,1718.4600000000064,4126590.022800519,950974.0820410072,9291090.400645008,491388.382081028,19367.732224005984,1946008.2600364431,6950204.23297395,383447.031361243,10514759.566612497,154571.6403360207,43686.85219606658,2953104.771600022,1,1,1,1,1,1,2031.4009999998816,975.1790000000037,3048.1290000006575,700.99100000002,139.1680000000215,1394.9940000001588,2636.3239999996113,619.2310000001962,3242.6470000005393,393.1560000000263,209.01400000015929,1718.4600000000064,2031.4009999998816,975.1790000000037,3048.1290000006575,700.99100000002,139.1680000000215,1394.9940000001588,2636.3239999996113,619.2310000001962,3242.6470000005393,393.1560000000263,209.01400000015929,1718.4600000000064,0.15567484098397438,0.04045714404248273,0.1608596231991481,0.045634463902091006,0.01047320891029662,0.1427103836317298,0.2020326461797541,0.02568996846997163,0.17112496701675758,0.025594427446131524,0.01572953040338345,0.17580153452685487,0.15567484098397438,-0.04045714404248273,-0.1608596231991481,0.045634463902091006,0.01047320891029662,0.1427103836317298,0.2020326461797541,-0.02568996846997163,-0.17112496701675758,-0.025594427446131524,0.01572953040338345,0.17580153452685487,SCP,ML,SCP,ML,SCP,SCP,x11 lineal,AutoETS,x11 lineal,AutoETS,x11 lineal,x11 lineal,ML,SCP,ML,SCP,ML,ML,AutoETS,x11 lineal,AutoETS,x11 lineal,AutoETS,AutoETS,22.945700149140198,36.50078600952299,5.998741151899972,43.914258528281366,33.416900303369424,18.82301595613784,38424.0,40659.153000000195,39958.31800000014,2235.1530000002003,1534.3180000001394,2235.1530000002003,2320.630000000192,2456764.374341477,3151363.2641321095,3,745.0510000000668,773.5433333333973,904.9427927299193,1024.916787538076,0.05817075265459609,0.0603953258380229,0.05817075265459609,0.03993124089111335,SCP,x11 lineal,ML,AutoETS,3.6833532273557026,56102.0,54110.09299999922,54876.445999998876,-1991.9070000007796,-1225.5540000011242,6054.709000000543,6498.202000000347,14368654.505486533,17848410.83094769,3,2018.2363333335143,2166.067333333449,2188.504398402901,2439.1535984809493,0.10792322911840117,0.11582834836548335,-0.03550509785748778,-0.0218451035613904,SCP,x11 lineal,ML,AutoETS,6.824857091235092,94526.0,94769.24599999943,94834.763999999,243.24599999942075,308.76399999901514,8289.862000000743,8818.832000000539,16825418.879828013,20999774.095079802,6,1381.6436666667905,1469.805333333423,1674.585465114079,1870.8186307549877,0.08769927850539262,0.09329530499545668,0.002573323741609935,0.0032664452108310425,SCP,x11 lineal,ML,AutoETS,5.998186607929069,2026-07-11 11:04:33.553,0,,"
"8522,63,60,10664,1,188,Roses,Orange,""50cm"",,,AutoETS,smooth_acceptable,smooth_acceptable_acceptable,acceptable,x11 lineal,x11 lineal,success,smooth_acceptable,COMPARABLE,1,1,1,49434.0,72748.0,51987.0,43330.0,33163.0,30022.0,38981.22700000035,63055.391000001415,36210.64400000075,37531.38099999967,44368.10699999958,37081.62700000037,34978.9690000003,62671.02600000219,34356.7670000015,30068.884999999384,36108.86099999897,29440.398000000776,-10452.772999999652,-9692.608999998585,-15776.35599999925,-5798.6190000003335,11205.106999999582,7059.6270000003715,-14455.030999999697,-10076.973999997812,-17630.2329999985,-13261.115000000616,2945.8609999989712,-581.6019999992241,10452.772999999652,9692.608999998585,15776.35599999925,5798.6190000003335,11205.106999999582,7059.6270000003715,14455.030999999697,10076.973999997812,17630.2329999985,13261.115000000616,2945.8609999989712,581.6019999992241,109260463.38952172,93946669.22685358,248893408.63871235,33623982.30716487,125554422.88143963,49838333.379134245,208947921.21095225,101545404.9966319,310825115.63423616,175857171.04324135,8678097.03131494,338260.8864030974,1,1,1,1,1,1,10452.772999999652,9692.608999998585,15776.35599999925,5798.6190000003335,11205.106999999582,7059.6270000003715,14455.030999999697,10076.973999997812,17630.2329999985,13261.115000000616,2945.8609999989712,581.6019999992241,10452.772999999652,9692.608999998585,15776.35599999925,5798.6190000003335,11205.106999999582,7059.6270000003715,14455.030999999697,10076.973999997812,17630.2329999985,13261.115000000616,2945.8609999989712,581.6019999992241,0.21144906339765449,0.1332354016605073,0.30346732837053975,0.1338245788137626,0.33787977565357724,0.23514845779762747,0.29241070922846013,0.13851891460930627,0.33912772423872317,0.30604927302101587,0.08882975002258454,0.01937252681364413,-0.21144906339765449,-0.1332354016605073,-0.30346732837053975,-0.1338245788137626,0.33787977565357724,0.23514845779762747,-0.29241070922846013,-0.13851891460930627,-0.33912772423872317,-0.30604927302101587,0.08882975002258454,-0.01937252681364413,SCP,SCP,SCP,SCP,ML,ML,x11 lineal,x11 lineal,x11 lineal,x11 lineal,AutoETS,AutoETS,ML,ML,ML,ML,SCP,SCP,AutoETS,AutoETS,AutoETS,AutoETS,x11 lineal,x11 lineal,27.68764729733288,3.8142898850320663,10.515328980617609,56.27351847864931,73.70965756954324,91.76157607194837,106515.0,118981.11499999961,95618.14399999913,12466.11499999962,-10896.85600000087,24063.353000000287,16788.57799999881,209016738.56773874,184873528.96095937,3,8021.1176666667625,5596.19266666627,8346.990247343425,7850.128002373791,0.22591515748955815,0.15761703046518155,0.11703623902736347,-0.10230348777168351,ML,AutoETS,SCP,x11 lineal,30.231759472594643,174169.0,138247.2620000025,132006.762000004,-35921.73799999749,-42162.23799999601,35921.73799999749,42162.23799999601,452100541.2550876,621318441.8418204,3,11973.912666665829,14054.079333332003,12276.000179959372,14391.182970159429,0.206246450286776,0.2420765922752959,-0.206246450286776,-0.2420765922752959,SCP,x11 lineal,ML,AutoETS,14.80115927432295,280684.0,257228.37700000213,227624.90600000313,-23455.622999997868,-53059.09399999688,59985.090999997774,58950.815999994826,661117279.8228264,806191970.8027797,6,9997.515166666295,9825.135999999138,10496.962098807655,11591.605948578908,0.21371040387053689,0.21002556611703846,-0.08356594248335447,-0.18903497883740036,ML,AutoETS,SCP,x11 lineal,1.7242201066311473,2026-07-11 11:04:33.553,0,,"
"8523,63,60,10664,1,189,Roses,Pink Hot,""80cm"",,,AutoETS,seasonal_discontinuous_acceptable,seasonal_discontinuous_acceptable_acceptable,acceptable,x11 lineal,x11 lineal,success,seasonal_discontinuous_acceptable,COMPARABLE,1,1,1,0.0,2800.0,250.0,0.0,1289.0,0.0,348.6329999999995,1700.8450000000007,197.8879999999999,736.4360000000006,1634.7470000000017,29.790999999999993,376.48100000000045,2652.2440000000033,429.28100000000046,510.915,2319.5700000000083,44.62899999999991,348.6329999999995,-1099.1549999999993,-52.11200000000011,736.4360000000006,345.74700000000166,29.790999999999993,376.48100000000045,-147.75599999999667,179.28100000000046,510.915,1030.5700000000083,44.62899999999991,348.6329999999995,1099.1549999999993,52.11200000000011,736.4360000000006,345.74700000000166,29.790999999999993,376.48100000000045,147.75599999999667,179.28100000000046,510.915,1030.5700000000083,44.62899999999991,121544.96868899967,1208141.7140249985,2715.660544000011,542337.9820960009,119540.98800900114,887.5036809999996,141737.94336100033,21831.835535999016,32141.676961000165,261034.137225,1062074.5249000173,1991.7476409999922,0,1,1,0,1,0,,1099.1549999999993,52.11200000000011,,345.74700000000166,,,147.75599999999667,179.28100000000046,,1030.5700000000083,,,1099.1549999999993,52.11200000000011,,345.74700000000166,,,147.75599999999667,179.28100000000046,,1030.5700000000083,,,0.3925553571428569,0.20844800000000044,,0.2682288595810719,,,0.05276999999999881,0.7171240000000019,,0.7995112490302625,,,-0.3925553571428569,-0.20844800000000044,,0.2682288595810719,,,-0.05276999999999881,0.7171240000000019,,0.7995112490302625,,,ML,SCP,,SCP,,,AutoETS,x11 lineal,,x11 lineal,,,SCP,ML,,ML,,,x11 lineal,AutoETS,,AutoETS,,,86.55730993354015,70.93278149943387,,66.45089610603851,,1289.0,2400.974000000002,2875.114000000008,1111.9740000000022,1586.1140000000082,1111.9740000000022,1586.1140000000082,662766.473786002,1325100.4097660172,1,1111.9740000000022,1586.1140000000082,814.1047068934082,1151.1300577111247,0.8626640806827015,1.2304996121024114,0.8626640806827015,1.2304996121024114,SCP,x11 lineal,ML,AutoETS,29.893185483515282,3050.0,2247.366,3458.006000000004,-802.6339999999998,408.00600000000424,1499.899999999999,703.5179999999975,1332402.3432579983,195711.4558579995,2,749.9499999999995,351.75899999999876,816.2114748207104,312.81900186689387,0.49177049180327836,0.23066163934426148,-0.26315868852459007,0.13377245901639484,ML,AutoETS,SCP,x11 lineal,53.0956730448698,4339.0,4648.340000000003,6333.120000000013,309.3400000000025,1994.1200000000126,2611.874000000001,2289.632000000006,1995168.8170440004,1520811.8656240168,3,870.624666666667,763.2106666666687,815.5098235754123,711.9952868814083,0.6019529845586543,0.5276865637243618,0.07129292463701371,0.4595805485134853,ML,AutoETS,SCP,x11 lineal,12.337578305844573,2026-07-11 11:04:33.553,0,,"
8524,63,60,10664,1,190,Alstroemeria,Bicolor,Incredible,,,,intermittent_obsolete,intermittent_obsolete_obsolete,obsolete,copy last year,copy last year,success,intermittent_obsolete,NOT_COMPARABLE_MISSING_SCP_AND_ML,1,0,0,0.0,0.0,0.0,0.0,0.0,0.0,,,,,,,,,,,,,,,,,,,,,,,,,,,,,,,,,,,,,,,,,,,,,,,,,,,,,,,,,,,,,,,,,,,,,,,,,,,,,,,,,,,,,,,,,,,,,,,,,,,,,,,,,,,,,,,,,,,,,,,,,,,,,,,,,,,,,,,,,,,,,,,,,,,,,,,,,,,,,,,,,,,,,,,,,,,,,,,,,,,,,,,,,,,,,,,,,,,,,,,,,,2026-07-11 11:04:33.553,0,,NoForecastRowsMaterialized
8525,63,60,10664,1,191,Alstroemeria,Burgundy,Super Select,,,SeasonalNaive,smooth_acceptable,smooth_acceptable_acceptable,acceptable,x11 lineal,x11 lineal,success,smooth_acceptable,COMPARABLE,1,1,1,80.0,60.0,100.0,44.0,54.0,80.0,33.98700000000002,39.93300000000005,3.4130000000000003,41.65300000000004,81.56300000000002,51.655000000000015,36.001,35.99899999999998,3.999999999999999,29.334,29.33399999999999,29.333000000000006,-46.01299999999998,-20.06699999999995,-96.587,-2.3469999999999587,27.563000000000017,-28.344999999999985,-43.999,-24.00100000000002,-96.0,-14.666,-24.66600000000001,-50.666999999999994,46.01299999999998,20.06699999999995,96.587,2.3469999999999587,27.563000000000017,28.344999999999985,43.999,24.00100000000002,96.0,14.666,24.66600000000001,50.666999999999994,2117.196168999998,402.684488999998,9329.048569,5.508408999999806,759.7189690000009,803.4390249999991,1935.9120010000001,576.0480010000009,9216.0,215.091556,608.4115560000006,2567.1448889999992,1,1,1,1,1,1,46.01299999999998,20.06699999999995,96.587,2.3469999999999587,27.563000000000017,28.344999999999985,43.999,24.00100000000002,96.0,14.666,24.66600000000001,50.666999999999994,46.01299999999998,20.06699999999995,96.587,2.3469999999999587,27.563000000000017,28.344999999999985,43.999,24.00100000000002,96.0,14.666,24.66600000000001,50.666999999999994,0.5751624999999997,0.3344499999999992,0.96587,0.053340909090908155,0.5104259259259263,0.3543124999999998,0.5499875000000001,0.40001666666666696,0.96,0.33331818181818185,0.456777777777778,0.6333374999999999,-0.5751624999999997,-0.3344499999999992,-0.96587,-0.053340909090908155,0.5104259259259263,-0.3543124999999998,-0.5499875000000001,-0.40001666666666696,-0.96,-0.33331818181818185,-0.456777777777778,-0.6333374999999999,ML,SCP,ML,SCP,ML,SCP,SeasonalNaive,x11 lineal,SeasonalNaive,x11 lineal,SeasonalNaive,x11 lineal,SCP,ML,SCP,ML,SCP,ML,x11 lineal,SeasonalNaive,x11 lineal,SeasonalNaive,x11 lineal,SeasonalNaive,4.3770238845543,16.39098370901239,0.6077422427448872,83.99699986363045,10.510466930305137,44.05628910336119,178.0,174.87100000000007,88.00099999999999,-3.1289999999999267,-89.999,58.25499999999996,89.999,1568.666403,3390.6480009999996,3,19.41833333333332,29.999666666666666,22.866761926429373,33.618685285616586,0.3272752808988762,0.5056123595505617,-0.017578651685392847,-0.5056123595505617,SCP,x11 lineal,ML,SeasonalNaive,35.271503016700215,240.0,77.33300000000007,75.99999999999997,-162.66699999999992,-164.00000000000003,162.66699999999992,164.00000000000003,11848.929226999997,11727.960002000002,3,54.2223333333333,54.66666666666668,62.846185848201365,62.52455518167776,0.6777791666666663,0.6833333333333335,-0.6777791666666663,-0.6833333333333335,SCP,x11 lineal,ML,SeasonalNaive,0.8128048780488574,418.0,252.20400000000012,164.00099999999995,-165.79599999999982,-253.99900000000005,220.92199999999985,253.99900000000005,13417.595629999998,15118.608003000001,6,36.82033333333331,42.33316666666668,47.28917358479986,50.19729076852654,0.5285215311004782,0.6076531100478471,-0.3966411483253584,-0.6076531100478471,SCP,x11 lineal,ML,SeasonalNaive,13.022492214536353,2026-07-11 11:04:33.553,0,,
8526,63,60,10664,1,193,Alstroemeria,Holiday Assorted,Premium,,,SeasonalNaive,seasonal_discontinuous_insuficient,seasonal_discontinuous_insuficient_insuficient,insuficient,seasonal discrete,seasonal discrete,success,seasonal_discontinuous_insuficient,COMPARABLE,1,1,1,0.0,1034.0,108.0,0.0,879.0,107.0,0.001,679.0040000000016,230.70900000000103,0.0,317.07899999999916,33.479999999999876,0.0,539.4289999999991,207.99900000000088,0.0,330.00000000000006,39.99999999999993,0.001,-354.9959999999984,122.70900000000103,0.0,-561.9210000000008,-73.52000000000012,0.0,-494.57100000000094,99.99900000000088,0.0,-549.0,-67.00000000000007,0.001,354.9959999999984,122.70900000000103,0.0,561.9210000000008,73.52000000000012,0.0,494.57100000000094,99.99900000000088,0.0,549.0,67.00000000000007,0.000001,126022.16001599886,15057.498681000252,0.0,315755.2102410009,5405.190400000019,0.0,244600.47404100094,9999.800001000176,0.0,301401.0,4489.000000000009,0,1,1,0,1,1,,354.9959999999984,122.70900000000103,,561.9210000000008,73.52000000000012,,494.57100000000094,99.99900000000088,,549.0,67.00000000000007,,354.9959999999984,122.70900000000103,,561.9210000000008,73.52000000000012,,494.57100000000094,99.99900000000088,,549.0,67.00000000000007,,0.3433230174081222,1.136194444444454,,0.6392730375426631,0.6871028037383189,,0.47830851063829877,0.9259166666666748,,0.6245733788395904,0.626168224299066,,-0.3433230174081222,1.136194444444454,,-0.6392730375426631,-0.6871028037383189,,-0.47830851063829877,0.9259166666666748,,-0.6245733788395904,-0.626168224299066,,SCP,ML,,ML,ML,,seasonal discrete,SeasonalNaive,,SeasonalNaive,SeasonalNaive,,ML,SCP,,SCP,SCP,,SeasonalNaive,seasonal discrete,,seasonal discrete,seasonal discrete,,28.221428268135877,18.507199960883035,,2.2994335502678935,8.868335146898861,986.0,350.55899999999906,370.0,-635.4410000000009,-616.0000000000001,635.4410000000009,616.0000000000001,321160.40064100095,305890.0,2,317.72050000000047,308.00000000000006,400.7245941048546,391.0818328687744,0.6444634888438143,0.6247464503042598,-0.6444634888438143,-0.6247464503042598,ML,SeasonalNaive,SCP,seasonal discrete,3.0594500512243843,1142.0,909.7140000000027,747.4279999999999,-232.28599999999736,-394.57200000000006,477.7059999999994,594.5700000000018,141079.6586979991,254600.2740420011,2,238.8529999999997,297.2850000000009,265.59335335998065,356.79144751661374,0.4183064798598944,0.5206392294220681,-0.20340280210157388,-0.3455096322241682,SCP,seasonal discrete,ML,SeasonalNaive,19.65521301108398,2128.0,1260.2730000000017,1117.4279999999999,-867.7269999999984,-1010.5720000000002,1113.1470000000004,1210.5700000000018,462240.0593390001,560490.2740420011,4,278.2867500000001,302.64250000000044,339.94119320075055,374.3294919058613,0.5230953947368423,0.5688768796992489,-0.40776644736842027,-0.4748928571428572,SCP,seasonal discrete,ML,SeasonalNaive,8.047696539646711,2026-07-11 11:04:33.553,0,,
8527,63,60,10664,1,195,Alstroemeria,Purple,Fancy,,,,,,,preserve current forecast,preserve current forecast,success,,NOT_COMPARABLE_MISSING_SCP_AND_ML,1,0,0,0.0,0.0,0.0,0.0,0.0,0.0,,,,,,,,,,,,,,,,,,,,,,,,,,,,,,,,,,,,,,,,,,,,,,,,,,,,,,,,,,,,,,,,,,,,,,,,,,,,,,,,,,,,,,,,,,,,,,,,,,,,,,,,,,,,,,,,,,,,,,,,,,,,,,,,,,,,,,,,,,,,,,,,,,,,,,,,,,,,,,,,,,,,,,,,,,,,,,,,,,,,,,,,,,,,,,,,,,,,,,,,,,2026-07-11 11:04:33.553,1,MissingHistory,NoForecastRowsMaterialized
8528,63,60,10664,1,196,Anthurium,Green,Medium,,,HistoricAverage,smooth_acceptable,smooth_acceptable_acceptable,acceptable,x11 lineal,x11 lineal,success,smooth_acceptable,COMPARABLE,1,1,1,781.0,1141.0,609.0,346.0,310.0,350.0,490.5400000000005,435.75499999999903,438.0629999999998,466.64399999999915,514.1960000000006,388.0879999999989,317.7939999999999,317.7949999999995,317.7959999999988,563.3880000000007,599.1660000000029,541.4739999999985,-290.4599999999995,-705.245000000001,-170.93700000000018,120.64399999999915,204.1960000000006,38.087999999998885,-463.2060000000001,-823.2050000000005,-291.2040000000012,217.38800000000072,289.1660000000029,191.47399999999845,290.4599999999995,705.245000000001,170.93700000000018,120.64399999999915,204.1960000000006,38.087999999998885,463.2060000000001,823.2050000000005,291.2040000000012,217.38800000000072,289.1660000000029,191.47399999999845,84367.01159999972,497370.5100250014,29219.45796900006,14554.974735999796,41696.006416000244,1450.695743999915,214559.79843600007,677666.4720250008,84799.7696160007,47257.54254400031,83616.97555600168,36662.29267599941,1,1,1,1,1,1,290.4599999999995,705.245000000001,170.93700000000018,120.64399999999915,204.1960000000006,38.087999999998885,463.2060000000001,823.2050000000005,291.2040000000012,217.38800000000072,289.1660000000029,191.47399999999845,290.4599999999995,705.245000000001,170.93700000000018,120.64399999999915,204.1960000000006,38.087999999998885,463.2060000000001,823.2050000000005,291.2040000000012,217.38800000000072,289.1660000000029,191.47399999999845,0.37190781049935917,0.6180937773882568,0.2806847290640397,0.34868208092485303,0.6586967741935503,0.10882285714285396,0.5930934699103714,0.7214767747589838,0.47816748768473105,0.6282890173410425,0.9327935483871062,0.547068571428567,-0.37190781049935917,-0.6180937773882568,-0.2806847290640397,0.34868208092485303,0.6586967741935503,0.10882285714285396,-0.5930934699103714,-0.7214767747589838,-0.47816748768473105,0.6282890173410425,0.9327935483871062,0.547068571428567,SCP,SCP,SCP,SCP,SCP,SCP,x11 lineal,x11 lineal,x11 lineal,x11 lineal,x11 lineal,x11 lineal,ML,ML,ML,ML,ML,ML,HistoricAverage,HistoricAverage,HistoricAverage,HistoricAverage,HistoricAverage,HistoricAverage,37.293558373596305,14.329359029646252,41.299913462727346,44.50291644433052,29.38450578560462,80.10800421989451,1006.0,1368.9279999999985,1704.028000000002,362.92799999999863,698.0280000000021,362.92799999999863,698.0280000000021,57701.67689599996,167536.8107760014,3,120.97599999999954,232.6760000000007,138.68630898061514,236.31674420573856,0.36076341948310003,0.6938648111332029,0.36076341948310003,0.6938648111332029,SCP,x11 lineal,ML,HistoricAverage,48.00667021953309,2531.0,1364.3579999999993,953.3849999999982,-1166.6420000000007,-1577.6150000000018,1166.6420000000007,1577.6150000000018,610956.9795940012,977026.0400770016,3,388.8806666666669,525.8716666666672,451.2785465002006,570.6797233933705,0.4609411299881473,0.6233168708020552,-0.4609411299881473,-0.6233168708020552,SCP,x11 lineal,ML,HistoricAverage,26.05027208793023,3537.0,2733.285999999998,2657.4130000000005,-803.7140000000022,-879.5869999999994,1529.5699999999993,2275.6430000000037,668658.6564900011,1144562.850853003,6,254.9283333333332,379.2738333333339,333.83095934170063,436.7613480405142,0.43244840260107414,0.6433822448402612,-0.22723042126095624,-0.24868165111676546,SCP,x11 lineal,ML,HistoricAverage,32.785151273728054,2026-07-11 11:04:33.553,0,,
8529,63,60,10664,1,197,Orchids,Var,Medium,,,,intermittent_obsolete,intermittent_obsolete_obsolete,obsolete,syntetos-boylan,syntetos-boylan,success,intermittent_obsolete,COMPARABLE,1,1,1,0.0,84.0,16.0,0.0,0.0,0.0,0.0,0.0,80.0,0.0,0.001,79.99900000000002,0.0,0.0,0.0,0.0,0.0,0.0,0.0,-84.0,64.0,0.0,0.001,79.99900000000002,0.0,-84.0,-16.0,0.0,0.0,0.0,0.0,84.0,64.0,0.0,0.001,79.99900000000002,0.0,84.0,16.0,0.0,0.0,0.0,0.0,7056.0,4096.0,0.0,0.000001,6399.840001000004,0.0,7056.0,256.0,0.0,0.0,0.0,0,1,1,0,0,0,,84.0,64.0,,,,,84.0,16.0,,,,,84.0,64.0,,,,,84.0,16.0,,,,,1.0,4.0,,,,,1.0,1.0,,,,,-1.0,4.0,,,,,-1.0,-1.0,,,,,TIE,ML,,,,,,,,,,,,SCP,,,,,,syntetos-boylan,,,,,0.0,75.0,,,,0.0,80.00000000000003,0.0,80.00000000000003,0.0,80.00000000000003,0.0,6399.8400020000045,0.0,0,,,,,,,,,,,,,,100.0,80.0,0.0,-20.0,-100.0,148.0,100.0,11152.0,7312.0,2,74.0,50.0,74.67261881037788,60.4648658313239,1.48,1.0,-0.2,-1.0,ML,,SCP,syntetos-boylan,32.432432432432435,100.0,160.00000000000003,0.0,60.00000000000003,-100.0,228.00000000000003,100.0,17551.840002000004,7312.0,2,114.00000000000001,50.0,93.67988044932595,60.4648658313239,2.2800000000000002,1.0,0.6000000000000003,-1.0,ML,,SCP,syntetos-boylan,56.14035087719299,2026-07-11 11:04:33.553,0,,
8530,63,60,10664,1,198,Orchids,Variegated Purple,Regular,,,MovingAverage3M,intermittent_acceptable,intermittent_acceptable_acceptable,acceptable,preserve current forecast,preserve current forecast,success,intermittent_acceptable,NOT_COMPARABLE_NO_HISTORY,1,1,1,0.0,0.0,0.0,0.0,0.0,0.0,0.21300000000000013,9.809999999999986,1.0640000000000007,0.2590000000000002,0.7130000000000005,1.1399999999999988,0.0,0.0,0.0,0.0,0.0,0.0,,,,,,,,,,,,,,,,,,,,,,,,,,,,,,,,,,,,,,,,,,,,,,,,,,,,,,,,,,,,,,,,,,,,,,,,,,,,,,,,,,,,,,,,,,,,,,,,,,,,,,,,,,,,,,,,,,,,,,,,,,,,,,,,,,,,,,,,,,,,,,,,,,,,,,,,,,,,,,,,,,,,,,,,,,,,,,,,,,,,,,,,,,,,,,2026-07-11 11:04:33.553,0,,
"8531,63,60,10664,1,199,Protea,Red,"""",,,AutoETS,erratic_acceptable,erratic_acceptable_acceptable,acceptable,x11 lineal,x11 lineal,success,erratic_acceptable,COMPARABLE,1,1,1,535.0,109.0,0.0,141.0,628.0,1.0,523.4690000000003,139.807,5.201000000000007,49.807999999999964,670.2589999999976,503.33199999999954,314.78399999999954,93.5629999999999,11.664999999999994,367.30400000000003,367.24600000000027,367.1750000000001,-11.530999999999722,30.806999999999988,5.201000000000007,-91.19200000000004,42.25899999999763,502.33199999999954,-220.21600000000046,-15.437000000000097,11.664999999999994,226.30400000000003,-260.75399999999973,366.1750000000001,11.530999999999722,30.806999999999988,5.201000000000007,91.19200000000004,42.25899999999763,502.33199999999954,220.21600000000046,15.437000000000097,11.664999999999994,226.30400000000003,260.75399999999973,366.1750000000001,132.9639609999936,949.0712489999993,27.05040100000007,8315.980864000006,1785.8230809997995,252337.43822399955,48495.0866560002,238.300969000003,136.07222499999986,51213.50041600002,67992.64851599986,134084.13062500008,1,1,0,1,1,1,11.530999999999722,30.806999999999988,,91.19200000000004,42.25899999999763,502.33199999999954,220.21600000000046,15.437000000000097,,226.30400000000003,260.75399999999973,366.1750000000001,11.530999999999722,30.806999999999988,,91.19200000000004,42.25899999999763,502.33199999999954,220.21600000000046,15.437000000000097,,226.30400000000003,260.75399999999973,366.1750000000001,0.021553271028036863,0.2826330275229357,,0.6467517730496456,0.06729140127388157,502.33199999999954,0.4116186915887859,0.14162385321101006,,1.6049929078014187,0.4152133757961779,366.1750000000001,-0.021553271028036863,0.2826330275229357,,-0.6467517730496456,0.06729140127388157,502.33199999999954,-0.4116186915887859,-0.14162385321101006,,1.6049929078014187,-0.4152133757961779,366.1750000000001,SCP,ML,,SCP,SCP,ML,x11 lineal,AutoETS,,x11 lineal,x11 lineal,AutoETS,ML,SCP,,ML,ML,SCP,AutoETS,x11 lineal,,AutoETS,AutoETS,x11 lineal,94.7637773822067,49.8912584802152,,59.70376131221718,83.79353720364878,27.104982362262316,770.0,1223.3989999999972,1101.7250000000004,453.39899999999716,331.7250000000004,635.7829999999972,853.233,262439.24216899934,253290.27955699997,3,211.92766666666571,284.411,295.76975401427785,290.56856881924904,0.8256922077922041,1.1080948051948052,0.5888298701298664,0.43081168831168887,SCP,x11 lineal,ML,AutoETS,25.485418402710962,644.0,668.4770000000003,420.01199999999943,24.477000000000274,-223.98800000000057,47.53899999999972,247.31800000000055,1109.085610999993,48869.4598500002,2,23.76949999999986,123.65900000000028,23.5487325667433,156.3161217693175,0.07381832298136602,0.3840341614906841,0.038007763975155706,-0.34780745341614994,SCP,x11 lineal,ML,AutoETS,80.77818840521125,1414.0,1891.8759999999975,1521.7369999999999,477.8759999999974,107.73699999999985,683.3219999999969,1100.5510000000004,263548.32777999935,302159.73940700013,5,136.66439999999938,220.11020000000008,229.58585661142078,245.82910299921778,0.48325459688825806,0.7783246110325321,0.33796039603960215,0.0761930693069306,SCP,x11 lineal,ML,AutoETS,37.910919166854,2026-07-11 11:04:33.553,0,,"
"8532,63,60,10664,1,200,Protea,Yellow,"""",,,AutoARIMA,erratic_acceptable,erratic_acceptable_acceptable,acceptable,seasonal discrete,seasonal discrete,success,erratic_acceptable,COMPARABLE,1,1,1,282.0,464.0,849.0,669.0,226.0,196.0,435.0210000000011,1166.639000000001,406.8609999999982,26.71499999999999,57.00899999999993,118.00800000000048,746.7629999999966,728.8419999999967,710.922,435.42800000000057,424.2859999999991,413.1429999999992,153.0210000000011,702.639000000001,-442.1390000000018,-642.285,-168.99100000000007,-77.99199999999952,464.7629999999966,264.8419999999967,-138.07799999999997,-233.57199999999943,198.2859999999991,217.14299999999918,153.0210000000011,702.639000000001,442.1390000000018,642.285,168.99100000000007,77.99199999999952,464.7629999999966,264.8419999999967,138.07799999999997,233.57199999999943,198.2859999999991,217.14299999999918,23415.426441000334,493701.56432100147,195486.89532100156,412530.021225,28557.958081000023,6082.752063999926,216004.64616899687,70141.28496399825,19065.53408399999,54555.879183999736,39317.33779599964,47151.082448999645,1,1,1,1,1,1,153.0210000000011,702.639000000001,442.1390000000018,642.285,168.99100000000007,77.99199999999952,464.7629999999966,264.8419999999967,138.07799999999997,233.57199999999943,198.2859999999991,217.14299999999918,153.0210000000011,702.639000000001,442.1390000000018,642.285,168.99100000000007,77.99199999999952,464.7629999999966,264.8419999999967,138.07799999999997,233.57199999999943,198.2859999999991,217.14299999999918,0.542627659574472,1.5143081896551747,0.5207762073027111,0.9600672645739909,0.7477477876106198,0.3979183673469363,1.648095744680839,0.570780172413786,0.16263604240282684,0.3491360239162921,0.8773716814159251,1.1078724489795877,0.542627659574472,1.5143081896551747,-0.5207762073027111,-0.9600672645739909,-0.7477477876106198,-0.3979183673469363,1.648095744680839,0.570780172413786,-0.16263604240282684,-0.3491360239162921,0.8773716814159251,1.1078724489795877,SCP,ML,ML,ML,SCP,SCP,seasonal discrete,AutoARIMA,AutoARIMA,AutoARIMA,seasonal discrete,seasonal discrete,ML,SCP,SCP,SCP,ML,ML,AutoARIMA,seasonal discrete,seasonal discrete,seasonal discrete,AutoARIMA,AutoARIMA,67.07547717869059,62.30752918639638,68.77045454031438,63.63421222665958,14.774114158336518,64.08265520877956,1091.0,201.73200000000037,1272.8569999999988,-889.2679999999996,181.85699999999883,889.2679999999996,649.0009999999977,447170.73136999994,141024.29942899902,3,296.42266666666654,216.3336666666659,386.07889149326286,216.81351390000194,0.8150944087992663,0.5948680109990813,-0.8150944087992663,0.16668835930339032,ML,AutoARIMA,SCP,seasonal discrete,27.01851410373498,1595.0,2008.5210000000004,2186.526999999993,413.52100000000036,591.5269999999933,1297.7990000000038,867.6829999999933,712603.8860830034,305211.4652169951,3,432.59966666666793,289.22766666666445,487.37524423623984,318.962623315541,0.8136670846395009,0.5440018808777387,0.25926081504702214,0.37086332288400836,ML,AutoARIMA,SCP,seasonal discrete,33.141958038186914,2686.0,2210.2530000000006,3459.383999999992,-475.74699999999916,773.383999999992,2187.0670000000036,1516.683999999991,1159774.6174530033,446235.7646459941,6,364.5111666666673,252.78066666666518,439.65414768372256,272.71345298866174,0.8142468354430393,0.5646626954579267,-0.17712099776619478,0.2879314966492897,ML,AutoARIMA,SCP,seasonal discrete,30.652147373629223,2026-07-11 11:04:33.553,0,,"
"8533,63,60,10664,1,201,Roses,Assorted,"""",,,MovingAverage3M,smooth_acceptable,smooth_acceptable_acceptable,acceptable,x11 lineal,x11 lineal,success,smooth_acceptable,COMPARABLE,1,1,1,12115.0,14800.0,14738.0,16960.0,15080.0,14865.0,15866.254000000003,15613.070999999993,15863.330000000004,14869.392000000002,13380.037999999995,13470.769999999995,16100.999000000007,16101.0,16101.001000000002,18549.999999999996,18550.000000000007,18549.99999999999,3751.2540000000026,813.0709999999926,1125.3300000000036,-2090.6079999999984,-1699.962000000005,-1394.230000000005,3985.999000000007,1301.0,1363.001000000002,1589.9999999999964,3470.0000000000073,3684.999999999989,3751.2540000000026,813.0709999999926,1125.3300000000036,2090.6079999999984,1699.962000000005,1394.230000000005,3985.999000000007,1301.0,1363.001000000002,1589.9999999999964,3470.0000000000073,3684.999999999989,14071906.57251602,661084.451040988,1266367.608900008,4370641.809663993,2889870.801444017,1943877.292900014,15888188.028001057,1692601.0,1857771.7260010056,2528099.9999999884,12040900.00000005,13579224.99999992,1,1,1,1,1,1,3751.2540000000026,813.0709999999926,1125.3300000000036,2090.6079999999984,1699.962000000005,1394.230000000005,3985.999000000007,1301.0,1363.001000000002,1589.9999999999964,3470.0000000000073,3684.999999999989,3751.2540000000026,813.0709999999926,1125.3300000000036,2090.6079999999984,1699.962000000005,1394.230000000005,3985.999000000007,1301.0,1363.001000000002,1589.9999999999964,3470.0000000000073,3684.999999999989,0.3096371440363188,0.05493722972972923,0.07635567919663479,0.12326698113207538,0.1127295755968173,0.09379280188361958,0.32901353693768115,0.08790540540540541,0.09248208712172629,0.09374999999999979,0.23010610079575644,0.24789774638412304,0.3096371440363188,0.05493722972972923,0.07635567919663479,-0.12326698113207538,-0.1127295755968173,-0.09379280188361958,0.32901353693768115,0.08790540540540541,0.09248208712172629,0.09374999999999979,0.23010610079575644,0.24789774638412304,SCP,SCP,SCP,ML,SCP,SCP,x11 lineal,x11 lineal,x11 lineal,MovingAverage3M,x11 lineal,x11 lineal,ML,ML,ML,SCP,ML,ML,MovingAverage3M,MovingAverage3M,MovingAverage3M,x11 lineal,MovingAverage3M,MovingAverage3M,5.889238808138294,37.50415065334415,17.43733130056384,23.94556990119632,51.009740634005716,62.16472184531862,46905.0,41720.19999999999,55650.0,-5184.800000000008,8744.999999999993,5184.800000000008,8744.999999999993,9204389.904008023,28148224.99999996,3,1728.2666666666694,2914.9999999999977,1751.607823687333,3063.126126470579,0.11053832214049693,0.18644067796610153,-0.11053832214049693,0.18644067796610153,SCP,x11 lineal,ML,MovingAverage3M,40.711263579187964,41653.0,47342.655,48303.000000000015,5689.654999999999,6650.000000000009,5689.654999999999,6650.000000000009,15999358.632457016,19438560.754002064,3,1896.5516666666663,2216.6666666666697,2309.3547895791885,2545.4901789898977,0.13659652365976038,0.15965236597604035,0.13659652365976038,0.15965236597604035,SCP,x11 lineal,ML,MovingAverage3M,14.441278195488847,88558.0,89062.85499999998,103952.99999999999,504.85499999999047,15395.000000000002,10874.455000000007,15395.000000000002,25203748.53646504,47586785.75400202,6,1812.409166666668,2565.8333333333335,2049.5425723993894,2816.2263685649164,0.12279472210302861,0.17384087264843381,0.005700840127374042,0.17384087264843381,SCP,x11 lineal,ML,MovingAverage3M,29.36372198765829,2026-07-11 11:04:33.553,0,,"
"8534,63,60,10664,1,202,Roses,Green,""50cm"",,,AutoETS,smooth_acceptable,smooth_acceptable_acceptable,acceptable,x11 lineal,x11 lineal,success,smooth_acceptable,COMPARABLE,1,1,1,4696.0,7894.0,6991.0,6293.0,3828.0,5065.0,5483.182999999968,6463.033999999941,5733.258999999895,6590.954000000013,5842.165000000053,4363.609999999985,5562.077000000018,7245.627000000003,6097.375000000033,6380.0780000000095,6258.718999999966,6137.333999999942,787.1829999999682,-1430.9660000000586,-1257.7410000001046,297.95400000001337,2014.1650000000527,-701.3900000000149,866.0770000000184,-648.3729999999969,-893.6249999999673,87.07800000000952,2430.7189999999664,1072.3339999999416,787.1829999999682,1430.9660000000586,1257.7410000001046,297.95400000001337,2014.1650000000527,701.3900000000149,866.0770000000184,648.3729999999969,893.6249999999673,87.07800000000952,2430.7189999999664,1072.3339999999416,619657.0754889499,2047663.6931561676,1581912.423081263,88776.58611600797,4056860.6472252123,491947.9321000209,750089.3699290319,420387.54712899594,798565.6406249414,7582.578084001659,5908394.856960837,1149900.2075558747,1,1,1,1,1,1,787.1829999999682,1430.9660000000586,1257.7410000001046,297.95400000001337,2014.1650000000527,701.3900000000149,866.0770000000184,648.3729999999969,893.6249999999673,87.07800000000952,2430.7189999999664,1072.3339999999416,787.1829999999682,1430.9660000000586,1257.7410000001046,297.95400000001337,2014.1650000000527,701.3900000000149,866.0770000000184,648.3729999999969,893.6249999999673,87.07800000000952,2430.7189999999664,1072.3339999999416,0.16762840715501878,0.18127261211047105,0.17990859676728715,0.047346893373591825,0.5261664054336606,0.13847778874630107,0.1844286626916564,0.08213491259184151,0.12782506079244274,0.01383727951692508,0.6349840647857802,0.21171451135240704,0.16762840715501878,-0.18127261211047105,-0.17990859676728715,0.047346893373591825,0.5261664054336606,-0.13847778874630107,0.1844286626916564,-0.08213491259184151,-0.12782506079244274,0.01383727951692508,0.6349840647857802,0.21171451135240704,SCP,ML,ML,ML,SCP,SCP,x11 lineal,AutoETS,AutoETS,AutoETS,x11 lineal,x11 lineal,ML,SCP,SCP,SCP,ML,ML,AutoETS,x11 lineal,x11 lineal,x11 lineal,AutoETS,AutoETS,9.109351708918322,54.68983889205121,28.949998449609822,70.77468334037953,17.137069319815236,34.592207278697394,15186.0,16796.72900000005,18776.130999999918,1610.7290000000512,3590.1309999999175,3013.509000000081,3590.1309999999175,4637585.165441241,7065877.642600713,3,1004.503000000027,1196.710333333306,1243.3268764945713,1534.6962394993907,0.19843994468590023,0.23641057553008807,0.1060667061767451,0.23641057553008807,SCP,x11 lineal,ML,AutoETS,16.061308069255684,19581.0,17679.475999999806,18905.079000000056,-1901.524000000195,-675.9209999999457,3475.8900000001313,2408.0749999999825,4249233.191726381,1969042.5576829694,3,1158.6300000000438,802.6916666666608,1190.1306919447097,810.1527752391252,0.17751340585261893,0.12298018487309037,-0.09711066850519355,-0.034519227822886765,ML,AutoETS,SCP,x11 lineal,30.720621193424087,34767.0,34476.204999999856,37681.20999999998,-290.7950000001438,2914.209999999972,6489.399000000212,5998.2059999999,8886818.35716762,9034920.200283682,6,1081.5665000000354,999.7009999999833,1217.0194710279989,1227.1185897787605,0.18665398222452936,0.1725258434722553,-0.00836410964420697,0.08382115224206782,ML,AutoETS,SCP,x11 lineal,7.569160102504041,2026-07-11 11:04:33.553,0,,"
"8535,63,60,10664,1,203,Roses,Pink Hot,""70cm"",,,SeasonalNaive,smooth_acceptable,smooth_acceptable_acceptable,acceptable,x11 lineal,x11 lineal,success,smooth_acceptable,COMPARABLE,1,1,1,800.0,900.0,600.0,999.0,900.0,800.0,893.6959999999992,916.7670000000003,917.876,871.1949999999999,934.8800000000002,819.2759999999998,1000.001,998.148,849.999,1000.0009999999999,1032.872,799.9990000000007,93.69599999999923,16.76700000000028,317.876,-127.80500000000006,34.88000000000022,19.27599999999984,200.00099999999998,98.14800000000002,249.99900000000002,1.0009999999998627,132.87200000000007,-0.0009999999992942,93.69599999999923,16.76700000000028,317.876,127.80500000000006,34.88000000000022,19.27599999999984,200.00099999999998,98.14800000000002,249.99900000000002,1.0009999999998627,132.87200000000007,0.0009999999992942,8778.940415999856,281.1322890000094,101045.15137599998,16334.118025000016,1216.6144000000156,371.56417599999384,40000.40000099999,9633.029904000005,62499.500001000015,1.002000999999725,17654.968384000018,0.0000009999999986,1,1,1,1,1,1,93.69599999999923,16.76700000000028,317.876,127.80500000000006,34.88000000000022,19.27599999999984,200.00099999999998,98.14800000000002,249.99900000000002,1.0009999999998627,132.87200000000007,0.0009999999992942,93.69599999999923,16.76700000000028,317.876,127.80500000000006,34.88000000000022,19.27599999999984,200.00099999999998,98.14800000000002,249.99900000000002,1.0009999999998627,132.87200000000007,0.0009999999992942,0.11711999999999904,0.018630000000000313,0.5297933333333333,0.127932932932933,0.0387555555555558,0.0240949999999998,0.25000124999999995,0.10905333333333336,0.41666500000000006,0.0010020020020018645,0.14763555555555563,0.0000012499999991,0.11711999999999904,0.018630000000000313,0.5297933333333333,-0.127932932932933,0.0387555555555558,0.0240949999999998,0.25000124999999995,0.10905333333333336,0.41666500000000006,0.0010020020020018645,0.14763555555555563,-0.0000012499999991,SCP,SCP,ML,ML,SCP,ML,x11 lineal,x11 lineal,SeasonalNaive,SeasonalNaive,x11 lineal,SeasonalNaive,ML,ML,SCP,SCP,ML,SCP,SeasonalNaive,SeasonalNaive,x11 lineal,x11 lineal,SeasonalNaive,x11 lineal,53.15223423882918,82.91661572319326,21.35329499553284,99.21677555651198,73.74917213558899,99.99481220170526,2699.0,2625.3509999999997,2832.8720000000008,-73.649,133.87200000000064,181.96100000000013,133.87399999999923,17922.296601000024,17655.97038600002,3,60.65366666666671,44.62466666666641,77.29229500409474,76.71586186702204,0.06741793256761769,0.04960133382734318,-0.027287513894034828,0.049600592812152886,ML,SeasonalNaive,SCP,x11 lineal,26.42709151961182,2300.0,2728.3389999999995,2848.148,428.3389999999995,548.148,428.3389999999995,548.148,110105.22408099985,112132.929906,3,142.7796666666665,182.716,191.5769854662435,193.33298555083664,0.18623434782608672,0.23832521739130436,0.18623434782608672,0.23832521739130436,SCP,x11 lineal,ML,SeasonalNaive,21.857053204609077,4999.0,5353.69,5681.02,354.6899999999995,682.0200000000007,610.2999999999996,682.0219999999993,128027.52068199989,129788.90029200002,6,101.7166666666666,113.6703333333332,146.075049593237,147.07645420664724,0.1220844168833766,0.1364316863372673,0.07095219043808751,0.1364312862572516,SCP,x11 lineal,ML,SeasonalNaive,10.516083058904211,2026-07-11 11:04:33.553,0,,"
"8536,63,60,10664,1,204,Roses,Pink Light,"""",,,HistoricAverage,intermittent_acceptable,intermittent_acceptable_acceptable,acceptable,syntetos-boylan,syntetos-boylan,success,intermittent_acceptable,COMPARABLE,1,1,1,18.0,24.0,0.0,0.0,5.0,0.0,4.999999999999999,0.001,4.9990000000000006,0.0,4.9990000000000006,0.0,2.857,2.8569999999999998,2.8569999999999998,2.944,2.9449999999999994,2.9430000000000005,-13.0,-23.999,4.9990000000000006,0.0,-0.0009999999999994,0.0,-15.143,-21.143,2.8569999999999998,2.944,-2.0550000000000006,2.9430000000000005,13.0,23.999,4.9990000000000006,0.0,0.0009999999999994,0.0,15.143,21.143,2.8569999999999998,2.944,2.0550000000000006,2.9430000000000005,169.0,575.952001,24.990001000000007,0.0,0.000001,0.0,229.31044900000003,447.026449,8.162448999999999,8.667136,4.2230250000000025,8.661249000000003,1,1,0,0,1,0,13.0,23.999,,,0.0009999999999994,,15.143,21.143,,,2.0550000000000006,,13.0,23.999,,,0.0009999999999994,,15.143,21.143,,,2.0550000000000006,,0.7222222222222222,0.9999583333333333,,,0.0001999999999999,,0.8412777777777778,0.8809583333333334,,,0.41100000000000014,,-0.7222222222222222,-0.9999583333333333,,,-0.0001999999999999,,-0.8412777777777778,-0.8809583333333334,,,-0.41100000000000014,,SCP,ML,,,SCP,,syntetos-boylan,HistoricAverage,,,syntetos-boylan,,ML,SCP,,,ML,,HistoricAverage,syntetos-boylan,,,HistoricAverage,,14.151753285346366,11.900495853993906,,,99.95133819951342,,5.0,4.9990000000000006,8.832,-0.0009999999999994,3.832,0.0009999999999994,7.942000000000001,0.000001,21.551410000000004,1,0.0009999999999994,7.942000000000001,0.0009999999999994,4.64234962061239,0.0001999999999999,1.5884000000000003,-0.0001999999999999,0.7664,SCP,syntetos-boylan,ML,HistoricAverage,99.9874087131705,42.0,10.0,8.571,-32.0,-33.429,41.998,39.143,769.942002,684.4993470000001,2,20.999,19.5715,19.620677893487777,18.49999117567357,0.9999523809523809,0.9319761904761905,-0.7619047619047619,-0.7959285714285714,ML,HistoricAverage,SCP,syntetos-boylan,6.797942759179003,47.0,14.999,17.403000000000002,-32.00099999999999,-29.597000000000005,41.998999999999995,47.085,769.942003,706.0507570000001,3,13.999666666666664,15.695,16.02021642592051,15.341129434736327,0.893595744680851,1.001808510638298,-0.6808723404255317,-0.6297234042553193,SCP,syntetos-boylan,ML,HistoricAverage,10.801741531273237,2026-07-11 11:04:33.553,0,,"
"8537,63,60,10664,1,205,Roses,Red,""40cm"",,,AutoETS,erratic_acceptable,erratic_acceptable_acceptable,acceptable,x11 seasonal,x11 seasonal,success,erratic_acceptable,COMPARABLE,1,1,1,26886.0,73226.0,34873.0,42568.0,169943.0,36367.0,49249.68199999942,77522.19899999801,37277.41300000029,33674.474999999846,160020.2029999995,47873.45800000062,39265.54999999847,60969.7950000006,32196.56199999906,37303.181999999615,173475.8869999975,47195.75300000097,22363.68199999942,4296.198999998014,2404.4130000002915,-8893.525000000154,-9922.797000000486,11506.458000000617,12379.549999998468,-12256.204999999398,-2676.4380000009405,-5264.818000000385,3532.886999997514,10828.753000000972,22363.68199999942,4296.198999998014,2404.4130000002915,8893.525000000154,9922.797000000486,11506.458000000617,12379.549999998468,12256.204999999398,2676.4380000009405,5264.818000000385,3532.886999997514,10828.753000000972,500134272.597098,18457325.84758394,5781201.874570401,79094786.92562774,98461900.30321865,132398575.7057782,153253258.20246205,150214561.00201023,7163320.367849034,27718308.573128052,12481290.554751435,117261891.53503005,1,1,1,1,1,1,22363.68199999942,4296.198999998014,2404.4130000002915,8893.525000000154,9922.797000000486,11506.458000000617,12379.549999998468,12256.204999999398,2676.4380000009405,5264.818000000385,3532.886999997514,10828.753000000972,22363.68199999942,4296.198999998014,2404.4130000002915,8893.525000000154,9922.797000000486,11506.458000000617,12379.549999998468,12256.204999999398,2676.4380000009405,5264.818000000385,3532.886999997514,10828.753000000972,0.8317965483894748,0.0586704039548523,0.06894769592522271,0.20892513155422276,0.05838897159636164,0.3163983281546627,0.46044595700358804,0.16737504438313439,0.07674814326272304,0.12368018229656984,0.02078865855020515,0.29776316440731904,0.8317965483894748,0.0586704039548523,0.06894769592522271,-0.20892513155422276,-0.05838897159636164,0.3163983281546627,0.46044595700358804,-0.16737504438313439,-0.07674814326272304,-0.12368018229656984,0.02078865855020515,0.29776316440731904,ML,SCP,SCP,ML,ML,ML,AutoETS,x11 seasonal,x11 seasonal,AutoETS,AutoETS,AutoETS,SCP,ML,ML,SCP,SCP,SCP,x11 seasonal,AutoETS,AutoETS,x11 seasonal,x11 seasonal,x11 seasonal,44.64440157931601,64.9467433026926,10.1636951799576,40.80167312735622,64.39625843401473,5.889779461234811,248878.0,241568.136,257974.82199999812,-7309.864000000023,9096.821999998101,30322.780000001258,19626.45799999887,309955262.93462455,157461490.66290954,3,10107.593333333753,6542.15266666629,10164.566935103934,7244.80252003484,0.12183792862366805,0.078859754578544,-0.029371274278964084,0.03655133037069609,ML,AutoETS,SCP,x11 seasonal,35.274872554567686,134985.0,164049.29399999772,132431.90699999814,29064.293999997724,-2553.0930000018707,29064.293999997724,27312.192999998806,524372800.3192523,310631139.5723213,3,9688.097999999241,9104.064333332935,13220.852220630513,10175.643134012404,0.2153149905544892,0.20233502240988854,0.2153149905544892,-0.01891390154462993,ML,AutoETS,SCP,x11 seasonal,6.0283624986695195,383863.0,405617.4299999977,390406.7289999962,21754.4299999977,6543.72899999623,59387.07399999898,46938.65099999768,834328063.2538769,468092630.2352309,6,9897.845666666497,7823.108499999613,11792.144724730082,8832.634848817112,0.15470903421272428,0.12227969614158612,0.05667238051074915,0.017047042825164786,ML,AutoETS,SCP,x11 seasonal,20.96150249800406,2026-07-11 11:04:33.553,0,,"
"8538,63,60,10664,1,206,Roses,White,""60cm"",,,AutoETS,smooth_acceptable,smooth_acceptable_acceptable,acceptable,x11 lineal,x11 lineal,success,smooth_acceptable,COMPARABLE,1,1,1,109654.0,180373.0,133656.0,119228.0,103851.0,103970.0,136687.73999999277,167909.6280000057,120939.17500000657,128967.49999999788,141525.52799999676,132353.50399999664,131974.79599999756,172288.84900000092,123028.61699999955,123700.61000000156,140134.76400000218,134286.5279999974,27033.739999992773,-12463.371999994299,-12716.824999993434,9739.499999997875,37674.52799999676,28383.50399999664,22320.795999997557,-8084.150999999081,-10627.383000000453,4472.610000001558,36283.76400000218,30316.5279999974,27033.739999992773,12463.371999994299,12716.824999993434,9739.499999997875,37674.52799999676,28383.50399999664,22320.795999997557,8084.150999999081,10627.383000000453,4472.610000001558,36283.76400000218,30316.5279999974,730823098.3872093,155335641.6102419,161717638.08045802,94857860.24995862,1419370060.0225399,805623299.3178252,498217934.07350695,65353497.39078615,112941269.42869863,20004240.21211393,1316511530.007854,919091869.9746264,1,1,1,1,1,1,27033.739999992773,12463.371999994299,12716.824999993434,9739.499999997875,37674.52799999676,28383.50399999664,22320.795999997557,8084.150999999081,10627.383000000453,4472.610000001558,36283.76400000218,30316.5279999974,27033.739999992773,12463.371999994299,12716.824999993434,9739.499999997875,37674.52799999676,28383.50399999664,22320.795999997557,8084.150999999081,10627.383000000453,4472.610000001558,36283.76400000218,30316.5279999974,0.2465367428456123,0.06909776962180758,0.09514593433885074,0.08168802630252857,0.36277482161940433,0.27299705684328784,0.20355660532217298,0.044819074916972505,0.07951295115820055,0.03751308417487132,0.3493829043533734,0.2915891891891642,0.2465367428456123,-0.06909776962180758,-0.09514593433885074,0.08168802630252857,0.36277482161940433,0.27299705684328784,0.20355660532217298,-0.044819074916972505,-0.07951295115820055,0.03751308417487132,0.3493829043533734,0.2915891891891642,ML,ML,ML,ML,ML,SCP,AutoETS,AutoETS,AutoETS,AutoETS,AutoETS,x11 lineal,SCP,SCP,SCP,SCP,SCP,ML,x11 lineal,x11 lineal,x11 lineal,x11 lineal,x11 lineal,AutoETS,17.43356265169553,35.13672704302833,16.430531992018928,54.07762205449424,3.691523354969968,6.3761391146140864,327049.0,402846.5319999913,398121.9020000011,75797.53199999128,71072.90200000114,75797.53199999128,71072.90200000114,2319851219.5903234,2255607640.1945944,3,25265.84399999709,23690.967333333712,27807.979787525757,27420.23364959165,0.23176200508178063,0.21731576002373082,0.23176200508178063,0.21731576002373082,ML,AutoETS,SCP,x11 lineal,6.233224057995288,423683.0,425536.54300000507,427292.261999998,1853.54300000504,3609.2619999980234,52213.936999980506,41032.32999999709,1047876378.0779092,676512700.8929918,3,17404.64566666017,13677.443333332363,18689.358630674564,15016.798381512528,0.12323821583585017,0.09684676987275177,0.0043748344871166415,0.008518779370420865,ML,AutoETS,SCP,x11 lineal,21.41498542810053,750732.0,828383.0749999965,825414.1639999992,77651.07499999632,74682.16399999916,128011.46899997178,112105.23199999823,3367727597.668233,2932120341.0875864,6,21335.24483332863,18684.205333333037,23691.516054163894,22106.25982645182,0.17051553550397716,0.14932789863759402,0.1034338152629651,0.0994791270386758,ML,AutoETS,SCP,x11 lineal,12.425634299983741,2026-07-11 11:04:33.553,0,,"
"8539,63,60,10664,1,207,Alstroemeria,Assorted,"""",,,MovingAverage12M,erratic_acceptable,erratic_acceptable_acceptable,acceptable,x11 lineal,x11 lineal,success,erratic_acceptable,COMPARABLE,1,1,1,8.0,163.0,13.0,10.0,24.0,5.0,9.653,27.695,16.557,13.117,1.9929999999999986,1.2859999999999994,12.750999999999994,12.750000000000002,12.749000000000006,5.083,5.5150000000000015,5.961000000000003,1.6530000000000005,-135.305,3.5569999999999986,3.117000000000001,-22.007,-3.7140000000000004,4.750999999999994,-150.25,-0.2509999999999941,-4.917,-18.485,0.961000000000003,1.6530000000000005,135.305,3.5569999999999986,3.117000000000001,22.007,3.7140000000000004,4.750999999999994,150.25,0.2509999999999941,4.917,18.485,0.961000000000003,2.7324090000000014,18307.443025,12.65224899999999,9.715689000000005,484.30804900000004,13.793796000000004,22.572000999999943,22575.0625,0.06300099999999705,24.176889,341.695225,0.9235210000000057,1,1,1,1,1,1,1.6530000000000005,135.305,3.5569999999999986,3.117000000000001,22.007,3.7140000000000004,4.750999999999994,150.25,0.2509999999999941,4.917,18.485,0.961000000000003,1.6530000000000005,135.305,3.5569999999999986,3.117000000000001,22.007,3.7140000000000004,4.750999999999994,150.25,0.2509999999999941,4.917,18.485,0.961000000000003,0.20662500000000006,0.8300920245398773,0.2736153846153845,0.3117000000000001,0.9169583333333334,0.7428000000000001,0.5938749999999993,0.9217791411042945,0.019307692307691856,0.49169999999999997,0.7702083333333333,0.1922000000000006,0.20662500000000006,-0.8300920245398773,0.2736153846153845,0.3117000000000001,-0.9169583333333334,-0.7428000000000001,0.5938749999999993,-0.9217791411042945,-0.019307692307691856,-0.49169999999999997,-0.7702083333333333,0.1922000000000006,SCP,SCP,ML,SCP,ML,ML,x11 lineal,x11 lineal,MovingAverage12M,x11 lineal,MovingAverage12M,MovingAverage12M,ML,ML,SCP,ML,SCP,SCP,MovingAverage12M,MovingAverage12M,x11 lineal,MovingAverage12M,x11 lineal,x11 lineal,65.20732477373178,9.946755407653912,92.9434917064944,36.607687614399005,16.003998727677573,74.12493268712971,39.0,16.396,16.559000000000005,-22.604000000000003,-22.440999999999995,28.838000000000005,24.363,507.817534,366.795635,3,9.612666666666668,8.121,13.010476983313614,11.057360067695484,0.7394358974358975,0.6246923076923077,-0.5795897435897437,-0.5754102564102563,ML,MovingAverage12M,SCP,x11 lineal,15.517719675428271,184.0,53.904999999999994,38.25,-130.09500000000003,-145.75,140.515,155.252,18322.827683,22597.697502,3,46.83833333333333,51.75066666666667,78.15119466563942,86.79035565084406,0.7636684782608695,0.8437608695652175,-0.707038043478261,-0.7921195652173914,SCP,x11 lineal,ML,MovingAverage12M,9.492309277819304,223.0,70.301,54.809000000000005,-152.699,-168.19099999999997,169.35299999999998,179.615,18830.645217,22964.493136999998,6,28.225499999999997,29.935833333333335,56.021789238652495,61.86610964682791,0.7594304932735425,0.8054484304932736,-0.6847488789237669,-0.7542197309417039,SCP,x11 lineal,ML,MovingAverage12M,5.713331291929984,2026-07-11 11:04:33.553,0,,"
8540,63,60,10664,1,208,Alstroemeria,Dark Pink,Premium,,,MovingAverage3M,lumpy_insuficient,lumpy_insuficient_insuficient,insuficient,syntetos-boylan,syntetos-boylan,success,lumpy_insuficient,COMPARABLE,1,1,1,0.0,12.0,0.0,0.0,40.0,0.0,40.00099999999999,40.00099999999999,39.99900000000003,0.0,0.0,254.99900000000022,13.333000000000023,13.332999999999991,13.333999999999985,0.0,0.0,0.0,40.00099999999999,28.00099999999999,39.99900000000003,0.0,-40.0,254.99900000000022,13.333000000000023,1.3329999999999913,13.333999999999985,0.0,-40.0,0.0,40.00099999999999,28.00099999999999,39.99900000000003,0.0,40.0,254.99900000000022,13.333000000000023,1.3329999999999913,13.333999999999985,0.0,40.0,0.0,1600.0800009999994,784.0560009999995,1599.9200010000025,0.0,1600.0,65024.490001000115,177.76888900000063,1.7768889999999768,177.7955559999996,0.0,1600.0,0.0,0,1,0,0,1,0,,28.00099999999999,,,40.0,,,1.3329999999999913,,,40.0,,,28.00099999999999,,,40.0,,,1.3329999999999913,,,40.0,,,2.333416666666666,,,1.0,,,0.1110833333333326,,,1.0,,,2.333416666666666,,,-1.0,,,0.1110833333333326,,,-1.0,,,ML,,,TIE,,,MovingAverage3M,,,,,,SCP,,,,,,syntetos-boylan,,,,,,95.23945573372382,,,0.0,,40.0,254.99900000000022,0.0,214.99900000000022,-40.0,294.99900000000025,40.0,66624.49000100011,1600.0,1,294.99900000000025,40.0,258.1172020633265,40.0,7.374975000000006,1.0,5.374975000000005,-1.0,ML,MovingAverage3M,SCP,syntetos-boylan,86.4406320021424,12.0,120.00100000000002,40.0,108.00100000000002,28.0,108.00100000000002,28.0,3984.0560030000015,357.3413340000002,1,108.00100000000002,28.0,63.119378981419025,18.903474125144303,9.000083333333334,2.3333333333333335,9.000083333333334,2.3333333333333335,ML,MovingAverage3M,SCP,syntetos-boylan,74.07431412672103,52.0,375.0000000000002,40.0,323.0000000000002,-12.0,403.0000000000002,68.0,70608.54600400012,1957.3413340000002,2,201.5000000000001,34.0,187.89431338388093,31.283712487490995,7.750000000000004,1.3076923076923077,6.211538461538466,-0.23076923076923078,ML,MovingAverage3M,SCP,syntetos-boylan,83.12655086848636,2026-07-11 11:04:33.553,0,,
8541,63,60,10664,1,209,Alstroemeria,Fall Assortment,Incredible,,,,,,,preserve current forecast,preserve current forecast,success,,NOT_COMPARABLE_MISSING_SCP_AND_ML,1,0,0,0.0,0.0,0.0,0.0,0.0,0.0,,,,,,,,,,,,,,,,,,,,,,,,,,,,,,,,,,,,,,,,,,,,,,,,,,,,,,,,,,,,,,,,,,,,,,,,,,,,,,,,,,,,,,,,,,,,,,,,,,,,,,,,,,,,,,,,,,,,,,,,,,,,,,,,,,,,,,,,,,,,,,,,,,,,,,,,,,,,,,,,,,,,,,,,,,,,,,,,,,,,,,,,,,,,,,,,,,,,,,,,,,2026-07-11 11:04:33.553,1,MissingHistory,NoForecastRowsMaterialized
8542,63,60,10664,1,210,Alstroemeria,Orange,Select,,,AutoARIMA,erratic_acceptable,erratic_acceptable_acceptable,acceptable,x11 lineal,x11 lineal,success,erratic_acceptable,COMPARABLE,1,1,1,370.0,460.0,120.0,134.0,100.0,65.0,239.99700000000078,348.2050000000025,118.04900000000016,370.32800000000327,201.67799999999846,62.952000000000176,218.50199999999955,367.0000000000009,85.50099999999964,54.572000000000074,56.38299999999987,0.0,-130.00299999999922,-111.79499999999751,-1.950999999999837,236.32800000000327,101.67799999999846,-2.047999999999824,-151.49800000000045,-92.99999999999909,-34.499000000000365,-79.42799999999993,-43.61700000000013,-65.0,130.00299999999922,111.79499999999751,1.950999999999837,236.32800000000327,101.67799999999846,2.047999999999824,151.49800000000045,92.99999999999909,34.499000000000365,79.42799999999993,43.61700000000013,65.0,16900.780008999798,12498.122024999444,3.806400999999364,55850.923584001546,10338.415683999687,4.1943039999992795,22951.644004000136,8648.99999999983,1190.1810010000252,6308.807183999988,1902.4426890000116,4225.0,1,1,1,1,1,1,130.00299999999922,111.79499999999751,1.950999999999837,236.32800000000327,101.67799999999846,2.047999999999824,151.49800000000045,92.99999999999909,34.499000000000365,79.42799999999993,43.61700000000013,65.0,130.00299999999922,111.79499999999751,1.950999999999837,236.32800000000327,101.67799999999846,2.047999999999824,151.49800000000045,92.99999999999909,34.499000000000365,79.42799999999993,43.61700000000013,65.0,0.35135945945945735,0.24303260869564677,0.016258333333331976,1.7636417910448006,1.0167799999999847,0.0315076923076896,0.40945405405405527,0.2021739130434763,0.2874916666666697,0.5927462686567159,0.43617000000000133,1.0,-0.35135945945945735,-0.24303260869564677,-0.016258333333331976,1.7636417910448006,1.0167799999999847,-0.0315076923076896,-0.40945405405405527,-0.2021739130434763,-0.2874916666666697,-0.5927462686567159,-0.43617000000000133,-1.0,SCP,ML,SCP,ML,ML,SCP,x11 lineal,AutoARIMA,x11 lineal,AutoARIMA,AutoARIMA,x11 lineal,ML,SCP,ML,SCP,SCP,ML,AutoARIMA,x11 lineal,AutoARIMA,x11 lineal,x11 lineal,AutoARIMA,14.18830611625313,16.812022004560884,94.34476361633723,66.39077891743727,57.102814768189006,96.84923076923104,299.0,634.9580000000019,110.95499999999994,335.9580000000019,-188.04500000000007,340.05400000000157,188.04500000000007,66193.53357200124,12436.249873,3,113.35133333333386,62.68166666666669,148.54127773338655,64.3849099116659,1.1373043478260922,0.6289130434782612,1.123605351170575,-0.6289130434782612,ML,AutoARIMA,SCP,x11 lineal,44.70142977291865,950.0,706.2510000000034,671.0030000000002,-243.74899999999656,-278.9969999999999,243.74899999999656,278.9969999999999,29402.708434999244,32790.82500499999,3,81.24966666666552,92.99899999999997,98.99950914861353,104.54795551165343,0.2565778947368385,0.29368105263157884,-0.2565778947368385,-0.29368105263157884,SCP,x11 lineal,ML,AutoARIMA,12.633827603882239,1249.0,1341.2090000000055,781.9580000000001,92.20900000000535,-467.042,583.8029999999981,467.042,95596.24200700047,45227.07487799999,6,97.30049999999967,77.84033333333333,126.22482719800708,86.82076832762999,0.46741633306645164,0.37393274619695754,0.07382626100881133,-0.37393274619695754,ML,AutoARIMA,SCP,x11 lineal,20.000068516262935,2026-07-11 11:04:33.553,0,,
8543,63,60,10664,1,211,Alstroemeria,White Assorted,Premium,,,SeasonalNaive,smooth_acceptable,smooth_acceptable_acceptable,acceptable,seasonal discrete,seasonal discrete,success,smooth_acceptable,COMPARABLE,1,1,1,0.0,0.0,32.0,40.0,0.0,0.0,93.59500000000021,107.49199999999988,116.69099999999989,180.46499999999978,308.98800000000017,175.63300000000007,175.999,167.27499999999944,183.99999999999994,127.99999999999977,223.9999999999999,128.67899999999975,93.59500000000021,107.49199999999988,84.69099999999989,140.46499999999978,308.98800000000017,175.63300000000007,175.999,167.27499999999944,151.99999999999994,87.99999999999977,223.9999999999999,128.67899999999975,93.59500000000021,107.49199999999988,84.69099999999989,140.46499999999978,308.98800000000017,175.63300000000007,175.999,167.27499999999944,151.99999999999994,87.99999999999977,223.9999999999999,128.67899999999975,8760.024025000039,11554.530063999973,7172.565480999981,19730.416224999935,95473.58414400011,30846.950689000023,30975.648000999998,27980.92562499981,23103.99999999998,7743.99999999996,50175.99999999995,16558.285040999934,0,0,1,1,0,0,,,84.69099999999989,140.46499999999978,,,,,151.99999999999994,87.99999999999977,,,,,84.69099999999989,140.46499999999978,,,,,151.99999999999994,87.99999999999977,,,,,2.6465937499999965,3.5116249999999942,,,,,4.749999999999998,2.1999999999999944,,,,,2.6465937499999965,3.5116249999999942,,,,,4.749999999999998,2.1999999999999944,,,,,SCP,ML,,,,,seasonal discrete,SeasonalNaive,,,,,ML,SCP,,,,,SeasonalNaive,seasonal discrete,,,,,44.28223684210531,37.35094151568012,,,40.0,665.086,480.6789999999994,625.086,440.6789999999994,625.086,440.6789999999994,146050.95105800006,74478.28504099984,1,625.086,440.6789999999994,382.1661301816267,272.90709965297685,15.62715,11.016974999999984,15.62715,11.016974999999984,ML,SeasonalNaive,SCP,seasonal discrete,29.5010606540541,32.0,317.77799999999996,527.2739999999994,285.77799999999996,495.27399999999943,285.77799999999996,495.27399999999943,27487.11956999999,82060.5736259998,1,285.77799999999996,495.27399999999943,165.79239901153488,286.46216787911067,8.930562499999999,15.477312499999982,8.930562499999999,15.477312499999982,SCP,seasonal discrete,ML,SeasonalNaive,42.299010244834115,72.0,982.864,1007.9529999999988,910.864,935.9529999999988,910.864,935.9529999999988,173538.07062800007,156538.85866699964,2,455.432,467.9764999999994,294.5658420693072,279.76674093519375,12.65088888888889,12.999347222222205,12.65088888888889,12.999347222222205,SCP,seasonal discrete,ML,SeasonalNaive,2.6805833198887927,2026-07-11 11:04:33.553,0,,
8544,63,60,10664,1,212,Anthurium,Coral,Medium,,,,,,,preserve current forecast,preserve current forecast,success,,NOT_COMPARABLE_MISSING_SCP_AND_ML,1,0,0,0.0,0.0,0.0,0.0,0.0,0.0,,,,,,,,,,,,,,,,,,,,,,,,,,,,,,,,,,,,,,,,,,,,,,,,,,,,,,,,,,,,,,,,,,,,,,,,,,,,,,,,,,,,,,,,,,,,,,,,,,,,,,,,,,,,,,,,,,,,,,,,,,,,,,,,,,,,,,,,,,,,,,,,,,,,,,,,,,,,,,,,,,,,,,,,,,,,,,,,,,,,,,,,,,,,,,,,,,,,,,,,,,2026-07-11 11:04:33.553,1,MissingHistory,NoForecastRowsMaterialized
8545,63,60,10664,1,213,Anthurium,Dark Red,Medium,,,AutoARIMA,smooth_acceptable,smooth_acceptable_acceptable,acceptable,x11 lineal,x11 lineal,success,smooth_acceptable,COMPARABLE,1,1,1,250.0,430.0,440.0,409.0,289.0,369.0,473.30000000000035,275.5170000000005,365.374,408.43499999999983,592.1340000000014,406.25999999999976,470.4330000000003,396.95600000000064,443.47800000000086,190.0000000000001,300.0000000000004,199.99900000000042,223.30000000000035,-154.4829999999995,-74.62599999999998,-0.5650000000001683,303.1340000000014,37.25999999999976,220.43300000000028,-33.04399999999936,3.4780000000008613,-218.9999999999999,11.000000000000398,-169.00099999999958,223.30000000000035,154.4829999999995,74.62599999999998,0.5650000000001683,303.1340000000014,37.25999999999976,220.43300000000028,33.04399999999936,3.4780000000008613,218.9999999999999,11.000000000000398,169.00099999999958,49862.89000000016,23864.997288999843,5569.039875999996,0.3192250000001901,91890.22195600084,1388.3075999999824,48590.707489000124,1091.9059359999576,12.096484000005992,47960.99999999995,121.00000000000875,28561.33800099986,1,1,1,1,1,1,223.30000000000035,154.4829999999995,74.62599999999998,0.5650000000001683,303.1340000000014,37.25999999999976,220.43300000000028,33.04399999999936,3.4780000000008613,218.9999999999999,11.000000000000398,169.00099999999958,223.30000000000035,154.4829999999995,74.62599999999998,0.5650000000001683,303.1340000000014,37.25999999999976,220.43300000000028,33.04399999999936,3.4780000000008613,218.9999999999999,11.000000000000398,169.00099999999958,0.8932000000000014,0.35926279069767325,0.1696045454545454,0.0013814180929099468,1.0489065743944685,0.10097560975609692,0.8817320000000011,0.07684651162790548,0.007904545454547413,0.535452322738386,0.038062283737025596,0.45799728997289857,0.8932000000000014,-0.35926279069767325,-0.1696045454545454,-0.0013814180929099468,1.0489065743944685,0.10097560975609692,0.8817320000000011,-0.07684651162790548,0.007904545454547413,-0.535452322738386,0.038062283737025596,-0.45799728997289857,ML,ML,ML,SCP,ML,SCP,AutoARIMA,AutoARIMA,AutoARIMA,x11 lineal,AutoARIMA,x11 lineal,SCP,SCP,SCP,ML,SCP,ML,x11 lineal,x11 lineal,x11 lineal,AutoARIMA,x11 lineal,AutoARIMA,1.283922973578185,78.60994413624834,95.33942593733971,99.74200913242002,96.37124176106924,77.95279317873866,1067.0,1406.829000000001,689.9990000000009,339.829000000001,-377.00099999999907,340.9590000000013,399.00099999999986,93278.84878100082,76643.33800099982,3,113.65300000000043,133.0003333333333,176.3319301591942,159.8367271113451,0.3195492033739469,0.37394657919400176,0.3184901593252118,-0.3533280224929701,SCP,x11 lineal,ML,AutoARIMA,14.546830709697112,1120.0,1114.191000000001,1310.8670000000018,-5.808999999999116,190.86700000000178,452.4089999999998,256.9550000000005,79296.927165,49694.709909000085,3,150.80299999999994,85.65166666666683,162.5801619355818,128.70471360055166,0.403936607142857,0.22942410714285758,-0.005186607142856354,0.17041696428571587,ML,AutoARIMA,SCP,x11 lineal,43.2029424701983,2187.0,2521.020000000002,2000.866000000003,334.02000000000186,-186.1339999999973,793.3680000000011,655.9560000000004,172575.7759460008,126338.0479099999,6,132.22800000000018,109.32600000000006,169.5954873348152,145.10803326602328,0.36276543209876594,0.299934156378601,0.15272976680384173,-0.08510928212162656,ML,AutoARIMA,SCP,x11 lineal,17.320083492149994,2026-07-11 11:04:33.553,0,,
8546,63,60,10664,1,215,Anthurium,Peach,Medium,,,AutoARIMA,smooth_acceptable,smooth_acceptable_acceptable,acceptable,seasonal discrete,seasonal discrete,success,smooth_acceptable,COMPARABLE,1,1,1,140.0,104.0,110.0,160.0,72.0,210.0,202.97900000000007,181.10100000000014,170.10800000000012,47.33400000000002,63.421,55.980000000000004,179.99999999999991,180.00099999999995,180.00000000000028,90.31800000000005,101.57599999999995,122.20100000000008,62.97900000000007,77.10100000000014,60.10800000000012,-112.66599999999998,-8.579,-154.01999999999998,39.999999999999915,76.00099999999995,70.00000000000028,-69.68199999999995,29.57599999999995,-87.79899999999992,62.97900000000007,77.10100000000014,60.10800000000012,112.66599999999998,8.579,154.01999999999998,39.999999999999915,76.00099999999995,70.00000000000028,69.68199999999995,29.57599999999995,87.79899999999992,3966.354441000009,5944.564201000022,3612.9716640000142,12693.627555999996,73.599241,23722.160399999993,1599.9999999999932,5776.152000999992,4900.00000000004,4855.581123999992,874.739775999997,7708.664400999986,1,1,1,1,1,1,62.97900000000007,77.10100000000014,60.10800000000012,112.66599999999998,8.579,154.01999999999998,39.999999999999915,76.00099999999995,70.00000000000028,69.68199999999995,29.57599999999995,87.79899999999992,62.97900000000007,77.10100000000014,60.10800000000012,112.66599999999998,8.579,154.01999999999998,39.999999999999915,76.00099999999995,70.00000000000028,69.68199999999995,29.57599999999995,87.79899999999992,0.4498500000000005,0.7413557692307706,0.5464363636363647,0.7041624999999999,0.11915277777777779,0.7334285714285713,0.2857142857142851,0.7307788461538457,0.6363636363636389,0.43551249999999964,0.4107777777777771,0.4180904761904758,0.4498500000000005,0.7413557692307706,0.5464363636363647,-0.7041624999999999,-0.11915277777777779,-0.7334285714285713,0.2857142857142851,0.7307788461538457,0.6363636363636389,-0.43551249999999964,0.4107777777777771,-0.4180904761904758,ML,ML,SCP,ML,SCP,ML,AutoARIMA,AutoARIMA,seasonal discrete,AutoARIMA,seasonal discrete,AutoARIMA,SCP,SCP,ML,SCP,ML,SCP,seasonal discrete,seasonal discrete,AutoARIMA,seasonal discrete,AutoARIMA,seasonal discrete,36.48676542974664,1.4267000428012482,14.131428571428744,38.15170503967483,70.99337300513925,42.995065575899275,442.0,166.735,314.0950000000001,-275.265,-127.90499999999992,275.265,187.05699999999982,36489.38719699999,13438.985300999975,3,91.755,62.35233333333327,110.2865769967799,66.93027541404555,0.6227714932126697,0.42320588235294077,-0.6227714932126697,-0.28937782805429846,ML,AutoARIMA,SCP,seasonal discrete,32.04475687065198,354.0,554.1880000000003,540.0010000000001,200.18800000000033,186.00100000000015,200.18800000000033,186.00100000000015,13523.890306000045,12276.152001000024,3,66.72933333333344,62.00033333333338,67.14136903082442,63.96913839501051,0.565502824858758,0.5254265536723168,0.565502824858758,0.5254265536723168,ML,AutoARIMA,SCP,seasonal discrete,7.0868383719304635,796.0,720.9230000000005,854.0960000000002,-75.07699999999963,58.09600000000023,475.4530000000003,373.058,50013.277503000034,25715.137302000003,6,79.24216666666672,62.17633333333333,91.29921275947567,65.46645107992337,0.5973027638190959,0.46866582914572863,-0.09431783919597943,0.07298492462311587,ML,AutoARIMA,SCP,seasonal discrete,21.536303272878758,2026-07-11 11:04:33.553,0,,
"8547,63,60,10664,1,216,Anthurium,White,"""",,,,,,,copy last year,copy last year,success,,NOT_COMPARABLE_MISSING_SCP_AND_ML,1,0,0,0.0,-48.0,48.0,0.0,0.0,0.0,,,,,,,,,,,,,,,,,,,,,,,,,,,,,,,,,,,,,,,,,,,,,,,,,,,,,,,,,,,,,,,,,,,,,,,,,,,,,,,,,,,,,,,,,,,,,,,,,,,,,,,,,,,,,,,,,,,,,,,,,,,,,,,,,,,,,,,,,,,,,,,,,,,,,,,,,,,,,,,,,,,,,,,,,,,,,,,,,,,,,,,,,,,,,,,,,,,,,,,,,,2026-07-11 11:04:33.553,1,ShortSeries,NoForecastRowsMaterialized"
8548,63,60,10664,1,217,Anthurium,White,Small,,,AutoETS,smooth_acceptable,smooth_acceptable_acceptable,acceptable,x11 lineal,x11 lineal,success,smooth_acceptable,COMPARABLE,1,1,1,480.0,600.0,687.0,477.0,270.0,225.0,613.8610000000001,555.2450000000009,411.7050000000012,234.47199999999992,522.2640000000013,482.2529999999988,596.987999999999,497.46699999999925,474.15499999999986,456.7520000000001,549.3270000000001,557.1320000000004,133.8610000000001,-44.754999999999086,-275.2949999999988,-242.52800000000008,252.26400000000126,257.2529999999988,116.98799999999903,-102.53300000000075,-212.84500000000014,-20.247999999999877,279.3270000000001,332.1320000000004,133.8610000000001,44.754999999999086,275.2949999999988,242.52800000000008,252.26400000000126,257.2529999999988,116.98799999999903,102.53300000000075,212.84500000000014,20.247999999999877,279.3270000000001,332.1320000000004,17918.76732100003,2003.0100249999182,75787.33702499935,58819.830784000034,63637.125696000636,66179.10600899938,13686.192143999773,10513.016089000155,45302.99402500006,409.981503999995,78023.57292900006,110311.66542400027,1,1,1,1,1,1,133.8610000000001,44.754999999999086,275.2949999999988,242.52800000000008,252.26400000000126,257.2529999999988,116.98799999999903,102.53300000000075,212.84500000000014,20.247999999999877,279.3270000000001,332.1320000000004,133.8610000000001,44.754999999999086,275.2949999999988,242.52800000000008,252.26400000000126,257.2529999999988,116.98799999999903,102.53300000000075,212.84500000000014,20.247999999999877,279.3270000000001,332.1320000000004,0.27887708333333355,0.07459166666666514,0.40072052401746555,0.5084444444444446,0.9343111111111158,1.1433466666666614,0.243724999999998,0.17088833333333459,0.30981804949053876,0.04244863731656159,1.034544444444445,1.476142222222224,0.27887708333333355,-0.07459166666666514,-0.40072052401746555,-0.5084444444444446,0.9343111111111158,1.1433466666666614,0.243724999999998,-0.17088833333333459,-0.30981804949053876,-0.04244863731656159,1.034544444444445,1.476142222222224,ML,SCP,ML,ML,SCP,SCP,AutoETS,x11 lineal,AutoETS,AutoETS,x11 lineal,x11 lineal,SCP,ML,SCP,SCP,ML,ML,x11 lineal,AutoETS,x11 lineal,x11 lineal,AutoETS,AutoETS,12.604866241848672,56.35063833107511,22.684756352276274,91.65127325504689,9.688644491939149,22.5449520070338,972.0,1238.989,1563.2110000000007,266.989,591.2110000000007,752.0450000000001,631.7070000000003,188636.06248900003,188745.2198570003,3,250.6816666666667,210.5690000000001,250.7562312213464,250.82877284248465,0.7737088477366256,0.6499043209876547,0.27468004115226335,0.6082417695473258,ML,AutoETS,SCP,x11 lineal,16.001436084276833,1767.0,1580.8110000000022,1568.6099999999983,-186.1889999999978,-198.39000000000186,453.910999999998,432.36599999999993,95709.1143709993,69502.20225799999,3,151.303666666666,144.12199999999999,178.61421590586355,152.20841222700756,0.2568822863610628,0.24468930390492355,-0.1053701188454996,-0.11227504244482278,ML,AutoETS,SCP,x11 lineal,4.746525199873579,2739.0,2819.8000000000025,3131.820999999999,80.80000000000217,392.8209999999988,1205.955999999998,1064.0730000000003,284345.17685999937,258247.4221150003,6,200.99266666666634,177.34550000000004,217.69442530758545,207.46382098854423,0.44029061701350786,0.3884895947426069,0.029499817451625474,0.14341767068273048,ML,AutoETS,SCP,x11 lineal,11.765188779689966,2026-07-11 11:04:33.553,0,,
"8549,63,60,10664,1,218,Protea,Orange Light,"""",,,MovingAverage3M,intermittent_insuficient,intermittent_insuficient_insuficient,insuficient,syntetos-boylan,syntetos-boylan,success,intermittent_insuficient,COMPARABLE,1,1,1,148.0,371.0,129.0,62.0,0.0,0.0,0.0,0.0,249.99900000000005,0.0,0.0,249.99900000000002,20.666000000000004,20.666999999999998,20.666999999999998,0.0,0.0,0.0,-148.0,-371.0,120.99900000000005,-62.0,0.0,249.99900000000002,-127.334,-350.333,-108.333,-62.0,0.0,0.0,148.0,371.0,120.99900000000005,62.0,0.0,249.99900000000002,127.334,350.333,108.333,62.0,0.0,0.0,21904.0,137641.0,14640.758001000013,3844.0,0.0,62499.500001000015,16213.947556000001,122733.21088900002,11736.038889,3844.0,0.0,0.0,1,1,1,1,0,0,148.0,371.0,120.99900000000005,62.0,,,127.334,350.333,108.333,62.0,,,148.0,371.0,120.99900000000005,62.0,,,127.334,350.333,108.333,62.0,,,1.0,1.0,0.9379767441860469,1.0,,,0.8603648648648649,0.9442938005390836,0.8397906976744186,1.0,,,-1.0,-1.0,0.9379767441860469,-1.0,,,-0.8603648648648649,-0.9442938005390836,-0.8397906976744186,-1.0,,,ML,ML,ML,TIE,,,MovingAverage3M,MovingAverage3M,MovingAverage3M,,,,SCP,SCP,SCP,,,,syntetos-boylan,syntetos-boylan,syntetos-boylan,,,,13.963513513513515,5.570619946091638,10.467855106240586,0.0,,,62.0,249.99900000000002,0.0,187.99900000000002,-62.0,311.999,62.0,66343.50000100001,3844.0,1,311.999,62.0,257.5723199433511,62.0,5.032241935483872,1.0,3.032241935483871,-1.0,ML,MovingAverage3M,SCP,syntetos-boylan,80.12814143635076,648.0,249.99900000000005,62.0,-398.001,-586.0,639.999,586.0,174185.758001,150683.19733400003,3,213.333,195.33333333333334,240.96041030357387,224.1154444581334,0.9876527777777778,0.904320987654321,-0.614199074074074,-0.904320987654321,ML,MovingAverage3M,SCP,syntetos-boylan,8.43735693337021,710.0,499.99800000000005,62.0,-210.00199999999995,-648.0,951.998,648.0,240529.25800200002,154527.19733400003,4,237.9995,162.0,245.2189113842976,196.54973755642618,1.3408422535211268,0.9126760563380282,-0.29577746478873235,-0.9126760563380282,ML,MovingAverage3M,SCP,syntetos-boylan,31.932630110567462,2026-07-11 11:04:33.553,0,,"
"8550,63,60,10664,1,219,Protea,Pink,"""",,,MovingAverage3M,erratic_acceptable,erratic_acceptable_acceptable,acceptable,x11 lineal,x11 lineal,success,erratic_acceptable,COMPARABLE,1,1,1,204.0,139.0,244.0,265.0,876.0,273.0,134.01999999999984,296.7069999999967,407.573999999997,838.8590000000011,1218.8410000000106,288.7939999999987,482.000000000002,482.0000000000023,481.99900000000486,152.40499999999923,202.41999999999922,252.42999999999995,-69.98000000000016,157.7069999999967,163.573999999997,573.8590000000011,342.8410000000106,15.793999999998675,278.000000000002,343.0000000000023,237.99900000000486,-112.59500000000077,-673.5800000000008,-20.57000000000005,69.98000000000016,157.7069999999967,163.573999999997,573.8590000000011,342.8410000000106,15.793999999998675,278.000000000002,343.0000000000023,237.99900000000486,112.59500000000077,673.5800000000008,20.57000000000005,4897.2004000000225,24871.49784899896,26756.45347599902,329314.1518810012,117539.95128100725,249.45043599995816,77284.0000000011,117649.00000000156,56643.52400100231,12677.634025000172,453710.0164000011,423.12490000000207,1,1,1,1,1,1,69.98000000000016,157.7069999999967,163.573999999997,573.8590000000011,342.8410000000106,15.793999999998675,278.000000000002,343.0000000000023,237.99900000000486,112.59500000000077,673.5800000000008,20.57000000000005,69.98000000000016,157.7069999999967,163.573999999997,573.8590000000011,342.8410000000106,15.793999999998675,278.000000000002,343.0000000000023,237.99900000000486,112.59500000000077,673.5800000000008,20.57000000000005,0.3430392156862753,1.134582733812926,0.6703852459016271,2.1655056603773626,0.39137100456622215,0.057853479853475,1.3627450980392255,2.4676258992805917,0.9754057377049379,0.42488679245283306,0.7689269406392704,0.07534798534798554,-0.3430392156862753,1.134582733812926,0.6703852459016271,2.1655056603773626,0.39137100456622215,0.057853479853475,1.3627450980392255,2.4676258992805917,0.9754057377049379,-0.42488679245283306,-0.7689269406392704,-0.07534798534798554,SCP,SCP,SCP,ML,SCP,SCP,x11 lineal,x11 lineal,x11 lineal,MovingAverage3M,x11 lineal,x11 lineal,ML,ML,ML,SCP,ML,ML,MovingAverage3M,MovingAverage3M,MovingAverage3M,x11 lineal,MovingAverage3M,MovingAverage3M,74.82733812949652,54.02128279883508,31.271139794707675,80.37932662901504,49.10166572641555,23.21827904716269,1414.0,2346.4940000000106,607.2549999999984,932.4940000000104,-806.7450000000017,932.4940000000104,806.7450000000017,447103.5535980084,466810.7753250013,3,310.8313333333368,268.9150000000006,386.0498903846533,394.4662111955857,0.6594724186704458,0.5705410183875542,0.6594724186704458,-0.5705410183875542,ML,MovingAverage3M,SCP,x11 lineal,13.485234221346982,587.0,838.3009999999936,1445.9990000000091,251.30099999999354,858.9990000000091,391.2609999999938,858.9990000000091,56525.151724998,251576.524001005,3,130.42033333333129,286.33300000000304,137.2651348364398,289.5839106954465,0.6665434412265653,1.463371379897801,0.4281107325383195,1.463371379897801,SCP,x11 lineal,ML,MovingAverage3M,54.45151856987148,2001.0,3184.7950000000037,2053.2540000000076,1183.795000000004,52.25400000000752,1323.7550000000042,1665.7440000000106,503628.70532300643,718387.2993260063,6,220.62583333333404,277.6240000000018,289.72075789255143,346.02198854167403,0.6615467266366838,0.8324557721139483,0.5916016991504267,0.026113943028489517,SCP,x11 lineal,ML,MovingAverage3M,20.530705798730423,2026-07-11 11:04:33.553,0,,"
"8551,63,60,10664,1,220,Protea,Pink with black,"""",,,,,,,preserve current forecast,preserve current forecast,success,,NOT_COMPARABLE_MISSING_SCP_AND_ML,1,0,0,0.0,0.0,0.0,0.0,0.0,0.0,,,,,,,,,,,,,,,,,,,,,,,,,,,,,,,,,,,,,,,,,,,,,,,,,,,,,,,,,,,,,,,,,,,,,,,,,,,,,,,,,,,,,,,,,,,,,,,,,,,,,,,,,,,,,,,,,,,,,,,,,,,,,,,,,,,,,,,,,,,,,,,,,,,,,,,,,,,,,,,,,,,,,,,,,,,,,,,,,,,,,,,,,,,,,,,,,,,,,,,,,,2026-07-11 11:04:33.553,1,MissingHistory,NoForecastRowsMaterialized"
"8552,63,60,10664,1,221,Protea,Red,""50-60cm"",,,,,,,preserve current forecast,preserve current forecast,success,,NOT_COMPARABLE_MISSING_SCP_AND_ML,1,0,0,0.0,0.0,0.0,0.0,0.0,0.0,,,,,,,,,,,,,,,,,,,,,,,,,,,,,,,,,,,,,,,,,,,,,,,,,,,,,,,,,,,,,,,,,,,,,,,,,,,,,,,,,,,,,,,,,,,,,,,,,,,,,,,,,,,,,,,,,,,,,,,,,,,,,,,,,,,,,,,,,,,,,,,,,,,,,,,,,,,,,,,,,,,,,,,,,,,,,,,,,,,,,,,,,,,,,,,,,,,,,,,,,,2026-07-11 11:04:33.553,1,MissingHistory,NoForecastRowsMaterialized"
"8553,63,60,10664,1,222,Protea,Red/Green,""65cm"",,,,,,,preserve current forecast,preserve current forecast,success,,NOT_COMPARABLE_MISSING_SCP_AND_ML,1,0,0,0.0,0.0,0.0,0.0,0.0,0.0,,,,,,,,,,,,,,,,,,,,,,,,,,,,,,,,,,,,,,,,,,,,,,,,,,,,,,,,,,,,,,,,,,,,,,,,,,,,,,,,,,,,,,,,,,,,,,,,,,,,,,,,,,,,,,,,,,,,,,,,,,,,,,,,,,,,,,,,,,,,,,,,,,,,,,,,,,,,,,,,,,,,,,,,,,,,,,,,,,,,,,,,,,,,,,,,,,,,,,,,,,2026-07-11 11:04:33.553,1,MissingHistory,NoForecastRowsMaterialized"
"8554,63,60,10664,1,223,Protea,Silver,"""",,,MovingAverage3M,lumpy_insuficient,lumpy_insuficient_insuficient,insuficient,seasonal discrete,seasonal discrete,success,lumpy_insuficient,COMPARABLE,1,1,1,23.0,43.0,16.0,26.0,0.0,0.0,0.0,0.0,0.0,0.0,1.0,1.0,8.667,8.666,8.666,0.23199999999999998,0.232,0.23299999999999998,-23.0,-43.0,-16.0,-26.0,1.0,1.0,-14.333,-34.334,-7.334,-25.768,0.232,0.23299999999999998,23.0,43.0,16.0,26.0,1.0,1.0,14.333,34.334,7.334,25.768,0.232,0.23299999999999998,529.0,1849.0,256.0,676.0,1.0,1.0,205.434889,1178.8235560000003,53.787555999999995,663.989824,0.053824000000000004,0.05428899999999999,1,1,1,1,0,0,23.0,43.0,16.0,26.0,,,14.333,34.334,7.334,25.768,,,23.0,43.0,16.0,26.0,,,14.333,34.334,7.334,25.768,,,1.0,1.0,1.0,1.0,,,0.6231739130434782,0.7984651162790698,0.458375,0.9910769230769231,,,-1.0,-1.0,-1.0,-1.0,,,-0.6231739130434782,-0.7984651162790698,-0.458375,-0.9910769230769231,,,ML,ML,ML,ML,,,MovingAverage3M,MovingAverage3M,MovingAverage3M,MovingAverage3M,,,SCP,SCP,SCP,SCP,,,seasonal discrete,seasonal discrete,seasonal discrete,seasonal discrete,,,37.68260869565218,20.15348837209302,54.1625,0.8923076923076922,,,26.0,2.0,0.697,-24.0,-25.303,28.0,26.233,678.0,664.097937,1,28.0,26.233,26.038433132583073,25.770097729733195,1.0769230769230769,1.0089615384615385,-0.9230769230769231,-0.9731923076923077,ML,MovingAverage3M,SCP,seasonal discrete,6.310714285714281,82.0,0.0,25.999000000000002,-82.0,-56.001000000000005,82.0,56.001000000000005,2634.0,1438.0460010000002,3,27.333333333333332,18.667,29.631064780058107,21.894032680161963,1.0,0.682939024390244,-1.0,-0.682939024390244,ML,MovingAverage3M,SCP,seasonal discrete,31.7060975609756,108.0,2.0,26.695999999999998,-106.0,-81.304,110.0,82.23400000000001,3312.0,2102.1439380000006,4,27.5,20.558500000000002,28.77498913987632,22.924571631766646,1.0185185185185186,0.7614259259259261,-0.9814814814814815,-0.7528148148148148,ML,MovingAverage3M,SCP,seasonal discrete,25.241818181818175,2026-07-11 11:04:33.553,0,,NoForecastRowsMaterialized"
"8555,63,60,10664,1,224,Roses,Orange,"""",,,,,,,copy last year,copy last year,success,,NOT_COMPARABLE_MISSING_SCP_AND_ML,1,0,0,0.0,0.0,0.0,0.0,0.0,0.0,,,,,,,,,,,,,,,,,,,,,,,,,,,,,,,,,,,,,,,,,,,,,,,,,,,,,,,,,,,,,,,,,,,,,,,,,,,,,,,,,,,,,,,,,,,,,,,,,,,,,,,,,,,,,,,,,,,,,,,,,,,,,,,,,,,,,,,,,,,,,,,,,,,,,,,,,,,,,,,,,,,,,,,,,,,,,,,,,,,,,,,,,,,,,,,,,,,,,,,,,,2026-07-11 11:04:33.553,1,ShortSeries,NoForecastRowsMaterialized"
"8556,63,60,10664,1,225,Roses,Pink Hot,""60cm"",,,AutoETS,smooth_acceptable,smooth_acceptable_acceptable,acceptable,x11 lineal,x11 lineal,success,smooth_acceptable,COMPARABLE,1,1,1,12854.0,46549.0,28332.0,26581.0,34956.0,16020.0,21016.16199999982,47142.84899999999,24877.702999999983,17111.18400000056,36649.569999999396,14879.458000000044,23649.66500000023,50622.372999999956,27967.200000000674,22738.933999999805,38601.9239999988,18050.2719999996,8162.161999999818,593.8489999999874,-3454.297000000017,-9469.815999999439,1693.5699999993958,-1140.5419999999558,10795.66500000023,4073.372999999956,-364.79999999932625,-3842.0660000001953,3645.9239999987985,2030.2719999996007,8162.161999999818,593.8489999999874,3454.297000000017,9469.815999999439,1693.5699999993958,1140.5419999999558,10795.66500000023,4073.372999999956,364.79999999932625,3842.0660000001953,3645.9239999987985,2030.2719999996007,66620888.51424103,352656.63480098505,11932167.764209116,89677415.07384537,2868179.3448979533,1300836.0537638993,116546382.79222997,16592367.59712864,133079.03999950842,14761471.148357501,13292761.81376724,4122004.3939823783,1,1,1,1,1,1,8162.161999999818,593.8489999999874,3454.297000000017,9469.815999999439,1693.5699999993958,1140.5419999999558,10795.66500000023,4073.372999999956,364.79999999932625,3842.0660000001953,3645.9239999987985,2030.2719999996007,8162.161999999818,593.8489999999874,3454.297000000017,9469.815999999439,1693.5699999993958,1140.5419999999558,10795.66500000023,4073.372999999956,364.79999999932625,3842.0660000001953,3645.9239999987985,2030.2719999996007,0.634990042010255,0.012757502846462597,0.1219221022165755,0.3562625935818607,0.04844862112368108,0.07119488139824942,0.8398681344328792,0.0875072074588059,0.012875900042331153,0.14454181558256632,0.10430037761754202,0.12673358302119855,0.634990042010255,0.012757502846462597,-0.1219221022165755,-0.3562625935818607,0.04844862112368108,-0.07119488139824942,0.8398681344328792,0.0875072074588059,-0.012875900042331153,-0.14454181558256632,0.10430037761754202,0.12673358302119855,SCP,SCP,ML,ML,SCP,SCP,x11 lineal,x11 lineal,AutoETS,AutoETS,x11 lineal,x11 lineal,ML,ML,SCP,SCP,ML,ML,AutoETS,AutoETS,x11 lineal,x11 lineal,AutoETS,AutoETS,24.394078549124636,85.4211976168155,89.43924045907679,59.42829301012371,53.54894945698392,43.82319216340569,77557.0,68640.212,79391.1299999982,-8916.787999999999,1834.1299999982039,12303.92799999879,9518.261999998595,93846430.47250722,32176237.356107116,3,4101.30933333293,3172.7539999995315,5593.04420605056,3274.9675497683493,0.1586436814213906,0.12272602086205751,-0.11497076988537461,0.023648800237221705,ML,AutoETS,SCP,x11 lineal,22.640460834950186,87735.0,93036.71399999979,102239.23800000086,5301.713999999789,14504.23800000086,12210.307999999823,15233.837999999512,78905712.91325113,133271829.42935811,3,4070.1026666666075,5077.945999999837,5128.538222965394,6665.1288917109005,0.13917259930472242,0.1736346725936002,0.060428722858605906,0.16531872114892415,SCP,x11 lineal,ML,AutoETS,19.847460633359677,165292.0,161676.9259999998,181630.36799999906,-3615.0740000002097,16338.367999999064,24514.235999998615,24752.099999998107,172752143.38575834,165448066.78546527,6,4085.705999999769,4125.349999999685,5365.819965077694,5251.159662167734,0.14830866587613808,0.14974771918785001,-0.021870834644146176,0.09884548556493396,SCP,x11 lineal,ML,AutoETS,0.9609851285325549,2026-07-11 11:04:33.553,0,,"
"8557,63,60,10664,1,226,Roses,Salmon,""40-60cm"",,,MovingAverage3M,intermittent_acceptable,intermittent_acceptable_acceptable,acceptable,preserve current forecast,preserve current forecast,success,intermittent_acceptable,NOT_COMPARABLE_NO_HISTORY,1,1,1,0.0,0.0,0.0,0.0,0.0,0.0,0.0,0.0,132.0,0.0,0.0,132.0,0.0,0.0,0.0,0.0,0.0,0.0,,,,,,,,,,,,,,,,,,,,,,,,,,,,,,,,,,,,,,,,,,,,,,,,,,,,,,,,,,,,,,,,,,,,,,,,,,,,,,,,,,,,,,,,,,,,,,,,,,,,,,,,,,,,,,,,,,,,,,,,,,,,,,,,,,,,,,,,,,,,,,,,,,,,,,,,,,,,,,,,,,,,,,,,,,,,,,,,,,,,,,,,,,,,,,2026-07-11 11:04:33.553,0,,"
8558,63,60,10664,1,227,Alstroemeria,Pink,Premium,,,AutoARIMA,erratic_acceptable,erratic_acceptable_acceptable,acceptable,x11 lineal,x11 lineal,success,erratic_acceptable,COMPARABLE,1,1,1,1308.0,2996.0,2289.0,1828.0,2084.0,1352.0,1077.3800000000128,2153.0199999999254,1629.0700000000018,897.7150000000097,1135.2570000000032,813.4149999999984,1875.9979999999784,2393.0009999999984,2058.0009999999997,541.9000000000077,563.4920000000069,621.6029999999984,-230.61999999998716,-842.9800000000746,-659.9299999999982,-930.2849999999903,-948.7429999999968,-538.5850000000016,567.9979999999784,-602.9990000000016,-230.99900000000025,-1286.0999999999922,-1520.507999999993,-730.3970000000016,230.61999999998716,842.9800000000746,659.9299999999982,930.2849999999903,948.7429999999968,538.5850000000016,567.9979999999784,602.9990000000016,230.99900000000025,1286.0999999999922,1520.507999999993,730.3970000000016,53185.58439999408,710615.2804001258,435507.6048999977,865430.1812249819,900113.2800489939,290073.80222500174,322621.7280039755,363607.7940010019,53360.53800100012,1654053.20999998,2311944.578063979,533479.7776090024,1,1,1,1,1,1,230.61999999998716,842.9800000000746,659.9299999999982,930.2849999999903,948.7429999999968,538.5850000000016,567.9979999999784,602.9990000000016,230.99900000000025,1286.0999999999922,1520.507999999993,730.3970000000016,230.61999999998716,842.9800000000746,659.9299999999982,930.2849999999903,948.7429999999968,538.5850000000016,567.9979999999784,602.9990000000016,230.99900000000025,1286.0999999999922,1520.507999999993,730.3970000000016,0.1763149847094703,0.28136849132178726,0.2883049366535597,0.5089086433260341,0.4552509596928967,0.39836168639053376,0.43424923547398964,0.20126802403204327,0.10091699432066416,0.7035557986870854,0.729610364683298,0.5402344674556225,-0.1763149847094703,-0.28136849132178726,-0.2883049366535597,-0.5089086433260341,-0.4552509596928967,-0.39836168639053376,0.43424923547398964,-0.20126802403204327,-0.10091699432066416,-0.7035557986870854,-0.729610364683298,-0.5402344674556225,SCP,ML,ML,SCP,SCP,SCP,x11 lineal,AutoARIMA,AutoARIMA,x11 lineal,x11 lineal,x11 lineal,ML,SCP,SCP,ML,ML,ML,AutoARIMA,x11 lineal,x11 lineal,AutoARIMA,AutoARIMA,AutoARIMA,59.39774435825551,28.468172435888366,64.99643901625916,27.666200139958313,37.603550918508745,26.261334589271257,5264.0,2846.3870000000115,1726.995000000013,-2417.6129999999885,-3537.004999999987,2417.6129999999885,3537.004999999987,2055617.2634989773,4499477.565672961,3,805.8709999999961,1179.0016666666622,827.7715593686818,1224.6737750210546,0.45927298632218627,0.6719234422492376,-0.45927298632218627,-0.6719234422492376,SCP,x11 lineal,ML,AutoARIMA,31.648018592000927,6593.0,4859.46999999994,6326.999999999977,-1733.53000000006,-266.0000000000234,1733.53000000006,1401.9959999999803,1199308.4697001176,739590.0600059775,3,577.8433333333534,467.33199999999346,632.2732715369511,496.5178949463881,0.26293493098742,0.2126491733656879,-0.26293493098742,-0.04034582132565197,ML,AutoARIMA,SCP,x11 lineal,19.124791610186627,11857.0,7705.856999999952,8053.994999999989,-4151.143000000049,-3803.00500000001,4151.143000000049,4939.000999999967,3254925.733199095,5239067.625678939,6,691.8571666666749,823.1668333333278,736.5375904866289,934.4399058329843,0.35010061567007245,0.4165472716538725,-0.35010061567007245,-0.32073922577380537,SCP,x11 lineal,ML,AutoARIMA,15.951768383928707,2026-07-11 11:04:33.553,0,,
8559,63,60,10664,1,230,Anthurium,Assorted,Large,,,AutoARIMA,smooth_acceptable,smooth_acceptable_acceptable,acceptable,seasonal discrete,seasonal discrete,success,smooth_acceptable,COMPARABLE,1,1,1,0.0,0.0,0.0,0.0,60.0,0.0,10.851999999999999,11.315000000000001,21.243000000000006,12.876999999999999,14.867,18.75,17.599,17.596999999999998,17.598,36.362,36.362,36.362,10.851999999999999,11.315000000000001,21.243000000000006,12.876999999999999,-45.132999999999996,18.75,17.599,17.596999999999998,17.598,36.362,-23.637999999999998,36.362,10.851999999999999,11.315000000000001,21.243000000000006,12.876999999999999,45.132999999999996,18.75,17.599,17.596999999999998,17.598,36.362,23.637999999999998,36.362,117.76590399999996,128.02922500000003,451.26504900000026,165.81712899999997,2036.9876889999996,351.5625,309.724801,309.65440899999993,309.689604,1322.195044,558.7550439999999,1322.195044,0,0,0,0,1,0,,,,,45.132999999999996,,,,,,23.637999999999998,,,,,,45.132999999999996,,,,,,23.637999999999998,,,,,,0.7522166666666666,,,,,,0.39396666666666663,,,,,,-0.7522166666666666,,,,,,-0.39396666666666663,,,,,,ML,,,,,,AutoARIMA,,,,,,SCP,,,,,,seasonal discrete,,,,,,47.6259056566149,,60.0,46.494,109.08600000000001,-13.505999999999997,49.086000000000006,76.75999999999999,96.362,2554.3673179999996,3203.145132,1,76.75999999999999,96.362,50.54074908427852,56.596334969678026,1.2793333333333332,1.6060333333333332,-0.22509999999999994,0.8181,SCP,seasonal discrete,ML,AutoARIMA,20.342043544135656,0.0,43.410000000000004,52.794,43.410000000000004,52.794,43.410000000000004,52.794,697.0601780000003,929.068814,0,,,,,,,,,,,,,,60.0,89.90400000000001,161.88,29.90400000000001,101.88,120.17,149.156,3251.427496,4132.213946,1,120.17,149.156,57.021289848617066,64.28229885435026,2.0028333333333332,2.4859333333333336,0.4984000000000002,1.698,SCP,seasonal discrete,ML,AutoARIMA,19.433344954276073,2026-07-11 11:04:33.553,0,,
"8560,63,60,10664,1,233,Protea,Natural,"""",,,MovingAverage3M,lumpy_acceptable,lumpy_acceptable_acceptable,acceptable,syntetos-boylan,syntetos-boylan,success,lumpy_acceptable,COMPARABLE,1,1,1,0.0,0.0,0.0,136.0,1.0,0.0,0.0,0.0,0.0,3.0,3.0,3.0,0.0,95.334,0.0,0.0,1.333,0.0,0.0,0.0,0.0,-133.0,2.0,3.0,0.0,95.334,0.0,-136.0,0.33299999999999996,0.0,0.0,0.0,0.0,133.0,2.0,3.0,0.0,95.334,0.0,136.0,0.33299999999999996,0.0,0.0,0.0,0.0,17689.0,4.0,9.0,0.0,9088.571556,0.0,18496.0,0.11088899999999997,0.0,0,0,0,1,1,0,,,,133.0,2.0,,,,,136.0,0.33299999999999996,,,,,133.0,2.0,,,,,136.0,0.33299999999999996,,,,,0.9779411764705882,2.0,,,,,1.0,0.33299999999999996,,,,,-0.9779411764705882,2.0,,,,,-1.0,0.33299999999999996,,,,,SCP,ML,,,,,syntetos-boylan,MovingAverage3M,,,,,ML,SCP,,,,,MovingAverage3M,syntetos-boylan,,,,,2.2058823529411797,83.35000000000001,,137.0,9.0,1.333,-128.0,-135.667,138.0,136.333,17702.0,18496.110889,2,69.0,68.1665,94.07975340103735,96.16681051433493,1.0072992700729928,0.9951313868613139,-0.9343065693430657,-0.9902700729927008,ML,MovingAverage3M,SCP,syntetos-boylan,1.2079710144927644,0.0,0.0,95.334,0.0,95.334,0.0,95.334,0.0,9088.571556,0,,,,,,,,,,,,,,137.0,9.0,96.667,-128.0,-40.333,138.0,231.667,17702.0,27584.682445000002,2,69.0,115.8335,94.07975340103735,117.44079879879905,1.0072992700729928,1.691,-0.9343065693430657,-0.2944014598540146,SCP,syntetos-boylan,ML,MovingAverage3M,40.43174038598505,2026-07-11 11:04:33.553,0,,NoForecastRowsMaterialized"
"8561,63,60,10664,1,234,Protea,Red/Orange,""40cm"",,,MovingAverage3M,intermittent_insuficient,intermittent_insuficient_insuficient,insuficient,syntetos-boylan,syntetos-boylan,success,intermittent_insuficient,NOT_COMPARABLE_NO_HISTORY,1,1,1,0.0,0.0,0.0,0.0,0.0,0.0,0.0,0.0,119.99900000000002,50.0,0.0,0.0,0.0,0.0,0.0,39.999999999999986,40.00099999999998,39.99999999999997,,,,,,,,,,,,,,,,,,,,,,,,,,,,,,,,,,,,,,,,,,,,,,,,,,,,,,,,,,,,,,,,,,,,,,,,,,,,,,,,,,,,,,,,,,,,,,,,,,,,,,,,,,,,,,,,,,,,,,,,,,,,,,,,,,,,,,,,,,,,,,,,,,,,,,,,,,,,,,,,,,,,,,,,,,,,,,,,,,,,,,,,,,,,,,2026-07-11 11:04:33.553,0,,"
8562,63,60,10664,1,236,Alstroemeria,Lavender,Super Select,,,SeasonalNaive,smooth_acceptable,smooth_acceptable_acceptable,acceptable,x11 lineal,x11 lineal,success,smooth_acceptable,COMPARABLE,1,1,1,196.0,551.0,647.0,701.0,609.0,314.0,520.5439999999969,562.131999999998,424.92900000000117,249.70900000000054,183.05999999999926,213.9330000000001,279.9989999999995,330.1609999999996,248.0009999999995,162.25200000000012,163.24499999999983,164.14999999999986,324.5439999999969,11.131999999998015,-222.07099999999883,-451.2909999999995,-425.94000000000074,-100.0669999999999,83.99899999999951,-220.8390000000004,-398.9990000000005,-538.7479999999998,-445.75500000000017,-149.85000000000014,324.5439999999969,11.131999999998015,222.07099999999883,451.2909999999995,425.94000000000074,100.0669999999999,83.99899999999951,220.8390000000004,398.9990000000005,538.7479999999998,445.75500000000017,149.85000000000014,105328.80793599799,123.92142399995582,49315.529040999485,203663.56668099953,181424.88360000064,10013.404488999979,7055.832000999918,48769.86392100018,159200.20200100038,290249.4075039998,198697.52002500015,22455.02250000004,1,1,1,1,1,1,324.5439999999969,11.131999999998015,222.07099999999883,451.2909999999995,425.94000000000074,100.0669999999999,83.99899999999951,220.8390000000004,398.9990000000005,538.7479999999998,445.75500000000017,149.85000000000014,324.5439999999969,11.131999999998015,222.07099999999883,451.2909999999995,425.94000000000074,100.0669999999999,83.99899999999951,220.8390000000004,398.9990000000005,538.7479999999998,445.75500000000017,149.85000000000014,1.6558367346938618,0.0202032667876552,0.34323183925811257,0.643781740370898,0.6994088669950751,0.31868471337579585,0.4285663265306098,0.40079673321234194,0.6166908809891816,0.7685420827389441,0.7319458128078821,0.47722929936305775,1.6558367346938618,0.0202032667876552,-0.34323183925811257,-0.643781740370898,-0.6994088669950751,-0.31868471337579585,0.4285663265306098,-0.40079673321234194,-0.6166908809891816,-0.7685420827389441,-0.7319458128078821,-0.47722929936305775,ML,SCP,SCP,SCP,SCP,SCP,SeasonalNaive,x11 lineal,x11 lineal,x11 lineal,x11 lineal,x11 lineal,SCP,ML,ML,ML,ML,ML,x11 lineal,SeasonalNaive,SeasonalNaive,SeasonalNaive,SeasonalNaive,SeasonalNaive,74.11783918359288,94.95922368784589,44.342968278116345,16.233378128549962,4.445267018877957,33.221888555222016,1624.0,646.7019999999999,489.6469999999998,-977.2980000000001,-1134.353,977.2980000000001,1134.353,395101.85477000015,511401.95002900006,3,325.766,378.1176666666667,362.90579804773955,412.8768783503544,0.6017844827586207,0.6984932266009852,-0.6017844827586207,-0.6984932266009852,SCP,x11 lineal,ML,SeasonalNaive,13.845337386157567,1394.0,1507.6049999999962,858.1609999999987,113.6049999999961,-535.8390000000013,557.7469999999937,703.8370000000004,154768.25840099744,215025.89792300048,3,185.91566666666458,234.61233333333348,227.13304353836133,267.72242959391133,0.4001054519368678,0.5049045911047348,0.08149569583930853,-0.38438952654232517,SCP,x11 lineal,ML,SeasonalNaive,20.756226228516912,3018.0,2154.306999999996,1347.8079999999986,-863.693000000004,-1670.1920000000014,1535.0449999999937,1838.1900000000005,549870.1131709976,726427.8479520004,6,255.84083333333228,306.36500000000007,302.729283125754,347.95302555373775,0.5086298873426089,0.6090755467196821,-0.28618058316766204,-0.5534102054340627,SCP,x11 lineal,ML,SeasonalNaive,16.49149435042116,2026-07-11 11:04:33.553,0,,
"8563,63,60,10664,1,237,Alstroemeria,Red,"""",,,,,,,copy last year,copy last year,success,,NOT_COMPARABLE_MISSING_SCP_AND_ML,1,0,0,0.0,1.0,0.0,0.0,0.0,0.0,,,,,,,,,,,,,,,,,,,,,,,,,,,,,,,,,,,,,,,,,,,,,,,,,,,,,,,,,,,,,,,,,,,,,,,,,,,,,,,,,,,,,,,,,,,,,,,,,,,,,,,,,,,,,,,,,,,,,,,,,,,,,,,,,,,,,,,,,,,,,,,,,,,,,,,,,,,,,,,,,,,,,,,,,,,,,,,,,,,,,,,,,,,,,,,,,,,,,,,,,,2026-07-11 11:04:33.553,1,ShortSeries,NoForecastRowsMaterialized"
"8564,63,60,10664,1,240,Orchids,"""",""6+ Bloom"",,,MovingAverage3M,intermittent_recentRelease,intermittent_recentRelease_recentRelease,recentRelease,syntetos-boylan,syntetos-boylan,success,intermittent_recentRelease,COMPARABLE,1,1,1,0.0,0.0,0.0,0.0,0.0,6.0,0.0,18.0,0.0,0.0,0.0,0.0,0.0,0.0,0.0,2.3339999999999996,2.3339999999999996,2.333,0.0,18.0,0.0,0.0,0.0,-6.0,0.0,0.0,0.0,2.3339999999999996,2.3339999999999996,-3.667,0.0,18.0,0.0,0.0,0.0,6.0,0.0,0.0,0.0,2.3339999999999996,2.3339999999999996,3.667,0.0,324.0,0.0,0.0,0.0,36.0,0.0,0.0,0.0,5.447555999999998,5.447555999999998,13.446888999999999,0,0,0,0,0,1,,,,,,6.0,,,,,,3.667,,,,,,6.0,,,,,,3.667,,,,,,1.0,,,,,,0.6111666666666666,,,,,,-1.0,,,,,,-0.6111666666666666,,,,,,ML,,,,,,MovingAverage3M,,,,,,SCP,,,,,,syntetos-boylan,,,,,,38.88333333333334,6.0,0.0,7.0009999999999994,-6.0,1.0009999999999994,6.0,8.334999999999999,36.0,24.342000999999996,1,6.0,8.334999999999999,6.0,4.933761344045737,1.0,1.3891666666666664,-1.0,0.16683333333333325,SCP,syntetos-boylan,ML,MovingAverage3M,28.01439712057587,0.0,18.0,0.0,18.0,0.0,18.0,0.0,324.0,0.0,0,,,,,,,,,,,,,,6.0,18.0,7.0009999999999994,12.0,1.0009999999999994,24.0,8.334999999999999,360.0,24.342000999999996,1,24.0,8.334999999999999,18.973665961010276,4.933761344045737,4.0,1.3891666666666664,2.0,0.16683333333333325,ML,MovingAverage3M,SCP,syntetos-boylan,65.27083333333334,2026-07-11 11:04:33.553,0,,NoForecastRowsMaterialized"
8565,63,60,10664,1,241,Orchids,Pink,Regular,,,AutoTheta,smooth_acceptable,smooth_acceptable_acceptable,acceptable,x11 lineal,x11 lineal,success,smooth_acceptable,COMPARABLE,1,1,1,63.0,249.0,214.0,95.0,191.0,133.0,161.4040000000018,203.27900000000034,130.11300000000108,87.8840000000006,120.19500000000018,78.12200000000017,184.26400000000007,271.3590000000006,154.6130000000003,99.29200000000002,99.29100000000037,99.2910000000006,98.40400000000179,-45.72099999999966,-83.88699999999892,-7.115999999999403,-70.80499999999982,-54.87799999999983,121.26400000000007,22.359000000000606,-59.38699999999969,4.292000000000016,-91.70899999999963,-33.708999999999406,98.40400000000179,45.72099999999966,83.88699999999892,7.115999999999403,70.80499999999982,54.87799999999983,121.26400000000007,22.359000000000606,59.38699999999969,4.292000000000016,91.70899999999963,33.708999999999406,9683.347216000351,2090.409840999969,7037.028768999819,50.6374559999915,5013.348024999975,3011.5948839999814,14704.957696000016,499.9248810000271,3526.815768999963,18.421264000000136,8410.540680999933,1136.29668099996,1,1,1,1,1,1,98.40400000000179,45.72099999999966,83.88699999999892,7.115999999999403,70.80499999999982,54.87799999999983,121.26400000000007,22.359000000000606,59.38699999999969,4.292000000000016,91.70899999999963,33.708999999999406,98.40400000000179,45.72099999999966,83.88699999999892,7.115999999999403,70.80499999999982,54.87799999999983,121.26400000000007,22.359000000000606,59.38699999999969,4.292000000000016,91.70899999999963,33.708999999999406,1.5619682539682824,0.18361847389558097,0.3919953271027987,0.07490526315788845,0.37070680628272157,0.41261654135338216,1.9248253968253979,0.089795180722894,0.27750934579439107,0.04517894736842122,0.48015183246073107,0.25345112781954443,1.5619682539682824,-0.18361847389558097,-0.3919953271027987,-0.07490526315788845,-0.37070680628272157,-0.41261654135338216,1.9248253968253979,0.089795180722894,-0.27750934579439107,0.04517894736842122,-0.48015183246073107,-0.25345112781954443,SCP,ML,ML,ML,SCP,ML,x11 lineal,AutoTheta,AutoTheta,AutoTheta,x11 lineal,AutoTheta,ML,SCP,SCP,SCP,ML,SCP,AutoTheta,x11 lineal,x11 lineal,x11 lineal,AutoTheta,x11 lineal,18.85143158727921,51.09687014719545,29.205955630788498,39.685216413710286,22.793837027990598,38.57465651080667,419.0,286.20100000000093,297.874000000001,-132.79899999999907,-121.12599999999902,132.79899999999907,129.70999999999907,8075.580364999947,9565.258625999893,3,44.26633333333302,43.23666666666636,51.883139088403745,56.4660919667721,0.31694272076372093,0.3095704057279214,-0.31694272076372093,-0.28908353221956806,ML,AutoTheta,SCP,x11 lineal,2.3260717324678892,526.0,494.79600000000323,610.236000000001,-31.203999999996796,84.23600000000098,228.01200000000037,203.01000000000036,18810.785826000138,18731.698346000005,3,76.00400000000012,67.67000000000012,79.18498558438996,79.0183488100496,0.433482889733841,0.38595057034220603,-0.05932319391634372,0.16014448669201709,ML,AutoTheta,SCP,x11 lineal,10.96521235724434,945.0,780.9970000000042,908.1100000000021,-164.00299999999584,-36.88999999999804,360.8109999999994,332.71999999999935,26886.366191000085,28296.956971999898,6,60.13516666666657,55.45333333333323,66.94072775099885,68.67430010807038,0.3818105820105814,0.3520846560846554,-0.17354814814814373,-0.03903703703703496,ML,AutoTheta,SCP,x11 lineal,7.785516516957661,2026-07-11 11:04:33.553,0,,
"8566,63,60,10664,1,242,Protea,Pink,""40-50cm"",,,AutoARIMA,smooth_acceptable,smooth_acceptable_acceptable,acceptable,seasonal discrete,seasonal discrete,success,smooth_acceptable,COMPARABLE,1,1,1,36.0,569.0,722.0,695.0,1493.0,729.0,28.13600000000006,160.16399999999922,234.2679999999991,120.2649999999998,1129.9170000000063,815.2399999999992,707.034000000002,693.6909999999989,798.3440000000043,42.00099999999999,1363.0000000000014,874.999,-7.86399999999994,-408.8360000000008,-487.7320000000009,-574.7350000000002,-363.0829999999937,86.23999999999921,671.034000000002,124.6909999999989,76.34400000000426,-652.999,-129.99999999999864,145.99900000000002,7.86399999999994,408.8360000000008,487.7320000000009,574.7350000000002,363.0829999999937,86.23999999999921,671.034000000002,124.6909999999989,76.34400000000426,652.999,129.99999999999864,145.99900000000002,61.84249599999906,167146.87489600066,237882.50382400086,330320.32022500027,131829.26488899544,7437.337599999864,450286.6291560027,15547.845480999724,5828.40633600065,426407.694001,16899.999999999647,21315.708001000006,1,1,1,1,1,1,7.86399999999994,408.8360000000008,487.7320000000009,574.7350000000002,363.0829999999937,86.23999999999921,671.034000000002,124.6909999999989,76.34400000000426,652.999,129.99999999999864,145.99900000000002,7.86399999999994,408.8360000000008,487.7320000000009,574.7350000000002,363.0829999999937,86.23999999999921,671.034000000002,124.6909999999989,76.34400000000426,652.999,129.99999999999864,145.99900000000002,0.21844444444444278,0.7185166959578222,0.6755290858725774,0.8269568345323745,0.24319022103147603,0.11829903978052018,18.63983333333339,0.21914059753954113,0.10573961218837155,0.9395669064748202,0.08707300736771509,0.20027297668038413,-0.21844444444444278,-0.7185166959578222,-0.6755290858725774,-0.8269568345323745,-0.24319022103147603,0.11829903978052018,18.63983333333339,0.21914059753954113,0.10573961218837155,-0.9395669064748202,-0.08707300736771509,0.20027297668038413,SCP,ML,ML,SCP,ML,SCP,seasonal discrete,AutoARIMA,AutoARIMA,seasonal discrete,AutoARIMA,seasonal discrete,ML,SCP,SCP,ML,SCP,ML,AutoARIMA,seasonal discrete,seasonal discrete,AutoARIMA,seasonal discrete,AutoARIMA,98.82807726583155,69.50097349548507,84.34714146293372,11.985316975983087,64.19551452422701,40.9311022678243,2917.0,2065.4220000000055,2280.000000000002,-851.5779999999947,-636.9999999999986,1024.0579999999932,928.9979999999987,469586.92271399556,464623.40200199967,3,341.3526666666644,309.66599999999954,395.6374277517213,393.5409347628273,0.351065478231057,0.31847720260541607,-0.2919362358587572,-0.218375042852245,ML,AutoARIMA,SCP,seasonal discrete,9.282677348352848,1327.0,422.5679999999984,2199.069000000005,-904.4320000000016,872.0690000000052,904.4320000000016,872.0690000000052,405091.22121600155,471662.8809730031,3,301.4773333333339,290.6896666666684,367.464837871599,396.5109838634163,0.6815614167294661,0.6571733232856105,-0.6815614167294661,0.6571733232856105,ML,AutoARIMA,SCP,seasonal discrete,3.578267907371295,4244.0,2487.990000000004,4479.069000000007,-1756.0099999999961,235.06900000000655,1928.4899999999948,1801.0670000000039,874678.1439299971,936286.2829750028,6,321.4149999999991,300.177833333334,381.81106670053384,395.0287506361621,0.4544038642789809,0.42437959472196135,-0.4137629594721951,0.05538854853911559,ML,AutoARIMA,SCP,seasonal discrete,6.607397497523515,2026-07-11 11:04:33.553,0,,"
"8567,63,60,10664,1,243,Roses,Green,""40-60cm"",,,,,,,preserve current forecast,preserve current forecast,success,,NOT_COMPARABLE_MISSING_SCP_AND_ML,1,0,0,0.0,0.0,0.0,0.0,0.0,0.0,,,,,,,,,,,,,,,,,,,,,,,,,,,,,,,,,,,,,,,,,,,,,,,,,,,,,,,,,,,,,,,,,,,,,,,,,,,,,,,,,,,,,,,,,,,,,,,,,,,,,,,,,,,,,,,,,,,,,,,,,,,,,,,,,,,,,,,,,,,,,,,,,,,,,,,,,,,,,,,,,,,,,,,,,,,,,,,,,,,,,,,,,,,,,,,,,,,,,,,,,,2026-07-11 11:04:33.553,1,MissingHistory,NoForecastRowsMaterialized"
"8568,63,60,10664,1,244,Roses,Lavender,""40cm"",,,AutoTheta,smooth_acceptable,smooth_acceptable_acceptable,acceptable,x11 lineal,x11 lineal,success,smooth_acceptable,COMPARABLE,1,1,1,2700.0,18195.0,9994.0,5700.0,6166.0,3424.0,6939.551999999933,18076.712,8626.966999999997,5814.591,5405.545999999952,4501.439000000011,11375.384000000024,23011.016000000134,11866.160999999922,6620.116000000003,6482.011999999982,5684.359999999967,4239.551999999933,-118.28800000000047,-1367.033000000003,114.59100000000035,-760.4540000000479,1077.4390000000112,8675.384000000024,4816.016000000134,1872.1609999999218,920.1160000000027,316.01199999998244,2260.359999999967,4239.551999999933,118.28800000000047,1367.033000000003,114.59100000000035,760.4540000000479,1077.4390000000112,8675.384000000024,4816.016000000134,1872.1609999999218,920.1160000000027,316.01199999998244,2260.359999999967,17973801.160703436,13992.05094400011,1868779.2230890084,13131.09728100008,578290.2861160729,1160874.798721024,75262287.54745641,23194010.112257294,3504986.8099207073,846613.453456005,99863.5841439889,5109227.329599851,1,1,1,1,1,1,4239.551999999933,118.28800000000047,1367.033000000003,114.59100000000035,760.4540000000479,1077.4390000000112,8675.384000000024,4816.016000000134,1872.1609999999218,920.1160000000027,316.01199999998244,2260.359999999967,4239.551999999933,118.28800000000047,1367.033000000003,114.59100000000035,760.4540000000479,1077.4390000000112,8675.384000000024,4816.016000000134,1872.1609999999218,920.1160000000027,316.01199999998244,2260.359999999967,1.5702044444444196,0.006501126683154739,0.13678537122273396,0.020103684210526378,0.1233301978592358,0.3146726051401902,3.213105185185194,0.26468898048915274,0.18732849709825114,0.16142385964912329,0.05125072980862511,0.6601518691588688,1.5702044444444196,-0.006501126683154739,-0.13678537122273396,0.020103684210526378,-0.1233301978592358,0.3146726051401902,3.213105185185194,0.26468898048915274,0.18732849709825114,0.16142385964912329,0.05125072980862511,0.6601518691588688,SCP,SCP,SCP,SCP,ML,SCP,x11 lineal,x11 lineal,x11 lineal,x11 lineal,AutoTheta,x11 lineal,ML,ML,ML,ML,SCP,ML,AutoTheta,AutoTheta,AutoTheta,AutoTheta,x11 lineal,AutoTheta,51.13124675518777,97.54386198052505,26.981012850921466,87.54602680531585,58.4442977484552,52.3333008901225,15290.0,15721.575999999965,18786.48799999995,431.57599999996364,3496.487999999952,1952.4840000000595,3496.487999999952,1752296.182118097,6055704.367199845,3,650.8280000000199,1165.495999999984,764.2635195877788,1420.7632182738785,0.12769679529104377,0.22867809025506552,0.028226030085020514,0.22867809025506552,SCP,x11 lineal,ML,AutoTheta,44.15871011140075,30889.0,33643.23099999993,46252.561000000074,2754.2309999999297,15363.56100000008,5724.872999999937,15363.56100000008,19856572.434736446,101961284.46963441,3,1908.290999999979,5121.187000000026,2572.7140296281436,5829.845180037929,0.18533694842824103,0.49737968208747707,0.08916543105959823,0.49737968208747707,SCP,x11 lineal,ML,AutoTheta,62.73733023222997,46179.0,49364.80699999989,65039.04900000002,3185.8069999998934,18860.04900000003,7677.356999999996,18860.04900000003,21608868.61685454,108016988.83683428,6,1279.5594999999994,3143.3415000000055,1897.7560704181901,4242.974366267808,0.16625212759046312,0.4084118105632437,0.06898821975356532,0.4084118105632437,SCP,x11 lineal,ML,AutoTheta,59.293016683042644,2026-07-11 11:04:33.553,0,,"
"8569,63,60,10664,1,245,Roses,Lavender,""60cm"",,,AutoETS,smooth_acceptable,smooth_acceptable_acceptable,acceptable,x11 lineal,x11 lineal,success,smooth_acceptable,COMPARABLE,1,1,1,13893.0,61288.0,35402.0,31543.0,42042.0,24951.0,22006.662000000557,55860.814000000195,26732.965000000084,22683.749999999865,41380.127999998396,16811.38400000027,22576.7840000001,55151.518999998276,25777.644999999713,23252.08499999969,23252.082000000333,23252.08399999985,8113.662000000557,-5427.185999999805,-8669.034999999916,-8859.250000000135,-661.8720000016037,-8139.615999999729,8683.784000000102,-6136.481000001724,-9624.355000000287,-8290.91500000031,-18789.917999999667,-1698.9160000001502,8113.662000000557,5427.185999999805,8669.034999999916,8859.250000000135,661.8720000016037,8139.615999999729,8683.784000000102,6136.481000001724,9624.355000000287,8290.91500000031,18789.917999999667,1698.9160000001502,65831511.05025303,29454347.878593884,75152167.83122355,78486310.56250238,438074.54438612296,66253348.62745159,75408104.55865777,37656399.06338216,92628209.16603053,68739271.53723015,353061018.4467115,2886315.5750565105,1,1,1,1,1,1,8113.662000000557,5427.185999999805,8669.034999999916,8859.250000000135,661.8720000016037,8139.615999999729,8683.784000000102,6136.481000001724,9624.355000000287,8290.91500000031,18789.917999999667,1698.9160000001502,8113.662000000557,5427.185999999805,8669.034999999916,8859.250000000135,661.8720000016037,8139.615999999729,8683.784000000102,6136.481000001724,9624.355000000287,8290.91500000031,18789.917999999667,1698.9160000001502,0.5840107968041861,0.08855217987207618,0.2448741596519947,0.2808626319627218,0.01574311402886646,0.3262240391166578,0.6250474339595553,0.10012532632818373,0.2718590757584398,0.26284484671718955,0.44693206793206003,0.06809009658932108,0.5840107968041861,-0.08855217987207618,-0.2448741596519947,-0.2808626319627218,-0.01574311402886646,-0.3262240391166578,0.6250474339595553,-0.10012532632818373,-0.2718590757584398,-0.26284484671718955,-0.44693206793206003,-0.06809009658932108,SCP,SCP,SCP,ML,SCP,ML,x11 lineal,x11 lineal,x11 lineal,AutoETS,x11 lineal,AutoETS,ML,ML,ML,SCP,ML,SCP,AutoETS,AutoETS,AutoETS,x11 lineal,AutoETS,x11 lineal,6.565363670947338,11.558660411426679,9.926067772856904,6.415159296778122,96.47751522916909,79.12781143483664,98536.0,80875.26199999853,69756.25099999987,-17660.738000001467,-28779.749000000127,17660.738000001467,28779.749000000127,145177733.7343401,424686605.5589981,3,5886.9126666671555,9593.249666666708,6956.477406809189,11897.99150499778,0.1792313266217572,0.2920734452382898,-0.1792313266217572,-0.2920734452382898,SCP,x11 lineal,ML,AutoETS,38.634843549186655,110583.0,104600.44100000084,103505.94799999808,-5982.558999999164,-7077.05200000191,22209.883000000278,24444.620000002113,170438026.76007047,205692712.78807044,3,7403.294333333426,8148.206666667371,7537.418363517456,8280.352504333585,0.20084355642368426,0.22105224130293186,-0.05410016910374257,-0.06399764882488185,SCP,x11 lineal,ML,AutoETS,9.142040252626728,209119.0,185475.70299999937,173262.19899999799,-23643.29700000063,-35856.80100000204,39870.621000001745,53224.36900000224,315615760.4944106,630379318.3470685,6,6645.103500000291,8870.72816666704,7252.766834048123,10250.035108452626,0.19065996394398282,0.2545171361760636,-0.11306144826630116,-0.17146601217489582,SCP,x11 lineal,ML,AutoETS,25.089537463562856,2026-07-11 11:04:33.553,0,,"
"8570,63,60,10664,1,246,Roses,Yellow,""70-80cm"",,,AutoARIMA,erratic_acceptable,erratic_acceptable_acceptable,acceptable,x11 lineal,x11 lineal,success,erratic_acceptable,COMPARABLE,1,1,1,176.0,1795.0,1450.0,850.0,275.0,100.0,1283.3520000000005,1535.5600000000034,1009.4520000000009,1276.0560000000005,1135.631999999999,444.0470000000024,2108.4319999999943,2158.430000000003,1283.431000000001,1374.999000000002,775.000000000004,349.99999999999835,1107.3520000000005,-259.43999999999664,-440.5479999999991,426.0560000000005,860.6319999999989,344.0470000000024,1932.4319999999943,363.430000000003,-166.56899999999905,524.9990000000021,500.000000000004,249.99999999999835,1107.3520000000005,259.43999999999664,440.5479999999991,426.0560000000005,860.6319999999989,344.0470000000024,1932.4319999999943,363.430000000003,166.56899999999905,524.9990000000021,500.000000000004,249.99999999999835,1226228.4519040012,67309.11359999827,194082.5403039992,181523.71513600042,740687.4394239981,118368.33820900165,3734293.434623978,132081.3649000022,27745.231760999683,275623.9500010022,250000.000000004,62499.99999999918,1,1,1,1,1,1,1107.3520000000005,259.43999999999664,440.5479999999991,426.0560000000005,860.6319999999989,344.0470000000024,1932.4319999999943,363.430000000003,166.56899999999905,524.9990000000021,500.000000000004,249.99999999999835,1107.3520000000005,259.43999999999664,440.5479999999991,426.0560000000005,860.6319999999989,344.0470000000024,1932.4319999999943,363.430000000003,166.56899999999905,524.9990000000021,500.000000000004,249.99999999999835,6.29177272727273,0.1445348189415023,0.3038262068965511,0.501242352941177,3.129570909090905,3.4404700000000243,10.97972727272724,0.20246796657381783,0.11487517241379244,0.6176458823529436,1.8181818181818326,2.4999999999999836,6.29177272727273,-0.1445348189415023,-0.3038262068965511,0.501242352941177,3.129570909090905,3.4404700000000243,10.97972727272724,0.20246796657381783,-0.11487517241379244,0.6176458823529436,1.8181818181818326,2.4999999999999836,SCP,SCP,ML,SCP,ML,ML,x11 lineal,x11 lineal,AutoARIMA,x11 lineal,AutoARIMA,AutoARIMA,ML,ML,SCP,ML,SCP,SCP,AutoARIMA,AutoARIMA,x11 lineal,AutoARIMA,x11 lineal,x11 lineal,42.6964571068993,28.61348815452921,62.190499105659455,18.846321612041393,41.90315953857112,27.33550939261305,1225.0,2855.735000000002,2499.9990000000043,1630.735000000002,1274.9990000000043,1630.735000000002,1274.9990000000043,1040579.4927690002,588123.9500010053,3,543.578333333334,424.99966666666813,588.9480714995169,442.76553238367796,1.3312122448979609,1.0408155102040852,1.3312122448979609,1.0408155102040852,ML,AutoARIMA,SCP,x11 lineal,21.814457897818908,3421.0,3828.364000000005,5550.292999999998,407.3640000000048,2129.2929999999983,1807.3399999999963,2462.4309999999964,1487620.1058079987,3894120.03128498,3,602.4466666666655,820.8103333333321,704.1827664766203,1139.3155886005977,0.528307512423267,0.7197985969014897,0.11907746273019726,0.6224182987430571,SCP,x11 lineal,ML,AutoARIMA,26.6034256391347,4646.0,6684.0990000000065,8050.292000000001,2038.0990000000065,3404.2920000000026,3438.074999999998,3737.4300000000007,2528199.598576999,4482243.981285986,6,573.0124999999997,622.9050000000001,649.1275681734933,864.3151413388894,0.7400075333620314,0.8044403788204909,0.43867821782178357,0.7327361170899704,SCP,x11 lineal,ML,AutoARIMA,8.009648341239911,2026-07-11 11:04:33.553,0,,"
8571,63,60,10664,1,248,Alstroemeria,Champagne,Premium,,,,,,,preserve current forecast,preserve current forecast,success,,NOT_COMPARABLE_MISSING_SCP_AND_ML,1,0,0,0.0,0.0,0.0,0.0,0.0,0.0,,,,,,,,,,,,,,,,,,,,,,,,,,,,,,,,,,,,,,,,,,,,,,,,,,,,,,,,,,,,,,,,,,,,,,,,,,,,,,,,,,,,,,,,,,,,,,,,,,,,,,,,,,,,,,,,,,,,,,,,,,,,,,,,,,,,,,,,,,,,,,,,,,,,,,,,,,,,,,,,,,,,,,,,,,,,,,,,,,,,,,,,,,,,,,,,,,,,,,,,,,2026-07-11 11:04:33.553,1,MissingHistory,NoForecastRowsMaterialized
8572,63,60,10664,1,249,Alstroemeria,Pink,Select,,,SeasonalNaive,erratic_acceptable,erratic_acceptable_acceptable,acceptable,x11 lineal,x11 lineal,success,erratic_acceptable,COMPARABLE,1,1,1,782.0,3569.0,1000.0,608.0,1058.0,405.0,507.52100000000047,1225.436000000007,917.1999999999977,312.8589999999962,478.1990000000008,57.5460000000002,518.0000000000048,1158.3740000000091,844.9999999999984,206.00099999999958,374.99999999999727,14.000000000000044,-274.47899999999953,-2343.563999999993,-82.80000000000234,-295.1410000000038,-579.8009999999992,-347.4539999999998,-263.9999999999952,-2410.625999999991,-155.0000000000016,-401.9990000000004,-683.0000000000027,-390.99999999999994,274.47899999999953,2343.563999999993,82.80000000000234,295.1410000000038,579.8009999999992,347.4539999999998,263.9999999999952,2410.625999999991,155.0000000000016,401.9990000000004,683.0000000000027,390.99999999999994,75338.72144099974,5492292.222095967,6855.840000000388,87108.20988100226,336169.1996009991,120724.28211599984,69695.99999999748,5811117.711875957,24025.000000000495,161603.19600100035,466489.0000000037,152880.99999999994,1,1,1,1,1,1,274.47899999999953,2343.563999999993,82.80000000000234,295.1410000000038,579.8009999999992,347.4539999999998,263.9999999999952,2410.625999999991,155.0000000000016,401.9990000000004,683.0000000000027,390.99999999999994,274.47899999999953,2343.563999999993,82.80000000000234,295.1410000000038,579.8009999999992,347.4539999999998,263.9999999999952,2410.625999999991,155.0000000000016,401.9990000000004,683.0000000000027,390.99999999999994,0.35099616368286385,0.6566444382179862,0.08280000000000234,0.48542927631579574,0.5480160680529294,0.8579111111111105,0.3375959079283826,0.6754345755113452,0.15500000000000158,0.6611825657894744,0.645557655954634,0.965432098765432,-0.35099616368286385,-0.6566444382179862,-0.08280000000000234,-0.48542927631579574,-0.5480160680529294,-0.8579111111111105,-0.3375959079283826,-0.6754345755113452,-0.15500000000000158,-0.6611825657894744,-0.645557655954634,-0.965432098765432,ML,SCP,SCP,SCP,SCP,SCP,SeasonalNaive,x11 lineal,x11 lineal,x11 lineal,x11 lineal,x11 lineal,SCP,ML,ML,ML,ML,ML,x11 lineal,SeasonalNaive,SeasonalNaive,SeasonalNaive,SeasonalNaive,SeasonalNaive,3.8177784092787928,2.7819329916792768,46.58064516128936,26.581658163327898,15.109663250366484,11.137084398977036,2071.0,848.6039999999972,595.0009999999969,-1222.396000000003,-1475.9990000000032,1222.396000000003,1475.9990000000032,544001.6915980012,780973.1960010041,3,407.4653333333343,491.99966666666774,425.8331800122364,510.2199512631796,0.5902443264123626,0.7126986962819909,-0.5902443264123626,-0.7126986962819909,SCP,x11 lineal,ML,SeasonalNaive,17.18178670852756,5351.0,2650.157000000005,2521.3740000000125,-2700.842999999995,-2829.6259999999884,2700.842999999995,2829.6259999999884,5574486.783536968,5904838.711875956,3,900.2809999999982,943.2086666666628,1363.1442554546416,1402.95387330636,0.5047361240889544,0.5288032143524554,-0.5047361240889544,-0.5288032143524554,SCP,x11 lineal,ML,SeasonalNaive,4.551237513367283,7422.0,3498.7610000000027,3116.3750000000095,-3923.2389999999978,-4305.624999999991,3923.2389999999978,4305.624999999991,6118488.475134969,6685811.90787696,6,653.8731666666663,717.6041666666652,1009.8257667484829,1055.605032503237,0.5285959310158984,0.5801165454055498,-0.5285959310158984,-0.5801165454055498,SCP,x11 lineal,ML,SeasonalNaive,8.881079982580774,2026-07-11 11:04:33.553,0,,
8573,63,60,10664,1,250,Alstroemeria,Purple,Select,,,HistoricAverage,lumpy_acceptable,lumpy_acceptable_acceptable,acceptable,seasonal discrete,seasonal discrete,success,lumpy_acceptable,COMPARABLE,1,1,1,148.0,707.0,144.0,207.0,244.0,234.0,97.63499999999988,174.73500000000035,203.9600000000001,11.064999999999996,6.281999999999994,12.89399999999995,62.53600000000004,62.536999999999985,62.53799999999997,10.000000000000005,0.0,10.061000000000003,-50.36500000000012,-532.2649999999996,59.96000000000009,-195.935,-237.71800000000002,-221.10600000000005,-85.46399999999997,-644.463,-81.46200000000003,-197.0,-244.0,-223.939,50.36500000000012,532.2649999999996,59.96000000000009,195.935,237.71800000000002,221.10600000000005,85.46399999999997,644.463,81.46200000000003,197.0,244.0,223.939,2536.6332250000123,283306.03022499965,3595.2016000000112,38390.524225,56509.84752400001,48887.86323600002,7304.095295999995,415332.558369,6636.0574440000055,38809.0,59536.0,50148.675721,1,1,1,1,1,1,50.36500000000012,532.2649999999996,59.96000000000009,195.935,237.71800000000002,221.10600000000005,85.46399999999997,644.463,81.46200000000003,197.0,244.0,223.939,50.36500000000012,532.2649999999996,59.96000000000009,195.935,237.71800000000002,221.10600000000005,85.46399999999997,644.463,81.46200000000003,197.0,244.0,223.939,0.3403040540540549,0.7528500707213573,0.41638888888888953,0.9465458937198068,0.9742540983606558,0.9448974358974361,0.5774594594594593,0.9115459688826025,0.5657083333333336,0.9516908212560387,1.0,0.9570042735042735,-0.3403040540540549,-0.7528500707213573,0.41638888888888953,-0.9465458937198068,-0.9742540983606558,-0.9448974358974361,-0.5774594594594593,-0.9115459688826025,-0.5657083333333336,-0.9516908212560387,-1.0,-0.9570042735042735,SCP,SCP,SCP,SCP,SCP,SCP,seasonal discrete,seasonal discrete,seasonal discrete,seasonal discrete,seasonal discrete,seasonal discrete,ML,ML,ML,ML,ML,ML,HistoricAverage,HistoricAverage,HistoricAverage,HistoricAverage,HistoricAverage,HistoricAverage,41.068754095291425,17.409533208268023,26.3951290172104,0.5406091370558348,2.5745901639344204,1.265076650337793,685.0,30.240999999999943,20.061000000000007,-654.759,-664.939,654.759,664.939,143788.23498500005,148493.675721,3,218.25300000000001,221.64633333333333,218.92786862724142,222.48121697572586,0.9558525547445256,0.9707138686131387,-0.9558525547445256,-0.9707138686131387,SCP,seasonal discrete,ML,HistoricAverage,1.5309675022821616,999.0,476.3300000000003,187.611,-522.6699999999996,-811.3889999999999,642.5899999999998,811.3889999999999,289437.8650499997,429272.711109,3,214.1966666666666,270.46299999999997,310.61115297104175,378.2735831418843,0.643233233233233,0.8122012012012011,-0.5231931931931928,-0.8122012012012011,SCP,seasonal discrete,ML,HistoricAverage,20.803708209009507,1684.0,506.57100000000025,207.672,-1177.4289999999996,-1476.328,1297.349,1476.328,433226.1000349997,577766.38683,6,216.22483333333332,246.05466666666666,268.7086712516611,310.3133864418356,0.770397268408551,0.8766793349168646,-0.6991858669833727,-0.8766793349168646,SCP,seasonal discrete,ML,HistoricAverage,12.123254452939994,2026-07-11 11:04:33.553,0,,
8574,63,60,10664,1,251,Alstroemeria,White,Fancy,,,MovingAverage12M,intermittent_acceptable,intermittent_acceptable_acceptable,acceptable,seasonal discrete,seasonal discrete,success,intermittent_acceptable,COMPARABLE,1,1,1,0.0,0.0,45.0,64.0,65.0,64.0,55.765000000000015,6.706999999999994,5.591999999999996,141.37500000000026,27.565999999999967,86.89400000000006,52.33500000000004,52.334000000000096,52.33499999999991,104.11899999999993,104.11600000000017,104.11799999999955,55.765000000000015,6.706999999999994,-39.408,77.37500000000026,-37.43400000000003,22.894000000000062,52.33500000000004,52.334000000000096,7.3349999999999085,40.11899999999993,39.11600000000017,40.117999999999554,55.765000000000015,6.706999999999994,39.408,77.37500000000026,37.43400000000003,22.894000000000062,52.33500000000004,52.334000000000096,7.3349999999999085,40.11899999999993,39.11600000000017,40.117999999999554,3109.7352250000017,44.983848999999914,1552.9904640000002,5986.89062500004,1401.3043560000024,524.1352360000028,2738.9522250000045,2738.84755600001,53.80222499999866,1609.5341609999944,1530.0614560000133,1609.4539239999642,0,0,1,1,1,1,,,39.408,77.37500000000026,37.43400000000003,22.894000000000062,,,7.3349999999999085,40.11899999999993,39.11600000000017,40.117999999999554,,,39.408,77.37500000000026,37.43400000000003,22.894000000000062,,,7.3349999999999085,40.11899999999993,39.11600000000017,40.117999999999554,,,0.8757333333333334,1.208984375000004,0.5759076923076928,0.357718750000001,,,0.16299999999999798,0.6268593749999989,0.601784615384618,0.626843749999993,,,-0.8757333333333334,1.208984375000004,-0.5759076923076928,0.357718750000001,,,0.16299999999999798,0.6268593749999989,0.601784615384618,0.626843749999993,,,ML,ML,SCP,SCP,,,MovingAverage12M,MovingAverage12M,seasonal discrete,seasonal discrete,,,SCP,SCP,ML,ML,,,seasonal discrete,seasonal discrete,MovingAverage12M,MovingAverage12M,,,81.38702801461656,48.149919224556,4.3000306779837745,42.93334662744824,193.0,255.8350000000003,312.35299999999967,62.835000000000285,119.35299999999965,137.70300000000034,119.35299999999965,7912.330217000045,4749.049540999972,3,45.90100000000012,39.784333333333215,51.35604546367138,39.787140053874914,0.7134870466321261,0.6184093264248687,0.32556994818652996,0.6184093264248687,ML,MovingAverage12M,SCP,seasonal discrete,13.325780847186078,45.0,68.06400000000001,157.00400000000005,23.064000000000007,112.00400000000005,101.88000000000001,112.00400000000005,4707.709538000002,5531.602006000014,1,101.88000000000001,112.00400000000005,68.61275054973385,74.37474037601754,2.2640000000000002,2.488977777777779,0.5125333333333335,2.488977777777779,SCP,seasonal discrete,ML,MovingAverage12M,9.03896289418238,238.0,323.8990000000003,469.3569999999997,85.89900000000029,231.3569999999997,239.58300000000037,231.3569999999997,12620.039755000049,10280.651546999985,4,59.89575000000009,57.83924999999992,56.169475151099746,50.69677392842661,1.0066512605042033,0.9720882352941164,0.3609201680672281,0.9720882352941164,ML,MovingAverage12M,SCP,seasonal discrete,3.4334656465611806,2026-07-11 11:04:33.553,0,,
8575,63,60,10664,1,253,Anthurium,Pink/Green,Medium,,,AutoARIMA,smooth_acceptable,smooth_acceptable_acceptable,acceptable,x11 lineal,x11 lineal,success,smooth_acceptable,COMPARABLE,1,1,1,270.0,525.0,290.0,148.0,310.0,90.0,271.06800000000015,229.61900000000003,290.1240000000002,258.14200000000017,225.98999999999992,156.8940000000001,213.8450000000002,149.2300000000002,194.61400000000043,312.2119999999998,242.21000000000012,122.21000000000019,1.0680000000001542,-295.381,0.12400000000019418,110.14200000000017,-84.01000000000008,66.89400000000009,-56.1549999999998,-375.7699999999998,-95.38599999999957,164.21199999999982,-67.78999999999988,32.21000000000019,1.0680000000001542,295.381,0.12400000000019418,110.14200000000017,84.01000000000008,66.89400000000009,56.1549999999998,375.7699999999998,95.38599999999957,164.21199999999982,67.78999999999988,32.21000000000019,1.1406240000003294,87249.93516099999,0.015376000000048157,12131.260164000038,7057.680100000013,4474.807236000012,3153.384024999978,141203.09289999987,9098.488995999918,26965.58094399994,4595.484099999983,1037.4841000000124,1,1,1,1,1,1,1.0680000000001542,295.381,0.12400000000019418,110.14200000000017,84.01000000000008,66.89400000000009,56.1549999999998,375.7699999999998,95.38599999999957,164.21199999999982,67.78999999999988,32.21000000000019,1.0680000000001542,295.381,0.12400000000019418,110.14200000000017,84.01000000000008,66.89400000000009,56.1549999999998,375.7699999999998,95.38599999999957,164.21199999999982,67.78999999999988,32.21000000000019,0.003955555555556127,0.5626304761904761,0.0004275862068972,0.7442027027027038,0.27100000000000024,0.7432666666666676,0.20798148148148074,0.7157523809523806,0.32891724137930883,1.1095405405405394,0.2186774193548383,0.35788888888889103,0.003955555555556127,-0.5626304761904761,0.0004275862068972,0.7442027027027038,-0.27100000000000024,0.7432666666666676,-0.20798148148148074,-0.7157523809523806,-0.32891724137930883,1.1095405405405394,-0.2186774193548383,0.35788888888889103,SCP,SCP,SCP,SCP,ML,ML,x11 lineal,x11 lineal,x11 lineal,x11 lineal,AutoARIMA,AutoARIMA,ML,ML,ML,ML,SCP,SCP,AutoARIMA,AutoARIMA,AutoARIMA,AutoARIMA,x11 lineal,x11 lineal,98.09812127148044,21.3931394203901,99.87000188706918,32.92694809149131,19.30722533031804,51.8491942476154,548.0,641.0260000000002,676.6320000000001,93.02600000000018,128.63200000000012,261.04600000000033,264.2119999999999,23663.747500000063,32598.549143999935,3,87.01533333333344,88.07066666666663,88.81393940893149,104.24098545198035,0.47636131386861374,0.4821386861313866,0.16975547445255507,0.2347299270072995,SCP,x11 lineal,ML,AutoARIMA,1.198280168955055,1085.0,790.8110000000004,557.6890000000008,-294.1889999999996,-527.3109999999992,296.5730000000003,527.3109999999992,87251.09116099999,153454.96592099976,3,98.85766666666677,175.77033333333307,170.53942961575385,226.16731706194847,0.27333917050691275,0.48600092165898545,-0.2711419354838706,-0.48600092165898545,SCP,x11 lineal,ML,AutoARIMA,43.75747898299092,1633.0,1431.8370000000004,1234.3210000000008,-201.16299999999947,-398.6789999999991,557.6190000000007,791.522999999999,110914.83866100005,186053.51506499966,6,92.93650000000012,131.92049999999983,135.96251852440807,176.09349555704762,0.3414690753214946,0.4847048377219835,-0.12318616044090598,-0.24413900796080779,SCP,x11 lineal,ML,AutoARIMA,29.551131173699137,2026-07-11 11:04:33.553,0,,
"8576,63,60,10664,1,254,Orchids,Gold/Red,""6+ Bloom"",,,,,,,copy last year,copy last year,success,,NOT_COMPARABLE_MISSING_SCP_AND_ML,1,0,0,0.0,0.0,0.0,0.0,0.0,0.0,,,,,,,,,,,,,,,,,,,,,,,,,,,,,,,,,,,,,,,,,,,,,,,,,,,,,,,,,,,,,,,,,,,,,,,,,,,,,,,,,,,,,,,,,,,,,,,,,,,,,,,,,,,,,,,,,,,,,,,,,,,,,,,,,,,,,,,,,,,,,,,,,,,,,,,,,,,,,,,,,,,,,,,,,,,,,,,,,,,,,,,,,,,,,,,,,,,,,,,,,,2026-07-11 11:04:33.553,1,ShortSeries,NoForecastRowsMaterialized"
8577,63,60,10664,1,255,Orchids,Purple,Large,,,AutoARIMA,smooth_acceptable,smooth_acceptable_acceptable,acceptable,x11 lineal,x11 lineal,success,smooth_acceptable,COMPARABLE,1,1,1,53.0,131.0,86.0,30.0,40.0,37.0,38.40800000000002,101.46399999999987,53.459999999999994,21.969999999999967,75.84099999999997,42.36399999999993,62.07300000000002,119.07399999999988,102.34799999999996,80.25200000000002,80.25399999999988,80.25200000000007,-14.591999999999977,-29.53600000000013,-32.540000000000006,-8.030000000000033,35.840999999999966,5.363999999999933,9.073000000000022,-11.926000000000116,16.347999999999956,50.252000000000024,40.25399999999988,43.252000000000066,14.591999999999977,29.53600000000013,32.540000000000006,8.030000000000033,35.840999999999966,5.363999999999933,9.073000000000022,11.926000000000116,16.347999999999956,50.252000000000024,40.25399999999988,43.252000000000066,212.92646399999933,872.3752960000077,1058.8516000000004,64.48090000000053,1284.5772809999976,28.772495999999283,82.3193290000004,142.22947600000276,267.25710399999855,2525.2635040000023,1620.38451599999,1870.7355040000057,1,1,1,1,1,1,14.591999999999977,29.53600000000013,32.540000000000006,8.030000000000033,35.840999999999966,5.363999999999933,9.073000000000022,11.926000000000116,16.347999999999956,50.252000000000024,40.25399999999988,43.252000000000066,14.591999999999977,29.53600000000013,32.540000000000006,8.030000000000033,35.840999999999966,5.363999999999933,9.073000000000022,11.926000000000116,16.347999999999956,50.252000000000024,40.25399999999988,43.252000000000066,0.2753207547169807,0.2254656488549628,0.37837209302325586,0.2676666666666678,0.8960249999999992,0.14497297297297118,0.17118867924528341,0.09103816793893219,0.19009302325581345,1.6750666666666674,1.006349999999997,1.1689729729729748,-0.2753207547169807,-0.2254656488549628,-0.37837209302325586,-0.2676666666666678,0.8960249999999992,0.14497297297297118,0.17118867924528341,-0.09103816793893219,0.19009302325581345,1.6750666666666674,1.006349999999997,1.1689729729729748,ML,ML,ML,SCP,SCP,SCP,AutoARIMA,AutoARIMA,AutoARIMA,x11 lineal,x11 lineal,x11 lineal,SCP,SCP,SCP,ML,ML,ML,x11 lineal,x11 lineal,x11 lineal,AutoARIMA,AutoARIMA,AutoARIMA,37.822094298245375,59.62215601300087,49.76029502151212,84.02053649605979,10.962885675957482,87.59826135207638,107.0,140.17499999999987,240.75799999999998,33.17499999999987,133.75799999999998,49.23499999999993,133.75799999999998,1377.8306769999974,6016.383523999998,3,16.411666666666644,44.58599999999999,21.430746425015915,44.78237571485758,0.4601401869158872,1.25007476635514,0.3100467289719614,1.25007476635514,SCP,x11 lineal,ML,AutoARIMA,63.190986707337174,270.0,193.33199999999988,283.4949999999999,-76.66800000000012,13.494999999999862,76.66800000000012,37.347000000000094,2144.1533600000075,491.8059090000017,3,25.55600000000004,12.449000000000032,26.734206303286232,12.803722232226088,0.283955555555556,0.13832222222222257,-0.283955555555556,0.049981481481480974,ML,AutoARIMA,SCP,x11 lineal,51.28736891532317,377.0,333.5069999999997,524.2529999999998,-43.49300000000025,147.25299999999982,125.90300000000005,171.10500000000008,3521.9840370000047,6508.189433,6,20.98383333333334,28.517500000000013,24.228027973815795,32.93475730642832,0.33396021220159167,0.45385941644562355,-0.11536604774535876,0.390591511936339,SCP,x11 lineal,ML,AutoARIMA,26.417696735922387,2026-07-11 11:04:33.553,0,,
"8578,63,60,10664,1,257,Protea,White,""40-50cm"",,,,,,,copy last year,copy last year,success,,NOT_COMPARABLE_MISSING_SCP_AND_ML,1,0,0,0.0,60.0,0.0,0.0,0.0,0.0,,,,,,,,,,,,,,,,,,,,,,,,,,,,,,,,,,,,,,,,,,,,,,,,,,,,,,,,,,,,,,,,,,,,,,,,,,,,,,,,,,,,,,,,,,,,,,,,,,,,,,,,,,,,,,,,,,,,,,,,,,,,,,,,,,,,,,,,,,,,,,,,,,,,,,,,,,,,,,,,,,,,,,,,,,,,,,,,,,,,,,,,,,,,,,,,,,,,,,,,,,2026-07-11 11:04:33.553,1,ShortSeries,NoForecastRowsMaterialized"
8579,63,60,10664,1,262,Anthurium,Burgundy,Medium,,,,,,,copy last year,copy last year,success,,NOT_COMPARABLE_MISSING_SCP_AND_ML,1,0,0,0.0,10.0,30.0,30.0,70.0,50.0,,,,,,,,,,,,,,,,,,,,,,,,,,,,,,,,,,,,,,,,,,,,,,,,,,,,,,,,,,,,,,,,,,,,,,,,,,,,,,,,,,,,,,,,,,,,,,,,,,,,,,,,,,,,,,,,,,,,,,,,,,,,,,,,,,,,,,,,,,,,,,,,,,,,,,,,,,,,,,,,,,,,,,,,,,,,,,,,,,,,,,,,,,,,,,,,,,,,,,,,,,2026-07-11 11:04:33.553,1,ShortSeries,NoForecastRowsMaterialized
8580,63,60,10664,1,264,Anthurium,Red,Medium,,,AutoARIMA,smooth_acceptable,smooth_acceptable_acceptable,acceptable,x11 lineal,x11 lineal,success,smooth_acceptable,COMPARABLE,1,1,1,450.0,714.0,520.0,580.0,943.0,320.0,660.0209999999997,736.0340000000007,655.9189999999999,351.71400000000034,1087.5449999999935,564.6110000000002,612.4689999999998,716.1510000000004,633.8499999999984,372.55299999999863,1046.6870000000017,512.2440000000004,210.02099999999973,22.034000000000674,135.91899999999987,-228.28599999999966,144.54499999999348,244.61100000000022,162.46899999999982,2.1510000000004084,113.84999999999843,-207.44700000000137,103.68700000000172,192.24400000000037,210.02099999999973,22.034000000000674,135.91899999999987,228.28599999999966,144.54499999999348,244.61100000000022,162.46899999999982,2.1510000000004084,113.84999999999843,207.44700000000137,103.68700000000172,192.24400000000037,44108.82044099989,485.4971560000297,18473.974560999963,52114.49779599984,20893.257024998115,59834.541321000106,26396.175960999943,4.626801000001757,12961.822499999642,43034.25780900057,10750.993969000356,36957.75553600014,1,1,1,1,1,1,210.02099999999973,22.034000000000674,135.91899999999987,228.28599999999966,144.54499999999348,244.61100000000022,162.46899999999982,2.1510000000004084,113.84999999999843,207.44700000000137,103.68700000000172,192.24400000000037,210.02099999999973,22.034000000000674,135.91899999999987,228.28599999999966,144.54499999999348,244.61100000000022,162.46899999999982,2.1510000000004084,113.84999999999843,207.44700000000137,103.68700000000172,192.24400000000037,0.46671333333333276,0.03085994397759198,0.26138269230769207,0.3935965517241373,0.15328207847295172,0.7644093750000007,0.3610422222222218,0.0030126050420173785,0.2189423076923047,0.3576672413793127,0.10995440084835813,0.6007625000000012,0.46671333333333276,0.03085994397759198,0.26138269230769207,-0.3935965517241373,0.15328207847295172,0.7644093750000007,0.3610422222222218,0.0030126050420173785,0.2189423076923047,-0.3576672413793127,0.10995440084835813,0.6007625000000012,ML,ML,ML,ML,ML,ML,AutoARIMA,AutoARIMA,AutoARIMA,AutoARIMA,AutoARIMA,AutoARIMA,SCP,SCP,SCP,SCP,SCP,SCP,x11 lineal,x11 lineal,x11 lineal,x11 lineal,x11 lineal,x11 lineal,22.641545369272585,90.23781428700943,16.236876374900827,9.128461666505308,28.266629769271578,21.40827681502459,1843.0,2003.869999999994,1931.4840000000008,160.86999999999404,88.48400000000072,617.4419999999934,503.37800000000345,132842.29614199806,90743.00731400106,3,205.8139999999978,167.79266666666783,210.429953620358,173.9185703272282,0.3350200759631001,0.27312967986977943,0.08728703201301902,0.0480108518719483,ML,AutoARIMA,SCP,x11 lineal,18.47363800972256,1684.0,2051.974,1962.4699999999987,367.9740000000003,278.46999999999866,367.9740000000003,278.46999999999866,63068.29215799988,39362.62526199959,3,122.65800000000009,92.82333333333288,144.99228963178223,114.5463883644229,0.21851187648456075,0.1653622327790966,0.21851187648456075,0.1653622327790966,ML,AutoARIMA,SCP,x11 lineal,24.323457635594245,3527.0,4055.843999999994,3893.9539999999997,528.8439999999944,366.9539999999994,985.4159999999937,781.8480000000021,195910.58829999794,130105.63257600066,6,164.23599999999894,130.30800000000036,180.69799311742872,147.25580496537347,0.27939211794726215,0.22167507796994673,0.14994159342217023,0.10404139495321786,ML,AutoARIMA,SCP,x11 lineal,20.658077400812733,2026-07-11 11:04:33.553,0,,
"8581,63,60,10664,1,265,Orchids,"""","""",,,AutoTheta,erratic_acceptable,erratic_acceptable_acceptable,acceptable,x11 lineal,x11 lineal,success,erratic_acceptable,COMPARABLE,1,1,1,2.0,4.0,5.0,1.0,0.0,0.0,1.7749999999999981,4.337999999999997,0.7160000000000003,0.10100000000000003,0.13800000000000007,0.2560000000000001,1.22,1.3419999999999992,1.4659999999999993,5.334,5.333000000000003,5.333000000000001,-0.22500000000000187,0.3379999999999974,-4.284,-0.899,0.13800000000000007,0.2560000000000001,-0.78,-2.658000000000001,-3.5340000000000007,4.334,5.333000000000003,5.333000000000001,0.22500000000000187,0.3379999999999974,4.284,0.899,0.13800000000000007,0.2560000000000001,0.78,2.658000000000001,3.5340000000000007,4.334,5.333000000000003,5.333000000000001,0.050625000000000836,0.11424399999999825,18.352656,0.8082010000000001,0.01904400000000002,0.06553600000000005,0.6084,7.064964000000004,12.489156000000005,18.783555999999997,28.44088900000003,28.440889000000013,1,1,1,1,0,0,0.22500000000000187,0.3379999999999974,4.284,0.899,,,0.78,2.658000000000001,3.5340000000000007,4.334,,,0.22500000000000187,0.3379999999999974,4.284,0.899,,,0.78,2.658000000000001,3.5340000000000007,4.334,,,0.11250000000000093,0.08449999999999935,0.8568,0.899,,,0.39,0.6645000000000002,0.7068000000000001,4.334,,,-0.11250000000000093,0.08449999999999935,-0.8568,-0.899,,,-0.39,-0.6645000000000002,-0.7068000000000001,4.334,,,SCP,SCP,ML,SCP,,,x11 lineal,x11 lineal,AutoTheta,x11 lineal,,,ML,ML,SCP,ML,,,AutoTheta,AutoTheta,x11 lineal,AutoTheta,,,71.15384615384592,87.2836719337849,17.50700280112044,79.2570373788648,,,1.0,0.4950000000000002,16.000000000000004,-0.5049999999999999,15.000000000000004,1.2930000000000001,15.000000000000004,0.8927810000000002,75.66533400000003,1,1.2930000000000001,15.000000000000004,0.9448708906512043,8.698582298282867,1.2930000000000001,15.000000000000004,-0.5049999999999999,15.000000000000004,SCP,x11 lineal,ML,AutoTheta,91.38000000000001,11.0,6.828999999999995,4.027999999999999,-4.171000000000005,-6.972000000000002,4.8469999999999995,6.972000000000002,18.517525,20.162520000000008,3,1.6156666666666666,2.3240000000000007,2.4844533268575066,2.5924582928178426,0.4406363636363636,0.6338181818181821,-0.3791818181818186,-0.6338181818181821,SCP,x11 lineal,ML,AutoTheta,30.47905909351696,12.0,7.323999999999996,20.028000000000002,-4.676000000000005,8.028000000000002,6.14,21.972000000000005,19.410306000000002,95.82785400000004,4,1.535,5.493000000000001,2.202856441078265,4.8945851203140815,0.5116666666666666,1.8310000000000004,-0.38966666666666705,0.6690000000000002,SCP,x11 lineal,ML,AutoTheta,72.05534316402694,2026-07-11 11:04:33.553,0,,"
8582,63,60,10664,1,266,Orchids,Orange,Regular,,,,,,,copy last year,copy last year,success,,NOT_COMPARABLE_MISSING_SCP_AND_ML,1,0,0,0.0,0.0,-2.0,18.0,0.0,0.0,,,,,,,,,,,,,,,,,,,,,,,,,,,,,,,,,,,,,,,,,,,,,,,,,,,,,,,,,,,,,,,,,,,,,,,,,,,,,,,,,,,,,,,,,,,,,,,,,,,,,,,,,,,,,,,,,,,,,,,,,,,,,,,,,,,,,,,,,,,,,,,,,,,,,,,,,,,,,,,,,,,,,,,,,,,,,,,,,,,,,,,,,,,,,,,,,,,,,,,,,,2026-07-11 11:04:33.553,1,ShortSeries,NoForecastRowsMaterialized
8583,63,60,10664,1,267,Orchids,Orange,Super,,,AutoETS,smooth_acceptable,smooth_acceptable_acceptable,acceptable,x11 lineal,x11 lineal,success,smooth_acceptable,COMPARABLE,1,1,1,147.0,223.0,175.0,193.0,119.0,92.0,192.92800000000005,193.61099999999993,155.787999999999,156.44300000000058,148.54899999999984,168.50699999999966,152.30599999999967,171.5440000000005,142.73899999999966,103.35399999999998,93.15999999999971,129.35499999999985,45.928000000000054,-29.389000000000067,-19.212000000001012,-36.55699999999942,29.548999999999836,76.50699999999966,5.3059999999996705,-51.455999999999506,-32.26100000000034,-89.64600000000002,-25.840000000000288,37.35499999999985,45.928000000000054,29.389000000000067,19.212000000001012,36.55699999999942,29.548999999999836,76.50699999999966,5.3059999999996705,51.455999999999506,32.26100000000034,89.64600000000002,25.840000000000288,37.35499999999985,2109.381184000005,863.7133210000039,369.1009440000389,1336.4142489999576,873.1434009999903,5853.321048999948,28.153635999996503,2647.719935999949,1040.7721210000218,8036.405316000003,667.7056000000149,1395.3960249999886,1,1,1,1,1,1,45.928000000000054,29.389000000000067,19.212000000001012,36.55699999999942,29.548999999999836,76.50699999999966,5.3059999999996705,51.455999999999506,32.26100000000034,89.64600000000002,25.840000000000288,37.35499999999985,45.928000000000054,29.389000000000067,19.212000000001012,36.55699999999942,29.548999999999836,76.50699999999966,5.3059999999996705,51.455999999999506,32.26100000000034,89.64600000000002,25.840000000000288,37.35499999999985,0.3124353741496602,0.13178923766816172,0.10978285714286293,0.1894145077720177,0.24831092436974653,0.8315978260869529,0.036095238095235856,0.23074439461883187,0.18434857142857336,0.4644870466321244,0.21714285714285955,0.4060326086956505,0.3124353741496602,-0.13178923766816172,-0.10978285714286293,-0.1894145077720177,0.24831092436974653,0.8315978260869529,0.036095238095235856,-0.23074439461883187,-0.18434857142857336,-0.4644870466321244,-0.21714285714285955,0.4060326086956505,ML,SCP,SCP,SCP,ML,ML,AutoETS,x11 lineal,x11 lineal,x11 lineal,AutoETS,AutoETS,SCP,ML,ML,ML,SCP,SCP,x11 lineal,AutoETS,AutoETS,AutoETS,x11 lineal,x11 lineal,88.44713464553287,42.88518345771077,40.44821921204919,59.220712580595446,12.552032217670888,51.17440234226932,404.0,473.499,325.8689999999996,69.49900000000008,-78.13100000000045,142.61299999999892,152.84100000000015,8062.878698999896,10099.506941000007,3,47.537666666666304,50.94700000000005,51.842320868186114,58.02156765950632,0.3530024752475221,0.37831930693069343,0.17202722772277249,-0.19339356435643676,SCP,x11 lineal,ML,AutoETS,6.691921670233255,545.0,542.326999999999,466.5889999999998,-2.673000000001025,-78.41100000000017,94.52900000000113,89.02299999999951,3342.1954490000476,3716.645692999967,3,31.509666666667044,29.67433333333317,33.37761449934196,35.197754156574476,0.17344770642202043,0.16334495412843947,-0.004904587155965184,-0.14387339449541317,ML,AutoETS,SCP,x11 lineal,5.824667562337014,949.0,1015.8259999999991,792.4579999999994,66.82599999999906,-156.54200000000063,237.14200000000005,241.86399999999966,11405.074147999945,13816.152633999975,6,39.52366666666668,40.31066666666661,43.598689101087935,47.986374166701346,0.2498861959957851,0.25486195995785,0.0704172813487872,-0.16495468914647063,SCP,x11 lineal,ML,AutoETS,1.9523368504612475,2026-07-11 11:04:33.553,0,,
"8584,63,60,10664,1,268,Orchids,White,""10/12 bloom"",,,,,,,preserve current forecast,preserve current forecast,success,,NOT_COMPARABLE_MISSING_SCP_AND_ML,1,0,0,0.0,0.0,0.0,0.0,0.0,0.0,,,,,,,,,,,,,,,,,,,,,,,,,,,,,,,,,,,,,,,,,,,,,,,,,,,,,,,,,,,,,,,,,,,,,,,,,,,,,,,,,,,,,,,,,,,,,,,,,,,,,,,,,,,,,,,,,,,,,,,,,,,,,,,,,,,,,,,,,,,,,,,,,,,,,,,,,,,,,,,,,,,,,,,,,,,,,,,,,,,,,,,,,,,,,,,,,,,,,,,,,,2026-07-11 11:04:33.553,1,MissingHistory,NoForecastRowsMaterialized"
"8585,63,60,10664,1,272,Roses,Assorted,""60-80cm"",,,MovingAverage3M,smooth_acceptable,smooth_acceptable_acceptable,acceptable,x11 lineal,x11 lineal,success,smooth_acceptable,COMPARABLE,1,1,1,2550.0,3066.0,2780.0,3300.0,3100.0,2790.0,3042.0959999999995,2729.221000000001,2959.765999999999,3552.562,3081.021999999999,3475.3980000000024,3066.6669999999995,3066.6669999999995,3066.666,2900.0009999999997,2900.0009999999993,2899.9990000000003,492.09599999999955,-336.7789999999991,179.76599999999917,252.5619999999999,-18.978000000000975,685.3980000000024,516.6669999999995,0.6669999999994616,286.66600000000017,-399.99900000000025,-199.9990000000007,109.99900000000025,492.09599999999955,336.7789999999991,179.76599999999917,252.5619999999999,18.978000000000975,685.3980000000024,516.6669999999995,0.6669999999994616,286.66600000000017,399.99900000000025,199.9990000000007,109.99900000000025,242158.47321599955,113420.09484099939,32315.8147559997,63787.563843999946,360.164484000037,469770.4184040033,266944.78888899944,0.4448889999992817,82177.39555600009,159999.2000010002,39999.60000100028,12099.780001000056,1,1,1,1,1,1,492.09599999999955,336.7789999999991,179.76599999999917,252.5619999999999,18.978000000000975,685.3980000000024,516.6669999999995,0.6669999999994616,286.66600000000017,399.99900000000025,199.9990000000007,109.99900000000025,492.09599999999955,336.7789999999991,179.76599999999917,252.5619999999999,18.978000000000975,685.3980000000024,516.6669999999995,0.6669999999994616,286.66600000000017,399.99900000000025,199.9990000000007,109.99900000000025,0.1929788235294116,0.10984311806914517,0.06466402877697812,0.07653393939393936,0.006121935483871283,0.2456623655913987,0.20261450980392134,0.0002175472928896,0.10311726618705042,0.12121181818181825,0.06451580645161313,0.03942616487455206,0.1929788235294116,-0.10984311806914517,0.06466402877697812,0.07653393939393936,-0.006121935483871283,0.2456623655913987,0.20261450980392134,0.0002175472928896,0.10311726618705042,-0.12121181818181825,-0.06451580645161313,0.03942616487455206,SCP,ML,SCP,SCP,SCP,ML,x11 lineal,MovingAverage3M,x11 lineal,x11 lineal,x11 lineal,MovingAverage3M,ML,SCP,ML,ML,ML,SCP,MovingAverage3M,x11 lineal,MovingAverage3M,MovingAverage3M,MovingAverage3M,x11 lineal,4.755674351177818,99.80194727105922,37.29078439717334,36.85934214835543,90.51095255476231,83.95107660074879,9190.0,10108.982000000002,8700.001,918.9820000000013,-489.9990000000007,956.9380000000033,709.9970000000012,533918.1467320033,212098.58000300053,3,318.9793333333344,236.66566666666708,421.86812581342815,265.89382592995054,0.1041281828073997,0.07725756256800884,0.09999804134929285,-0.05331871599564752,ML,MovingAverage3M,SCP,x11 lineal,25.805329080881016,8396.0,8731.082999999999,9200.0,335.08299999999963,803.9999999999991,1008.6409999999978,803.9999999999991,387894.3828129986,349122.62933399953,3,336.2136666666659,267.9999999999997,359.58048835320983,341.13664385111116,0.12013351595998069,0.09575988565983791,0.03990983801810381,0.09575988565983791,ML,MovingAverage3M,SCP,x11 lineal,20.288784612166193,17586.0,18840.065000000002,17900.001,1254.065000000001,314.0009999999984,1965.579000000001,1513.9970000000003,921812.5295450019,561221.209337,6,327.59650000000016,252.33283333333338,391.9635462524974,305.8379770774606,0.11176953258273634,0.0860910383259411,0.0713104173774594,0.017855168884339724,ML,MovingAverage3M,SCP,x11 lineal,22.974502678345704,2026-07-11 11:04:33.553,0,,"
"8586,63,60,10664,1,273,Roses,Green,""70-80cm"",,,TSB,lumpy_acceptable,lumpy_acceptable_acceptable,acceptable,seasonal discrete,seasonal discrete,success,lumpy_acceptable,COMPARABLE,1,1,1,0.0,0.0,300.0,525.0,0.0,0.0,38.22399999999998,387.59299999999996,274.3510000000001,1107.878000000001,0.0,28.783999999999985,122.058,122.05700000000002,122.05799999999998,115.44000000000001,115.43800000000002,115.43999999999991,38.22399999999998,387.59299999999996,-25.648999999999887,582.8780000000011,0.0,28.783999999999985,122.058,122.05700000000002,-177.942,-409.56,115.43800000000002,115.43999999999991,38.22399999999998,387.59299999999996,25.648999999999887,582.8780000000011,0.0,28.783999999999985,122.058,122.05700000000002,177.942,409.56,115.43800000000002,115.43999999999991,1461.0741759999987,150228.33364899998,657.8712009999942,339746.76288400125,0.0,828.5186559999992,14898.155364000002,14897.911249000004,31663.355364000003,167739.3936,13325.931844000004,13326.39359999998,0,0,1,1,0,0,,,25.648999999999887,582.8780000000011,,,,,177.942,409.56,,,,,25.648999999999887,582.8780000000011,,,,,177.942,409.56,,,,,0.08549666666666629,1.1102438095238116,,,,,0.59314,0.7801142857142858,,,,,-0.08549666666666629,1.1102438095238116,,,,,-0.59314,-0.7801142857142858,,,,,SCP,ML,,,,,seasonal discrete,TSB,,,,,ML,SCP,,,,,TSB,seasonal discrete,,,,,85.58575266097948,29.734867330727997,,,525.0,1136.662000000001,346.3179999999999,611.6620000000011,-178.68200000000007,611.6620000000011,640.4379999999999,340575.2815400012,194391.719044,1,611.6620000000011,640.4379999999999,583.5882808453244,440.8987628061571,1.1650704761904782,1.2198819047619045,1.1650704761904782,-0.3403466666666668,SCP,seasonal discrete,ML,TSB,4.49317498337057,300.0,700.168,366.173,400.16800000000006,66.17300000000002,451.46599999999984,422.057,152347.27902599997,61459.421977000005,1,451.46599999999984,422.057,390.3168956450642,247.910108662394,1.504886666666666,1.4068566666666666,1.3338933333333336,0.22057666666666673,ML,TSB,SCP,seasonal discrete,6.514111804654134,825.0,1836.830000000001,712.491,1011.8300000000012,-112.50900000000007,1063.1280000000008,1062.495,492922.56056600116,255851.14102100002,2,531.5640000000004,531.2475,496.44866832634426,357.6668429006245,1.2886400000000011,1.287872727272727,1.2264606060606076,-0.13637454545454555,ML,TSB,SCP,seasonal discrete,0.059541278190499994,2026-07-11 11:04:33.553,0,,"
"8587,63,60,10664,1,274,Roses,White,""70cm"",,,AutoETS,smooth_acceptable,smooth_acceptable_acceptable,acceptable,x11 lineal,x11 lineal,success,smooth_acceptable,COMPARABLE,1,1,1,1000.0,2000.0,1100.0,1550.0,1800.0,1500.0,1172.729,1262.357,1212.164,1455.421,2307.738,1505.883,1522.699,1587.1449999999998,1559.9999999999998,2067.647,2011.7649999999996,1955.883,172.72900000000004,-737.643,112.16399999999999,-94.57899999999995,507.73799999999983,5.883000000000038,522.6990000000001,-412.85500000000025,459.9999999999998,517.6469999999999,211.76499999999965,455.88300000000004,172.72900000000004,737.643,112.16399999999999,94.57899999999995,507.73799999999983,5.883000000000038,522.6990000000001,412.85500000000025,459.9999999999998,517.6469999999999,211.76499999999965,455.88300000000004,29835.307441000015,544117.195449,12580.762895999997,8945.18724099999,257797.87664399983,34.60968900000045,273214.2446010001,170449.2510250002,211599.9999999998,267958.41660899995,44844.41522499985,207829.30968900005,1,1,1,1,1,1,172.72900000000004,737.643,112.16399999999999,94.57899999999995,507.73799999999983,5.883000000000038,522.6990000000001,412.85500000000025,459.9999999999998,517.6469999999999,211.76499999999965,455.88300000000004,172.72900000000004,737.643,112.16399999999999,94.57899999999995,507.73799999999983,5.883000000000038,522.6990000000001,412.85500000000025,459.9999999999998,517.6469999999999,211.76499999999965,455.88300000000004,0.17272900000000005,0.3688215,0.10196727272727271,0.061018709677419326,0.2820766666666666,0.003922000000000025,0.522699,0.20642750000000012,0.418181818181818,0.33396580645161283,0.11764722222222203,0.303922,0.17272900000000005,-0.3688215,0.10196727272727271,-0.061018709677419326,0.2820766666666666,0.003922000000000025,0.522699,-0.20642750000000012,0.418181818181818,0.33396580645161283,0.11764722222222203,0.303922,SCP,ML,SCP,SCP,ML,SCP,x11 lineal,AutoETS,x11 lineal,x11 lineal,AutoETS,x11 lineal,ML,SCP,ML,ML,SCP,ML,AutoETS,x11 lineal,AutoETS,AutoETS,x11 lineal,AutoETS,66.95440396863204,44.030513405536254,75.61652173913043,81.72905474193803,58.29246579929025,98.70953731549541,4850.0,5269.042,6035.295,419.0419999999999,1185.2949999999996,608.1999999999998,1185.2949999999996,266777.67357399984,520632.14152299985,3,202.73333333333326,395.0983333333332,298.204445291034,416.5861821692281,0.12540206185567007,0.24439072164948444,0.08640041237113401,0.24439072164948444,SCP,x11 lineal,ML,AutoETS,48.687879388675384,4100.0,3647.25,4669.843999999999,-452.75,569.8439999999996,1022.5360000000001,1395.554,586533.265786,655263.4956260001,3,340.8453333333334,465.1846666666667,442.16635850699146,467.3555019561305,0.24939902439024392,0.3403790243902439,-0.11042682926829268,0.13898634146341454,SCP,x11 lineal,ML,AutoETS,26.72902660878762,8950.0,8916.292,10705.139,-33.708000000000084,1755.1389999999992,1630.7359999999999,2580.8489999999993,853310.9393599997,1175895.637149,6,271.78933333333333,430.1414999999999,377.1186681846091,442.6992276834239,0.18220513966480445,0.28836301675977644,-0.0037662569832402327,0.19610491620111722,SCP,x11 lineal,ML,AutoETS,36.81397090647301,2026-07-11 11:04:33.553,0,,"
8588,63,60,10664,1,275,Alstroemeria,Assorted,Fancy,,,SeasonalNaive,smooth_acceptable,smooth_acceptable_acceptable,acceptable,x11 lineal,x11 lineal,success,smooth_acceptable,COMPARABLE,1,1,1,8627.0,13770.0,11124.0,11607.0,9671.0,9058.0,9999.420999999993,13624.141999999914,10655.106999999836,10614.840999999968,8965.558000000014,10236.598999999955,11785.00099999995,15622.000000000047,12026.000000000053,12743.000000000231,10194.000000000251,10949.999000000142,1372.420999999993,-145.85800000008567,-468.89300000016374,-992.1590000000324,-705.4419999999864,1178.5989999999547,3158.0009999999493,1852.0000000000473,902.0000000000528,1136.000000000231,523.000000000251,1891.9990000001417,1372.420999999993,145.85800000008567,468.89300000016374,992.1590000000324,705.4419999999864,1178.5989999999547,3158.0009999999493,1852.0000000000473,902.0000000000528,1136.000000000231,523.000000000251,1891.9990000001417,1883539.4012409807,21274.55616402499,219860.64544915356,984379.4812810643,497648.41536398075,1389095.6028008931,9972970.31600068,3429904.000000175,813604.0000000951,1290496.0000005248,273529.0000002626,3579660.216001536,1,1,1,1,1,1,1372.420999999993,145.85800000008567,468.89300000016374,992.1590000000324,705.4419999999864,1178.5989999999547,3158.0009999999493,1852.0000000000473,902.0000000000528,1136.000000000231,523.000000000251,1891.9990000001417,1372.420999999993,145.85800000008567,468.89300000016374,992.1590000000324,705.4419999999864,1178.5989999999547,3158.0009999999493,1852.0000000000473,902.0000000000528,1136.000000000231,523.000000000251,1891.9990000001417,0.15908438622927937,0.010592447349316315,0.04215147428983852,0.08547936589989079,0.07294405955950639,0.13011691322587268,0.36606015996290125,0.13449527959332225,0.08108594030924603,0.09787197380892831,0.054079205873255196,0.2088760211967478,0.15908438622927937,-0.010592447349316315,-0.04215147428983852,-0.08547936589989079,-0.07294405955950639,0.13011691322587268,0.36606015996290125,0.13449527959332225,0.08108594030924603,0.09787197380892831,0.054079205873255196,0.2088760211967478,SCP,SCP,SCP,SCP,ML,SCP,x11 lineal,x11 lineal,x11 lineal,x11 lineal,SeasonalNaive,x11 lineal,ML,ML,ML,ML,SCP,ML,SeasonalNaive,SeasonalNaive,SeasonalNaive,SeasonalNaive,x11 lineal,SeasonalNaive,56.541464046401025,92.12429805615108,48.01629711750152,12.662059859169835,25.86208362980073,37.70615100748644,30336.0,29816.997999999938,33886.99900000062,-519.0020000000641,3550.9990000006237,2876.1999999999734,3550.9990000006237,2871123.499445938,5143685.216002324,3,958.7333333333245,1183.6663333335412,978.284808469384,1309.4127457251366,0.09481144514767845,0.11705561049580115,-0.017108452004221522,0.11705561049580115,SCP,x11 lineal,ML,SeasonalNaive,19.00307490935739,33521.0,34278.66999999974,39433.00100000005,757.6699999997436,5912.001000000049,1987.1720000002424,5912.001000000049,2124674.602854159,14216478.31600095,3,662.3906666667475,1970.6670000000165,841.5609708262695,2176.884495175077,0.05928140568599512,0.17636708332090478,0.022602845977141003,0.17636708332090478,SCP,x11 lineal,ML,SeasonalNaive,66.38748877071865,63857.0,64095.66799999967,73320.00000000067,238.66799999967952,9463.000000000673,4863.372000000216,9463.000000000673,4995798.102300098,19360163.532003272,6,810.5620000000359,1577.1666666667788,912.4872695276446,1796.300064577337,0.07616035830058124,0.1481904881219079,0.0037375385627210723,0.1481904881219079,SCP,x11 lineal,ML,SeasonalNaive,48.60644615872482,2026-07-11 11:04:33.553,0,,
8589,63,60,10664,1,276,Alstroemeria,Green,Super Select,,,HistoricAverage,smooth_acceptable,smooth_acceptable_acceptable,acceptable,x11 lineal,x11 lineal,success,smooth_acceptable,COMPARABLE,1,1,1,104.0,83.0,115.0,159.0,67.0,79.0,121.67399999999985,108.36000000000001,117.83599999999979,227.6170000000003,55.49699999999995,106.0700000000001,94.28200000000012,94.28200000000011,94.28300000000026,121.4160000000001,121.41700000000039,121.41600000000022,17.67399999999985,25.360000000000014,2.8359999999997854,68.6170000000003,-11.50300000000005,27.070000000000107,-9.717999999999876,11.28200000000011,-20.716999999999743,-37.583999999999904,54.417000000000385,42.416000000000224,17.67399999999985,25.360000000000014,2.8359999999997854,68.6170000000003,11.50300000000005,27.070000000000107,9.717999999999876,11.28200000000011,20.716999999999743,37.583999999999904,54.417000000000385,42.416000000000224,312.3702759999947,643.1296000000007,8.042895999998782,4708.292689000042,132.31900900000116,732.7849000000058,94.43952399999758,127.28352400000249,429.19408899998933,1412.5570559999928,2961.209889000042,1799.117056000019,1,1,1,1,1,1,17.67399999999985,25.360000000000014,2.8359999999997854,68.6170000000003,11.50300000000005,27.070000000000107,9.717999999999876,11.28200000000011,20.716999999999743,37.583999999999904,54.417000000000385,42.416000000000224,17.67399999999985,25.360000000000014,2.8359999999997854,68.6170000000003,11.50300000000005,27.070000000000107,9.717999999999876,11.28200000000011,20.716999999999743,37.583999999999904,54.417000000000385,42.416000000000224,0.16994230769230625,0.30554216867469897,0.024660869565215526,0.4315534591194988,0.17168656716417985,0.3426582278481026,0.09344230769230649,0.13592771084337482,0.1801478260869543,0.23637735849056543,0.8121940298507521,0.5369113924050661,0.16994230769230625,0.30554216867469897,0.024660869565215526,0.4315534591194988,-0.17168656716417985,0.3426582278481026,-0.09344230769230649,0.13592771084337482,-0.1801478260869543,-0.23637735849056543,0.8121940298507521,0.5369113924050661,ML,ML,SCP,ML,SCP,SCP,HistoricAverage,HistoricAverage,x11 lineal,HistoricAverage,x11 lineal,x11 lineal,SCP,SCP,ML,SCP,ML,ML,x11 lineal,x11 lineal,HistoricAverage,x11 lineal,HistoricAverage,HistoricAverage,45.01527667760576,55.51261829652956,86.31075927981938,45.22640162059003,78.86138522888075,36.17974349302159,305.0,389.18400000000037,364.2490000000007,84.18400000000037,59.249000000000706,107.19000000000045,134.4170000000005,5573.3965980000485,6172.884001000053,3,35.73000000000015,44.80566666666684,43.10219096519359,45.36108464679114,0.3514426229508212,0.44071147540983774,0.27601311475409956,0.19425901639344495,SCP,x11 lineal,ML,HistoricAverage,20.255622428710616,302.0,347.86999999999966,282.8470000000005,45.86999999999965,-19.15299999999951,45.86999999999965,41.71699999999973,963.5427719999941,650.9171369999895,3,15.289999999999884,13.905666666666576,17.92152125239367,14.72998231499266,0.15188741721854188,0.13813576158940308,0.15188741721854188,-0.06342052980132287,ML,HistoricAverage,SCP,x11 lineal,9.053847830826136,607.0,737.0540000000001,647.0960000000011,130.054,40.0960000000012,153.06000000000012,176.13400000000024,6536.939370000043,6823.8011380000435,6,25.51000000000002,29.355666666666707,33.0074218169188,33.72388159252541,0.25215815485996723,0.29017133443163134,0.21425700164744646,0.06605601317957363,SCP,x11 lineal,ML,HistoricAverage,13.100253216301274,2026-07-11 11:04:33.553,0,,
8590,63,60,10664,1,277,Alstroemeria,Lavender,Incredible,,,,intermittent_obsolete,intermittent_obsolete_obsolete,obsolete,copy last year,copy last year,success,intermittent_obsolete,NOT_COMPARABLE_MISSING_SCP_AND_ML,1,0,0,0.0,0.0,0.0,0.0,0.0,0.0,,,,,,,,,,,,,,,,,,,,,,,,,,,,,,,,,,,,,,,,,,,,,,,,,,,,,,,,,,,,,,,,,,,,,,,,,,,,,,,,,,,,,,,,,,,,,,,,,,,,,,,,,,,,,,,,,,,,,,,,,,,,,,,,,,,,,,,,,,,,,,,,,,,,,,,,,,,,,,,,,,,,,,,,,,,,,,,,,,,,,,,,,,,,,,,,,,,,,,,,,,2026-07-11 11:04:33.553,0,,NoForecastRowsMaterialized
8591,63,60,10664,1,278,Alstroemeria,Purple,Perfection,,,,,,,preserve current forecast,preserve current forecast,success,,NOT_COMPARABLE_ML_EXCLUDED,1,1,0,0.0,0.0,0.0,0.0,0.0,0.0,0.0,58.0,6.0,0.0,0.0,0.0,,,,,,,,,,,,,,,,,,,,,,,,,,,,,,,,,,,,,,,,,,,,,,,,,,,,,,,,,,,,,,,,,,,,,,,,,,,,,,,,,,,,,,,,,,,,,,,,,,,,,,,,,,,,,,,,,,,,,,,,,,,,,,,,,,,,,,,,,,,,,,,,,,,,,,,,,,,,,,,,,,,,,,,,,,,,,,,,,,,,,,,,,,,,,,,,,,,,2026-07-11 11:04:33.553,1,MissingHistory,NoForecastRowsMaterialized
8592,63,60,10664,1,280,Anthurium,Dark Red,Small,,,,,,,copy last year,copy last year,success,,NOT_COMPARABLE_MISSING_SCP_AND_ML,1,0,0,240.0,195.0,249.0,260.0,273.0,150.0,,,,,,,,,,,,,,,,,,,,,,,,,,,,,,,,,,,,,,,,,,,,,,,,,,,,,,,,,,,,,,,,,,,,,,,,,,,,,,,,,,,,,,,,,,,,,,,,,,,,,,,,,,,,,,,,,,,,,,,,,,,,,,,,,,,,,,,,,,,,,,,,,,,,,,,,,,,,,,,,,,,,,,,,,,,,,,,,,,,,,,,,,,,,,,,,,,,,,,,,,,2026-07-11 11:04:33.553,1,ShortSeries,NoForecastRowsMaterialized
8593,63,60,10664,1,281,Anthurium,White,Medium,,,AutoETS,smooth_acceptable,smooth_acceptable_acceptable,acceptable,x11 lineal,x11 lineal,success,smooth_acceptable,COMPARABLE,1,1,1,456.0,755.0,899.0,620.0,664.0,448.0,973.0289999999967,862.528,910.6220000000047,782.3319999999952,847.4159999999991,670.1059999999998,725.5889999999981,762.3900000000009,814.5120000000023,773.3339999999987,773.3329999999986,773.3339999999996,517.0289999999967,107.52800000000002,11.622000000004732,162.33199999999522,183.41599999999914,222.10599999999977,269.5889999999981,7.390000000000896,-84.48799999999767,153.3339999999987,109.3329999999986,325.3339999999996,517.0289999999967,107.52800000000002,11.622000000004732,162.33199999999522,183.41599999999914,222.10599999999977,269.5889999999981,7.390000000000896,84.48799999999767,153.3339999999987,109.3329999999986,325.3339999999996,267318.9868409966,11562.270784000004,135.07088400011,26351.678223998446,33641.42905599969,49331.075235999895,72678.22892099898,54.61210000001324,7138.2221439996065,23511.3155559996,11953.704888999695,105842.21155599975,1,1,1,1,1,1,517.0289999999967,107.52800000000002,11.622000000004732,162.33199999999522,183.41599999999914,222.10599999999977,269.5889999999981,7.390000000000896,84.48799999999767,153.3339999999987,109.3329999999986,325.3339999999996,517.0289999999967,107.52800000000002,11.622000000004732,162.33199999999522,183.41599999999914,222.10599999999977,269.5889999999981,7.390000000000896,84.48799999999767,153.3339999999987,109.3329999999986,325.3339999999996,1.1338355263157822,0.14242119205298015,0.012927697441607043,0.2618258064516052,0.2762289156626493,0.4957723214285709,0.591203947368417,0.009788079470199862,0.09397997775305636,0.24731290322580435,0.16465813253011838,0.7261919642857134,1.1338355263157822,0.14242119205298015,0.012927697441607043,0.2618258064516052,0.2762289156626493,0.4957723214285709,0.591203947368417,0.009788079470199862,-0.09397997775305636,0.24731290322580435,0.16465813253011838,0.7261919642857134,ML,ML,SCP,ML,ML,SCP,AutoETS,AutoETS,x11 lineal,AutoETS,AutoETS,x11 lineal,SCP,SCP,ML,SCP,SCP,ML,x11 lineal,x11 lineal,AutoETS,x11 lineal,x11 lineal,AutoETS,47.858050515541706,93.12737147533583,86.24420035980843,5.5429613384895084,40.39069655864312,31.729853012596276,1732.0,2299.8539999999944,2320.0009999999966,567.8539999999941,588.0009999999969,567.8539999999941,588.0009999999969,109324.18251599804,141307.23200099904,3,189.28466666666472,196.0003333333323,190.89629166644212,217.03089795464533,0.32786027713625526,0.33949249422632616,0.32786027713625526,0.33949249422632616,SCP,x11 lineal,ML,AutoETS,3.4263547170843074,2110.0,2746.1790000000015,2302.4910000000013,636.1790000000015,192.49100000000135,636.1790000000015,361.4669999999967,279016.3285089967,79871.0631649986,3,212.05966666666714,120.4889999999989,304.9679373906907,163.167667513102,0.3015066350710907,0.17131137440758137,0.3015066350710907,0.0912279620853087,ML,AutoETS,SCP,x11 lineal,43.18155739186677,3842.0,5046.032999999996,4622.491999999998,1204.0329999999956,780.4919999999983,1204.0329999999956,949.4679999999936,388340.5110249947,221178.29516599764,6,200.67216666666593,158.2446666666656,254.4079764947746,191.9975239276094,0.31338703800103995,0.24712857886517273,0.31338703800103995,0.20314731910463255,ML,AutoETS,SCP,x11 lineal,21.142692932835132,2026-07-11 11:04:33.553,0,,
"8594,63,60,10664,1,284,Orchids,White,""6+ Bloom"",,,,,,,preserve current forecast,preserve current forecast,success,,NOT_COMPARABLE_MISSING_SCP_AND_ML,1,0,0,0.0,0.0,0.0,0.0,0.0,0.0,,,,,,,,,,,,,,,,,,,,,,,,,,,,,,,,,,,,,,,,,,,,,,,,,,,,,,,,,,,,,,,,,,,,,,,,,,,,,,,,,,,,,,,,,,,,,,,,,,,,,,,,,,,,,,,,,,,,,,,,,,,,,,,,,,,,,,,,,,,,,,,,,,,,,,,,,,,,,,,,,,,,,,,,,,,,,,,,,,,,,,,,,,,,,,,,,,,,,,,,,,2026-07-11 11:04:33.553,1,MissingHistory,NoForecastRowsMaterialized"
8595,63,60,10664,1,285,Orchids,White/Pch,Regular,,,MovingAverage3M,smooth_acceptable,smooth_acceptable_acceptable,acceptable,x11 lineal,x11 lineal,success,smooth_acceptable,COMPARABLE,1,1,1,66.0,106.0,89.0,56.0,56.0,55.0,71.8390000000002,140.41700000000057,87.75499999999975,59.90499999999979,71.61399999999988,15.555000000000003,57.99900000000017,58.00099999999988,57.99899999999998,64.08399999999997,64.08299999999986,64.08399999999997,5.839000000000198,34.41700000000057,-1.2450000000002461,3.904999999999788,15.613999999999876,-39.44499999999999,-8.000999999999827,-47.99900000000012,-31.00100000000002,8.083999999999975,8.082999999999856,9.083999999999975,5.839000000000198,34.41700000000057,1.2450000000002461,3.904999999999788,15.613999999999876,39.44499999999999,8.000999999999827,47.99900000000012,31.00100000000002,8.083999999999975,8.082999999999856,9.083999999999975,34.09392100000231,1184.5298890000392,1.5500250000006128,15.249024999998344,243.79699599999614,1555.9080249999995,64.01600099999723,2303.9040010000117,961.0620010000011,65.35105599999959,65.33488899999767,82.51905599999954,1,1,1,1,1,1,5.839000000000198,34.41700000000057,1.2450000000002461,3.904999999999788,15.613999999999876,39.44499999999999,8.000999999999827,47.99900000000012,31.00100000000002,8.083999999999975,8.082999999999856,9.083999999999975,5.839000000000198,34.41700000000057,1.2450000000002461,3.904999999999788,15.613999999999876,39.44499999999999,8.000999999999827,47.99900000000012,31.00100000000002,8.083999999999975,8.082999999999856,9.083999999999975,0.08846969696969996,0.3246886792452884,0.013988764044946585,0.06973214285713907,0.2788214285714264,0.717181818181818,0.1212272727272701,0.4528207547169823,0.3483258426966294,0.1443571428571424,0.14433928571428314,0.1651636363636359,0.08846969696969996,0.3246886792452884,-0.013988764044946585,0.06973214285713907,0.2788214285714264,-0.717181818181818,-0.1212272727272701,-0.4528207547169823,-0.3483258426966294,0.1443571428571424,0.14433928571428314,0.1651636363636359,SCP,SCP,SCP,SCP,ML,ML,x11 lineal,x11 lineal,x11 lineal,x11 lineal,MovingAverage3M,MovingAverage3M,ML,ML,ML,ML,SCP,SCP,MovingAverage3M,MovingAverage3M,MovingAverage3M,MovingAverage3M,x11 lineal,x11 lineal,27.021622297208804,28.296422842141546,95.98400051611159,51.694705591293925,48.232355578327656,76.9704652047155,167.0,147.07399999999967,192.2509999999998,-19.92600000000033,25.250999999999806,58.96399999999966,25.250999999999806,1814.954045999994,213.2050009999968,3,19.654666666666554,8.416999999999936,24.596436367896832,8.430203655112111,0.3530778443113752,0.1512035928143701,-0.11931736526946304,0.1512035928143701,ML,MovingAverage3M,SCP,x11 lineal,57.1755647513738,261.0,300.01100000000054,173.99900000000002,39.01100000000052,-87.00099999999998,41.501000000001014,87.00099999999998,1220.1738350000423,3328.98200300001,3,13.833666666667005,29.000333333333327,20.167414600455874,33.31156957675021,0.15900766283525292,0.33333716475095776,0.14946743295019357,-0.33333716475095776,SCP,x11 lineal,ML,MovingAverage3M,52.2982494454075,428.0,447.0850000000002,366.2499999999998,19.085000000000193,-61.75000000000017,100.46500000000067,112.25199999999978,3035.1278810000363,3542.1870040000067,6,16.74416666666678,18.70866666666663,22.491212658132493,24.29741757196982,0.23473130841121653,0.26227102803738267,0.044591121495327554,-0.14427570093457984,SCP,x11 lineal,ML,MovingAverage3M,10.500481060470307,2026-07-11 11:04:33.553,0,,
"8596,63,60,10664,1,286,Protea,Red,""40-50cm"",,,MovingAverage12M,lumpy_acceptable,lumpy_acceptable_acceptable,acceptable,syntetos-boylan,syntetos-boylan,success,lumpy_acceptable,COMPARABLE,1,1,1,0.0,0.0,200.0,40.0,0.0,0.0,0.0,0.001,179.99900000000002,0.0,0.0,0.0,43.333,43.333999999999996,43.33300000000001,0.0,0.0,0.0,0.0,0.001,-20.000999999999976,-40.0,0.0,0.0,43.333,43.333999999999996,-156.66699999999997,-40.0,0.0,0.0,0.0,0.001,20.000999999999976,40.0,0.0,0.0,43.333,43.333999999999996,156.66699999999997,40.0,0.0,0.0,0.0,0.000001,400.04000099999905,1600.0,0.0,0.0,1877.748889,1877.8355559999998,24544.54888899999,1600.0,0.0,0.0,0,0,1,1,0,0,,,20.000999999999976,40.0,,,,,156.66699999999997,40.0,,,,,20.000999999999976,40.0,,,,,156.66699999999997,40.0,,,,,0.10000499999999989,1.0,,,,,0.7833349999999999,1.0,,,,,-0.10000499999999989,-1.0,,,,,-0.7833349999999999,-1.0,,,,,SCP,TIE,,,,,syntetos-boylan,,,,,,ML,,,,,,MovingAverage12M,,,,,,87.23343141823104,0.0,,,40.0,0.0,0.0,-40.0,-40.0,40.0,40.0,1600.0,1600.0,1,40.0,40.0,40.0,40.0,1.0,1.0,-1.0,-1.0,TIE,,,,0.0,200.0,180.00000000000003,130.0,-19.999999999999975,-69.99999999999997,20.001999999999978,243.33399999999997,400.04000199999905,28300.133333999987,1,20.001999999999978,243.33399999999997,20.001000024998728,168.2264347063207,0.10000999999999989,1.21667,-0.09999999999999988,-0.34999999999999987,SCP,syntetos-boylan,ML,MovingAverage12M,91.78002252048626,240.0,180.00000000000003,130.0,-59.99999999999997,-109.99999999999997,60.00199999999998,283.33399999999995,2000.040001999999,29900.13333399999,2,30.00099999999999,141.66699999999997,31.62309284367991,122.27046522770736,0.2500083333333333,1.1805583333333332,-0.2499999999999999,-0.4583333333333332,SCP,syntetos-boylan,ML,MovingAverage12M,78.82287335794504,2026-07-11 11:04:33.553,0,,NoForecastRowsMaterialized"
"8597,63,60,10664,1,288,Roses,Green,""60cm"",,,MovingAverage12M,smooth_acceptable,smooth_acceptable_acceptable,acceptable,x11 lineal,x11 lineal,success,smooth_acceptable,COMPARABLE,1,1,1,1845.0,5570.0,5108.0,4697.0,3388.0,2549.0,3814.7549999999774,4557.246999999965,3703.1439999999866,3242.5259999999907,3249.935,2451.9730000000045,3066.957,3066.9560000000097,3066.956999999992,2517.1739999999972,2514.858999999994,2512.489,1969.7549999999774,-1012.7530000000352,-1404.8560000000134,-1454.4740000000093,-138.06500000000005,-97.0269999999955,1221.9569999999999,-2503.0439999999903,-2041.0430000000079,-2179.8260000000028,-873.141000000006,-36.51099999999997,1969.7549999999774,1012.7530000000352,1404.8560000000134,1454.4740000000093,138.06500000000005,97.0269999999955,1221.9569999999999,2503.0439999999903,2041.0430000000079,2179.8260000000028,873.141000000006,36.51099999999997,3879934.760024911,1025668.6390090713,1973620.3807360376,2115494.616676027,19061.944225000014,9414.238728999126,1493178.9098489997,6265229.265935952,4165856.527849032,4751641.390276012,762375.2058810105,1333.0531209999976,1,1,1,1,1,1,1969.7549999999774,1012.7530000000352,1404.8560000000134,1454.4740000000093,138.06500000000005,97.0269999999955,1221.9569999999999,2503.0439999999903,2041.0430000000079,2179.8260000000028,873.141000000006,36.51099999999997,1969.7549999999774,1012.7530000000352,1404.8560000000134,1454.4740000000093,138.06500000000005,97.0269999999955,1221.9569999999999,2503.0439999999903,2041.0430000000079,2179.8260000000028,873.141000000006,36.51099999999997,1.0676178861788495,0.18182280071813917,0.27503054032889845,0.30966020864381716,0.04075118063754429,0.038064731267161825,0.6623073170731707,0.44937953321364277,0.39957772122161467,0.46408899297423944,0.25771576151121783,0.014323656335817956,1.0676178861788495,-0.18182280071813917,-0.27503054032889845,-0.30966020864381716,-0.04075118063754429,-0.038064731267161825,0.6623073170731707,-0.44937953321364277,-0.39957772122161467,-0.46408899297423944,-0.25771576151121783,-0.014323656335817956,ML,SCP,SCP,SCP,SCP,ML,MovingAverage12M,x11 lineal,x11 lineal,x11 lineal,x11 lineal,MovingAverage12M,SCP,ML,ML,ML,ML,SCP,x11 lineal,MovingAverage12M,MovingAverage12M,MovingAverage12M,MovingAverage12M,x11 lineal,37.964010752605574,59.53914513687977,31.169700981311614,33.2756834719832,84.1875481737773,62.370268069710846,10634.0,8944.433999999996,7544.521999999992,-1689.5660000000048,-3089.4780000000087,1689.5660000000048,3089.4780000000087,2143970.799630026,5515349.649278022,3,563.1886666666683,1029.826000000003,845.3738422792657,1355.8944955610204,0.1588833928907283,0.2905283054353967,-0.1588833928907283,-0.2905283054353967,SCP,x11 lineal,ML,MovingAverage12M,45.3122501600594,12523.0,12075.14599999993,9200.870000000003,-447.8540000000712,-3322.129999999998,4387.364000000026,5766.043999999998,6879223.779770019,11924264.703633983,3,1462.4546666666754,1922.014666666666,1514.2901284947588,1993.6787357072672,0.35034448614549435,0.46043631717639527,-0.03576251696878314,-0.265282280603689,SCP,x11 lineal,ML,MovingAverage12M,23.910327427261617,23157.0,21019.579999999925,16745.391999999996,-2137.420000000076,-6411.608000000007,6076.93000000003,8855.522000000006,9023194.579400046,17439614.352912005,6,1012.8216666666717,1475.9203333333344,1226.3220471121529,1704.8760635752972,0.26242302543507495,0.3824123159303885,-0.09230124800276703,-0.2768755883750057,SCP,x11 lineal,ML,MovingAverage12M,31.37694198038211,2026-07-11 11:04:33.553,0,,"
"8598,63,60,10664,1,289,Roses,Novelty,""60-70cm"",,,MovingAverage3M,intermittent_insuficient,intermittent_insuficient_insuficient,insuficient,copy last year,copy last year,success,intermittent_insuficient,COMPARABLE,1,1,1,0.0,0.0,114.0,75.0,0.0,0.0,100.0,0.0,0.0,0.0,0.0,150.0,24.999999999999996,25.000999999999998,24.999,33.334,33.333,33.333999999999996,100.0,0.0,-114.0,-75.0,0.0,150.0,24.999999999999996,25.000999999999998,-89.001,-41.666,33.333,33.333999999999996,100.0,0.0,114.0,75.0,0.0,150.0,24.999999999999996,25.000999999999998,89.001,41.666,33.333,33.333999999999996,10000.0,0.0,12996.0,5625.0,0.0,22500.0,624.9999999999998,625.0500009999998,7921.178001000001,1736.0555559999998,1111.0888889999999,1111.1555559999997,0,0,1,1,0,0,,,114.0,75.0,,,,,89.001,41.666,,,,,114.0,75.0,,,,,89.001,41.666,,,,,1.0,1.0,,,,,0.7807105263157895,0.5555466666666666,,,,,-1.0,-1.0,,,,,-0.7807105263157895,-0.5555466666666666,,,,,ML,ML,,,,,MovingAverage3M,MovingAverage3M,,,,,SCP,SCP,,,,,copy last year,copy last year,,,,,21.92894736842105,44.44533333333334,,,75.0,150.0,100.001,75.0,25.001000000000005,225.0,108.333,28125.0,3958.300000999999,1,225.0,108.333,167.70509831248424,62.91502206150769,3.0,1.44444,1.0,0.33334666666666674,ML,MovingAverage3M,SCP,copy last year,51.852,114.0,100.0,75.0,-14.0,-39.0,214.0,139.002,22996.0,9171.228002000002,1,214.0,139.002,151.6443206981389,95.76652860994807,1.8771929824561404,1.2193157894736844,-0.12280701754385964,-0.34210526315789475,ML,MovingAverage3M,SCP,copy last year,35.04579439252336,189.0,250.0,175.00099999999998,61.0,-13.999000000000017,439.0,247.335,51121.0,13129.528003,2,219.5,123.6675,159.876514848179,81.02323124573593,2.322751322751323,1.3086507936507936,0.32275132275132273,-0.07406878306878316,ML,MovingAverage3M,SCP,copy last year,43.659453302961275,2026-07-11 11:04:33.553,0,,"
"8599,63,60,10664,1,291,Roses,Orange,""60cm"",,,AutoETS,smooth_acceptable,smooth_acceptable_acceptable,acceptable,x11 lineal,x11 lineal,success,smooth_acceptable,COMPARABLE,1,1,1,5662.0,19486.0,11319.0,9344.0,13611.0,7074.0,8859.656999999903,17115.35799999927,13197.49999999994,12564.45000000016,20223.675999999992,11503.847999999913,11767.51799999992,14753.178000000713,9987.096999999674,9194.253999999852,15232.96200000009,8533.086000000045,3197.656999999903,-2370.642000000731,1878.49999999994,3220.450000000161,6612.675999999992,4429.847999999913,6105.51799999992,-4732.821999999287,-1331.9030000003258,-149.74600000014834,1621.9620000000905,1459.0860000000448,3197.656999999903,2370.642000000731,1878.49999999994,3220.450000000161,6612.675999999992,4429.847999999913,6105.51799999992,4732.821999999287,1331.9030000003258,149.74600000014834,1621.9620000000905,1459.0860000000448,10225010.289648378,5619943.492167466,3528762.2499997746,10371298.202501036,43727483.880975895,19623553.303103227,37277350.04832302,22399604.08367725,1773965.601409868,22423.86451604443,2630760.7294442933,2128931.9553961307,1,1,1,1,1,1,3197.656999999903,2370.642000000731,1878.49999999994,3220.450000000161,6612.675999999992,4429.847999999913,6105.51799999992,4732.821999999287,1331.9030000003258,149.74600000014834,1621.9620000000905,1459.0860000000448,3197.656999999903,2370.642000000731,1878.49999999994,3220.450000000161,6612.675999999992,4429.847999999913,6105.51799999992,4732.821999999287,1331.9030000003258,149.74600000014834,1621.9620000000905,1459.0860000000448,0.5647575061815441,0.12165872934418204,0.16595989044968107,0.3446543236301542,0.4858332231283515,0.6262154368108444,1.0783323913811234,0.2428831981935383,0.11766967046561762,0.016025898972618614,0.1191655278818669,0.20626039016115985,0.5647575061815441,-0.12165872934418204,0.16595989044968107,0.3446543236301542,0.4858332231283515,0.6262154368108444,1.0783323913811234,-0.2428831981935383,-0.11766967046561762,-0.016025898972618614,0.1191655278818669,0.20626039016115985,SCP,SCP,ML,ML,ML,ML,x11 lineal,x11 lineal,AutoETS,AutoETS,AutoETS,AutoETS,ML,ML,SCP,SCP,SCP,SCP,AutoETS,AutoETS,x11 lineal,x11 lineal,x11 lineal,x11 lineal,47.626769751560076,49.91060301864113,29.097524620688404,95.35015292893412,75.47192694757625,67.06239130552395,30029.0,44291.97400000006,32960.30199999998,14262.974000000066,2931.301999999987,14262.974000000066,3230.7940000002836,73722335.38658017,4782116.549356468,3,4754.324666666688,1076.9313333334278,4957.228237183227,1262.5525136743775,0.4749733257850766,0.10758913050718584,0.4749733257850766,0.09761570481867485,ML,AutoETS,SCP,x11 lineal,77.34838470574041,36467.0,39172.51499999911,36507.79300000031,2705.5149999991118,40.793000000307075,7446.799000000574,12170.242999999533,19373716.03181562,61450919.733410135,3,2482.2663333335245,4056.747666666511,2541.2409063169393,4525.885538890341,0.20420651547976454,0.3337330463158344,0.07419077522140873,0.0011186278004855644,SCP,x11 lineal,ML,AutoETS,38.81141896673009,66496.0,83464.48899999917,69468.09500000029,16968.48899999918,2972.095000000294,21709.77300000064,15401.036999999817,93096051.41839577,66233036.2827666,6,3618.295500000107,2566.8394999999696,3939.0365027164485,3322.4748878601176,0.3264823899182002,0.23160847269008386,0.2551805973291503,0.04469584636670317,ML,AutoETS,SCP,x11 lineal,29.05942867297893,2026-07-11 11:04:33.553,0,,"
"8600,63,60,10664,1,292,Roses,Peach,""70-80cm"",,,AutoARIMA,erratic_acceptable,erratic_acceptable_acceptable,acceptable,x11 lineal,x11 lineal,success,erratic_acceptable,COMPARABLE,1,1,1,410.0,1148.0,774.0,625.0,1119.0,346.0,958.3950000000016,3983.729000000006,696.5759999999998,1342.006000000004,1591.527999999998,251.7960000000012,1100.0009999999963,4799.999999999986,1049.9999999999989,875.0009999999993,725.0000000000024,249.99900000000054,548.3950000000016,2835.729000000006,-77.4240000000002,717.006000000004,472.527999999998,-94.20399999999881,690.0009999999963,3651.9999999999864,275.99999999999886,250.0009999999993,-393.9999999999976,-96.00099999999946,548.3950000000016,2835.729000000006,77.4240000000002,717.006000000004,472.527999999998,94.20399999999881,690.0009999999963,3651.9999999999864,275.99999999999886,250.0009999999993,393.9999999999976,96.00099999999946,300737.0760250017,8041358.961441035,5994.475776000032,514097.6040360057,223282.71078399807,8874.393615999776,476101.38000099495,13337103.999999901,76175.99999999937,62500.500000999644,155235.9999999981,9216.192000999898,1,1,1,1,1,1,548.3950000000016,2835.729000000006,77.4240000000002,717.006000000004,472.527999999998,94.20399999999881,690.0009999999963,3651.9999999999864,275.99999999999886,250.0009999999993,393.9999999999976,96.00099999999946,548.3950000000016,2835.729000000006,77.4240000000002,717.006000000004,472.527999999998,94.20399999999881,690.0009999999963,3651.9999999999864,275.99999999999886,250.0009999999993,393.9999999999976,96.00099999999946,1.3375487804878088,2.4701472125435595,0.10003100775193825,1.1472096000000063,0.422277033065235,0.2722658959537538,1.682929268292674,3.1811846689895353,0.35658914728682023,0.40000159999999885,0.3521000893655028,0.2774595375722528,1.3375487804878088,2.4701472125435595,-0.10003100775193825,1.1472096000000063,0.422277033065235,-0.2722658959537538,1.682929268292674,3.1811846689895353,0.35658914728682023,0.40000159999999885,-0.3521000893655028,-0.2774595375722528,SCP,SCP,SCP,ML,ML,SCP,x11 lineal,x11 lineal,x11 lineal,AutoARIMA,AutoARIMA,x11 lineal,ML,ML,ML,SCP,SCP,ML,AutoARIMA,AutoARIMA,AutoARIMA,x11 lineal,x11 lineal,AutoARIMA,20.522578952783473,22.35134173055814,71.94782608695634,65.13264882023331,16.61869772796547,1.8718555015058849,2090.0,3185.330000000003,1850.0000000000023,1095.330000000003,-239.99999999999778,1283.7380000000007,740.0019999999963,746254.7084360035,226952.69200199767,3,427.9126666666669,246.6673333333321,498.75000699615816,275.047082031421,0.6142287081339717,0.3540679425837303,0.5240813397129201,-0.1148325358851664,ML,AutoARIMA,SCP,x11 lineal,42.35568316899586,2332.0,5638.700000000007,6950.000999999982,3306.700000000007,4618.000999999982,3461.548000000008,4618.000999999982,8348090.513242037,13889381.380000897,3,1153.849333333336,1539.3336666666607,1668.1417319122934,2151.6955624190036,1.4843687821612384,1.9802748713550524,1.417967409948545,1.9802748713550524,SCP,x11 lineal,ML,AutoARIMA,25.04228561232401,4422.0,8824.03000000001,8800.000999999984,4402.030000000011,4378.000999999985,4745.286000000008,5358.002999999978,9094345.22167804,14116334.072002895,6,790.8810000000013,893.0004999999964,1231.1475149684568,1533.8586458125194,1.0731085481682516,1.2116696065128851,0.9954839439167822,0.9900499773857948,SCP,x11 lineal,ML,AutoARIMA,11.435547908427298,2026-07-11 11:04:33.553,0,,"
"8601,63,60,10664,1,293,Roses,Pink,""70cm"",,,MovingAverage3M,intermittent_recentRelease,intermittent_recentRelease_recentRelease,recentRelease,syntetos-boylan,syntetos-boylan,success,intermittent_recentRelease,NOT_COMPARABLE_NO_HISTORY,1,1,1,0.0,0.0,0.0,0.0,0.0,0.0,0.0,100.0,0.0,0.0,0.0,0.0,0.0,0.0,0.0,25.000999999999998,24.999000000000002,25.0,,,,,,,,,,,,,,,,,,,,,,,,,,,,,,,,,,,,,,,,,,,,,,,,,,,,,,,,,,,,,,,,,,,,,,,,,,,,,,,,,,,,,,,,,,,,,,,,,,,,,,,,,,,,,,,,,,,,,,,,,,,,,,,,,,,,,,,,,,,,,,,,,,,,,,,,,,,,,,,,,,,,,,,,,,,,,,,,,,,,,,,,,,,,,,2026-07-11 11:04:33.553,0,,NoForecastRowsMaterialized"
8602,63,60,10664,1,295,Alstroemeria,Orange,Perfection,,,SeasonalNaive,intermittent_insuficient,intermittent_insuficient_insuficient,insuficient,syntetos-boylan,syntetos-boylan,success,intermittent_insuficient,NOT_COMPARABLE_NO_HISTORY,1,1,1,0.0,0.0,0.0,0.0,0.0,0.0,0.0,32.00099999999998,31.999000000000027,0.0,0.001,31.999000000000017,0.0,63.99900000000001,0.0,11.125999999999994,11.12599999999999,11.124000000000002,,,,,,,,,,,,,,,,,,,,,,,,,,,,,,,,,,,,,,,,,,,,,,,,,,,,,,,,,,,,,,,,,,,,,,,,,,,,,,,,,,,,,,,,,,,,,,,,,,,,,,,,,,,,,,,,,,,,,,,,,,,,,,,,,,,,,,,,,,,,,,,,,,,,,,,,,,,,,,,,,,,,,,,,,,,,,,,,,,,,,,,,,,,,,,2026-07-11 11:04:33.553,0,,
8603,63,60,10664,1,296,Alstroemeria,Purple,Premium,,,MovingAverage3M,smooth_acceptable,smooth_acceptable_acceptable,acceptable,x11 lineal,x11 lineal,success,smooth_acceptable,COMPARABLE,1,1,1,254.0,435.0,333.0,245.0,394.0,328.0,286.4110000000024,704.0880000000017,387.9440000000051,457.9590000000041,695.8209999999989,484.9650000000018,330.3329999999979,330.3349999999986,330.33300000000116,538.1930000000026,652.8409999999991,540.1930000000017,32.41100000000239,269.08800000000167,54.944000000005076,212.9590000000041,301.8209999999989,156.9650000000018,76.33299999999792,-104.66500000000138,-2.6669999999988363,293.1930000000026,258.8409999999991,212.1930000000017,32.41100000000239,269.08800000000167,54.944000000005076,212.9590000000041,301.8209999999989,156.9650000000018,76.33299999999792,104.66500000000138,2.6669999999988363,293.1930000000026,258.8409999999991,212.1930000000017,1050.4729210001549,72408.3517440009,3018.843136000558,45351.53568100175,91095.91604099933,24638.011225000562,5826.726888999683,10954.76222500029,7.1128889999937925,85962.13524900153,66998.66328099954,45025.869249000716,1,1,1,1,1,1,32.41100000000239,269.08800000000167,54.944000000005076,212.9590000000041,301.8209999999989,156.9650000000018,76.33299999999792,104.66500000000138,2.6669999999988363,293.1930000000026,258.8409999999991,212.1930000000017,32.41100000000239,269.08800000000167,54.944000000005076,212.9590000000041,301.8209999999989,156.9650000000018,76.33299999999792,104.66500000000138,2.6669999999988363,293.1930000000026,258.8409999999991,212.1930000000017,0.1276023622047338,0.6185931034482797,0.16499699699701223,0.869220408163282,0.7660431472081191,0.47855182926829815,0.3005236220472359,0.24060919540230202,0.008009009009005514,1.19670612244899,0.6569568527918759,0.6469298780487857,0.1276023622047338,0.6185931034482797,0.16499699699701223,0.869220408163282,0.7660431472081191,0.47855182926829815,0.3005236220472359,-0.24060919540230202,-0.008009009009005514,1.19670612244899,0.6569568527918759,0.6469298780487857,SCP,ML,ML,SCP,ML,SCP,x11 lineal,MovingAverage3M,MovingAverage3M,x11 lineal,MovingAverage3M,x11 lineal,ML,SCP,SCP,ML,SCP,ML,MovingAverage3M,x11 lineal,x11 lineal,MovingAverage3M,x11 lineal,MovingAverage3M,57.539989257590726,61.10380247353998,95.14596680256518,27.365591947965257,14.240228479794304,26.027248778234657,967.0,1638.745000000005,1731.2270000000035,671.7450000000048,764.2270000000034,671.7450000000048,764.2270000000034,161085.46294700165,197986.6677790018,3,223.91500000000158,254.74233333333447,231.72214895358454,256.89600216105725,0.6946690796277195,0.7903071354705309,0.6946690796277195,0.7903071354705309,SCP,x11 lineal,ML,MovingAverage3M,12.101378255413403,1022.0,1378.443000000009,991.0009999999977,356.44300000000914,-30.999000000002297,356.44300000000914,183.66499999999814,76477.66780100162,16788.602002999967,3,118.81433333333638,61.221666666666046,159.6638842495923,74.80775807138359,0.3487700587084238,0.17971135029354027,0.3487700587084238,-0.03033170254403356,ML,MovingAverage3M,SCP,x11 lineal,48.47282735248176,1989.0,3017.188000000014,2722.228000000001,1028.188000000014,733.2280000000011,1028.188000000014,947.8920000000015,237563.13074800326,214775.26978200173,6,171.364666666669,157.98200000000026,198.98204724212485,189.19798703210424,0.5169371543489261,0.4765671191553552,0.5169371543489261,0.3686415284062348,ML,MovingAverage3M,SCP,x11 lineal,7.809466751217806,2026-07-11 11:04:33.553,0,,
"8604,63,60,10664,1,297,Alstroemeria,Yellow,"""",,,,,,,copy last year,copy last year,success,,NOT_COMPARABLE_ML_EXCLUDED,1,1,0,0.0,0.0,0.0,0.0,0.0,0.0,1.0,0.0,0.0,0.0,0.0,0.0,,,,,,,,,,,,,,,,,,,,,,,,,,,,,,,,,,,,,,,,,,,,,,,,,,,,,,,,,,,,,,,,,,,,,,,,,,,,,,,,,,,,,,,,,,,,,,,,,,,,,,,,,,,,,,,,,,,,,,,,,,,,,,,,,,,,,,,,,,,,,,,,,,,,,,,,,,,,,,,,,,,,,,,,,,,,,,,,,,,,,,,,,,,,,,,,,,,,2026-07-11 11:04:33.553,1,MissingHistory,NoForecastRowsMaterialized"
"8605,63,60,10664,1,299,Protea,Orange-Yellow,""35/40cm"",,,AutoETS,smooth_acceptable,smooth_acceptable_acceptable,acceptable,seasonal discrete,seasonal discrete,success,smooth_acceptable,COMPARABLE,1,1,1,515.0,40.0,0.0,0.0,0.0,484.0,243.30400000000003,1113.0599999999986,660.5550000000005,660.8889999999999,424.565000000001,494.293999999999,0.0,891.5730000000012,505.54,91.97400000000017,0.0,123.9440000000001,-271.69599999999997,1073.0599999999986,660.5550000000005,660.8889999999999,424.565000000001,10.293999999999016,-515.0,851.5730000000012,505.54,91.97400000000017,0.0,-360.0559999999999,271.69599999999997,1073.0599999999986,660.5550000000005,660.8889999999999,424.565000000001,10.293999999999016,515.0,851.5730000000012,505.54,91.97400000000017,0.0,360.0559999999999,73818.71641599998,1151457.763599997,436332.9080250007,436774.27032099984,180255.43922500085,105.96643599997975,265225.0,725176.5743290021,255570.69160000002,8459.216676000033,0.0,129640.32313599995,1,1,0,0,0,1,271.69599999999997,1073.0599999999986,,,,10.293999999999016,515.0,851.5730000000012,,,,360.0559999999999,271.69599999999997,1073.0599999999986,,,,10.293999999999016,515.0,851.5730000000012,,,,360.0559999999999,0.5275650485436892,26.826499999999964,,,,0.021268595041320282,1.0,21.28932500000003,,,,0.7439173553719006,-0.5275650485436892,26.826499999999964,,,,0.021268595041320282,-1.0,21.28932500000003,,,,-0.7439173553719006,SCP,ML,,,,SCP,seasonal discrete,AutoETS,,,,seasonal discrete,ML,SCP,,,,ML,AutoETS,seasonal discrete,,,,AutoETS,47.24349514563107,20.640691107673163,,,,97.14100028884422,484.0,1579.748,215.9180000000003,1095.748,-268.08199999999977,1095.748,452.0300000000001,617135.6759820007,138099.53981199997,1,1095.748,452.0300000000001,785.5798342511094,371.61746435279383,2.263942148760331,0.9339462809917357,2.263942148760331,-0.5538884297520656,ML,AutoETS,SCP,seasonal discrete,58.74690165987069,555.0,2016.9189999999992,1397.1130000000012,1461.9189999999992,842.1130000000012,2005.310999999999,1872.1130000000012,1661609.3880409976,1245972.265929002,2,1002.6554999999995,936.0565000000006,911.4848841426274,789.2947060284271,3.613172972972971,3.373176576576579,2.634088288288287,1.5173207207207229,ML,AutoETS,SCP,seasonal discrete,6.642261474653945,1039.0,3596.666999999999,1613.0310000000015,2557.666999999999,574.0310000000014,3101.058999999999,2324.1430000000014,2278745.0640229983,1384071.805741002,3,1033.6863333333329,774.7143333333338,871.5398373038757,679.2328529895576,2.984657362848892,2.236903753609241,2.4616621751684304,0.5524841193455259,ML,AutoETS,SCP,seasonal discrete,25.053247938849204,2026-07-11 11:04:33.553,0,,"
"8606,63,60,10664,1,302,Roses,Pink,""60cm"",,,AutoTheta,smooth_acceptable,smooth_acceptable_acceptable,acceptable,x11 lineal,x11 lineal,success,smooth_acceptable,COMPARABLE,1,1,1,42687.0,147430.0,84405.0,69795.0,107514.0,47521.0,63526.26400000006,125250.71800000001,59012.23599999999,46628.676000000014,90637.085,40709.370000001065,82016.13799999547,170571.12500000096,79616.76399999346,60152.302000000534,113903.0190000032,50407.79800000278,20839.26400000006,-22179.281999999992,-25392.76400000001,-23166.323999999986,-16876.914999999994,-6811.629999998935,39329.137999995466,23141.12500000096,-4788.236000006538,-9642.697999999466,6389.019000003202,2886.798000002782,20839.26400000006,22179.281999999992,25392.76400000001,23166.323999999986,16876.914999999994,6811.629999998935,39329.137999995466,23141.12500000096,4788.236000006538,9642.697999999466,6389.019000003202,2886.798000002782,434274924.06169856,491920550.03552365,644792463.5596966,536678567.67297536,284830259.91722476,46398303.25688549,1546781095.8226874,535511666.26566947,22927203.991758615,92981624.7191937,40819563.78240191,8333602.692820062,1,1,1,1,1,1,20839.26400000006,22179.281999999992,25392.76400000001,23166.323999999986,16876.914999999994,6811.629999998935,39329.137999995466,23141.12500000096,4788.236000006538,9642.697999999466,6389.019000003202,2886.798000002782,20839.26400000006,22179.281999999992,25392.76400000001,23166.323999999986,16876.914999999994,6811.629999998935,39329.137999995466,23141.12500000096,4788.236000006538,9642.697999999466,6389.019000003202,2886.798000002782,0.48818759809778295,0.150439408532863,0.3008443101711985,0.33191953578336536,0.15697411499897682,0.14333936575406525,0.9213375969263585,0.15696347419114806,0.056729293288389764,0.13815743248082907,0.059424995814528356,0.060747837798084674,0.48818759809778295,-0.150439408532863,-0.3008443101711985,-0.33191953578336536,-0.15697411499897682,-0.14333936575406525,0.9213375969263585,0.15696347419114806,-0.056729293288389764,-0.13815743248082907,0.059424995814528356,0.060747837798084674,SCP,SCP,ML,ML,ML,ML,x11 lineal,x11 lineal,AutoTheta,AutoTheta,AutoTheta,AutoTheta,ML,ML,SCP,SCP,SCP,SCP,AutoTheta,AutoTheta,x11 lineal,x11 lineal,x11 lineal,x11 lineal,47.013168709666445,4.156422818687193,81.14330523448909,58.37622749297873,62.143442684855586,57.61957123326966,224830.0,177975.13100000107,224463.11900000653,-46854.868999998915,-366.88099999348196,46854.868999998915,18918.51500000545,867907130.8470856,142134791.1944157,3,15618.289666666305,6306.171666668483,17008.891114620863,6883.18703301544,0.20840132099808262,0.08414586576526908,-0.20840132099808262,-0.0016318151491948672,ML,AutoTheta,SCP,x11 lineal,59.62316104222618,274522.0,247789.21800000005,332204.0269999899,-26732.78199999994,57682.02699998989,68411.31000000006,67258.49900000296,1570987937.6569185,2105219966.0801153,3,22803.77000000002,22419.499666667656,22883.676406679926,26490.375397365962,0.2492015576165118,0.2450022184014504,-0.09737937943042795,0.210118048826651,ML,AutoTheta,SCP,x11 lineal,1.6851175631589097,499352.0,425764.34900000115,556667.1459999963,-73587.65099999885,57315.145999996406,115266.17899999899,86177.0140000084,2438895068.5040045,2247354757.2745314,6,19211.029833333163,14362.835666668068,20161.41144407638,19353.53007108579,0.23083151564427296,0.172577688684552,-0.14736628871016608,0.11477904564314632,ML,AutoTheta,SCP,x11 lineal,25.23651365244859,2026-07-11 11:04:33.553,0,,"
"8607,63,60,10664,1,303,Roses,Pink Hot,""70-80cm"",,,MovingAverage3M,erratic_acceptable,erratic_acceptable_acceptable,acceptable,seasonal discrete,seasonal discrete,success,erratic_acceptable,COMPARABLE,1,1,1,100.0,1025.0,175.0,175.0,1025.0,0.0,110.71599999999985,951.2110000000009,164.80399999999995,724.128,2201.2519999999918,256.56800000000027,441.6669999999996,441.6679999999997,441.66500000000076,873.6949999999979,2844.972999999993,328.266,10.715999999999852,-73.78899999999908,-10.196000000000055,549.128,1176.2519999999918,256.56800000000027,341.6669999999996,-583.3320000000003,266.66500000000076,698.6949999999979,1819.9729999999931,328.266,10.715999999999852,73.78899999999908,10.196000000000055,549.128,1176.2519999999918,256.56800000000027,341.6669999999996,583.3320000000003,266.66500000000076,698.6949999999979,1819.9729999999931,328.266,114.83265599999683,5444.816520999864,103.95841600000112,301541.56038400007,1383568.7675039805,65827.13862400013,116736.33888899971,340276.2222240004,71110.2222250004,488174.703024997,3312301.720728975,107758.56675600001,1,1,1,1,1,0,10.715999999999852,73.78899999999908,10.196000000000055,549.128,1176.2519999999918,,341.6669999999996,583.3320000000003,266.66500000000076,698.6949999999979,1819.9729999999931,,10.715999999999852,73.78899999999908,10.196000000000055,549.128,1176.2519999999918,,341.6669999999996,583.3320000000003,266.66500000000076,698.6949999999979,1819.9729999999931,,0.10715999999999852,0.07198926829268203,0.058262857142857456,3.137874285714286,1.1475629268292602,,3.416669999999996,0.5691043902439028,1.5238000000000043,3.992542857142845,1.7755834146341396,,0.10715999999999852,-0.07198926829268203,-0.058262857142857456,3.137874285714286,1.1475629268292602,,3.416669999999996,-0.5691043902439028,1.5238000000000043,3.992542857142845,1.7755834146341396,,SCP,SCP,SCP,SCP,SCP,,seasonal discrete,seasonal discrete,seasonal discrete,seasonal discrete,seasonal discrete,,ML,ML,ML,ML,ML,,MovingAverage3M,MovingAverage3M,MovingAverage3M,MovingAverage3M,MovingAverage3M,,96.86361281598754,87.3504282295504,96.17647610297564,21.406622345944694,35.36981043125386,,1200.0,3181.947999999992,4046.933999999991,1981.9479999999921,2846.933999999991,1981.9479999999921,2846.933999999991,1750937.4665119806,3908234.9905099715,2,990.9739999999961,1423.4669999999956,935.6648616123138,1397.8975267361288,1.6516233333333268,2.3724449999999924,1.6516233333333268,2.3724449999999924,SCP,seasonal discrete,ML,MovingAverage3M,30.38307175368314,1300.0,1226.7310000000007,1325.0,-73.26899999999928,25.0,94.70099999999898,1191.6640000000007,5663.607592999862,528122.7833380005,3,31.566999999999663,397.2213333333336,43.44961677237926,419.572315315648,0.0728469230769223,0.9166646153846159,-0.05636076923076868,0.019230769230769232,SCP,seasonal discrete,ML,MovingAverage3M,92.05304515366757,2500.0,4408.678999999993,5371.93399999999,1908.6789999999928,2871.933999999991,2076.6489999999912,4038.5979999999918,1756601.0741049806,4436357.773847972,5,415.3297999999983,807.7195999999983,592.7227132656518,941.9509301283132,0.8306595999999965,1.6154391999999966,0.7634715999999971,1.1487735999999964,SCP,seasonal discrete,ML,MovingAverage3M,48.5799527459778,2026-07-11 11:04:33.553,0,,"
"8608,63,60,10664,1,304,Roses,White,""70-80cm"",,,AutoARIMA,smooth_acceptable,smooth_acceptable_acceptable,acceptable,x11 lineal,x11 lineal,success,smooth_acceptable,COMPARABLE,1,1,1,4723.0,7950.0,7094.0,6268.0,5491.0,5347.0,15119.183999999881,16312.690000000033,5624.180000000115,10670.408999999914,11209.936999999854,7525.196000000045,12900.000999999978,14974.999000000187,4325.000999999961,7649.999000000016,7600.000000000125,5174.999999999947,10396.183999999881,8362.690000000033,-1469.819999999885,4402.408999999914,5718.936999999854,2178.1960000000454,8177.000999999978,7024.999000000187,-2768.999000000039,1381.9990000000162,2109.0000000001246,-172.00000000005275,10396.183999999881,8362.690000000033,1469.819999999885,4402.408999999914,5718.936999999854,2178.1960000000454,8177.000999999978,7024.999000000187,2768.999000000039,1381.9990000000162,2109.0000000001246,172.00000000005275,108080641.76185353,69934584.03610055,2160370.832399662,19381205.003280245,32706240.409967333,4744537.814416198,66863345.35400064,49350610.95000363,7667355.462001216,1909921.2360010447,4447881.000000525,29584.000000018146,1,1,1,1,1,1,10396.183999999881,8362.690000000033,1469.819999999885,4402.408999999914,5718.936999999854,2178.1960000000454,8177.000999999978,7024.999000000187,2768.999000000039,1381.9990000000162,2109.0000000001246,172.00000000005275,10396.183999999881,8362.690000000033,1469.819999999885,4402.408999999914,5718.936999999854,2178.1960000000454,8177.000999999978,7024.999000000187,2768.999000000039,1381.9990000000162,2109.0000000001246,172.00000000005275,2.2011822993859584,1.0519106918239036,0.20719199323370244,0.7023626356094311,1.0415110180294762,0.40736786983356,1.7313150539911029,0.8836476729559983,0.3903297152523314,0.22048484365028975,0.38408304498272167,0.0321675706003465,2.2011822993859584,1.0519106918239036,-0.20719199323370244,0.7023626356094311,1.0415110180294762,0.40736786983356,1.7313150539911029,0.8836476729559983,-0.3903297152523314,0.22048484365028975,0.38408304498272167,-0.0321675706003465,ML,ML,SCP,ML,ML,ML,AutoARIMA,AutoARIMA,x11 lineal,AutoARIMA,AutoARIMA,AutoARIMA,SCP,SCP,ML,SCP,SCP,SCP,x11 lineal,x11 lineal,AutoARIMA,x11 lineal,x11 lineal,x11 lineal,21.346130464792928,15.99594149729144,46.91872405877126,68.60811887309782,63.12251734893777,92.10355725563498,17106.0,29405.541999999812,20424.99900000009,12299.541999999814,3318.999000000088,12299.541999999814,3662.9990000001935,56831983.22766378,6387386.2360015875,3,4099.847333333271,1220.9996666667312,4352.469920541813,1459.1534344728325,0.7190191745586235,0.2141353326318364,0.7190191745586235,0.19402542967380382,ML,AutoARIMA,SCP,x11 lineal,70.2184113847471,19767.0,37056.05400000003,32200.001000000128,17289.05400000003,12433.001000000128,20228.6939999998,17970.999000000204,180175596.63035375,123881311.76600549,3,6742.897999999933,5990.333000000068,7749.744009328174,6426.022921579762,1.0233568067992007,0.9091414478676685,0.8746422825922006,0.6289776395001835,ML,AutoARIMA,SCP,x11 lineal,11.160853982959155,36873.0,66461.59599999984,52625.00000000022,29588.595999999845,15752.000000000216,32528.23599999961,21633.998000000392,237007579.85801753,130268698.00200708,6,5421.372666666602,3605.6663333333986,6285.0030477056725,4659.554664021142,0.8821695007186725,0.5867165134380277,0.8024461258915696,0.4271960513112634,ML,AutoARIMA,SCP,x11 lineal,33.491634775397436,2026-07-11 11:04:33.553,0,,"
8609,63,60,10664,1,306,Alstroemeria,Pink Light,Super Select,,,MovingAverage3M,smooth_insuficient,smooth_insuficient_insuficient,insuficient,seasonal discrete,seasonal discrete,success,smooth_insuficient,NOT_COMPARABLE_NO_HISTORY,1,1,1,0.0,0.0,0.0,0.0,0.0,0.0,40.00000000000001,39.99999999999999,32.0,16.0,0.0,0.0,0.0,0.0,0.0,31.734,31.733999999999998,31.734,,,,,,,,,,,,,,,,,,,,,,,,,,,,,,,,,,,,,,,,,,,,,,,,,,,,,,,,,,,,,,,,,,,,,,,,,,,,,,,,,,,,,,,,,,,,,,,,,,,,,,,,,,,,,,,,,,,,,,,,,,,,,,,,,,,,,,,,,,,,,,,,,,,,,,,,,,,,,,,,,,,,,,,,,,,,,,,,,,,,,,,,,,,,,,2026-07-11 11:04:33.553,0,,
8610,63,60,10664,1,307,Alstroemeria,Red,Incredible,,,,,,,preserve current forecast,preserve current forecast,success,,NOT_COMPARABLE_MISSING_SCP_AND_ML,1,0,0,12.0,0.0,0.0,0.0,0.0,0.0,,,,,,,,,,,,,,,,,,,,,,,,,,,,,,,,,,,,,,,,,,,,,,,,,,,,,,,,,,,,,,,,,,,,,,,,,,,,,,,,,,,,,,,,,,,,,,,,,,,,,,,,,,,,,,,,,,,,,,,,,,,,,,,,,,,,,,,,,,,,,,,,,,,,,,,,,,,,,,,,,,,,,,,,,,,,,,,,,,,,,,,,,,,,,,,,,,,,,,,,,,2026-07-11 11:04:33.553,1,ShortSeries,NoForecastRowsMaterialized
8611,63,60,10664,1,309,Anthurium,Green,Mini,,,,,,,copy last year,copy last year,success,,NOT_COMPARABLE_MISSING_SCP_AND_ML,1,0,0,0.0,0.0,0.0,150.0,0.0,0.0,,,,,,,,,,,,,,,,,,,,,,,,,,,,,,,,,,,,,,,,,,,,,,,,,,,,,,,,,,,,,,,,,,,,,,,,,,,,,,,,,,,,,,,,,,,,,,,,,,,,,,,,,,,,,,,,,,,,,,,,,,,,,,,,,,,,,,,,,,,,,,,,,,,,,,,,,,,,,,,,,,,,,,,,,,,,,,,,,,,,,,,,,,,,,,,,,,,,,,,,,,2026-07-11 11:04:33.553,1,ShortSeries,NoForecastRowsMaterialized
8612,63,60,10664,1,310,Anthurium,Grn/Wht,Large,,,,,,,copy last year,copy last year,success,,NOT_COMPARABLE_MISSING_SCP_AND_ML,1,0,0,0.0,0.0,0.0,0.0,0.0,0.0,,,,,,,,,,,,,,,,,,,,,,,,,,,,,,,,,,,,,,,,,,,,,,,,,,,,,,,,,,,,,,,,,,,,,,,,,,,,,,,,,,,,,,,,,,,,,,,,,,,,,,,,,,,,,,,,,,,,,,,,,,,,,,,,,,,,,,,,,,,,,,,,,,,,,,,,,,,,,,,,,,,,,,,,,,,,,,,,,,,,,,,,,,,,,,,,,,,,,,,,,,2026-07-11 11:04:33.553,1,ShortSeries,NoForecastRowsMaterialized
8613,63,60,10664,1,311,Anthurium,Red,Small,,,AutoETS,smooth_acceptable,smooth_acceptable_acceptable,acceptable,x11 lineal,x11 lineal,success,smooth_acceptable,COMPARABLE,1,1,1,225.0,382.0,147.0,154.0,380.0,131.0,346.40600000000035,373.6870000000002,331.81600000000094,423.4289999999997,989.946000000001,369.9270000000002,237.89800000000042,295.4460000000006,208.3049999999999,421.25099999999867,421.2499999999996,421.25,121.40600000000035,-8.312999999999818,184.81600000000094,269.4289999999997,609.946000000001,238.9270000000002,12.898000000000422,-86.5539999999994,61.30499999999989,267.25099999999867,41.2499999999996,290.25,121.40600000000035,8.312999999999818,184.81600000000094,269.4289999999997,609.946000000001,238.9270000000002,12.898000000000422,86.5539999999994,61.30499999999989,267.25099999999867,41.2499999999996,290.25,14739.416836000084,69.10596899999697,34156.95385600035,72591.98604099984,372034.1229160013,57086.111329000094,166.3584040000109,7491.594915999897,3758.303024999987,71423.09700099929,1701.5624999999673,84245.0625,1,1,1,1,1,1,121.40600000000035,8.312999999999818,184.81600000000094,269.4289999999997,609.946000000001,238.9270000000002,12.898000000000422,86.5539999999994,61.30499999999989,267.25099999999867,41.2499999999996,290.25,121.40600000000035,8.312999999999818,184.81600000000094,269.4289999999997,609.946000000001,238.9270000000002,12.898000000000422,86.5539999999994,61.30499999999989,267.25099999999867,41.2499999999996,290.25,0.5395822222222237,0.021761780104711564,1.2572517006802786,1.7495389610389591,1.6051210526315818,1.823870229007635,0.05732444444444632,0.22658115183245917,0.4170408163265299,1.7353961038960952,0.10855263157894632,2.2156488549618323,0.5395822222222237,-0.021761780104711564,1.2572517006802786,1.7495389610389591,1.6051210526315818,1.823870229007635,0.05732444444444632,-0.22658115183245917,0.4170408163265299,1.7353961038960952,0.10855263157894632,2.2156488549618323,ML,SCP,ML,ML,ML,SCP,AutoETS,x11 lineal,AutoETS,AutoETS,AutoETS,x11 lineal,SCP,ML,SCP,SCP,SCP,ML,x11 lineal,AutoETS,x11 lineal,x11 lineal,x11 lineal,AutoETS,89.37614285949591,90.3955911916262,66.82917063457732,0.8083762326999107,93.23710623563406,17.68234280792415,665.0,1783.3020000000008,1263.7509999999982,1118.3020000000008,598.7509999999983,1118.3020000000008,598.7509999999983,501712.2202860012,157369.72200099926,3,372.7673333333336,199.5836666666661,408.94670406056633,229.03400184324835,1.681657142857144,0.90037744360902,1.681657142857144,0.90037744360902,ML,AutoETS,SCP,x11 lineal,46.45891717979599,754.0,1051.9090000000015,741.6490000000009,297.90900000000147,-12.35099999999909,314.5350000000011,160.75699999999972,48965.47666100043,11416.256344999896,3,104.84500000000037,53.585666666666576,127.75690021938858,61.68807649511072,0.4171551724137946,0.2132055702917768,0.39510477453581094,-0.01638063660477333,ML,AutoETS,SCP,x11 lineal,48.8905845136474,1419.0,2835.2110000000025,2005.399999999999,1416.2110000000023,586.3999999999992,1432.837000000002,759.507999999998,550677.6969470016,168785.97834599914,6,238.806166666667,126.58466666666634,302.9515079312754,167.72297514353798,1.0097512332628626,0.5352417195207879,0.9980345313601143,0.41324876673713823,ML,AutoETS,SCP,x11 lineal,46.99271445391228,2026-07-11 11:04:33.553,0,,
8614,63,60,10664,1,312,Orchids,Blue/Grn,Super,,,MovingAverage3M,smooth_acceptable,smooth_acceptable_acceptable,acceptable,x11 lineal,x11 lineal,success,smooth_acceptable,COMPARABLE,1,1,1,77.0,178.0,165.0,104.0,116.0,76.0,91.4200000000001,233.59700000000103,119.54399999999994,55.42899999999991,63.098000000000006,41.436999999999955,106.66799999999976,106.66600000000018,106.66700000000063,66.12400000000001,77.083,51.663999999999895,14.420000000000101,55.59700000000103,-45.45600000000006,-48.57100000000009,-52.901999999999994,-34.563000000000045,29.667999999999765,-71.33399999999982,-58.33299999999937,-37.87599999999999,-38.917,-24.336000000000105,14.420000000000101,55.59700000000103,45.45600000000006,48.57100000000009,52.901999999999994,34.563000000000045,29.667999999999765,71.33399999999982,58.33299999999937,37.87599999999999,38.917,24.336000000000105,207.93640000000292,3091.0264090001147,2066.2479360000057,2359.1420410000087,2798.6216039999995,1194.600969000003,880.1902239999861,5088.539555999974,3402.738888999927,1434.5913759999992,1514.532889,592.2408960000051,1,1,1,1,1,1,14.420000000000101,55.59700000000103,45.45600000000006,48.57100000000009,52.901999999999994,34.563000000000045,29.667999999999765,71.33399999999982,58.33299999999937,37.87599999999999,38.917,24.336000000000105,14.420000000000101,55.59700000000103,45.45600000000006,48.57100000000009,52.901999999999994,34.563000000000045,29.667999999999765,71.33399999999982,58.33299999999937,37.87599999999999,38.917,24.336000000000105,0.1872727272727286,0.31234269662921926,0.27549090909090945,0.46702884615384704,0.456051724137931,0.45477631578947425,0.38529870129869825,0.40075280898876303,0.35353333333332954,0.3641923076923076,0.33549137931034484,0.32021052631579083,0.1872727272727286,0.31234269662921926,-0.27549090909090945,-0.46702884615384704,-0.456051724137931,-0.45477631578947425,0.38529870129869825,-0.40075280898876303,-0.35353333333332954,-0.3641923076923076,-0.33549137931034484,-0.32021052631579083,SCP,SCP,SCP,ML,ML,ML,x11 lineal,x11 lineal,x11 lineal,MovingAverage3M,MovingAverage3M,MovingAverage3M,ML,ML,ML,SCP,SCP,SCP,MovingAverage3M,MovingAverage3M,MovingAverage3M,x11 lineal,x11 lineal,x11 lineal,51.3954429014419,22.06100877561728,22.074983285617837,22.019311935105478,26.43567350950814,29.589445360645566,296.0,159.96399999999988,194.87099999999992,-136.03600000000012,-101.1290000000001,136.03600000000012,101.1290000000001,6352.364614000011,3541.3651610000043,3,45.34533333333337,33.7096666666667,46.015811101547875,34.3577509983798,0.4595810810810815,0.3416520270270274,-0.4595810810810815,-0.3416520270270274,ML,MovingAverage3M,SCP,x11 lineal,25.660119380164055,420.0,444.56100000000106,320.0010000000006,24.561000000001073,-99.99899999999941,115.47300000000119,159.33499999999896,5365.210745000123,9371.468668999887,3,38.4910000000004,53.111666666666316,42.28952094392543,55.89117005097164,0.2749357142857171,0.3793690476190451,0.05847857142857398,-0.23809285714285575,SCP,x11 lineal,ML,MovingAverage3M,27.528163931338405,716.0,604.525000000001,514.8720000000004,-111.47499999999906,-201.12799999999953,251.50900000000132,260.46399999999903,11717.575359000135,12912.83382999989,6,41.918166666666885,43.41066666666651,44.19195884434206,46.391151868288944,0.3512695530726275,0.3637765363128478,-0.15569134078212157,-0.28090502793296024,SCP,x11 lineal,ML,MovingAverage3M,3.43809509183524,2026-07-11 11:04:33.553,0,,
8615,63,60,10664,1,313,Orchids,Variegated,Medium,,,,,,,preserve current forecast,preserve current forecast,success,,NOT_COMPARABLE_ML_EXCLUDED,1,1,0,0.0,0.0,0.0,0.0,0.0,0.0,0.0,30.0,24.0,0.0,0.0,0.0,,,,,,,,,,,,,,,,,,,,,,,,,,,,,,,,,,,,,,,,,,,,,,,,,,,,,,,,,,,,,,,,,,,,,,,,,,,,,,,,,,,,,,,,,,,,,,,,,,,,,,,,,,,,,,,,,,,,,,,,,,,,,,,,,,,,,,,,,,,,,,,,,,,,,,,,,,,,,,,,,,,,,,,,,,,,,,,,,,,,,,,,,,,,,,,,,,,,2026-07-11 11:04:33.553,1,MissingHistory,NoForecastRowsMaterialized
8616,63,60,10664,1,314,Orchids,White/Lav,Super,,,SeasonalNaive,smooth_insuficient,smooth_insuficient_insuficient,insuficient,x11 lineal,x11 lineal,success,smooth_insuficient,COMPARABLE,1,1,1,34.0,77.0,64.0,42.0,50.0,0.0,82.85200000000025,84.20799999999983,68.91000000000014,40.83399999999984,41.83200000000005,18.83399999999999,76.00000000000026,87.93099999999977,59.00000000000006,39.998999999999995,41.001,17.99999999999998,48.852000000000245,7.207999999999828,4.910000000000139,-1.1660000000001602,-8.16799999999995,18.83399999999999,42.000000000000256,10.93099999999977,-4.999999999999943,-2.0010000000000048,-8.999000000000002,17.99999999999998,48.852000000000245,7.207999999999828,4.910000000000139,1.1660000000001602,8.16799999999995,18.83399999999999,42.000000000000256,10.93099999999977,4.999999999999943,2.0010000000000048,8.999000000000002,17.99999999999998,2386.517904000024,51.95526399999752,24.10810000000136,1.3595560000003737,66.71622399999917,354.71955599999956,1764.0000000000214,119.48676099999497,24.99999999999943,4.004001000000019,80.98200100000004,323.99999999999926,1,1,1,1,1,0,48.852000000000245,7.207999999999828,4.910000000000139,1.1660000000001602,8.16799999999995,,42.000000000000256,10.93099999999977,4.999999999999943,2.0010000000000048,8.999000000000002,,48.852000000000245,7.207999999999828,4.910000000000139,1.1660000000001602,8.16799999999995,,42.000000000000256,10.93099999999977,4.999999999999943,2.0010000000000048,8.999000000000002,,1.436823529411772,0.09361038961038738,0.07671875000000217,0.02776190476190858,0.16335999999999898,,1.2352941176470664,0.14196103896103598,0.07812499999999911,0.04764285714285726,0.17998000000000006,,1.436823529411772,0.09361038961038738,0.07671875000000217,-0.02776190476190858,-0.16335999999999898,,1.2352941176470664,0.14196103896103598,-0.07812499999999911,-0.04764285714285726,-0.17998000000000006,,ML,SCP,SCP,SCP,SCP,,SeasonalNaive,x11 lineal,x11 lineal,x11 lineal,x11 lineal,,SCP,ML,ML,ML,ML,,x11 lineal,SeasonalNaive,SeasonalNaive,SeasonalNaive,SeasonalNaive,,14.02603782854326,34.05909797822725,1.7999999999961096,41.72913543227599,9.234359373264292,,92.0,101.49999999999989,98.99999999999997,9.49999999999988,6.999999999999972,28.1680000000001,28.999999999999986,422.7953359999991,408.9860019999993,2,14.08400000000005,14.499999999999993,14.539520899947135,14.300104929684945,0.30617391304347935,0.31521739130434767,0.10326086956521607,0.07608695652173882,SCP,x11 lineal,ML,SeasonalNaive,2.868965517240986,175.0,235.9700000000002,222.93100000000007,60.97000000000021,47.93100000000008,60.97000000000021,57.93099999999997,2462.5812680000226,1908.4867610000158,3,20.323333333333405,19.310333333333322,28.650661818999474,25.222257108884445,0.3484000000000012,0.33103428571428556,0.3484000000000012,0.27389142857142906,ML,SeasonalNaive,SCP,x11 lineal,4.984418566508493,267.0,337.4700000000001,321.93100000000004,70.47000000000008,54.931000000000054,89.1380000000003,86.93099999999995,2885.376604000022,2317.4727630000148,5,17.82760000000006,17.38619999999999,24.022392070732764,21.5289236284586,0.33385018726591875,0.3255842696629212,0.26393258426966326,0.20573408239700394,ML,SeasonalNaive,SCP,x11 lineal,2.4759361888311817,2026-07-11 11:04:33.553,0,,
"8617,63,60,10664,1,315,Protea,Green,"""",,,MovingAverage12M,lumpy_acceptable,lumpy_acceptable_acceptable,acceptable,seasonal discrete,seasonal discrete,success,lumpy_acceptable,COMPARABLE,1,1,1,110.0,134.0,125.0,24.0,0.0,60.0,43.31099999999988,11.67099999999999,0.0,0.0,27.960999999999984,59.80999999999994,66.99900000000005,67.00099999999998,67.0000000000001,62.08300000000006,62.083000000000006,62.08300000000001,-66.68900000000012,-122.32900000000001,-125.0,-24.0,27.960999999999984,-0.19000000000006168,-43.00099999999995,-66.99900000000002,-57.9999999999999,38.08300000000006,62.083000000000006,2.0830000000000126,66.68900000000012,122.32900000000001,125.0,24.0,27.960999999999984,0.19000000000006168,43.00099999999995,66.99900000000002,57.9999999999999,38.08300000000006,62.083000000000006,2.0830000000000126,4447.422721000016,14964.384241000002,15625.0,576.0,781.8175209999991,0.03610000000002344,1849.0860009999956,4488.866001000003,3363.9999999999886,1450.3148890000048,3854.2988890000006,4.338889000000052,1,1,1,1,0,1,66.68900000000012,122.32900000000001,125.0,24.0,,0.19000000000006168,43.00099999999995,66.99900000000002,57.9999999999999,38.08300000000006,,2.0830000000000126,66.68900000000012,122.32900000000001,125.0,24.0,,0.19000000000006168,43.00099999999995,66.99900000000002,57.9999999999999,38.08300000000006,,2.0830000000000126,0.6062636363636374,0.912902985074627,1.0,1.0,,0.0031666666666676944,0.39091818181818133,0.499992537313433,0.4639999999999992,1.5867916666666693,,0.034716666666666875,-0.6062636363636374,-0.912902985074627,-1.0,-1.0,,-0.0031666666666676944,-0.39091818181818133,-0.499992537313433,-0.4639999999999992,1.5867916666666693,,0.034716666666666875,ML,ML,ML,SCP,,SCP,MovingAverage12M,MovingAverage12M,MovingAverage12M,seasonal discrete,,seasonal discrete,SCP,SCP,SCP,ML,,ML,seasonal discrete,seasonal discrete,seasonal discrete,MovingAverage12M,,MovingAverage12M,35.52010076624351,45.23048500355597,53.60000000000008,36.97975474621232,,90.87854056648774,84.0,87.77099999999993,186.24900000000008,3.7709999999999226,102.24900000000008,52.151000000000046,102.24900000000008,1357.8536209999993,5308.952667000005,2,26.075500000000023,51.12450000000004,26.056224026132405,51.52161035429699,0.6208452380952386,1.217250000000001,0.04489285714285622,1.217250000000001,SCP,seasonal discrete,ML,MovingAverage12M,48.9960782012538,369.0,54.98199999999987,201.00000000000014,-314.01800000000014,-167.9999999999999,314.01800000000014,167.9999999999999,35036.80696200002,9701.952001999987,3,104.67266666666671,55.999999999999964,108.06912442506419,56.86812816214951,0.8509972899729001,0.45528455284552816,-0.8509972899729001,-0.45528455284552816,ML,MovingAverage12M,SCP,seasonal discrete,46.499882172359605,453.0,142.7529999999998,387.24900000000025,-310.2470000000002,-65.75099999999982,366.1690000000002,270.24899999999997,36394.66058300001,15010.904668999994,5,73.23380000000004,54.04979999999999,85.31665790805452,54.792161244104975,0.8083200883002212,0.5965761589403973,-0.6848719646799121,-0.14514569536423802,ML,MovingAverage12M,SCP,seasonal discrete,26.19555451171458,2026-07-11 11:04:33.553,0,,"
"8618,63,60,10664,1,316,Protea,Natural-Orange/Green,"""",,,,,,,preserve current forecast,preserve current forecast,success,,NOT_COMPARABLE_MISSING_SCP_AND_ML,1,0,0,0.0,0.0,0.0,0.0,0.0,0.0,,,,,,,,,,,,,,,,,,,,,,,,,,,,,,,,,,,,,,,,,,,,,,,,,,,,,,,,,,,,,,,,,,,,,,,,,,,,,,,,,,,,,,,,,,,,,,,,,,,,,,,,,,,,,,,,,,,,,,,,,,,,,,,,,,,,,,,,,,,,,,,,,,,,,,,,,,,,,,,,,,,,,,,,,,,,,,,,,,,,,,,,,,,,,,,,,,,,,,,,,,2026-07-11 11:04:33.553,1,MissingHistory,NoForecastRowsMaterialized"
"8619,63,60,10664,1,317,Protea,Peach-Orange,""50cm"",,,MovingAverage3M,intermittent_insuficient,intermittent_insuficient_insuficient,insuficient,syntetos-boylan,syntetos-boylan,success,intermittent_insuficient,NOT_COMPARABLE_NO_HISTORY,1,1,1,0.0,0.0,0.0,0.0,0.0,0.0,250.0,0.0,250.0,0.0,600.0,120.0,0.0,0.0,0.0,0.0,0.0,0.0,,,,,,,,,,,,,,,,,,,,,,,,,,,,,,,,,,,,,,,,,,,,,,,,,,,,,,,,,,,,,,,,,,,,,,,,,,,,,,,,,,,,,,,,,,,,,,,,,,,,,,,,,,,,,,,,,,,,,,,,,,,,,,,,,,,,,,,,,,,,,,,,,,,,,,,,,,,,,,,,,,,,,,,,,,,,,,,,,,,,,,,,,,,,,,2026-07-11 11:04:33.553,0,,"
"8620,63,60,10664,1,318,Protea,Yellow/Orange,"""",,,SeasonalNaive,lumpy_insuficient,lumpy_insuficient_insuficient,insuficient,copy last year,copy last year,success,lumpy_insuficient,NOT_COMPARABLE_MISSING_SCP,1,0,1,0.0,2.0,0.0,0.0,0.0,0.0,,,,,,,0.0,0.0,0.0,0.0,0.0,0.0,,,,,,,,,,,,,,,,,,,,,,,,,,,,,,,,,,,,,,,,,,,,,,,,,,,,,,,,,,,,,,,,,,,,,,,,,,,,,,,,,,,,,,,,,,,,,,,,,,,,,,,,,,,,,,,,,,,,,,,,,,,,,,,,,,,,,,,,,,,,,,,,,,,,,,,,,,,,,,,,,,,,,,,,,,,,,,,,,,,,,,,,,,,,,,2026-07-11 11:04:33.553,0,,NoForecastRowsMaterialized"
"8621,63,60,10664,1,320,Roses,Orange,""40cm"",,,AutoETS,smooth_acceptable,smooth_acceptable_acceptable,acceptable,x11 lineal,x11 lineal,success,smooth_acceptable,COMPARABLE,1,1,1,14410.0,33462.0,19383.0,11800.0,16794.0,12292.0,31365.938999999613,39925.53799999892,29408.129999999714,19647.42299999987,14562.155999999888,15526.451999999572,35530.05899999954,42130.99399999912,28935.640999999825,16675.000000000036,13149.998999999763,11775.00000000021,16955.938999999613,6463.537999998924,10025.129999999714,7847.4229999998715,-2231.844000000112,3234.451999999572,21120.058999999543,8668.993999999118,9552.640999999825,4875.000000000036,-3644.0010000002367,-516.9999999997908,16955.938999999613,6463.537999998924,10025.129999999714,7847.4229999998715,2231.844000000112,3234.451999999572,21120.058999999543,8668.993999999118,9552.640999999825,4875.000000000036,3644.0010000002367,516.9999999997908,287503867.37170786,41777323.47743008,100503231.51689425,61582047.74092698,4981127.6403365,10461679.74030123,446056892.1634617,75151456.97202072,91252950.07487765,23765625.000000354,13278743.288002726,267288.9999997837,1,1,1,1,1,1,16955.938999999613,6463.537999998924,10025.129999999714,7847.4229999998715,2231.844000000112,3234.451999999572,21120.058999999543,8668.993999999118,9552.640999999825,4875.000000000036,3644.0010000002367,516.9999999997908,16955.938999999613,6463.537999998924,10025.129999999714,7847.4229999998715,2231.844000000112,3234.451999999572,21120.058999999543,8668.993999999118,9552.640999999825,4875.000000000036,3644.0010000002367,516.9999999997908,1.1766786259541715,0.1931605403143543,0.5172125058040403,0.6650358474576162,0.13289531975706276,0.26313472177022224,1.4656529493407038,0.25906981053132266,0.4928360418923709,0.41313559322034205,0.21698231511255428,0.04205987634231946,1.1766786259541715,0.1931605403143543,0.5172125058040403,0.6650358474576162,-0.13289531975706276,0.26313472177022224,1.4656529493407038,0.25906981053132266,0.4928360418923709,0.41313559322034205,-0.21698231511255428,-0.04205987634231946,SCP,SCP,ML,ML,SCP,ML,x11 lineal,x11 lineal,AutoETS,AutoETS,x11 lineal,AutoETS,ML,ML,SCP,SCP,ML,SCP,AutoETS,AutoETS,x11 lineal,x11 lineal,AutoETS,x11 lineal,19.716422193707036,25.440737414288428,4.713046115111743,37.877695646072404,38.75292569897849,84.01583946832851,40886.0,49736.03099999933,41599.99900000001,8850.030999999331,713.9990000000089,13313.718999999555,9036.001000000064,77024855.12156472,37311657.28800286,3,4437.906333333185,3012.000333333355,5067.045658683986,3526.6441691785344,0.3256302646382516,0.22100476935870625,0.2164562686493991,0.01746316587585014,ML,AutoETS,SCP,x11 lineal,32.1301508616761,67255.0,100699.60699999824,106596.69399999849,33444.60699999825,39341.69399999849,33444.60699999825,39341.69399999849,429784422.3660322,612461299.21036,3,11148.20233333275,13113.897999999497,11969.188532311233,14288.238743926886,0.4972806036725634,0.5849631105493791,0.4972806036725634,0.5849631105493791,SCP,x11 lineal,ML,AutoETS,14.989407929410634,108141.0,150435.6379999976,148196.6929999985,42294.637999997576,40055.6929999985,46758.3259999978,48377.69499999855,506809277.487597,649772956.4983629,6,7793.054333332967,8062.949166666425,9190.659003281511,10406.512035726819,0.43238296298349194,0.44735757020925043,0.3911064073755336,0.3704024652999186,SCP,x11 lineal,ML,AutoETS,3.347346333885478,2026-07-11 11:04:33.553,0,,"
"8622,63,60,10664,1,322,Roses,Pink Hot,""40cm"",,,AutoETS,erratic_acceptable,erratic_acceptable_acceptable,acceptable,x11 lineal,x11 lineal,success,erratic_acceptable,COMPARABLE,1,1,1,1575.0,4104.0,3175.0,1825.0,3325.0,1675.0,1775.534999999996,6531.006000000004,3416.3960000000025,3640.9080000000135,2360.876000000002,1569.301999999997,2116.157999999995,2116.157000000001,2116.1560000000113,4314.142000000005,3073.7199999999925,2714.4729999999863,200.534999999996,2427.006000000004,241.39600000000246,1815.9080000000135,-964.123999999998,-105.69800000000305,541.1579999999949,-1987.842999999999,-1058.8439999999887,2489.1420000000053,-251.28000000000748,1039.4729999999863,200.534999999996,2427.006000000004,241.39600000000246,1815.9080000000135,964.123999999998,105.69800000000305,541.1579999999949,1987.842999999999,1058.8439999999887,2489.1420000000053,251.28000000000748,1039.4729999999863,40214.28622499839,5890358.124036019,58272.028816001184,3297521.864464049,929535.087375996,11172.067204000645,292851.98096399446,3951519.7926489958,1121150.616335976,6195827.896164026,63141.63840000376,1080504.1177289716,1,1,1,1,1,1,200.534999999996,2427.006000000004,241.39600000000246,1815.9080000000135,964.123999999998,105.69800000000305,541.1579999999949,1987.842999999999,1058.8439999999887,2489.1420000000053,251.28000000000748,1039.4729999999863,200.534999999996,2427.006000000004,241.39600000000246,1815.9080000000135,964.123999999998,105.69800000000305,541.1579999999949,1987.842999999999,1058.8439999999887,2489.1420000000053,251.28000000000748,1039.4729999999863,0.12732380952380698,0.591375730994153,0.07603023622047321,0.9950180821917882,0.2899621052631573,0.06310328358209137,0.3435923809523777,0.4843672027290446,0.3334941732283429,1.363913424657537,0.07557293233082932,0.6205808955223799,0.12732380952380698,0.591375730994153,0.07603023622047321,0.9950180821917882,-0.2899621052631573,-0.06310328358209137,0.3435923809523777,-0.4843672027290446,-0.3334941732283429,1.363913424657537,-0.07557293233082932,0.6205808955223799,SCP,ML,SCP,SCP,ML,SCP,x11 lineal,AutoETS,x11 lineal,x11 lineal,AutoETS,x11 lineal,ML,SCP,ML,ML,SCP,ML,AutoETS,x11 lineal,AutoETS,AutoETS,x11 lineal,AutoETS,62.94335480580572,18.09484607784258,77.2019296515818,27.046829791148525,73.93696246540819,89.8315781169877,6825.0,7571.086000000012,10102.334999999985,746.0860000000125,3277.334999999984,2885.7300000000146,3779.894999999999,4238229.019044046,7339473.652293001,3,961.9100000000049,1259.9649999999997,1188.5886615427623,1564.1263431804352,0.42281758241758455,0.5538307692307691,0.10931663003663188,0.48019560439560205,SCP,x11 lineal,ML,AutoETS,23.655815836153778,8854.0,11722.937000000002,6348.471000000008,2868.9370000000026,-2505.5289999999927,2868.9370000000026,3587.8449999999825,5988844.439077019,5365522.389948967,3,956.3123333333342,1195.9483333333276,1412.8982552513608,1337.3509125567314,0.3240272193358937,0.4052230630223608,0.3240272193358937,-0.2829827196747225,SCP,x11 lineal,ML,AutoETS,20.037320452806163,15679.0,19294.023000000016,16450.80599999999,3615.0230000000147,771.8059999999914,5754.667000000017,7367.7399999999825,10227073.458121065,12704996.042241966,6,959.1111666666694,1227.9566666666638,1305.5697005599425,1455.1629944352148,0.3670302315198684,0.4699113463868858,0.23056464060208015,0.049225460807448905,SCP,x11 lineal,ML,AutoETS,21.89372860605789,2026-07-11 11:04:33.553,0,,"
"8623,63,60,10664,1,324,Roses,Red,""50cm"",,,SeasonalNaive,smooth_acceptable,smooth_acceptable_acceptable,acceptable,x11 seasonal,x11 seasonal,success,smooth_acceptable,COMPARABLE,1,1,1,81455.0,184107.0,115214.0,91812.0,441125.0,100231.0,132469.00899999967,208081.83100000015,120654.39999999998,64138.94200000059,400936.55299999344,88797.97899999902,106345.00000000994,175377.000000001,100875.99900000161,82409.59799999953,454619.85999999783,115912.90400000513,51014.00899999967,23974.83100000015,5440.39999999998,-27673.057999999408,-40188.44700000656,-11433.021000000983,24890.00000000994,-8729.99999999901,-14338.000999998389,-9402.402000000468,13494.859999997832,15681.904000005132,51014.00899999967,23974.83100000015,5440.39999999998,27673.057999999408,40188.44700000656,11433.021000000983,24890.00000000994,8729.99999999901,14338.000999998389,9402.402000000468,13494.859999997832,15681.904000005132,2602429114.2520475,574792521.4785682,29597952.159999777,765798139.0713313,1615111272.2723365,130713969.18646348,619512100.0004947,76212899.99998273,205578272.6759548,88405163.3696128,182111246.4195415,245922113.06537697,1,1,1,1,1,1,51014.00899999967,23974.83100000015,5440.39999999998,27673.057999999408,40188.44700000656,11433.021000000983,24890.00000000994,8729.99999999901,14338.000999998389,9402.402000000468,13494.859999997832,15681.904000005132,51014.00899999967,23974.83100000015,5440.39999999998,27673.057999999408,40188.44700000656,11433.021000000983,24890.00000000994,8729.99999999901,14338.000999998389,9402.402000000468,13494.859999997832,15681.904000005132,0.6262845620281097,0.13022226748575638,0.047219955908135984,0.3014100335468066,0.09110444205158756,0.11406671588631245,0.305567491252961,0.04741807753099562,0.12444669050634809,0.1024092929028936,0.030591918390473975,0.1564576228911727,0.6262845620281097,0.13022226748575638,0.047219955908135984,-0.3014100335468066,-0.09110444205158756,-0.11406671588631245,0.305567491252961,-0.04741807753099562,-0.12444669050634809,-0.1024092929028936,0.030591918390473975,0.1564576228911727,ML,ML,SCP,ML,ML,SCP,SeasonalNaive,SeasonalNaive,x11 seasonal,SeasonalNaive,SeasonalNaive,x11 seasonal,SCP,SCP,ML,SCP,SCP,ML,x11 seasonal,x11 seasonal,SeasonalNaive,x11 seasonal,x11 seasonal,SeasonalNaive,51.209480517380825,63.586813187550916,62.05607741273982,66.02326349332023,66.42104632708094,27.094178104921173,633168.0,553873.4739999931,652942.3620000025,-79294.52600000695,19774.362000002497,79294.52600000695,38579.16600000343,2511623380.5301313,516438522.8545313,3,26431.508666668986,12859.722000001144,28934.543257325557,13120.448707450663,0.12523457597352827,0.06093037866727856,-0.12523457597352827,0.03123082973239724,ML,SeasonalNaive,SCP,x11 seasonal,51.346999665525395,380776.0,461205.2399999998,382597.9990000126,80429.2399999998,1821.99900001254,80429.2399999998,47958.00100000734,3206819587.8906155,901303272.6764323,3,26809.7466666666,15986.00033333578,32694.645779243507,17333.044286145392,0.21122455196756046,0.12594806657984572,0.21122455196756046,0.004784962812815251,ML,SeasonalNaive,SCP,x11 seasonal,40.37243047428093,1013944.0,1015078.7139999928,1035540.361000015,1134.7139999928477,21596.361000015037,159723.76600000676,86537.16700001077,5718442968.420747,1417741795.5309637,6,26620.62766666779,14422.861166668461,30871.89382059553,15371.737027908088,0.15752720663074762,0.08534708721587264,0.0011191091421151934,0.02129936268671153,ML,SeasonalNaive,SCP,x11 seasonal,45.82073215077642,2026-07-11 11:04:33.553,0,,"
"8624,63,60,10664,1,325,Roses,Salmon,""40cm"",,,AutoARIMA,erratic_acceptable,erratic_acceptable_acceptable,acceptable,seasonal discrete,seasonal discrete,success,erratic_acceptable,COMPARABLE,1,1,1,225.0,1775.0,400.0,100.0,1122.0,0.0,384.15200000000067,419.7169999999997,575.6519999999989,288.757000000001,90.82899999999985,195.82199999999986,475.00099999999895,549.999,825.0000000000014,99.99900000000005,100.00099999999988,199.9999999999999,159.15200000000067,-1355.2830000000004,175.6519999999989,188.75700000000103,-1031.171,195.82199999999986,250.00099999999895,-1225.001,425.00000000000136,-0.0009999999999479,-1021.9990000000001,199.9999999999999,159.15200000000067,1355.2830000000004,175.6519999999989,188.75700000000103,1031.171,195.82199999999986,250.00099999999895,1225.001,425.00000000000136,0.0009999999999479,1021.9990000000001,199.9999999999999,25329.359104000214,1836792.010089001,30853.625103999617,35629.20504900039,1063313.631241,38346.255683999945,62500.50000099948,1500627.450001,180625.00000000116,0.0000009999999999,1044481.9560010002,39999.999999999956,1,1,1,1,1,0,159.15200000000067,1355.2830000000004,175.6519999999989,188.75700000000103,1031.171,,250.00099999999895,1225.001,425.00000000000136,0.0009999999999479,1021.9990000000001,,159.15200000000067,1355.2830000000004,175.6519999999989,188.75700000000103,1031.171,,250.00099999999895,1225.001,425.00000000000136,0.0009999999999479,1021.9990000000001,,0.7073422222222252,0.7635397183098593,0.43912999999999724,1.8875700000000102,0.9190472370766489,,1.111115555555551,0.6901414084507043,1.0625000000000033,0.0000099999999995,0.910872549019608,,0.7073422222222252,-0.7635397183098593,0.43912999999999724,1.8875700000000102,-0.9190472370766489,,1.111115555555551,-0.6901414084507043,1.0625000000000033,-0.0000099999999995,-0.910872549019608,,SCP,ML,SCP,ML,ML,,seasonal discrete,AutoARIMA,seasonal discrete,AutoARIMA,AutoARIMA,,ML,SCP,ML,SCP,SCP,,AutoARIMA,seasonal discrete,AutoARIMA,seasonal discrete,seasonal discrete,,36.339454642180904,9.612900036376184,58.670117647059215,99.99947021832305,0.8894741997205027,,1222.0,575.4080000000008,399.9999999999998,-646.5919999999992,-822.0000000000002,1415.750000000001,1222.0,1137289.0919740004,1084481.9560020003,2,707.8750000000005,611.0,754.0852378789816,736.3701365488691,1.1585515548281513,1.0,-0.5291260229132563,-0.6726677577741409,ML,AutoARIMA,SCP,seasonal discrete,13.685325799046497,2400.0,1379.5209999999993,1850.0000000000005,-1020.4790000000007,-549.9999999999997,1690.087,1900.0020000000004,1892974.9942970008,1743752.9500020007,3,563.3623333333334,633.3340000000002,794.349837770278,762.3981789944152,0.7042029166666667,0.7916675000000002,-0.42519958333333363,-0.22916666666666652,SCP,seasonal discrete,ML,AutoARIMA,11.048146265109214,3622.0,1954.929,2250.0000000000005,-1667.071,-1372.0,3105.837000000001,3122.0020000000004,3030264.0862710015,2828234.906004001,5,621.1674000000002,624.4004000000001,778.493941693961,752.0950612793573,0.8574922694643846,0.8619552733296523,-0.4602625621203755,-0.37879624516841526,SCP,seasonal discrete,ML,AutoARIMA,0.5177767342877887,2026-07-11 11:04:33.553,0,,"
8625,63,60,10664,1,326,Alstroemeria,Bicolor,Super Select,,,TSB,lumpy_acceptable,lumpy_acceptable_acceptable,acceptable,seasonal discrete,seasonal discrete,success,lumpy_acceptable,COMPARABLE,1,1,1,76.0,64.0,96.0,61.0,76.0,70.0,2.343000000000001,6.86,18.413999999999984,0.9260000000000003,0.06000000000000002,0.4670000000000002,17.783000000000005,17.784,17.784999999999993,2.091,2.089,2.0909999999999997,-73.657,-57.14,-77.58600000000001,-60.074,-75.94,-69.533,-58.217,-46.216,-78.215,-58.909,-73.911,-67.909,73.657,57.14,77.58600000000001,60.074,75.94,69.533,58.217,46.216,78.215,58.909,73.911,67.909,5425.353649,3264.9796,6019.587396000002,3608.885476,5766.883599999999,4834.838089,3389.2190889999997,2135.9186560000003,6117.586225000001,3470.270281,5462.835921,4611.632281000001,1,1,1,1,1,1,73.657,57.14,77.58600000000001,60.074,75.94,69.533,58.217,46.216,78.215,58.909,73.911,67.909,73.657,57.14,77.58600000000001,60.074,75.94,69.533,58.217,46.216,78.215,58.909,73.911,67.909,0.9691710526315789,0.8928125,0.8081875000000002,0.9848196721311475,0.9992105263157894,0.9933285714285714,0.7660131578947368,0.722125,0.8147395833333334,0.9657213114754098,0.9725131578947369,0.9701285714285716,-0.9691710526315789,-0.8928125,-0.8081875000000002,-0.9848196721311475,-0.9992105263157894,-0.9933285714285714,-0.7660131578947368,-0.722125,-0.8147395833333334,-0.9657213114754098,-0.9725131578947369,-0.9701285714285716,ML,ML,SCP,ML,ML,ML,TSB,TSB,seasonal discrete,TSB,TSB,TSB,SCP,SCP,ML,SCP,SCP,SCP,seasonal discrete,seasonal discrete,TSB,seasonal discrete,seasonal discrete,seasonal discrete,20.96202669128528,19.11795589779489,0.8041935690084903,1.93927489429703,2.671846194363961,2.335581666259175,207.0,1.4530000000000005,6.271,-205.54700000000003,-200.72899999999998,205.54700000000003,200.72899999999998,14210.607164999998,13544.738483000001,3,68.51566666666668,66.90966666666667,68.82491594618914,67.1931010421953,0.9929806763285025,0.9697053140096618,-0.9929806763285025,-0.9697053140096618,ML,TSB,SCP,seasonal discrete,2.3439894525339877,236.0,27.616999999999983,53.35199999999999,-208.38299999999998,-182.64800000000002,208.38299999999998,182.64800000000002,14709.920645000002,11642.723970000001,3,69.461,60.88266666666667,70.02361659944927,62.29693403370667,0.882978813559322,0.7739322033898306,-0.882978813559322,-0.7739322033898306,ML,TSB,SCP,seasonal discrete,12.349855794378602,443.0,29.069999999999983,59.623000000000005,-413.93,-383.37699999999995,413.93,383.37699999999995,28920.527810000003,25187.462453000004,6,68.98833333333333,63.89616666666666,69.42685336621079,64.7912834325215,0.9343792325056434,0.8654108352144468,-0.9343792325056434,-0.8654108352144468,ML,TSB,SCP,seasonal discrete,7.381199719759395,2026-07-11 11:04:33.553,0,,
8626,63,60,10664,1,327,Alstroemeria,Dark Pink,Super Select,,,MovingAverage3M,intermittent_acceptable,intermittent_acceptable_acceptable,acceptable,copy last year,copy last year,success,intermittent_acceptable,COMPARABLE,1,1,1,0.0,182.0,0.0,0.0,0.0,0.0,0.0,0.0,0.0,0.004,0.12399999999999999,0.08,0.0,0.0,0.0,0.0,0.0,0.0,0.0,-182.0,0.0,0.004,0.12399999999999999,0.08,0.0,-182.0,0.0,0.0,0.0,0.0,0.0,182.0,0.0,0.004,0.12399999999999999,0.08,0.0,182.0,0.0,0.0,0.0,0.0,0.0,33124.0,0.0,0.000016,0.015375999999999996,0.0064,0.0,33124.0,0.0,0.0,0.0,0.0,0,1,0,0,0,0,,182.0,,,,,,182.0,,,,,,182.0,,,,,,182.0,,,,,,1.0,,,,,,1.0,,,,,,-1.0,,,,,,-1.0,,,,,,TIE,,,,,,,,,,,,,,,,,,,,,,,,0.0,,,,,0.0,0.208,0.0,0.208,0.0,0.208,0.0,0.021791999999999995,0.0,0,,,,,,,,,,,,,,182.0,0.0,0.0,-182.0,-182.0,182.0,182.0,33124.0,33124.0,1,182.0,182.0,182.0,182.0,1.0,1.0,-1.0,-1.0,TIE,,,,0.0,182.0,0.20799999999999996,0.0,-181.792,-182.0,182.208,182.0,33124.021792,33124.0,1,182.208,182.0,182.000059868122,182.0,1.0011428571428571,1.0,-0.9988571428571429,-1.0,ML,MovingAverage3M,SCP,copy last year,0.11415525114154945,2026-07-11 11:04:33.553,0,,NoForecastRowsMaterialized
8627,63,60,10664,1,328,Alstroemeria,Pink Hot,Select,,,SeasonalNaive,erratic_acceptable,erratic_acceptable_acceptable,acceptable,seasonal discrete,seasonal discrete,success,erratic_acceptable,COMPARABLE,1,1,1,0.0,765.0,139.0,107.0,233.0,72.0,20.529,257.3170000000004,23.761000000000017,9.95,75.00899999999987,20.91800000000001,0.0,369.9999999999994,19.99999999999998,222.91799999999952,152.8349999999995,82.75000000000016,20.529,-507.6829999999996,-115.23899999999998,-97.05,-157.99100000000013,-51.081999999999994,0.0,-395.0000000000006,-119.00000000000003,115.91799999999952,-80.1650000000005,10.750000000000156,20.529,507.6829999999996,115.23899999999998,97.05,157.99100000000013,51.081999999999994,0.0,395.0000000000006,119.00000000000003,115.91799999999952,80.1650000000005,10.750000000000156,421.439841,257742.02848899958,13280.027120999994,9418.7025,24961.15608100004,2609.3707239999994,0.0,156025.0000000005,14161.000000000007,13436.982723999889,6426.42722500008,115.56250000000337,0,1,1,1,1,1,,507.6829999999996,115.23899999999998,97.05,157.99100000000013,51.081999999999994,,395.0000000000006,119.00000000000003,115.91799999999952,80.1650000000005,10.750000000000156,,507.6829999999996,115.23899999999998,97.05,157.99100000000013,51.081999999999994,,395.0000000000006,119.00000000000003,115.91799999999952,80.1650000000005,10.750000000000156,,0.6636379084967315,0.8290575539568343,0.9070093457943925,0.6780729613733911,0.7094722222222222,,0.5163398692810466,0.8561151079136693,1.0833457943925189,0.34405579399141845,0.14930555555555772,,-0.6636379084967315,-0.8290575539568343,-0.9070093457943925,-0.6780729613733911,-0.7094722222222222,,-0.5163398692810466,-0.8561151079136693,1.0833457943925189,-0.34405579399141845,0.14930555555555772,,ML,SCP,SCP,ML,ML,,SeasonalNaive,seasonal discrete,seasonal discrete,SeasonalNaive,SeasonalNaive,,SCP,ML,ML,SCP,SCP,,seasonal discrete,SeasonalNaive,SeasonalNaive,seasonal discrete,seasonal discrete,,22.195543281929684,3.160504201680721,16.277023413102018,49.25976796146589,78.9554050350414,412.0,105.87699999999988,458.50299999999913,-306.1230000000001,46.502999999999176,306.1230000000001,206.8330000000002,36989.229305000044,19978.97244899997,3,102.04100000000004,68.9443333333334,111.0393763566181,81.60672449620797,0.7430169902912623,0.5020218446601946,-0.7430169902912623,0.11287135922329897,ML,SeasonalNaive,SCP,seasonal discrete,32.43467495091838,904.0,301.6070000000004,389.9999999999994,-602.3929999999996,-514.0000000000007,643.4509999999996,514.0000000000007,271443.4954509996,170186.0000000005,2,321.7254999999998,257.00000000000034,368.40432642071374,291.70704482408416,0.7117820796460173,0.5685840707964609,-0.6663639380530969,-0.5685840707964609,ML,SeasonalNaive,SCP,seasonal discrete,20.118237441545514,1316.0,407.48400000000026,848.5029999999985,-908.5159999999996,-467.4970000000015,949.5739999999996,720.8330000000009,308432.72475599963,190164.97244900046,5,189.91479999999993,144.1666000000002,248.36776149734072,195.02049761448177,0.7215607902735559,0.547745440729484,-0.6903617021276592,-0.3552408814589677,ML,SeasonalNaive,SCP,seasonal discrete,24.08880192591613,2026-07-11 11:04:33.553,0,,
8628,63,60,10664,1,329,Alstroemeria,Purple,Super Select,,,SeasonalNaive,smooth_acceptable,smooth_acceptable_acceptable,acceptable,x11 lineal,x11 lineal,success,smooth_acceptable,COMPARABLE,1,1,1,287.0,368.0,632.0,660.0,728.0,414.0,461.84800000000536,565.9690000000053,393.2989999999992,524.0900000000013,405.35200000000094,442.91599999999846,386.99900000000036,442.3279999999991,292.9989999999995,509.2359999999991,403.0449999999996,489.12400000000054,174.84800000000536,197.96900000000528,-238.70100000000082,-135.90999999999872,-322.64799999999906,28.915999999998462,99.99900000000036,74.32799999999912,-339.0010000000005,-150.76400000000092,-324.9550000000004,75.12400000000054,174.84800000000536,197.96900000000528,238.70100000000082,135.90999999999872,322.64799999999906,28.915999999998462,99.99900000000036,74.32799999999912,339.0010000000005,150.76400000000092,324.9550000000004,75.12400000000054,30571.823104001873,39191.72496100209,56978.16740100039,18471.52809999965,104101.73190399939,836.1350559999111,9999.800001000072,5524.651583999869,114921.67800100033,22729.78369600028,105595.75202500024,5643.615376000081,1,1,1,1,1,1,174.84800000000536,197.96900000000528,238.70100000000082,135.90999999999872,322.64799999999906,28.915999999998462,99.99900000000036,74.32799999999912,339.0010000000005,150.76400000000092,324.9550000000004,75.12400000000054,174.84800000000536,197.96900000000528,238.70100000000082,135.90999999999872,322.64799999999906,28.915999999998462,99.99900000000036,74.32799999999912,339.0010000000005,150.76400000000092,324.9550000000004,75.12400000000054,0.6092264808362556,0.5379592391304492,0.3776914556962038,0.20592424242424048,0.4431978021978009,0.06984541062801561,0.3484285714285727,0.20197826086956283,0.5363939873417729,0.22843030303030443,0.44636675824175875,0.18145893719806894,0.6092264808362556,0.5379592391304492,-0.3776914556962038,-0.20592424242424048,-0.4431978021978009,0.06984541062801561,0.3484285714285727,0.20197826086956283,-0.5363939873417729,-0.22843030303030443,-0.44636675824175875,0.18145893719806894,ML,ML,SCP,SCP,SCP,SCP,SeasonalNaive,SeasonalNaive,x11 lineal,x11 lineal,x11 lineal,x11 lineal,SCP,SCP,ML,ML,ML,ML,x11 lineal,x11 lineal,SeasonalNaive,SeasonalNaive,SeasonalNaive,SeasonalNaive,42.808038982432,62.45472776040838,29.586933371877816,9.85248467804125,0.7099444538478569,61.50897183323805,1802.0,1372.3580000000006,1401.4049999999993,-429.6419999999993,-400.59500000000077,487.47399999999624,550.8430000000019,123409.39505999895,133969.1510970006,3,162.49133333333208,183.61433333333397,202.82126372744955,211.3205709319379,0.2705183129855695,0.30568423973363035,-0.23842508324084313,-0.22230577136515026,SCP,x11 lineal,ML,SeasonalNaive,11.50400386317071,1287.0,1421.1160000000098,1122.325999999999,134.11600000000982,-164.674000000001,611.5180000000114,513.328,126741.71546600436,130446.12958600027,3,203.83933333333712,171.10933333333332,205.54133036610452,208.52348355840746,0.47514996114997,0.3988562548562548,0.10420823620824383,-0.12795182595182672,ML,SeasonalNaive,SCP,x11 lineal,16.05676366026995,3089.0,2793.4740000000106,2523.7309999999984,-295.5259999999895,-565.2690000000018,1098.9920000000075,1064.1710000000019,250151.1105260033,264415.28068300086,6,183.1653333333346,177.36183333333364,204.1858265265586,209.9266858862084,0.3557759792813232,0.34450339915830425,-0.09567044350922288,-0.18299417287148004,ML,SeasonalNaive,SCP,x11 lineal,3.168448905906989,2026-07-11 11:04:33.553,0,,
8629,63,60,10664,1,330,Alstroemeria,Red Assorted,Fancy,,,HistoricAverage,lumpy_acceptable,lumpy_acceptable_acceptable,acceptable,seasonal discrete,seasonal discrete,success,lumpy_acceptable,COMPARABLE,1,1,1,0.0,0.0,0.0,0.0,229.0,39.0,13.981000000000002,0.0,3.131999999999999,7.7859999999999925,158.65399999999994,51.61499999999999,65.46100000000006,65.46199999999999,65.46199999999995,131.6660000000001,131.6660000000002,131.66699999999994,13.981000000000002,0.0,3.131999999999999,7.7859999999999925,-70.34600000000006,12.614999999999988,65.46100000000006,65.46199999999999,65.46199999999995,131.6660000000001,-97.3339999999998,92.66699999999994,13.981000000000002,0.0,3.131999999999999,7.7859999999999925,70.34600000000006,12.614999999999988,65.46100000000006,65.46199999999999,65.46199999999995,131.6660000000001,97.3339999999998,92.66699999999994,195.46836100000004,0.0,9.809423999999993,60.62179599999988,4948.559716000009,159.1382249999997,4285.142521000007,4285.273443999999,4285.273443999993,17335.93555600003,9473.907555999962,8587.17288899999,0,0,0,0,1,1,,,,,70.34600000000006,12.614999999999988,,,,,97.3339999999998,92.66699999999994,,,,,70.34600000000006,12.614999999999988,,,,,97.3339999999998,92.66699999999994,,,,,0.30718777292576444,0.32346153846153813,,,,,0.4250393013100428,2.376076923076922,,,,,-0.30718777292576444,0.32346153846153813,,,,,-0.4250393013100428,2.376076923076922,,,,,SCP,SCP,,,,,seasonal discrete,seasonal discrete,,,,,ML,ML,,,,,HistoricAverage,HistoricAverage,,,,,27.727207347894673,86.38673961604457,268.0,218.05499999999992,394.99900000000025,-49.94500000000008,126.99900000000025,90.74700000000003,321.66699999999986,5168.319737000008,35397.01600099998,2,45.373500000000014,160.83349999999993,50.83463256973541,133.03573956084128,0.338608208955224,1.2002499999999994,-0.18636194029850775,0.4738768656716427,SCP,seasonal discrete,ML,HistoricAverage,71.78852664401381,0.0,17.113,196.385,17.113,196.385,17.113,196.385,205.27778500000005,12855.689408999999,0,,,,,,,,,,,,,,268.0,235.16799999999992,591.3840000000002,-32.83200000000008,323.38400000000024,107.86000000000004,518.0519999999998,5373.597522000008,48252.70540999998,2,53.93000000000002,259.0259999999999,51.83433959259059,155.32660012052023,0.40246268656716433,1.933029850746268,-0.12250746268656745,1.2066567164179114,SCP,seasonal discrete,ML,HistoricAverage,79.17969624670882,2026-07-11 11:04:33.553,0,,
8630,63,60,10664,1,331,Anthurium,Green,Small,,,AutoARIMA,smooth_acceptable,smooth_acceptable_acceptable,acceptable,x11 lineal,x11 lineal,success,smooth_acceptable,COMPARABLE,1,1,1,360.0,555.0,416.0,385.0,371.0,382.0,562.8180000000008,497.78799999999933,341.19399999999973,361.8550000000009,298.5999999999995,235.83099999999993,360.6019999999994,372.6570000000009,387.27799999999957,374.0580000000013,390.52900000000005,410.58299999999986,202.81800000000078,-57.21200000000067,-74.80600000000027,-23.144999999999072,-72.40000000000049,-146.16900000000007,0.601999999999407,-182.3429999999991,-28.722000000000435,-10.9419999999987,19.529000000000053,28.582999999999856,202.81800000000078,57.21200000000067,74.80600000000027,23.144999999999072,72.40000000000049,146.16900000000007,0.601999999999407,182.3429999999991,28.722000000000435,10.9419999999987,19.529000000000053,28.582999999999856,41135.141124000314,3273.2129440000767,5595.93763600004,535.6910249999571,5241.760000000071,21365.37656100002,0.362403999999286,33248.96964899967,824.953284000025,119.72736399997154,381.38184100000205,816.9878889999918,1,1,1,1,1,1,202.81800000000078,57.21200000000067,74.80600000000027,23.144999999999072,72.40000000000049,146.16900000000007,0.601999999999407,182.3429999999991,28.722000000000435,10.9419999999987,19.529000000000053,28.582999999999856,202.81800000000078,57.21200000000067,74.80600000000027,23.144999999999072,72.40000000000049,146.16900000000007,0.601999999999407,182.3429999999991,28.722000000000435,10.9419999999987,19.529000000000053,28.582999999999856,0.5633833333333355,0.10308468468468589,0.17982211538461604,0.06011688311688071,0.19514824797843797,0.3826413612565447,0.001672222222220575,0.32854594594594433,0.06904326923077028,0.028420779220775842,0.05263881401617265,0.07482460732984256,0.5633833333333355,-0.10308468468468589,-0.17982211538461604,-0.06011688311688071,-0.19514824797843797,-0.3826413612565447,0.001672222222220575,-0.32854594594594433,-0.06904326923077028,-0.028420779220775842,0.05263881401617265,0.07482460732984256,ML,SCP,ML,ML,ML,ML,AutoARIMA,x11 lineal,AutoARIMA,AutoARIMA,AutoARIMA,AutoARIMA,SCP,ML,SCP,SCP,SCP,SCP,x11 lineal,AutoARIMA,x11 lineal,x11 lineal,x11 lineal,x11 lineal,99.70318216331914,68.62396691948638,61.60468411624691,52.72413048174924,73.02624309392276,80.44523804637109,1138.0,896.2860000000004,1175.1700000000012,-241.71399999999963,37.17000000000121,241.71399999999963,59.05399999999861,27142.827586000047,1318.0970939999656,3,80.57133333333321,19.684666666666203,95.11892133184305,20.961051929709743,0.21240246045694167,0.051892794376097194,-0.21240246045694167,0.032662565905097724,ML,AutoARIMA,SCP,x11 lineal,75.56864724426443,1331.0,1401.7999999999997,1120.5369999999998,70.79999999999984,-210.46300000000014,334.8360000000017,211.66699999999895,50004.29170400043,34074.285336999696,3,111.61200000000058,70.55566666666631,129.10498532073348,106.57436423612027,0.251567242674682,0.15902854996243346,0.053193087903831586,-0.15812396694214886,ML,AutoARIMA,SCP,x11 lineal,36.78487378896002,2469.0,2298.0860000000007,2295.7070000000012,-170.9139999999998,-173.29299999999893,576.5500000000013,270.72099999999756,77147.11929000047,35392.382430999656,6,96.09166666666688,45.12016666666626,113.39247424322338,76.80319267560829,0.2335155933576352,0.10964803564195932,-0.06922397731875245,-0.07018752531389183,ML,AutoARIMA,SCP,x11 lineal,53.044662214899496,2026-07-11 11:04:33.553,0,,
8631,63,60,10664,1,332,Anthurium,Red,Large,,,AutoETS,smooth_acceptable,smooth_acceptable_acceptable,acceptable,x11 lineal,x11 lineal,success,smooth_acceptable,COMPARABLE,1,1,1,250.0,490.0,280.0,520.0,634.0,258.0,471.49400000000065,529.0480000000027,470.37099999999805,299.5859999999997,572.1669999999993,346.5689999999995,437.83400000000137,468.44299999999913,421.61499999999836,537.3809999999992,537.3819999999994,537.3810000000001,221.49400000000065,39.04800000000273,190.37099999999805,-220.41400000000033,-61.83300000000065,88.5689999999995,187.83400000000137,-21.55700000000087,141.61499999999836,17.380999999999176,-96.61800000000062,279.3810000000001,221.49400000000065,39.04800000000273,190.37099999999805,220.41400000000033,61.83300000000065,88.5689999999995,187.83400000000137,21.55700000000087,141.61499999999836,17.380999999999176,96.61800000000062,279.3810000000001,49059.59203600029,1524.7463040002133,36241.117640999255,48582.33139600015,3823.319889000081,7844.467760999913,35281.61155600051,464.70424900003746,20054.808224999535,302.09916099997133,9335.03792400012,78053.74316100005,1,1,1,1,1,1,221.49400000000065,39.04800000000273,190.37099999999805,220.41400000000033,61.83300000000065,88.5689999999995,187.83400000000137,21.55700000000087,141.61499999999836,17.380999999999176,96.61800000000062,279.3810000000001,221.49400000000065,39.04800000000273,190.37099999999805,220.41400000000033,61.83300000000065,88.5689999999995,187.83400000000137,21.55700000000087,141.61499999999836,17.380999999999176,96.61800000000062,279.3810000000001,0.8859760000000027,0.07968979591837291,0.6798964285714216,0.4238730769230776,0.09752839116719346,0.34329069767441667,0.7513360000000054,0.04399387755102218,0.5057678571428513,0.033424999999998414,0.15239432176656248,1.082872093023256,0.8859760000000027,0.07968979591837291,0.6798964285714216,-0.4238730769230776,-0.09752839116719346,0.34329069767441667,0.7513360000000054,-0.04399387755102218,0.5057678571428513,0.033424999999998414,-0.15239432176656248,1.082872093023256,ML,ML,ML,ML,SCP,SCP,AutoETS,AutoETS,AutoETS,AutoETS,x11 lineal,x11 lineal,SCP,SCP,SCP,SCP,ML,ML,x11 lineal,x11 lineal,x11 lineal,x11 lineal,AutoETS,AutoETS,15.196799913315576,44.79358737963695,25.611043698882803,92.11438474870054,36.002608209650106,68.29813050994896,1412.0,1218.3219999999985,1612.1439999999986,-193.67800000000148,200.14399999999864,370.8160000000005,393.3799999999999,60250.11904600014,87690.88024600015,3,123.60533333333349,131.12666666666664,141.71581780215425,170.96869133070354,0.2626175637393771,0.27859773371104807,-0.13716572237960445,0.1417450424929169,SCP,x11 lineal,ML,AutoETS,5.735929635466825,1020.0,1470.9130000000014,1327.891999999999,450.91300000000143,307.89199999999886,450.91300000000143,351.0060000000006,86825.45598099976,55801.124030000086,3,150.3043333333338,117.0020000000002,170.12295159775843,136.38319059424697,0.4420715686274524,0.34412352941176527,0.4420715686274524,0.3018549019607832,ML,AutoETS,SCP,x11 lineal,22.15660227139172,2432.0,2689.235,2940.0359999999973,257.23499999999996,508.0359999999975,821.729000000002,744.3860000000004,147075.57502699993,143492.00427600023,6,136.95483333333365,124.06433333333341,156.56498918287357,154.64583423422707,0.33788199013157977,0.30607976973684226,0.10577097039473682,0.20889638157894633,ML,AutoETS,SCP,x11 lineal,9.412227145445936,2026-07-11 11:04:33.553,0,,
"8632,63,60,10664,1,334,Protea,Red/Yellow,"""",,,,,,,preserve current forecast,preserve current forecast,success,,NOT_COMPARABLE_MISSING_SCP_AND_ML,1,0,0,0.0,0.0,0.0,0.0,0.0,0.0,,,,,,,,,,,,,,,,,,,,,,,,,,,,,,,,,,,,,,,,,,,,,,,,,,,,,,,,,,,,,,,,,,,,,,,,,,,,,,,,,,,,,,,,,,,,,,,,,,,,,,,,,,,,,,,,,,,,,,,,,,,,,,,,,,,,,,,,,,,,,,,,,,,,,,,,,,,,,,,,,,,,,,,,,,,,,,,,,,,,,,,,,,,,,,,,,,,,,,,,,,2026-07-11 11:04:33.553,1,MissingHistory,NoForecastRowsMaterialized"
"8633,63,60,10664,1,335,Roses,Bicolor,""40cm"",,,AutoETS,erratic_acceptable,erratic_acceptable_acceptable,acceptable,x11 lineal,x11 lineal,success,erratic_acceptable,COMPARABLE,1,1,1,75.0,1600.0,250.0,75.0,525.0,375.0,479.4850000000012,1199.3599999999944,1037.0060000000135,2033.2859999999844,1441.2550000000124,1249.6839999999795,1207.866999999996,2266.4289999999846,1804.650999999994,2792.644000000023,2769.8779999999906,2472.9540000000175,404.4850000000012,-400.64000000000556,787.0060000000135,1958.2859999999844,916.2550000000124,874.6839999999795,1132.866999999996,666.4289999999846,1554.650999999994,2717.644000000023,2244.8779999999906,2097.9540000000175,404.4850000000012,400.64000000000556,787.0060000000135,1958.2859999999844,916.2550000000124,874.6839999999795,1132.866999999996,666.4289999999846,1554.650999999994,2717.644000000023,2244.8779999999906,2097.9540000000175,163608.11522500098,160512.40960000447,619378.4440360212,3834884.0577959386,839523.2250250228,765072.0998559642,1283387.6396889912,444127.6120409795,2416939.7318009813,7385588.910736125,5039477.234883958,4401410.986116073,1,1,1,1,1,1,404.4850000000012,400.64000000000556,787.0060000000135,1958.2859999999844,916.2550000000124,874.6839999999795,1132.866999999996,666.4289999999846,1554.650999999994,2717.644000000023,2244.8779999999906,2097.9540000000175,404.4850000000012,400.64000000000556,787.0060000000135,1958.2859999999844,916.2550000000124,874.6839999999795,1132.866999999996,666.4289999999846,1554.650999999994,2717.644000000023,2244.8779999999906,2097.9540000000175,5.393133333333349,0.25040000000000345,3.148024000000054,26.110479999999793,1.7452476190476427,2.332490666666612,15.104893333333282,0.4165181249999904,6.218603999999976,36.23525333333364,4.275958095238077,5.594544000000046,5.393133333333349,-0.25040000000000345,3.148024000000054,26.110479999999793,1.7452476190476427,2.332490666666612,15.104893333333282,0.4165181249999904,6.218603999999976,36.23525333333364,4.275958095238077,5.594544000000046,SCP,SCP,SCP,SCP,SCP,SCP,x11 lineal,x11 lineal,x11 lineal,x11 lineal,x11 lineal,x11 lineal,ML,ML,ML,ML,ML,ML,AutoETS,AutoETS,AutoETS,AutoETS,AutoETS,AutoETS,64.29545568897296,39.88256813553811,49.37732005446775,27.94177603836382,59.18464165981331,58.30776079933248,975.0,4724.224999999977,8035.476000000031,3749.2249999999763,7060.476000000031,3749.2249999999763,7060.476000000031,5439479.3826769255,16826477.131736156,3,1249.7416666666588,2353.49200000001,1346.5362209111354,2368.2959508006425,3.84535897435895,7.241513846153878,3.84535897435895,7.241513846153878,SCP,x11 lineal,ML,AutoETS,46.898410248827986,1925.0,2715.851000000009,5278.946999999975,790.8510000000092,3353.9469999999747,1592.1310000000203,3353.9469999999747,943498.9688610267,4144454.9835309517,3,530.7103333333401,1117.982333333325,560.8026892651362,1175.365898139944,0.8270810389610496,1.7423101298701167,0.4108316883116931,1.7423101298701167,SCP,x11 lineal,ML,AutoETS,52.529631505803984,2900.0,7440.075999999985,13314.423000000006,4540.0759999999855,10414.423000000006,5341.355999999996,10414.423000000006,6382978.351537951,20970932.11526711,6,890.2259999999993,1735.7371666666677,1031.4212162139797,1869.533458525019,1.8418468965517227,3.5911803448275883,1.565543448275857,3.5911803448275883,SCP,x11 lineal,ML,AutoETS,48.71193536118138,2026-07-11 11:04:33.553,0,,"
"8634,63,60,10664,1,336,Roses,Brown,""40-50cm"",,,SeasonalNaive,lumpy_insuficient,lumpy_insuficient_insuficient,insuficient,seasonal discrete,seasonal discrete,success,lumpy_insuficient,NOT_COMPARABLE_MISSING_SCP,1,0,1,100.0,300.0,300.0,0.0,0.0,0.0,,,,,,,0.0,0.0,0.0,202.44800000000004,202.44999999999996,202.44900000000024,,,,,,,,,,,,,,,,,,,,,,,,,,,,,,,,,,,,,,,,,,,,,,,,,,,,,,,,,,,,,,,,,,,,,,,,,,,,,,,,,,,,,,,,,,,,,,,,,,,,,,,,,,,,,,,,,,,,,,,,,,,,,,,,,,,,,,,,,,,,,,,,,,,,,,,,,,,,,,,,,,,,,,,,,,,,,,,,,,,,,,,,,,,,,,2026-07-11 11:04:33.553,0,,NoForecastRowsMaterialized"
"8635,63,60,10664,1,337,Roses,Cream,""70cm"",,,,,,,copy last year,copy last year,success,,NOT_COMPARABLE_ML_EXCLUDED,1,1,0,0.0,0.0,0.0,0.0,0.0,0.0,100.0,0.0,0.0,0.0,0.0,0.0,,,,,,,,,,,,,,,,,,,,,,,,,,,,,,,,,,,,,,,,,,,,,,,,,,,,,,,,,,,,,,,,,,,,,,,,,,,,,,,,,,,,,,,,,,,,,,,,,,,,,,,,,,,,,,,,,,,,,,,,,,,,,,,,,,,,,,,,,,,,,,,,,,,,,,,,,,,,,,,,,,,,,,,,,,,,,,,,,,,,,,,,,,,,,,,,,,,,2026-07-11 11:04:33.553,1,MissingHistory,NoForecastRowsMaterialized"
"8636,63,60,10664,1,338,Roses,Yellow,"""",,,,,,,copy last year,copy last year,success,,NOT_COMPARABLE_ML_EXCLUDED,1,1,0,0.0,0.0,0.0,0.0,0.0,0.0,0.0,0.0,10.0,0.0,0.0,10.0,,,,,,,,,,,,,,,,,,,,,,,,,,,,,,,,,,,,,,,,,,,,,,,,,,,,,,,,,,,,,,,,,,,,,,,,,,,,,,,,,,,,,,,,,,,,,,,,,,,,,,,,,,,,,,,,,,,,,,,,,,,,,,,,,,,,,,,,,,,,,,,,,,,,,,,,,,,,,,,,,,,,,,,,,,,,,,,,,,,,,,,,,,,,,,,,,,,,2026-07-11 11:04:33.553,1,MissingHistory,"
8637,63,60,10664,1,339,Alstroemeria,Lavender,Premium,,,AutoETS,smooth_acceptable,smooth_acceptable_acceptable,acceptable,x11 lineal,x11 lineal,success,smooth_acceptable,COMPARABLE,1,1,1,297.0,616.0,397.0,370.0,507.0,304.0,269.70500000000175,962.3849999999929,605.6449999999986,564.8870000000032,724.399,479.022000000002,386.8900000000065,386.89000000000107,386.88999999999896,1016.078999999994,1154.7079999999974,769.4910000000036,-27.294999999998254,346.38499999999294,208.64499999999862,194.88700000000324,217.399,175.02200000000198,89.89000000000652,-229.10999999999893,-10.110000000001037,646.078999999994,647.7079999999974,465.4910000000036,27.294999999998254,346.38499999999294,208.64499999999862,194.88700000000324,217.399,175.02200000000198,89.89000000000652,229.10999999999893,10.110000000001037,646.078999999994,647.7079999999974,465.4910000000036,745.0170249999047,119982.5682249951,43532.73602499942,37980.94276900126,47262.325201,30632.700484000692,8080.212100001173,52491.39209999951,102.21210000002097,417418.0742409923,419525.6532639966,216681.87108100337,1,1,1,1,1,1,27.294999999998254,346.38499999999294,208.64499999999862,194.88700000000324,217.399,175.02200000000198,89.89000000000652,229.10999999999893,10.110000000001037,646.078999999994,647.7079999999974,465.4910000000036,27.294999999998254,346.38499999999294,208.64499999999862,194.88700000000324,217.399,175.02200000000198,89.89000000000652,229.10999999999893,10.110000000001037,646.078999999994,647.7079999999974,465.4910000000036,0.09190235690235102,0.5623133116883002,0.5255541561712812,0.5267216216216304,0.4287948717948718,0.5757302631579012,0.3026599326599546,0.3719318181818165,0.025465994962219237,1.7461594594594434,1.2775305719921053,1.5312203947368541,-0.09190235690235102,0.5623133116883002,0.5255541561712812,0.5267216216216304,0.4287948717948718,0.5757302631579012,0.3026599326599546,-0.3719318181818165,-0.025465994962219237,1.7461594594594434,1.2775305719921053,1.5312203947368541,SCP,ML,ML,SCP,SCP,SCP,x11 lineal,AutoETS,AutoETS,x11 lineal,x11 lineal,x11 lineal,ML,SCP,SCP,ML,ML,ML,AutoETS,x11 lineal,x11 lineal,AutoETS,AutoETS,AutoETS,69.63510957837772,33.856835602002505,95.15444894437867,69.83542260311741,66.43564692731897,62.40056198723486,1181.0,1768.3080000000054,2940.277999999995,587.3080000000052,1759.277999999995,587.3080000000052,1759.277999999995,115875.96845400197,1053625.5985859921,3,195.76933333333508,586.4259999999983,196.5332613528831,592.6284948110388,0.49729720575783676,1.4896511430990644,0.49729720575783676,1.4896511430990644,SCP,x11 lineal,ML,AutoETS,66.61653246388536,1310.0,1837.7349999999933,1160.6700000000064,527.7349999999933,-149.32999999999345,582.3249999999898,329.1100000000065,164260.3212749944,60673.816300000704,3,194.10833333332994,109.7033333333355,233.99453075872978,142.21323930398873,0.444522900763351,0.25122900763359274,0.40285114503816283,-0.11399236641220874,ML,AutoETS,SCP,x11 lineal,43.483449963506246,2491.0,3606.0429999999988,4100.948000000002,1115.0429999999985,1609.9480000000017,1169.632999999995,2088.3880000000017,280136.2897289964,1114299.414885993,6,194.9388333333325,348.06466666666694,216.07725845516322,430.94845300530494,0.46954355680449417,0.8383733440385395,0.4476286631874743,0.6463059012444808,SCP,x11 lineal,ML,AutoETS,43.99350120763029,2026-07-11 11:04:33.553,0,,
8638,63,60,10664,1,340,Alstroemeria,Peach,Super Select,,,HistoricAverage,smooth_acceptable,smooth_acceptable_acceptable,acceptable,x11 lineal,x11 lineal,success,smooth_acceptable,COMPARABLE,1,1,1,103.0,237.0,227.0,140.0,188.0,178.0,66.52499999999996,159.1520000000003,142.82200000000026,49.46599999999999,20.118999999999993,35.02600000000011,101.15400000000001,101.15300000000005,101.15499999999989,57.01800000000009,57.01999999999998,57.01800000000016,-36.47500000000004,-77.8479999999997,-84.17799999999974,-90.53400000000002,-167.881,-142.97399999999988,-1.8459999999999894,-135.84699999999995,-125.84500000000011,-82.98199999999991,-130.98000000000002,-120.98199999999984,36.47500000000004,77.8479999999997,84.17799999999974,90.53400000000002,167.881,142.97399999999988,1.8459999999999894,135.84699999999995,125.84500000000011,82.98199999999991,130.98000000000002,120.98199999999984,1330.4256250000026,6060.311103999953,7085.935683999956,8196.405156000004,28184.030161,20441.564675999965,3.407715999999961,18454.40740899999,15836.964025000028,6886.012323999986,17155.760400000006,14636.644323999963,1,1,1,1,1,1,36.47500000000004,77.8479999999997,84.17799999999974,90.53400000000002,167.881,142.97399999999988,1.8459999999999894,135.84699999999995,125.84500000000011,82.98199999999991,130.98000000000002,120.98199999999984,36.47500000000004,77.8479999999997,84.17799999999974,90.53400000000002,167.881,142.97399999999988,1.8459999999999894,135.84699999999995,125.84500000000011,82.98199999999991,130.98000000000002,120.98199999999984,0.35412621359223334,0.32847257383966116,0.37082819383259796,0.6466714285714287,0.8929840425531915,0.8032247191011229,0.017922330097087276,0.5731940928270041,0.5543832599118947,0.5927285714285708,0.6967021276595745,0.6796741573033699,-0.35412621359223334,-0.32847257383966116,-0.37082819383259796,-0.6466714285714287,-0.8929840425531915,-0.8032247191011229,-0.017922330097087276,-0.5731940928270041,-0.5543832599118947,-0.5927285714285708,-0.6967021276595745,-0.6796741573033699,ML,SCP,SCP,ML,ML,ML,HistoricAverage,x11 lineal,x11 lineal,HistoricAverage,HistoricAverage,HistoricAverage,SCP,ML,ML,SCP,SCP,SCP,x11 lineal,HistoricAverage,HistoricAverage,x11 lineal,x11 lineal,x11 lineal,94.93899931459907,42.6943546784252,33.10977790138689,8.341617513862303,21.980450438107944,15.381817673143411,506.0,104.61100000000009,171.05600000000024,-401.3889999999999,-334.9439999999998,401.3889999999999,334.9439999999998,56821.999992999976,38678.41704799996,3,133.7963333333333,111.64799999999993,137.62509460245005,113.54649128293948,0.7932588932806323,0.6619446640316201,-0.7932588932806323,-0.6619446640316201,ML,HistoricAverage,SCP,x11 lineal,16.55376704393996,567.0,368.49900000000054,303.46199999999993,-198.50099999999946,-263.53800000000007,198.50099999999946,263.53800000000007,14476.672412999913,34294.77915000002,3,66.16699999999982,87.84600000000002,69.46623259541265,106.91862817114708,0.3500899470899461,0.4647936507936509,-0.3500899470899461,-0.4647936507936509,SCP,x11 lineal,ML,HistoricAverage,24.678414498099176,1073.0,473.1100000000006,474.5180000000002,-599.8899999999994,-598.4819999999997,599.8899999999994,598.4819999999997,71298.67240599988,72973.19619799998,6,99.98166666666657,99.74699999999996,109.00968795325784,110.28236199108781,0.5590773532152837,0.5577651444547994,-0.5590773532152837,-0.5577651444547994,ML,HistoricAverage,SCP,x11 lineal,0.23470969677768933,2026-07-11 11:04:33.553,0,,
"8639,63,60,10664,1,342,Anthurium,Cream,"""",,,AutoARIMA,smooth_acceptable,smooth_acceptable_acceptable,acceptable,x11 lineal,x11 lineal,success,smooth_acceptable,COMPARABLE,1,1,1,280.0,286.0,370.0,188.0,400.0,160.0,359.4140000000006,334.80299999999977,330.617000000001,151.68200000000002,292.047,132.3970000000001,354.4100000000005,290.77800000000013,301.60200000000026,119.34900000000007,232.44899999999987,149.02499999999978,79.41400000000061,48.80299999999977,-39.382999999999015,-36.317999999999984,-107.95299999999997,-27.602999999999895,74.41000000000048,4.778000000000134,-68.39799999999974,-68.65099999999993,-167.55100000000013,-10.975000000000222,79.41400000000061,48.80299999999977,39.382999999999015,36.317999999999984,107.95299999999997,27.602999999999895,74.41000000000048,4.778000000000134,68.39799999999974,68.65099999999993,167.55100000000013,10.975000000000222,6306.583396000097,2381.7328089999774,1551.0206889999224,1318.9971239999988,11653.850208999995,761.9256089999942,5536.848100000071,22.829284000001277,4678.286403999964,4712.95980099999,28073.337601000043,120.45062500000486,1,1,1,1,1,1,79.41400000000061,48.80299999999977,39.382999999999015,36.317999999999984,107.95299999999997,27.602999999999895,74.41000000000048,4.778000000000134,68.39799999999974,68.65099999999993,167.55100000000013,10.975000000000222,79.41400000000061,48.80299999999977,39.382999999999015,36.317999999999984,107.95299999999997,27.602999999999895,74.41000000000048,4.778000000000134,68.39799999999974,68.65099999999993,167.55100000000013,10.975000000000222,0.28362142857143074,0.17063986013985932,0.10644054054053788,0.1931808510638297,0.2698824999999999,0.17251874999999933,0.2657500000000017,0.016706293706294173,0.18485945945945875,0.36516489361702087,0.41887750000000035,0.06859375000000138,0.28362142857143074,0.17063986013985932,-0.10644054054053788,-0.1931808510638297,-0.2698824999999999,-0.17251874999999933,0.2657500000000017,0.016706293706294173,-0.18485945945945875,-0.36516489361702087,-0.41887750000000035,-0.06859375000000138,ML,ML,SCP,SCP,SCP,ML,AutoARIMA,AutoARIMA,x11 lineal,x11 lineal,x11 lineal,AutoARIMA,SCP,SCP,ML,ML,ML,SCP,x11 lineal,x11 lineal,AutoARIMA,AutoARIMA,AutoARIMA,x11 lineal,6.301155967461773,90.20961826117215,42.420831018452056,47.09763878166374,35.570065233869165,60.239829004092805,748.0,576.1260000000002,500.82299999999975,-171.87399999999985,-247.17700000000028,171.87399999999985,247.17700000000028,13734.772941999989,32906.74802700004,3,57.291333333333284,82.39233333333343,67.6628232291066,104.7325928686959,0.22977807486630997,0.33045053475935865,-0.22977807486630997,-0.33045053475935865,SCP,x11 lineal,ML,AutoARIMA,30.465213187311253,936.0,1024.8340000000014,946.7900000000009,88.83400000000137,10.790000000000873,167.5999999999994,147.58600000000035,10239.336893999996,10237.963788000037,3,55.86666666666647,49.19533333333345,58.421847779747594,58.417930432359654,0.17905982905982842,0.15767735042735082,0.09490811965812111,0.01152777777777871,ML,AutoARIMA,SCP,x11 lineal,11.941527446300187,1684.0,1600.9600000000014,1447.6130000000007,-83.03999999999849,-236.3869999999994,339.47399999999925,394.7630000000006,23974.109835999985,43144.711815000075,6,56.57899999999987,65.79383333333344,63.21143071206872,84.79849823257493,0.20158788598574778,0.23441983372921651,-0.04931116389548604,-0.14037232779097353,SCP,x11 lineal,ML,AutoARIMA,14.00561856101034,2026-07-11 11:04:33.553,0,,"
"8640,63,60,10664,1,343,Anthurium,Red,"""",,,AutoETS,smooth_acceptable,smooth_acceptable_acceptable,acceptable,x11 lineal,x11 lineal,success,smooth_acceptable,COMPARABLE,1,1,1,10.0,40.0,73.0,152.0,59.0,23.0,22.816000000000013,36.296000000000035,30.87300000000002,16.42,48.06000000000002,8.451999999999996,14.645999999999997,29.58699999999998,25.633000000000003,12.774,13.250000000000002,13.728999999999994,12.816000000000013,-3.703999999999965,-42.12699999999998,-135.57999999999998,-10.939999999999984,-14.548000000000004,4.645999999999997,-10.413000000000022,-47.367,-139.226,-45.75,-9.271000000000006,12.816000000000013,3.703999999999965,42.12699999999998,135.57999999999998,10.939999999999984,14.548000000000004,4.645999999999997,10.413000000000022,47.367,139.226,45.75,9.271000000000006,164.24985600000034,13.719615999999741,1774.6841289999984,18381.936399999995,119.68359999999964,211.6443040000001,21.585315999999974,108.43056900000045,2243.6326889999996,19383.879076,2093.0625,85.95144100000012,1,1,1,1,1,1,12.816000000000013,3.703999999999965,42.12699999999998,135.57999999999998,10.939999999999984,14.548000000000004,4.645999999999997,10.413000000000022,47.367,139.226,45.75,9.271000000000006,12.816000000000013,3.703999999999965,42.12699999999998,135.57999999999998,10.939999999999984,14.548000000000004,4.645999999999997,10.413000000000022,47.367,139.226,45.75,9.271000000000006,1.2816000000000014,0.09259999999999913,0.5770821917808217,0.8919736842105263,0.18542372881355904,0.632521739130435,0.46459999999999974,0.26032500000000053,0.6488630136986301,0.9159605263157895,0.7754237288135594,0.40308695652173937,1.2816000000000014,-0.09259999999999913,-0.5770821917808217,-0.8919736842105263,-0.18542372881355904,-0.632521739130435,0.46459999999999974,-0.26032500000000053,-0.6488630136986301,-0.9159605263157895,-0.7754237288135594,-0.40308695652173937,ML,SCP,SCP,SCP,SCP,ML,AutoETS,x11 lineal,x11 lineal,x11 lineal,x11 lineal,AutoETS,SCP,ML,ML,ML,ML,SCP,x11 lineal,AutoETS,AutoETS,AutoETS,AutoETS,x11 lineal,63.74843945068671,64.42907903582102,11.062554098845222,2.618763736658393,76.0874316939891,36.273027220236436,234.0,72.93200000000002,39.75299999999999,-161.06799999999998,-194.247,161.06799999999998,194.247,18713.264303999997,21562.893017000002,3,53.68933333333333,64.74900000000001,78.9794578862124,84.77989741481566,0.6883247863247862,0.8301153846153847,-0.6883247863247862,-0.8301153846153847,SCP,x11 lineal,ML,AutoETS,17.08083007716981,123.0,89.98500000000007,69.86599999999999,-33.01499999999993,-53.134000000000015,58.64699999999996,62.426000000000016,1952.6536009999984,2373.6485740000003,3,19.54899999999999,20.80866666666667,25.512438802801,28.12856539771151,0.4768048780487802,0.5075284552845529,-0.26841463414634087,-0.4319837398373985,SCP,x11 lineal,ML,AutoETS,6.053567423829889,357.0,162.9170000000001,109.61899999999999,-194.0829999999999,-247.38100000000003,219.71499999999992,256.673,20665.917904999995,23936.541591,6,36.61916666666665,42.77883333333333,58.688326359109375,63.16188406388777,0.6154481792717085,0.7189719887955182,-0.5436498599439773,-0.6929439775910365,SCP,x11 lineal,ML,AutoETS,14.398865482540065,2026-07-11 11:04:33.553,0,,"
8641,63,60,10664,1,344,Orchids,Purple,Medium,,,MovingAverage3M,smooth_acceptable,smooth_acceptable_acceptable,acceptable,seasonal discrete,seasonal discrete,success,smooth_acceptable,COMPARABLE,1,1,1,0.0,104.0,16.0,0.0,0.0,0.0,7.732999999999997,32.40900000000003,35.407000000000025,60.3300000000002,112.46100000000031,87.96399999999981,0.0,0.0,0.0,25.20699999999992,25.206000000000046,37.783000000000015,7.732999999999997,-71.59099999999998,19.407000000000025,60.3300000000002,112.46100000000031,87.96399999999981,0.0,-104.0,-16.0,25.20699999999992,25.206000000000046,37.783000000000015,7.732999999999997,71.59099999999998,19.407000000000025,60.3300000000002,112.46100000000031,87.96399999999981,0.0,104.0,16.0,25.20699999999992,25.206000000000046,37.783000000000015,59.79928899999995,5125.2712809999975,376.63164900000095,3639.7089000000237,12647.47652100007,7737.665295999967,0.0,10816.0,256.0,635.3928489999959,635.3424360000023,1427.555089000001,0,1,1,0,0,0,,71.59099999999998,19.407000000000025,,,,,104.0,16.0,,,,,71.59099999999998,19.407000000000025,,,,,104.0,16.0,,,,,0.6883749999999998,1.2129375000000016,,,,,1.0,1.0,,,,,-0.6883749999999998,1.2129375000000016,,,,,-1.0,-1.0,,,,,SCP,ML,,,,,seasonal discrete,MovingAverage3M,,,,,ML,SCP,,,,,MovingAverage3M,seasonal discrete,,,,,31.162500000000016,17.555521203689498,,,,0.0,260.75500000000034,88.19599999999998,260.75500000000034,88.19599999999998,260.75500000000034,88.19599999999998,24024.85071700006,2698.2903739999992,0,,,,,,,,,,,,,,120.0,75.54900000000006,0.0,-44.45099999999996,-120.0,98.731,120.0,5561.702218999998,11072.0,2,49.3655,60.0,52.73377579407717,74.4043009509531,0.8227583333333333,1.0,-0.37042499999999967,-1.0,SCP,seasonal discrete,ML,MovingAverage3M,17.724166666666676,120.0,336.30400000000037,88.19599999999998,216.30400000000037,-31.804000000000016,359.48600000000033,208.19599999999997,29586.55293600006,13770.290374,2,179.74300000000017,104.09799999999998,121.62761392052394,82.97677498553436,2.9957166666666692,1.7349666666666663,1.8025333333333364,-0.26503333333333345,ML,MovingAverage3M,SCP,seasonal discrete,42.08508815364165,2026-07-11 11:04:33.553,0,,
8642,63,60,10664,1,345,Orchids,Yellow,Super,,,AutoARIMA,smooth_acceptable,smooth_acceptable_acceptable,acceptable,x11 lineal,x11 lineal,success,smooth_acceptable,COMPARABLE,1,1,1,137.0,236.0,128.0,125.0,66.0,65.0,169.42099999999954,162.5390000000003,137.1990000000005,88.75000000000004,68.66300000000012,89.44599999999969,163.0000000000003,147.99900000000025,126.99999999999955,130.46699999999984,130.46699999999979,130.4669999999999,32.42099999999954,-73.4609999999997,9.199000000000495,-36.24999999999996,2.6630000000001246,24.445999999999685,26.000000000000313,-88.00099999999975,-1.0000000000004547,5.466999999999842,64.46699999999979,65.4669999999999,32.42099999999954,73.4609999999997,9.199000000000495,36.24999999999996,2.6630000000001246,24.445999999999685,26.000000000000313,88.00099999999975,1.0000000000004547,5.466999999999842,64.46699999999979,65.4669999999999,1051.12124099997,5396.518520999956,84.62160100000912,1314.0624999999968,7.091569000000663,597.6069159999846,676.0000000000163,7744.176000999956,1.0000000000009095,29.888088999998278,4155.9940889999725,4285.928088999986,1,1,1,1,1,1,32.42099999999954,73.4609999999997,9.199000000000495,36.24999999999996,2.6630000000001246,24.445999999999685,26.000000000000313,88.00099999999975,1.0000000000004547,5.466999999999842,64.46699999999979,65.4669999999999,32.42099999999954,73.4609999999997,9.199000000000495,36.24999999999996,2.6630000000001246,24.445999999999685,26.000000000000313,88.00099999999975,1.0000000000004547,5.466999999999842,64.46699999999979,65.4669999999999,0.23664963503649297,0.3112754237288123,0.07186718750000387,0.28999999999999965,0.040348484848486736,0.37609230769230284,0.1897810218978125,0.37288559322033793,0.007812500000003553,0.04373599999999874,0.976772727272724,1.0071846153846138,0.23664963503649297,-0.3112754237288123,0.07186718750000387,-0.28999999999999965,0.040348484848486736,0.37609230769230284,0.1897810218978125,-0.37288559322033793,-0.007812500000003553,0.04373599999999874,0.976772727272724,1.0071846153846138,ML,SCP,ML,ML,SCP,SCP,AutoARIMA,x11 lineal,AutoARIMA,AutoARIMA,x11 lineal,x11 lineal,SCP,ML,SCP,SCP,ML,ML,x11 lineal,AutoARIMA,x11 lineal,x11 lineal,AutoARIMA,AutoARIMA,19.80506461860928,16.522539516596506,89.12925317968909,84.91862068965558,95.86920439914974,62.65904959750757,256.0,246.85899999999987,391.4009999999995,-9.141000000000147,135.40099999999953,63.35899999999977,135.40099999999953,1918.7609849999822,8471.810266999957,3,21.11966666666659,45.13366666666651,25.290057235996798,53.14072596104284,0.2474960937499991,0.5289101562499982,-0.035707031250000576,0.5289101562499982,SCP,x11 lineal,ML,AutoARIMA,53.206401725245755,501.0,469.15900000000033,437.99900000000014,-31.840999999999667,-63.00099999999989,115.08099999999973,115.00100000000052,6532.261362999935,8421.176000999973,3,38.360333333333244,38.333666666666836,46.66283804413649,52.981682372306665,0.22970259481037872,0.22954291417165773,-0.06355489021956022,-0.12575049900199578,ML,AutoARIMA,SCP,x11 lineal,0.06951625376840247,757.0,716.0180000000001,829.3999999999996,-40.981999999999815,72.39999999999964,178.4399999999995,250.40200000000004,8451.022347999919,16892.98626799993,6,29.739999999999913,41.73366666666667,37.53003763209748,53.06126375552435,0.2357199471598408,0.3307820343461031,-0.05413738441215299,0.09564068692206029,SCP,x11 lineal,ML,AutoARIMA,28.738588349933526,2026-07-11 11:04:33.553,0,,
"8643,63,60,10664,1,346,Protea,Red/Orange,"""",,,AutoTheta,seasonal_discontinuous_acceptable,seasonal_discontinuous_acceptable_acceptable,acceptable,seasonal discrete,seasonal discrete,success,seasonal_discontinuous_acceptable,COMPARABLE,1,1,1,0.0,100.0,127.0,98.0,95.0,0.0,155.47199999999987,198.8749999999997,88.32600000000006,0.0,85.83100000000003,27.90399999999995,44.14000000000005,51.00300000000004,57.86899999999992,0.0,49.99999999999999,0.0,155.47199999999987,98.87499999999969,-38.673999999999936,-98.0,-9.168999999999969,27.90399999999995,44.14000000000005,-48.99699999999996,-69.13100000000009,-98.0,-45.00000000000001,0.0,155.47199999999987,98.87499999999969,38.673999999999936,98.0,9.168999999999969,27.90399999999995,44.14000000000005,48.99699999999996,69.13100000000009,98.0,45.00000000000001,0.0,24171.542783999957,9776.265624999938,1495.678275999995,9604.0,84.07056099999943,778.6332159999972,1948.3396000000043,2400.706008999996,4779.095161000012,9604.0,2025.0000000000007,0.0,0,1,1,1,1,0,,98.87499999999969,38.673999999999936,98.0,9.168999999999969,,,48.99699999999996,69.13100000000009,98.0,45.00000000000001,,,98.87499999999969,38.673999999999936,98.0,9.168999999999969,,,48.99699999999996,69.13100000000009,98.0,45.00000000000001,,,0.9887499999999969,0.30451968503936955,1.0,0.09651578947368387,,,0.4899699999999996,0.5443385826771661,1.0,0.4736842105263159,,,0.9887499999999969,-0.30451968503936955,-1.0,-0.09651578947368387,,,-0.4899699999999996,-0.5443385826771661,-1.0,-0.4736842105263159,,,ML,SCP,TIE,SCP,,,AutoTheta,seasonal discrete,,seasonal discrete,,,SCP,ML,,ML,,,seasonal discrete,AutoTheta,,AutoTheta,,,50.44551201011367,44.05693538354735,0.0,79.62444444444452,,193.0,113.73499999999999,49.99999999999999,-79.26500000000001,-143.0,135.07299999999992,143.0,10466.703776999997,11629.0,2,67.53649999999996,71.5,72.34190962713107,76.25286879849178,0.6998601036269426,0.7409326424870466,-0.41069948186528504,-0.7409326424870466,SCP,seasonal discrete,ML,AutoTheta,5.543356643356692,227.0,442.6729999999996,153.012,215.6729999999996,-73.988,293.0209999999995,162.2680000000001,35443.486684999894,9128.140770000013,2,146.51049999999975,81.13400000000004,133.12303836113398,67.55790394172992,1.2908414096916279,0.7148370044052867,0.9501013215859013,-0.32593832599118944,ML,AutoTheta,SCP,seasonal discrete,44.62239907719913,420.0,556.4079999999997,203.012,136.4079999999996,-216.988,428.0939999999994,305.2680000000001,45910.19046199989,20757.140770000013,4,107.02349999999986,76.31700000000002,107.13331701902995,72.03669337566795,1.0192714285714273,0.7268285714285716,0.3247809523809514,-0.5166380952380952,ML,AutoTheta,SCP,seasonal discrete,28.69136217746559,2026-07-11 11:04:33.553,0,,"
"8644,63,60,10664,1,347,Protea,Yellow/Orange,""35/40cm"",,,,,,,copy last year,copy last year,success,,NOT_COMPARABLE_MISSING_SCP_AND_ML,1,0,0,0.0,0.0,0.0,0.0,50.0,0.0,,,,,,,,,,,,,,,,,,,,,,,,,,,,,,,,,,,,,,,,,,,,,,,,,,,,,,,,,,,,,,,,,,,,,,,,,,,,,,,,,,,,,,,,,,,,,,,,,,,,,,,,,,,,,,,,,,,,,,,,,,,,,,,,,,,,,,,,,,,,,,,,,,,,,,,,,,,,,,,,,,,,,,,,,,,,,,,,,,,,,,,,,,,,,,,,,,,,,,,,,,2026-07-11 11:04:33.553,1,ShortSeries,NoForecastRowsMaterialized"
"8645,63,60,10664,1,348,Roses,Peach,""40cm"",,,AutoARIMA,erratic_acceptable,erratic_acceptable_acceptable,acceptable,x11 lineal,x11 lineal,success,erratic_acceptable,COMPARABLE,1,1,1,747.0,4025.0,2750.0,750.0,600.0,625.0,1585.5060000000008,4314.741999999989,2150.0210000000047,3028.5879999999975,731.6190000000025,757.5199999999984,1389.977000000006,1295.8130000000033,1111.3510000000015,2691.801000000022,1676.5099999999952,1794.5999999999965,838.5060000000008,289.7419999999893,-599.9789999999953,2278.5879999999975,131.61900000000253,132.5199999999984,642.977000000006,-2729.1869999999967,-1638.6489999999985,1941.8010000000222,1076.5099999999952,1169.5999999999965,838.5060000000008,289.7419999999893,599.9789999999953,2278.5879999999975,131.61900000000253,132.5199999999984,642.977000000006,2729.1869999999967,1638.6489999999985,1941.8010000000222,1076.5099999999952,1169.5999999999965,703092.3120360012,83950.42656399378,359974.8004409943,5191963.273743988,17323.561161000667,17561.550399999574,413419.4225290077,7448461.680968982,2685170.545200995,3770591.1236010864,1158873.7800999896,1367964.1599999918,1,1,1,1,1,1,838.5060000000008,289.7419999999893,599.9789999999953,2278.5879999999975,131.61900000000253,132.5199999999984,642.977000000006,2729.1869999999967,1638.6489999999985,1941.8010000000222,1076.5099999999952,1169.5999999999965,838.5060000000008,289.7419999999893,599.9789999999953,2278.5879999999975,131.61900000000253,132.5199999999984,642.977000000006,2729.1869999999967,1638.6489999999985,1941.8010000000222,1076.5099999999952,1169.5999999999965,1.1224979919678726,0.07198559006210914,0.2181741818181801,3.03811733333333,0.21936500000000422,0.21203199999999742,0.8607456492637295,0.6780588819875768,0.5958723636363631,2.5890680000000295,1.7941833333333255,1.8713599999999944,1.1224979919678726,0.07198559006210914,-0.2181741818181801,3.03811733333333,0.21936500000000422,0.21203199999999742,0.8607456492637295,-0.6780588819875768,-0.5958723636363631,2.5890680000000295,1.7941833333333255,1.8713599999999944,ML,SCP,SCP,ML,SCP,SCP,AutoARIMA,x11 lineal,x11 lineal,AutoARIMA,x11 lineal,x11 lineal,SCP,ML,ML,SCP,ML,ML,x11 lineal,AutoARIMA,AutoARIMA,x11 lineal,AutoARIMA,AutoARIMA,23.318735942258574,89.38357833303509,63.38575253150639,14.78051319501269,87.7735459958567,88.66963064295497,1975.0,4517.726999999999,6162.911000000014,2542.7269999999985,4187.911000000014,2542.7269999999985,4187.911000000014,5226848.385304988,6297429.063701068,3,847.5756666666662,1395.970333333338,1319.9556034585644,1448.841958680687,1.2874567088607587,2.120461265822792,1.2874567088607587,2.120461265822792,SCP,x11 lineal,ML,AutoARIMA,39.28412041230126,7522.0,8050.268999999995,3797.1410000000105,528.2689999999948,-3724.8589999999895,1728.2269999999853,5010.813000000002,1147017.5390409892,10547051.648698986,3,576.0756666666617,1670.2710000000006,618.335814651173,1875.0157020408287,0.22975631480988903,0.6661543472480725,0.07022985908003121,-0.49519529380483773,SCP,x11 lineal,ML,AutoARIMA,65.51004797025982,9497.0,12567.995999999994,9960.052000000025,3070.995999999993,463.05200000002446,4270.953999999984,9198.724000000015,6373865.924345977,16844480.712400053,6,711.825666666664,1533.1206666666692,1030.684717743984,1675.5337812370944,0.44971612088027635,0.9685926081920622,0.32336485205854404,0.04875771296199057,SCP,x11 lineal,ML,AutoARIMA,53.570147337826654,2026-07-11 11:04:33.553,0,,"
"8646,63,60,10664,1,349,Roses,Peach,""60cm"",,,AutoTheta,smooth_acceptable,smooth_acceptable_acceptable,acceptable,x11 lineal,x11 lineal,success,smooth_acceptable,COMPARABLE,1,1,1,16901.0,47070.0,32911.0,22569.0,22351.0,10421.0,26008.152000000908,41881.25499999954,25557.528000000246,17806.027999999773,22194.98799999927,12375.196999999896,31096.505000000765,50306.00300000069,30028.090000000015,21228.61700000044,24563.88000000021,14132.963999999936,9107.152000000908,-5188.745000000461,-7353.471999999754,-4762.972000000227,-156.01200000073004,1954.1969999998964,14195.505000000765,3236.003000000688,-2882.9099999999853,-1340.3829999995614,2212.8800000002084,3711.9639999999363,9107.152000000908,5188.745000000461,7353.471999999754,4762.972000000227,156.01200000073004,1954.1969999998964,14195.505000000765,3236.003000000688,2882.9099999999853,1340.3829999995614,2212.8800000002084,3711.9639999999363,82940217.55112053,26923074.675029784,54073550.454780385,22685902.272786163,24339.74414422779,3818885.914808595,201512362.2050467,10471715.416013453,8311170.068099915,1796626.5866878242,4896837.894400923,13778676.737295527,1,1,1,1,1,1,9107.152000000908,5188.745000000461,7353.471999999754,4762.972000000227,156.01200000073004,1954.1969999998964,14195.505000000765,3236.003000000688,2882.9099999999853,1340.3829999995614,2212.8800000002084,3711.9639999999363,9107.152000000908,5188.745000000461,7353.471999999754,4762.972000000227,156.01200000073004,1954.1969999998964,14195.505000000765,3236.003000000688,2882.9099999999853,1340.3829999995614,2212.8800000002084,3711.9639999999363,0.5388528489439032,0.11023465052051118,0.2234350824952069,0.21104045371971408,0.006980090376302181,0.18752490164090743,0.8399210105911346,0.06874873592523238,0.08759715596608991,0.05939044707339986,0.09900586103530976,0.3562003646483002,0.5388528489439032,-0.11023465052051118,-0.2234350824952069,-0.21104045371971408,-0.006980090376302181,0.18752490164090743,0.8399210105911346,0.06874873592523238,-0.08759715596608991,-0.05939044707339986,0.09900586103530976,0.3562003646483002,SCP,ML,ML,ML,SCP,SCP,x11 lineal,AutoTheta,AutoTheta,AutoTheta,x11 lineal,x11 lineal,ML,SCP,SCP,SCP,ML,ML,AutoTheta,x11 lineal,x11 lineal,x11 lineal,AutoTheta,AutoTheta,35.844818483030956,37.63418707220338,60.795254269002704,71.85826412585466,92.94982104765214,47.354096106537405,55341.0,52376.21299999894,59925.46100000058,-2964.7870000010607,4584.461000000583,6873.181000000854,7265.226999999706,26529127.931738988,20472141.218384273,3,2291.060333333618,2421.7423333332354,2973.725381388301,2612.2877086559124,0.12419690645273583,0.13128109358341386,-0.05357306517773551,0.08284022695651656,SCP,x11 lineal,ML,AutoTheta,5.396197531045742,96882.0,93446.9350000007,111430.59800000147,-3435.0649999993075,14548.598000001468,21649.369000001123,20314.41800000144,163936842.6809307,220295247.68916008,3,7216.456333333707,6771.472666667146,7392.267191259857,8569.232709509062,0.22346121054479803,0.20968206684421709,-0.035456173489392326,0.15016822526373802,ML,AutoTheta,SCP,x11 lineal,6.166235145235014,152223.0,145823.14799999964,171356.05900000207,-6399.852000000368,19133.059000002053,28522.550000001975,27579.645000001146,190465970.6126697,240767388.90754437,6,4753.758333333662,4596.607500000191,5634.21054234264,6334.658487342265,0.18737345867577157,0.1811792239017832,-0.04204260854141863,0.1256909862504487,ML,AutoTheta,SCP,x11 lineal,3.305822936591454,2026-07-11 11:04:33.553,0,,"
"8647,63,60,10664,1,351,Roses,White,""50cm"",,,SeasonalNaive,smooth_acceptable,smooth_acceptable_acceptable,acceptable,x11 lineal,x11 lineal,success,smooth_acceptable,COMPARABLE,1,1,1,152898.0,241072.0,172258.0,139559.0,153205.0,114635.0,162331.26500001102,226146.3660000101,161171.10900004048,139131.33499999752,139303.5450000064,148361.3020000012,194447.9989999943,235573.0000000003,166129.99999999115,127709.03799999919,129559.25900000153,140414.75900000348,9433.265000011015,-14925.633999989892,-11086.89099995952,-427.665000002482,-13901.454999993613,33726.30200000119,41549.998999994306,-5498.999999999709,-6128.000000008848,-11849.962000000814,-23645.740999998467,25779.759000003483,9433.265000011015,14925.633999989892,11086.89099995952,427.665000002482,13901.454999993613,33726.30200000119,41549.998999994306,5498.999999999709,6128.000000008848,11849.962000000814,23645.740999998467,25779.759000003483,88986488.56043282,222774550.30165425,122919152.0449834,182897.3522271229,193250451.11684743,1137463446.5952842,1726402416.8995278,30239000.9999968,37552384.000108436,140421599.4014633,559121067.4390085,664595974.0982606,1,1,1,1,1,1,9433.265000011015,14925.633999989892,11086.89099995952,427.665000002482,13901.454999993613,33726.30200000119,41549.998999994306,5498.999999999709,6128.000000008848,11849.962000000814,23645.740999998467,25779.759000003483,9433.265000011015,14925.633999989892,11086.89099995952,427.665000002482,13901.454999993613,33726.30200000119,41549.998999994306,5498.999999999709,6128.000000008848,11849.962000000814,23645.740999998467,25779.759000003483,0.06169645776930382,0.061913594278845706,0.06436212541629138,0.0030644028690552526,0.0907376064749428,0.29420597548742694,0.2717497874399554,0.022810612597065228,0.03557454515905704,0.08491005237928628,0.15434053066152192,0.22488558468184658,0.06169645776930382,-0.061913594278845706,-0.06436212541629138,-0.0030644028690552526,-0.0907376064749428,0.29420597548742694,0.2717497874399554,-0.022810612597065228,-0.03557454515905704,-0.08491005237928628,-0.15434053066152192,0.22488558468184658,SCP,ML,ML,SCP,SCP,ML,x11 lineal,SeasonalNaive,SeasonalNaive,x11 lineal,x11 lineal,SeasonalNaive,ML,SCP,SCP,ML,ML,SCP,SeasonalNaive,x11 lineal,x11 lineal,SeasonalNaive,SeasonalNaive,x11 lineal,77.29659391805927,63.157343935919684,44.72751648743348,96.39100108504607,41.20947615896446,23.561856855807747,407399.0,426796.1820000051,397683.05600000423,19397.182000005094,-9715.943999995798,48055.421999997285,61275.462000002764,1330896795.064359,1364138640.9387324,3,16018.473999999094,20425.154000000923,21062.579733296036,21323.99775635213,0.11795665183271752,0.15040651057072493,0.04761224745275539,-0.02384871833263164,SCP,x11 lineal,ML,SeasonalNaive,21.574770011533957,566228.0,549648.7400000617,596150.9989999857,-16579.259999938397,29922.99899998575,35445.78999996043,53176.99900000286,434680190.9070705,1794193801.899633,3,11815.263333320143,17725.666333334288,12037.167314988335,24455.359343775977,0.06259985376908317,0.09391446378491149,-0.029280183954058077,0.05284620153010051,SCP,x11 lineal,ML,SeasonalNaive,33.3437563861802,973627.0,976444.9220000667,993834.0549999898,2817.9220000666974,20207.054999989952,83501.21199995771,114452.46100000563,1765576985.9714293,3158332442.8383656,6,13916.868666659619,19075.410166667603,17154.090794770742,22943.16326213674,0.08576304067158955,0.11755267777085643,0.0028942521109898323,0.020754411083494965,SCP,x11 lineal,ML,SeasonalNaive,27.042886391098563,2026-07-11 11:04:33.553,0,,"
8648,63,60,10664,1,353,Alstroemeria,Green,Select,,,MovingAverage3M,intermittent_acceptable,intermittent_acceptable_acceptable,acceptable,syntetos-boylan,syntetos-boylan,success,intermittent_acceptable,COMPARABLE,1,1,1,58.0,67.0,29.0,64.0,0.0,0.0,21.99900000000001,0.0,0.0,21.999999999999996,0.001,21.999000000000006,21.999999999999986,22.000000000000018,21.999999999999993,0.0,0.0,0.0,-36.00099999999999,-67.0,-29.0,-42.0,0.001,21.999000000000006,-36.000000000000014,-44.999999999999986,-7.000000000000007,-64.0,0.0,0.0,36.00099999999999,67.0,29.0,42.0,0.001,21.999000000000006,36.000000000000014,44.999999999999986,7.000000000000007,64.0,0.0,0.0,1296.0720009999993,4489.0,841.0,1764.0,0.000001,483.95600100000024,1296.0000000000011,2024.9999999999986,49.0000000000001,4096.0,0.0,0.0,1,1,1,1,0,0,36.00099999999999,67.0,29.0,42.0,,,36.000000000000014,44.999999999999986,7.000000000000007,64.0,,,36.00099999999999,67.0,29.0,42.0,,,36.000000000000014,44.999999999999986,7.000000000000007,64.0,,,0.620706896551724,1.0,1.0,0.65625,,,0.620689655172414,0.671641791044776,0.24137931034482782,1.0,,,-0.620706896551724,-1.0,-1.0,-0.65625,,,-0.620689655172414,-0.671641791044776,-0.24137931034482782,-1.0,,,TIE,ML,ML,SCP,,,,MovingAverage3M,MovingAverage3M,syntetos-boylan,,,,SCP,SCP,ML,,,,syntetos-boylan,syntetos-boylan,MovingAverage3M,,,0.0,32.8358208955224,75.86206896551721,34.375,,,64.0,44.0,0.0,-19.999999999999993,-64.0,64.0,64.0,2247.9560020000004,4096.0,1,64.0,64.0,47.41261437634504,64.0,1.0,1.0,-0.3124999999999999,-1.0,TIE,,,,0.0,154.0,21.99900000000001,66.0,-132.00099999999998,-88.0,132.00099999999998,88.0,6626.072001,3370.0,3,44.00033333333332,29.333333333333332,46.996709108191816,33.51616525399845,0.8571493506493505,0.5714285714285714,-0.8571493506493505,-0.5714285714285714,ML,MovingAverage3M,SCP,syntetos-boylan,33.33383838001227,218.0,65.99900000000001,66.0,-152.00099999999998,-152.0,196.00099999999998,152.0,8874.028003000001,7466.0,4,49.000249999999994,38.0,47.10102972069719,43.2030091544559,0.8990871559633027,0.6972477064220184,-0.6972522935779816,-0.6972477064220184,ML,MovingAverage3M,SCP,syntetos-boylan,22.44937525828949,2026-07-11 11:04:33.553,0,,
8649,63,60,10664,1,354,Alstroemeria,Orange,Super Select,,,SeasonalNaive,smooth_acceptable,smooth_acceptable_acceptable,acceptable,x11 lineal,x11 lineal,success,smooth_acceptable,COMPARABLE,1,1,1,489.0,499.0,667.0,644.0,342.0,362.0,769.6789999999925,627.5280000000023,613.6739999999925,650.3270000000015,454.1830000000006,525.3289999999998,760.9990000000062,404.00099999999895,565.9990000000076,494.40799999999757,385.1489999999986,422.0009999999969,280.67899999999247,128.5280000000023,-53.326000000007525,6.327000000001476,112.18300000000062,163.32899999999984,271.99900000000616,-94.99900000000105,-101.00099999999236,-149.59200000000243,43.14899999999858,60.00099999999691,280.67899999999247,128.5280000000023,53.326000000007525,6.327000000001476,112.18300000000062,163.32899999999984,271.99900000000616,94.99900000000105,101.00099999999236,149.59200000000243,43.14899999999858,60.00099999999691,78780.70104099577,16519.44678400059,2843.6622760008026,40.03092900001868,12585.025489000138,26676.362240999948,73983.45600100335,9024.810001000198,10201.202000998457,22377.766464000728,1861.8362009998775,3600.1200009996287,1,1,1,1,1,1,280.67899999999247,128.5280000000023,53.326000000007525,6.327000000001476,112.18300000000062,163.32899999999984,271.99900000000616,94.99900000000105,101.00099999999236,149.59200000000243,43.14899999999858,60.00099999999691,280.67899999999247,128.5280000000023,53.326000000007525,6.327000000001476,112.18300000000062,163.32899999999984,271.99900000000616,94.99900000000105,101.00099999999236,149.59200000000243,43.14899999999858,60.00099999999691,0.5739856850715592,0.25757114228457373,0.07994902548726765,0.009824534161492975,0.3280204678362591,0.45118508287292775,0.5562351738241434,0.19037875751503217,0.1514257871064353,0.23228571428571806,0.1261666666666625,0.16574861878452185,0.5739856850715592,0.25757114228457373,-0.07994902548726765,0.009824534161492975,0.3280204678362591,0.45118508287292775,0.5562351738241434,-0.19037875751503217,-0.1514257871064353,-0.23228571428571806,0.1261666666666625,0.16574861878452185,ML,ML,SCP,SCP,ML,ML,SeasonalNaive,SeasonalNaive,x11 lineal,x11 lineal,SeasonalNaive,SeasonalNaive,SCP,SCP,ML,ML,SCP,SCP,x11 lineal,x11 lineal,SeasonalNaive,SeasonalNaive,x11 lineal,x11 lineal,3.0925006858320536,26.086922693888216,47.202502945503944,95.77049574843483,61.5369530142728,63.263719241532755,1348.0,1629.8390000000018,1301.5579999999932,281.83900000000193,-46.44200000000694,281.83900000000193,252.74199999999792,39301.41865900011,27839.722666000234,3,93.94633333333398,84.24733333333263,114.4572972174923,96.33227680966236,0.20907937685460085,0.18749406528189758,0.20907937685460085,-0.03445252225519803,ML,SeasonalNaive,SCP,x11 lineal,10.32397929314389,1655.0,2010.8809999999871,1730.9990000000128,355.88099999998724,75.99900000001276,462.5330000000023,467.99899999999957,98143.81010099716,93209.468003002,3,154.17766666666742,155.9996666666665,180.87178709516598,176.26634014373627,0.279476132930515,0.28277885196374597,0.21503383685799835,0.045920845921457856,SCP,x11 lineal,ML,SeasonalNaive,1.1679512135703884,3003.0,3640.719999999989,3032.5570000000057,637.7199999999891,29.557000000005814,744.3720000000043,720.7409999999974,137445.22875999726,121049.19066900223,6,124.06200000000071,120.12349999999957,151.35236412645233,142.03825228261707,0.2478761238761253,0.24000699300699213,0.21236097236096874,0.00984249084249278,ML,SeasonalNaive,SCP,x11 lineal,3.1746223662371413,2026-07-11 11:04:33.553,0,,
8650,63,60,10664,1,355,Alstroemeria,Pink Hot,Super Select,,,MovingAverage3M,smooth_acceptable,smooth_acceptable_acceptable,acceptable,x11 lineal,x11 lineal,success,smooth_acceptable,COMPARABLE,1,1,1,306.0,511.0,242.0,116.0,158.0,36.0,109.5360000000001,76.45299999999975,150.03499999999954,273.2700000000007,150.6259999999992,204.66600000000068,105.33300000000035,105.33199999999998,105.33500000000001,119.99900000000028,120.00099999999993,119.9990000000002,-196.46399999999988,-434.54700000000025,-91.96500000000046,157.27000000000072,-7.374000000000791,168.66600000000068,-200.66699999999963,-405.668,-136.665,3.9990000000002794,-37.999000000000066,83.9990000000002,196.46399999999988,434.54700000000025,91.96500000000046,157.27000000000072,7.374000000000791,168.66600000000068,200.66699999999963,405.668,136.665,3.9990000000002794,37.999000000000066,83.9990000000002,38598.10329599996,188831.09520900022,8457.561225000085,24733.852900000227,54.375876000011665,28448.21955600023,40267.244888999856,164566.526224,18677.322224999996,15.992001000002235,1443.924001000005,7055.8320010000325,1,1,1,1,1,1,196.46399999999988,434.54700000000025,91.96500000000046,157.27000000000072,7.374000000000791,168.66600000000068,200.66699999999963,405.668,136.665,3.9990000000002794,37.999000000000066,83.9990000000002,196.46399999999988,434.54700000000025,91.96500000000046,157.27000000000072,7.374000000000791,168.66600000000068,200.66699999999963,405.668,136.665,3.9990000000002794,37.999000000000066,83.9990000000002,0.6420392156862741,0.8503855185909985,0.3800206611570267,1.3557758620689717,0.046670886075954376,4.685166666666685,0.6557745098039204,0.7938708414872798,0.5647314049586777,0.03447413793103689,0.2405000000000004,2.333305555555561,-0.6420392156862741,-0.8503855185909985,-0.3800206611570267,1.3557758620689717,-0.046670886075954376,4.685166666666685,-0.6557745098039204,-0.7938708414872798,-0.5647314049586777,0.03447413793103689,-0.2405000000000004,2.333305555555561,SCP,ML,SCP,ML,SCP,ML,x11 lineal,MovingAverage3M,x11 lineal,MovingAverage3M,x11 lineal,MovingAverage3M,ML,SCP,ML,SCP,ML,SCP,MovingAverage3M,x11 lineal,MovingAverage3M,x11 lineal,MovingAverage3M,x11 lineal,2.094514793164682,6.645771343491094,32.70771594775512,97.45723914287514,80.59422616384437,50.19802449812063,310.0,628.5620000000006,359.99900000000036,318.5620000000006,49.99900000000041,333.3100000000022,125.99700000000054,53236.448332000466,8515.74800300004,3,111.10333333333408,41.99900000000018,133.2121720314382,53.27835083471222,1.075193548387104,0.4064419354838727,1.0276193548387116,0.16128709677419487,ML,MovingAverage3M,SCP,x11 lineal,62.19825387777155,1059.0,336.0239999999994,316.00000000000034,-722.9760000000006,-742.9999999999995,722.9760000000006,742.9999999999995,235886.75973000025,223511.09333799983,3,240.9920000000002,247.66666666666652,280.40848758552244,272.95365500270054,0.6826968838526918,0.7016052880075538,-0.6826968838526918,-0.7016052880075538,SCP,x11 lineal,ML,MovingAverage3M,2.695020188425159,1369.0,964.586,675.9990000000007,-404.41400000000004,-693.0009999999991,1056.286000000003,868.9970000000001,289123.20806200075,232026.84134099988,6,176.04766666666717,144.83283333333335,219.5158339247235,196.64979080461788,0.771574872169469,0.6347677136596056,-0.2954083272461651,-0.5062096420745062,ML,MovingAverage3M,SCP,x11 lineal,17.730898639194535,2026-07-11 11:04:33.553,0,,
8651,63,60,10664,1,358,Orchids,Assorted,Medium,,,MovingAverage3M,lumpy_acceptable,lumpy_acceptable_acceptable,acceptable,syntetos-boylan,syntetos-boylan,success,lumpy_acceptable,NOT_COMPARABLE_MISSING_SCP,1,0,1,0.0,170.0,16.0,0.0,0.0,0.0,,,,,,,0.0,0.0,0.0,3.509000000000002,3.508000000000001,3.509999999999999,,,,,,,,,,,,,,,,,,,,,,,,,,,,,,,,,,,,,,,,,,,,,,,,,,,,,,,,,,,,,,,,,,,,,,,,,,,,,,,,,,,,,,,,,,,,,,,,,,,,,,,,,,,,,,,,,,,,,,,,,,,,,,,,,,,,,,,,,,,,,,,,,,,,,,,,,,,,,,,,,,,,,,,,,,,,,,,,,,,,,,,,,,,,,,2026-07-11 11:04:33.553,0,,NoForecastRowsMaterialized
8652,63,60,10664,1,359,Orchids,White,Medium,,,AutoETS,smooth_acceptable,smooth_acceptable_acceptable,acceptable,x11 lineal,x11 lineal,success,smooth_acceptable,COMPARABLE,1,1,1,415.0,665.0,555.0,528.0,313.0,480.0,830.3550000000068,1035.7619999999993,466.37200000000234,345.2630000000015,423.30800000000465,523.8300000000024,839.1349999999971,1007.2620000000015,566.0950000000004,470.0000000000005,539.0000000000025,593.999000000002,415.35500000000684,370.76199999999926,-88.62799999999766,-182.7369999999985,110.30800000000465,43.83000000000243,424.13499999999715,342.26200000000154,11.095000000000368,-57.99999999999949,226.0000000000025,113.99900000000196,415.35500000000684,370.76199999999926,88.62799999999766,182.7369999999985,110.30800000000465,43.83000000000243,424.13499999999715,342.26200000000154,11.095000000000368,57.99999999999949,226.0000000000025,113.99900000000196,172519.77602500567,137464.46064399945,7854.922383999585,33392.81116899945,12167.854864001027,1921.0689000002128,179890.49822499757,117143.27664400105,123.09902500000817,3363.999999999941,51076.00000000113,12995.772001000447,1,1,1,1,1,1,415.35500000000684,370.76199999999926,88.62799999999766,182.7369999999985,110.30800000000465,43.83000000000243,424.13499999999715,342.26200000000154,11.095000000000368,57.99999999999949,226.0000000000025,113.99900000000196,415.35500000000684,370.76199999999926,88.62799999999766,182.7369999999985,110.30800000000465,43.83000000000243,424.13499999999715,342.26200000000154,11.095000000000368,57.99999999999949,226.0000000000025,113.99900000000196,1.0008554216867636,0.557536842105262,0.15969009009008586,0.34609280303030016,0.3524217252396315,0.09131250000000506,1.0220120481927641,0.5146796992481226,0.019990990990991653,0.10984848484848388,0.7220447284345127,0.23749791666667075,1.0008554216867636,0.557536842105262,-0.15969009009008586,-0.34609280303030016,0.3524217252396315,0.09131250000000506,1.0220120481927641,0.5146796992481226,0.019990990990991653,-0.10984848484848388,0.7220447284345127,0.23749791666667075,SCP,ML,ML,ML,SCP,SCP,x11 lineal,AutoETS,AutoETS,AutoETS,x11 lineal,x11 lineal,ML,SCP,SCP,SCP,ML,ML,AutoETS,x11 lineal,x11 lineal,x11 lineal,AutoETS,AutoETS,2.070095606349465,7.686871901650585,87.4813828586895,68.26039608836746,51.19115044247635,61.55229431836974,1321.0,1292.4010000000085,1602.9990000000048,-28.598999999991406,281.99900000000497,336.87500000000557,397.99900000000395,47481.734933000684,67435.77200100152,3,112.29166666666852,132.66633333333465,125.80637892279904,149.9286185723076,0.25501514004542436,0.30128614685844357,-0.02164950794851734,0.21347388342165402,SCP,x11 lineal,ML,AutoETS,15.35782753222942,1635.0,2332.4890000000087,2412.491999999999,697.4890000000084,777.491999999999,874.7450000000038,777.491999999999,317839.1590530047,297156.8738939986,3,291.5816666666679,259.1639999999997,325.4940650011941,314.72573980848716,0.5350122324159045,0.4755302752293572,0.42659877675841495,0.4755302752293572,ML,AutoETS,SCP,x11 lineal,11.117868636002989,2956.0,3624.8900000000176,4015.491000000004,668.890000000017,1059.491000000004,1211.6200000000092,1175.4910000000032,365320.8939860054,364592.64589500014,6,201.9366666666682,195.9151666666672,246.7525393270234,246.5064724961599,0.40988497970230353,0.3976627198917467,0.226282138024363,0.35842050067659137,ML,AutoETS,SCP,x11 lineal,2.9818755055220114,2026-07-11 11:04:33.553,0,,
"8653,63,60,10664,1,361,Protea,Red/Green,""50cm"",,,,,,,copy last year,copy last year,success,,NOT_COMPARABLE_MISSING_SCP_AND_ML,1,0,0,0.0,0.0,0.0,0.0,0.0,0.0,,,,,,,,,,,,,,,,,,,,,,,,,,,,,,,,,,,,,,,,,,,,,,,,,,,,,,,,,,,,,,,,,,,,,,,,,,,,,,,,,,,,,,,,,,,,,,,,,,,,,,,,,,,,,,,,,,,,,,,,,,,,,,,,,,,,,,,,,,,,,,,,,,,,,,,,,,,,,,,,,,,,,,,,,,,,,,,,,,,,,,,,,,,,,,,,,,,,,,,,,,2026-07-11 11:04:33.553,1,ShortSeries,NoForecastRowsMaterialized"
"8654,63,60,10664,1,362,Roses,Red,""70cm"",,,AutoARIMA,erratic_acceptable,erratic_acceptable_acceptable,acceptable,x11 seasonal,x11 seasonal,success,erratic_acceptable,COMPARABLE,1,1,1,14757.0,25872.0,19270.0,19850.0,57451.0,19637.0,20557.44099999994,25917.853999999945,20273.815000000035,14271.018999999986,79245.24000000008,15488.336000000003,7608.1789999999955,17867.479000000076,4073.1689999999912,26337.123000000076,91869.15199999981,23314.012999999923,5800.440999999941,45.85399999994479,1003.8150000000351,-5578.981000000014,21794.240000000078,-4148.663999999997,-7148.8210000000045,-8004.520999999924,-15196.83100000001,6487.123000000076,34418.15199999981,3677.0129999999226,5800.440999999941,45.85399999994479,1003.8150000000351,5578.981000000014,21794.240000000078,4148.663999999997,7148.8210000000045,8004.520999999924,15196.83100000001,6487.123000000076,34418.15199999981,3677.0129999999226,33645115.79448031,2102.589315994937,1007644.5542250704,31125028.99836116,474988897.1776034,17211412.984895974,51105641.690041065,64072356.43943979,230943672.44256127,42082764.817129984,1184609187.095091,13520424.602168432,1,1,1,1,1,1,5800.440999999941,45.85399999994479,1003.8150000000351,5578.981000000014,21794.240000000078,4148.663999999997,7148.8210000000045,8004.520999999924,15196.83100000001,6487.123000000076,34418.15199999981,3677.0129999999226,5800.440999999941,45.85399999994479,1003.8150000000351,5578.981000000014,21794.240000000078,4148.663999999997,7148.8210000000045,8004.520999999924,15196.83100000001,6487.123000000076,34418.15199999981,3677.0129999999226,0.393063698583719,0.0017723407544814776,0.0520921120913355,0.28105697732997553,0.379353536056815,0.21126770891684052,0.4844359287117981,0.3093893398268369,0.7886264141152055,0.3268072040302305,0.5990870829054292,0.18724922340479314,0.393063698583719,0.0017723407544814776,0.0520921120913355,-0.28105697732997553,0.379353536056815,-0.21126770891684052,-0.4844359287117981,-0.3093893398268369,-0.7886264141152055,0.3268072040302305,0.5990870829054292,0.18724922340479314,SCP,SCP,SCP,SCP,SCP,ML,x11 seasonal,x11 seasonal,x11 seasonal,x11 seasonal,x11 seasonal,AutoARIMA,ML,ML,ML,ML,ML,SCP,AutoARIMA,AutoARIMA,AutoARIMA,AutoARIMA,AutoARIMA,x11 seasonal,18.861571719309556,99.42714873257319,93.3945768035452,13.999148775197426,36.678064528275094,11.36874425116314,96938.0,109004.59500000007,141520.2879999998,12066.595000000067,44582.28799999981,31521.88500000009,44582.28799999981,523325339.1608606,1240212376.5143895,3,10507.29500000003,14860.762666666604,13207.640959697794,20332.341859825112,0.32517573087953217,0.45990517650456797,0.12447744950380725,0.45990517650456797,SCP,x11 seasonal,ML,AutoARIMA,29.295048742226452,59899.0,66749.10999999993,29548.827000000063,6850.109999999921,-30350.172999999937,6850.109999999921,30350.172999999937,34654862.93802138,346121670.5720421,3,2283.3699999999735,10116.724333333312,3398.7675677134,10741.22386838114,0.11436100769628743,0.5066891433913744,0.11436100769628743,-0.5066891433913744,SCP,x11 seasonal,ML,AutoARIMA,77.42974974145967,156837.0,175753.705,171069.11499999987,18916.704999999987,14232.114999999874,38371.99500000001,74932.46099999975,557980202.098882,1586334047.0864315,6,6395.332500000001,12488.743499999959,9643.479680582815,16260.043291693248,0.24466162321391005,0.47777285334455355,0.12061379011330227,0.09074462658683777,SCP,x11 seasonal,ML,AutoARIMA,48.79122547436398,2026-07-11 11:04:33.553,0,,"
"8655,63,60,10664,1,363,Roses,Yellow,""60cm"",,,SeasonalNaive,smooth_acceptable,smooth_acceptable_acceptable,acceptable,x11 lineal,x11 lineal,success,smooth_acceptable,COMPARABLE,1,1,1,21548.0,54840.0,42447.0,34864.0,36323.0,21511.0,40456.957999999824,52663.91799999795,29917.018999999604,22788.671999998736,36963.25900000032,22967.13100000005,44524.99900000362,53050.00000000103,31824.999999999065,23774.999000000113,38800.00099999999,21750.00000000013,18908.957999999824,-2176.0820000020467,-12529.981000000396,-12075.328000001264,640.2590000003183,1456.1310000000485,22976.99900000362,-1789.9999999989668,-10622.000000000935,-11089.000999999887,2477.0009999999893,239.00000000013097,18908.957999999824,2176.0820000020467,12529.981000000396,12075.328000001264,640.2590000003183,1456.1310000000485,22976.99900000362,1789.9999999989668,10622.000000000935,11089.000999999887,2477.0009999999893,239.00000000013097,357548692.6457574,4735332.870732907,157000423.86037093,145813546.3076145,409931.58708140766,2120317.489161141,527942483.0461673,3204099.9999963013,112826884.00001986,122965943.1779985,6135533.954000947,57121.0000000626,1,1,1,1,1,1,18908.957999999824,2176.0820000020467,12529.981000000396,12075.328000001264,640.2590000003183,1456.1310000000485,22976.99900000362,1789.9999999989668,10622.000000000935,11089.000999999887,2477.0009999999893,239.00000000013097,18908.957999999824,2176.0820000020467,12529.981000000396,12075.328000001264,640.2590000003183,1456.1310000000485,22976.99900000362,1789.9999999989668,10622.000000000935,11089.000999999887,2477.0009999999893,239.00000000013097,0.8775272879153436,0.03968056163388123,0.29519120314746383,0.3463552088114176,0.017626820471886087,0.06769238994003293,1.0663170131800455,0.03264040846095855,0.25024147760739124,0.31806450780174067,0.06819373399774219,0.011110594579523545,0.8775272879153436,-0.03968056163388123,-0.29519120314746383,-0.3463552088114176,0.017626820471886087,0.06769238994003293,1.0663170131800455,-0.03264040846095855,-0.25024147760739124,-0.31806450780174067,0.06819373399774219,0.011110594579523545,SCP,ML,ML,ML,SCP,ML,x11 lineal,SeasonalNaive,SeasonalNaive,SeasonalNaive,x11 lineal,SeasonalNaive,ML,SCP,SCP,SCP,ML,SCP,SeasonalNaive,x11 lineal,x11 lineal,x11 lineal,SeasonalNaive,x11 lineal,17.70484039279087,17.742070381663762,15.227325564176041,8.168117669360816,74.15184733472772,83.58664158649717,92698.0,82719.0619999991,84325.00000000023,-9978.938000000897,-8372.999999999767,14171.71800000163,13805.002000000008,148343795.38385704,129158598.13199951,3,4723.906000000544,4601.667333333336,7031.922339916661,6561.468284157124,0.15288051522148946,0.14892448596517732,-0.10764998166088693,-0.09032557336727617,ML,SeasonalNaive,SCP,x11 lineal,2.5876608608891343,118835.0,123037.89499999738,129399.99900000372,4202.894999997381,10564.999000003718,33615.02100000226,35388.99900000352,519284449.3768612,643973467.0461835,3,11205.007000000754,11796.333000001172,13156.550325178472,14651.205491314626,0.2828713846930809,0.2977994614381581,0.035367484326986,0.08890477552912625,SCP,x11 lineal,ML,SeasonalNaive,5.012795077931073,211533.0,205756.95699999647,213724.99900000397,-5776.043000003516,2191.9990000039506,47786.73900000389,49194.001000003525,667628244.7607182,773132065.1781831,6,7964.456500000648,8199.000166667254,10548.52473698509,11351.446788685742,0.22590678050235136,0.23255946353525703,-0.027305635527333873,0.010362444630407315,SCP,x11 lineal,ML,SeasonalNaive,2.8606374179638983,2026-07-11 11:04:33.553,0,,"
8656,63,60,10664,1,364,Alstroemeria,Assorted,Premium,,,AutoARIMA,smooth_acceptable,smooth_acceptable_acceptable,acceptable,x11 lineal,x11 lineal,success,smooth_acceptable,COMPARABLE,1,1,1,2199.0,3700.0,2623.0,2755.0,2223.0,1958.0,1954.1830000000232,3369.7539999999763,2170.3159999999943,1415.8059999999962,1355.4089999999906,1883.3539999999882,3036.4410000000125,4461.294999999932,3102.147999999997,1560.0000000000177,1496.0000000000045,1911.9999999999877,-244.81699999997682,-330.24600000002374,-452.68400000000565,-1339.1940000000038,-867.5910000000094,-74.64600000001178,837.4410000000125,761.2949999999319,479.14799999999696,-1194.9999999999823,-726.9999999999955,-46.00000000001228,244.81699999997682,330.24600000002374,452.68400000000565,1339.1940000000038,867.5910000000094,74.64600000001178,837.4410000000125,761.2949999999319,479.14799999999696,1194.9999999999823,726.9999999999955,46.00000000001228,59935.363488988645,109062.42051601569,204922.8038560051,1793440.5696360103,752714.1432810164,5572.025316001759,701307.428481021,579570.0770248963,229582.80590399707,1428024.9999999576,528528.9999999934,2116.0000000011296,1,1,1,1,1,1,244.81699999997682,330.24600000002374,452.68400000000565,1339.1940000000038,867.5910000000094,74.64600000001178,837.4410000000125,761.2949999999319,479.14799999999696,1194.9999999999823,726.9999999999955,46.00000000001228,244.81699999997682,330.24600000002374,452.68400000000565,1339.1940000000038,867.5910000000094,74.64600000001178,837.4410000000125,761.2949999999319,479.14799999999696,1194.9999999999823,726.9999999999955,46.00000000001228,0.11133105957252243,0.08925567567568209,0.17258253907739446,0.48609582577132626,0.3902793522267249,0.038123595505624,0.3808281036834982,0.20575540540538698,0.18267174990468812,0.43375680580761605,0.32703553756185133,0.023493360572018528,-0.11133105957252243,-0.08925567567568209,-0.17258253907739446,-0.48609582577132626,-0.3902793522267249,-0.038123595505624,0.3808281036834982,0.20575540540538698,0.18267174990468812,-0.43375680580761605,-0.32703553756185133,-0.023493360572018528,SCP,SCP,SCP,ML,ML,ML,x11 lineal,x11 lineal,x11 lineal,AutoARIMA,AutoARIMA,AutoARIMA,ML,ML,ML,SCP,SCP,SCP,AutoARIMA,AutoARIMA,AutoARIMA,x11 lineal,x11 lineal,x11 lineal,70.76605993735998,56.62049534016993,5.523136901331416,10.767222672743546,16.204755466574962,38.37580044475924,6936.0,4654.568999999975,4968.00000000001,-2281.431000000025,-1967.99999999999,2281.431000000025,1967.99999999999,2551726.7382330284,1958669.999999952,3,760.4770000000084,655.9999999999967,922.2665446664589,808.0160889487189,0.3289260380622874,0.28373702422145186,-0.3289260380622874,-0.28373702422145186,ML,AutoARIMA,SCP,x11 lineal,13.738351061243211,8522.0,7494.252999999993,10599.88399999994,-1027.7470000000062,2077.8839999999414,1027.7470000000062,2077.8839999999414,373920.58786100947,1510460.3114099144,3,342.5823333333354,692.6279999999805,353.04418413800533,709.5680168031613,0.12059927247125161,0.24382586247359087,-0.12059927247125161,0.24382586247359087,SCP,x11 lineal,ML,AutoARIMA,50.53876924794477,15458.0,12148.82199999997,15567.883999999953,-3309.178000000031,109.88399999995136,3309.178000000031,4045.8839999999313,2925647.326094038,3469130.3114098664,6,551.5296666666718,674.3139999999886,698.2892578884051,760.3869970186088,0.21407543019795774,0.261733988873071,-0.21407543019795774,0.007108552205974341,SCP,x11 lineal,ML,AutoARIMA,18.208777117680906,2026-07-11 11:04:33.553,0,,
8657,63,60,10664,1,365,Alstroemeria,Holiday Assorted,Fancy,,,MovingAverage3M,lumpy_acceptable,lumpy_acceptable_acceptable,acceptable,seasonal discrete,seasonal discrete,success,lumpy_acceptable,COMPARABLE,1,1,1,0.0,0.0,39.0,156.0,1157.0,13.0,0.0,0.0,807.1229999999996,389.99900000000036,0.0,0.0,243.22199999999918,243.22299999999922,243.22199999999972,0.0,222.18999999999917,103.99999999999989,0.0,0.0,768.1229999999996,233.99900000000036,-1157.0,-13.0,243.22199999999918,243.22299999999922,204.22199999999972,-156.0,-934.8100000000009,90.99999999999989,0.0,0.0,768.1229999999996,233.99900000000036,1157.0,13.0,243.22199999999918,243.22299999999922,204.22199999999972,156.0,934.8100000000009,90.99999999999989,0.0,0.0,590012.9431289993,54755.532001000174,1338649.0,169.0,59156.9412839996,59157.42772899962,41706.625283999885,24336.0,873869.7361000016,8280.99999999998,0,0,1,1,1,1,,,768.1229999999996,233.99900000000036,1157.0,13.0,,,204.22199999999972,156.0,934.8100000000009,90.99999999999989,,,768.1229999999996,233.99900000000036,1157.0,13.0,,,204.22199999999972,156.0,934.8100000000009,90.99999999999989,,,19.69546153846153,1.499993589743592,1.0,1.0,,,5.236461538461532,1.0,0.8079602420051866,6.999999999999991,,,19.69546153846153,1.499993589743592,-1.0,-1.0,,,5.236461538461532,-1.0,-0.8079602420051866,6.999999999999991,,,ML,ML,ML,SCP,,,MovingAverage3M,MovingAverage3M,MovingAverage3M,seasonal discrete,,,SCP,SCP,SCP,ML,,,seasonal discrete,seasonal discrete,seasonal discrete,MovingAverage3M,,,73.41285184794624,33.33304843183101,19.20397579948134,85.7142857142857,1326.0,389.99900000000036,326.18999999999903,-936.0009999999996,-999.810000000001,1403.9990000000003,1181.8100000000009,1393573.5320010001,906486.7361000016,3,467.99966666666677,393.93666666666695,681.5603499815699,549.6928645768173,1.0588227752639519,0.8912594268476628,-0.7058831070889892,-0.7540045248868785,ML,MovingAverage3M,SCP,seasonal discrete,15.82543862210723,39.0,807.1229999999996,729.6669999999981,768.1229999999996,690.6669999999981,768.1229999999996,690.6669999999981,590012.9431289993,160020.9942969991,1,768.1229999999996,690.6669999999981,768.1229999999996,400.026242010445,19.69546153846153,17.70941025641021,19.69546153846153,17.70941025641021,ML,MovingAverage3M,SCP,seasonal discrete,10.083801682803607,1365.0,1197.1219999999998,1055.8569999999972,-167.87800000000004,-309.14300000000287,2172.122,1872.476999999999,1983586.4751299995,1066507.7303970007,4,543.0305,468.11924999999974,704.1992749090983,516.3593057157489,1.5912981684981684,1.3717780219780211,-0.12298754578754582,-0.22647838827839037,ML,MovingAverage3M,SCP,seasonal discrete,13.795035453809735,2026-07-11 11:04:33.553,0,,
8658,63,60,10664,1,366,Alstroemeria,Lavender Lilac,Super Select,,,,,,,copy last year,copy last year,success,,NOT_COMPARABLE_MISSING_SCP_AND_ML,1,0,0,0.0,15.0,0.0,0.0,0.0,0.0,,,,,,,,,,,,,,,,,,,,,,,,,,,,,,,,,,,,,,,,,,,,,,,,,,,,,,,,,,,,,,,,,,,,,,,,,,,,,,,,,,,,,,,,,,,,,,,,,,,,,,,,,,,,,,,,,,,,,,,,,,,,,,,,,,,,,,,,,,,,,,,,,,,,,,,,,,,,,,,,,,,,,,,,,,,,,,,,,,,,,,,,,,,,,,,,,,,,,,,,,,2026-07-11 11:04:33.553,1,ShortSeries,NoForecastRowsMaterialized
8659,63,60,10664,1,367,Alstroemeria,White,Incredible,,,TSB,lumpy_acceptable,lumpy_acceptable_acceptable,acceptable,seasonal discrete,seasonal discrete,success,lumpy_acceptable,COMPARABLE,1,1,1,6.0,12.0,0.0,0.0,0.0,0.0,6.030000000000001,6.963000000000004,2.7140000000000004,0.03600000000000002,0.3650000000000002,4.272999999999998,66.64000000000003,66.64,66.63900000000007,164.12199999999996,164.12199999999999,164.12100000000004,0.030000000000001137,-5.036999999999996,2.7140000000000004,0.03600000000000002,0.3650000000000002,4.272999999999998,60.64000000000003,54.64,66.63900000000007,164.12199999999996,164.12199999999999,164.12100000000004,0.030000000000001137,5.036999999999996,2.7140000000000004,0.03600000000000002,0.3650000000000002,4.272999999999998,60.64000000000003,54.64,66.63900000000007,164.12199999999996,164.12199999999999,164.12100000000004,0.0009000000000001,25.371368999999962,7.365796000000002,0.0012960000000000014,0.13322500000000015,18.25852899999998,3677.2096000000033,2985.5296,4440.756321000009,26936.030883999985,26936.030883999996,26935.70264100001,1,1,0,0,0,0,0.030000000000001137,5.036999999999996,,,,,60.64000000000003,54.64,,,,,0.030000000000001137,5.036999999999996,,,,,60.64000000000003,54.64,,,,,0.005000000000000189,0.4197499999999997,,,,,10.106666666666671,4.553333333333334,,,,,0.005000000000000189,-0.4197499999999997,,,,,10.106666666666671,4.553333333333334,,,,,SCP,SCP,,,,,seasonal discrete,seasonal discrete,,,,,ML,ML,,,,,TSB,TSB,,,,,99.95052770448548,90.78147877013178,,,,,0.0,4.673999999999998,492.365,4.673999999999998,492.365,4.673999999999998,492.365,18.39304999999998,80807.764409,0,,,,,,,,,,,,,,18.0,15.707000000000004,199.9190000000001,-2.292999999999995,181.9190000000001,7.780999999999998,181.9190000000001,32.73806499999996,11103.495521000012,2,3.890499999999999,90.95950000000005,4.045866100107612,74.51005140583386,0.43227777777777765,10.106611111111116,-0.1273888888888886,10.106611111111116,SCP,seasonal discrete,ML,TSB,95.72282169536992,18.0,20.381,692.2840000000001,2.3810000000000033,674.2840000000001,12.454999999999997,674.2840000000001,51.13111499999995,91911.25993,2,6.227499999999998,337.14200000000005,5.0562394622881515,214.37264276255027,0.6919444444444443,37.46022222222223,0.13227777777777797,37.46022222222223,SCP,seasonal discrete,ML,TSB,98.15285547336137,2026-07-11 11:04:33.553,0,,
"8660,63,60,10664,1,369,Orchids,White,"""",,,MovingAverage3M,erratic_acceptable,erratic_acceptable_acceptable,acceptable,x11 lineal,x11 lineal,success,erratic_acceptable,COMPARABLE,1,1,1,6.0,0.0,1.0,1.0,1.0,1.0,44.95199999999998,0.7340000000000004,0.0,0.0,0.0,0.0,1.0000000000000002,0.9990000000000001,1.0,14.098999999999997,14.099999999999996,14.099,38.95199999999998,0.7340000000000004,-1.0,-1.0,-1.0,-1.0,-5.0,0.9990000000000001,0.0,13.098999999999997,13.099999999999996,13.099,38.95199999999998,0.7340000000000004,1.0,1.0,1.0,1.0,5.0,0.9990000000000001,0.0,13.098999999999997,13.099999999999996,13.099,1517.2583039999981,0.5387560000000007,1.0,1.0,1.0,1.0,25.0,0.9980010000000002,0.0,171.5838009999999,171.6099999999999,171.583801,1,0,1,1,1,1,38.95199999999998,,1.0,1.0,1.0,1.0,5.0,,0.0,13.098999999999997,13.099999999999996,13.099,38.95199999999998,,1.0,1.0,1.0,1.0,5.0,,0.0,13.098999999999997,13.099999999999996,13.099,6.491999999999996,,1.0,1.0,1.0,1.0,0.8333333333333334,,0.0,13.098999999999997,13.099999999999996,13.099,6.491999999999996,,-1.0,-1.0,-1.0,-1.0,-0.8333333333333334,,0.0,13.098999999999997,13.099999999999996,13.099,ML,,ML,SCP,SCP,SCP,MovingAverage3M,,MovingAverage3M,x11 lineal,x11 lineal,x11 lineal,SCP,,SCP,ML,ML,ML,x11 lineal,,x11 lineal,MovingAverage3M,MovingAverage3M,MovingAverage3M,87.16368864243171,,100.0,92.36582945262997,92.36641221374046,92.36582945262998,3.0,0.0,42.297999999999995,-3.0,39.297999999999995,3.0,39.297999999999995,3.0,514.7776019999998,3,1.0,13.099333333333332,1.0,13.099333341815527,1.0,13.099333333333332,-1.0,13.099333333333332,SCP,x11 lineal,ML,MovingAverage3M,92.36602371621966,7.0,45.68599999999998,2.9990000000000006,38.68599999999998,-4.0009999999999994,40.68599999999998,5.9990000000000006,1518.797059999998,25.998001,2,20.34299999999999,2.9995000000000003,27.557186539993502,3.6054126670881934,5.812285714285712,0.8570000000000001,5.526571428571425,-0.5715714285714285,ML,MovingAverage3M,SCP,x11 lineal,85.25537039767978,10.0,45.68599999999998,45.297,35.68599999999998,35.297,43.68599999999998,45.297,1521.797059999998,540.7756029999998,5,8.737199999999996,9.0594,17.445899575544953,10.399765410815764,4.368599999999998,4.5297,3.5685999999999978,3.5296999999999996,SCP,x11 lineal,ML,MovingAverage3M,3.5565269223127807,2026-07-11 11:04:33.553,0,,NoForecastRowsMaterialized"
"8661,63,60,10664,1,370,Protea,Red/Green,""55-60cm"",,,,,,,preserve current forecast,preserve current forecast,success,,NOT_COMPARABLE_MISSING_SCP_AND_ML,1,0,0,0.0,0.0,0.0,0.0,0.0,0.0,,,,,,,,,,,,,,,,,,,,,,,,,,,,,,,,,,,,,,,,,,,,,,,,,,,,,,,,,,,,,,,,,,,,,,,,,,,,,,,,,,,,,,,,,,,,,,,,,,,,,,,,,,,,,,,,,,,,,,,,,,,,,,,,,,,,,,,,,,,,,,,,,,,,,,,,,,,,,,,,,,,,,,,,,,,,,,,,,,,,,,,,,,,,,,,,,,,,,,,,,,2026-07-11 11:04:33.553,1,MissingHistory,NoForecastRowsMaterialized"
"8662,63,60,10664,1,373,Roses,Assorted,""70-80cm"",,,AutoETS,smooth_acceptable,smooth_acceptable_acceptable,acceptable,x11 lineal,x11 lineal,success,smooth_acceptable,COMPARABLE,1,1,1,2525.0,3025.0,2850.0,3125.0,1400.0,1800.0,2021.6610000000007,1980.8820000000005,1896.094,1796.2069999999999,2002.199,1931.4389999999996,1980.8170000000002,2170.3230000000003,1872.450999999999,1537.443,1752.9349999999997,1769.5609999999997,-503.33899999999926,-1044.1179999999995,-953.906,-1328.7930000000001,602.1990000000001,131.43899999999962,-544.1829999999998,-854.6769999999997,-977.5490000000009,-1587.557,352.9349999999997,-30.439000000000306,503.33899999999926,1044.1179999999995,953.906,1328.7930000000001,602.1990000000001,131.43899999999962,544.1829999999998,854.6769999999997,977.5490000000009,1587.557,352.9349999999997,30.439000000000306,253350.14892099926,1090182.397923999,909936.6568359999,1765690.8368490003,362643.6356010001,17276.2107209999,296135.13748899975,730472.7743289995,955602.0474010018,2520337.228249,124563.1142249998,926.5327210000186,1,1,1,1,1,1,503.33899999999926,1044.1179999999995,953.906,1328.7930000000001,602.1990000000001,131.43899999999962,544.1829999999998,854.6769999999997,977.5490000000009,1587.557,352.9349999999997,30.439000000000306,503.33899999999926,1044.1179999999995,953.906,1328.7930000000001,602.1990000000001,131.43899999999962,544.1829999999998,854.6769999999997,977.5490000000009,1587.557,352.9349999999997,30.439000000000306,0.1993421782178215,0.3451629752066114,0.3347038596491228,0.42521376000000005,0.4301421428571429,0.07302166666666646,0.2155180198019801,0.2825378512396693,0.34299964912280734,0.50801824,0.2520964285714284,0.016910555555555724,-0.1993421782178215,-0.3451629752066114,-0.3347038596491228,-0.42521376000000005,0.4301421428571429,0.07302166666666646,-0.2155180198019801,-0.2825378512396693,-0.34299964912280734,-0.50801824,0.2520964285714284,-0.016910555555555724,SCP,ML,SCP,SCP,ML,ML,x11 lineal,AutoETS,x11 lineal,x11 lineal,AutoETS,AutoETS,ML,SCP,ML,ML,SCP,SCP,AutoETS,x11 lineal,AutoETS,AutoETS,x11 lineal,x11 lineal,7.505563385846398,18.143638937361477,2.4185999883382725,16.299509245967215,41.392297230649724,76.8417288628182,6325.0,5729.844999999999,5059.938999999999,-595.1550000000004,-1265.0610000000006,2062.4309999999996,1970.931,2145610.6831710003,2645826.875195,3,687.4769999999999,656.977,845.6970858747238,939.1178263304699,0.32607604743082996,0.3116096442687747,-0.09409565217391311,-0.2000096442687748,ML,AutoETS,SCP,x11 lineal,4.436512057857918,8400.0,5898.6370000000015,6023.590999999999,-2501.3629999999985,-2376.4090000000006,2501.3629999999985,2376.4090000000006,2253469.203680998,1982209.9592190012,3,833.7876666666662,792.1363333333335,866.692795185814,812.8570926509778,0.2977813095238093,0.2829058333333334,-0.2977813095238093,-0.2829058333333334,ML,AutoETS,SCP,x11 lineal,4.9954364880266375,14725.0,11628.482000000002,11083.529999999999,-3096.517999999999,-3641.470000000001,4563.793999999998,4347.34,4399079.886851999,4628036.834414001,6,760.632333333333,724.5566666666667,856.2592955069158,878.2593423370647,0.30993507640067897,0.2952353140916808,-0.21028984719864172,-0.24729847198641774,ML,AutoETS,SCP,x11 lineal,4.7428521094509986,2026-07-11 11:04:33.553,0,,"
"8663,63,60,10664,1,374,Roses,Bicolor,""70-80cm"",,,MovingAverage3M,lumpy_acceptable,lumpy_acceptable_acceptable,acceptable,seasonal discrete,seasonal discrete,success,lumpy_acceptable,COMPARABLE,1,1,1,0.0,75.0,0.0,50.0,0.0,0.0,0.001,111.51599999999993,85.44999999999995,371.2590000000009,349.2669999999994,80.95599999999995,16.666000000000007,16.667999999999985,16.665000000000006,58.333999999999904,58.33399999999983,58.33299999999999,0.001,36.515999999999934,85.44999999999995,321.2590000000009,349.2669999999994,80.95599999999995,16.666000000000007,-58.332000000000015,16.665000000000006,8.333999999999904,58.33399999999983,58.33299999999999,0.001,36.515999999999934,85.44999999999995,321.2590000000009,349.2669999999994,80.95599999999995,16.666000000000007,58.332000000000015,16.665000000000006,8.333999999999904,58.33399999999983,58.33299999999999,0.000001,1333.4182559999952,7301.70249999999,103207.34508100059,121987.4372889996,6553.873935999991,277.75555600000024,3402.6222240000016,277.7222250000002,69.4555559999984,3402.8555559999804,3402.738888999999,0,1,0,1,0,0,,36.515999999999934,,321.2590000000009,,,,58.332000000000015,,8.333999999999904,,,,36.515999999999934,,321.2590000000009,,,,58.332000000000015,,8.333999999999904,,,,0.48687999999999915,,6.425180000000019,,,,0.7777600000000002,,0.16667999999999808,,,,0.48687999999999915,,6.425180000000019,,,,-0.7777600000000002,,0.16667999999999808,,,,SCP,,ML,,,,seasonal discrete,,MovingAverage3M,,,,ML,,SCP,,,,MovingAverage3M,,seasonal discrete,,,,37.39971199341712,,97.40583143195992,,,50.0,801.4820000000003,175.00099999999975,751.4820000000003,125.00099999999973,751.4820000000003,125.00099999999973,231748.6563060002,6875.050000999977,1,751.4820000000003,125.00099999999973,481.4028004758595,82.91592127571144,15.029640000000006,2.500019999999995,15.029640000000006,2.500019999999995,ML,MovingAverage3M,SCP,seasonal discrete,83.3660686483509,75.0,196.9669999999999,49.998999999999995,121.96699999999989,-25.001,121.96699999999989,91.66300000000003,8635.120756999986,3958.100005000002,1,121.96699999999989,91.66300000000003,92.92535045400682,62.913432627698846,1.6262266666666652,1.2221733333333338,1.6262266666666652,-0.3333466666666667,ML,MovingAverage3M,SCP,seasonal discrete,24.84606491919936,125.0,998.4490000000001,224.99999999999974,873.4490000000001,99.99999999999972,873.4490000000001,216.66399999999976,240383.77706300016,10833.15000599998,2,436.72450000000003,108.33199999999988,346.6870181179273,73.59738448477628,6.987592,1.7333119999999982,6.987592,0.7999999999999977,ML,MovingAverage3M,SCP,seasonal discrete,75.1944303559796,2026-07-11 11:04:33.553,0,,"
"8664,63,60,10664,1,375,Roses,Cream,""60cm"",,,AutoARIMA,erratic_acceptable,erratic_acceptable_acceptable,acceptable,x11 lineal,x11 lineal,success,erratic_acceptable,COMPARABLE,1,1,1,6020.0,17803.0,12781.0,9348.0,7181.0,4282.0,14045.001999999908,17125.1279999997,7705.76100000012,12001.161000000024,7865.196999999915,2795.2839999999396,10308.934000000041,10308.932000000135,10925.901999999893,6799.999999999983,3800.0000000000196,1624.9999999999861,8025.001999999908,-677.8720000003013,-5075.23899999988,2653.1610000000237,684.1969999999146,-1486.7160000000604,4288.934000000041,-7494.067999999865,-1855.0980000001073,-2548.0000000000173,-3380.9999999999804,-2657.0000000000136,8025.001999999908,677.8720000003013,5075.23899999988,2653.1610000000237,684.1969999999146,1486.7160000000604,4288.934000000041,7494.067999999865,1855.0980000001073,2548.0000000000173,3380.9999999999804,2657.0000000000136,64400657.10000252,459510.44838440855,25758050.90711979,7039263.291921126,468125.53480888315,2210324.4646561793,18394954.856356353,56161055.188621975,3441388.5896043982,6492304.0000000885,11431160.999999868,7059649.000000073,1,1,1,1,1,1,8025.001999999908,677.8720000003013,5075.23899999988,2653.1610000000237,684.1969999999146,1486.7160000000604,4288.934000000041,7494.067999999865,1855.0980000001073,2548.0000000000173,3380.9999999999804,2657.0000000000136,8025.001999999908,677.8720000003013,5075.23899999988,2653.1610000000237,684.1969999999146,1486.7160000000604,4288.934000000041,7494.067999999865,1855.0980000001073,2548.0000000000173,3380.9999999999804,2657.0000000000136,1.333056810631214,0.03807627927879017,0.3970924810265144,0.2838212451861386,0.09527879125468801,0.3472013078001075,0.7124475083056546,0.4209441105431593,0.1451449808309293,0.27257167308515373,0.47082579027990257,0.6205044371788916,1.333056810631214,-0.03807627927879017,-0.3970924810265144,0.2838212451861386,0.09527879125468801,-0.3472013078001075,0.7124475083056546,-0.4209441105431593,-0.1451449808309293,-0.27257167308515373,-0.47082579027990257,-0.6205044371788916,ML,SCP,ML,ML,SCP,SCP,AutoARIMA,x11 lineal,AutoARIMA,AutoARIMA,x11 lineal,x11 lineal,SCP,ML,SCP,SCP,ML,ML,x11 lineal,AutoARIMA,x11 lineal,x11 lineal,AutoARIMA,AutoARIMA,46.55535288340003,90.9545523205779,63.448066189589284,3.9636117069414807,79.76347234546233,44.04531426420578,20811.0,22661.641999999876,12224.999999999989,1850.641999999878,-8586.000000000011,4824.073999999999,8586.000000000011,9717713.291386187,24983114.00000003,3,1608.0246666666662,2862.0000000000036,1799.7882552665455,2885.776267604035,0.23180404593724466,0.41257027533515983,0.08892614482724895,-0.41257027533515983,SCP,x11 lineal,ML,AutoARIMA,43.814651758677,36604.0,38875.89099999973,31543.76800000007,2271.890999999726,-5060.231999999931,13778.113000000089,13638.100000000013,90618218.45550671,77997398.63458273,3,4592.704333333363,4546.033333333337,5496.005169075283,5098.934484595212,0.3764100371544118,0.3725849633919794,0.0620667413397368,-0.1382425964375459,ML,AutoARIMA,SCP,x11 lineal,1.0161986623282515,57415.0,61537.5329999996,43768.76800000006,4122.532999999604,-13646.231999999942,18602.187000000085,22224.100000000028,100335931.7468929,102980512.63458274,6,3100.3645000000142,3704.0166666666714,4089.334333500847,4142.8756646115335,0.32399524514499844,0.3870782896455635,0.07180236871896897,-0.23767712270312535,SCP,x11 lineal,ML,AutoARIMA,16.29723138394778,2026-07-11 11:04:33.553,0,,"
"8665,63,60,10664,1,377,Roses,Red,"""",,,MovingAverage3M,lumpy_acceptable,lumpy_acceptable_acceptable,acceptable,syntetos-boylan,syntetos-boylan,success,lumpy_acceptable,COMPARABLE,1,1,1,0.0,11.0,14.0,0.0,5.0,0.0,0.0,0.0,10.0,10.0,0.0,10.0,1.667,1.666,1.667,0.0,0.0,0.0,0.0,-11.0,-4.0,10.0,-5.0,10.0,1.667,-9.334,-12.333,0.0,-5.0,0.0,0.0,11.0,4.0,10.0,5.0,10.0,1.667,9.334,12.333,0.0,5.0,0.0,0.0,121.0,16.0,100.0,25.0,100.0,2.778889,87.123556,152.102889,0.0,25.0,0.0,0,1,1,0,1,0,,11.0,4.0,,5.0,,,9.334,12.333,,5.0,,,11.0,4.0,,5.0,,,9.334,12.333,,5.0,,,1.0,0.2857142857142857,,1.0,,,0.8485454545454545,0.8809285714285714,,1.0,,,-1.0,-0.2857142857142857,,-1.0,,,-0.8485454545454545,-0.8809285714285714,,-1.0,,,ML,SCP,,TIE,,,MovingAverage3M,syntetos-boylan,,,,,SCP,ML,,,,,syntetos-boylan,MovingAverage3M,,,,,15.145454545454552,67.56669099164843,,0.0,,5.0,20.0,0.0,15.0,-5.0,25.0,5.0,225.0,25.0,1,25.0,5.0,15.0,5.0,5.0,1.0,3.0,-1.0,ML,MovingAverage3M,SCP,syntetos-boylan,80.0,25.0,10.0,5.0,-15.0,-20.0,15.0,23.334000000000003,137.0,242.005334,2,7.5,11.667000000000002,8.276472678623424,11.000121226604733,0.6,0.9333600000000001,-0.6,-0.8,SCP,syntetos-boylan,ML,MovingAverage3M,35.71612239650296,30.0,30.0,5.0,0.0,-25.0,40.0,28.334,362.0,267.005334,3,13.333333333333334,9.444666666666667,10.98483803552272,9.4340753653975,1.3333333333333333,0.9444666666666667,0.0,-0.8333333333333334,ML,MovingAverage3M,SCP,syntetos-boylan,29.164999999999996,2026-07-11 11:04:33.553,0,,"
"8666,63,60,10664,1,378,Roses,Yellow,""40cm"",,,AutoARIMA,smooth_acceptable,smooth_acceptable_acceptable,acceptable,x11 lineal,x11 lineal,success,smooth_acceptable,COMPARABLE,1,1,1,3672.0,8625.0,4968.0,5100.0,3770.0,1725.0,5311.658999999953,6590.215999999955,4872.956000000065,5317.2959999999875,4129.4279999999635,3056.1920000000073,6497.617000000025,8477.874999999958,5582.839999999974,5773.110000000029,4169.136000000006,3044.453000000001,1639.6589999999533,-2034.7840000000451,-95.0439999999353,217.29599999998754,359.4279999999635,1331.1920000000073,2825.6170000000247,-147.12500000004184,614.8399999999738,673.1100000000288,399.1360000000059,1319.4530000000009,1639.6589999999533,2034.7840000000451,95.0439999999353,217.29599999998754,359.4279999999635,1331.1920000000073,2825.6170000000247,147.12500000004184,614.8399999999738,673.1100000000288,399.1360000000059,1319.4530000000009,2688481.636280847,4140345.926656184,9033.361935987701,47217.551615994584,129188.48718397376,1772072.1408640193,7984111.43068914,21645.76562501231,378028.22559996776,453077.07210003876,159309.54649600468,1740956.2192090023,1,1,1,1,1,1,1639.6589999999533,2034.7840000000451,95.0439999999353,217.29599999998754,359.4279999999635,1331.1920000000073,2825.6170000000247,147.12500000004184,614.8399999999738,673.1100000000288,399.1360000000059,1319.4530000000009,1639.6589999999533,2034.7840000000451,95.0439999999353,217.29599999998754,359.4279999999635,1331.1920000000073,2825.6170000000247,147.12500000004184,614.8399999999738,673.1100000000288,399.1360000000059,1319.4530000000009,0.44653022875815723,0.2359169855072516,0.019131239935574737,0.04260705882352697,0.09533899204243064,0.771705507246381,0.7695035403050177,0.017057971014497603,0.12376006441223304,0.1319823529411821,0.10587161803713684,0.764900289855073,0.44653022875815723,-0.2359169855072516,-0.019131239935574737,0.04260705882352697,0.09533899204243064,0.771705507246381,0.7695035403050177,-0.017057971014497603,0.12376006441223304,0.1319823529411821,0.10587161803713684,0.764900289855073,SCP,ML,SCP,SCP,SCP,ML,x11 lineal,AutoARIMA,x11 lineal,x11 lineal,x11 lineal,AutoARIMA,ML,SCP,ML,ML,ML,SCP,AutoARIMA,x11 lineal,AutoARIMA,AutoARIMA,AutoARIMA,x11 lineal,41.97164725438943,92.76950280717567,84.54166937740887,67.71760930606018,9.948488735679511,0.8818412370271355,10595.0,12502.915999999957,12986.699000000037,1907.9159999999583,2391.6990000000355,1907.9159999999583,2391.6990000000355,1948478.1796639876,2353342.837805046,3,635.9719999999861,797.2330000000119,805.9111157904838,885.6904722315138,0.1800770174610626,0.22573846153846489,0.1800770174610626,0.22573846153846489,SCP,x11 lineal,ML,AutoARIMA,20.227587167117182,17265.0,16774.830999999973,20558.331999999955,-490.16900000002715,3293.3319999999567,3769.4869999999337,3587.5820000000404,6837860.924873019,8383785.42191412,3,1256.4956666666446,1195.8606666666801,1509.7307624068847,1671.7042623137743,0.21833113234867846,0.2077950767448619,-0.028390906458153904,0.19075192586156714,ML,AutoARIMA,SCP,x11 lineal,4.825722969727612,27860.0,29277.74699999993,33545.030999999995,1417.7469999999312,5685.030999999992,5677.402999999892,5979.281000000075,8786339.104537006,10737128.259719165,6,946.2338333333154,996.546833333346,1210.1197671123994,1337.7299341122111,0.2037833094041598,0.21461884422110825,0.05088826274228037,0.20405710696338808,SCP,x11 lineal,ML,AutoARIMA,5.048734120376339,2026-07-11 11:04:33.553,0,,"
"8667,63,60,10664,1,379,Alstroemeria,Orange,"""",,,SeasonalNaive,lumpy_insuficient,lumpy_insuficient_insuficient,insuficient,copy last year,copy last year,success,lumpy_insuficient,NOT_COMPARABLE_NO_HISTORY,1,1,1,0.0,0.0,0.0,0.0,0.0,0.0,1.0,1.0,1.0,1.0,1.0,1.0,0.0,0.0,0.0,0.333,0.334,0.333,,,,,,,,,,,,,,,,,,,,,,,,,,,,,,,,,,,,,,,,,,,,,,,,,,,,,,,,,,,,,,,,,,,,,,,,,,,,,,,,,,,,,,,,,,,,,,,,,,,,,,,,,,,,,,,,,,,,,,,,,,,,,,,,,,,,,,,,,,,,,,,,,,,,,,,,,,,,,,,,,,,,,,,,,,,,,,,,,,,,,,,,,,,,,,2026-07-11 11:04:33.553,0,,"
8668,63,60,10664,1,381,Alstroemeria,Spring Assorted,Fancy,,,SeasonalNaive,seasonal_discontinuous_acceptable,seasonal_discontinuous_acceptable_acceptable,acceptable,seasonal discrete,seasonal discrete,success,seasonal_discontinuous_acceptable,COMPARABLE,1,1,1,677.0,1061.0,1018.0,700.0,0.0,0.0,621.5800000000002,751.6630000000022,746.6910000000001,429.1880000000006,0.0,0.0,712.0009999999995,872.0000000000009,784.0000000000003,535.9990000000001,0.0,0.0,-55.419999999999845,-309.33699999999783,-271.30899999999986,-270.8119999999994,0.0,0.0,35.00099999999952,-188.9999999999991,-233.99999999999966,-164.00099999999986,0.0,0.0,55.419999999999845,309.33699999999783,271.30899999999986,270.8119999999994,0.0,0.0,35.00099999999952,188.9999999999991,233.99999999999966,164.00099999999986,0.0,0.0,3071.376399999983,95689.37956899866,73608.57348099993,73339.13934399966,0.0,0.0,1225.0700009999666,35720.99999999966,54755.99999999984,26896.328000999954,0.0,0.0,1,1,1,1,0,0,55.419999999999845,309.33699999999783,271.30899999999986,270.8119999999994,,,35.00099999999952,188.9999999999991,233.99999999999966,164.00099999999986,,,55.419999999999845,309.33699999999783,271.30899999999986,270.8119999999994,,,35.00099999999952,188.9999999999991,233.99999999999966,164.00099999999986,,,0.08186115214180184,0.2915523091423165,0.2665117878192533,0.38687428571428484,,,0.05170014771048674,0.17813383600376917,0.22986247544204289,0.23428714285714267,,,-0.08186115214180184,-0.2915523091423165,-0.2665117878192533,-0.38687428571428484,,,0.05170014771048674,-0.17813383600376917,-0.22986247544204289,-0.23428714285714267,,,ML,ML,ML,ML,,,SeasonalNaive,SeasonalNaive,SeasonalNaive,SeasonalNaive,,,SCP,SCP,SCP,SCP,,,seasonal discrete,seasonal discrete,seasonal discrete,seasonal discrete,,,36.844099603032085,38.901586295851956,13.75147894098618,39.44101443067506,,,700.0,429.1880000000006,535.9990000000001,-270.8119999999994,-164.00099999999986,270.8119999999994,164.00099999999986,73339.13934399966,26896.328000999954,1,270.8119999999994,164.00099999999986,270.8119999999994,164.00099999999986,0.38687428571428484,0.23428714285714267,-0.38687428571428484,-0.23428714285714267,ML,SeasonalNaive,SCP,seasonal discrete,39.44101443067506,2756.0,2119.9340000000025,2368.001000000001,-636.0659999999975,-387.9989999999992,636.0659999999975,458.00099999999827,172369.32944999856,91702.07000099948,3,212.02199999999917,152.66699999999943,239.7007366488462,174.83522719120373,0.23079317851959272,0.16618323657474537,-0.23079317851959272,-0.14078338171262672,ML,SeasonalNaive,SCP,seasonal discrete,27.99473639527973,3456.0,2549.122000000003,2904.000000000001,-906.877999999997,-551.9999999999991,906.877999999997,622.0019999999981,245708.46879399824,118598.39800199942,4,226.71949999999924,155.50049999999953,247.84494588048304,172.19059062707188,0.26240682870370285,0.179977430555555,-0.26240682870370285,-0.15972222222222196,ML,SeasonalNaive,SCP,seasonal discrete,31.412825098855617,2026-07-11 11:04:33.553,0,,
8669,63,60,10664,1,382,Alstroemeria,Yellow,Incredible,,,MovingAverage12M,intermittent_acceptable,intermittent_acceptable_acceptable,acceptable,copy last year,copy last year,success,intermittent_acceptable,NOT_COMPARABLE_MISSING_SCP,1,0,1,0.0,6.0,0.0,0.0,0.0,0.0,,,,,,,0.0,0.0,0.0,0.0,0.0,0.0,,,,,,,,,,,,,,,,,,,,,,,,,,,,,,,,,,,,,,,,,,,,,,,,,,,,,,,,,,,,,,,,,,,,,,,,,,,,,,,,,,,,,,,,,,,,,,,,,,,,,,,,,,,,,,,,,,,,,,,,,,,,,,,,,,,,,,,,,,,,,,,,,,,,,,,,,,,,,,,,,,,,,,,,,,,,,,,,,,,,,,,,,,,,,,2026-07-11 11:04:33.553,0,,NoForecastRowsMaterialized
8670,63,60,10664,1,383,Alstroemeria,Yellow,Perfection,,,MovingAverage3M,intermittent_insuficient,intermittent_insuficient_insuficient,insuficient,syntetos-boylan,syntetos-boylan,success,intermittent_insuficient,NOT_COMPARABLE_NO_HISTORY,1,1,1,0.0,0.0,0.0,0.0,0.0,0.0,0.0,0.0,0.0,15.999999999999991,0.0,15.999999999999998,0.0,0.0,0.0,0.0,13.999999999999998,0.0,,,,,,,,,,,,,,,,,,,,,,,,,,,,,,,,,,,,,,,,,,,,,,,,,,,,,,,,,,,,,,,,,,,,,,,,,,,,,,,,,,,,,,,,,,,,,,,,,,,,,,,,,,,,,,,,,,,,,,,,,,,,,,,,,,,,,,,,,,,,,,,,,,,,,,,,,,,,,,,,,,,,,,,,,,,,,,,,,,,,,,,,,,,,,,2026-07-11 11:04:33.553,0,,NoForecastRowsMaterialized
"8671,63,60,10664,1,384,Anthurium,Lavender,"""",,,MovingAverage3M,intermittent_insuficient,intermittent_insuficient_insuficient,insuficient,seasonal discrete,seasonal discrete,success,intermittent_insuficient,NOT_COMPARABLE_NO_HISTORY,1,1,1,0.0,0.0,0.0,0.0,0.0,0.0,0.0,0.0,0.0,40.0,66.0,6.0,0.0,0.0,0.0,0.0,0.0,0.0,,,,,,,,,,,,,,,,,,,,,,,,,,,,,,,,,,,,,,,,,,,,,,,,,,,,,,,,,,,,,,,,,,,,,,,,,,,,,,,,,,,,,,,,,,,,,,,,,,,,,,,,,,,,,,,,,,,,,,,,,,,,,,,,,,,,,,,,,,,,,,,,,,,,,,,,,,,,,,,,,,,,,,,,,,,,,,,,,,,,,,,,,,,,,,2026-07-11 11:04:33.553,0,,NoForecastRowsMaterialized"
8672,63,60,10664,1,385,Orchids,Variegated,Regular,,,,,,,preserve current forecast,preserve current forecast,success,,NOT_COMPARABLE_MISSING_SCP_AND_ML,1,0,0,0.0,0.0,0.0,0.0,0.0,0.0,,,,,,,,,,,,,,,,,,,,,,,,,,,,,,,,,,,,,,,,,,,,,,,,,,,,,,,,,,,,,,,,,,,,,,,,,,,,,,,,,,,,,,,,,,,,,,,,,,,,,,,,,,,,,,,,,,,,,,,,,,,,,,,,,,,,,,,,,,,,,,,,,,,,,,,,,,,,,,,,,,,,,,,,,,,,,,,,,,,,,,,,,,,,,,,,,,,,,,,,,,2026-07-11 11:04:33.553,1,MissingHistory,NoForecastRowsMaterialized
8673,63,60,10664,1,387,Protea,Pink,Select,,,ADIDA,intermittent_insuficient,intermittent_insuficient_insuficient,insuficient,copy last year,copy last year,success,intermittent_insuficient,NOT_COMPARABLE_NO_HISTORY,1,1,1,0.0,0.0,0.0,0.0,0.0,0.0,180.0,0.0,0.0,0.0,0.0,0.0,9.719999999999999,9.721,9.721,10.8,10.801,10.8,,,,,,,,,,,,,,,,,,,,,,,,,,,,,,,,,,,,,,,,,,,,,,,,,,,,,,,,,,,,,,,,,,,,,,,,,,,,,,,,,,,,,,,,,,,,,,,,,,,,,,,,,,,,,,,,,,,,,,,,,,,,,,,,,,,,,,,,,,,,,,,,,,,,,,,,,,,,,,,,,,,,,,,,,,,,,,,,,,,,,,,,,,,,,,2026-07-11 11:04:33.553,0,,NoForecastRowsMaterialized
"8674,63,60,10664,1,389,Roses,Asst Color/Red,""50cm"",,,,,,,preserve current forecast,preserve current forecast,success,,NOT_COMPARABLE_MISSING_SCP_AND_ML,1,0,0,0.0,0.0,0.0,0.0,0.0,0.0,,,,,,,,,,,,,,,,,,,,,,,,,,,,,,,,,,,,,,,,,,,,,,,,,,,,,,,,,,,,,,,,,,,,,,,,,,,,,,,,,,,,,,,,,,,,,,,,,,,,,,,,,,,,,,,,,,,,,,,,,,,,,,,,,,,,,,,,,,,,,,,,,,,,,,,,,,,,,,,,,,,,,,,,,,,,,,,,,,,,,,,,,,,,,,,,,,,,,,,,,,2026-07-11 11:04:33.553,1,MissingHistory,NoForecastRowsMaterialized"
"8675,63,60,10664,1,391,Roses,Dyed,""60cm"",,,AutoTheta,smooth_acceptable,smooth_acceptable_acceptable,acceptable,x11 lineal,x11 lineal,success,smooth_acceptable,COMPARABLE,1,1,1,8234.0,12040.0,6748.0,6375.0,17684.0,4750.0,10816.71500000001,12481.364999999994,7712.136000000021,4017.825999999978,15698.027000000033,3144.358000000048,10561.689000000015,13236.043,7261.272999999958,3374.9990000000143,15329.1319999999,2146.549999999989,2582.7150000000092,441.3649999999943,964.1360000000213,-2357.174000000022,-1985.9729999999672,-1605.641999999952,2327.689000000015,1196.0429999999997,513.2729999999583,-3000.0009999999857,-2354.8680000001004,-2603.450000000011,2582.7150000000092,441.3649999999943,964.1360000000213,2357.174000000022,1985.9729999999672,1605.641999999952,2327.689000000015,1196.0429999999997,513.2729999999583,3000.0009999999857,2354.8680000001004,2603.450000000011,6670416.771225047,194803.06322499498,929558.2264960412,5556269.2662761025,3944088.75672887,2578086.232163846,5418136.080721069,1430518.857848999,263449.1725289572,9000006.000000915,5545403.297424473,6777951.9025000585,1,1,1,1,1,1,2582.7150000000092,441.3649999999943,964.1360000000213,2357.174000000022,1985.9729999999672,1605.641999999952,2327.689000000015,1196.0429999999997,513.2729999999583,3000.0009999999857,2354.8680000001004,2603.450000000011,2582.7150000000092,441.3649999999943,964.1360000000213,2357.174000000022,1985.9729999999672,1605.641999999952,2327.689000000015,1196.0429999999997,513.2729999999583,3000.0009999999857,2354.8680000001004,2603.450000000011,0.3136646830216188,0.03665822259136166,0.1428772969768852,0.36975278431372893,0.11230338158787419,0.33802989473683204,0.28269237308720124,0.09933911960132888,0.07606298162417877,0.4705883921568605,0.13316376385433729,0.5480947368421076,0.3136646830216188,0.03665822259136166,0.1428772969768852,-0.36975278431372893,-0.11230338158787419,-0.33802989473683204,0.28269237308720124,0.09933911960132888,0.07606298162417877,-0.4705883921568605,-0.13316376385433729,-0.5480947368421076,ML,SCP,ML,SCP,SCP,SCP,AutoTheta,x11 lineal,AutoTheta,x11 lineal,x11 lineal,x11 lineal,SCP,ML,SCP,ML,ML,ML,x11 lineal,AutoTheta,x11 lineal,AutoTheta,AutoTheta,AutoTheta,9.874337664047074,63.09789865414584,46.763423417448685,21.427559524145718,15.665209260141872,38.32637461829706,28809.0,22860.21100000006,20850.680999999902,-5948.788999999941,-7958.319000000098,5948.788999999941,7958.319000000098,12078444.255168818,21323361.199925445,3,1982.9296666666469,2652.7730000000324,2006.5263728783314,2666.043335477091,0.20649064528445765,0.27624419452254845,-0.20649064528445765,-0.27624419452254845,SCP,x11 lineal,ML,AutoTheta,25.250684221129273,27022.0,31010.216000000022,31059.004999999976,3988.216000000025,4037.004999999973,3988.216000000025,4037.004999999973,7794778.060946084,7112104.111099025,3,1329.4053333333416,1345.6683333333242,1611.9117077708365,1539.7082094885193,0.1475914440085865,0.14939697283694667,0.1475914440085865,0.14939697283694667,SCP,x11 lineal,ML,AutoTheta,1.2085444531267249,55831.0,53870.42700000008,51909.68599999987,-1960.5729999999162,-3921.3140000001245,9937.004999999966,11995.32400000007,19873222.316114902,28435465.311024472,6,1656.1674999999943,1999.2206666666782,1819.9460759463407,2176.9805278192266,0.17798364707778772,0.21485060271175638,-0.03511620784152023,-0.07023542476402221,SCP,x11 lineal,ML,AutoTheta,17.159344758008142,2026-07-11 11:04:33.553,0,,"
"8676,63,60,10664,1,392,Alstroemeria,"""",Super Select,,,MovingAverage3M,intermittent_insuficient,intermittent_insuficient_insuficient,insuficient,x11 lineal,x11 lineal,success,intermittent_insuficient,COMPARABLE,1,1,1,64.0,80.0,64.0,80.0,80.0,64.0,148.87,110.17399999999999,92.99500000000003,85.84899999999999,0.0,0.0,74.665,74.66799999999999,74.66700000000003,69.33300000000001,69.33200000000001,69.33400000000002,84.87,30.173999999999992,28.995000000000033,5.8489999999999895,-80.0,-64.0,10.665000000000006,-5.332000000000008,10.66700000000003,-10.666999999999987,-10.667999999999992,5.334000000000017,84.87,30.173999999999992,28.995000000000033,5.8489999999999895,80.0,64.0,10.665000000000006,5.332000000000008,10.66700000000003,10.666999999999987,10.667999999999992,5.334000000000017,7202.916900000001,910.4702759999996,840.7100250000019,34.210800999999876,6400.0,4096.0,113.74222500000013,28.430224000000084,113.78488900000065,113.78488899999974,113.80622399999983,28.451556000000185,1,1,1,1,1,1,84.87,30.173999999999992,28.995000000000033,5.8489999999999895,80.0,64.0,10.665000000000006,5.332000000000008,10.66700000000003,10.666999999999987,10.667999999999992,5.334000000000017,84.87,30.173999999999992,28.995000000000033,5.8489999999999895,80.0,64.0,10.665000000000006,5.332000000000008,10.66700000000003,10.666999999999987,10.667999999999992,5.334000000000017,1.32609375,0.3771749999999999,0.4530468750000005,0.07311249999999987,1.0,1.0,0.1666406250000001,0.0666500000000001,0.16667187500000047,0.13333749999999983,0.1333499999999999,0.08334375000000027,1.32609375,0.3771749999999999,0.4530468750000005,0.07311249999999987,-1.0,-1.0,0.1666406250000001,-0.0666500000000001,0.16667187500000047,-0.13333749999999983,-0.1333499999999999,0.08334375000000027,ML,ML,ML,SCP,ML,ML,MovingAverage3M,MovingAverage3M,MovingAverage3M,x11 lineal,MovingAverage3M,MovingAverage3M,SCP,SCP,SCP,ML,SCP,SCP,x11 lineal,x11 lineal,x11 lineal,MovingAverage3M,x11 lineal,x11 lineal,87.43372216330857,82.32915755286004,63.21089843076386,45.16733852067126,86.66500000000002,91.66562499999998,224.0,85.84899999999999,207.99900000000002,-138.151,-16.000999999999962,149.849,26.668999999999997,10530.210801,256.04266899999976,3,49.949666666666666,8.889666666666665,59.2458459894025,9.238374117415535,0.66896875,0.1190580357142857,-0.6167455357142858,-0.07143303571428554,ML,MovingAverage3M,SCP,x11 lineal,82.20275076910757,208.0,352.03900000000004,224.00000000000006,144.03900000000004,16.00000000000003,144.03900000000004,26.664000000000044,8954.097201000002,255.95733800000087,3,48.01300000000001,8.888000000000014,54.632399425615574,9.236834558801352,0.6924951923076925,0.1281923076923079,0.6924951923076925,0.07692307692307707,ML,MovingAverage3M,SCP,x11 lineal,81.48834690604625,432.0,437.888,431.999,5.888000000000034,-0.0009999999999337,293.88800000000003,53.33300000000004,19484.308002,512.0000070000007,6,48.98133333333334,8.88883333333334,56.9858286506391,9.237604370181703,0.6802962962962964,0.12345601851851862,0.013629629629629707,-0.0000023148148147,ML,MovingAverage3M,SCP,x11 lineal,81.85261051829266,2026-07-11 11:04:33.553,0,,"
8677,63,60,10664,1,393,Alstroemeria,Holiday Assorted,Select,,,SeasonalNaive,seasonal_discontinuous_acceptable,seasonal_discontinuous_acceptable_acceptable,acceptable,seasonal discrete,seasonal discrete,success,seasonal_discontinuous_acceptable,COMPARABLE,1,1,1,0.0,1167.0,220.0,70.0,2704.0,79.0,0.0,1520.092000000015,418.95599999999973,0.0,2074.1589999999983,128.70499999999976,0.001,1189.7290000000057,549.9999999999949,0.0,1958.000000000013,161.99999999999918,0.0,353.0920000000151,198.95599999999973,-70.0,-629.8410000000017,49.70499999999976,0.001,22.729000000005726,329.9999999999949,-70.0,-745.999999999987,82.99999999999918,0.0,353.0920000000151,198.95599999999973,70.0,629.8410000000017,49.70499999999976,0.001,22.729000000005726,329.9999999999949,70.0,745.999999999987,82.99999999999918,0.0,124673.96046401067,39583.489935999896,4900.0,396699.68528100214,2470.5870249999757,0.000001,516.6074410002603,108899.99999999662,4900.0,556515.9999999807,6888.999999999864,0,1,1,1,1,1,,353.0920000000151,198.95599999999973,70.0,629.8410000000017,49.70499999999976,,22.729000000005726,329.9999999999949,70.0,745.999999999987,82.99999999999918,,353.0920000000151,198.95599999999973,70.0,629.8410000000017,49.70499999999976,,22.729000000005726,329.9999999999949,70.0,745.999999999987,82.99999999999918,,0.30256383890318345,0.9043454545454533,1.0,0.23292936390532606,0.6291772151898704,,0.019476435304203708,1.4999999999999767,1.0,0.27588757396449226,1.0506329113923947,,0.30256383890318345,0.9043454545454533,-1.0,-0.23292936390532606,0.6291772151898704,,0.019476435304203708,1.4999999999999767,-1.0,-0.27588757396449226,1.0506329113923947,,ML,SCP,TIE,SCP,SCP,,SeasonalNaive,seasonal discrete,,seasonal discrete,seasonal discrete,,SCP,ML,,ML,ML,,seasonal discrete,SeasonalNaive,,SeasonalNaive,SeasonalNaive,,93.56286746796734,39.71030303030217,0.0,15.570911528148446,40.114457831325,2853.0,2202.863999999998,2120.0000000000123,-650.136000000002,-732.9999999999878,749.5460000000014,898.9999999999862,404070.2723060021,568304.9999999806,3,249.84866666666713,299.6666666666621,367.0014860578461,435.24131237739084,0.26272204696810425,0.31510690501226296,-0.22787802313354436,-0.2569225376796312,SCP,seasonal discrete,ML,SeasonalNaive,16.62447163514873,1387.0,1939.0480000000148,1739.7300000000007,552.0480000000148,352.7300000000006,552.0480000000148,352.7300000000006,164257.45040001057,109416.60744199688,2,276.0240000000074,176.3650000000003,286.58109707376946,233.89806267046856,0.39801586157174823,0.25431146359048346,0.39801586157174823,0.25431146359048346,ML,SeasonalNaive,SCP,seasonal discrete,36.105193751269624,4240.0,4141.912000000013,3859.7300000000123,-98.08799999998718,-380.26999999998725,1301.5940000000162,1251.7299999999868,568327.7227060127,677721.6074419775,5,260.31880000000325,250.34599999999736,337.14321072980624,368.16344398703615,0.3069797169811359,0.2952193396226384,-0.02313396226414792,-0.08968632075471397,ML,SeasonalNaive,SCP,seasonal discrete,3.830994918540556,2026-07-11 11:04:33.553,0,,
8678,63,60,10664,1,395,Alstroemeria,Pink Assorted,Fancy,,,MovingAverage3M,intermittent_acceptable,intermittent_acceptable_acceptable,acceptable,seasonal discrete,seasonal discrete,success,intermittent_acceptable,COMPARABLE,1,1,1,0.0,247.0,131.0,200.0,945.0,0.0,36.47500000000003,168.92200000000037,190.38099999999966,175.90600000000012,7.909999999999994,193.5350000000001,107.01399999999998,107.01399999999988,107.01499999999997,0.0,0.0,0.0,36.47500000000003,-78.07799999999963,59.38099999999966,-24.09399999999988,-937.09,193.5350000000001,107.01399999999998,-139.9860000000001,-23.985000000000028,-200.0,-945.0,0.0,36.47500000000003,78.07799999999963,59.38099999999966,24.09399999999988,937.09,193.5350000000001,107.01399999999998,139.9860000000001,23.985000000000028,200.0,945.0,0.0,1330.4256250000021,6096.174083999943,3526.1031609999595,580.5208359999942,878137.6681,37455.79622500004,11451.996195999996,19596.080196000028,575.2802250000013,40000.0,893025.0,0.0,0,1,1,1,1,0,,78.07799999999963,59.38099999999966,24.09399999999988,937.09,,,139.9860000000001,23.985000000000028,200.0,945.0,,,78.07799999999963,59.38099999999966,24.09399999999988,937.09,,,139.9860000000001,23.985000000000028,200.0,945.0,,,0.3161052631578933,0.45329007633587526,0.1204699999999994,0.9916296296296296,,,0.5667449392712555,0.18309160305343533,1.0,1.0,,,-0.3161052631578933,0.45329007633587526,-0.1204699999999994,-0.9916296296296296,,,-0.5667449392712555,-0.18309160305343533,-1.0,-1.0,,,SCP,ML,SCP,SCP,,,seasonal discrete,MovingAverage3M,seasonal discrete,seasonal discrete,,,ML,SCP,ML,ML,,,MovingAverage3M,seasonal discrete,MovingAverage3M,MovingAverage3M,,,44.224422442244524,59.60829221468119,87.95300000000006,0.8370370370370361,,1145.0,377.3510000000002,0.0,-767.6489999999999,-1145.0,1154.719,1145.0,916173.985161,933025.0,2,577.3595,572.5,676.8212412302823,683.0172032972522,1.008488209606987,1.0,-0.6704358078602619,-1.0,ML,MovingAverage3M,SCP,seasonal discrete,0.8416766330163472,378.0,395.778,321.04299999999984,17.778000000000056,-56.957000000000136,173.93399999999932,270.9850000000001,10952.702869999905,31623.356617000027,2,86.96699999999966,135.49250000000006,74.00237452271348,125.7444961360139,0.46014285714285535,0.7168915343915347,0.04703174603174618,-0.15067989417989455,SCP,seasonal discrete,ML,MovingAverage3M,35.814159455320684,1523.0,773.1290000000002,321.04299999999984,-749.8709999999998,-1201.957,1328.6529999999993,1415.9850000000001,927126.688031,964648.3566170001,4,332.16324999999983,353.99625000000003,481.4370903947368,491.08256857095836,0.8723919894944184,0.9297340774786607,-0.49236441234405764,-0.7892035456336179,SCP,seasonal discrete,ML,MovingAverage3M,6.167579458822015,2026-07-11 11:04:33.553,0,,
8679,63,60,10664,1,396,Alstroemeria,Purple,Incredible,,,MovingAverage3M,intermittent_acceptable,intermittent_acceptable_acceptable,acceptable,syntetos-boylan,syntetos-boylan,success,intermittent_acceptable,COMPARABLE,1,1,1,0.0,0.0,0.0,0.0,53.0,12.0,0.20700000000000013,0.3290000000000001,0.4170000000000002,0.5480000000000003,8.980999999999998,6.541000000000007,16.857999999999997,16.856,16.856,6.0009999999999994,6.0,5.9990000000000006,0.20700000000000013,0.3290000000000001,0.4170000000000002,0.5480000000000003,-44.019000000000005,-5.458999999999993,16.857999999999997,16.856,16.856,6.0009999999999994,-47.0,-6.0009999999999994,0.20700000000000013,0.3290000000000001,0.4170000000000002,0.5480000000000003,44.019000000000005,5.458999999999993,16.857999999999997,16.856,16.856,6.0009999999999994,47.0,6.0009999999999994,0.042849000000000054,0.10824100000000009,0.17388900000000018,0.3003040000000003,1937.6723610000006,29.80068099999993,284.1921639999999,284.12473600000004,284.12473600000004,36.01200099999999,2209.0,36.01200099999999,0,0,0,0,1,1,,,,,44.019000000000005,5.458999999999993,,,,,47.0,6.0009999999999994,,,,,44.019000000000005,5.458999999999993,,,,,47.0,6.0009999999999994,,,,,0.8305471698113208,0.45491666666666614,,,,,0.8867924528301887,0.5000833333333333,,,,,-0.8305471698113208,-0.45491666666666614,,,,,-0.8867924528301887,-0.5000833333333333,,,,,SCP,SCP,,,,,syntetos-boylan,syntetos-boylan,,,,,ML,ML,,,,,MovingAverage3M,MovingAverage3M,,,,,6.342553191489357,9.031828028661995,65.0,16.070000000000007,18.0,-48.93,-47.0,50.026,59.001999999999995,1967.7733460000006,2281.024002,2,25.013,29.500999999999998,31.366967864299543,33.77146726158045,0.7696307692307692,0.9077230769230769,-0.7527692307692307,-0.7230769230769231,SCP,syntetos-boylan,ML,MovingAverage3M,15.213043625639802,0.0,0.9530000000000005,50.57,0.9530000000000005,50.57,0.9530000000000005,50.57,0.32497900000000035,852.441636,0,,,,,,,,,,,,,,65.0,17.023000000000007,68.57,-47.977000000000004,3.5699999999999985,50.979,109.572,1968.0983250000006,3133.465638,2,25.4895,54.786,31.369557894557587,39.581975936024214,0.7842923076923077,1.6857230769230769,-0.7381076923076924,0.0549230769230769,SCP,syntetos-boylan,ML,MovingAverage3M,53.47442777351878,2026-07-11 11:04:33.553,0,,
8680,63,60,10664,1,397,Alstroemeria,White,Select,,,AutoETS,smooth_acceptable,smooth_acceptable_acceptable,acceptable,x11 lineal,x11 lineal,success,smooth_acceptable,COMPARABLE,1,1,1,744.0,1875.0,1642.0,1249.0,1110.0,757.0,1142.7700000000075,1607.2289999999916,1288.0490000000086,1267.5489999999918,1339.6440000000116,1051.910999999985,1208.1489999999962,1627.837999999995,1417.026999999986,1278.5620000000015,1245.5620000000056,1118.5609999999979,398.7700000000075,-267.77100000000837,-353.9509999999914,18.548999999991793,229.6440000000116,294.91099999998505,464.14899999999625,-247.16200000000504,-224.97300000001405,29.56200000000149,135.56200000000558,361.5609999999979,398.7700000000075,267.77100000000837,353.9509999999914,18.548999999991793,229.6440000000116,294.91099999998505,464.14899999999625,247.16200000000504,224.97300000001405,29.56200000000149,135.56200000000558,361.5609999999979,159017.51290000597,71701.30844100448,125281.3104009939,344.0654009996955,52736.36673600533,86972.49792099118,215434.29420099652,61089.05424400249,50612.85072900632,873.9118440000881,18377.055844001512,130726.35672099846,1,1,1,1,1,1,398.7700000000075,267.77100000000837,353.9509999999914,18.548999999991793,229.6440000000116,294.91099999998505,464.14899999999625,247.16200000000504,224.97300000001405,29.56200000000149,135.56200000000558,361.5609999999979,398.7700000000075,267.77100000000837,353.9509999999914,18.548999999991793,229.6440000000116,294.91099999998505,464.14899999999625,247.16200000000504,224.97300000001405,29.56200000000149,135.56200000000558,361.5609999999979,0.5359811827957089,0.14281120000000447,0.21556090133982422,0.014851080864685182,0.20688648648649693,0.38957859973577946,0.6238561827956939,0.13181973333333602,0.13701157125457616,0.023668534827863484,0.12212792792793296,0.4776235138705388,0.5359811827957089,-0.14281120000000447,-0.21556090133982422,0.014851080864685182,0.20688648648649693,0.38957859973577946,0.6238561827956939,-0.13181973333333602,-0.13701157125457616,0.023668534827863484,0.12212792792793296,0.4776235138705388,SCP,ML,ML,SCP,ML,SCP,x11 lineal,AutoETS,AutoETS,x11 lineal,AutoETS,x11 lineal,ML,SCP,SCP,ML,SCP,ML,AutoETS,x11 lineal,x11 lineal,AutoETS,x11 lineal,AutoETS,14.085778489232837,7.696501861666384,36.4395071634154,37.25390704285618,40.96862970510932,18.433957202246155,3116.0,3659.1039999999884,3642.685000000005,543.1039999999884,526.685000000005,543.1039999999884,526.685000000005,140052.93005799621,149977.32440900005,3,181.03466666666282,175.56166666666832,216.06552251419492,223.58989572354716,0.17429525032092055,0.16902599486521339,0.17429525032092055,0.16902599486521339,ML,AutoETS,SCP,x11 lineal,3.023177881213153,4261.0,4038.048000000008,4253.013999999977,-222.95199999999227,-7.986000000022841,1020.4920000000072,936.2840000000153,356000.13174200436,327136.1991740053,3,340.16400000000243,312.0946666666718,344.4803486131947,330.2202291269698,0.23949589298286958,0.21973339591645513,-0.052323867636703186,-0.0018742079324155928,ML,AutoETS,SCP,x11 lineal,8.251706039830921,7377.0,7697.151999999996,7895.698999999982,320.1519999999962,518.6989999999821,1563.5959999999957,1462.9690000000203,496053.0618000006,477113.5235830055,6,260.5993333333326,243.82816666667006,287.5334942228472,281.99099382279496,0.2119555374813604,0.198314897654876,0.04339867154669868,0.07031299986444112,ML,AutoETS,SCP,x11 lineal,6.435613803052427,2026-07-11 11:04:33.553,0,,
8681,63,60,10664,1,399,Anthurium,Orange,Medium,,,AutoARIMA,smooth_acceptable,smooth_acceptable_acceptable,acceptable,x11 lineal,x11 lineal,success,smooth_acceptable,COMPARABLE,1,1,1,120.0,210.0,170.0,180.0,50.0,0.0,244.842,232.9830000000003,194.89799999999968,207.39500000000007,200.48199999999986,80.51599999999999,127.15500000000003,141.51800000000023,164.1940000000003,136.66600000000008,136.667,136.66699999999992,124.84200000000001,22.98300000000029,24.897999999999683,27.395000000000067,150.48199999999986,80.51599999999999,7.15500000000003,-68.48199999999977,-5.805999999999699,-43.33399999999992,86.667,136.66699999999992,124.84200000000001,22.98300000000029,24.897999999999683,27.395000000000067,150.48199999999986,80.51599999999999,7.15500000000003,68.48199999999977,5.805999999999699,43.33399999999992,86.667,136.66699999999992,15585.524964000004,528.2182890000132,619.9104039999843,750.4860250000037,22644.832323999955,6482.8262559999985,51.19402500000042,4689.784323999968,33.70963599999651,1877.835555999993,7511.1688890000005,18677.868888999976,1,1,1,1,1,0,124.84200000000001,22.98300000000029,24.897999999999683,27.395000000000067,150.48199999999986,,7.15500000000003,68.48199999999977,5.805999999999699,43.33399999999992,86.667,,124.84200000000001,22.98300000000029,24.897999999999683,27.395000000000067,150.48199999999986,,7.15500000000003,68.48199999999977,5.805999999999699,43.33399999999992,86.667,,1.04035,0.10944285714285852,0.1464588235294099,0.15219444444444483,3.009639999999997,,0.05962500000000025,0.32610476190476084,0.03415294117646882,0.24074444444444398,1.73334,,1.04035,0.10944285714285852,0.1464588235294099,0.15219444444444483,3.009639999999997,,0.05962500000000025,-0.32610476190476084,-0.03415294117646882,-0.24074444444444398,1.73334,,ML,SCP,ML,SCP,ML,,AutoARIMA,x11 lineal,AutoARIMA,x11 lineal,AutoARIMA,,SCP,ML,SCP,ML,SCP,,x11 lineal,AutoARIMA,x11 lineal,AutoARIMA,x11 lineal,,94.2687557072139,66.43935632720954,76.68085790023386,36.78174181935635,42.40706529684608,,230.0,488.3929999999999,410.0,258.3929999999999,180.0,258.3929999999999,266.66799999999984,29878.144604999954,28066.87333399997,2,129.19649999999996,133.33399999999992,122.22549775926453,118.46280710417082,1.1234478260869563,1.159426086956521,1.1234478260869563,0.782608695652174,SCP,x11 lineal,ML,AutoARIMA,3.1031094844525335,500.0,672.723,432.8670000000006,172.72299999999998,-67.13299999999944,172.72299999999998,81.4429999999995,16733.653657000003,4774.687984999966,3,57.57433333333333,27.1476666666665,74.68523650851843,39.89439386263006,0.345446,0.162885999999999,0.345446,-0.1342659999999989,ML,AutoARIMA,SCP,x11 lineal,52.84762307278156,730.0,1161.116,842.8670000000005,431.1159999999999,112.86700000000056,431.1159999999999,348.1109999999993,46611.79826199996,32841.561318999935,5,86.22319999999998,69.62219999999986,96.55236740960831,81.04512486140044,0.5905698630136984,0.4768643835616429,0.5905698630136984,0.15461232876712405,ML,AutoARIMA,SCP,x11 lineal,19.25351877452949,2026-07-11 11:04:33.553,0,,
8682,63,60,10664,1,401,Anthurium,Purple,Small,,,,,,,preserve current forecast,preserve current forecast,success,,NOT_COMPARABLE_MISSING_SCP_AND_ML,1,0,0,0.0,0.0,0.0,0.0,0.0,0.0,,,,,,,,,,,,,,,,,,,,,,,,,,,,,,,,,,,,,,,,,,,,,,,,,,,,,,,,,,,,,,,,,,,,,,,,,,,,,,,,,,,,,,,,,,,,,,,,,,,,,,,,,,,,,,,,,,,,,,,,,,,,,,,,,,,,,,,,,,,,,,,,,,,,,,,,,,,,,,,,,,,,,,,,,,,,,,,,,,,,,,,,,,,,,,,,,,,,,,,,,,2026-07-11 11:04:33.553,1,MissingHistory,NoForecastRowsMaterialized
"8683,63,60,10664,1,403,Orchids,Pink/White,"""",,,MovingAverage3M,intermittent_recentRelease,intermittent_recentRelease_recentRelease,recentRelease,syntetos-boylan,syntetos-boylan,success,intermittent_recentRelease,COMPARABLE,1,1,1,0.0,0.0,0.0,4.0,0.0,0.0,0.0,13.0,0.0,0.0,0.0,0.0,0.0,0.0,0.0,1.333,1.333,1.3339999999999999,0.0,13.0,0.0,-4.0,0.0,0.0,0.0,0.0,0.0,-2.667,1.333,1.3339999999999999,0.0,13.0,0.0,4.0,0.0,0.0,0.0,0.0,0.0,2.667,1.333,1.3339999999999999,0.0,169.0,0.0,16.0,0.0,0.0,0.0,0.0,0.0,7.112888999999999,1.776889,1.7795559999999997,0,0,0,1,0,0,,,,4.0,,,,,,2.667,,,,,,4.0,,,,,,2.667,,,,,,1.0,,,,,,0.66675,,,,,,-1.0,,,,,,-0.66675,,,,,,ML,,,,,,MovingAverage3M,,,,,,SCP,,,,,,syntetos-boylan,,,,,,33.325,,,4.0,0.0,4.0,-4.0,0.0,4.0,5.334,16.0,10.669334,1,4.0,5.334,4.0,3.266394648538354,1.0,1.3335,-1.0,0.0,SCP,syntetos-boylan,ML,MovingAverage3M,25.009373828271457,0.0,13.0,0.0,13.0,0.0,13.0,0.0,169.0,0.0,0,,,,,,,,,,,,,,4.0,13.0,4.0,9.0,0.0,17.0,5.334,185.0,10.669334,1,17.0,5.334,13.601470508735444,3.266394648538354,4.25,1.3335,2.25,0.0,ML,MovingAverage3M,SCP,syntetos-boylan,68.62352941176471,2026-07-11 11:04:33.553,0,,NoForecastRowsMaterialized"
8684,63,60,10664,1,404,Orchids,Red,Super,,,SeasonalNaive,erratic_acceptable,erratic_acceptable_acceptable,acceptable,x11 lineal,x11 lineal,success,erratic_acceptable,COMPARABLE,1,1,1,113.0,568.0,149.0,74.0,244.0,68.0,145.0909999999992,178.59299999999988,100.72400000000023,150.91000000000025,348.0540000000009,231.679,95.00000000000033,102.99900000000008,63.99999999999992,171.94499999999945,284.23999999999836,235.8420000000006,32.09099999999921,-389.40700000000015,-48.27599999999977,76.91000000000025,104.05400000000088,163.679,-17.999999999999673,-465.0009999999999,-85.00000000000009,97.94499999999945,40.23999999999836,167.8420000000006,32.09099999999921,389.40700000000015,48.27599999999977,76.91000000000025,104.05400000000088,163.679,17.999999999999673,465.0009999999999,85.00000000000009,97.94499999999945,40.23999999999836,167.8420000000006,1029.8322809999495,151637.81164900013,2330.572175999978,5915.1481000000385,10827.234916000183,26790.815041,323.99999999998823,216225.9300009999,7225.000000000015,9593.223024999892,1619.257599999868,28170.936964000204,1,1,1,1,1,1,32.09099999999921,389.40700000000015,48.27599999999977,76.91000000000025,104.05400000000088,163.679,17.999999999999673,465.0009999999999,85.00000000000009,97.94499999999945,40.23999999999836,167.8420000000006,32.09099999999921,389.40700000000015,48.27599999999977,76.91000000000025,104.05400000000088,163.679,17.999999999999673,465.0009999999999,85.00000000000009,97.94499999999945,40.23999999999836,167.8420000000006,0.2839911504424709,0.6855757042253524,0.32399999999999846,1.0393243243243278,0.4264508196721348,2.4070441176470587,0.1592920353982272,0.8186637323943661,0.5704697986577187,1.3235810810810738,0.16491803278687853,2.468264705882362,0.2839911504424709,-0.6855757042253524,-0.32399999999999846,1.0393243243243278,0.4264508196721348,2.4070441176470587,-0.1592920353982272,-0.8186637323943661,-0.5704697986577187,1.3235810810810738,0.16491803278687853,2.468264705882362,ML,SCP,SCP,SCP,ML,SCP,SeasonalNaive,x11 lineal,x11 lineal,x11 lineal,SeasonalNaive,x11 lineal,SCP,ML,ML,ML,SCP,ML,x11 lineal,SeasonalNaive,SeasonalNaive,SeasonalNaive,x11 lineal,SeasonalNaive,43.90950733850577,16.256739232818802,43.204705882353274,21.476338761549155,61.327772118325086,2.4803088619061984,386.0,730.6430000000012,692.0269999999985,344.6430000000011,306.02699999999845,344.6430000000011,306.02699999999845,43533.19805700022,39383.41758899996,3,114.88100000000037,102.00899999999949,120.4618861673686,114.57663750957255,0.8928575129533708,0.7928160621761617,0.8928575129533708,0.7928160621761617,ML,SeasonalNaive,SCP,x11 lineal,11.204637842637908,830.0,424.40799999999933,261.9990000000003,-405.5920000000007,-568.0009999999996,469.77399999999915,568.0009999999996,154998.21610600007,223774.93000099994,3,156.59133333333304,189.33366666666655,227.30172026479113,273.11470728187936,0.5659927710843363,0.6843385542168671,-0.48866506024096473,-0.6843385542168671,SCP,x11 lineal,ML,SeasonalNaive,17.293455469268643,1216.0,1155.0510000000004,954.0259999999987,-60.948999999999586,-261.9740000000012,814.4170000000003,874.027999999998,198531.4141630003,263158.3475899999,6,135.73616666666672,145.671333333333,181.9026361193447,209.4271343411195,0.6697508223684213,0.7187730263157878,-0.050122532894736505,-0.21543914473684309,SCP,x11 lineal,ML,SeasonalNaive,6.820262051101079,2026-07-11 11:04:33.553,0,,
"8685,63,60,10664,1,405,Protea,Peach-Orange,""35/40cm"",,,MovingAverage3M,intermittent_acceptable,intermittent_acceptable_acceptable,acceptable,seasonal discrete,seasonal discrete,success,intermittent_acceptable,COMPARABLE,1,1,1,0.0,0.0,20.0,50.0,100.0,0.0,84.11600000000007,30.809999999999988,15.422000000000002,102.30699999999987,0.0,0.0,16.665999999999983,16.66699999999999,16.666999999999994,14.921,14.920000000000005,14.92099999999999,84.11600000000007,30.809999999999988,-4.577999999999998,52.306999999999874,-100.0,0.0,16.665999999999983,16.66699999999999,-3.3330000000000055,-35.079,-85.08,14.92099999999999,84.11600000000007,30.809999999999988,4.577999999999998,52.306999999999874,100.0,0.0,16.665999999999983,16.66699999999999,3.3330000000000055,35.079,85.08,14.92099999999999,7075.501456000012,949.2560999999993,20.958083999999978,2736.022248999987,10000.0,0.0,277.75555599999944,277.7888889999997,11.108889000000037,1230.536241,7238.6064,222.63624099999973,0,0,1,1,1,0,,,4.577999999999998,52.306999999999874,100.0,,,,3.3330000000000055,35.079,85.08,,,,4.577999999999998,52.306999999999874,100.0,,,,3.3330000000000055,35.079,85.08,,,,0.22889999999999988,1.0461399999999974,1.0,,,,0.16665000000000027,0.70158,0.8508,,,,-0.22889999999999988,1.0461399999999974,-1.0,,,,-0.16665000000000027,-0.70158,-0.8508,,,,ML,ML,ML,,,,MovingAverage3M,MovingAverage3M,MovingAverage3M,,,,SCP,SCP,SCP,,,,seasonal discrete,seasonal discrete,seasonal discrete,,,,27.19528178243759,32.93631827480053,14.92,,150.0,102.30699999999987,44.76199999999999,-47.693000000000126,-105.238,152.30699999999987,135.07999999999998,12736.022248999987,8691.778882,2,76.15349999999994,67.53999999999999,79.79981907560939,65.9233603588288,1.015379999999999,0.9005333333333332,-0.3179533333333342,-0.7015866666666667,ML,MovingAverage3M,SCP,seasonal discrete,11.310707977965489,20.0,130.34800000000007,49.99999999999997,110.34800000000007,29.999999999999968,119.50400000000005,36.66599999999998,8045.715640000011,566.6533339999992,1,119.50400000000005,36.66599999999998,89.69791324217087,23.804481384814903,5.975200000000003,1.833299999999999,5.517400000000004,1.4999999999999984,ML,MovingAverage3M,SCP,seasonal discrete,69.31818181818184,170.0,232.65499999999994,94.76199999999996,62.654999999999916,-75.23800000000004,271.8109999999999,171.74599999999998,20781.737888999996,9258.432216,3,90.60366666666664,57.24866666666666,83.23007847527238,55.553074370371256,1.5988882352941172,1.010270588235294,0.3685588235294113,-0.4425764705882355,ML,MovingAverage3M,SCP,seasonal discrete,36.81418338477838,2026-07-11 11:04:33.553,0,,"
"8686,63,60,10664,1,406,Protea,Red,""35/40cm"",,,,,,,copy last year,copy last year,success,,NOT_COMPARABLE_MISSING_SCP_AND_ML,1,0,0,0.0,0.0,0.0,0.0,100.0,0.0,,,,,,,,,,,,,,,,,,,,,,,,,,,,,,,,,,,,,,,,,,,,,,,,,,,,,,,,,,,,,,,,,,,,,,,,,,,,,,,,,,,,,,,,,,,,,,,,,,,,,,,,,,,,,,,,,,,,,,,,,,,,,,,,,,,,,,,,,,,,,,,,,,,,,,,,,,,,,,,,,,,,,,,,,,,,,,,,,,,,,,,,,,,,,,,,,,,,,,,,,,2026-07-11 11:04:33.553,1,ShortSeries,NoForecastRowsMaterialized"
"8687,63,60,10664,1,407,Protea,Yellow/Orange,""40-50cm"",,,,,,,preserve current forecast,preserve current forecast,success,,NOT_COMPARABLE_MISSING_SCP_AND_ML,1,0,0,0.0,0.0,0.0,0.0,0.0,0.0,,,,,,,,,,,,,,,,,,,,,,,,,,,,,,,,,,,,,,,,,,,,,,,,,,,,,,,,,,,,,,,,,,,,,,,,,,,,,,,,,,,,,,,,,,,,,,,,,,,,,,,,,,,,,,,,,,,,,,,,,,,,,,,,,,,,,,,,,,,,,,,,,,,,,,,,,,,,,,,,,,,,,,,,,,,,,,,,,,,,,,,,,,,,,,,,,,,,,,,,,,2026-07-11 11:04:33.553,1,MissingHistory,NoForecastRowsMaterialized"
"8688,63,60,10664,1,409,Roses,"""","""",,,AutoTheta,smooth_acceptable,smooth_acceptable_acceptable,acceptable,x11 lineal,x11 lineal,success,smooth_acceptable,COMPARABLE,1,1,1,1418.0,3192.0,1770.0,1711.0,3013.0,836.0,1814.393000000058,3285.7810000000386,1779.9100000000572,1089.5130000000122,3208.01899999998,647.6130000000023,2173.3980000000333,4233.453000000084,2083.6179999999817,1096.000999999997,3115.9999999999723,586.9989999999979,396.393000000058,93.7810000000386,9.910000000057153,-621.4869999999878,195.01899999998022,-188.38699999999767,755.3980000000333,1041.453000000084,313.61799999998175,-614.999000000003,102.99999999997226,-249.00100000000214,396.393000000058,93.7810000000386,9.910000000057153,621.4869999999878,195.01899999998022,188.38699999999767,755.3980000000333,1041.453000000084,313.61799999998175,614.999000000003,102.99999999997226,249.00100000000214,157127.410449046,8794.875961007241,98.20810000113276,386246.0911689848,38032.41036099229,35489.661768999125,570626.1384040504,1084624.351209175,98356.24992398855,378223.7700010037,10608.999999994285,62001.49800100106,1,1,1,1,1,1,396.393000000058,93.7810000000386,9.910000000057153,621.4869999999878,195.01899999998022,188.38699999999767,755.3980000000333,1041.453000000084,313.61799999998175,614.999000000003,102.99999999997226,249.00100000000214,396.393000000058,93.7810000000386,9.910000000057153,621.4869999999878,195.01899999998022,188.38699999999767,755.3980000000333,1041.453000000084,313.61799999998175,614.999000000003,102.99999999997226,249.00100000000214,0.27954372355434276,0.029380012531340413,0.005598870056529465,0.3632302746931548,0.06472585462993037,0.2253433014354039,0.532720733427386,0.3262697368421316,0.17718531073445296,0.35943834015195963,0.03418519747758787,0.29784808612440444,0.27954372355434276,0.029380012531340413,0.005598870056529465,-0.3632302746931548,0.06472585462993037,-0.2253433014354039,0.532720733427386,0.3262697368421316,0.17718531073445296,-0.35943834015195963,0.03418519747758787,-0.29784808612440444,SCP,SCP,SCP,ML,ML,SCP,x11 lineal,x11 lineal,x11 lineal,AutoTheta,AutoTheta,x11 lineal,ML,ML,ML,SCP,SCP,ML,AutoTheta,AutoTheta,AutoTheta,x11 lineal,x11 lineal,AutoTheta,47.52527806533238,90.99517693068904,96.84010484090273,1.043947821915022,47.18463329214963,24.342874125005096,5560.0,4945.144999999995,4798.999999999967,-614.8550000000052,-761.0000000000329,1004.8929999999657,966.9999999999774,459768.16329897626,450834.268001999,3,334.9643333333219,322.3333333333258,391.47931545995135,387.6571801656712,0.18073615107913052,0.17392086330934844,-0.1105854316546772,-0.1368705035971282,ML,AutoTheta,SCP,x11 lineal,3.7708492346936073,6380.0,6880.0840000001535,8490.4690000001,500.08400000015376,2110.469000000099,500.08400000015376,2110.469000000099,166020.49451005438,1753606.739537214,3,166.69466666671792,703.4896666666997,235.24490395476116,764.5492658068138,0.07838307210033758,0.3307945141065986,0.07838307210033758,0.3307945141065986,SCP,x11 lineal,ML,AutoTheta,76.30460338436006,11940.0,11825.229000000149,13289.469000000066,-114.77099999985148,1349.4690000000664,1504.9770000001195,3077.4690000000764,625788.6578090305,2204441.0075392127,6,250.82950000001992,512.9115000000128,322.9521785571951,606.1409362432707,0.12604497487438188,0.25774447236181547,-0.009612311557776506,0.11302085427136235,SCP,x11 lineal,ML,AutoTheta,51.09692412823388,2026-07-11 11:04:33.553,0,,"
"8689,63,60,10664,1,410,Roses,Peach,"""",,,HistoricAverage,intermittent_acceptable,intermittent_acceptable_acceptable,acceptable,syntetos-boylan,syntetos-boylan,success,intermittent_acceptable,COMPARABLE,1,1,1,0.0,2.0,0.0,0.0,0.0,0.0,0.0,5.0,0.0,0.0,0.0,0.0,0.0,2.71,0.0,4.5,0.0,0.0,0.0,3.0,0.0,0.0,0.0,0.0,0.0,0.71,0.0,4.5,0.0,0.0,0.0,3.0,0.0,0.0,0.0,0.0,0.0,0.71,0.0,4.5,0.0,0.0,0.0,9.0,0.0,0.0,0.0,0.0,0.0,0.5041,0.0,20.25,0.0,0.0,0,1,0,0,0,0,,3.0,,,,,,0.71,,,,,,3.0,,,,,,0.71,,,,,,1.5,,,,,,0.355,,,,,,1.5,,,,,,0.355,,,,,,ML,,,,,,HistoricAverage,,,,,,SCP,,,,,,syntetos-boylan,,,,,,76.33333333333333,,,,,0.0,0.0,4.5,0.0,4.5,0.0,4.5,0.0,20.25,0,,,,,,,,,,,,,,2.0,5.0,2.71,3.0,0.71,3.0,0.71,9.0,0.5041,1,3.0,0.71,3.0,0.71,1.5,0.355,1.5,0.355,ML,HistoricAverage,SCP,syntetos-boylan,76.33333333333333,2.0,5.0,7.21,3.0,5.21,3.0,5.21,9.0,20.7541,1,3.0,5.21,3.0,4.5556668008097345,1.5,2.605,1.5,2.605,SCP,syntetos-boylan,ML,HistoricAverage,42.41842610364684,2026-07-11 11:04:33.553,0,,NoForecastRowsMaterialized"
"8690,63,60,10664,1,411,Roses,Peach,""70cm"",,,,,,,copy last year,copy last year,success,,NOT_COMPARABLE_MISSING_SCP_AND_ML,1,0,0,0.0,0.0,0.0,0.0,0.0,0.0,,,,,,,,,,,,,,,,,,,,,,,,,,,,,,,,,,,,,,,,,,,,,,,,,,,,,,,,,,,,,,,,,,,,,,,,,,,,,,,,,,,,,,,,,,,,,,,,,,,,,,,,,,,,,,,,,,,,,,,,,,,,,,,,,,,,,,,,,,,,,,,,,,,,,,,,,,,,,,,,,,,,,,,,,,,,,,,,,,,,,,,,,,,,,,,,,,,,,,,,,,2026-07-11 11:04:33.553,1,ShortSeries,NoForecastRowsMaterialized"
8691,63,60,10664,1,413,Alstroemeria,Green,Premium,,,,intermittent_obsolete,intermittent_obsolete_obsolete,obsolete,copy last year,copy last year,success,intermittent_obsolete,NOT_COMPARABLE_MISSING_SCP_AND_ML,1,0,0,0.0,0.0,58.0,0.0,0.0,0.0,,,,,,,,,,,,,,,,,,,,,,,,,,,,,,,,,,,,,,,,,,,,,,,,,,,,,,,,,,,,,,,,,,,,,,,,,,,,,,,,,,,,,,,,,,,,,,,,,,,,,,,,,,,,,,,,,,,,,,,,,,,,,,,,,,,,,,,,,,,,,,,,,,,,,,,,,,,,,,,,,,,,,,,,,,,,,,,,,,,,,,,,,,,,,,,,,,,,,,,,,,2026-07-11 11:04:33.553,0,,NoForecastRowsMaterialized
8692,63,60,10664,1,414,Alstroemeria,Holiday Assorted,Super Select,,,AutoTheta,seasonal_discontinuous_acceptable,seasonal_discontinuous_acceptable_acceptable,acceptable,seasonal discrete,seasonal discrete,success,seasonal_discontinuous_acceptable,COMPARABLE,1,1,1,0.0,0.0,0.0,90.0,249.0,15.0,0.0,0.0,74.73300000000005,99.00000000000003,98.9990000000001,0.0,6.696999999999996,9.640999999999996,59.272999999999975,0.0,369.0009999999999,35.99900000000001,0.0,0.0,74.73300000000005,9.000000000000028,-150.00099999999992,-15.0,6.696999999999996,9.640999999999996,59.272999999999975,-90.0,120.00099999999992,20.99900000000001,0.0,0.0,74.73300000000005,9.000000000000028,150.00099999999992,15.0,6.696999999999996,9.640999999999996,59.272999999999975,90.0,120.00099999999992,20.99900000000001,0.0,0.0,5585.021289000007,81.00000000000051,22500.300000999974,225.0,44.849808999999944,92.94888099999993,3513.288528999997,8100.0,14400.24000099998,440.9580010000004,0,0,0,1,1,1,,,,9.000000000000028,150.00099999999992,15.0,,,,90.0,120.00099999999992,20.99900000000001,,,,9.000000000000028,150.00099999999992,15.0,,,,90.0,120.00099999999992,20.99900000000001,,,,0.10000000000000031,0.6024136546184736,1.0,,,,1.0,0.4819317269076302,1.399933333333334,,,,0.10000000000000031,-0.6024136546184736,-1.0,,,,-1.0,0.4819317269076302,1.399933333333334,,,,SCP,ML,SCP,,,,seasonal discrete,AutoTheta,seasonal discrete,,,,ML,SCP,ML,,,,AutoTheta,seasonal discrete,AutoTheta,,,,89.99999999999997,19.99986666755557,28.56802704890712,354.0,197.99900000000014,404.99999999999994,-156.0009999999999,50.99999999999994,174.00099999999995,230.99999999999994,22806.300000999974,22941.198001999983,3,58.000333333333316,76.99999999999999,87.19002236685873,87.4475042563632,0.4915282485875705,0.6525423728813557,-0.44068079096045165,0.14406779661016933,SCP,seasonal discrete,ML,AutoTheta,24.674891774891776,0.0,74.73300000000005,75.61099999999996,74.73300000000005,75.61099999999996,74.73300000000005,75.61099999999996,5585.021289000007,3651.087218999997,0,,,,,,,,,,,,,,354.0,272.73200000000014,480.6109999999999,-81.26799999999984,126.61099999999989,248.73399999999998,306.6109999999999,28391.32128999998,26592.285220999976,3,82.91133333333333,102.20366666666662,97.28192927431758,94.14932327779451,0.702638418079096,0.8661327683615816,-0.22957062146892612,0.3576581920903952,SCP,seasonal discrete,ML,AutoTheta,18.876361252531684,2026-07-11 11:04:33.553,0,,
8693,63,60,10664,1,415,Alstroemeria,Pink Assorted,Premium,,,AutoETS,erratic_acceptable,erratic_acceptable_acceptable,acceptable,x11 lineal,x11 lineal,success,erratic_acceptable,COMPARABLE,1,1,1,0.0,0.0,7.0,58.0,845.0,288.0,152.53400000000093,598.4080000000024,268.3140000000004,136.3919999999995,781.2619999999982,94.7630000000001,185.35400000000007,518.4620000000026,280.8870000000003,271.99999999999966,960.000999999997,111.99999999999969,152.53400000000093,598.4080000000024,261.3140000000004,78.39199999999951,-63.73800000000176,-193.2369999999999,185.35400000000007,518.4620000000026,273.8870000000003,213.99999999999966,115.00099999999702,-176.0000000000003,152.53400000000093,598.4080000000024,261.3140000000004,78.39199999999951,63.73800000000176,193.2369999999999,185.35400000000007,518.4620000000026,273.8870000000003,213.99999999999966,115.00099999999702,176.0000000000003,23266.621156000285,358092.13446400285,68285.00659600022,6145.305663999924,4062.5326440002245,37340.53816899996,34356.10531600002,268802.8454440027,75014.08876900015,45795.999999999854,13225.230000999314,30976.00000000011,0,0,1,1,1,1,,,261.3140000000004,78.39199999999951,63.73800000000176,193.2369999999999,,,273.8870000000003,213.99999999999966,115.00099999999702,176.0000000000003,,,261.3140000000004,78.39199999999951,63.73800000000176,193.2369999999999,,,273.8870000000003,213.99999999999966,115.00099999999702,176.0000000000003,,,37.33057142857149,1.3515862068965434,0.07542958579881866,0.6709618055555553,,,39.12671428571433,3.6896551724137874,0.13609585798816215,0.6111111111111122,,,37.33057142857149,1.3515862068965434,-0.07542958579881866,-0.6709618055555553,,,39.12671428571433,3.6896551724137874,0.13609585798816215,-0.6111111111111122,,,SCP,SCP,SCP,ML,,,x11 lineal,x11 lineal,x11 lineal,AutoETS,,,ML,ML,ML,SCP,,,AutoETS,AutoETS,AutoETS,x11 lineal,,,4.59057932651052,63.36822429906558,44.5761341205699,8.920134342801653,1191.0,1012.4169999999979,1344.0009999999966,-178.58300000000216,153.00099999999637,335.3670000000012,505.000999999997,47548.376477000114,89997.23000099928,3,111.7890000000004,168.33366666666566,125.894633823951,173.20241530359718,0.28158438287153753,0.4240142737195609,-0.1499437447523108,0.12846431570108846,SCP,x11 lineal,ML,AutoETS,33.59082457262399,7.0,1019.2560000000037,984.7030000000029,1012.2560000000037,977.7030000000029,1012.2560000000037,977.7030000000029,449643.7622160034,378173.03952900285,1,1012.2560000000037,977.7030000000029,670.5548167122531,614.957754263659,144.60800000000054,139.67185714285756,144.60800000000054,139.67185714285756,ML,AutoETS,SCP,x11 lineal,3.4134645781305073,1198.0,2031.6730000000018,2328.7039999999993,833.6730000000018,1130.7039999999995,1347.6230000000048,1482.704,497192.13869300345,468170.26953000214,4,336.9057500000012,370.676,352.55926405818764,342.11484531148386,1.1248939899833095,1.2376494156928213,0.6958873121869799,0.943826377295492,SCP,x11 lineal,ML,AutoETS,9.110449557025216,2026-07-11 11:04:33.553,0,,
8694,63,60,10664,1,416,Alstroemeria,Purple Assorted,Fancy,,,,,,,preserve current forecast,preserve current forecast,success,,NOT_COMPARABLE_MISSING_SCP_AND_ML,1,0,0,0.0,0.0,0.0,0.0,0.0,0.0,,,,,,,,,,,,,,,,,,,,,,,,,,,,,,,,,,,,,,,,,,,,,,,,,,,,,,,,,,,,,,,,,,,,,,,,,,,,,,,,,,,,,,,,,,,,,,,,,,,,,,,,,,,,,,,,,,,,,,,,,,,,,,,,,,,,,,,,,,,,,,,,,,,,,,,,,,,,,,,,,,,,,,,,,,,,,,,,,,,,,,,,,,,,,,,,,,,,,,,,,,2026-07-11 11:04:33.553,1,MissingHistory,NoForecastRowsMaterialized
8695,63,60,10664,1,417,Anthurium,Green,Extra Large,,,,,,,preserve current forecast,preserve current forecast,success,,NOT_COMPARABLE_MISSING_SCP_AND_ML,1,0,0,0.0,0.0,0.0,0.0,0.0,0.0,,,,,,,,,,,,,,,,,,,,,,,,,,,,,,,,,,,,,,,,,,,,,,,,,,,,,,,,,,,,,,,,,,,,,,,,,,,,,,,,,,,,,,,,,,,,,,,,,,,,,,,,,,,,,,,,,,,,,,,,,,,,,,,,,,,,,,,,,,,,,,,,,,,,,,,,,,,,,,,,,,,,,,,,,,,,,,,,,,,,,,,,,,,,,,,,,,,,,,,,,,2026-07-11 11:04:33.553,1,MissingHistory,NoForecastRowsMaterialized
8696,63,60,10664,1,418,Orchids,Blue,Regular,,,MovingAverage12M,smooth_acceptable,smooth_acceptable_acceptable,acceptable,x11 lineal,x11 lineal,success,smooth_acceptable,COMPARABLE,1,1,1,114.0,232.0,140.0,136.0,150.0,96.0,212.31299999999993,314.17400000000174,190.8499999999998,191.78100000000074,214.54300000000046,103.7410000000003,167.6669999999994,167.66599999999946,167.6679999999997,93.27800000000022,97.49599999999998,101.71500000000016,98.31299999999993,82.17400000000174,50.849999999999795,55.781000000000745,64.54300000000046,7.741000000000298,53.666999999999405,-64.33400000000054,27.667999999999694,-42.72199999999978,-52.50400000000002,5.71500000000016,98.31299999999993,82.17400000000174,50.849999999999795,55.781000000000745,64.54300000000046,7.741000000000298,53.666999999999405,64.33400000000054,27.667999999999694,42.72199999999978,52.50400000000002,5.71500000000016,9665.445968999986,6752.566276000286,2585.7224999999794,3111.519961000083,4165.79884900006,59.923081000004615,2880.146888999936,4138.86355600007,765.5182239999831,1825.1692839999812,2756.670016000002,32.66122500000183,1,1,1,1,1,1,98.31299999999993,82.17400000000174,50.849999999999795,55.781000000000745,64.54300000000046,7.741000000000298,53.666999999999405,64.33400000000054,27.667999999999694,42.72199999999978,52.50400000000002,5.71500000000016,98.31299999999993,82.17400000000174,50.849999999999795,55.781000000000745,64.54300000000046,7.741000000000298,53.666999999999405,64.33400000000054,27.667999999999694,42.72199999999978,52.50400000000002,5.71500000000016,0.8623947368421047,0.3541982758620765,0.36321428571428427,0.41015441176471135,0.43028666666666976,0.08063541666666978,0.4707631578947316,0.27730172413793336,0.19762857142856924,0.31413235294117486,0.3500266666666668,0.059531250000001666,0.8623947368421047,0.3541982758620765,0.36321428571428427,0.41015441176471135,0.43028666666666976,0.08063541666666978,0.4707631578947316,-0.27730172413793336,0.19762857142856924,-0.31413235294117486,-0.3500266666666668,0.059531250000001666,ML,ML,ML,ML,ML,ML,MovingAverage12M,MovingAverage12M,MovingAverage12M,MovingAverage12M,MovingAverage12M,MovingAverage12M,SCP,SCP,SCP,SCP,SCP,SCP,x11 lineal,x11 lineal,x11 lineal,x11 lineal,x11 lineal,x11 lineal,45.41210216349879,21.71002993647726,45.58898721730619,23.411197361110034,18.65268115829812,26.172329156440515,382.0,510.06500000000153,292.4890000000004,128.0650000000015,-89.51099999999964,128.0650000000015,100.94099999999996,7337.241891000147,4614.500524999985,3,42.68833333333384,33.646999999999984,49.45449723736001,39.21947018595052,0.33524869109948036,0.2642434554973821,0.33524869109948036,-0.23432198952879488,ML,MovingAverage12M,SCP,x11 lineal,21.179869597470987,486.0,717.3370000000015,503.00099999999856,231.33700000000147,17.000999999998555,231.33700000000147,145.66899999999964,19003.73474500025,7784.528668999989,3,77.11233333333382,48.556333333333214,79.59006375379666,50.93960040741057,0.47600205761317177,0.2997304526748964,0.47600205761317177,0.03498148148147851,ML,MovingAverage12M,SCP,x11 lineal,37.03168969944336,868.0,1227.402000000003,795.4899999999989,359.402000000003,-72.51000000000109,359.402000000003,246.60999999999962,26340.976636000396,12399.029193999973,6,59.90033333333383,41.1016666666666,66.25830342430096,45.458826048047726,0.4140576036866394,0.284112903225806,0.4140576036866394,-0.08353686635944825,ML,MovingAverage12M,SCP,x11 lineal,31.38324216337206,2026-07-11 11:04:33.553,0,,
"8697,63,60,10664,1,419,Orchids,Var,"""",,,HistoricAverage,lumpy_ultraSparse,lumpy_ultraSparse_ultraSparse,ultraSparse,copy last year,copy last year,success,lumpy_ultraSparse,NOT_COMPARABLE_MISSING_SCP,1,0,1,0.0,0.0,8.0,0.0,0.0,0.0,,,,,,,6.0,6.0,6.0,14.0,14.0,14.0,,,,,,,,,,,,,,,,,,,,,,,,,,,,,,,,,,,,,,,,,,,,,,,,,,,,,,,,,,,,,,,,,,,,,,,,,,,,,,,,,,,,,,,,,,,,,,,,,,,,,,,,,,,,,,,,,,,,,,,,,,,,,,,,,,,,,,,,,,,,,,,,,,,,,,,,,,,,,,,,,,,,,,,,,,,,,,,,,,,,,,,,,,,,,,2026-07-11 11:04:33.553,0,,NoForecastRowsMaterialized"
8698,63,60,10664,1,420,Orchids,Yellow,Regular,,,SeasonalNaive,smooth_acceptable,smooth_acceptable_acceptable,acceptable,x11 lineal,x11 lineal,success,smooth_acceptable,COMPARABLE,1,1,1,399.0,486.0,319.0,269.0,258.0,129.0,368.2500000000006,372.7230000000016,360.5790000000001,331.5330000000008,265.8089999999998,223.01100000000054,411.0009999999994,411.0000000000003,372.99900000000014,310.0000000000006,219.00099999999918,182.99900000000054,-30.749999999999375,-113.2769999999984,41.57900000000012,62.53300000000081,7.8089999999997985,94.01100000000054,12.000999999999408,-74.99999999999972,53.99900000000014,41.000000000000625,-38.99900000000082,53.999000000000535,30.749999999999375,113.2769999999984,41.57900000000012,62.53300000000081,7.8089999999997985,94.01100000000054,12.000999999999408,74.99999999999972,53.99900000000014,41.000000000000625,38.99900000000082,53.999000000000535,945.5624999999616,12831.678728999637,1728.81324100001,3910.3760890001013,60.98048099999686,8838.0681210001,144.0240009999858,5624.999999999957,2915.8920010000147,1681.0000000000514,1520.922001000064,2915.892001000058,1,1,1,1,1,1,30.749999999999375,113.2769999999984,41.57900000000012,62.53300000000081,7.8089999999997985,94.01100000000054,12.000999999999408,74.99999999999972,53.99900000000014,41.000000000000625,38.99900000000082,53.999000000000535,30.749999999999375,113.2769999999984,41.57900000000012,62.53300000000081,7.8089999999997985,94.01100000000054,12.000999999999408,74.99999999999972,53.99900000000014,41.000000000000625,38.99900000000082,53.999000000000535,0.07706766917293076,0.23308024691357696,0.13034169278996904,0.2324646840148729,0.030267441860464334,0.7287674418604693,0.03007769423558749,0.1543209876543204,0.16927586206896594,0.15241635687732574,0.15115891472868534,0.41859689922481036,-0.07706766917293076,-0.23308024691357696,0.13034169278996904,0.2324646840148729,0.030267441860464334,0.7287674418604693,0.03007769423558749,-0.1543209876543204,0.16927586206896594,0.15241635687732574,-0.15115891472868534,0.41859689922481036,ML,ML,SCP,ML,SCP,ML,SeasonalNaive,SeasonalNaive,x11 lineal,SeasonalNaive,x11 lineal,SeasonalNaive,SCP,SCP,ML,SCP,ML,SCP,x11 lineal,x11 lineal,SeasonalNaive,x11 lineal,SeasonalNaive,x11 lineal,60.97235772357836,33.7906194549637,23.000425933813553,34.434618521420546,79.97640965153046,42.56097690695746,656.0,820.3530000000012,712.0000000000003,164.35300000000115,56.00000000000034,164.35300000000115,133.99800000000198,12809.424691000198,6117.814002000174,3,54.78433333333371,44.66600000000066,65.34376963669452,45.15829197390063,0.2505381097560993,0.20426524390244205,0.2505381097560993,0.0853658536585371,ML,SeasonalNaive,SCP,x11 lineal,18.4693921011475,1204.0,1101.5520000000024,1195.0,-102.44799999999765,-9.00000000000017,185.6059999999979,140.99999999999926,15506.05446999961,8684.916001999956,3,61.868666666665966,46.99999999999975,71.8935659383592,53.80494401694562,0.15415780730896836,0.1171096345514944,-0.08508970099667579,-0.007475083056478547,ML,SeasonalNaive,SCP,x11 lineal,24.03262825555163,1860.0,1921.9050000000034,1907.0000000000002,61.9050000000035,47.00000000000017,349.95899999999904,274.99800000000124,28315.479160999806,14802.730004000132,6,58.32649999999984,45.833000000000204,68.69677231743353,49.67012852140968,0.18814999999999948,0.14784838709677486,0.03328225806451801,0.025268817204301165,ML,SeasonalNaive,SCP,x11 lineal,21.419937764137515,2026-07-11 11:04:33.553,0,,
"8699,63,60,10664,1,422,Protea,Yellow,""40-50cm"",,,AutoARIMA,seasonal_discontinuous_acceptable,seasonal_discontinuous_acceptable_acceptable,acceptable,seasonal discrete,seasonal discrete,success,seasonal_discontinuous_acceptable,COMPARABLE,1,1,1,60.0,50.0,65.0,25.0,0.0,90.0,33.549,358.297,263.1189999999999,303.45400000000006,100.29600000000005,0.0,5.67499999999999,11.160999999999994,9.749999999999993,0.0,0.0,0.0,-26.451,308.297,198.11899999999991,278.45400000000006,100.29600000000005,-90.0,-54.32500000000001,-38.839000000000006,-55.25000000000001,-25.0,0.0,-90.0,26.451,308.297,198.11899999999991,278.45400000000006,100.29600000000005,90.0,54.32500000000001,38.839000000000006,55.25000000000001,25.0,0.0,90.0,699.655401,95047.04020900001,39251.138160999966,77536.63011600003,10059.28761600001,8100.0,2951.205625000001,1508.4679210000004,3052.562500000001,625.0,0.0,8100.0,1,1,1,1,0,1,26.451,308.297,198.11899999999991,278.45400000000006,,90.0,54.32500000000001,38.839000000000006,55.25000000000001,25.0,,90.0,26.451,308.297,198.11899999999991,278.45400000000006,,90.0,54.32500000000001,38.839000000000006,55.25000000000001,25.0,,90.0,0.44085,6.165940000000001,3.047984615384614,11.138160000000003,,1.0,0.9054166666666669,0.7767800000000001,0.8500000000000001,1.0,,1.0,-0.44085,6.165940000000001,3.047984615384614,11.138160000000003,,-1.0,-0.9054166666666669,-0.7767800000000001,-0.8500000000000001,-1.0,,-1.0,SCP,ML,ML,ML,,TIE,seasonal discrete,AutoARIMA,AutoARIMA,AutoARIMA,,,ML,SCP,SCP,SCP,,,AutoARIMA,seasonal discrete,seasonal discrete,seasonal discrete,,,51.30971007823286,87.40208305627365,72.11272013284943,91.02185639279737,,0.0,115.0,403.7500000000001,0.0,288.7500000000001,-115.0,468.7500000000001,115.0,95695.91773200003,8725.0,2,234.37500000000006,57.5,218.741762967203,66.04922406811453,4.07608695652174,1.0,2.5108695652173925,-1.0,ML,AutoARIMA,SCP,seasonal discrete,75.46666666666667,175.0,654.9649999999999,26.585999999999977,479.9649999999999,-148.41400000000002,532.867,148.41400000000002,134997.83377099998,7512.236046000002,3,177.62233333333333,49.47133333333334,212.1303323988973,50.04077019790963,3.0449542857142853,0.8480800000000001,2.7426571428571425,-0.8480800000000001,ML,AutoARIMA,SCP,seasonal discrete,72.14802192667213,290.0,1058.7150000000001,26.585999999999977,768.715,-263.414,1001.6170000000001,263.414,230693.751503,16237.236046000002,5,200.32340000000002,52.6828,214.79932565210723,56.98637740021733,3.453851724137931,0.9083241379310344,2.650741379310345,-0.9083241379310344,ML,AutoARIMA,SCP,seasonal discrete,73.70112528042155,2026-07-11 11:04:33.553,0,,"
"8700,63,60,10664,1,425,Roses,Cream,""50cm"",,,AutoETS,smooth_acceptable,smooth_acceptable_acceptable,acceptable,x11 lineal,x11 lineal,success,smooth_acceptable,COMPARABLE,1,1,1,36659.0,50962.0,41417.0,23120.0,16263.0,13408.0,33289.405999998766,38468.459999998144,26994.08200000048,22659.195000000283,19145.626000000393,18521.06800000087,39142.73399999967,45962.38799999957,31351.19900000177,18584.227000000836,14237.488999999832,13730.70199999945,-3369.5940000012342,-12493.540000001856,-14422.917999999521,-460.80499999971653,2882.626000000393,5113.068000000869,2483.7339999996693,-4999.61200000043,-10065.800999998231,-4535.772999999164,-2025.5110000001678,322.70199999945,3369.5940000012342,12493.540000001856,14422.917999999521,460.80499999971653,2882.626000000393,5113.068000000869,2483.7339999996693,4999.61200000043,10065.800999998231,4535.772999999164,2025.5110000001678,322.70199999945,11354163.724844318,156088541.7316464,208020563.6347102,212341.24802473874,8309532.655878266,26143464.372632883,6168934.582754358,24996120.1505483,101320349.7715654,20573236.70752142,4102694.81112168,104136.58080364502,1,1,1,1,1,1,3369.5940000012342,12493.540000001856,14422.917999999521,460.80499999971653,2882.626000000393,5113.068000000869,2483.7339999996693,4999.61200000043,10065.800999998231,4535.772999999164,2025.5110000001678,322.70199999945,3369.5940000012342,12493.540000001856,14422.917999999521,460.80499999971653,2882.626000000393,5113.068000000869,2483.7339999996693,4999.61200000043,10065.800999998231,4535.772999999164,2025.5110000001678,322.70199999945,0.0919172372405476,0.24515403634083938,0.34823666610327936,0.019931012110714384,0.1772505687757728,0.3813445704057927,0.06775236640387543,0.09810470546682686,0.24303549267204846,0.1961839532871611,0.12454719301482924,0.024067869928359933,-0.0919172372405476,-0.24515403634083938,-0.34823666610327936,-0.019931012110714384,0.1772505687757728,0.3813445704057927,0.06775236640387543,-0.09810470546682686,-0.24303549267204846,-0.1961839532871611,-0.12454719301482924,0.024067869928359933,ML,ML,ML,SCP,ML,ML,AutoETS,AutoETS,AutoETS,x11 lineal,AutoETS,AutoETS,SCP,SCP,SCP,ML,SCP,SCP,x11 lineal,x11 lineal,x11 lineal,AutoETS,x11 lineal,x11 lineal,26.289814143817935,59.98242291616557,30.209677403708703,89.84065119661409,29.733826032239648,93.68868162912375,52791.0,60325.889000001545,46552.41800000012,7534.889000001545,-6238.581999999882,8456.499000000978,6883.985999998782,34665338.27653589,24780068.099446744,3,2818.833000000326,2294.661999999594,3399.281212086652,2874.0255217752647,0.16018827072798353,0.13040075012783964,0.14273056013338534,-0.11817510560511985,ML,AutoETS,SCP,x11 lineal,18.595319410574213,129038.0,98751.94799999738,116456.32100000101,-30286.05200000261,-12581.678999998992,30286.05200000261,17549.14699999833,375463269.09120095,132485404.50486805,3,10095.350666667537,5849.71566666611,11187.243763787412,6645.434636020633,0.2347064585626142,0.1359998372572291,-0.2347064585626142,-0.09750367333652872,ML,AutoETS,SCP,x11 lineal,42.05534943941582,181829.0,159077.83699999892,163008.7390000011,-22751.163000001066,-18820.26099999887,38742.55100000359,24433.132999997113,410128607.36773676,157265472.60431477,6,6457.091833333931,4072.188833332852,8267.694230837446,5119.659373505148,0.21307135275453082,0.13437423623292827,-0.12512395162488418,-0.10350527693601609,ML,AutoETS,SCP,x11 lineal,36.93463034998688,2026-07-11 11:04:33.553,0,,"
"8701,63,60,10664,1,426,Roses,Ivory,"""",,,,,,,copy last year,copy last year,success,,NOT_COMPARABLE_MISSING_SCP_AND_ML,1,0,0,0.0,4.0,3.0,8.0,0.0,1.0,,,,,,,,,,,,,,,,,,,,,,,,,,,,,,,,,,,,,,,,,,,,,,,,,,,,,,,,,,,,,,,,,,,,,,,,,,,,,,,,,,,,,,,,,,,,,,,,,,,,,,,,,,,,,,,,,,,,,,,,,,,,,,,,,,,,,,,,,,,,,,,,,,,,,,,,,,,,,,,,,,,,,,,,,,,,,,,,,,,,,,,,,,,,,,,,,,,,,,,,,,2026-07-11 11:04:33.553,1,ShortSeries,NoForecastRowsMaterialized"
"8702,63,60,10664,1,429,Roses,Peach,""50cm"",,,SeasonalNaive,smooth_acceptable,smooth_acceptable_acceptable,acceptable,x11 lineal,x11 lineal,success,smooth_acceptable,COMPARABLE,1,1,1,33060.0,53493.0,39138.0,30419.0,17334.0,20148.0,33498.835000000894,42364.079000000245,31918.694000000618,26323.408000000025,20446.356000000364,17585.41799999947,41125.00000000032,47799.99900000093,38299.99999999939,27617.352000000094,24074.70599999969,20375.584000000683,438.83500000089407,-11128.920999999755,-7219.305999999382,-4095.591999999975,3112.3560000003636,-2562.5820000005297,8065.00000000032,-5693.0009999990725,-838.0000000006112,-2801.6479999999065,6740.705999999689,227.58400000068286,438.83500000089407,11128.920999999755,7219.305999999382,4095.591999999975,3112.3560000003636,2562.5820000005297,8065.00000000032,5693.0009999990725,838.0000000006112,2801.6479999999065,6740.705999999689,227.58400000068286,192576.1572257847,123852882.62423554,52118379.12162708,16773873.830463797,9686759.870738262,6566826.506726715,65044225.00000516,32410260.38599044,702244.0000010243,7849231.515903476,45437117.37843181,51794.47705631082,1,1,1,1,1,1,438.83500000089407,11128.920999999755,7219.305999999382,4095.591999999975,3112.3560000003636,2562.5820000005297,8065.00000000032,5693.0009999990725,838.0000000006112,2801.6479999999065,6740.705999999689,227.58400000068286,438.83500000089407,11128.920999999755,7219.305999999382,4095.591999999975,3112.3560000003636,2562.5820000005297,8065.00000000032,5693.0009999990725,838.0000000006112,2801.6479999999065,6740.705999999689,227.58400000068286,0.013273895946790504,0.20804443572055697,0.18445771373088513,0.1346392715079383,0.17955209415024598,0.12718790946994887,0.24395039322445009,0.10642515843192703,0.02141141601514158,0.09210190999046342,0.38887192800275117,0.011295612467772626,0.013273895946790504,-0.20804443572055697,-0.18445771373088513,-0.1346392715079383,0.17955209415024598,-0.12718790946994887,0.24395039322445009,-0.10642515843192703,-0.02141141601514158,-0.09210190999046342,0.38887192800275117,0.011295612467772626,SCP,ML,ML,ML,SCP,ML,x11 lineal,SeasonalNaive,SeasonalNaive,SeasonalNaive,x11 lineal,SeasonalNaive,ML,SCP,SCP,SCP,ML,SCP,SeasonalNaive,x11 lineal,x11 lineal,x11 lineal,SeasonalNaive,x11 lineal,94.5587724736407,48.844986859020764,88.39223604040772,31.593576703931358,53.827447748047355,91.11895736407125,67901.0,64355.181999999855,72067.64200000046,-3545.818000000141,4166.6420000004655,9770.530000000868,9769.938000000278,33027460.207928773,53338143.371391594,3,3256.843333333623,3256.646000000093,3318.004430775059,4216.560342719786,0.14389375708753727,0.14388503851195533,-0.052220409125051784,0.06136348507386438,TIE,,,,0.0,125691.0,107781.60800000175,127224.99900000064,-17909.391999998243,1533.9990000006364,18787.06200000003,14596.001000000004,176163837.9030884,98156729.38599662,3,6262.35400000001,4865.333666666668,7662.981097525262,5720.044562355455,0.1494702245984202,0.11612606312305578,-0.14248746529185258,0.012204525383684085,ML,SeasonalNaive,SCP,x11 lineal,22.3082299935989,193592.0,172136.7900000016,199292.64100000108,-21455.209999998384,5700.641000001102,28557.5920000009,24365.939000000282,209191298.11101717,151494872.75738823,6,4759.598666666817,4060.9898333333804,5904.677497699277,5024.852779889646,0.14751431877350768,0.12586232385635915,-0.110826945328311,0.029446676515564187,ML,SeasonalNaive,SCP,x11 lineal,14.677893710367758,2026-07-11 11:04:33.553,0,,"
"8703,63,60,10664,1,430,Roses,Pink,""70-80cm"",,,AutoETS,erratic_acceptable,erratic_acceptable_acceptable,acceptable,x11 lineal,x11 lineal,success,erratic_acceptable,COMPARABLE,1,1,1,875.0,8335.0,1550.0,1550.0,7202.0,525.0,1453.2589999999964,9385.149999999994,1274.0470000000034,1870.4379999999956,6659.293999999959,1459.9409999999984,4337.925999999984,13477.329000000018,2604.865000000006,3983.84999999998,8389.989999999983,2011.3890000000042,578.2589999999964,1050.1499999999942,-275.95299999999656,320.43799999999555,-542.7060000000411,934.9409999999984,3462.925999999984,5142.329000000018,1054.8650000000061,2433.84999999998,1187.9899999999834,1486.3890000000042,578.2589999999964,1050.1499999999942,275.95299999999656,320.43799999999555,542.7060000000411,934.9409999999984,3462.925999999984,5142.329000000018,1054.8650000000061,2433.84999999998,1187.9899999999834,1486.3890000000042,334383.4710809958,1102815.0224999879,76150.0582089981,102680.51184399716,294529.80243604456,874114.6734809971,11991856.48147589,26443547.544241183,1112740.168225013,5923625.822499902,1411320.2400999605,2209352.2593210125,1,1,1,1,1,1,578.2589999999964,1050.1499999999942,275.95299999999656,320.43799999999555,542.7060000000411,934.9409999999984,3462.925999999984,5142.329000000018,1054.8650000000061,2433.84999999998,1187.9899999999834,1486.3890000000042,578.2589999999964,1050.1499999999942,275.95299999999656,320.43799999999555,542.7060000000411,934.9409999999984,3462.925999999984,5142.329000000018,1054.8650000000061,2433.84999999998,1187.9899999999834,1486.3890000000042,0.6608674285714244,0.12599280143971137,0.17803419354838487,0.20673419354838424,0.07535490141627896,1.780839999999997,3.957629714285696,0.6169560887822457,0.680558064516133,1.5702258064516,0.16495279089141673,2.831217142857151,0.6608674285714244,0.12599280143971137,-0.17803419354838487,0.20673419354838424,-0.07535490141627896,1.780839999999997,3.957629714285696,0.6169560887822457,0.680558064516133,1.5702258064516,0.16495279089141673,2.831217142857151,SCP,SCP,SCP,SCP,SCP,SCP,x11 lineal,x11 lineal,x11 lineal,x11 lineal,x11 lineal,x11 lineal,ML,ML,ML,ML,ML,ML,AutoETS,AutoETS,AutoETS,AutoETS,AutoETS,AutoETS,83.30143352760068,79.57831947353057,73.83997004356056,86.83411056556493,54.31729223309551,37.09984398431395,9277.0,9989.672999999952,14385.228999999968,712.6729999999529,5108.2289999999675,1798.085000000035,5108.2289999999675,1271324.9877610388,9544298.321920875,3,599.3616666666784,1702.7429999999893,650.9800272822096,1783.657134646013,0.19382181739786947,0.550633717796698,0.07682149401745747,0.550633717796698,SCP,x11 lineal,ML,AutoETS,64.8002272411819,10760.0,12112.455999999995,20420.12000000001,1352.455999999994,9660.120000000008,1904.3619999999871,9660.120000000008,1513348.5517899818,39548144.193942085,3,634.787333333329,3220.0400000000027,710.2460962675735,3630.800838839006,0.17698531598512893,0.8977806691449821,0.12569293680297342,0.8977806691449821,SCP,x11 lineal,ML,AutoETS,80.28635255048606,20037.0,22102.128999999946,34805.34899999997,2065.128999999947,14768.348999999975,3702.4470000000224,14768.348999999975,2784673.5395510206,49092442.51586296,6,617.0745000000037,2461.3914999999956,681.2578488295285,2860.4324415451288,0.18478050606378313,0.7370539002844725,0.10306577831012363,0.7370539002844725,SCP,x11 lineal,ML,AutoETS,74.92985167130037,2026-07-11 11:04:33.553,0,,"
"8704,63,60,10664,1,431,Roses,Salmon,""50cm"",,,SeasonalNaive,smooth_acceptable,smooth_acceptable_acceptable,acceptable,x11 lineal,x11 lineal,success,smooth_acceptable,COMPARABLE,1,1,1,11334.0,12782.0,10799.0,6546.0,4977.0,2248.0,9041.940999999872,8568.53700000012,5363.168999999989,3952.7459999999955,4569.926999999982,2485.81199999999,9799.999999999976,7770.999999999913,3275.0009999999943,4008.3330000000096,4008.333000000008,4008.3330000000196,-2292.0590000001284,-4213.46299999988,-5435.831000000011,-2593.2540000000045,-407.0730000000176,237.8119999999899,-1534.0000000000236,-5011.000000000087,-7523.999000000005,-2537.6669999999904,-968.6669999999922,1760.3330000000196,2292.0590000001284,4213.46299999988,5435.831000000011,2593.2540000000045,407.0730000000176,237.8119999999899,1534.0000000000236,5011.000000000087,7523.999000000005,2537.6669999999904,968.6669999999922,1760.3330000000196,5253534.459481589,17753270.452367987,29548258.66056112,6724966.308516023,165708.42732901432,56554.5473439952,2353156.0000000726,25110121.000000875,56610560.95200108,6439753.802888951,938315.7568889848,3098772.270889069,1,1,1,1,1,1,2292.0590000001284,4213.46299999988,5435.831000000011,2593.2540000000045,407.0730000000176,237.8119999999899,1534.0000000000236,5011.000000000087,7523.999000000005,2537.6669999999904,968.6669999999922,1760.3330000000196,2292.0590000001284,4213.46299999988,5435.831000000011,2593.2540000000045,407.0730000000176,237.8119999999899,1534.0000000000236,5011.000000000087,7523.999000000005,2537.6669999999904,968.6669999999922,1760.3330000000196,0.2022286041997643,0.3296403536222719,0.5033642929900927,0.3961585701191574,0.08179083785413253,0.10578825622775351,0.13534497970707815,0.39203567516821214,0.6967310862116868,0.38766681943171255,0.1946286919831208,0.7830662811387987,-0.2022286041997643,-0.3296403536222719,-0.5033642929900927,-0.3961585701191574,-0.08179083785413253,0.10578825622775351,-0.13534497970707815,-0.39203567516821214,-0.6967310862116868,-0.38766681943171255,-0.1946286919831208,0.7830662811387987,ML,SCP,SCP,ML,SCP,SCP,SeasonalNaive,x11 lineal,x11 lineal,SeasonalNaive,x11 lineal,x11 lineal,SCP,ML,ML,SCP,ML,ML,x11 lineal,SeasonalNaive,SeasonalNaive,x11 lineal,SeasonalNaive,SeasonalNaive,33.07327603696337,15.91572540411483,27.75343271576715,2.1435231566215207,57.97596077908911,86.4905106022561,13771.0,11008.484999999968,12024.999000000036,-2762.515000000032,-1746.000999999963,3238.139000000012,5266.667000000002,6947229.283189032,10476841.830667004,3,1079.3796666666706,1755.5556666666673,1521.7565818475516,1868.7644608731018,0.2351418923825439,0.3824462275796966,-0.20060380509767134,-0.12678825067169872,SCP,x11 lineal,ML,SeasonalNaive,38.51635199263574,34915.0,22973.646999999983,20846.000999999884,-11941.35300000002,-14068.999000000116,11941.35300000002,14068.999000000116,52555063.572410695,84073837.95200203,3,3980.4510000000064,4689.666333333372,4185.493342980836,5293.827788157388,0.3420121151367613,0.402949992839757,-0.3420121151367613,-0.402949992839757,SCP,x11 lineal,ML,SeasonalNaive,15.122938028498536,48686.0,33982.13199999995,32870.99999999992,-14703.86800000005,-15815.00000000008,15179.492000000031,19335.66600000012,59502292.855599724,94550679.78266902,6,2529.9153333333384,3222.6110000000203,3149.1346127573875,3969.690999365673,0.31178351066014937,0.3971504333894779,-0.302014295690754,-0.3248367087047628,SCP,x11 lineal,ML,SeasonalNaive,21.494858258309094,2026-07-11 11:04:33.553,0,,"
"8705,63,60,10664,1,432,Roses,White,"""",,,AutoTheta,erratic_acceptable,erratic_acceptable_acceptable,acceptable,x11 lineal,x11 lineal,success,erratic_acceptable,COMPARABLE,1,1,1,87.0,146.0,88.0,50.0,29.0,19.0,273.3220000000008,260.23499999999984,145.23300000000023,100.11899999999999,58.31899999999997,54.19499999999993,291.30899999999957,290.46699999999964,166.90900000000016,82.39299999999977,44.78900000000004,44.78999999999985,186.3220000000008,114.23499999999984,57.23300000000023,50.118999999999986,29.318999999999967,35.19499999999993,204.30899999999957,144.46699999999964,78.90900000000016,32.39299999999977,15.789000000000037,25.78999999999985,186.3220000000008,114.23499999999984,57.23300000000023,50.118999999999986,29.318999999999967,35.19499999999993,204.30899999999957,144.46699999999964,78.90900000000016,32.39299999999977,15.789000000000037,25.78999999999985,34715.8876840003,13049.635224999964,3275.6162890000264,2511.9141609999983,859.603760999998,1238.688024999995,41742.16748099982,20870.714088999895,6226.630281000025,1049.3064489999854,249.29252100000116,665.1240999999923,1,1,1,1,1,1,186.3220000000008,114.23499999999984,57.23300000000023,50.118999999999986,29.318999999999967,35.19499999999993,204.30899999999957,144.46699999999964,78.90900000000016,32.39299999999977,15.789000000000037,25.78999999999985,186.3220000000008,114.23499999999984,57.23300000000023,50.118999999999986,29.318999999999967,35.19499999999993,204.30899999999957,144.46699999999964,78.90900000000016,32.39299999999977,15.789000000000037,25.78999999999985,2.141632183908055,0.782431506849314,0.6503750000000026,1.0023799999999996,1.0109999999999988,1.852368421052628,2.3483793103448227,0.9894999999999976,0.8966931818181837,0.6478599999999954,0.5444482758620702,1.3573684210526238,2.141632183908055,0.782431506849314,0.6503750000000026,1.0023799999999996,1.0109999999999988,1.852368421052628,2.3483793103448227,0.9894999999999976,0.8966931818181837,0.6478599999999954,0.5444482758620702,1.3573684210526238,SCP,SCP,SCP,ML,ML,ML,x11 lineal,x11 lineal,x11 lineal,AutoTheta,AutoTheta,AutoTheta,ML,ML,ML,SCP,SCP,SCP,AutoTheta,AutoTheta,AutoTheta,x11 lineal,x11 lineal,x11 lineal,8.803821662285474,20.926578388143927,27.469616900480165,35.36782457750597,46.14754937071505,26.722545816167344,98.0,212.63299999999987,171.97199999999967,114.63299999999988,73.97199999999967,114.63299999999988,73.97199999999967,4610.205946999991,1963.7230699999789,3,38.21099999999996,24.657333333333224,39.201215742201974,25.584650802124692,1.1697244897959171,0.7548163265306088,1.1697244897959171,0.7548163265306088,ML,AutoTheta,SCP,x11 lineal,35.4705887484409,321.0,678.7900000000009,748.6849999999994,357.7900000000009,427.6849999999994,357.7900000000009,427.6849999999994,51041.13919800029,68839.51185099974,3,119.26333333333362,142.56166666666647,130.43662471100706,151.481034952674,1.1146105919003142,1.3323520249221164,1.1146105919003142,1.3323520249221164,SCP,x11 lineal,ML,AutoTheta,16.342635350783542,419.0,891.4230000000008,920.6569999999989,472.42300000000074,501.6569999999991,472.42300000000074,501.6569999999991,55651.34514500028,70803.2349209997,6,78.7371666666668,83.60949999999984,96.30796535507008,108.63028653879152,1.1275011933174242,1.1972720763723128,1.1275011933174242,1.1972720763723128,SCP,x11 lineal,ML,AutoTheta,5.827487705742848,2026-07-11 11:04:33.553,0,,"
8706,63,60,10664,1,434,Alstroemeria,Burgundy,Incredible,,,TSB,lumpy_acceptable,lumpy_acceptable_acceptable,acceptable,seasonal discrete,seasonal discrete,success,lumpy_acceptable,COMPARABLE,1,1,1,6.0,12.0,0.0,6.0,0.0,0.0,0.0,14.049999999999999,13.329999999999998,7.589999999999998,34.141000000000034,29.675000000000022,5.867999999999999,5.868999999999998,5.8690000000000015,7.107000000000001,7.108999999999997,7.108999999999998,-6.0,2.049999999999999,13.329999999999998,1.589999999999998,34.141000000000034,29.675000000000022,-0.13200000000000056,-6.131000000000002,5.8690000000000015,1.107000000000001,7.108999999999997,7.108999999999998,6.0,2.049999999999999,13.329999999999998,1.589999999999998,34.141000000000034,29.675000000000022,0.13200000000000056,6.131000000000002,5.8690000000000015,1.107000000000001,7.108999999999997,7.108999999999998,36.0,4.202499999999995,177.68889999999996,2.528099999999994,1165.6078810000024,880.6056250000013,0.017424000000000148,37.589161000000026,34.44516100000002,1.2254490000000025,50.53788099999996,50.53788099999998,1,1,0,1,0,0,6.0,2.049999999999999,,1.589999999999998,,,0.13200000000000056,6.131000000000002,,1.107000000000001,,,6.0,2.049999999999999,,1.589999999999998,,,0.13200000000000056,6.131000000000002,,1.107000000000001,,,1.0,0.17083333333333325,,0.2649999999999997,,,0.022000000000000092,0.5109166666666668,,0.1845000000000002,,,-1.0,0.17083333333333325,,0.2649999999999997,,,-0.022000000000000092,-0.5109166666666668,,0.1845000000000002,,,ML,SCP,,ML,,,TSB,seasonal discrete,,TSB,,,SCP,ML,,SCP,,,seasonal discrete,TSB,,seasonal discrete,,,97.79999999999998,66.56336649812431,,30.377358490565882,,,6.0,71.40600000000006,21.324999999999996,65.40600000000006,15.324999999999998,65.40600000000006,15.324999999999998,2048.7416060000037,102.30121099999994,1,65.40600000000006,15.324999999999998,45.26302692043478,10.11440611207598,10.90100000000001,2.5541666666666663,10.90100000000001,2.5541666666666663,ML,TSB,SCP,seasonal discrete,76.56942788123415,18.0,27.379999999999995,17.605999999999998,9.379999999999997,-0.394000000000001,21.379999999999995,12.132000000000005,217.89139999999995,72.05174600000005,2,10.689999999999998,6.0660000000000025,10.437705686596072,6.002155696081203,1.1877777777777776,0.6740000000000003,0.521111111111111,-0.021888888888888944,ML,TSB,SCP,seasonal discrete,43.25537885874646,24.0,98.78600000000004,38.931,74.78600000000006,14.930999999999996,86.78600000000004,27.457,2266.6330060000037,174.35295699999998,3,28.928666666666683,9.152333333333333,27.487166738922628,7.62349344679546,3.6160833333333353,1.1440416666666666,3.1160833333333358,0.6221249999999998,ML,TSB,SCP,seasonal discrete,68.36240868342821,2026-07-11 11:04:33.553,0,,
8707,63,60,10664,1,435,Alstroemeria,Fall Assortment,Super Select,,,SeasonalNaive,seasonal_discontinuous_acceptable,seasonal_discontinuous_acceptable_acceptable,acceptable,copy last year,copy last year,success,seasonal_discontinuous_acceptable,NOT_COMPARABLE_MISSING_SCP,1,0,1,0.0,0.0,0.0,0.0,0.0,0.0,,,,,,,0.0,0.0,0.0,0.0,0.0,0.0,,,,,,,,,,,,,,,,,,,,,,,,,,,,,,,,,,,,,,,,,,,,,,,,,,,,,,,,,,,,,,,,,,,,,,,,,,,,,,,,,,,,,,,,,,,,,,,,,,,,,,,,,,,,,,,,,,,,,,,,,,,,,,,,,,,,,,,,,,,,,,,,,,,,,,,,,,,,,,,,,,,,,,,,,,,,,,,,,,,,,,,,,,,,,,2026-07-11 11:04:33.553,0,,NoForecastRowsMaterialized
8708,63,60,10664,1,437,Alstroemeria,Red Assorted,Select,,,AutoETS,seasonal_discontinuous_acceptable,seasonal_discontinuous_acceptable_acceptable,acceptable,seasonal discrete,seasonal discrete,success,seasonal_discontinuous_acceptable,COMPARABLE,1,1,1,0.0,0.0,0.0,0.0,289.0,10.0,0.0,0.0,0.0,59.99900000000002,60.000999999999976,119.99999999999991,2.392999999999998,4.279000000000002,3.0219999999999994,0.0,201.32799999999997,30.131999999999973,0.0,0.0,0.0,59.99900000000002,-228.99900000000002,109.99999999999991,2.392999999999998,4.279000000000002,3.0219999999999994,0.0,-87.67200000000003,20.131999999999973,0.0,0.0,0.0,59.99900000000002,228.99900000000002,109.99999999999991,2.392999999999998,4.279000000000002,3.0219999999999994,0.0,87.67200000000003,20.131999999999973,0.0,0.0,0.0,3599.880001000002,52440.54200100001,12099.999999999982,5.726448999999991,18.309841000000013,9.132483999999996,0.0,7686.379584000005,405.2974239999989,0,0,0,0,1,1,,,,,228.99900000000002,109.99999999999991,,,,,87.67200000000003,20.131999999999973,,,,,228.99900000000002,109.99999999999991,,,,,87.67200000000003,20.131999999999973,,,,,0.7923840830449828,10.999999999999991,,,,,0.30336332179930803,2.013199999999997,,,,,-0.7923840830449828,10.999999999999991,,,,,-0.30336332179930803,2.013199999999997,,,,,ML,ML,,,,,AutoETS,AutoETS,,,,,SCP,SCP,,,,,seasonal discrete,seasonal discrete,,,,,61.71511665989807,81.69818181818182,299.0,239.99999999999991,231.45999999999995,-59.00000000000009,-67.54000000000005,398.99799999999993,107.804,68140.42200199999,8091.677008000003,2,199.49899999999997,53.902,184.58117726626406,63.606906103032564,1.3344414715719062,0.3605484949832776,-0.19732441471571938,-0.22588628762541824,ML,AutoETS,SCP,seasonal discrete,72.98131820209625,0.0,0.0,9.693999999999999,0.0,9.693999999999999,0.0,9.693999999999999,0.0,33.168774,0,,,,,,,,,,,,,,299.0,239.99999999999991,241.15399999999994,-59.000000000000085,-57.846000000000046,398.99799999999993,117.498,68140.42200199999,8124.845782000003,2,199.49899999999997,58.749,184.58117726626406,63.7371390242769,1.3344414715719062,0.39296989966555185,-0.19732441471571935,-0.19346488294314396,ML,AutoETS,SCP,seasonal discrete,70.55173208888264,2026-07-11 11:04:33.553,0,,NoForecastRowsMaterialized
8709,63,60,10664,1,438,Alstroemeria,White,Super Select,,,AutoTheta,smooth_acceptable,smooth_acceptable_acceptable,acceptable,x11 lineal,x11 lineal,success,smooth_acceptable,COMPARABLE,1,1,1,1070.0,1159.0,1151.0,1436.0,1033.0,1452.0,1403.189999999992,1325.7640000000006,1129.7919999999986,1719.2469999999919,1234.0869999999688,1641.2140000000047,1383.8219999999958,1386.1230000000005,1388.2649999999985,1557.8500000000095,1557.6610000000126,1557.4720000000032,333.1899999999921,166.76400000000058,-21.208000000001448,283.2469999999919,201.08699999996884,189.21400000000472,313.8219999999958,227.1230000000005,237.2649999999985,121.85000000000946,524.6610000000126,105.47200000000316,333.1899999999921,166.76400000000058,21.208000000001448,283.2469999999919,201.08699999996884,189.21400000000472,313.8219999999958,227.1230000000005,237.2649999999985,121.85000000000946,524.6610000000126,105.47200000000316,111015.57609999474,27810.23169600019,449.7792640000614,80228.86300899541,40435.98156898747,35801.93779600179,98484.24768399737,51584.85712900023,56294.68022499929,14847.422500002305,275269.1649210132,11124.342784000668,1,1,1,1,1,1,333.1899999999921,166.76400000000058,21.208000000001448,283.2469999999919,201.08699999996884,189.21400000000472,313.8219999999958,227.1230000000005,237.2649999999985,121.85000000000946,524.6610000000126,105.47200000000316,333.1899999999921,166.76400000000058,21.208000000001448,283.2469999999919,201.08699999996884,189.21400000000472,313.8219999999958,227.1230000000005,237.2649999999985,121.85000000000946,524.6610000000126,105.47200000000316,0.3113925233644786,0.14388610871440946,0.01842571676802906,0.19724721448467403,0.19466311713452936,0.1303126721763118,0.2932915887850428,0.19596462467644565,0.20613814074717507,0.08485376044568904,0.5079002904162755,0.07263911845730245,0.3113925233644786,0.14388610871440946,-0.01842571676802906,0.19724721448467403,0.19466311713452936,0.1303126721763118,0.2932915887850428,0.19596462467644565,0.20613814074717507,0.08485376044568904,0.5079002904162755,0.07263911845730245,ML,SCP,SCP,ML,SCP,ML,AutoTheta,x11 lineal,x11 lineal,AutoTheta,x11 lineal,AutoTheta,SCP,ML,ML,SCP,ML,SCP,x11 lineal,AutoTheta,AutoTheta,x11 lineal,AutoTheta,x11 lineal,5.812899546804153,26.57546791826447,91.06147135059886,56.98100950759834,61.67296597232041,44.257824473875864,3921.0,4594.547999999965,4672.983000000026,673.5479999999654,751.9830000000252,673.5479999999654,751.9830000000252,156466.78237398466,301240.93020501616,3,224.51599999998848,250.66100000000839,228.3759928816108,316.88111872068373,0.1717796480489583,0.19178347360367895,0.1717796480489583,0.19178347360367895,SCP,x11 lineal,ML,AutoTheta,10.430421964333911,3380.0,3858.745999999991,4158.209999999995,478.7459999999912,778.2099999999948,521.1619999999941,778.2099999999948,139275.58705999498,206363.7850379969,3,173.7206666666647,259.4033333333316,215.46506836762424,262.27452858788814,0.15418994082840062,0.23023964497041266,0.14164082840236428,0.23023964497041266,SCP,x11 lineal,ML,AutoTheta,33.03067295460125,7301.0,8453.293999999956,8831.19300000002,1152.2939999999567,1530.19300000002,1194.7099999999596,1530.19300000002,295742.3694339797,507604.71524301305,6,199.1183333333266,255.03216666667,222.01440247349558,290.8621423867938,0.16363648815230236,0.20958676893576497,0.1578268730310857,0.20958676893576497,SCP,x11 lineal,ML,AutoTheta,21.92422785884239,2026-07-11 11:04:33.553,0,,
8710,63,60,10664,1,439,Anthurium,Burgundy,Small,,,,,,,copy last year,copy last year,success,,NOT_COMPARABLE_MISSING_SCP_AND_ML,1,0,0,0.0,60.0,0.0,0.0,0.0,0.0,,,,,,,,,,,,,,,,,,,,,,,,,,,,,,,,,,,,,,,,,,,,,,,,,,,,,,,,,,,,,,,,,,,,,,,,,,,,,,,,,,,,,,,,,,,,,,,,,,,,,,,,,,,,,,,,,,,,,,,,,,,,,,,,,,,,,,,,,,,,,,,,,,,,,,,,,,,,,,,,,,,,,,,,,,,,,,,,,,,,,,,,,,,,,,,,,,,,,,,,,,2026-07-11 11:04:33.553,1,ShortSeries,NoForecastRowsMaterialized
8711,63,60,10664,1,441,Anthurium,White,Large,,,SeasonalNaive,smooth_acceptable,smooth_acceptable_acceptable,acceptable,x11 lineal,x11 lineal,success,smooth_acceptable,COMPARABLE,1,1,1,340.0,445.0,390.0,270.0,310.0,125.0,338.8909999999999,240.61700000000022,205.34499999999935,324.73800000000074,431.53000000000054,238.75200000000004,410.0000000000007,270.0,259.9990000000001,301.0669999999995,331.52200000000045,200.26699999999965,-1.1090000000000941,-204.38299999999978,-184.65500000000065,54.73800000000074,121.53000000000054,113.75200000000004,70.00000000000068,-175.0,-130.00099999999992,31.066999999999496,21.522000000000446,75.26699999999965,1.1090000000000941,204.38299999999978,184.65500000000065,54.73800000000074,121.53000000000054,113.75200000000004,70.00000000000068,175.0,130.00099999999992,31.066999999999496,21.522000000000446,75.26699999999965,1.2298810000002087,41772.41068899991,34097.46902500024,2996.2486440000807,14769.540900000131,12939.517504000009,4900.0000000000955,30625.0,16900.26000099998,965.1584889999687,463.1964840000192,5665.121288999948,1,1,1,1,1,1,1.1090000000000941,204.38299999999978,184.65500000000065,54.73800000000074,121.53000000000054,113.75200000000004,70.00000000000068,175.0,130.00099999999992,31.066999999999496,21.522000000000446,75.26699999999965,1.1090000000000941,204.38299999999978,184.65500000000065,54.73800000000074,121.53000000000054,113.75200000000004,70.00000000000068,175.0,130.00099999999992,31.066999999999496,21.522000000000446,75.26699999999965,0.0032617647058826296,0.4592876404494377,0.47347435897436063,0.20273333333333607,0.39203225806451786,0.9100160000000003,0.2058823529411785,0.39325842696629215,0.33333589743589725,0.11506296296296109,0.06942580645161434,0.6021359999999972,-0.0032617647058826296,-0.4592876404494377,-0.47347435897436063,0.20273333333333607,0.39203225806451786,0.9100160000000003,0.2058823529411785,-0.39325842696629215,-0.33333589743589725,0.11506296296296109,0.06942580645161434,0.6021359999999972,SCP,ML,ML,ML,ML,ML,x11 lineal,SeasonalNaive,SeasonalNaive,SeasonalNaive,SeasonalNaive,SeasonalNaive,ML,SCP,SCP,SCP,SCP,SCP,SeasonalNaive,x11 lineal,x11 lineal,x11 lineal,x11 lineal,x11 lineal,98.41571428571416,14.37644031059325,29.597898784219506,43.244181373088026,82.29079239693874,33.83237217807192,705.0,995.0200000000013,832.8559999999995,290.02000000000135,127.8559999999996,290.02000000000135,127.8559999999996,30705.30704800022,7093.476261999936,3,96.67333333333379,42.618666666666535,101.16868265097361,48.62604330328874,0.4113758865248246,0.18135602836879375,0.4113758865248246,0.18135602836879375,ML,SeasonalNaive,SCP,x11 lineal,55.91476449900041,1175.0,784.8529999999994,939.9990000000007,-390.14700000000056,-235.00099999999924,390.14700000000056,375.0010000000006,75871.10959500016,52425.260001000075,3,130.04900000000018,125.00033333333353,159.02946225464026,132.19336846831624,0.3320400000000005,0.3191497872340431,-0.3320400000000005,-0.20000085106382914,ML,SeasonalNaive,SCP,x11 lineal,3.8821264805316833,1880.0,1779.873000000001,1772.8550000000002,-100.12699999999919,-107.14499999999964,680.1670000000018,502.8570000000002,106576.41664300037,59518.73626300001,6,113.36116666666697,83.80950000000003,133.27691513224158,99.5981394262296,0.3617909574468095,0.2674771276595746,-0.053259042553191055,-0.056992021276595556,ML,SeasonalNaive,SCP,x11 lineal,26.06859785905537,2026-07-11 11:04:33.553,0,,
8712,63,60,10664,1,443,Orchids,Pink,Super,,,AutoARIMA,smooth_acceptable,smooth_acceptable_acceptable,acceptable,x11 lineal,x11 lineal,success,smooth_acceptable,COMPARABLE,1,1,1,74.0,233.0,99.0,129.0,109.0,84.0,67.08800000000005,142.60400000000038,87.88799999999978,49.037000000000056,109.28400000000018,127.6130000000002,102.82200000000017,102.82199999999982,113.77899999999983,68.00000000000023,152.00000000000003,174.99900000000005,-6.911999999999949,-90.39599999999962,-11.112000000000222,-79.96299999999994,0.28400000000017656,43.6130000000002,28.822000000000173,-130.17800000000017,14.778999999999826,-60.99999999999977,43.00000000000003,90.99900000000005,6.911999999999949,90.39599999999962,11.112000000000222,79.96299999999994,0.28400000000017656,43.6130000000002,28.822000000000173,130.17800000000017,14.778999999999826,60.99999999999977,43.00000000000003,90.99900000000005,47.7757439999993,8171.43681599993,123.47654400000494,6394.0813689999895,0.08065600000010029,1902.0937690000173,830.70768400001,16946.311684000044,218.41884099999484,3720.9999999999723,1849.0000000000025,8280.818001000009,1,1,1,1,1,1,6.911999999999949,90.39599999999962,11.112000000000222,79.96299999999994,0.28400000000017656,43.6130000000002,28.822000000000173,130.17800000000017,14.778999999999826,60.99999999999977,43.00000000000003,90.99900000000005,6.911999999999949,90.39599999999962,11.112000000000222,79.96299999999994,0.28400000000017656,43.6130000000002,28.822000000000173,130.17800000000017,14.778999999999826,60.99999999999977,43.00000000000003,90.99900000000005,0.09340540540540472,0.38796566523604986,0.11224242424242649,0.6198682170542631,0.002605504587157583,0.5192023809523834,0.3894864864864888,0.558703862660945,0.14928282828282652,0.4728682170542618,0.39449541284403694,1.0833214285714292,-0.09340540540540472,-0.38796566523604986,-0.11224242424242649,-0.6198682170542631,0.002605504587157583,0.5192023809523834,0.3894864864864888,-0.558703862660945,0.14928282828282652,-0.4728682170542618,0.39449541284403694,1.0833214285714292,SCP,SCP,SCP,ML,SCP,SCP,x11 lineal,x11 lineal,x11 lineal,AutoARIMA,x11 lineal,x11 lineal,ML,ML,ML,SCP,ML,ML,AutoARIMA,AutoARIMA,AutoARIMA,x11 lineal,AutoARIMA,AutoARIMA,76.01831933939384,30.559695186591057,24.812233574664365,23.714718057101635,99.33953488372053,52.07309970439217,322.0,285.9340000000004,394.9990000000003,-36.06599999999956,72.99900000000031,123.86000000000031,194.99899999999985,8296.255794000008,13850.818000999983,3,41.28666666666677,64.99966666666661,52.58724748453756,67.948063501962,0.3846583850931687,0.6055869565217387,-0.11200621118012287,0.22670496894410033,SCP,x11 lineal,ML,AutoARIMA,36.48172554731029,406.0,297.5800000000002,319.42299999999983,-108.41999999999979,-86.57700000000017,108.41999999999979,173.77900000000017,8342.689103999934,17995.43820900005,3,36.13999999999993,57.92633333333339,52.73420491483661,77.44985089075392,0.26704433497536895,0.4280270935960595,-0.26704433497536895,-0.21324384236453245,SCP,x11 lineal,ML,AutoARIMA,37.61041322599411,728.0,583.5140000000006,714.4220000000001,-144.48599999999934,-13.57799999999986,232.28000000000011,368.778,16638.944897999943,31846.25621000003,6,38.71333333333335,61.463,52.66077746292767,72.85402781132514,0.3190659340659342,0.5065631868131868,-0.19846978021977932,-0.01865109890109871,SCP,x11 lineal,ML,AutoARIMA,37.01359625574191,2026-07-11 11:04:33.553,0,,
8713,63,60,10664,1,444,Orchids,Variegated Purple,Super,,,SeasonalNaive,smooth_acceptable,smooth_acceptable_acceptable,acceptable,x11 lineal,x11 lineal,success,smooth_acceptable,COMPARABLE,1,1,1,160.0,277.0,221.0,150.0,257.0,124.0,165.46599999999953,221.45900000000015,158.139000000001,111.7449999999999,219.8930000000004,132.23399999999964,196.00000000000102,259.7010000000016,180.9999999999995,155.36999999999995,155.36999999999992,155.36999999999964,5.465999999999525,-55.540999999999855,-62.860999999998995,-38.255000000000095,-37.1069999999996,8.23399999999964,36.00000000000102,-17.298999999998387,-40.00000000000051,5.369999999999948,-101.63000000000008,31.369999999999635,5.465999999999525,55.540999999999855,62.860999999998995,38.255000000000095,37.1069999999996,8.23399999999964,36.00000000000102,17.298999999998387,40.00000000000051,5.369999999999948,101.63000000000008,31.369999999999635,29.87715599999481,3084.8026809999837,3951.5053209998737,1463.4450250000073,1376.9294489999704,67.79875599999406,1296.0000000000737,299.2554009999442,1600.000000000041,28.83689999999944,10328.656900000016,984.0768999999771,1,1,1,1,1,1,5.465999999999525,55.540999999999855,62.860999999998995,38.255000000000095,37.1069999999996,8.23399999999964,36.00000000000102,17.298999999998387,40.00000000000051,5.369999999999948,101.63000000000008,31.369999999999635,5.465999999999525,55.540999999999855,62.860999999998995,38.255000000000095,37.1069999999996,8.23399999999964,36.00000000000102,17.298999999998387,40.00000000000051,5.369999999999948,101.63000000000008,31.369999999999635,0.03416249999999703,0.2005090252707576,0.2844389140271448,0.25503333333333394,0.14438521400778054,0.06640322580644871,0.2250000000000064,0.062451263537900314,0.1809954751131245,0.03579999999999965,0.39544747081712095,0.252983870967739,0.03416249999999703,-0.2005090252707576,-0.2844389140271448,-0.25503333333333394,-0.14438521400778054,0.06640322580644871,0.2250000000000064,-0.062451263537900314,-0.1809954751131245,0.03579999999999965,-0.39544747081712095,0.252983870967739,SCP,ML,ML,ML,SCP,SCP,x11 lineal,SeasonalNaive,SeasonalNaive,SeasonalNaive,x11 lineal,x11 lineal,ML,SCP,SCP,SCP,ML,ML,SeasonalNaive,x11 lineal,x11 lineal,x11 lineal,SeasonalNaive,SeasonalNaive,84.81666666666843,68.85363965359205,36.36754108270445,85.96261926545566,63.48814326478445,73.75199234937924,531.0,463.87199999999996,466.1099999999995,-67.12800000000006,-64.8900000000005,83.59599999999934,138.36999999999966,2908.1732299999717,11341.570699999993,3,27.865333333333112,46.12333333333322,31.135045795159147,61.485962354562396,0.15743126177024358,0.26058380414312554,-0.1264180790960453,-0.1222033898305094,SCP,x11 lineal,ML,SeasonalNaive,39.58517019585203,658.0,545.0640000000006,636.7010000000021,-112.93599999999932,-21.298999999997875,123.86799999999837,93.29899999999992,7066.185157999853,3195.2554010000586,3,41.28933333333279,31.09966666666664,48.53241239281866,32.63564207529379,0.18824924012157807,0.1417917933130698,-0.17163525835866159,-0.032369300911850876,ML,SeasonalNaive,SCP,x11 lineal,24.67869021861889,1189.0,1008.9360000000006,1102.8110000000015,-180.06399999999937,-86.18899999999837,207.4639999999977,231.66899999999958,9974.358387999824,14536.826101000051,6,34.57733333333295,38.61149999999993,40.77245472946947,49.2219905140647,0.17448612279226047,0.19484356602186675,-0.15144154751892294,-0.0724886459209406,SCP,x11 lineal,ML,SeasonalNaive,10.448096206226086,2026-07-11 11:04:33.553,0,,
"8714,63,60,10664,1,446,Protea,Green,""80cm"",,,,,,,preserve current forecast,preserve current forecast,success,,NOT_COMPARABLE_ML_EXCLUDED,1,1,0,0.0,0.0,0.0,0.0,0.0,0.0,0.0,59.0,0.0,0.0,0.0,0.0,,,,,,,,,,,,,,,,,,,,,,,,,,,,,,,,,,,,,,,,,,,,,,,,,,,,,,,,,,,,,,,,,,,,,,,,,,,,,,,,,,,,,,,,,,,,,,,,,,,,,,,,,,,,,,,,,,,,,,,,,,,,,,,,,,,,,,,,,,,,,,,,,,,,,,,,,,,,,,,,,,,,,,,,,,,,,,,,,,,,,,,,,,,,,,,,,,,,2026-07-11 11:04:33.553,1,MissingHistory,NoForecastRowsMaterialized"
8715,63,60,10664,1,447,Protea,Orange,Select,,,MovingAverage12M,smooth_acceptable,smooth_acceptable_acceptable,acceptable,seasonal discrete,seasonal discrete,success,smooth_acceptable,COMPARABLE,1,1,1,1047.0,479.0,231.0,400.0,480.0,137.0,603.894999999999,99.63299999999975,259.8350000000001,102.20500000000027,429.3120000000018,665.4780000000001,550.0000000000006,550.000000000001,550.0000000000006,775.2779999999997,775.2780000000007,775.2770000000011,-443.10500000000104,-379.36700000000025,28.835000000000093,-297.79499999999973,-50.687999999998226,528.4780000000001,-496.99999999999943,71.00000000000102,319.00000000000057,375.2779999999997,295.2780000000007,638.2770000000011,443.10500000000104,379.36700000000025,28.835000000000093,297.79499999999973,50.687999999998226,528.4780000000001,496.99999999999943,71.00000000000102,319.00000000000057,375.2779999999997,295.2780000000007,638.2770000000011,196342.04102500092,143919.3206890002,831.4572250000053,88681.86202499983,2569.27334399982,279288.99648400006,247008.99999999945,5041.0000000001455,101761.00000000036,140833.57728399977,87189.09728400041,407397.52872900135,1,1,1,1,1,1,443.10500000000104,379.36700000000025,28.835000000000093,297.79499999999973,50.687999999998226,528.4780000000001,496.99999999999943,71.00000000000102,319.00000000000057,375.2779999999997,295.2780000000007,638.2770000000011,443.10500000000104,379.36700000000025,28.835000000000093,297.79499999999973,50.687999999998226,528.4780000000001,496.99999999999943,71.00000000000102,319.00000000000057,375.2779999999997,295.2780000000007,638.2770000000011,0.42321394460363043,0.7919979123173283,0.12482683982684023,0.7444874999999993,0.10559999999999631,3.857503649635037,0.4746895893027693,0.1482254697286034,1.3809523809523834,0.9381949999999992,0.6151625000000015,4.65895620437957,-0.42321394460363043,-0.7919979123173283,0.12482683982684023,-0.7444874999999993,-0.10559999999999631,3.857503649635037,-0.4746895893027693,0.1482254697286034,1.3809523809523834,0.9381949999999992,0.6151625000000015,4.65895620437957,SCP,ML,SCP,SCP,SCP,SCP,seasonal discrete,MovingAverage12M,seasonal discrete,seasonal discrete,seasonal discrete,seasonal discrete,ML,SCP,ML,ML,ML,ML,MovingAverage12M,seasonal discrete,MovingAverage12M,MovingAverage12M,MovingAverage12M,MovingAverage12M,10.844064386317593,81.28461357998957,90.96081504702194,20.646827152137888,82.8338040761594,17.20240585200483,1017.0,1196.9950000000022,2325.8330000000014,179.9950000000021,1308.8330000000014,876.9609999999981,1308.8330000000014,370540.1318529997,635420.2032970015,3,292.3203333333327,436.27766666666713,351.4447001796061,460.2246564802171,0.8623018682399195,1.2869547689282217,0.17698623402163433,1.2869547689282217,SCP,seasonal discrete,ML,MovingAverage12M,32.99672303494815,1757.0,963.3629999999988,1650.0000000000023,-793.6370000000012,-106.99999999999784,851.3070000000014,887.000000000001,341092.81893900107,353810.99999999994,3,283.76900000000046,295.666666666667,337.19075656518277,343.41956845817623,0.48452305065452556,0.5048377916903819,-0.45170005691519705,-0.060899260102446125,SCP,seasonal discrete,ML,MovingAverage12M,4.024013528748541,2774.0,2160.3580000000006,3975.8330000000037,-613.6419999999994,1201.8330000000037,1728.2679999999996,2195.8330000000024,711632.9507920009,989231.2032970015,6,288.0446666666666,365.9721666666671,344.39148043856545,406.04416904588953,0.6230237923576062,0.7915764239365546,-0.2212119682768563,0.43324909877433443,SCP,seasonal discrete,ML,MovingAverage12M,21.2932859648253,2026-07-11 11:04:33.553,0,,
"8716,63,60,10664,1,450,Roses,Red,""60-70cm"",,,AutoARIMA,seasonal_discontinuous_acceptable,seasonal_discontinuous_acceptable_acceptable,acceptable,syntetos-boylan,syntetos-boylan,success,seasonal_discontinuous_acceptable,NOT_COMPARABLE_NO_HISTORY,1,1,1,0.0,0.0,0.0,0.0,0.0,0.0,1000.0009999999994,2000.0000000000027,999.9990000000038,499.9999999999995,0.0,0.0,0.0,5850.000000000012,199.99900000000034,0.0,0.0,0.0,,,,,,,,,,,,,,,,,,,,,,,,,,,,,,,,,,,,,,,,,,,,,,,,,,,,,,,,,,,,,,,,,,,,,,,,,,,,,,,,,,,,,,,,,,,,,,,,,,,,,,,,,,,,,,,,,,,,,,,,,,,,,,,,,,,,,,,,,,,,,,,,,,,,,,,,,,,,,,,,,,,,,,,,,,,,,,,,,,,,,,,,,,,,,,2026-07-11 11:04:33.553,0,,"
"8717,63,60,10664,1,451,Roses,White,""40cm"",,,AutoETS,smooth_acceptable,smooth_acceptable_acceptable,acceptable,x11 lineal,x11 lineal,success,smooth_acceptable,COMPARABLE,1,1,1,75425.0,87487.0,77889.0,36346.0,22325.0,27611.0,65671.79499999862,74681.38200000161,47025.182000002125,38990.35299999952,27066.47499999985,36798.58699999962,81006.78300000053,95188.92699999978,55675.32799999979,31674.99900000023,20925.000999999345,35268.768,-9753.205000001384,-12805.617999998387,-30863.817999997875,2644.3529999995226,4741.474999999849,9187.586999999621,5581.783000000534,7701.926999999778,-22213.67200000021,-4671.000999999771,-1399.9990000006546,7657.767999999996,9753.205000001384,12805.617999998387,30863.817999997875,2644.3529999995226,4741.474999999849,9187.586999999621,5581.783000000534,7701.926999999778,22213.67200000021,4671.000999999771,1399.9990000006546,7657.767999999996,95125007.772052,163983852.3618827,952575261.5369928,6992602.788606475,22481585.175623573,84411754.88256204,31156301.459094964,59319679.51332558,493447223.7235933,21818250.34199886,1959997.200002833,58641410.74182394,1,1,1,1,1,1,9753.205000001384,12805.617999998387,30863.817999997875,2644.3529999995226,4741.474999999849,9187.586999999621,5581.783000000534,7701.926999999778,22213.67200000021,4671.000999999771,1399.9990000006546,7657.767999999996,9753.205000001384,12805.617999998387,30863.817999997875,2644.3529999995226,4741.474999999849,9187.586999999621,5581.783000000534,7701.926999999778,22213.67200000021,4671.000999999771,1399.9990000006546,7657.767999999996,0.1293099767981622,0.1463716666475978,0.3962538741028627,0.07275499367191775,0.21238409854422619,0.3327509688167622,0.07400441498177705,0.08803510235806208,0.2851965232574588,0.1285148572057385,0.06270992161257131,0.2773448263373292,-0.1293099767981622,-0.1463716666475978,-0.3962538741028627,0.07275499367191775,0.21238409854422619,0.3327509688167622,0.07400441498177705,0.08803510235806208,-0.2851965232574588,-0.1285148572057385,-0.06270992161257131,0.2773448263373292,ML,ML,ML,SCP,ML,ML,AutoETS,AutoETS,AutoETS,x11 lineal,AutoETS,AutoETS,SCP,SCP,SCP,ML,SCP,SCP,x11 lineal,x11 lineal,x11 lineal,AutoETS,x11 lineal,x11 lineal,42.769756198093425,39.85509328795575,28.026817680166015,43.38787339159953,70.47334426521917,16.65093348231355,86282.0,102855.41499999899,87868.76799999957,16573.414999998993,1586.7679999995707,16573.414999998993,13728.768000000422,113885942.84679209,82419658.28382564,3,5524.471666666331,4576.25600000014,6161.329479011059,5241.4901915334995,0.1920842701838042,0.15911508773556968,0.1920842701838042,0.0183904870077139,ML,AutoETS,SCP,x11 lineal,17.16391582542731,240801.0,187378.35900000235,231871.03800000012,-53422.640999997646,-8929.961999999898,53422.640999997646,35497.38200000052,1211684121.6709275,583923204.6960139,3,17807.546999999216,11832.46066666684,20097.131815849807,13951.382305420659,0.22185390010837847,0.1474137648930051,-0.22185390010837847,-0.03708440579565657,ML,AutoETS,SCP,x11 lineal,33.553674368135255,327083.0,290233.7740000014,319739.8059999997,-36849.225999998656,-7343.194000000327,69996.05599999664,49226.15000000094,1325570064.5177197,666342862.9798393,6,11666.009333332773,8204.35833333349,14863.658502747116,10538.365330067714,0.21400089885440893,0.150500484586484,-0.11266016882564565,-0.022450552306296345,ML,AutoETS,SCP,x11 lineal,29.672966145402093,2026-07-11 11:04:33.553,0,,"
8718,63,60,10664,1,452,Alstroemeria,Assorted,Super Select,,,AutoTheta,smooth_acceptable,smooth_acceptable_acceptable,acceptable,x11 lineal,x11 lineal,success,smooth_acceptable,COMPARABLE,1,1,1,2832.0,4881.0,3526.0,3587.0,2197.0,2856.0,2260.7779999999652,3680.70099999999,2832.850999999953,2957.7890000000393,2641.2569999999905,3045.7000000000403,3040.6369999999856,3105.033999999969,3169.4300000000017,3267.6749999999943,2937.442999999997,3521.986000000002,-571.2220000000348,-1200.29900000001,-693.1490000000472,-629.2109999999607,444.2569999999905,189.7000000000403,208.63699999998562,-1775.9660000000308,-356.56999999999834,-319.32500000000573,740.442999999997,665.9860000000022,571.2220000000348,1200.29900000001,693.1490000000472,629.2109999999607,444.2569999999905,189.7000000000403,208.63699999998562,1775.9660000000308,356.56999999999834,319.32500000000573,740.442999999997,665.9860000000022,326294.57328403974,1440717.689401024,480455.5362010654,395906.4825209505,197364.28204899156,35986.09000001528,43529.397768994,3154055.233156109,127142.16489999882,101968.45562500365,548255.8362489956,443537.35219600284,1,1,1,1,1,1,571.2220000000348,1200.29900000001,693.1490000000472,629.2109999999607,444.2569999999905,189.7000000000403,208.63699999998562,1775.9660000000308,356.56999999999834,319.32500000000573,740.442999999997,665.9860000000022,571.2220000000348,1200.29900000001,693.1490000000472,629.2109999999607,444.2569999999905,189.7000000000403,208.63699999998562,1775.9660000000308,356.56999999999834,319.32500000000573,740.442999999997,665.9860000000022,0.2017026836158315,0.24591251792665642,0.1965822461713123,0.17541427376636762,0.20221074192079677,0.0664215686274651,0.07367125706214181,0.36385289899611367,0.10112592172433306,0.08902286032896731,0.3370245789713232,0.2331883753501408,-0.2017026836158315,-0.24591251792665642,-0.1965822461713123,-0.17541427376636762,0.20221074192079677,0.0664215686274651,0.07367125706214181,-0.36385289899611367,-0.10112592172433306,-0.08902286032896731,0.3370245789713232,0.2331883753501408,ML,SCP,ML,ML,SCP,SCP,AutoTheta,x11 lineal,AutoTheta,AutoTheta,x11 lineal,x11 lineal,SCP,ML,SCP,SCP,ML,ML,x11 lineal,AutoTheta,x11 lineal,x11 lineal,AutoTheta,AutoTheta,63.47532132866506,32.41430297652156,48.55795795709522,49.249933647055485,40.00118847770966,71.51591775201885,8640.0,8644.74600000007,9727.103999999994,4.746000000070126,1087.1039999999934,1263.1679999999915,1725.754000000005,629256.8545699574,1093761.644070002,3,421.05599999999714,575.251333333335,457.9872103636219,603.8105784846773,0.14619999999999903,0.19974004629629685,0.0005493055555637,0.12582222222222147,SCP,x11 lineal,ML,AutoTheta,26.804863265564617,11239.0,8774.329999999909,9315.100999999957,-2464.670000000092,-1923.8990000000435,2464.670000000092,2341.173000000015,2247467.798886129,3324726.795825102,3,821.5566666666973,780.391000000005,865.5379442647463,1052.7308607973046,0.21929620072961045,0.20830794554675813,-0.21929620072961045,-0.17118062105169887,ML,AutoTheta,SCP,x11 lineal,5.010691086436424,19879.0,17419.07599999998,19042.20499999995,-2459.924000000022,-836.7950000000501,3727.8380000000834,4066.9270000000197,2876724.6534560863,4418488.439895105,6,621.3063333333472,677.8211666666699,692.426247992772,858.1461064309023,0.18752643493133878,0.20458408370642486,-0.12374485638110679,-0.04209442124855627,SCP,x11 lineal,ML,AutoTheta,8.337720347572866,2026-07-11 11:04:33.553,0,,
8719,63,60,10664,1,454,Alstroemeria,Red,Super Select,,,AutoETS,smooth_acceptable,smooth_acceptable_acceptable,acceptable,x11 lineal,x11 lineal,success,smooth_acceptable,COMPARABLE,1,1,1,193.0,268.0,265.0,234.0,675.0,288.0,486.9230000000033,517.803000000002,327.83299999999855,577.1970000000003,1215.8329999999955,680.1399999999911,411.49700000000195,410.8169999999991,278.6610000000006,382.001,1076.9990000000005,490.0009999999966,293.9230000000033,249.80300000000204,62.83299999999855,343.19700000000034,540.8329999999955,392.1399999999911,218.49700000000195,142.8169999999991,13.661000000000627,148.00099999999998,401.9990000000005,202.00099999999662,293.9230000000033,249.80300000000204,62.83299999999855,343.19700000000034,540.8329999999955,392.1399999999911,218.49700000000195,142.8169999999991,13.661000000000627,148.00099999999998,401.9990000000005,202.00099999999662,86390.72992900194,62401.538809001024,3947.9858889998177,117784.18080900023,292500.33388899517,153773.77959999302,47740.93900900085,20396.695488999743,186.62292100001713,21904.29600099999,161603.19600100038,40804.404000998635,1,1,1,1,1,1,293.9230000000033,249.80300000000204,62.83299999999855,343.19700000000034,540.8329999999955,392.1399999999911,218.49700000000195,142.8169999999991,13.661000000000627,148.00099999999998,401.9990000000005,202.00099999999662,293.9230000000033,249.80300000000204,62.83299999999855,343.19700000000034,540.8329999999955,392.1399999999911,218.49700000000195,142.8169999999991,13.661000000000627,148.00099999999998,401.9990000000005,202.00099999999662,1.5229170984456128,0.9321007462686643,0.237105660377353,1.4666538461538476,0.8012340740740674,1.3615972222221915,1.1321088082901656,0.53289925373134,0.05155094339622878,0.6324829059829059,0.5955540740740748,0.7013923611110994,1.5229170984456128,0.9321007462686643,0.237105660377353,1.4666538461538476,0.8012340740740674,1.3615972222221915,1.1321088082901656,0.53289925373134,0.05155094339622878,0.6324829059829059,0.5955540740740748,0.7013923611110994,ML,ML,ML,ML,ML,ML,AutoETS,AutoETS,AutoETS,AutoETS,AutoETS,AutoETS,SCP,SCP,SCP,SCP,SCP,SCP,x11 lineal,x11 lineal,x11 lineal,x11 lineal,x11 lineal,x11 lineal,25.661822994457893,42.82814858108272,78.25824009676293,56.87578854127517,25.67040102952227,48.48752996378814,1197.0,2473.1699999999873,1949.000999999997,1276.1699999999869,752.000999999997,1276.1699999999869,752.000999999997,564058.2942979884,224311.89600299898,3,425.3899999999956,250.666999999999,433.6120748234103,273.4421913330122,1.066140350877182,0.6282380952380927,1.066140350877182,0.6282380952380927,ML,AutoETS,SCP,x11 lineal,41.07360304661568,726.0,1332.5590000000038,1100.9750000000017,606.5590000000038,374.97500000000167,606.5590000000038,374.97500000000167,152740.25462700278,68324.25741900061,3,202.1863333333346,124.99166666666723,225.6400190768493,150.91306263210024,0.8354807162534488,0.516494490358129,0.8354807162534488,0.516494490358129,ML,AutoETS,SCP,x11 lineal,38.179962707667464,1923.0,3805.728999999991,3049.9759999999987,1882.7289999999907,1126.9759999999987,1882.7289999999907,1126.9759999999987,716798.5489249912,292636.15342199965,6,313.7881666666651,187.82933333333312,345.63915406219803,220.84540347718342,0.9790582423296884,0.5860509620384808,0.9790582423296884,0.5860509620384808,ML,AutoETS,SCP,x11 lineal,40.14135863419514,2026-07-11 11:04:33.553,0,,
8720,63,60,10664,1,455,Alstroemeria,Salmon,Premium,,,HistoricAverage,intermittent_recentRelease,intermittent_recentRelease_recentRelease,recentRelease,seasonal discrete,seasonal discrete,success,intermittent_recentRelease,COMPARABLE,1,1,1,37.0,20.0,0.0,0.0,0.0,40.0,71.0,46.0,20.0,0.0,0.0,0.0,33.666999999999966,33.66699999999995,33.666000000000004,40.44499999999994,40.443999999999996,40.444999999999986,34.0,26.0,20.0,0.0,0.0,-40.0,-3.333000000000034,13.666999999999952,33.666000000000004,40.44499999999994,40.443999999999996,0.4449999999999861,34.0,26.0,20.0,0.0,0.0,40.0,3.333000000000034,13.666999999999952,33.666000000000004,40.44499999999994,40.443999999999996,0.4449999999999861,1156.0,676.0,400.0,0.0,0.0,1600.0,11.108889000000227,186.7868889999987,1133.3995560000003,1635.7980249999955,1635.7171359999995,0.1980249999999876,1,1,0,0,0,1,34.0,26.0,,,,40.0,3.333000000000034,13.666999999999952,,,,0.4449999999999861,34.0,26.0,,,,40.0,3.333000000000034,13.666999999999952,,,,0.4449999999999861,0.918918918918919,1.3,,,,1.0,0.090081081081082,0.6833499999999976,,,,0.011124999999999653,0.918918918918919,1.3,,,,-1.0,-0.090081081081082,0.6833499999999976,,,,0.011124999999999653,ML,ML,,,,ML,HistoricAverage,HistoricAverage,,,,HistoricAverage,SCP,SCP,,,,SCP,seasonal discrete,seasonal discrete,,,,seasonal discrete,90.1970588235293,47.434615384615576,,,,98.88750000000005,40.0,0.0,121.33399999999992,-40.0,81.33399999999992,40.0,81.33399999999992,1600.0,3271.713185999995,1,40.0,81.33399999999992,40.0,57.19889147527245,1.0,2.0333499999999978,-1.0,2.0333499999999978,SCP,seasonal discrete,ML,HistoricAverage,50.820075245284826,57.0,137.0,100.99999999999991,80.0,43.99999999999992,80.0,50.66599999999999,2232.0,1331.2953339999992,2,40.0,25.332999999999995,33.406586176980134,25.800148584843452,1.4035087719298245,0.8888771929824559,1.4035087719298245,0.7719298245614021,ML,HistoricAverage,SCP,seasonal discrete,36.66750000000001,97.0,137.0,222.33399999999983,40.0,125.33399999999986,120.0,131.99999999999991,3832.0,4603.008519999994,3,40.0,43.99999999999997,35.739800409813895,39.17060343335716,1.2371134020618557,1.3608247422680404,0.41237113402061853,1.2921030927835038,SCP,seasonal discrete,ML,HistoricAverage,9.090909090909031,2026-07-11 11:04:33.553,0,,NoForecastRowsMaterialized
8721,63,60,10664,1,456,Alstroemeria,White,Premium,,,AutoETS,smooth_acceptable,smooth_acceptable_acceptable,acceptable,x11 lineal,x11 lineal,success,smooth_acceptable,COMPARABLE,1,1,1,2010.0,3091.0,2223.0,1849.0,2592.0,2068.0,1964.7659999999782,2470.757000000003,1936.4039999999877,1576.580000000038,2295.703000000052,1767.3200000000206,1642.2799999999681,2265.6899999999923,1767.54,1948.1000000000138,2209.1219999999753,2325.5980000000322,-45.23400000002175,-620.2429999999972,-286.5960000000123,-272.4199999999621,-296.2969999999482,-300.6799999999794,-367.72000000003186,-825.3100000000077,-455.46000000000004,99.10000000001378,-382.8780000000247,257.59800000003224,45.23400000002175,620.2429999999972,286.5960000000123,272.4199999999621,296.2969999999482,300.6799999999794,367.72000000003186,825.3100000000077,455.46000000000004,99.10000000001378,382.8780000000247,257.59800000003224,2046.1147560019679,384701.37904899655,82137.26721600704,74212.65639997936,87791.9122089693,90408.46239998759,135217.99840002344,681136.5961000127,207443.81160000004,9820.810000002732,146595.56288401893,66356.72960401661,1,1,1,1,1,1,45.23400000002175,620.2429999999972,286.5960000000123,272.4199999999621,296.2969999999482,300.6799999999794,367.72000000003186,825.3100000000077,455.46000000000004,99.10000000001378,382.8780000000247,257.59800000003224,45.23400000002175,620.2429999999972,286.5960000000123,272.4199999999621,296.2969999999482,300.6799999999794,367.72000000003186,825.3100000000077,455.46000000000004,99.10000000001378,382.8780000000247,257.59800000003224,0.02250447761195112,0.20066095114849472,0.12892307692308244,0.14733369388856793,0.11431211419751088,0.1453965183752318,0.18294527363185664,0.26700420575865663,0.20488529014844806,0.05359653866955856,0.1477152777777873,0.12456382978724963,-0.02250447761195112,-0.20066095114849472,-0.12892307692308244,-0.14733369388856793,-0.11431211419751088,-0.1453965183752318,-0.18294527363185664,-0.26700420575865663,-0.20488529014844806,0.05359653866955856,-0.1477152777777873,0.12456382978724963,SCP,SCP,SCP,ML,SCP,ML,x11 lineal,x11 lineal,x11 lineal,AutoETS,x11 lineal,AutoETS,ML,ML,ML,SCP,ML,SCP,AutoETS,AutoETS,AutoETS,x11 lineal,AutoETS,x11 lineal,87.69879255955134,24.847269510851504,37.07548412593592,63.62234784522885,22.61320838493487,14.328189437258906,6509.0,5639.60300000011,6482.8200000000215,-869.3969999998897,-26.17999999997869,869.3969999998897,739.5760000000707,252413.03100893623,222773.10248803828,3,289.7989999999632,246.5253333333569,290.06495307599425,272.50266205919183,0.1335684436933307,0.11362359809495633,-0.1335684436933307,-0.004022123214008095,ML,AutoETS,SCP,x11 lineal,14.932303654122952,7324.0,6371.926999999969,5675.50999999996,-952.0730000000312,-1648.4900000000396,952.0730000000312,1648.4900000000396,468884.7610210056,1023798.4061000361,3,317.35766666667706,549.4966666666799,395.3415236733111,584.1798827130892,0.1299935827416755,0.2250805570726433,-0.1299935827416755,-0.2250805570726433,SCP,x11 lineal,ML,AutoETS,42.245752173200415,13833.0,12011.530000000079,12158.329999999982,-1821.469999999921,-1674.6700000000183,1821.469999999921,2388.0660000001103,721297.7920299418,1246571.5085880742,6,303.57833333332013,398.0110000000184,346.72222119682056,455.8090807542258,0.13167570302898293,0.17263543699848988,-0.13167570302898293,-0.12106339911805236,SCP,x11 lineal,ML,AutoETS,23.726144922299607,2026-07-11 11:04:33.553,0,,
8722,63,60,10664,1,458,Anthurium,Pink,Medium,,,HistoricAverage,smooth_acceptable,smooth_acceptable_acceptable,acceptable,x11 lineal,x11 lineal,success,smooth_acceptable,COMPARABLE,1,1,1,440.0,410.0,480.0,306.0,247.0,340.0,492.90700000000083,405.4119999999989,370.88599999999883,305.74799999999914,400.89699999999993,334.545999999999,304.20199999999943,304.2030000000001,304.20200000000017,325.83599999999956,342.4309999999997,315.4210000000003,52.907000000000835,-4.588000000001102,-109.11400000000117,-0.2520000000008622,153.89699999999993,-5.454000000000974,-135.79800000000057,-105.79699999999991,-175.79799999999983,19.835999999999558,95.4309999999997,-24.578999999999724,52.907000000000835,4.588000000001102,109.11400000000117,0.2520000000008622,153.89699999999993,5.454000000000974,135.79800000000057,105.79699999999991,175.79799999999983,19.835999999999558,95.4309999999997,24.578999999999724,2799.1506490000884,21.049744000010115,11905.864996000255,0.06350400000043455,23684.28660899998,29.746116000010627,18441.096804000153,11193.00520899998,30904.93680399994,393.46689599998246,9107.075760999942,604.1272409999864,1,1,1,1,1,1,52.907000000000835,4.588000000001102,109.11400000000117,0.2520000000008622,153.89699999999993,5.454000000000974,135.79800000000057,105.79699999999991,175.79799999999983,19.835999999999558,95.4309999999997,24.578999999999724,52.907000000000835,4.588000000001102,109.11400000000117,0.2520000000008622,153.89699999999993,5.454000000000974,135.79800000000057,105.79699999999991,175.79799999999983,19.835999999999558,95.4309999999997,24.578999999999724,0.12024318181818372,0.011190243902441712,0.22732083333333578,0.0008235294117675,0.623064777327935,0.0160411764705911,0.30863181818181945,0.2580414634146339,0.366245833333333,0.06482352941176327,0.38636032388663843,0.07229117647058743,0.12024318181818372,-0.011190243902441712,-0.22732083333333578,-0.0008235294117675,0.623064777327935,-0.0160411764705911,-0.30863181818181945,-0.2580414634146339,-0.366245833333333,0.06482352941176327,0.38636032388663843,-0.07229117647058743,SCP,SCP,SCP,SCP,ML,SCP,x11 lineal,x11 lineal,x11 lineal,x11 lineal,HistoricAverage,x11 lineal,ML,ML,ML,ML,SCP,ML,HistoricAverage,HistoricAverage,HistoricAverage,HistoricAverage,x11 lineal,HistoricAverage,61.03992695032282,95.66339310188275,37.93217215212842,98.7295825771281,37.990344191244965,77.81032588794893,893.0,1041.190999999998,983.6879999999995,148.1909999999981,90.68799999999953,159.60300000000177,139.84599999999898,23714.09622899999,10104.66989799991,3,53.20100000000059,46.61533333333299,88.90837273845472,58.036396333105515,0.17872676371780713,0.15660246360582192,0.1659473684210505,0.10155431131018984,ML,HistoricAverage,SCP,x11 lineal,12.37883999674353,1330.0,1269.2049999999986,912.6069999999996,-60.79500000000144,-417.3930000000003,166.6090000000031,417.3930000000003,14726.065389000354,60539.03881700007,3,55.53633333333437,139.1310000000001,70.06203296365385,142.05519915042424,0.12526992481203242,0.3138293233082709,-0.045710526315790555,-0.3138293233082709,SCP,x11 lineal,ML,HistoricAverage,60.08342257776172,2223.0,2310.3959999999965,1896.2949999999992,87.39599999999666,-326.7050000000008,326.2120000000049,557.2389999999994,38440.16161800034,70643.70871499999,6,54.36866666666748,92.87316666666656,80.04182408591184,108.50784051164229,0.14674403958614704,0.2506698155645521,0.03931443994601739,-0.14696581196581232,SCP,x11 lineal,ML,HistoricAverage,41.459230240524214,2026-07-11 11:04:33.553,0,,
"8723,63,60,10664,1,459,Orchids,Assorted,"""",,,AutoETS,smooth_acceptable,smooth_acceptable_acceptable,acceptable,x11 lineal,x11 lineal,success,smooth_acceptable,COMPARABLE,1,1,1,106.0,299.0,214.0,165.0,308.0,110.0,68.84399999999998,308.04199999999946,180.05700000000044,92.1760000000001,253.09699999999987,95.33300000000013,106.34700000000004,347.68800000000016,209.3100000000002,187.7780000000004,329.038999999999,154.3239999999996,-37.15600000000002,9.041999999999462,-33.94299999999956,-72.8239999999999,-54.903000000000134,-14.666999999999874,0.34700000000003683,48.68800000000016,-4.689999999999799,22.77800000000039,21.03899999999902,44.323999999999586,37.15600000000002,9.041999999999462,33.94299999999956,72.8239999999999,54.903000000000134,14.666999999999874,0.34700000000003683,48.68800000000016,4.689999999999799,22.77800000000039,21.03899999999902,44.323999999999586,1380.5683360000014,81.75776399999026,1152.1272489999699,5303.3349759999855,3014.3394090000147,215.12088899999628,0.12040900000002557,2370.5213440000152,21.996099999998112,518.8372840000177,442.6395209999588,1964.6169759999632,1,1,1,1,1,1,37.15600000000002,9.041999999999462,33.94299999999956,72.8239999999999,54.903000000000134,14.666999999999874,0.34700000000003683,48.68800000000016,4.689999999999799,22.77800000000039,21.03899999999902,44.323999999999586,37.15600000000002,9.041999999999462,33.94299999999956,72.8239999999999,54.903000000000134,14.666999999999874,0.34700000000003683,48.68800000000016,4.689999999999799,22.77800000000039,21.03899999999902,44.323999999999586,0.3505283018867926,0.030240802675583482,0.15861214953270822,0.4413575757575751,0.17825649350649395,0.13333636363636248,0.0032735849056607248,0.16283612040133832,0.02191588785046635,0.1380484848484872,0.06830844155843838,0.4029454545454508,-0.3505283018867926,0.030240802675583482,-0.15861214953270822,-0.4413575757575751,-0.17825649350649395,-0.13333636363636248,0.0032735849056607248,0.16283612040133832,-0.02191588785046635,0.1380484848484872,0.06830844155843838,0.4029454545454508,ML,SCP,ML,ML,ML,SCP,AutoETS,x11 lineal,AutoETS,AutoETS,AutoETS,x11 lineal,SCP,ML,SCP,SCP,SCP,ML,x11 lineal,AutoETS,x11 lineal,x11 lineal,x11 lineal,AutoETS,99.06609968780268,81.42868879395449,86.18271808620375,68.72184993957978,61.67968963444809,66.90957494810935,583.0,440.6060000000001,671.1409999999989,-142.3939999999999,88.140999999999,142.3939999999999,88.140999999999,8532.795273999996,2926.0937809999396,3,47.46466666666663,29.380333333333,53.331651871410585,31.23082761738226,0.24424356775300152,0.15118524871354888,-0.24424356775300152,0.15118524871354888,ML,AutoETS,SCP,x11 lineal,38.10062221722891,619.0,556.9429999999999,663.3450000000005,-62.057000000000116,44.3450000000004,80.14099999999904,53.724999999999994,2614.4533489999612,2392.6378530000134,3,26.713666666666345,17.90833333333333,29.520915461188764,28.240856059971065,0.12946849757673512,0.08679321486268174,-0.10025363489499212,0.07163974151857899,ML,AutoETS,SCP,x11 lineal,32.9619046430658,1202.0,997.5489999999999,1334.4859999999994,-204.45100000000002,132.4859999999994,222.53499999999894,141.865999999999,11147.248622999958,5318.731633999953,6,37.08916666666649,23.644333333333165,43.10307147408399,29.773398736679788,0.18513727121464138,0.11802495840266139,-0.17009234608985027,0.11022129783693793,ML,AutoETS,SCP,x11 lineal,36.25002808546985,2026-07-11 11:04:33.553,0,,"
8724,63,60,10664,1,462,Orchids,White,MIni,,,,,,,preserve current forecast,preserve current forecast,success,,NOT_COMPARABLE_MISSING_SCP_AND_ML,1,0,0,0.0,0.0,0.0,0.0,0.0,0.0,,,,,,,,,,,,,,,,,,,,,,,,,,,,,,,,,,,,,,,,,,,,,,,,,,,,,,,,,,,,,,,,,,,,,,,,,,,,,,,,,,,,,,,,,,,,,,,,,,,,,,,,,,,,,,,,,,,,,,,,,,,,,,,,,,,,,,,,,,,,,,,,,,,,,,,,,,,,,,,,,,,,,,,,,,,,,,,,,,,,,,,,,,,,,,,,,,,,,,,,,,2026-07-11 11:04:33.553,1,MissingHistory,NoForecastRowsMaterialized
"8725,63,60,10664,1,464,Protea,Orange,""40cm"",,,,,,,copy last year,copy last year,success,,NOT_COMPARABLE_MISSING_SCP_AND_ML,1,0,0,0.0,0.0,62.0,0.0,0.0,0.0,,,,,,,,,,,,,,,,,,,,,,,,,,,,,,,,,,,,,,,,,,,,,,,,,,,,,,,,,,,,,,,,,,,,,,,,,,,,,,,,,,,,,,,,,,,,,,,,,,,,,,,,,,,,,,,,,,,,,,,,,,,,,,,,,,,,,,,,,,,,,,,,,,,,,,,,,,,,,,,,,,,,,,,,,,,,,,,,,,,,,,,,,,,,,,,,,,,,,,,,,,2026-07-11 11:04:33.553,1,ShortSeries,NoForecastRowsMaterialized"
"8726,63,60,10664,1,465,Protea,White,"""",,,MovingAverage3M,smooth_acceptable,smooth_acceptable_acceptable,acceptable,seasonal discrete,seasonal discrete,success,smooth_acceptable,COMPARABLE,1,1,1,76.0,97.0,10.0,0.0,19.0,0.0,40.64400000000004,57.90799999999997,23.603000000000012,0.9070000000000005,0.0,0.0,7.6659999999999995,7.66799999999999,7.666000000000005,28.872999999999998,28.88000000000001,28.891999999999996,-35.35599999999996,-39.09200000000003,13.603000000000012,0.9070000000000005,-19.0,0.0,-68.334,-89.33200000000001,-2.333999999999995,28.872999999999998,9.88000000000001,28.891999999999996,35.35599999999996,39.09200000000003,13.603000000000012,0.9070000000000005,19.0,0.0,68.334,89.33200000000001,2.333999999999995,28.872999999999998,9.88000000000001,28.891999999999996,1250.046735999997,1528.1844640000022,185.04160900000034,0.8226490000000009,361.0,0.0,4669.535556000001,7980.206224000001,5.447555999999977,833.6501289999999,97.61440000000019,834.7476639999998,1,1,1,0,1,0,35.35599999999996,39.09200000000003,13.603000000000012,,19.0,,68.334,89.33200000000001,2.333999999999995,,9.88000000000001,,35.35599999999996,39.09200000000003,13.603000000000012,,19.0,,68.334,89.33200000000001,2.333999999999995,,9.88000000000001,,0.4652105263157889,0.4030103092783508,1.3603000000000012,,1.0,,0.8991315789473685,0.9209484536082475,0.23339999999999952,,0.5200000000000005,,-0.4652105263157889,-0.4030103092783508,1.3603000000000012,,-1.0,,-0.8991315789473685,-0.9209484536082475,-0.23339999999999952,,0.5200000000000005,,SCP,SCP,ML,,ML,,seasonal discrete,seasonal discrete,MovingAverage3M,,MovingAverage3M,,ML,ML,SCP,,SCP,,MovingAverage3M,MovingAverage3M,seasonal discrete,,seasonal discrete,,48.26001697544421,56.239645367841284,82.84202014261565,,47.99999999999996,,19.0,0.9070000000000005,86.64500000000001,-18.093,67.64500000000001,19.907,67.64500000000001,361.822649,1766.0121929999998,1,19.907,67.64500000000001,19.021636338653938,42.02394785119551,1.047736842105263,3.5602631578947372,-0.9522631578947368,3.5602631578947372,SCP,seasonal discrete,ML,MovingAverage3M,70.57136521546308,183.0,122.15500000000003,22.999999999999996,-60.84499999999997,-160.0,88.05099999999999,160.0,2963.2728089999996,12655.189336000003,3,29.350333333333328,53.333333333333336,31.428611216533255,64.94918356171488,0.4811530054644808,0.8743169398907104,-0.33248633879781403,-0.8743169398907104,SCP,seasonal discrete,ML,MovingAverage3M,44.968125,202.0,123.06200000000003,109.645,-78.93799999999996,-92.355,107.95799999999998,227.64499999999998,3325.095458,14421.201529000002,4,26.989499999999996,56.911249999999995,28.83182034662397,60.044153605909045,0.5344455445544554,1.1269554455445543,-0.3907821782178216,-0.4572029702970297,SCP,seasonal discrete,ML,MovingAverage3M,52.576160249511304,2026-07-11 11:04:33.553,0,,"
"8727,63,60,10664,1,467,Roses,Cream,"""",,,,,,,preserve current forecast,preserve current forecast,success,,NOT_COMPARABLE_MISSING_SCP_AND_ML,1,0,0,0.0,0.0,0.0,0.0,0.0,0.0,,,,,,,,,,,,,,,,,,,,,,,,,,,,,,,,,,,,,,,,,,,,,,,,,,,,,,,,,,,,,,,,,,,,,,,,,,,,,,,,,,,,,,,,,,,,,,,,,,,,,,,,,,,,,,,,,,,,,,,,,,,,,,,,,,,,,,,,,,,,,,,,,,,,,,,,,,,,,,,,,,,,,,,,,,,,,,,,,,,,,,,,,,,,,,,,,,,,,,,,,,2026-07-11 11:04:33.553,1,MissingHistory,NoForecastRowsMaterialized"
"8728,63,60,10664,1,468,Roses,Cream,""70-80cm"",,,AutoARIMA,seasonal_discontinuous_acceptable,seasonal_discontinuous_acceptable_acceptable,acceptable,seasonal discrete,seasonal discrete,success,seasonal_discontinuous_acceptable,COMPARABLE,1,1,1,0.0,50.0,50.0,0.0,300.0,0.0,323.4360000000013,146.3050000000008,146.45900000000066,0.001,8.623000000000008,0.0,200.00099999999995,100.00000000000006,155.36200000000045,0.0,0.0,0.0,323.4360000000013,96.3050000000008,96.45900000000066,0.001,-291.377,0.0,200.00099999999995,50.00000000000006,105.36200000000045,0.0,-300.0,0.0,323.4360000000013,96.3050000000008,96.45900000000066,0.001,291.377,0.0,200.00099999999995,50.00000000000006,105.36200000000045,0.0,300.0,0.0,104610.84609600084,9274.653025000154,9304.338681000127,0.000001,84900.556129,0.0,40000.40000099998,2500.0000000000055,11101.151044000095,0.0,90000.0,0.0,0,1,1,0,1,0,,96.3050000000008,96.45900000000066,,291.377,,,50.00000000000006,105.36200000000045,,300.0,,,96.3050000000008,96.45900000000066,,291.377,,,50.00000000000006,105.36200000000045,,300.0,,,1.9261000000000161,1.9291800000000132,,0.9712566666666667,,,1.000000000000001,2.107240000000009,,1.0,,,1.9261000000000161,1.9291800000000132,,-0.9712566666666667,,,1.000000000000001,2.107240000000009,,-1.0,,,ML,SCP,,SCP,,,AutoARIMA,seasonal discrete,,seasonal discrete,,,SCP,ML,,ML,,,seasonal discrete,AutoARIMA,,AutoARIMA,,,48.08161570011979,8.44991552931773,,2.8743333333333343,,300.0,8.624000000000008,0.0,-291.37600000000003,-300.0,291.378,300.0,84900.55613,90000.0,1,291.378,300.0,291.377000001716,300.0,0.9712599999999999,1.0,-0.9712533333333334,-1.0,SCP,seasonal discrete,ML,AutoARIMA,2.87400000000001,100.0,616.2000000000028,455.36300000000045,516.2000000000028,355.36300000000045,516.2000000000028,355.36300000000045,123189.83780200112,53601.55104500008,2,258.1000000000014,177.68150000000023,248.18323654308435,163.70942404913666,5.1620000000000275,3.5536300000000045,5.1620000000000275,3.5536300000000045,ML,AutoARIMA,SCP,seasonal discrete,31.15788454087591,400.0,624.8240000000028,455.3630000000004,224.82400000000274,55.363000000000454,807.5780000000027,655.3630000000005,208090.3939320011,143601.5510450001,3,269.19266666666755,218.4543333333335,263.3694451602167,218.7857026445437,2.0189450000000067,1.6384075000000013,0.5620600000000069,0.13840750000000113,ML,AutoARIMA,SCP,seasonal discrete,18.84833415471962,2026-07-11 11:04:33.553,0,,"
"8729,63,60,10664,1,469,Roses,Lavender,""50cm"",,,AutoETS,smooth_acceptable,smooth_acceptable_acceptable,acceptable,x11 lineal,x11 lineal,success,smooth_acceptable,COMPARABLE,1,1,1,48269.0,103066.0,70100.0,54102.0,75325.0,49402.0,54570.095999998965,95459.03199999988,64954.479999999705,46504.478000000796,63745.82600000144,51893.66499999835,59621.93700000013,102599.20500000082,67093.41700000026,57890.69000000152,70513.91900000113,57696.61800000251,6301.0959999989645,-7606.968000000124,-5145.520000000295,-7597.521999999204,-11579.173999998558,2491.6649999983492,11352.937000000129,-466.79499999918335,-3006.582999999737,3788.690000001523,-4811.0809999988705,8294.618000002512,6301.0959999989645,7606.968000000124,5145.520000000295,7597.521999999204,11579.173999998558,2491.6649999983492,11352.937000000129,466.79499999918335,3006.582999999737,3788.690000001523,4811.0809999988705,8294.618000002512,39703810.80120295,57865962.153025895,26476376.070403036,57722340.540471904,134077270.52224262,6208394.472216774,128889178.52597193,217897.57202423757,9039541.335887417,14354171.91611154,23146500.388550133,68800687.76596569,1,1,1,1,1,1,6301.0959999989645,7606.968000000124,5145.520000000295,7597.521999999204,11579.173999998558,2491.6649999983492,11352.937000000129,466.79499999918335,3006.582999999737,3788.690000001523,4811.0809999988705,8294.618000002512,6301.0959999989645,7606.968000000124,5145.520000000295,7597.521999999204,11579.173999998558,2491.6649999983492,11352.937000000129,466.79499999918335,3006.582999999737,3788.690000001523,4811.0809999988705,8294.618000002512,0.13054125836456038,0.07380676459744362,0.07340256776034658,0.14042959594837906,0.15372285429802268,0.05043652078859862,0.23520141291512417,0.004529088157095292,0.042889914407984835,0.07002864958784376,0.06387097245268995,0.1679004493745701,0.13054125836456038,-0.07380676459744362,-0.07340256776034658,-0.14042959594837906,-0.15372285429802268,0.05043652078859862,0.23520141291512417,-0.004529088157095292,-0.042889914407984835,0.07002864958784376,-0.06387097245268995,0.1679004493745701,SCP,ML,ML,ML,ML,SCP,x11 lineal,AutoETS,AutoETS,AutoETS,AutoETS,x11 lineal,ML,SCP,SCP,SCP,SCP,ML,AutoETS,x11 lineal,x11 lineal,x11 lineal,x11 lineal,AutoETS,44.49809771692652,93.86358664846261,41.56891820458254,50.13255637822542,58.45056823570084,69.96046110866595,178829.0,162143.9690000006,186101.22700000516,-16685.030999999413,7272.227000005165,21668.36099999611,16894.389000002906,198008005.5349313,106301360.07062736,3,7222.786999998704,5631.463000000968,8124.2026385143645,5952.628553018332,0.12116804880637991,0.09447231153785407,-0.09330159537882231,0.040665814828719976,ML,AutoETS,SCP,x11 lineal,22.03199402111707,221435.0,214983.60799999855,229314.5590000012,-6451.392000001455,7879.559000001209,19053.583999999384,14826.31499999905,124046149.02463189,138146617.43388358,3,6351.194666666462,4942.104999999683,6430.29675376992,6785.9319535316,0.08604594576286216,0.06695560774041615,-0.02913447287014905,0.035584072075332304,ML,AutoETS,SCP,x11 lineal,22.186214415096238,400264.0,377127.5769999991,415415.7860000064,-23136.42300000087,15151.786000006374,40721.944999995496,31720.704000001955,322054154.5595632,244447977.50451094,6,6786.990833332583,5286.784000000326,7326.369662158324,6382.893511886687,0.10173771560768767,0.07924945535946763,-0.057802907580998715,0.037854481042527865,ML,AutoETS,SCP,x11 lineal,22.10415293276031,2026-07-11 11:04:33.553,0,,"
"8730,63,60,10664,1,471,Roses,Pink,""40-50cm"",,,MovingAverage3M,smooth_acceptable,smooth_acceptable_acceptable,acceptable,x11 lineal,x11 lineal,success,smooth_acceptable,COMPARABLE,1,1,1,675.0,1325.0,1425.0,500.0,250.0,225.0,552.0729999999993,966.1490000000001,557.5479999999985,292.7569999999997,346.7259999999998,311.8699999999993,350.0009999999988,349.9990000000006,349.9999999999997,394.48099999999994,417.1490000000006,317.5530000000003,-122.9270000000007,-358.8509999999999,-867.4520000000015,-207.24300000000028,96.72599999999977,86.86999999999932,-324.9990000000012,-975.0009999999994,-1075.0000000000002,-105.51900000000006,167.14900000000063,92.55300000000028,122.9270000000007,358.8509999999999,867.4520000000015,207.24300000000028,96.72599999999977,86.86999999999932,324.9990000000012,975.0009999999994,1075.0000000000002,105.51900000000006,167.14900000000063,92.55300000000028,15111.047329000174,128774.04020099992,752472.9723040026,42949.66104900012,9355.919075999956,7546.396899999882,105624.35000100078,950626.9500009988,1155625.0000000005,11134.259361000013,27938.78820100021,8566.057809000053,1,1,1,1,1,1,122.9270000000007,358.8509999999999,867.4520000000015,207.24300000000028,96.72599999999977,86.86999999999932,324.9990000000012,975.0009999999994,1075.0000000000002,105.51900000000006,167.14900000000063,92.55300000000028,122.9270000000007,358.8509999999999,867.4520000000015,207.24300000000028,96.72599999999977,86.86999999999932,324.9990000000012,975.0009999999994,1075.0000000000002,105.51900000000006,167.14900000000063,92.55300000000028,0.18211407407407512,0.2708309433962263,0.6087382456140361,0.4144860000000006,0.3869039999999991,0.3860888888888859,0.4814800000000018,0.7358498113207542,0.7543859649122808,0.21103800000000011,0.6685960000000025,0.4113466666666679,-0.18211407407407512,-0.2708309433962263,-0.6087382456140361,-0.4144860000000006,0.3869039999999991,0.3860888888888859,-0.4814800000000018,-0.7358498113207542,-0.7543859649122808,-0.21103800000000011,0.6685960000000025,0.4113466666666679,SCP,SCP,SCP,ML,SCP,SCP,x11 lineal,x11 lineal,x11 lineal,MovingAverage3M,x11 lineal,x11 lineal,ML,ML,ML,SCP,ML,ML,MovingAverage3M,MovingAverage3M,MovingAverage3M,x11 lineal,MovingAverage3M,MovingAverage3M,62.17619131135781,63.19480697968514,19.3067906976743,49.08440815853857,42.1318703671578,6.140265577561983,975.0,951.3529999999988,1129.183000000001,-23.647000000001185,154.18300000000085,390.8389999999994,365.22100000000097,59851.97702499996,47639.105371000274,3,130.27966666666646,121.74033333333365,141.24680176320211,126.01468878798782,0.40086051282051216,0.374585641025642,-0.02425333333333455,0.15813641025641112,ML,MovingAverage3M,SCP,x11 lineal,6.55461711855737,3425.0,2075.769999999998,1049.999999999999,-1349.2300000000018,-2375.000000000001,1349.2300000000018,2375.000000000001,896358.0598340027,2211876.3000020003,3,449.74333333333396,791.666666666667,546.6132270121786,858.6571492747654,0.3939357664233582,0.6934306569343068,-0.3939357664233582,-0.6934306569343068,SCP,x11 lineal,ML,MovingAverage3M,43.19031578947363,4400.0,3027.1229999999964,2179.183,-1372.8770000000031,-2220.817,1740.0690000000013,2740.2210000000023,956210.0368590028,2259515.405373,6,290.01150000000024,456.70350000000036,399.20964351641163,613.665952204862,0.39547022727272757,0.6227775000000005,-0.3120175000000007,-0.5047311363636363,SCP,x11 lineal,ML,MovingAverage3M,36.498953916490684,2026-07-11 11:04:33.553,0,,"
8731,63,60,10664,1,475,Orchids,Assorted,Regular,,,,,,,preserve current forecast,preserve current forecast,success,,NOT_COMPARABLE_MISSING_SCP_AND_ML,1,0,0,0.0,0.0,0.0,0.0,0.0,0.0,,,,,,,,,,,,,,,,,,,,,,,,,,,,,,,,,,,,,,,,,,,,,,,,,,,,,,,,,,,,,,,,,,,,,,,,,,,,,,,,,,,,,,,,,,,,,,,,,,,,,,,,,,,,,,,,,,,,,,,,,,,,,,,,,,,,,,,,,,,,,,,,,,,,,,,,,,,,,,,,,,,,,,,,,,,,,,,,,,,,,,,,,,,,,,,,,,,,,,,,,,2026-07-11 11:04:33.553,1,MissingHistory,NoForecastRowsMaterialized
8732,63,60,10664,1,476,Orchids,White,Regular,,,,,,,copy last year,copy last year,success,,NOT_COMPARABLE_MISSING_SCP_AND_ML,1,0,0,0.0,0.0,0.0,0.0,0.0,0.0,,,,,,,,,,,,,,,,,,,,,,,,,,,,,,,,,,,,,,,,,,,,,,,,,,,,,,,,,,,,,,,,,,,,,,,,,,,,,,,,,,,,,,,,,,,,,,,,,,,,,,,,,,,,,,,,,,,,,,,,,,,,,,,,,,,,,,,,,,,,,,,,,,,,,,,,,,,,,,,,,,,,,,,,,,,,,,,,,,,,,,,,,,,,,,,,,,,,,,,,,,2026-07-11 11:04:33.553,1,ShortSeries,NoForecastRowsMaterialized
"8733,63,60,10664,1,477,Protea,Orange,""35/40cm"",,,,,,,preserve current forecast,preserve current forecast,success,,NOT_COMPARABLE_ML_EXCLUDED,1,1,0,0.0,0.0,0.0,0.0,0.0,0.0,0.0,0.0,0.0,79.99900000000001,0.0,0.0,,,,,,,,,,,,,,,,,,,,,,,,,,,,,,,,,,,,,,,,,,,,,,,,,,,,,,,,,,,,,,,,,,,,,,,,,,,,,,,,,,,,,,,,,,,,,,,,,,,,,,,,,,,,,,,,,,,,,,,,,,,,,,,,,,,,,,,,,,,,,,,,,,,,,,,,,,,,,,,,,,,,,,,,,,,,,,,,,,,,,,,,,,,,,,,,,,,,2026-07-11 11:04:33.553,1,MissingHistory,NoForecastRowsMaterialized"
"8734,63,60,10664,1,479,Protea,Yellow,""50-60cm"",,,AutoARIMA,smooth_acceptable,smooth_acceptable_acceptable,acceptable,seasonal discrete,seasonal discrete,success,smooth_acceptable,COMPARABLE,1,1,1,100.0,0.0,0.0,0.0,0.0,70.0,78.60399999999991,158.03299999999993,160.41800000000038,113.1280000000003,115.45899999999973,239.43300000000082,89.60899999999978,153.0729999999999,0.0,578.0559999999978,578.0560000000008,578.0550000000009,-21.396000000000086,158.03299999999993,160.41800000000038,113.1280000000003,115.45899999999973,169.43300000000082,-10.391000000000219,153.0729999999999,0.0,578.0559999999978,578.0560000000008,508.05500000000086,21.396000000000086,158.03299999999993,160.41800000000038,113.1280000000003,115.45899999999973,169.43300000000082,10.391000000000219,153.0729999999999,0.0,578.0559999999978,578.0560000000008,508.05500000000086,457.7888160000037,24974.42908899998,25733.93472400012,12797.944384000068,13330.780680999938,28707.541489000276,107.97288100000453,23431.343328999967,0.0,334148.7391359974,334148.739136001,258119.88302500086,1,0,0,0,0,1,21.396000000000086,,,,,169.43300000000082,10.391000000000219,,,,,508.05500000000086,21.396000000000086,,,,,169.43300000000082,10.391000000000219,,,,,508.05500000000086,0.21396000000000087,,,,,2.42047142857144,0.10391000000000218,,,,,7.257928571428583,-0.21396000000000087,,,,,2.42047142857144,-0.10391000000000218,,,,,7.257928571428583,ML,,,,,SCP,AutoARIMA,,,,,seasonal discrete,SCP,,,,,ML,seasonal discrete,,,,,AutoARIMA,51.43484763507116,,,,,66.65065790121139,70.0,468.0200000000009,1734.1669999999995,398.0200000000009,1664.1669999999995,398.0200000000009,1664.1669999999995,54836.266554000285,926417.3612969993,1,398.0200000000009,1664.1669999999995,234.17144692297626,962.5057720850298,5.686000000000012,23.773814285714277,5.686000000000012,23.773814285714277,SCP,seasonal discrete,ML,AutoARIMA,76.08292917717988,100.0,397.05500000000023,242.68199999999968,297.05500000000023,142.68199999999968,339.8470000000004,163.4640000000001,51166.1526290001,23539.31620999997,1,339.8470000000004,163.4640000000001,226.1993647846963,153.4252789145256,3.3984700000000037,1.6346400000000012,2.9705500000000025,1.4268199999999966,ML,AutoARIMA,SCP,seasonal discrete,51.900708259893435,170.0,865.075000000001,1976.8489999999993,695.075000000001,1806.8489999999993,737.8670000000012,1827.6309999999994,106002.41918300038,949956.6775069991,2,368.9335000000006,913.8154999999997,230.21991571430172,689.1867227054651,4.340394117647066,10.75077058823529,4.088676470588241,10.62852352941176,SCP,seasonal discrete,ML,AutoARIMA,59.627134799092296,2026-07-11 11:04:33.553,0,,"
"8735,63,60,10664,1,480,Roses,Asst Color/Red,""70cm"",,,SeasonalNaive,smooth_acceptable,smooth_acceptable_acceptable,acceptable,x11 lineal,x11 lineal,success,smooth_acceptable,COMPARABLE,1,1,1,375.0,500.0,250.0,350.0,475.0,400.0,495.89599999999996,520.3580000000001,418.47699999999986,394.689,413.759,329.734,500.001,499.9990000000001,400.0,433.33299999999997,433.334,433.333,120.89599999999996,20.35800000000006,168.47699999999986,44.68900000000002,-61.240999999999985,-70.26600000000002,125.00099999999998,-0.0009999999999195,150.0,83.33299999999997,-41.666,33.33300000000003,120.89599999999996,20.35800000000006,168.47699999999986,44.68900000000002,61.240999999999985,70.26600000000002,125.00099999999998,0.0009999999999195,150.0,83.33299999999997,41.666,33.33300000000003,14615.84281599999,414.44816400000246,28384.499528999953,1997.106721000002,3750.4600809999984,4937.310756000003,15625.250000999995,0.0000009999999998,22500.0,6944.388888999995,1736.0555559999998,1111.0888890000017,1,1,1,1,1,1,120.89599999999996,20.35800000000006,168.47699999999986,44.68900000000002,61.240999999999985,70.26600000000002,125.00099999999998,0.0009999999999195,150.0,83.33299999999997,41.666,33.33300000000003,120.89599999999996,20.35800000000006,168.47699999999986,44.68900000000002,61.240999999999985,70.26600000000002,125.00099999999998,0.0009999999999195,150.0,83.33299999999997,41.666,33.33300000000003,0.3223893333333332,0.04071600000000012,0.6739079999999994,0.1276828571428572,0.12892842105263155,0.17566500000000004,0.3333359999999999,0.0000019999999998,0.6,0.23809428571428562,0.08771789473684209,0.08333250000000007,0.3223893333333332,0.04071600000000012,0.6739079999999994,0.1276828571428572,-0.12892842105263155,-0.17566500000000004,0.3333359999999999,-0.0000019999999998,0.6,0.23809428571428562,-0.08771789473684209,0.08333250000000007,SCP,ML,ML,SCP,ML,ML,x11 lineal,SeasonalNaive,SeasonalNaive,x11 lineal,SeasonalNaive,SeasonalNaive,ML,SCP,SCP,ML,SCP,SCP,SeasonalNaive,x11 lineal,x11 lineal,SeasonalNaive,x11 lineal,x11 lineal,3.28397372821019,99.99508792612279,10.967075624565888,46.37298549194192,31.963880406916935,52.56169413372041,1225.0,1138.182,1300.0,-86.81799999999998,75.0,176.19600000000003,158.332,10684.877558000002,9791.533333999996,3,58.732000000000006,52.77733333333333,59.67935868176423,57.13006603065207,0.14383346938775513,0.12925061224489795,-0.07087183673469387,0.061224489795918366,ML,SeasonalNaive,SCP,x11 lineal,10.138709164793774,1125.0,1434.7309999999998,1400.0,309.7309999999999,275.00000000000006,309.7309999999999,275.0019999999999,43414.79050899994,38125.25000199999,3,103.24366666666663,91.6673333333333,120.29795025823721,112.73161343355878,0.27531644444444436,0.24444622222222212,0.27531644444444436,0.2444444444444445,ML,SeasonalNaive,SCP,x11 lineal,11.212632897578878,2350.0,2572.913,2700.0,222.9129999999999,350.00000000000006,485.9269999999999,433.3339999999999,54099.66806699995,47916.783335999986,6,80.98783333333331,72.22233333333331,94.95583891736196,89.36515291767813,0.2067774468085106,0.18439744680851058,0.0948565957446808,0.14893617021276598,ML,SeasonalNaive,SCP,x11 lineal,10.823230649871284,2026-07-11 11:04:33.553,0,,"
"8736,63,60,10664,1,481,Roses,Brown,""40cm"",,,SeasonalNaive,seasonal_discontinuous_acceptable,seasonal_discontinuous_acceptable_acceptable,acceptable,seasonal discrete,seasonal discrete,success,seasonal_discontinuous_acceptable,COMPARABLE,1,1,1,0.0,0.0,0.0,0.0,200.0,175.0,0.0,4.788999999999969,0.0,0.0,0.0,0.0,0.0,0.0,0.0,0.0,0.0,0.0,0.0,4.788999999999969,0.0,0.0,-200.0,-175.0,0.0,0.0,0.0,0.0,-200.0,-175.0,0.0,4.788999999999969,0.0,0.0,200.0,175.0,0.0,0.0,0.0,0.0,200.0,175.0,0.0,22.934520999999698,0.0,0.0,40000.0,30625.0,0.0,0.0,0.0,0.0,40000.0,30625.0,0,0,0,0,1,1,,,,,200.0,175.0,,,,,200.0,175.0,,,,,200.0,175.0,,,,,200.0,175.0,,,,,1.0,1.0,,,,,1.0,1.0,,,,,-1.0,-1.0,,,,,-1.0,-1.0,,,,,TIE,TIE,,,,,,,,,,,,,,,,,,,,,,,0.0,0.0,375.0,0.0,0.0,-375.0,-375.0,375.0,375.0,70625.0,70625.0,2,187.5,187.5,187.91620472966136,187.91620472966136,1.0,1.0,-1.0,-1.0,TIE,,,,0.0,0.0,4.788999999999969,0.0,4.788999999999969,0.0,4.788999999999969,0.0,22.934520999999698,0.0,0,,,,,,,,,,,,,,375.0,4.788999999999969,0.0,-370.211,-375.0,379.789,375.0,70647.934521,70625.0,2,189.8945,187.5,187.94671388587778,187.91620472966136,1.0127706666666667,1.0,-0.9872293333333334,-1.0,ML,SeasonalNaive,SCP,seasonal discrete,1.2609633243722214,2026-07-11 11:04:33.553,0,,NoForecastRowsMaterialized"
"8737,63,60,10664,1,482,Roses,Lavender,""40-50cm"",,,,,,,preserve current forecast,preserve current forecast,success,,NOT_COMPARABLE_MISSING_SCP_AND_ML,1,0,0,0.0,0.0,0.0,0.0,0.0,0.0,,,,,,,,,,,,,,,,,,,,,,,,,,,,,,,,,,,,,,,,,,,,,,,,,,,,,,,,,,,,,,,,,,,,,,,,,,,,,,,,,,,,,,,,,,,,,,,,,,,,,,,,,,,,,,,,,,,,,,,,,,,,,,,,,,,,,,,,,,,,,,,,,,,,,,,,,,,,,,,,,,,,,,,,,,,,,,,,,,,,,,,,,,,,,,,,,,,,,,,,,,2026-07-11 11:04:33.553,1,MissingHistory,NoForecastRowsMaterialized"
"8738,63,60,10664,1,483,Roses,Red,""60cm"",,,AutoTheta,smooth_acceptable,smooth_acceptable_acceptable,acceptable,x11 seasonal,x11 seasonal,success,smooth_acceptable,COMPARABLE,1,1,1,109846.0,191055.0,119329.0,116251.0,534747.0,109708.0,184752.09099999932,236545.75999999975,142361.87100000007,86950.48400000126,508410.4260000047,102671.03100000047,135218.05600000403,191718.35799998714,117330.65999999674,117989.51299999809,605788.0840000291,140927.72800000195,74906.09099999932,45490.75999999975,23032.871000000072,-29300.515999998737,-26336.573999995308,-7036.968999999532,25372.056000004028,663.3579999871436,-1998.3400000032561,1738.5129999980854,71041.08400002914,31219.728000001953,74906.09099999932,45490.75999999975,23032.871000000072,29300.515999998737,26336.573999995308,7036.968999999532,25372.056000004028,663.3579999871436,1998.3400000032561,1738.5129999980854,71041.08400002914,31219.728000001953,5610922468.900179,2069409245.377577,530513146.5026443,858520237.866182,693615130.0572288,49518932.70695441,643741225.6673404,440043.83614694315,3993362.7556130136,3022427.451162343,5046835615.899196,974671416.3941059,1,1,1,1,1,1,74906.09099999932,45490.75999999975,23032.871000000072,29300.515999998737,26336.573999995308,7036.968999999532,25372.056000004028,663.3579999871436,1998.3400000032561,1738.5129999980854,71041.08400002914,31219.728000001953,74906.09099999932,45490.75999999975,23032.871000000072,29300.515999998737,26336.573999995308,7036.968999999532,25372.056000004028,663.3579999871436,1998.3400000032561,1738.5129999980854,71041.08400002914,31219.728000001953,0.6819191504469831,0.23810295464656642,0.193019894577178,0.2520452813309024,0.04925053155977557,0.06414271520763784,0.23097842433956656,0.003472078720719916,0.016746474034000588,0.014954821893988744,0.13284989724117974,0.2845711160535417,0.6819191504469831,0.23810295464656642,0.193019894577178,-0.2520452813309024,-0.04925053155977557,-0.06414271520763784,0.23097842433956656,0.003472078720719916,-0.016746474034000588,0.014954821893988744,0.13284989724117974,0.2845711160535417,ML,ML,ML,ML,SCP,SCP,AutoTheta,AutoTheta,AutoTheta,AutoTheta,x11 seasonal,x11 seasonal,SCP,SCP,SCP,SCP,ML,ML,x11 seasonal,x11 seasonal,x11 seasonal,x11 seasonal,AutoTheta,AutoTheta,66.12818041725838,98.54177419768949,91.3239647805814,94.06661302484174,62.927685619233365,77.45986448056469,760706.0,698031.9410000064,864705.3250000292,-62674.05899999358,103999.32500002917,62674.05899999358,103999.32500002917,1601654300.6303651,6024529459.744464,3,20891.35299999786,34666.441666676394,23105.946569590877,44812.68220695441,0.0823893317523374,0.13671421679338558,-0.0823893317523374,0.13671421679338558,SCP,x11 seasonal,ML,AutoTheta,39.73609059484185,420230.0,563659.7219999991,444267.0739999879,143429.72199999914,24037.073999987915,143429.72199999914,28033.753999994427,8210844860.7804,648174632.2591003,3,47809.907333333045,9344.584666664809,52315.85120139785,14698.918693326847,0.3413124289079769,0.06671050139208154,0.3413124289079769,0.057199804868733585,ML,AutoTheta,SCP,x11 seasonal,80.45471077466455,1180936.0,1261691.6630000055,1308972.399000017,80755.66300000556,128036.39900001709,206103.78099999268,132033.0790000236,9812499161.410765,6672704092.003564,6,34350.63016666545,22005.5131666706,40440.28346712958,33348.423480987236,0.1745257837850592,0.11180375481823197,0.06838275994635235,0.10841942239038957,ML,AutoTheta,SCP,x11 seasonal,35.938545930883095,2026-07-11 11:04:33.553,0,,"
