"ID,""ID_BATCH"",""ID_RUN_STAGING"",""ID_CLIENT"",""SOURCE_RUN_ID"",""ID_CONFIGURATION"",""VALUE_LEVEL_1"",""VALUE_LEVEL_2"",""VALUE_LEVEL_3"",""VALUE_LEVEL_4"",""VALUE_LEVEL_5"",""ML_BEST_MODEL"",""ML_CLASSIFICATION"",""ML_TYPE"",""ML_STATUS"",""SCP_BEST_MODEL"",""SCP_CLASSIFICATION"",""SCP_STATUS"",""SERIES_CLASSIFICATION"",""COMPARISON_STATUS"",""HAS_BASE_CANDIDATE"",""HAS_SCP_CALCULATED"",""HAS_ML_CALCULATED"",""HISTORY_M1"",""HISTORY_M2"",""HISTORY_M3"",""HISTORY_M4"",""HISTORY_M5"",""HISTORY_M6"",""SCP_FORECAST_M1"",""SCP_FORECAST_M2"",""SCP_FORECAST_M3"",""SCP_FORECAST_M4"",""SCP_FORECAST_M5"",""SCP_FORECAST_M6"",""ML_FORECAST_M1"",""ML_FORECAST_M2"",""ML_FORECAST_M3"",""ML_FORECAST_M4"",""ML_FORECAST_M5"",""ML_FORECAST_M6"",""SCP_SIGNED_ERROR_M1"",""SCP_SIGNED_ERROR_M2"",""SCP_SIGNED_ERROR_M3"",""SCP_SIGNED_ERROR_M4"",""SCP_SIGNED_ERROR_M5"",""SCP_SIGNED_ERROR_M6"",""ML_SIGNED_ERROR_M1"",""ML_SIGNED_ERROR_M2"",""ML_SIGNED_ERROR_M3"",""ML_SIGNED_ERROR_M4"",""ML_SIGNED_ERROR_M5"",""ML_SIGNED_ERROR_M6"",""SCP_ABS_ERROR_M1"",""SCP_ABS_ERROR_M2"",""SCP_ABS_ERROR_M3"",""SCP_ABS_ERROR_M4"",""SCP_ABS_ERROR_M5"",""SCP_ABS_ERROR_M6"",""ML_ABS_ERROR_M1"",""ML_ABS_ERROR_M2"",""ML_ABS_ERROR_M3"",""ML_ABS_ERROR_M4"",""ML_ABS_ERROR_M5"",""ML_ABS_ERROR_M6"",""SCP_SQUARED_ERROR_M1"",""SCP_SQUARED_ERROR_M2"",""SCP_SQUARED_ERROR_M3"",""SCP_SQUARED_ERROR_M4"",""SCP_SQUARED_ERROR_M5"",""SCP_SQUARED_ERROR_M6"",""ML_SQUARED_ERROR_M1"",""ML_SQUARED_ERROR_M2"",""ML_SQUARED_ERROR_M3"",""ML_SQUARED_ERROR_M4"",""ML_SQUARED_ERROR_M5"",""ML_SQUARED_ERROR_M6"",""POSITIVE_HISTORY_MONTH_COUNT_M1"",""POSITIVE_HISTORY_MONTH_COUNT_M2"",""POSITIVE_HISTORY_MONTH_COUNT_M3"",""POSITIVE_HISTORY_MONTH_COUNT_M4"",""POSITIVE_HISTORY_MONTH_COUNT_M5"",""POSITIVE_HISTORY_MONTH_COUNT_M6"",""SCP_MAE_M1"",""SCP_MAE_M2"",""SCP_MAE_M3"",""SCP_MAE_M4"",""SCP_MAE_M5"",""SCP_MAE_M6"",""ML_MAE_M1"",""ML_MAE_M2"",""ML_MAE_M3"",""ML_MAE_M4"",""ML_MAE_M5"",""ML_MAE_M6"",""SCP_RMSE_M1"",""SCP_RMSE_M2"",""SCP_RMSE_M3"",""SCP_RMSE_M4"",""SCP_RMSE_M5"",""SCP_RMSE_M6"",""ML_RMSE_M1"",""ML_RMSE_M2"",""ML_RMSE_M3"",""ML_RMSE_M4"",""ML_RMSE_M5"",""ML_RMSE_M6"",""SCP_WAPE_M1"",""SCP_WAPE_M2"",""SCP_WAPE_M3"",""SCP_WAPE_M4"",""SCP_WAPE_M5"",""SCP_WAPE_M6"",""ML_WAPE_M1"",""ML_WAPE_M2"",""ML_WAPE_M3"",""ML_WAPE_M4"",""ML_WAPE_M5"",""ML_WAPE_M6"",""SCP_BIAS_M1"",""SCP_BIAS_M2"",""SCP_BIAS_M3"",""SCP_BIAS_M4"",""SCP_BIAS_M5"",""SCP_BIAS_M6"",""ML_BIAS_M1"",""ML_BIAS_M2"",""ML_BIAS_M3"",""ML_BIAS_M4"",""ML_BIAS_M5"",""ML_BIAS_M6"",""WINNER_METHOD_M1"",""WINNER_METHOD_M2"",""WINNER_METHOD_M3"",""WINNER_METHOD_M4"",""WINNER_METHOD_M5"",""WINNER_METHOD_M6"",""WINNER_MODEL_M1"",""WINNER_MODEL_M2"",""WINNER_MODEL_M3"",""WINNER_MODEL_M4"",""WINNER_MODEL_M5"",""WINNER_MODEL_M6"",""FINALIST_METHOD_M1"",""FINALIST_METHOD_M2"",""FINALIST_METHOD_M3"",""FINALIST_METHOD_M4"",""FINALIST_METHOD_M5"",""FINALIST_METHOD_M6"",""FINALIST_MODEL_M1"",""FINALIST_MODEL_M2"",""FINALIST_MODEL_M3"",""FINALIST_MODEL_M4"",""FINALIST_MODEL_M5"",""FINALIST_MODEL_M6"",""WINNER_IMPROVEMENT_PCT_M1"",""WINNER_IMPROVEMENT_PCT_M2"",""WINNER_IMPROVEMENT_PCT_M3"",""WINNER_IMPROVEMENT_PCT_M4"",""WINNER_IMPROVEMENT_PCT_M5"",""WINNER_IMPROVEMENT_PCT_M6"",""TOTAL_HISTORY_OLDER_3M"",""SCP_TOTAL_FORECAST_OLDER_3M"",""ML_TOTAL_FORECAST_OLDER_3M"",""SCP_TOTAL_SIGNED_ERROR_OLDER_3M"",""ML_TOTAL_SIGNED_ERROR_OLDER_3M"",""SCP_TOTAL_ABS_ERROR_OLDER_3M"",""ML_TOTAL_ABS_ERROR_OLDER_3M"",""SCP_TOTAL_SQUARED_ERROR_OLDER_3M"",""ML_TOTAL_SQUARED_ERROR_OLDER_3M"",""POSITIVE_HISTORY_MONTH_COUNT_OLDER_3M"",""SCP_MAE_OLDER_3M"",""ML_MAE_OLDER_3M"",""SCP_RMSE_OLDER_3M"",""ML_RMSE_OLDER_3M"",""SCP_WAPE_OLDER_3M"",""ML_WAPE_OLDER_3M"",""SCP_BIAS_OLDER_3M"",""ML_BIAS_OLDER_3M"",""WINNER_METHOD_OLDER_3M"",""WINNER_MODEL_OLDER_3M"",""FINALIST_METHOD_OLDER_3M"",""FINALIST_MODEL_OLDER_3M"",""WINNER_IMPROVEMENT_PCT_OLDER_3M"",""TOTAL_HISTORY_RECENT_3M"",""SCP_TOTAL_FORECAST_RECENT_3M"",""ML_TOTAL_FORECAST_RECENT_3M"",""SCP_TOTAL_SIGNED_ERROR_RECENT_3M"",""ML_TOTAL_SIGNED_ERROR_RECENT_3M"",""SCP_TOTAL_ABS_ERROR_RECENT_3M"",""ML_TOTAL_ABS_ERROR_RECENT_3M"",""SCP_TOTAL_SQUARED_ERROR_RECENT_3M"",""ML_TOTAL_SQUARED_ERROR_RECENT_3M"",""POSITIVE_HISTORY_MONTH_COUNT_RECENT_3M"",""SCP_MAE_RECENT_3M"",""ML_MAE_RECENT_3M"",""SCP_RMSE_RECENT_3M"",""ML_RMSE_RECENT_3M"",""SCP_WAPE_RECENT_3M"",""ML_WAPE_RECENT_3M"",""SCP_BIAS_RECENT_3M"",""ML_BIAS_RECENT_3M"",""WINNER_METHOD_RECENT_3M"",""WINNER_MODEL_RECENT_3M"",""FINALIST_METHOD_RECENT_3M"",""FINALIST_MODEL_RECENT_3M"",""WINNER_IMPROVEMENT_PCT_RECENT_3M"",""TOTAL_HISTORY_6M"",""SCP_TOTAL_FORECAST_6M"",""ML_TOTAL_FORECAST_6M"",""SCP_TOTAL_SIGNED_ERROR_6M"",""ML_TOTAL_SIGNED_ERROR_6M"",""SCP_TOTAL_ABS_ERROR_6M"",""ML_TOTAL_ABS_ERROR_6M"",""SCP_TOTAL_SQUARED_ERROR_6M"",""ML_TOTAL_SQUARED_ERROR_6M"",""POSITIVE_HISTORY_MONTH_COUNT_6M"",""SCP_MAE_6M"",""ML_MAE_6M"",""SCP_RMSE_6M"",""ML_RMSE_6M"",""SCP_WAPE_6M"",""ML_WAPE_6M"",""SCP_BIAS_6M"",""ML_BIAS_6M"",""WINNER_METHOD_6M"",""WINNER_MODEL_6M"",""FINALIST_METHOD_6M"",""FINALIST_MODEL_6M"",""WINNER_IMPROVEMENT_PCT_6M"",""COPIED_AT"",""HAS_ML_EXCLUDED"",""ML_EXCLUSION_REASON"",""SCP_NO_OUTPUT_REASON"""
"32279,72,70,10326,1,6,"""",ALMENDRA ENV Ñ_ELAB,,,,,,,,preserve current forecast,preserve current forecast,success,,NOT_COMPARABLE_MISSING_SCP_AND_ML,1,0,0,0.0,0.0,0.0,0.0,0.0,0.0,,,,,,,,,,,,,,,,,,,,,,,,,,,,,,,,,,,,,,,,,,,,,,,,,,,,,,,,,,,,,,,,,,,,,,,,,,,,,,,,,,,,,,,,,,,,,,,,,,,,,,,,,,,,,,,,,,,,,,,,,,,,,,,,,,,,,,,,,,,,,,,,,,,,,,,,,,,,,,,,,,,,,,,,,,,,,,,,,,,,,,,,,,,,,,,,,,,,,,,,,,2026-07-17 18:06:48.718,1,MissingHistory,NoForecastRowsMaterialized"
32280,72,70,10326,1,24,RETAIL,ALMENDRA ENV Ñ_ELAB,,,,AutoTheta,smooth_acceptable,smooth_acceptable_acceptable,acceptable,preserve current forecast,preserve current forecast,success,smooth_acceptable,COMPARABLE,1,1,1,21124.799999999996,20681.999999999996,20584.799999999996,23003.999999999996,16891.199999999993,20238.0,14738.0,18963.0,18189.0,23958.0,20087.0,16846.0,21623.0,21216.0,20808.0,22443.0,16200.0,13986.0,-6386.799999999996,-1718.9999999999964,-2395.7999999999956,954.0000000000036,3195.8000000000065,-3392.0,498.20000000000437,534.0000000000036,223.20000000000437,-560.9999999999964,-691.1999999999935,-6252.0,6386.799999999996,1718.9999999999964,2395.7999999999956,954.0000000000036,3195.8000000000065,3392.0,498.20000000000437,534.0000000000036,223.20000000000437,560.9999999999964,691.1999999999935,6252.0,40791214.23999994,2954960.9999999874,5739857.639999979,910116.000000007,10213137.640000042,11505664,248203.24000000436,285156.0000000039,49818.24000000195,314720.9999999959,477757.4399999909,39087504,1,1,1,1,1,1,6386.799999999996,1718.9999999999964,2395.7999999999956,954.0000000000036,3195.8000000000065,3392.0,498.20000000000437,534.0000000000036,223.20000000000437,560.9999999999964,691.1999999999935,6252.0,6386.799999999996,1718.9999999999964,2395.7999999999956,954.0000000000036,3195.8000000000065,3392.0,498.20000000000437,534.0000000000036,223.20000000000437,560.9999999999964,691.1999999999935,6252.0,0.30233659016890085,0.0831157528285464,0.11638684854844332,0.041471048513302196,0.1891991095955295,0.1676054946140923,0.02358365522987221,0.025819553234697017,0.010842952081147468,0.02438706311945733,0.0409207161125316,0.3089238067002668,-0.30233659016890085,-0.0831157528285464,-0.11638684854844332,0.041471048513302196,0.1891991095955295,-0.1676054946140923,0.02358365522987221,0.025819553234697017,0.010842952081147468,-0.02438706311945733,-0.0409207161125316,-0.3089238067002668,ML,ML,ML,ML,ML,SCP,AutoTheta,AutoTheta,AutoTheta,AutoTheta,AutoTheta,preserve current forecast,SCP,SCP,SCP,SCP,SCP,ML,preserve current forecast,preserve current forecast,preserve current forecast,preserve current forecast,preserve current forecast,AutoTheta,92.19953654412217,68.93542757417075,90.68369646882024,41.194968553459724,78.37161274172377,45.74536148432502,60133.2,60891.0,52629.0,757.8000000000102,-7504.19999999999,7541.80000000001,7504.19999999999,22628917.64000005,39879982.43999998,3,2513.9333333333366,2501.3999999999965,2746.447259036059,3646.00157432769,0.12541823817791187,0.12479295962962207,0.012602023507812825,-0.12479295962962207,ML,AutoTheta,SCP,preserve current forecast,0.4985547216847421,62391.599999999984,51890.0,63647.0,-10501.599999999988,1255.4000000000124,10501.599999999988,1255.4000000000124,49486032.879999906,583177.4800000102,3,3500.533333333329,418.4666666666708,4061.446084011617,440.899640885924,0.16831752992389987,0.02012129837991032,-0.16831752992389987,0.02012129837991032,ML,AutoTheta,SCP,preserve current forecast,88.04563114192109,122524.79999999997,112781.0,116276.0,-9743.799999999977,-6248.799999999977,18043.399999999998,8759.600000000002,72114950.51999995,40463159.919999994,6,3007.233333333333,1459.9333333333336,3466.8657920375276,2596.894296398424,0.14726324793021495,0.07149246519888222,-0.07952512470944641,-0.051000287288777285,ML,AutoTheta,SCP,preserve current forecast,51.45260871011005,2026-07-17 18:06:48.718,0,,
32281,72,70,10326,1,58,TRADING,FRUTA LIOFILIZADA_MERC,,,,,smooth_newRelease,smooth_newRelease_newRelease,newRelease,preserve current forecast,preserve current forecast,success,smooth_newRelease,NOT_COMPARABLE_MISSING_ML,1,1,0,550.0,400.0,1050.0,600.0,310.0,711.0,541.0,540.0,541.0,0.0,0.0,0.0,,,,,,,,,,,,,,,,,,,,,,,,,,,,,,,,,,,,,,,,,,,,,,,,,,,,,,,,,,,,,,,,,,,,,,,,,,,,,,,,,,,,,,,,,,,,,,,,,,,,,,,,,,,,,,,,,,,,,,,,,,,,,,,,,,,,,,,,,,,,,,,,,,,,,,,,,,,,,,,,,,,,,,,,,,,,,,,,,,,,,,,,,,,,,,,,,,,,2026-07-17 18:06:48.718,0,,NoForecastRowsMaterialized
32282,72,70,10326,1,29,RETAIL,ALMENDRA TOST_ELAB,,,,AutoTheta,smooth_insuficient,smooth_insuficient_insuficient,insuficient,preserve current forecast,preserve current forecast,success,smooth_insuficient,COMPARABLE,1,1,1,6955.2,8164.799999999999,9676.8,8164.8,9979.199999999999,7559.999999999999,8401.0,9634.0,10355.0,10086.0,9546.0,7382.0,10164.0,9889.0,9613.0,9902.0,9587.0,9271.0,1445.8000000000002,1469.2000000000007,678.2000000000007,1921.1999999999998,-433.1999999999989,-177.9999999999991,3208.8,1724.2000000000007,-63.79999999999927,1737.1999999999998,-392.1999999999989,1711.000000000001,1445.8000000000002,1469.2000000000007,678.2000000000007,1921.1999999999998,433.1999999999989,177.9999999999991,3208.8,1724.2000000000007,63.79999999999927,1737.1999999999998,392.1999999999989,1711.000000000001,2090337.6400000006,2158548.640000002,459955.240000001,3691009.4399999995,187662.23999999906,31683.999999999676,10296397.440000001,2972865.6400000025,4070.4399999999073,3017863.8399999994,153820.83999999915,2927521.0000000033,1,1,1,1,1,1,1445.8000000000002,1469.2000000000007,678.2000000000007,1921.1999999999998,433.1999999999989,177.9999999999991,3208.8,1724.2000000000007,63.79999999999927,1737.1999999999998,392.1999999999989,1711.000000000001,1445.8000000000002,1469.2000000000007,678.2000000000007,1921.1999999999998,433.1999999999989,177.9999999999991,3208.8,1724.2000000000007,63.79999999999927,1737.1999999999998,392.1999999999989,1711.000000000001,0.2078732459167242,0.17994317068391152,0.07008515211640219,0.23530276308054082,0.04341029341029331,0.023544973544973428,0.46135265700483097,0.21117479913776221,0.00659308862433855,0.21276699980403682,0.03930174763508086,0.22632275132275148,0.2078732459167242,0.17994317068391152,0.07008515211640219,0.23530276308054082,-0.04341029341029331,-0.023544973544973428,0.46135265700483097,0.21117479913776221,-0.00659308862433855,0.21276699980403682,-0.03930174763508086,0.22632275132275148,SCP,SCP,ML,ML,ML,SCP,preserve current forecast,preserve current forecast,AutoTheta,AutoTheta,AutoTheta,preserve current forecast,ML,ML,SCP,SCP,SCP,ML,AutoTheta,AutoTheta,preserve current forecast,preserve current forecast,preserve current forecast,AutoTheta,54.94265769134879,14.789467579167148,90.59274550280165,9.57734749115136,9.464450600184708,89.59672706019877,25703.999999999996,27014.0,28760.0,1310.0000000000018,3056.000000000002,2532.399999999998,3840.3999999999996,3910355.6799999983,6099205.680000002,3,844.1333333333326,1280.1333333333332,1141.688176926315,1425.857131693074,0.09852163087457198,0.14940865234982884,0.05096483037659516,0.11889200124494251,SCP,preserve current forecast,ML,AutoTheta,34.05895219248,24796.8,28390.0,29666.0,3593.2000000000016,4869.200000000002,3593.2000000000016,4996.8,4708841.520000003,13273333.520000003,3,1197.7333333333338,1665.6000000000001,1252.842304522002,2103.436356695079,0.14490579429603828,0.20150987224157957,0.14490579429603828,0.19636404697380314,SCP,preserve current forecast,ML,AutoTheta,28.08997758565478,50500.799999999996,55404.0,58426.0,4903.2000000000035,7925.2000000000035,6125.599999999999,8837.2,8619197.200000003,19372539.200000007,6,1020.9333333333333,1472.8666666666668,1198.554490487048,1796.8741005794855,0.12129708836295662,0.1749912872667364,0.09709153122326783,0.1569321674112094,SCP,preserve current forecast,ML,AutoTheta,30.68392703571269,2026-07-17 18:06:48.718,0,,
32283,72,70,10326,1,86,ECOMMERCE,ALMENDRA OTROS_ELAB,,,,,,,,copy parent behaviour,copy parent behaviour,success,,NOT_COMPARABLE_ML_EXCLUDED,1,1,0,0.0,0.0,132.0,28.0,0.0,0.0,27.825311566913296,10.662265405728728,1.1573359678273678,-69.21461355352099,0.0,0.0,,,,,,,,,,,,,,,,,,,,,,,,,,,,,,,,,,,,,,,,,,,,,,,,,,,,,,,,,,,,,,,,,,,,,,,,,,,,,,,,,,,,,,,,,,,,,,,,,,,,,,,,,,,,,,,,,,,,,,,,,,,,,,,,,,,,,,,,,,,,,,,,,,,,,,,,,,,,,,,,,,,,,,,,,,,,,,,,,,,,,,,,,,,,,,,,,,,,2026-07-17 18:06:48.718,1,ShortSeries,
32284,72,70,10326,1,95,ECOMMERCE,MERCHANDISING,,,,,,,,copy parent behaviour,copy parent behaviour,success,,NOT_COMPARABLE_ML_EXCLUDED,1,1,0,0.0,0.0,0.0,14.0,0.0,0.0,40.68397827586567,15.625527939580273,1.6561619475131164,-474.12010284161875,0.0,0.0,,,,,,,,,,,,,,,,,,,,,,,,,,,,,,,,,,,,,,,,,,,,,,,,,,,,,,,,,,,,,,,,,,,,,,,,,,,,,,,,,,,,,,,,,,,,,,,,,,,,,,,,,,,,,,,,,,,,,,,,,,,,,,,,,,,,,,,,,,,,,,,,,,,,,,,,,,,,,,,,,,,,,,,,,,,,,,,,,,,,,,,,,,,,,,,,,,,,2026-07-17 18:06:48.718,1,ShortSeries,
32285,72,70,10326,1,12,INDUSTRIA,ALMENDRA HARINA_ELAB,,,,AutoARIMA,smooth_acceptable,smooth_acceptable_acceptable,acceptable,x11 seasonal,x11 seasonal,success,smooth_acceptable,COMPARABLE,1,1,1,364332.5,440611.0,395486.5,552771.0,321035.0,293134.5,439801.0,381354.0,341150.0,345626.0,341092.0,335284.0,385456.0,374318.0,305904.0,325783.0,325783.0,325783.0,75468.5,-59257.0,-54336.5,-207145.0,20057.0,42149.5,21123.5,-66293.0,-89582.5,-226988.0,4748.0,32648.5,75468.5,59257.0,54336.5,207145.0,20057.0,42149.5,21123.5,66293.0,89582.5,226988.0,4748.0,32648.5,5695494492.25,3511392049,2952455232.25,42909051025,402283249,1776580350.25,446202252.25,4394761849,8025024306.25,51523552144,22543504,1065924552.25,1,1,1,1,1,1,75468.5,59257.0,54336.5,207145.0,20057.0,42149.5,21123.5,66293.0,89582.5,226988.0,4748.0,32648.5,75468.5,59257.0,54336.5,207145.0,20057.0,42149.5,21123.5,66293.0,89582.5,226988.0,4748.0,32648.5,0.20714182786328422,0.1344882447328823,0.13739154180989743,0.3747392681598709,0.062476054012802346,0.1437889433007715,0.05797863215606623,0.1504569790586254,0.22651215654643078,0.41063659273008174,0.014789664678306103,0.11137720056833979,0.20714182786328422,-0.1344882447328823,-0.13739154180989743,-0.3747392681598709,0.062476054012802346,0.1437889433007715,0.05797863215606623,-0.1504569790586254,-0.22651215654643078,-0.41063659273008174,0.014789664678306103,0.11137720056833979,ML,SCP,SCP,SCP,ML,ML,AutoARIMA,x11 seasonal,x11 seasonal,x11 seasonal,AutoARIMA,AutoARIMA,SCP,ML,ML,ML,SCP,SCP,x11 seasonal,AutoARIMA,AutoARIMA,AutoARIMA,x11 seasonal,x11 seasonal,72.01017643122627,10.613488603623306,39.34473809058689,8.741871817012358,76.32746671984843,22.541192659462155,1166940.5,1022002.0,977349.0,-144938.5,-189591.5,269351.5,264384.5,45087914624.25,52612020200.25,3,89783.83333333333,88128.16666666667,122594.06541407296,132428.6225358778,0.23081853787746676,0.22656210835085422,-0.12420384758263167,-0.1624688662361106,ML,AutoARIMA,SCP,x11 seasonal,1.8440587856388393,1200430.0,1162305.0,1065678.0,-38125.0,-134752.0,189062.0,176999.0,12159341773.5,12865988407.5,3,63020.666666666664,58999.666666666664,63664.070907380716,65487.8828677489,0.1574952308756029,0.14744633173112967,-0.03175945286272419,-0.11225310930249993,ML,AutoARIMA,SCP,x11 seasonal,6.380446625974553,2367370.5,2184307.0,2043027.0,-183063.5,-324343.5,458413.5,441383.5,57247256397.75,65478008607.75,6,76402.25,73563.91666666667,97679.1144494308,104465.31211184409,0.19363825814337046,0.1864446228420942,-0.07732777780241834,-0.13700580454136774,ML,AutoARIMA,SCP,x11 seasonal,3.714986578711147,2026-07-17 18:06:48.718,0,,
32286,72,70,10326,1,19,INDUSTRIA,COCO_ELAB,,,,,,,,preserve current forecast,preserve current forecast,success,,NOT_COMPARABLE_MISSING_SCP_AND_ML,1,0,0,0.0,0.0,0.0,0.0,0.0,0.0,,,,,,,,,,,,,,,,,,,,,,,,,,,,,,,,,,,,,,,,,,,,,,,,,,,,,,,,,,,,,,,,,,,,,,,,,,,,,,,,,,,,,,,,,,,,,,,,,,,,,,,,,,,,,,,,,,,,,,,,,,,,,,,,,,,,,,,,,,,,,,,,,,,,,,,,,,,,,,,,,,,,,,,,,,,,,,,,,,,,,,,,,,,,,,,,,,,,,,,,,,2026-07-17 18:06:48.718,1,MissingHistory,NoForecastRowsMaterialized
32287,72,70,10326,1,53,TRADING,CIRUELA_MERC,,,,SeasonalNaive,seasonal_discontinuous_acceptable,seasonal_discontinuous_acceptable_acceptable,acceptable,preserve current forecast,preserve current forecast,success,seasonal_discontinuous_acceptable,NOT_COMPARABLE_NO_HISTORY,1,1,1,0.0,0.0,0.0,0.0,0.0,0.0,466.0,65.0,67.0,32.0,0.0,541.0,0.0,0.0,0.0,1927.0,1958.0,1989.0,,,,,,,,,,,,,,,,,,,,,,,,,,,,,,,,,,,,,,,,,,,,,,,,,,,,,,,,,,,,,,,,,,,,,,,,,,,,,,,,,,,,,,,,,,,,,,,,,,,,,,,,,,,,,,,,,,,,,,,,,,,,,,,,,,,,,,,,,,,,,,,,,,,,,,,,,,,,,,,,,,,,,,,,,,,,,,,,,,,,,,,,,,,,,,2026-07-17 18:06:48.718,0,,
32288,72,70,10326,1,15,INDUSTRIA,ALMENDRA REP US_ELAB,,,,HistoricAverage,smooth_insuficient,smooth_insuficient_insuficient,insuficient,x11 seasonal,x11 seasonal,success,smooth_insuficient,COMPARABLE,1,1,1,607860.0,699880.0,891518.0,742370.0,669230.0,639430.5,450425.0,394765.0,715562.0,596224.0,447096.0,589659.0,586341.0,586341.0,586341.0,396522.0,396522.0,396522.0,-157435.0,-305115.0,-175956.0,-146146.0,-222134.0,-49771.5,-21519.0,-113539.0,-305177.0,-345848.0,-272708.0,-242908.5,157435.0,305115.0,175956.0,146146.0,222134.0,49771.5,21519.0,113539.0,305177.0,345848.0,272708.0,242908.5,24785779225,93095163225,30960513936,21358653316,49343513956,2477202212.25,463067361,12891104521,93133001329,119610839104,74369653264,59004539372.25,1,1,1,1,1,1,157435.0,305115.0,175956.0,146146.0,222134.0,49771.5,21519.0,113539.0,305177.0,345848.0,272708.0,242908.5,157435.0,305115.0,175956.0,146146.0,222134.0,49771.5,21519.0,113539.0,305177.0,345848.0,272708.0,242908.5,0.2589987826144178,0.43595330628107676,0.19736673852911552,0.1968640974177297,0.33192474933879235,0.07783723172416705,0.03540124370743263,0.16222638166542835,0.3423116527091994,0.4658701186739766,0.4074951810289437,0.37988256737831555,-0.2589987826144178,-0.43595330628107676,-0.19736673852911552,-0.1968640974177297,-0.33192474933879235,-0.07783723172416705,-0.03540124370743263,-0.16222638166542835,-0.3423116527091994,-0.4658701186739766,-0.4074951810289437,-0.37988256737831555,ML,ML,SCP,SCP,SCP,SCP,HistoricAverage,HistoricAverage,x11 seasonal,x11 seasonal,x11 seasonal,x11 seasonal,SCP,SCP,ML,ML,ML,ML,x11 seasonal,x11 seasonal,HistoricAverage,HistoricAverage,HistoricAverage,HistoricAverage,86.33150188966874,62.78812906608984,42.34296817912228,57.74270777913997,18.545110521143496,79.51018593420979,2051030.5,1632979.0,1189566.0,-418051.5,-861464.5,418051.5,861464.5,73179369484.25,252985031740.25,3,139350.5,287154.8333333333,156182.97974304584,290393.42952865973,0.20382510157698777,0.4200154507697472,-0.20382510157698777,-0.4200154507697472,SCP,x11 seasonal,ML,HistoricAverage,51.47199913635443,2199258.0,1560752.0,1759023.0,-638506.0,-440235.0,638506.0,440235.0,148841456386,106487173211,3,212835.33333333334,146745.0,222741.5964640043,188403.09021793318,0.290327919689277,0.20017433152454145,-0.290327919689277,-0.20017433152454145,ML,HistoricAverage,SCP,x11 seasonal,31.052331536430355,4250288.5,3193731.0,2948589.0,-1056557.5,-1301699.5,1056557.5,1301699.5,222020825870.25,359472204951.25,6,176092.91666666666,216949.91666666666,192362.86278378943,244769.3488951214,0.2485848901786314,0.3062614455465788,-0.2485848901786314,-0.3062614455465788,SCP,x11 seasonal,ML,HistoricAverage,18.832457107035854,2026-07-17 18:06:48.718,0,,
32289,72,70,10326,1,46,TRADING,ANACARDO_MERC,,,,AutoETS,smooth_acceptable,smooth_acceptable_acceptable,acceptable,preserve current forecast,preserve current forecast,success,smooth_acceptable,COMPARABLE,1,1,1,531346.78,364247.4400000002,236578.08,649827.3600000003,392522.76000000007,344370.32,465184.0,464396.0,421201.0,389547.0,382189.0,402260.0,394018.0,432597.0,338710.0,442952.0,442951.0,442952.0,-66162.78000000003,100148.55999999982,184622.92,-260280.36000000034,-10333.760000000068,57889.67999999999,-137328.78000000003,68349.55999999982,102131.92000000001,-206875.36000000034,50428.23999999993,98581.68,66162.78000000003,100148.55999999982,184622.92,260280.36000000034,10333.760000000068,57889.67999999999,137328.78000000003,68349.55999999982,102131.92000000001,206875.36000000034,50428.23999999993,98581.68,4377513457.328403,10029734070.073565,34085622589.326405,67745865801.729774,106786595.7376014,3351215050.502399,18859193816.288406,4671662352.193576,10430929082.886402,42797414575.12974,2543007389.4975934,9718347631.622398,1,1,1,1,1,1,66162.78000000003,100148.55999999982,184622.92,260280.36000000034,10333.760000000068,57889.67999999999,137328.78000000003,68349.55999999982,102131.92000000001,206875.36000000034,50428.23999999993,98581.68,66162.78000000003,100148.55999999982,184622.92,260280.36000000034,10333.760000000068,57889.67999999999,137328.78000000003,68349.55999999982,102131.92000000001,206875.36000000034,50428.23999999993,98581.68,0.12451901938692472,0.27494650339889765,0.7803889523492625,0.4005377058916082,0.02632652435237148,0.1681029886663868,0.2584541492845784,0.18764595847262452,0.4317049153497231,0.3183543395279636,0.1284721426090042,0.28626648196627397,-0.12451901938692472,0.27494650339889765,0.7803889523492625,-0.4005377058916082,-0.02632652435237148,0.1681029886663868,-0.2584541492845784,0.18764595847262452,0.4317049153497231,-0.3183543395279636,0.1284721426090042,0.28626648196627397,SCP,ML,ML,ML,SCP,SCP,preserve current forecast,AutoETS,AutoETS,AutoETS,preserve current forecast,preserve current forecast,ML,SCP,SCP,SCP,ML,ML,AutoETS,preserve current forecast,preserve current forecast,preserve current forecast,AutoETS,AutoETS,51.82162107607742,31.75182948212141,44.680801278627804,20.51825961820551,79.50798996752597,41.27744627602208,1386720.4400000004,1173996.0,1328855.0,-212724.4400000004,-57865.44000000041,328503.8000000004,355885.28000000026,71203867447.96977,55058769596.249725,3,109501.2666666668,118628.42666666675,154060.45074144303,135472.96113523876,0.23689259242475744,0.2566380863326715,-0.15340109935929144,-0.0417282664413603,SCP,preserve current forecast,ML,AutoETS,7.693906305987108,1132172.3000000003,1350781.0,1165325.0,218608.69999999984,33152.69999999981,350934.2599999999,307810.2599999999,48492870116.72838,33961785251.368385,3,116978.08666666663,102603.41999999997,127138.86124592063,106398.2851543645,0.30996541780787235,0.27187580900892894,0.19308783654219397,0.029282380429197747,ML,AutoETS,SCP,preserve current forecast,12.28834141186444,2518892.7400000007,2524777.0,2494180.0,5884.259999999398,-24712.740000000602,679438.0600000003,663695.54,119696737564.69814,89020554847.6181,6,113239.67666666671,110615.92333333334,141242.5440891767,121806.23605246852,0.26973679712936094,0.26348701930039303,0.0023360502440446895,-0.009810953681180007,ML,AutoETS,SCP,preserve current forecast,2.316991191220612,2026-07-17 18:06:48.718,0,,
32290,72,70,10326,1,63,TRADING,NUEZ BRASIL_MERC,,,,AutoTheta,erratic_acceptable,erratic_acceptable_acceptable,acceptable,preserve current forecast,preserve current forecast,success,erratic_acceptable,COMPARABLE,1,1,1,16800.0,12080.0,33900.0,40400.0,0.0,1.0,41713.0,18967.0,4929.0,5531.0,7807.0,10157.0,46883.0,22999.0,8693.0,9513.0,3692.0,17875.0,24913.0,6887.0,-28971.0,-34869.0,7807.0,10156.0,30083.0,10919.0,-25207.0,-30887.0,3692.0,17874.0,24913.0,6887.0,28971.0,34869.0,7807.0,10156.0,30083.0,10919.0,25207.0,30887.0,3692.0,17874.0,620657569,47430769,839318841,1215847161,60949249,103144336,904986889,119224561,635392849,954006769,13630864,319479876,1,1,1,1,0,1,24913.0,6887.0,28971.0,34869.0,,10156.0,30083.0,10919.0,25207.0,30887.0,,17874.0,24913.0,6887.0,28971.0,34869.0,,10156.0,30083.0,10919.0,25207.0,30887.0,,17874.0,1.4829166666666667,0.5701158940397351,0.8546017699115044,0.8630940594059406,,10156.0,1.790654761904762,0.9038907284768212,0.7435693215339233,0.764529702970297,,17874.0,1.4829166666666667,0.5701158940397351,-0.8546017699115044,-0.8630940594059406,,10156.0,1.790654761904762,0.9038907284768212,-0.7435693215339233,-0.764529702970297,,17874.0,SCP,SCP,ML,ML,,SCP,preserve current forecast,preserve current forecast,AutoTheta,AutoTheta,,preserve current forecast,ML,ML,SCP,SCP,,ML,AutoTheta,AutoTheta,preserve current forecast,preserve current forecast,,AutoTheta,17.185785992088558,36.926458466892576,12.992302647475057,11.419885858498963,,43.18003804408638,40401.0,23495.0,31080.0,-16906.0,-9321.0,52832.0,52453.0,1379940746,1287117509,2,26416.0,26226.5,26267.28712676663,25368.45983697079,1.3076904037028787,1.2983094477859458,-0.41845498873790254,-0.23071211108635925,ML,AutoTheta,SCP,preserve current forecast,0.7173682616596108,62780.0,65609.0,78575.0,2829.0,15795.0,60771.0,66209.0,1507407179,1659604299,3,20257.0,22069.666666666668,22415.821637108613,23520.23454389858,0.9679993628544122,1.0546193055113093,0.045062121694807264,0.251592863969417,SCP,preserve current forecast,ML,AutoTheta,8.213384887250978,103181.0,89104.0,109655.0,-14077.0,6474.0,113603.0,118662.0,2887347925,2946721808,5,22720.6,23732.4,24030.59685068184,24276.41574862319,1.101006968337194,1.150037313071205,-0.13643015671489905,0.06274410986518836,SCP,preserve current forecast,ML,AutoTheta,4.263369907805356,2026-07-17 18:06:48.718,0,,
32291,72,70,10326,1,27,RETAIL,ALMENDRA HARINA_ELAB,,,,SeasonalNaive,seasonal_discontinuous_acceptable,seasonal_discontinuous_acceptable_acceptable,acceptable,preserve current forecast,preserve current forecast,success,seasonal_discontinuous_acceptable,COMPARABLE,1,1,1,23010.0,44800.0,35091.0,31060.0,46960.0,144588.0,17441.0,47276.0,213104.0,35409.0,111529.0,101825.0,25740.0,17960.0,48680.0,199854.0,198148.0,196558.0,-5569.0,2476.0,178013.0,4349.0,64569.0,-42763.0,2730.0,-26840.0,13589.0,168794.0,151188.0,51970.0,5569.0,2476.0,178013.0,4349.0,64569.0,42763.0,2730.0,26840.0,13589.0,168794.0,151188.0,51970.0,31013761,6130576.0,31688628169,18913801,4169155761,1828674169,7452900.0,720385600,184660921,28491414436,22857811344,2700880900,1,1,1,1,1,1,5569.0,2476.0,178013.0,4349.0,64569.0,42763.0,2730.0,26840.0,13589.0,168794.0,151188.0,51970.0,5569.0,2476.0,178013.0,4349.0,64569.0,42763.0,2730.0,26840.0,13589.0,168794.0,151188.0,51970.0,0.2420252064319861,0.05526785714285714,5.072896184206777,0.14001931745009658,1.3749787052810902,0.2957576009074059,0.11864406779661017,0.5991071428571428,0.38725029209768885,5.434449452672247,3.2195059625212945,0.3594350845160041,-0.2420252064319861,0.05526785714285714,5.072896184206777,0.14001931745009658,1.3749787052810902,-0.2957576009074059,0.11864406779661017,-0.5991071428571428,0.38725029209768885,5.434449452672247,3.2195059625212945,0.3594350845160041,ML,SCP,ML,SCP,SCP,SCP,SeasonalNaive,preserve current forecast,SeasonalNaive,preserve current forecast,preserve current forecast,preserve current forecast,SCP,ML,SCP,ML,ML,ML,preserve current forecast,SeasonalNaive,preserve current forecast,SeasonalNaive,SeasonalNaive,SeasonalNaive,50.97863171125876,90.77496274217587,92.36628785538134,97.42348661682286,57.292245416302876,17.715989994227435,222608.0,248763.0,594560.0,26155.0,371952.0,111681.0,371952.0,6016743731,54050106680,3,37227.0,123984.0,44783.716277980624,134226.30974092474,0.501693559979875,1.6708833465104578,0.11749353122978509,1.6708833465104578,SCP,preserve current forecast,ML,SeasonalNaive,69.97435152922958,102901.0,277821.0,92380.0,174920.0,-10521.0,186058.0,43159.0,31725772506,912499421,3,62019.333333333336,14386.333333333334,102836.0710159621,17440.36908057472,1.8081262572764114,0.4194225517730634,1.6998862984810643,-0.10224390433523484,ML,SeasonalNaive,SCP,preserve current forecast,76.80346988573456,325509.0,526584.0,686940.0,201075.0,361431.0,297739.0,415111.0,37742516237,54962606101,6,49623.166666666664,69185.16666666667,79312.16409122458,95710.15803020423,0.9146874587184993,1.275267350518726,0.6177248555339484,1.1103563956756957,SCP,preserve current forecast,ML,SeasonalNaive,28.27484696864212,2026-07-17 18:06:48.718,0,,
32292,72,70,10326,1,36,RETAIL,PIÑONES_ELAB,,,,MovingAverage3M,smooth_insuficient,smooth_insuficient_insuficient,insuficient,preserve current forecast,preserve current forecast,success,smooth_insuficient,COMPARABLE,1,1,1,3065.0,4800.0,3250.0,3405.0,3185.0,4525.0,3373.0,1943.0,1680.0,3786.0,2836.0,2852.0,3705.0,3705.0,3705.0,3701.0,3638.0,3572.0,308.0,-2857.0,-1570.0,381.0,-349.0,-1673.0,640.0,-1095.0,455.0,296.0,453.0,-953.0,308.0,2857.0,1570.0,381.0,349.0,1673.0,640.0,1095.0,455.0,296.0,453.0,953.0,94864.0,8162449.0,2464900.0,145161.0,121801.0,2798929.0,409600.0,1199025.0,207025.0,87616.0,205209.0,908209.0,1,1,1,1,1,1,308.0,2857.0,1570.0,381.0,349.0,1673.0,640.0,1095.0,455.0,296.0,453.0,953.0,308.0,2857.0,1570.0,381.0,349.0,1673.0,640.0,1095.0,455.0,296.0,453.0,953.0,0.10048939641109299,0.5952083333333333,0.48307692307692307,0.11189427312775331,0.10957613814756671,0.36972375690607734,0.20880913539967375,0.228125,0.14,0.08693098384728341,0.14222919937205653,0.21060773480662984,0.10048939641109299,-0.5952083333333333,-0.48307692307692307,0.11189427312775331,-0.10957613814756671,-0.36972375690607734,0.20880913539967375,-0.228125,0.14,0.08693098384728341,0.14222919937205653,-0.21060773480662984,SCP,ML,ML,ML,SCP,ML,preserve current forecast,MovingAverage3M,MovingAverage3M,MovingAverage3M,preserve current forecast,MovingAverage3M,ML,SCP,SCP,SCP,ML,SCP,MovingAverage3M,preserve current forecast,preserve current forecast,preserve current forecast,MovingAverage3M,preserve current forecast,51.87500000000001,61.673083654182705,71.01910828025477,22.309711286089236,22.9580573951435,43.03646144650329,11115.0,9474.0,10911.0,-1641.0,-204.0,2403.0,1702.0,3065891.0,1201034.0,3,801.0,567.3333333333334,1010.9221862570168,632.7279562866388,0.21619433198380567,0.1531264057579847,-0.147638326585695,-0.01835357624831309,ML,MovingAverage3M,SCP,preserve current forecast,29.171868497711195,11115.0,6996.0,11115.0,-4119.0,0.0,4735.0,2190.0,10722213,1815650.0,3,1578.3333333333333,730.0,1890.5213566632883,777.9567254460023,0.42600089968511023,0.1970310391363023,-0.37058029689608635,0.0,ML,MovingAverage3M,SCP,preserve current forecast,53.74868004223865,22230.0,16470.0,22026.0,-5760.0,-204.0,7138.0,3892.0,13788104,3016684.0,6,1189.6666666666667,648.6666666666666,1515.9212820372084,709.0702833053058,0.32109761583445795,0.1750787224471435,-0.2591093117408907,-0.009176788124156544,ML,MovingAverage3M,SCP,preserve current forecast,45.47492294760437,2026-07-17 18:06:48.718,0,,
32293,72,70,10326,1,77,TRADING,PISTACHO CASCA_MERC,,,,SeasonalNaive,erratic_acceptable,erratic_acceptable_acceptable,acceptable,preserve current forecast,preserve current forecast,success,erratic_acceptable,COMPARABLE,1,1,1,214326.31999999998,112855.35000000002,360476.27,159031.83,243038.55000000002,251658.95000000004,272728.0,332609.0,145341.0,272979.0,300601.0,288562.0,407038.0,463306.0,289238.0,140088.0,126639.0,105575.0,58401.68000000002,219753.64999999997,-215135.27000000002,113947.17000000001,57562.44999999998,36903.04999999996,192711.68000000002,350450.64999999997,-71238.27000000002,-18943.829999999987,-116399.55000000002,-146083.95000000004,58401.68000000002,219753.64999999997,215135.27000000002,113947.17000000001,57562.44999999998,36903.04999999996,192711.68000000002,350450.64999999997,71238.27000000002,18943.829999999987,116399.55000000002,146083.95000000004,3410756226.8224025,48291666688.32249,46283184397.97291,12983957551.008904,3313435650.002498,1361835099.302497,37137791608.42241,122815658085.42247,5074891112.592902,358868695.0688995,13548855240.202503,21340520447.602512,1,1,1,1,1,1,58401.68000000002,219753.64999999997,215135.27000000002,113947.17000000001,57562.44999999998,36903.04999999996,192711.68000000002,350450.64999999997,71238.27000000002,18943.829999999987,116399.55000000002,146083.95000000004,58401.68000000002,219753.64999999997,215135.27000000002,113947.17000000001,57562.44999999998,36903.04999999996,192711.68000000002,350450.64999999997,71238.27000000002,18943.829999999987,116399.55000000002,146083.95000000004,0.2724895383824069,1.947215174114474,0.5968084112721207,0.7165054316484947,0.23684493673945956,0.14663913204755863,0.8991507902529192,3.1053082552134206,0.19762263407796585,0.11911973848254144,0.4789345147097035,0.5804838254312037,0.2724895383824069,1.947215174114474,-0.5968084112721207,0.7165054316484947,0.23684493673945956,0.14663913204755863,0.8991507902529192,3.1053082552134206,-0.19762263407796585,-0.11911973848254144,-0.4789345147097035,-0.5804838254312037,SCP,SCP,ML,ML,SCP,SCP,preserve current forecast,preserve current forecast,SeasonalNaive,SeasonalNaive,preserve current forecast,preserve current forecast,ML,ML,SCP,SCP,ML,ML,SeasonalNaive,SeasonalNaive,preserve current forecast,preserve current forecast,SeasonalNaive,SeasonalNaive,69.69478964637743,37.29398133517516,66.88675455214758,83.3749008422061,50.54753218547668,74.73846373951419,653729.3300000001,862142.0,372302.0,208412.66999999995,-281427.3300000001,208412.66999999995,281427.3300000001,17659228300.313896,35248244382.87392,3,69470.88999999998,93809.11000000003,76722.93942125762,108394.71755713609,0.31880575099789377,0.43049518674647813,0.31880575099789377,-0.43049518674647813,SCP,preserve current forecast,ML,SeasonalNaive,25.9444098766101,687657.9400000001,750678.0,1159582.0,63020.05999999997,471924.05999999994,493290.6,614400.6,97985607313.1178,165028340806.43777,3,164430.19999999998,204800.19999999998,180725.95027934588,234540.92806049707,0.7173488028073957,0.8934683427053862,0.09164448824658371,0.686277337247062,SCP,preserve current forecast,ML,SeasonalNaive,19.711894812602726,1341387.2699999998,1612820.0,1531884.0,271432.72999999986,190496.7299999999,701703.2699999999,895827.93,115644835613.4317,200276585189.3117,6,116950.54499999998,149304.655,138831.3338872219,182700.38550831054,0.523117585572435,0.6678369103651924,0.20235224835554008,0.14201471436358565,SCP,preserve current forecast,ML,SeasonalNaive,21.669860192905585,2026-07-17 18:06:48.718,0,,
32294,72,70,10326,1,9,INDUSTRIA,ALMENDRA ENV Ñ_ELAB,,,,AutoTheta,erratic_acceptable,erratic_acceptable_acceptable,acceptable,x11 seasonal,x11 seasonal,success,erratic_acceptable,COMPARABLE,1,1,1,5000.0,22000.0,5375.0,6000.0,3600.0,25195.0,555.0,5786.0,1866.0,3901.0,56638.0,25469.0,10984.0,12887.0,14780.0,42146.0,42147.0,42147.0,-4445.0,-16214.0,-3509.0,-2099.0,53038.0,274.0,5984.0,-9113.0,9405.0,36146.0,38547.0,16952.0,4445.0,16214.0,3509.0,2099.0,53038.0,274.0,5984.0,9113.0,9405.0,36146.0,38547.0,16952.0,19758025,262893796,12313081,4405801.0,2813029444,75076.0,35808256,83046769,88454025,1306533316,1485871209,287370304,1,1,1,1,1,1,4445.0,16214.0,3509.0,2099.0,53038.0,274.0,5984.0,9113.0,9405.0,36146.0,38547.0,16952.0,4445.0,16214.0,3509.0,2099.0,53038.0,274.0,5984.0,9113.0,9405.0,36146.0,38547.0,16952.0,0.889,0.737,0.6528372093023256,0.34983333333333333,14.732777777777779,0.010875173645564597,1.1968,0.4142272727272727,1.7497674418604652,6.024333333333334,10.7075,0.672831911093471,-0.889,-0.737,-0.6528372093023256,-0.34983333333333333,14.732777777777779,0.010875173645564597,1.1968,-0.4142272727272727,1.7497674418604652,6.024333333333334,10.7075,0.672831911093471,SCP,ML,SCP,SCP,ML,SCP,x11 seasonal,AutoTheta,x11 seasonal,x11 seasonal,AutoTheta,x11 seasonal,ML,SCP,ML,ML,SCP,ML,AutoTheta,x11 seasonal,AutoTheta,AutoTheta,x11 seasonal,AutoTheta,25.718582887700542,43.795485383002344,62.69005847953216,94.19299507552702,27.321920132735027,98.38367154318075,34795.0,86008.0,126440.0,51213.0,91645.0,55411.0,91645.0,2817510321,3079774829,3,18470.333333333332,30548.333333333332,30645.882382466978,32040.468312224566,1.5924989222589452,2.633855438999856,1.4718494036499497,2.633855438999856,SCP,x11 seasonal,ML,AutoTheta,39.537345190681435,32375.0,8207.0,38651.0,-24168.0,6276.0,24168.0,24502.0,294964902,207309050,3,8056.0,8167.333333333333,9915.726599700094,8312.822424824595,0.7465019305019305,0.7568185328185328,-0.7465019305019305,0.19385328185328185,SCP,x11 seasonal,ML,AutoTheta,1.3631540282425987,67170.0,94215.0,165091.0,27045.0,97921.0,79579.0,116147.0,3112475223,3287083879,6,13263.166666666666,19357.833333333332,22775.993293378007,23406.138365109837,1.1847402114039005,1.7291499181182075,0.4026351049575703,1.4578085454816139,SCP,x11 seasonal,ML,AutoTheta,31.484239799564346,2026-07-17 18:06:48.718,0,,
32295,72,70,10326,1,34,RETAIL,NUEZ KERNEL_ELAB,,,,MovingAverage3M,intermittent_acceptable,intermittent_acceptable_acceptable,acceptable,preserve current forecast,preserve current forecast,success,intermittent_acceptable,COMPARABLE,1,1,1,9590.399999999998,15552.000000000002,13478.399999999998,16848.0,15552.000000000002,13478.4,5582.0,4270.0,0.0,0.0,0.0,0.0,15293.0,15293.0,15292.0,6553.0,7148.0,7391.0,-4008.399999999998,-11282.000000000002,-13478.399999999998,-16848.0,-15552.000000000002,-13478.4,5702.600000000002,-259.0000000000018,1813.6000000000022,-10295.0,-8404.000000000002,-6087.4,4008.399999999998,11282.000000000002,13478.399999999998,16848.0,15552.000000000002,13478.4,5702.600000000002,259.0000000000018,1813.6000000000022,10295.0,8404.000000000002,6087.4,16067270.559999982,127283524.00000004,181667266.55999994,283855104,241864704.00000006,181667266.56,32519646.760000024,67081.00000000095,3289144.960000008,105987025,70627216.00000003,37056438.76,1,1,1,1,1,1,4008.399999999998,11282.000000000002,13478.399999999998,16848.0,15552.000000000002,13478.4,5702.600000000002,259.0000000000018,1813.6000000000022,10295.0,8404.000000000002,6087.4,4008.399999999998,11282.000000000002,13478.399999999998,16848.0,15552.000000000002,13478.4,5702.600000000002,259.0000000000018,1813.6000000000022,10295.0,8404.000000000002,6087.4,0.4179596262929595,0.725437242798354,1.0,1.0,1.0,1.0,0.5946154487821158,0.016653806584362257,0.1345560303893639,0.6110517568850902,0.5403806584362141,0.45164114434947766,-0.4179596262929595,-0.725437242798354,-1.0,-1.0,-1.0,-1.0,0.5946154487821158,-0.016653806584362257,0.1345560303893639,-0.6110517568850902,-0.5403806584362141,-0.45164114434947766,SCP,ML,ML,ML,ML,ML,preserve current forecast,MovingAverage3M,MovingAverage3M,MovingAverage3M,MovingAverage3M,MovingAverage3M,ML,SCP,SCP,SCP,SCP,SCP,MovingAverage3M,preserve current forecast,preserve current forecast,preserve current forecast,preserve current forecast,preserve current forecast,29.709255427348992,97.70430774685337,86.54439696106361,38.894824311490986,45.96193415637859,54.83588556505224,45878.4,0.0,21092.0,-45878.4,-24786.4,45878.4,24786.4,707387074.5600001,213670679.76000002,3,15292.800000000001,8262.133333333333,15355.640381306148,8439.405187570983,1.0,0.5402629559880031,-1.0,-0.5402629559880031,ML,MovingAverage3M,SCP,preserve current forecast,45.97370440119969,38620.8,9852.0,45878.0,-28768.8,7257.200000000003,28768.8,7775.200000000006,325018061.12,35875872.720000036,3,9589.6,2591.7333333333354,10408.619202692866,3458.124381800055,0.7449043002734277,0.20132156765266399,-0.7449043002734277,0.18790910597398297,ML,MovingAverage3M,SCP,preserve current forecast,72.97349906843523,84499.2,9852.0,66970.0,-74647.2,-17529.199999999997,74647.2,32561.600000000006,1032405135.6800001,249546552.48000005,6,12441.199999999999,5426.933333333334,13117.451071505217,6449.115604484075,0.8834071801863213,0.38534802696356896,-0.8834071801863213,-0.20744811785200332,ML,MovingAverage3M,SCP,preserve current forecast,56.379341756958055,2026-07-17 18:06:48.718,0,,NoForecastRowsMaterialized
32296,72,70,10326,1,52,TRADING,CACAHUETE_MERC,,,,SeasonalNaive,erratic_acceptable,erratic_acceptable_acceptable,acceptable,preserve current forecast,preserve current forecast,success,erratic_acceptable,COMPARABLE,1,1,1,0.0,0.0,40000.0,57500.0,3750.0,42846.5,21499.0,21009.0,36901.0,20356.0,16051.0,22705.0,2000.0,25000.0,33000.0,10259.0,11410.0,12563.0,21499.0,21009.0,-3099.0,-37144.0,12301.0,-20141.5,2000.0,25000.0,-7000.0,-47241.0,7660.0,-30283.5,21499.0,21009.0,3099.0,37144.0,12301.0,20141.5,2000.0,25000.0,7000.0,47241.0,7660.0,30283.5,462207001,441378081,9603801.0,1379676736,151314601,405680022.25,4000000.0,625000000,49000000,2231712081,58675600,917090372.25,0,0,1,1,1,1,,,3099.0,37144.0,12301.0,20141.5,,,7000.0,47241.0,7660.0,30283.5,,,3099.0,37144.0,12301.0,20141.5,,,7000.0,47241.0,7660.0,30283.5,,,0.077475,0.6459826086956522,3.280266666666667,0.4700850711259963,,,0.175,0.8215826086956521,2.042666666666667,0.706790519645712,,,-0.077475,-0.6459826086956522,3.280266666666667,-0.4700850711259963,,,-0.175,-0.8215826086956521,2.042666666666667,-0.706790519645712,,,SCP,SCP,ML,SCP,,,preserve current forecast,preserve current forecast,SeasonalNaive,preserve current forecast,,,ML,ML,SCP,ML,,,SeasonalNaive,SeasonalNaive,preserve current forecast,SeasonalNaive,,,55.72857142857143,21.373383289938822,37.72863994797171,33.49018442386118,104096.5,59112.0,34232.0,-44984.5,-69864.5,69586.5,85184.5,1936671359.25,3207478053.25,3,23195.5,28394.833333333332,25407.81611532168,32698.002249118115,0.6684806885918355,0.8183224219834481,-0.43214229104724944,-0.6711512875072649,SCP,preserve current forecast,ML,SeasonalNaive,18.310842935040995,40000.0,79409.0,60000.0,39409.0,20000.0,45607.0,34000.0,913188883,678000000,1,45607.0,34000.0,30219.015255299106,26038.433132583075,1.140175,0.85,0.985225,0.5,ML,SeasonalNaive,SCP,preserve current forecast,25.450040563948516,144096.5,138521.0,94232.0,-5575.5,-49864.5,115193.5,119184.5,2849860242.25,3885478053.25,4,28798.375,29796.125,26692.041146426025,31166.801461049865,0.7994191392573726,0.8271158563879067,-0.038692820436304835,-0.346049348873845,SCP,preserve current forecast,ML,SeasonalNaive,3.34858979145779,2026-07-17 18:06:48.718,0,,
"32297,72,70,10326,1,5,"""",ALMENDRA CORTE_ELAB,,,,,,,,preserve current forecast,preserve current forecast,success,,NOT_COMPARABLE_MISSING_SCP_AND_ML,1,0,0,0.0,0.0,0.0,0.0,0.0,0.0,,,,,,,,,,,,,,,,,,,,,,,,,,,,,,,,,,,,,,,,,,,,,,,,,,,,,,,,,,,,,,,,,,,,,,,,,,,,,,,,,,,,,,,,,,,,,,,,,,,,,,,,,,,,,,,,,,,,,,,,,,,,,,,,,,,,,,,,,,,,,,,,,,,,,,,,,,,,,,,,,,,,,,,,,,,,,,,,,,,,,,,,,,,,,,,,,,,,,,,,,,2026-07-17 18:06:48.718,1,MissingHistory,NoForecastRowsMaterialized"
32298,72,70,10326,1,25,RETAIL,ALMENDRA ENV US_ELAB,,,,TSB,lumpy_acceptable,lumpy_acceptable_acceptable,acceptable,preserve current forecast,preserve current forecast,success,lumpy_acceptable,COMPARABLE,1,1,1,5040.0,10800.0,7200.0,5040.0,9000.0,28800.0,2711.0,1116.0,4138.0,0.0,9364.0,0.0,10187.0,10186.0,10187.0,7991.0,7992.0,7991.0,-2329.0,-9684.0,-3062.0,-5040.0,364.0,-28800.0,5147.0,-614.0,2987.0,2951.0,-1008.0,-20809.0,2329.0,9684.0,3062.0,5040.0,364.0,28800.0,5147.0,614.0,2987.0,2951.0,1008.0,20809.0,5424241.0,93779856,9375844.0,25401600,132496.0,829440000,26491609,376996.0,8922169.0,8708401.0,1016064.0,433014481,1,1,1,1,1,1,2329.0,9684.0,3062.0,5040.0,364.0,28800.0,5147.0,614.0,2987.0,2951.0,1008.0,20809.0,2329.0,9684.0,3062.0,5040.0,364.0,28800.0,5147.0,614.0,2987.0,2951.0,1008.0,20809.0,0.4621031746031746,0.8966666666666666,0.42527777777777775,1.0,0.04044444444444444,1.0,1.0212301587301587,0.056851851851851855,0.4148611111111111,0.585515873015873,0.112,0.7225347222222223,-0.4621031746031746,-0.8966666666666666,-0.42527777777777775,-1.0,0.04044444444444444,-1.0,1.0212301587301587,-0.056851851851851855,0.4148611111111111,0.585515873015873,-0.112,-0.7225347222222223,SCP,ML,ML,ML,SCP,ML,preserve current forecast,TSB,TSB,TSB,preserve current forecast,TSB,ML,SCP,SCP,SCP,ML,SCP,TSB,preserve current forecast,preserve current forecast,preserve current forecast,TSB,preserve current forecast,54.75034000388575,93.65964477488642,2.4493794905290573,41.448412698412696,63.88888888888889,27.746527777777775,42840.0,9364.0,23974.0,-33476.0,-18866.0,34204.0,24768.0,854974096,442738946,3,11401.333333333334,8256.0,16881.687277441593,12148.236442655643,0.7984126984126985,0.5781512605042017,-0.7814192343604108,-0.4403828197945845,ML,TSB,SCP,preserve current forecast,27.58741667641211,23040.0,7965.0,30560.0,-15075.0,7520.0,15075.0,8748.0,108579941,35790774,3,5025.0,2916.0,6016.087903834739,3454.020555816077,0.654296875,0.3796875,-0.654296875,0.3263888888888889,ML,TSB,SCP,preserve current forecast,41.97014925373134,65880.0,17329.0,54534.0,-48551.0,-11346.0,49279.0,33516.0,963554037,478529720,6,8213.166666666666,5586.0,12672.503284671107,8930.562878863422,0.7480115361262902,0.5087431693989071,-0.7369611414693382,-0.17222222222222222,ML,TSB,SCP,preserve current forecast,31.98725623490737,2026-07-17 18:06:48.718,0,,
32299,72,70,10326,1,73,TRADING,PIMIENTA_MERC,,,,HistoricAverage,lumpy_acceptable,lumpy_acceptable_acceptable,acceptable,preserve current forecast,preserve current forecast,success,lumpy_acceptable,COMPARABLE,1,1,1,54000.0,0.0,0.0,54000.0,54000.0,81000.0,15455.0,22569.0,14056.0,309.0,686.0,1304.0,33446.0,33446.0,33446.0,20251.0,20251.0,20251.0,-38545.0,22569.0,14056.0,-53691.0,-53314.0,-79696.0,-20554.0,33446.0,33446.0,-33749.0,-33749.0,-60749.0,38545.0,22569.0,14056.0,53691.0,53314.0,79696.0,20554.0,33446.0,33446.0,33749.0,33749.0,60749.0,1485717025,509359761,197571136,2882723481,2842382596,6351452416,422466916,1118634916,1118634916,1138995001,1138995001,3690441001,1,0,0,1,1,1,38545.0,,,53691.0,53314.0,79696.0,20554.0,,,33749.0,33749.0,60749.0,38545.0,,,53691.0,53314.0,79696.0,20554.0,,,33749.0,33749.0,60749.0,0.7137962962962963,,,0.9942777777777778,0.9872962962962963,0.9839012345679012,0.38062962962962965,,,0.6249814814814815,0.6249814814814815,0.7499876543209877,-0.7137962962962963,,,-0.9942777777777778,-0.9872962962962963,-0.9839012345679012,-0.38062962962962965,,,-0.6249814814814815,-0.6249814814814815,-0.7499876543209877,ML,,,ML,ML,ML,HistoricAverage,,,HistoricAverage,HistoricAverage,HistoricAverage,SCP,,,SCP,SCP,SCP,preserve current forecast,,,preserve current forecast,preserve current forecast,preserve current forecast,46.67531456738876,,,37.14216535359744,36.697677908241744,23.774091547881948,189000.0,2299.0,60753.0,-186701.0,-128247.0,186701.0,128247.0,12076558493,5968431003,3,62233.666666666664,42749.0,63446.98178531952,44603.55368129315,0.9878359788359788,0.6785555555555556,-0.9878359788359788,-0.6785555555555556,ML,HistoricAverage,SCP,preserve current forecast,31.308884258788115,54000.0,52080.0,100338.0,-1920.0,46338.0,75170.0,87446.0,2192647922,2659736748,1,75170.0,87446.0,46825.718595660655,51572.63565108923,1.392037037037037,1.6193703703703703,-0.035555555555555556,0.8581111111111112,SCP,preserve current forecast,ML,HistoricAverage,14.038377970404595,243000.0,54379.0,161091.0,-188621.0,-81909.0,261871.0,215693.0,14269206415,8628167751,4,65467.75,53923.25,59726.89179716286,46443.9655687367,1.0776584362139918,0.8876255144032922,-0.7762181069958848,-0.3370740740740741,ML,HistoricAverage,SCP,preserve current forecast,17.633873166559113,2026-07-17 18:06:48.718,0,,
32300,72,70,10326,1,13,INDUSTRIA,ALMENDRA OTROS_ELAB,,,,AutoARIMA,smooth_acceptable,smooth_acceptable_acceptable,acceptable,x11 seasonal,x11 seasonal,success,smooth_acceptable,COMPARABLE,1,1,1,38940.0,125075.0,7201.0,5490.0,25476.0,7200.0,48577.0,51230.0,47029.0,61427.0,43394.0,67781.0,11773.0,14083.0,12805.0,27721.0,27721.0,27721.0,9637.0,-73845.0,39828.0,55937.0,17918.0,60581.0,-27167.0,-110992.0,5604.0,22231.0,2245.0,20521.0,9637.0,73845.0,39828.0,55937.0,17918.0,60581.0,27167.0,110992.0,5604.0,22231.0,2245.0,20521.0,92871769,5453084025,1586269584,3128947969,321054724,3670057561,738045889,12319224064,31404816,494217361,5040025.0,421111441,1,1,1,1,1,1,9637.0,73845.0,39828.0,55937.0,17918.0,60581.0,27167.0,110992.0,5604.0,22231.0,2245.0,20521.0,9637.0,73845.0,39828.0,55937.0,17918.0,60581.0,27167.0,110992.0,5604.0,22231.0,2245.0,20521.0,0.2474833076527992,0.5904057565460723,5.530898486321345,10.188888888888888,0.7033286230177422,8.414027777777777,0.697663071391885,0.8874035578652808,0.7782252464935425,4.0493624772313295,0.08812215418433035,2.850138888888889,0.2474833076527992,-0.5904057565460723,5.530898486321345,10.188888888888888,0.7033286230177422,8.414027777777777,-0.697663071391885,-0.8874035578652808,0.7782252464935425,4.0493624772313295,0.08812215418433035,2.850138888888889,SCP,SCP,ML,ML,ML,ML,x11 seasonal,x11 seasonal,AutoARIMA,AutoARIMA,AutoARIMA,AutoARIMA,ML,ML,SCP,SCP,SCP,SCP,AutoARIMA,AutoARIMA,x11 seasonal,x11 seasonal,x11 seasonal,x11 seasonal,64.5268156218942,33.46817788669454,85.9294968363965,60.25707492357474,87.47069985489452,66.12634324293096,38166.0,172602.0,83163.0,134436.0,44997.0,134436.0,44997.0,7120060254,920368827,3,44812.0,14999.0,48717.075220090956,17515.410614655884,3.5224021380286117,1.1789812922496463,3.5224021380286117,1.1789812922496463,ML,AutoARIMA,SCP,x11 seasonal,66.52905471748637,171216.0,146836.0,38661.0,-24380.0,-132555.0,123310.0,143763.0,7132225378,13088674769,3,41103.333333333336,47921.0,48758.67573399972,66052.18837908906,0.7202013830483133,0.8396586767591814,-0.14239323427717035,-0.7741975049060835,SCP,x11 seasonal,ML,AutoARIMA,14.226887307582615,209382.0,319438.0,121824.0,110056.0,-87558.0,257746.0,188760.0,14252285632,14009043596,6,42957.666666666664,31460.0,48737.879915592006,48320.18832054914,1.2309845163385582,0.9015101584663439,0.525623023946662,-0.4181734819612001,ML,AutoARIMA,SCP,x11 seasonal,26.765109836816087,2026-07-17 18:06:48.718,0,,
32301,72,70,10326,1,32,RETAIL,MACADAMIA_ELAB,,,,AutoARIMA,smooth_acceptable,smooth_acceptable_acceptable,acceptable,preserve current forecast,preserve current forecast,success,smooth_acceptable,COMPARABLE,1,1,1,1890.0,2310.0,2310.0,2100.0,2100.0,1470.0,2137.0,2145.0,2095.0,2551.0,1956.0,2040.0,2016.0,2017.0,2016.0,2605.0,2584.0,2409.0,247.0,-165.0,-215.0,451.0,-144.0,570.0,126.0,-293.0,-294.0,505.0,484.0,939.0,247.0,165.0,215.0,451.0,144.0,570.0,126.0,293.0,294.0,505.0,484.0,939.0,61009.0,27225.0,46225.0,203401.0,20736.0,324900.0,15876.0,85849.0,86436.0,255025.0,234256.0,881721.0,1,1,1,1,1,1,247.0,165.0,215.0,451.0,144.0,570.0,126.0,293.0,294.0,505.0,484.0,939.0,247.0,165.0,215.0,451.0,144.0,570.0,126.0,293.0,294.0,505.0,484.0,939.0,0.1306878306878307,0.07142857142857142,0.09307359307359307,0.21476190476190476,0.06857142857142857,0.3877551020408163,0.06666666666666667,0.12683982683982684,0.12727272727272726,0.24047619047619048,0.23047619047619047,0.6387755102040816,0.1306878306878307,-0.07142857142857142,-0.09307359307359307,0.21476190476190476,-0.06857142857142857,0.3877551020408163,0.06666666666666667,-0.12683982683982684,-0.12727272727272726,0.24047619047619048,0.23047619047619047,0.6387755102040816,ML,SCP,SCP,SCP,SCP,SCP,AutoARIMA,preserve current forecast,preserve current forecast,preserve current forecast,preserve current forecast,preserve current forecast,SCP,ML,ML,ML,ML,ML,preserve current forecast,AutoARIMA,AutoARIMA,AutoARIMA,AutoARIMA,AutoARIMA,48.987854251012145,43.68600682593857,26.870748299319718,10.693069306930694,70.24793388429751,39.29712460063898,5670.0,6547.0,7598.0,877.0,1928.0,1165.0,1928.0,549037.0,1371002.0,3,388.3333333333333,642.6666666666666,427.7994078225604,676.018244329742,0.2054673721340388,0.3400352733686067,0.154673721340388,0.3400352733686067,SCP,preserve current forecast,ML,AutoARIMA,39.574688796680505,6510.0,6377.0,6049.0,-133.0,-461.0,627.0,713.0,134459.0,188161.0,3,209.0,237.66666666666666,211.70655792078492,250.4402789755141,0.09631336405529954,0.10952380952380952,-0.02043010752688172,-0.07081413210445468,SCP,preserve current forecast,ML,AutoARIMA,12.061711079943898,12180.0,12924.0,13647.0,744.0,1467.0,1792.0,2641.0,683496.0,1559163.0,6,298.6666666666667,440.1666666666667,337.5144441353585,509.7651420016869,0.1471264367816092,0.21683087027914613,0.061083743842364535,0.12044334975369458,SCP,preserve current forecast,ML,AutoARIMA,32.146914047709195,2026-07-17 18:06:48.718,0,,
32302,72,70,10326,1,33,RETAIL,NUEZ BRASIL_ELAB,,,,MovingAverage12M,smooth_acceptable,smooth_acceptable_acceptable,acceptable,preserve current forecast,preserve current forecast,success,smooth_acceptable,COMPARABLE,1,1,1,3913.7999999999997,3703.8,5173.8,2481.9,3397.2000000000003,2556.0,3381.0,2179.0,1872.0,4026.0,3275.0,2058.0,2361.0,2362.0,2362.0,4536.0,3717.0,1890.0,-532.7999999999997,-1524.8000000000002,-3301.8,1544.1,-122.20000000000027,-498.0,-1552.7999999999997,-1341.8000000000002,-2811.8,2054.1,319.7999999999997,-666.0,532.7999999999997,1524.8000000000002,3301.8,1544.1,122.20000000000027,498.0,1552.7999999999997,1341.8000000000002,2811.8,2054.1,319.7999999999997,666.0,283875.83999999973,2325015.0400000005,10901883.240000002,2384244.8099999996,14932.840000000067,248004.0,2411187.839999999,1800427.2400000005,7906219.240000001,4219326.81,102272.03999999982,443556.0,1,1,1,1,1,1,532.7999999999997,1524.8000000000002,3301.8,1544.1,122.20000000000027,498.0,1552.7999999999997,1341.8000000000002,2811.8,2054.1,319.7999999999997,666.0,532.7999999999997,1524.8000000000002,3301.8,1544.1,122.20000000000027,498.0,1552.7999999999997,1341.8000000000002,2811.8,2054.1,319.7999999999997,666.0,0.13613368082170774,0.41168529618229927,0.6381769685724226,0.6221443249123655,0.03597079948192637,0.19483568075117372,0.3967499616740763,0.362276580808899,0.5434690169701187,0.827632056086063,0.09413634758036021,0.2605633802816901,-0.13613368082170774,-0.41168529618229927,-0.6381769685724226,0.6221443249123655,-0.03597079948192637,-0.19483568075117372,-0.3967499616740763,-0.362276580808899,-0.5434690169701187,0.827632056086063,0.09413634758036021,-0.2605633802816901,SCP,ML,ML,SCP,SCP,SCP,preserve current forecast,MovingAverage12M,MovingAverage12M,preserve current forecast,preserve current forecast,preserve current forecast,ML,SCP,SCP,ML,ML,ML,MovingAverage12M,preserve current forecast,preserve current forecast,MovingAverage12M,MovingAverage12M,MovingAverage12M,65.68778979907265,12.001573976914996,14.840390090253788,24.828391996494815,61.78861788617874,25.225225225225216,8435.1,9359.0,10143.0,923.8999999999996,1707.8999999999996,2164.3,3039.8999999999996,2647181.6499999994,4765154.85,3,721.4333333333334,1013.2999999999998,939.3582295021071,1260.3114496028352,0.2565826131284751,0.36038695451150543,0.10953041457718339,0.20247537077213068,SCP,preserve current forecast,ML,MovingAverage12M,28.80357906510081,12791.4,7432.0,7085.0,-5359.4,-5706.4,5359.4,5706.4,13510774.120000003,12117834.32,3,1786.4666666666665,1902.1333333333332,2122.166669546323,2009.7955385229282,0.41898463029848176,0.4461122316556436,-0.41898463029848176,-0.4461122316556436,SCP,preserve current forecast,ML,MovingAverage12M,6.080891630450024,21226.5,16791.0,17228.0,-4435.5,-3998.5,7523.700000000001,8746.3,16157955.770000003,16882989.169999998,6,1253.95,1457.7166666666665,1641.0340119367831,1677.4479211985488,0.3544484488728712,0.4120462629260594,-0.20896049749134338,-0.18837302428568065,SCP,preserve current forecast,ML,MovingAverage12M,13.978482329670824,2026-07-17 18:06:48.718,0,,
32303,72,70,10326,1,18,INDUSTRIA,AVELLANA_ELAB,,,,,,,,preserve current forecast,preserve current forecast,success,,NOT_COMPARABLE_MISSING_SCP_AND_ML,1,0,0,0.0,0.0,0.0,0.0,0.0,0.0,,,,,,,,,,,,,,,,,,,,,,,,,,,,,,,,,,,,,,,,,,,,,,,,,,,,,,,,,,,,,,,,,,,,,,,,,,,,,,,,,,,,,,,,,,,,,,,,,,,,,,,,,,,,,,,,,,,,,,,,,,,,,,,,,,,,,,,,,,,,,,,,,,,,,,,,,,,,,,,,,,,,,,,,,,,,,,,,,,,,,,,,,,,,,,,,,,,,,,,,,,2026-07-17 18:06:48.718,1,MissingHistory,NoForecastRowsMaterialized
32304,72,70,10326,1,68,TRADING,OTRAS SEMILLAS_MERC,,,,TSB,intermittent_insuficient,intermittent_insuficient_insuficient,insuficient,preserve current forecast,preserve current forecast,success,intermittent_insuficient,COMPARABLE,1,1,1,13125.0,24100.0,1575.0,12075.0,19850.0,23100.0,42000.0,0.0,42000.0,0.0,0.0,0.0,61535.0,0.0,72768.0,0.0,0.0,0.0,28875.0,-24100.0,40425.0,-12075.0,-19850.0,-23100.0,48410.0,-24100.0,71193.0,-12075.0,-19850.0,-23100.0,28875.0,24100.0,40425.0,12075.0,19850.0,23100.0,48410.0,24100.0,71193.0,12075.0,19850.0,23100.0,833765625,580810000,1634180625,145805625,394022500,533610000,2343528100,580810000,5068443249,145805625,394022500,533610000,1,1,1,1,1,1,28875.0,24100.0,40425.0,12075.0,19850.0,23100.0,48410.0,24100.0,71193.0,12075.0,19850.0,23100.0,28875.0,24100.0,40425.0,12075.0,19850.0,23100.0,48410.0,24100.0,71193.0,12075.0,19850.0,23100.0,2.2,1.0,25.666666666666668,1.0,1.0,1.0,3.6883809523809523,1.0,45.201904761904764,1.0,1.0,1.0,2.2,-1.0,25.666666666666668,-1.0,-1.0,-1.0,3.6883809523809523,-1.0,45.201904761904764,-1.0,-1.0,-1.0,SCP,TIE,SCP,TIE,TIE,TIE,preserve current forecast,,preserve current forecast,,,,ML,,ML,,,,TSB,,TSB,,,,40.353232803139846,0.0,43.21773208040116,0.0,0.0,0.0,55025.0,0.0,0.0,-55025.0,-55025.0,55025.0,55025.0,1073438125,1073438125,3,18341.666666666668,18341.666666666668,18915.937944847814,18915.937944847814,1.0,1.0,-1.0,-1.0,TIE,,,,0.0,38800.0,84000.0,134303.0,45200.0,95503.0,93400.0,143703.0,3048756250,7992781349,3,31133.333333333332,47901.0,31878.70893454334,51616.47459548808,2.4072164948453607,3.7036855670103095,1.1649484536082475,2.461417525773196,SCP,preserve current forecast,ML,TSB,35.00483636388942,93825.0,84000.0,134303.0,-9825.0,40478.0,148425.0,198728.0,4122194375,9066219474,6,24737.5,33121.333333333336,26211.302825943876,38872.05395911052,1.5819344524380496,2.1180708766320278,-0.10471622701838529,0.4314201971755929,SCP,preserve current forecast,ML,TSB,25.312487419991143,2026-07-17 18:06:48.718,0,,NoForecastRowsMaterialized
32305,72,70,10326,1,104,INDUSTRIA,PECANA_ELAB,,,,,,,,preserve current forecast,preserve current forecast,success,,NOT_COMPARABLE_MISSING_SCP_AND_ML,1,0,0,0.0,0.0,0.0,0.0,0.0,0.0,,,,,,,,,,,,,,,,,,,,,,,,,,,,,,,,,,,,,,,,,,,,,,,,,,,,,,,,,,,,,,,,,,,,,,,,,,,,,,,,,,,,,,,,,,,,,,,,,,,,,,,,,,,,,,,,,,,,,,,,,,,,,,,,,,,,,,,,,,,,,,,,,,,,,,,,,,,,,,,,,,,,,,,,,,,,,,,,,,,,,,,,,,,,,,,,,,,,,,,,,,2026-07-17 18:06:48.718,1,MissingHistory,NoForecastRowsMaterialized
32306,72,70,10326,1,64,TRADING,NUEZ CASCARA_MERC,,,,AutoETS,erratic_acceptable,erratic_acceptable_acceptable,acceptable,preserve current forecast,preserve current forecast,success,erratic_acceptable,COMPARABLE,1,1,1,29600.0,291600.0,329696.0,272000.0,309200.0,35601.0,40085.0,174743.0,73285.0,15027.0,159415.0,143323.0,222557.0,222557.0,222557.0,159900.0,385850.0,320725.0,10485.0,-116857.0,-256411.0,-256973.0,-149785.0,107722.0,192957.0,-69043.0,-107139.0,-112100.0,76650.0,285124.0,10485.0,116857.0,256411.0,256973.0,149785.0,107722.0,192957.0,69043.0,107139.0,112100.0,76650.0,285124.0,109935225,13655558449,65746600921,66035122729,22435546225,11604029284,37232403849,4766935849,11478765321,12566410000,5875222500,81295695376,1,1,1,1,1,1,10485.0,116857.0,256411.0,256973.0,149785.0,107722.0,192957.0,69043.0,107139.0,112100.0,76650.0,285124.0,10485.0,116857.0,256411.0,256973.0,149785.0,107722.0,192957.0,69043.0,107139.0,112100.0,76650.0,285124.0,0.35422297297297295,0.4007441700960219,0.7777194749102203,0.9447536764705883,0.4844275549805951,3.0258138816325384,6.5188175675675675,0.23677297668038408,0.32496299621469477,0.41213235294117645,0.24789780077619664,8.008876155164181,0.35422297297297295,-0.4007441700960219,-0.7777194749102203,-0.9447536764705883,-0.4844275549805951,3.0258138816325384,6.5188175675675675,-0.23677297668038408,-0.32496299621469477,-0.41213235294117645,0.24789780077619664,8.008876155164181,SCP,ML,ML,ML,ML,SCP,preserve current forecast,AutoETS,AutoETS,AutoETS,AutoETS,preserve current forecast,ML,SCP,SCP,SCP,SCP,ML,AutoETS,preserve current forecast,preserve current forecast,preserve current forecast,preserve current forecast,AutoETS,94.56614686173603,40.91667593725665,58.21591117385759,56.3767399687905,48.8266515338652,62.219244960087536,616801.0,317765.0,866475.0,-299036.0,249674.0,514480.0,473874.0,100074698238,99737327876,3,171493.33333333334,157958.0,182642.36295558597,182334.2424194278,0.8341101911313373,0.7682769645315102,-0.4848176316186258,0.40478857848803745,ML,AutoETS,SCP,preserve current forecast,7.8926294510962505,650896.0,288113.0,667671.0,-362783.0,16775.0,383753.0,369139.0,79512094595,53478105019,3,127917.66666666667,123046.33333333333,162800.58824115674,133514.17530110176,0.5895765222093852,0.5671243946805634,-0.5573593938202109,0.02577216636759175,ML,AutoETS,SCP,preserve current forecast,3.8081786982772683,1267697.0,605878.0,1534146.0,-661819.0,266449.0,898233.0,843013.0,179586792833,153215432895,6,149705.5,140502.16666666666,173006.16214121776,159799.57910614158,0.7085549622662197,0.6649956574796659,-0.5220640263406792,0.21018350599551786,ML,AutoETS,SCP,preserve current forecast,6.147625393411273,2026-07-17 18:06:48.718,0,,
32307,72,70,10326,1,66,TRADING,NUEZ KERNEL_MERC,,,,AutoETS,erratic_acceptable,erratic_acceptable_acceptable,acceptable,preserve current forecast,preserve current forecast,success,erratic_acceptable,COMPARABLE,1,1,1,38902.000000000015,67676.63999999998,54861.060000000005,91571.86,128720.59999999999,132084.40000000002,86062.0,97316.0,64313.0,64366.0,71594.0,101496.0,120348.0,115150.0,68235.0,62575.0,62576.0,62576.0,47159.999999999985,29639.360000000015,9451.939999999995,-27205.86,-57126.59999999999,-30588.400000000023,81445.99999999999,47473.360000000015,13373.939999999995,-28996.86,-66144.59999999999,-69508.40000000002,47159.999999999985,29639.360000000015,9451.939999999995,27205.86,57126.59999999999,30588.400000000023,81445.99999999999,47473.360000000015,13373.939999999995,28996.86,66144.59999999999,69508.40000000002,2224065599.9999986,878491661.2096009,89339169.7635999,740158818.3396001,3263448427.559999,935650214.5600014,6633450915.999998,2253719909.6896014,178862271.12359986,840817889.8596001,4375108109.159999,4831417670.560003,1,1,1,1,1,1,47159.999999999985,29639.360000000015,9451.939999999995,27205.86,57126.59999999999,30588.400000000023,81445.99999999999,47473.360000000015,13373.939999999995,28996.86,66144.59999999999,69508.40000000002,47159.999999999985,29639.360000000015,9451.939999999995,27205.86,57126.59999999999,30588.400000000023,81445.99999999999,47473.360000000015,13373.939999999995,28996.86,66144.59999999999,69508.40000000002,1.2122770037530195,0.4379555486206174,0.1722886870942704,0.2970984754486804,0.4438030897929313,0.23158223075548678,2.093619865302554,0.7014733591975019,0.243778373950485,0.316656885641506,0.5138618061133959,0.5262423117340126,1.2122770037530195,0.4379555486206174,0.1722886870942704,-0.2970984754486804,-0.4438030897929313,-0.23158223075548678,2.093619865302554,0.7014733591975019,0.243778373950485,-0.316656885641506,-0.5138618061133959,-0.5262423117340126,SCP,SCP,SCP,SCP,SCP,SCP,preserve current forecast,preserve current forecast,preserve current forecast,preserve current forecast,preserve current forecast,preserve current forecast,ML,ML,ML,ML,ML,ML,AutoETS,AutoETS,AutoETS,AutoETS,AutoETS,AutoETS,42.09660388478257,37.566331938586174,29.325688615322054,6.176530838166617,13.633766021716056,55.99323247262199,352376.86,237456.0,187727.0,-114920.86000000002,-164649.86,114920.86000000002,164649.86,4939257460.4596,10047343669.579601,3,38306.95333333334,54883.28666666666,40576.090909383245,57871.53494185663,0.32613055238644223,0.46725502917529826,-0.32613055238644223,-0.46725502917529826,SCP,preserve current forecast,ML,AutoETS,30.202880221094613,161439.7,247691.0,303733.0,86251.29999999999,142293.3,86251.29999999999,142293.3,3191896430.9731994,9066033096.8132,3,28750.43333333333,47431.1,32618.483670935202,54972.82085059003,0.5342632574267666,0.8814021582051997,0.5342632574267666,0.8814021582051997,SCP,preserve current forecast,ML,AutoETS,39.38484805679538,513816.56,485147.0,491460.0,-28669.560000000027,-22356.560000000027,201172.16,306943.16,8131153891.4328,19113376766.3928,6,33528.693333333336,51157.19333333333,36812.9367918236,56440.790164550315,0.3915252556281954,0.5973788777847098,-0.05579726741388021,-0.043510781357455716,SCP,preserve current forecast,ML,AutoETS,34.459474516389285,2026-07-17 18:06:48.718,0,,
32308,72,70,10326,1,100,ECOMMERCE,OTROS PRODUCTOS_MERC,,,,,,,,preserve current forecast,preserve current forecast,success,,NOT_COMPARABLE_MISSING_SCP_AND_ML,1,0,0,0.0,0.0,0.0,0.0,0.0,0.0,,,,,,,,,,,,,,,,,,,,,,,,,,,,,,,,,,,,,,,,,,,,,,,,,,,,,,,,,,,,,,,,,,,,,,,,,,,,,,,,,,,,,,,,,,,,,,,,,,,,,,,,,,,,,,,,,,,,,,,,,,,,,,,,,,,,,,,,,,,,,,,,,,,,,,,,,,,,,,,,,,,,,,,,,,,,,,,,,,,,,,,,,,,,,,,,,,,,,,,,,,2026-07-17 18:06:48.718,1,MissingHistory,NoForecastRowsMaterialized
32309,72,70,10326,1,14,INDUSTRIA,ALMENDRA REP Ñ_ELAB,,,,MovingAverage3M,smooth_insuficient,smooth_insuficient_insuficient,insuficient,x11 seasonal,x11 seasonal,success,smooth_insuficient,COMPARABLE,1,1,1,132000.0,88000.0,120125.0,66000.0,71600.0,48800.0,17451.0,63661.0,19254.0,28431.0,13826.0,29712.0,62134.0,62133.0,62133.0,25537.0,25537.0,25538.0,-114549.0,-24339.0,-100871.0,-37569.0,-57774.0,-19088.0,-69866.0,-25867.0,-57992.0,-40463.0,-46063.0,-23262.0,114549.0,24339.0,100871.0,37569.0,57774.0,19088.0,69866.0,25867.0,57992.0,40463.0,46063.0,23262.0,13121473401,592386921,10174958641,1411429761,3337835076,364351744,4881257956,669101689,3363072064,1637254369,2121799969,541120644,1,1,1,1,1,1,114549.0,24339.0,100871.0,37569.0,57774.0,19088.0,69866.0,25867.0,57992.0,40463.0,46063.0,23262.0,114549.0,24339.0,100871.0,37569.0,57774.0,19088.0,69866.0,25867.0,57992.0,40463.0,46063.0,23262.0,0.8677954545454546,0.27657954545454544,0.8397169614984391,0.5692272727272727,0.8068994413407822,0.39114754098360655,0.5292878787878788,0.2939431818181818,0.4827637877211238,0.6130757575757576,0.6433379888268156,0.47668032786885245,-0.8677954545454546,-0.27657954545454544,-0.8397169614984391,-0.5692272727272727,-0.8068994413407822,-0.39114754098360655,-0.5292878787878788,-0.2939431818181818,-0.4827637877211238,-0.6130757575757576,-0.6433379888268156,-0.47668032786885245,ML,SCP,ML,SCP,ML,SCP,MovingAverage3M,x11 seasonal,MovingAverage3M,x11 seasonal,MovingAverage3M,x11 seasonal,SCP,ML,SCP,ML,SCP,ML,x11 seasonal,MovingAverage3M,x11 seasonal,MovingAverage3M,x11 seasonal,MovingAverage3M,39.00776087089369,5.907140371902423,42.50874879796968,7.1522131329857,20.2703638314813,17.943427048405127,186400.0,71969.0,76612.0,-114431.0,-109788.0,114431.0,109788.0,5113616581,4300174982,3,38143.666666666664,36596.0,41286.06133228663,37860.159279467734,0.6139002145922747,0.5889914163090129,-0.6139002145922747,-0.5889914163090129,ML,MovingAverage3M,SCP,x11 seasonal,4.057466945145993,340125.0,100366.0,186400.0,-239759.0,-153725.0,239759.0,153725.0,23888818963,8913431709,3,79919.66666666667,51241.666666666664,89235.30497697272,54508.20032802404,0.7049143697170158,0.45196618890113927,-0.7049143697170158,-0.45196618890113927,ML,MovingAverage3M,SCP,x11 seasonal,35.88353304776881,526525.0,172335.0,263012.0,-354190.0,-263513.0,354190.0,263513.0,29002435544,13213606691,6,59031.666666666664,43918.833333333336,69525.09803900555,46928.326007149815,0.6726936042922939,0.5004757608850482,-0.6726936042922939,-0.5004757608850482,ML,MovingAverage3M,SCP,x11 seasonal,25.601230977723826,2026-07-17 18:06:48.718,0,,
32310,72,70,10326,1,16,INDUSTRIA,ALMENDRA TOST_ELAB,,,,AutoETS,smooth_acceptable,smooth_acceptable_acceptable,acceptable,x11 seasonal,x11 seasonal,success,smooth_acceptable,COMPARABLE,1,1,1,80960.0,52870.0,79881.0,85730.0,69350.0,96168.5,90765.0,67387.0,38813.0,36482.0,51489.0,60234.0,76161.0,47623.0,35214.0,56877.0,56877.0,56878.0,9805.0,14517.0,-41068.0,-49248.0,-17861.0,-35934.5,-4799.0,-5247.0,-44667.0,-28853.0,-12473.0,-39290.5,9805.0,14517.0,41068.0,49248.0,17861.0,35934.5,4799.0,5247.0,44667.0,28853.0,12473.0,39290.5,96138025,210743289,1686580624,2425365504,319015321,1291288290.25,23030401,27531009,1995140889,832495609,155575729,1543743390.25,1,1,1,1,1,1,9805.0,14517.0,41068.0,49248.0,17861.0,35934.5,4799.0,5247.0,44667.0,28853.0,12473.0,39290.5,9805.0,14517.0,41068.0,49248.0,17861.0,35934.5,4799.0,5247.0,44667.0,28853.0,12473.0,39290.5,0.12110918972332016,0.274579156421411,0.5141147456842052,0.5744546833080602,0.25754866618601296,0.3736618539334605,0.059276185770750986,0.09924342727444675,0.5591692642806174,0.33655663128426455,0.1798558038932949,0.40855893561821177,0.12110918972332016,0.274579156421411,-0.5141147456842052,-0.5744546833080602,-0.25754866618601296,-0.3736618539334605,-0.059276185770750986,-0.09924342727444675,-0.5591692642806174,-0.33655663128426455,-0.1798558038932949,-0.40855893561821177,ML,ML,SCP,ML,ML,SCP,AutoETS,AutoETS,x11 seasonal,AutoETS,AutoETS,x11 seasonal,SCP,SCP,ML,SCP,SCP,ML,x11 seasonal,x11 seasonal,AutoETS,x11 seasonal,x11 seasonal,AutoETS,51.05558388577257,63.85616862988221,8.057402556697342,41.41284925276153,30.166284082638146,8.541504943943194,251248.5,148205.0,170632.0,-103043.5,-80616.5,103043.5,80616.5,4035669115.25,2531814728.25,3,34347.833333333336,26872.166666666668,36677.28232048643,29050.61518711781,0.41012583159700455,0.32086360714591333,-0.41012583159700455,-0.32086360714591333,ML,AutoETS,SCP,x11 seasonal,21.76459456443152,213711.0,196965.0,158998.0,-16746.0,-54713.0,65390.0,54713.0,1993461938,2045702299,3,21796.666666666668,18237.666666666668,25777.651418751604,26113.229718541774,0.3059739554819359,0.25601396278151334,-0.07835815657593666,-0.25601396278151334,ML,AutoETS,SCP,x11 seasonal,16.32818473772749,464959.5,345170.0,329630.0,-119789.5,-135329.5,168433.5,135329.5,6029131053.25,4577517027.25,6,28072.25,22554.916666666668,31699.450713563896,27620.997529808126,0.36225413181148036,0.2910565328808208,-0.2576342670705728,-0.2910565328808208,ML,AutoETS,SCP,x11 seasonal,19.654047443056168,2026-07-17 18:06:48.718,0,,
32311,72,70,10326,1,30,RETAIL,ANACARDO_ELAB,,,,AutoTheta,smooth_insuficient,smooth_insuficient_insuficient,insuficient,preserve current forecast,preserve current forecast,success,smooth_insuficient,COMPARABLE,1,1,1,10108.800000000001,12830.4,9331.2,13608.000000000002,10497.6,10782.0,10460.0,12040.0,10191.0,9987.0,9988.0,9987.0,12425.0,12189.0,11953.0,10034.0,10033.0,10034.0,351.1999999999989,-790.3999999999996,859.7999999999993,-3621.000000000002,-509.60000000000036,-795.0,2316.199999999999,-641.3999999999996,2621.7999999999993,-3574.000000000002,-464.60000000000036,-748.0,351.1999999999989,790.3999999999996,859.7999999999993,3621.000000000002,509.60000000000036,795.0,2316.199999999999,641.3999999999996,2621.7999999999993,3574.000000000002,464.60000000000036,748.0,123341.43999999923,624732.1599999995,739256.0399999988,13111641.000000013,259692.16000000038,632025.0,5364782.439999995,411393.95999999956,6873835.2399999965,12773476.000000013,215853.16000000032,559504.0,1,1,1,1,1,1,351.1999999999989,790.3999999999996,859.7999999999993,3621.000000000002,509.60000000000036,795.0,2316.199999999999,641.3999999999996,2621.7999999999993,3574.000000000002,464.60000000000036,748.0,351.1999999999989,790.3999999999996,859.7999999999993,3621.000000000002,509.60000000000036,795.0,2316.199999999999,641.3999999999996,2621.7999999999993,3574.000000000002,464.60000000000036,748.0,0.03474200696422908,0.06160369123332084,0.09214248971193408,0.26609347442680786,0.04854442920286545,0.07373400111296606,0.22912709718265262,0.04999064721286941,0.2809713648834018,0.26263962375073496,0.044257735101356534,0.06937488406603598,0.03474200696422908,-0.06160369123332084,0.09214248971193408,-0.26609347442680786,-0.04854442920286545,-0.07373400111296606,0.22912709718265262,-0.04999064721286941,0.2809713648834018,-0.26263962375073496,-0.044257735101356534,-0.06937488406603598,SCP,ML,SCP,ML,ML,ML,preserve current forecast,AutoTheta,preserve current forecast,AutoTheta,AutoTheta,AutoTheta,ML,SCP,ML,SCP,SCP,SCP,AutoTheta,preserve current forecast,AutoTheta,preserve current forecast,preserve current forecast,preserve current forecast,84.83723339953376,18.851214574898794,67.2057365168968,1.2979839823253247,8.830455259026674,5.911949685534607,34887.6,29962.0,30101.0,-4925.600000000002,-4786.600000000002,4925.600000000002,4786.600000000002,14003358.160000013,13548833.160000013,3,1641.8666666666675,1595.533333333334,2160.505971603258,2125.1535756269486,0.14118483357983933,0.13720060995883931,-0.14118483357983933,-0.13720060995883931,ML,AutoTheta,SCP,preserve current forecast,2.821991229494882,32270.4,32691.0,36567.0,420.59999999999854,4296.5999999999985,2001.3999999999978,5579.399999999998,1487329.6399999976,12650011.639999991,3,667.1333333333326,1859.7999999999993,704.1140153886058,2053.4533222517293,0.062019683672963385,0.17289528484307592,0.013033615945262486,0.13314368585452918,SCP,preserve current forecast,ML,AutoTheta,64.12875936480627,67158.0,62653.0,66668.0,-4505.000000000004,-490.00000000000364,6927.0,10366.0,15490687.80000001,26198844.800000004,6,1154.5,1727.6666666666667,1606.792239214517,2089.611000481509,0.10314482265701778,0.15435242264510557,-0.06708061586110373,-0.007296226808421984,SCP,preserve current forecast,ML,AutoTheta,33.17576693034921,2026-07-17 18:06:48.718,0,,
32312,72,70,10326,1,23,RETAIL,ALMENDRA CORTE_ELAB,,,,HistoricAverage,erratic_recentRelease,erratic_recentRelease_recentRelease,recentRelease,preserve current forecast,preserve current forecast,success,erratic_recentRelease,COMPARABLE,1,1,1,21504.0,31616.0,30336.0,31488.0,18944.0,17920.0,29148.0,29148.0,29149.0,33921.0,33921.0,33922.0,29148.0,29149.0,29148.0,33921.0,33921.0,33922.0,7644.0,-2468.0,-1187.0,2433.0,14977.0,16002.0,7644.0,-2467.0,-1188.0,2433.0,14977.0,16002.0,7644.0,2468.0,1187.0,2433.0,14977.0,16002.0,7644.0,2467.0,1188.0,2433.0,14977.0,16002.0,58430736,6091024.0,1408969.0,5919489.0,224310529,256064004,58430736,6086089.0,1411344.0,5919489.0,224310529,256064004,1,1,1,1,1,1,7644.0,2468.0,1187.0,2433.0,14977.0,16002.0,7644.0,2467.0,1188.0,2433.0,14977.0,16002.0,7644.0,2468.0,1187.0,2433.0,14977.0,16002.0,7644.0,2467.0,1188.0,2433.0,14977.0,16002.0,0.35546875,0.07806174089068826,0.0391284282700422,0.07726753048780488,0.7905933277027027,0.89296875,0.35546875,0.0780301113360324,0.03916139240506329,0.07726753048780488,0.7905933277027027,0.89296875,0.35546875,-0.07806174089068826,-0.0391284282700422,0.07726753048780488,0.7905933277027027,0.89296875,0.35546875,-0.0780301113360324,-0.03916139240506329,0.07726753048780488,0.7905933277027027,0.89296875,TIE,ML,SCP,TIE,TIE,TIE,,HistoricAverage,preserve current forecast,,,,,SCP,ML,,,,,preserve current forecast,HistoricAverage,,,,0.0,0.040518638573740974,0.08417508417507871,0.0,0.0,0.0,68352.0,101764.0,101764.0,33412.0,33412.0,33412.0,33412.0,486294022,486294022,3,11137.333333333334,11137.333333333334,12731.771570890412,12731.771570890412,0.4888225655430712,0.4888225655430712,0.4888225655430712,0.4888225655430712,TIE,,,,0.0,83456.0,87445.0,87445.0,3989.0,3989.0,11299.0,11299.0,65930729,65928169,3,3766.3333333333335,3766.3333333333335,4687.953675823457,4687.862661526395,0.1353887078220859,0.1353887078220859,0.04779764187116564,0.04779764187116564,TIE,,,,0.0,151808.0,189209.0,189209.0,37401.0,37401.0,44711.0,44711.0,552224751,552222191,6,7451.833333333333,7451.833333333333,9593.61550720061,9593.593270163861,0.2945233452782462,0.2945233452782462,0.24637041526138279,0.24637041526138279,TIE,,,,0.0,2026-07-17 18:06:48.718,0,,
32313,72,70,10326,1,55,TRADING,COCO_MERC,,,,AutoETS,smooth_acceptable,smooth_acceptable_acceptable,acceptable,preserve current forecast,preserve current forecast,success,smooth_acceptable,COMPARABLE,1,1,1,229700.0,95350.0,188026.0,112675.0,208600.0,207275.0,241408.0,245300.0,242057.0,240285.0,265759.0,240583.0,194379.0,187526.0,262159.0,258210.0,334057.0,306085.0,11708.0,149950.0,54031.0,127610.0,57159.0,33308.0,-35321.0,92176.0,74133.0,145535.0,125457.0,98810.0,11708.0,149950.0,54031.0,127610.0,57159.0,33308.0,35321.0,92176.0,74133.0,145535.0,125457.0,98810.0,137077264,22485002500,2919348961,16284312100,3267151281,1109422864,1247573041,8496414976,5495701689,21180436225,15739458849,9763416100,1,1,1,1,1,1,11708.0,149950.0,54031.0,127610.0,57159.0,33308.0,35321.0,92176.0,74133.0,145535.0,125457.0,98810.0,11708.0,149950.0,54031.0,127610.0,57159.0,33308.0,35321.0,92176.0,74133.0,145535.0,125457.0,98810.0,0.050970831519373094,1.572627163083377,0.2873591950049461,1.1325493676503218,0.2740124640460211,0.16069472922446026,0.1537701349586417,0.9667121132669114,0.39426994139108423,1.2916352340803194,0.6014237775647172,0.4767096852008202,0.050970831519373094,1.572627163083377,0.2873591950049461,1.1325493676503218,0.2740124640460211,0.16069472922446026,-0.1537701349586417,0.9667121132669114,0.39426994139108423,1.2916352340803194,0.6014237775647172,0.4767096852008202,SCP,ML,SCP,SCP,SCP,SCP,preserve current forecast,AutoETS,preserve current forecast,preserve current forecast,preserve current forecast,preserve current forecast,ML,SCP,ML,ML,ML,ML,AutoETS,preserve current forecast,AutoETS,AutoETS,AutoETS,AutoETS,66.8525806177628,38.52884294764921,27.116129119285613,12.316624866870503,54.439369664506565,66.29086124886146,528550.0,746627.0,898352.0,218077.0,369802.0,218077.0,369802.0,20660886245,46683311174,3,72692.33333333333,123267.33333333333,82987.72247547626,124744.15306805633,0.41259483492574023,0.6996537697474222,0.41259483492574023,0.6996537697474222,SCP,preserve current forecast,ML,AutoETS,41.0287126624518,513076.0,728765.0,644064.0,215689.0,130988.0,215689.0,201630.0,25541428725,15239689706,3,71896.33333333333,67210.0,92270.30711447752,71273.39313282809,0.4203841146340893,0.39298271601088336,0.4203841146340893,0.2552994098340207,ML,AutoETS,SCP,preserve current forecast,6.518181270254865,1041626.0,1475392.0,1542416.0,433766.0,500790.0,433766.0,571432.0,46202314970,61923000880,6,72294.33333333333,95238.66666666667,87751.84230734607,101589.86242074879,0.41643161749034685,0.548596137193196,0.41643161749034685,0.4807771695406989,SCP,preserve current forecast,ML,AutoETS,24.091405451567283,2026-07-17 18:06:48.718,0,,
32314,72,70,10326,1,56,TRADING,ENVASES Y EMBALAJES,,,,MovingAverage3M,lumpy_insuficient,lumpy_insuficient_insuficient,insuficient,preserve current forecast,preserve current forecast,success,lumpy_insuficient,NOT_COMPARABLE_MISSING_SCP,1,0,1,0.0,0.0,0.0,200.0,0.0,0.0,,,,,,,0.0,0.0,0.0,0.0,0.0,0.0,,,,,,,,,,,,,,,,,,,,,,,,,,,,,,,,,,,,,,,,,,,,,,,,,,,,,,,,,,,,,,,,,,,,,,,,,,,,,,,,,,,,,,,,,,,,,,,,,,,,,,,,,,,,,,,,,,,,,,,,,,,,,,,,,,,,,,,,,,,,,,,,,,,,,,,,,,,,,,,,,,,,,,,,,,,,,,,,,,,,,,,,,,,,,,2026-07-17 18:06:48.718,0,,NoForecastRowsMaterialized
32315,72,70,10326,1,17,INDUSTRIA,ANACARDO_ELAB,,,,,,,,copy parent behaviour,copy parent behaviour,success,,NOT_COMPARABLE_ML_EXCLUDED,1,1,0,0.0,0.0,0.0,0.0,0.0,448.0,114.90781182539205,126.14051832065581,132.9519476593787,172.02373422197937,166.25968769586933,187.71662458057003,,,,,,,,,,,,,,,,,,,,,,,,,,,,,,,,,,,,,,,,,,,,,,,,,,,,,,,,,,,,,,,,,,,,,,,,,,,,,,,,,,,,,,,,,,,,,,,,,,,,,,,,,,,,,,,,,,,,,,,,,,,,,,,,,,,,,,,,,,,,,,,,,,,,,,,,,,,,,,,,,,,,,,,,,,,,,,,,,,,,,,,,,,,,,,,,,,,,2026-07-17 18:06:48.718,1,ShortSeries,
32316,72,70,10326,1,26,RETAIL,ALMENDRA GRANIT_ELAB,,,,HistoricAverage,lumpy_recentRelease,lumpy_recentRelease_recentRelease,recentRelease,preserve current forecast,preserve current forecast,success,lumpy_recentRelease,COMPARABLE,1,1,1,5120.0,3840.0,2560.0,5120.0,0.0,0.0,8777.0,8778.0,8777.0,14080.0,14081.0,14080.0,8778.0,8777.0,8777.0,14080.0,14081.0,14080.0,3657.0,4938.0,6217.0,8960.0,14081.0,14080.0,3658.0,4937.0,6217.0,8960.0,14081.0,14080.0,3657.0,4938.0,6217.0,8960.0,14081.0,14080.0,3658.0,4937.0,6217.0,8960.0,14081.0,14080.0,13373649,24383844,38651089,80281600,198274561,198246400,13380964,24373969,38651089,80281600,198274561,198246400,1,1,1,1,0,0,3657.0,4938.0,6217.0,8960.0,,,3658.0,4937.0,6217.0,8960.0,,,3657.0,4938.0,6217.0,8960.0,,,3658.0,4937.0,6217.0,8960.0,,,0.7142578125,1.2859375,2.428515625,1.75,,,0.714453125,1.2856770833333333,2.428515625,1.75,,,0.7142578125,1.2859375,2.428515625,1.75,,,0.714453125,1.2856770833333333,2.428515625,1.75,,,SCP,ML,TIE,TIE,,,preserve current forecast,HistoricAverage,,,,,ML,SCP,,,,,HistoricAverage,preserve current forecast,,,,,0.02733734281028506,0.020251113811258468,0.0,0.0,,,5120.0,42241.0,42241.0,37121.0,37121.0,37121.0,37121.0,476802561,476802561,1,37121.0,37121.0,21835.80914461381,21835.80914461381,7.2501953125,7.2501953125,7.2501953125,7.2501953125,TIE,,,,0.0,11520.0,26332.0,26332.0,14812.0,14812.0,14812.0,14812.0,76408582,76406022,3,4937.333333333333,4937.333333333333,5046.7343236327915,5046.64977980442,1.285763888888889,1.285763888888889,1.285763888888889,1.285763888888889,TIE,,,,0.0,16640.0,68573.0,68573.0,51933.0,51933.0,51933.0,51933.0,553211143,553208583,4,12983.25,12983.25,11760.220480501206,11760.193270095522,3.1209735576923077,3.1209735576923077,3.1209735576923077,3.1209735576923077,TIE,,,,0.0,2026-07-17 18:06:48.718,0,,
32317,72,70,10326,1,87,ECOMMERCE,ALMENDRA REP US_ELAB,,,,,,,,copy parent behaviour,copy parent behaviour,success,,NOT_COMPARABLE_ML_EXCLUDED,1,1,0,12.0,96.0,0.0,0.0,0.0,48.0,16.86382519206867,6.476902772883013,0.671568259861142,0.0,0.0,0.0,,,,,,,,,,,,,,,,,,,,,,,,,,,,,,,,,,,,,,,,,,,,,,,,,,,,,,,,,,,,,,,,,,,,,,,,,,,,,,,,,,,,,,,,,,,,,,,,,,,,,,,,,,,,,,,,,,,,,,,,,,,,,,,,,,,,,,,,,,,,,,,,,,,,,,,,,,,,,,,,,,,,,,,,,,,,,,,,,,,,,,,,,,,,,,,,,,,,2026-07-17 18:06:48.718,1,ShortSeries,NoForecastRowsMaterialized
32318,72,70,10326,1,10,INDUSTRIA,ALMENDRA ENV US_ELAB,,,,MovingAverage3M,smooth_acceptable,smooth_acceptable_acceptable,acceptable,x11 seasonal,x11 seasonal,success,smooth_acceptable,COMPARABLE,1,1,1,209270.0,70640.0,30075.0,42420.0,47330.0,214110.0,19294.0,16925.0,114681.0,61589.0,200299.0,187100.0,101286.0,101287.0,101287.0,114883.0,114883.0,114884.0,-189976.0,-53715.0,84606.0,19169.0,152969.0,-27010.0,-107984.0,30647.0,71212.0,72463.0,67553.0,-99226.0,189976.0,53715.0,84606.0,19169.0,152969.0,27010.0,107984.0,30647.0,71212.0,72463.0,67553.0,99226.0,36090880576,2885301225,7158175236,367450561,23399514961,729540100,11660544256,939238609,5071148944,5250886369,4563407809,9845799076,1,1,1,1,1,1,189976.0,53715.0,84606.0,19169.0,152969.0,27010.0,107984.0,30647.0,71212.0,72463.0,67553.0,99226.0,189976.0,53715.0,84606.0,19169.0,152969.0,27010.0,107984.0,30647.0,71212.0,72463.0,67553.0,99226.0,0.9078033162899604,0.7604048697621744,2.8131670822942643,0.4518859028760019,3.2319670399323894,0.12615010975666713,0.5160032493907393,0.4338476783691959,2.367813798836243,1.7082272512965582,1.4272765687724487,0.46343468310681424,-0.9078033162899604,-0.7604048697621744,2.8131670822942643,0.4518859028760019,3.2319670399323894,-0.12615010975666713,-0.5160032493907393,0.4338476783691959,2.367813798836243,1.7082272512965582,1.4272765687724487,-0.46343468310681424,ML,ML,ML,SCP,ML,SCP,MovingAverage3M,MovingAverage3M,MovingAverage3M,x11 seasonal,MovingAverage3M,x11 seasonal,SCP,SCP,SCP,ML,SCP,ML,x11 seasonal,x11 seasonal,x11 seasonal,MovingAverage3M,x11 seasonal,MovingAverage3M,43.15913589084937,42.94517360141487,15.831028532255386,73.54649959289569,55.838764717034174,72.77931187390402,303860.0,448988.0,344650.0,145128.0,40790.0,199148.0,239242.0,24496505622,19660093254,3,66382.66666666667,79747.33333333333,90363.16657798132,80952.85305657856,0.6553939314157836,0.7873428552622919,0.4776146909761074,0.13423945237938525,SCP,x11 seasonal,ML,MovingAverage3M,16.75876309343677,309985.0,150900.0,303860.0,-159085.0,-6125.0,328297.0,209843.0,46134357037,17670931809,3,109432.33333333333,69947.66666666667,124008.54411020772,76748.35895965464,1.0590738261528783,0.676945658660903,-0.5132022517218575,-0.01975902059777086,ML,MovingAverage3M,SCP,x11 seasonal,36.08135316496952,613845.0,599888.0,648510.0,-13957.0,34665.0,527445.0,449085.0,70630862659,37331025063,6,87907.5,74847.5,108497.97437356453,78878.62518135062,0.8592478557290522,0.731593480438873,-0.02273701015728726,0.056471910661486206,ML,MovingAverage3M,SCP,x11 seasonal,14.856525324915404,2026-07-17 18:06:48.718,0,,
32319,72,70,10326,1,28,RETAIL,ALMENDRA OTROS_ELAB,,,,MovingAverage3M,intermittent_insuficient,intermittent_insuficient_insuficient,insuficient,preserve current forecast,preserve current forecast,success,intermittent_insuficient,COMPARABLE,1,1,1,0.0,0.0,0.0,0.0,0.0,7500.0,0.0,0.0,0.0,0.0,4200.0,0.0,0.0,0.0,0.0,0.0,0.0,0.0,0.0,0.0,0.0,0.0,4200.0,-7500.0,0.0,0.0,0.0,0.0,0.0,-7500.0,0.0,0.0,0.0,0.0,4200.0,7500.0,0.0,0.0,0.0,0.0,0.0,7500.0,0.0,0.0,0.0,0.0,17640000,56250000,0.0,0.0,0.0,0.0,0.0,56250000,0,0,0,0,0,1,,,,,,7500.0,,,,,,7500.0,,,,,,7500.0,,,,,,7500.0,,,,,,1.0,,,,,,1.0,,,,,,-1.0,,,,,,-1.0,,,,,,TIE,,,,,,,,,,,,,,,,,,,,,,,,0.0,7500.0,4200.0,0.0,-3300.0,-7500.0,11700.0,7500.0,73890000,56250000,1,11700.0,7500.0,8595.92926913664,7500.0,1.56,1.0,-0.44,-1.0,ML,MovingAverage3M,SCP,preserve current forecast,35.8974358974359,0.0,0.0,0.0,0.0,0.0,0.0,0.0,0.0,0.0,0,,,,,,,,,,,,,,7500.0,4200.0,0.0,-3300.0,-7500.0,11700.0,7500.0,73890000,56250000,1,11700.0,7500.0,8595.92926913664,7500.0,1.56,1.0,-0.44,-1.0,ML,MovingAverage3M,SCP,preserve current forecast,35.8974358974359,2026-07-17 18:06:48.718,0,,NoForecastRowsMaterialized
32320,72,70,10326,1,35,RETAIL,PECANA_ELAB,,,,AutoETS,smooth_acceptable,smooth_acceptable_acceptable,acceptable,preserve current forecast,preserve current forecast,success,smooth_acceptable,COMPARABLE,1,1,1,4108.5,4375.8,7075.200000000001,6911.1,7441.200000000001,4493.7,5713.0,5507.0,3230.0,7786.0,7864.0,7479.0,7336.0,7173.0,7009.0,9066.0,9075.0,8580.0,1604.5,1131.1999999999998,-3845.2000000000007,874.8999999999996,422.7999999999993,2985.3,3227.5,2797.2,-66.20000000000073,2154.8999999999996,1633.7999999999993,4086.3,1604.5,1131.1999999999998,3845.2000000000007,874.8999999999996,422.7999999999993,2985.3,3227.5,2797.2,66.20000000000073,2154.8999999999996,1633.7999999999993,4086.3,2574420.25,1279613.4399999995,14785563.040000005,765450.0099999993,178759.83999999939,8912016.090000002,10416756.25,7824327.839999999,4382.440000000096,4643594.009999999,2669302.4399999976,16697847.690000001,1,1,1,1,1,1,1604.5,1131.1999999999998,3845.2000000000007,874.8999999999996,422.7999999999993,2985.3,3227.5,2797.2,66.20000000000073,2154.8999999999996,1633.7999999999993,4086.3,1604.5,1131.1999999999998,3845.2000000000007,874.8999999999996,422.7999999999993,2985.3,3227.5,2797.2,66.20000000000073,2154.8999999999996,1633.7999999999993,4086.3,0.390531824266764,0.25851272910096434,0.5434758028041611,0.1265934511148731,0.05681879266784917,0.6643300620869218,0.7855665084580747,0.639243109831345,0.009356625961103674,0.3118027520944567,0.2195613610707949,0.909339742305895,0.390531824266764,0.25851272910096434,-0.5434758028041611,0.1265934511148731,0.05681879266784917,0.6643300620869218,0.7855665084580747,0.639243109831345,-0.009356625961103674,0.3118027520944567,0.2195613610707949,0.909339742305895,SCP,SCP,ML,SCP,SCP,SCP,preserve current forecast,preserve current forecast,AutoETS,preserve current forecast,preserve current forecast,preserve current forecast,ML,ML,SCP,ML,ML,ML,AutoETS,AutoETS,preserve current forecast,AutoETS,AutoETS,AutoETS,50.286599535244,59.55955955955956,98.27837303651305,59.399508097823585,74.12167952013714,26.943689890610077,18846.0,23129.0,26721.0,4282.999999999999,7874.999999999999,4282.999999999999,7874.999999999999,9856225.940000001,24010744.139999997,3,1427.6666666666663,2624.9999999999995,1812.5696253293738,2829.0601584271762,0.22726307969860973,0.4178605539637058,0.22726307969860973,0.4178605539637058,SCP,preserve current forecast,ML,AutoETS,45.61269841269842,15559.5,14450.0,21518.0,-1109.500000000001,5958.499999999999,6580.900000000001,6090.900000000001,18639596.730000004,18245466.53,3,2193.6333333333337,2030.3000000000002,2492.62891542243,2466.1350686178293,0.4229506089527299,0.39145859442784153,-0.07130691860278292,0.3829493235643818,ML,AutoETS,SCP,preserve current forecast,7.445790089501443,34405.5,37579.0,48239.0,3173.499999999998,13833.499999999996,10863.9,13965.899999999998,28495822.67,42256210.67,6,1810.6499999999999,2327.6499999999996,2179.2897417124996,2653.8089189565503,0.31576056153812615,0.40592056502594054,0.09223815959657608,0.40207234308468115,SCP,preserve current forecast,ML,AutoETS,22.211243099263196,2026-07-17 18:06:48.718,0,,
32321,72,70,10326,1,7,INDUSTRIA,ALMENDRA CORTE_ELAB,,,,SeasonalNaive,smooth_acceptable,smooth_acceptable_acceptable,acceptable,x11 seasonal,x11 seasonal,success,smooth_acceptable,COMPARABLE,1,1,1,527781.5,409553.0,534476.5,519137.5,269611.0,384363.0,360505.0,398331.0,368236.0,356907.0,309770.0,343359.0,357956.0,392592.0,314196.0,348635.0,334203.0,344635.0,-167276.5,-11222.0,-166240.5,-162230.5,40159.0,-41004.0,-169825.5,-16961.0,-220280.5,-170502.5,64592.0,-39728.0,167276.5,11222.0,166240.5,162230.5,40159.0,41004.0,169825.5,16961.0,220280.5,170502.5,64592.0,39728.0,27981427452.25,125933284,27635903840.25,26318735130.25,1612745281,1681328016,28840700450.25,287675521,48523498680.25,29071102506.25,4172126464,1578313984,1,1,1,1,1,1,167276.5,11222.0,166240.5,162230.5,40159.0,41004.0,169825.5,16961.0,220280.5,170502.5,64592.0,39728.0,167276.5,11222.0,166240.5,162230.5,40159.0,41004.0,169825.5,16961.0,220280.5,170502.5,64592.0,39728.0,0.31694271208824104,0.027400605049895863,0.3110342550140184,0.3125000601959982,0.14895163772991457,0.1066804036808954,0.3217723622370242,0.041413443437113145,0.4121425357335636,0.3284341816956009,0.2395747947969482,0.10336062524228398,-0.31694271208824104,-0.027400605049895863,-0.3110342550140184,-0.3125000601959982,0.14895163772991457,-0.1066804036808954,-0.3217723622370242,-0.041413443437113145,-0.4121425357335636,-0.3284341816956009,0.2395747947969482,-0.10336062524228398,SCP,SCP,SCP,SCP,SCP,ML,x11 seasonal,x11 seasonal,x11 seasonal,x11 seasonal,x11 seasonal,SeasonalNaive,ML,ML,ML,ML,ML,SCP,SeasonalNaive,SeasonalNaive,SeasonalNaive,SeasonalNaive,SeasonalNaive,x11 seasonal,1.500952448248352,33.83644832262249,24.532357607686563,4.851541766249764,37.826665840971025,3.111891522778269,1173111.5,1010036.0,1027473.0,-163075.5,-145638.5,243393.5,274822.5,29612808427.25,34821542954.25,3,81131.16666666667,91607.5,99352.58498104951,107736.62786977323,0.20747686814083743,0.23426801288709556,-0.13901108291922806,-0.12414719316961773,SCP,x11 seasonal,ML,SeasonalNaive,11.43610876110944,1471811.0,1127072.0,1064744.0,-344739.0,-407067.0,344739.0,407067.0,55743264576.5,77651874651.5,3,114913.0,135689.0,136312.4652853387,160884.92228038856,0.23422776429854106,0.2765755929259939,-0.23422776429854106,-0.2765755929259939,SCP,x11 seasonal,ML,SeasonalNaive,15.311484350242088,2644922.5,2137108.0,2092217.0,-507814.5,-552705.5,588132.5,681889.5,85356073003.75,112473417605.75,6,98022.08333333333,113648.25,119272.84756930919,136914.46089058064,0.22236284806076548,0.25781076761228355,-0.19199598475947782,-0.20896850474824877,SCP,x11 seasonal,ML,SeasonalNaive,13.749588459713792,2026-07-17 18:06:48.718,0,,
32322,72,70,10326,1,8,INDUSTRIA,ALMENDRA CREMA_ELAB,,,,SeasonalNaive,smooth_insuficient,smooth_insuficient_insuficient,insuficient,x11 seasonal,x11 seasonal,success,smooth_insuficient,COMPARABLE,1,1,1,82165.0,37120.0,27520.0,37317.0,42400.0,21923.0,26793.0,10073.0,30950.0,11547.0,28412.0,10754.0,17088.0,6240.0,22200.0,16968.0,33787.0,15001.0,-55372.0,-27047.0,3430.0,-25770.0,-13988.0,-11169.0,-65077.0,-30880.0,-5320.0,-20349.0,-8613.0,-6922.0,55372.0,27047.0,3430.0,25770.0,13988.0,11169.0,65077.0,30880.0,5320.0,20349.0,8613.0,6922.0,3066058384,731540209,11764900,664092900,195664144,124746561,4235015929,953574400,28302400,414081801,74183769,47914084,1,1,1,1,1,1,55372.0,27047.0,3430.0,25770.0,13988.0,11169.0,65077.0,30880.0,5320.0,20349.0,8613.0,6922.0,55372.0,27047.0,3430.0,25770.0,13988.0,11169.0,65077.0,30880.0,5320.0,20349.0,8613.0,6922.0,0.6739122497413741,0.7286368534482759,0.12463662790697674,0.6905699815097677,0.32990566037735847,0.5094649454910368,0.7920282358668533,0.8318965517241379,0.1933139534883721,0.5453010692177828,0.2031367924528302,0.3157414587419605,-0.6739122497413741,-0.7286368534482759,0.12463662790697674,-0.6905699815097677,-0.32990566037735847,-0.5094649454910368,-0.7920282358668533,-0.8318965517241379,-0.1933139534883721,-0.5453010692177828,-0.2031367924528302,-0.3157414587419605,SCP,SCP,SCP,ML,ML,ML,x11 seasonal,x11 seasonal,x11 seasonal,SeasonalNaive,SeasonalNaive,SeasonalNaive,ML,ML,ML,SCP,SCP,SCP,SeasonalNaive,SeasonalNaive,SeasonalNaive,x11 seasonal,x11 seasonal,x11 seasonal,14.913102939594635,12.412564766839372,35.52631578947369,21.0360884749709,38.425793537317695,38.02489032142537,101640.0,50713.0,65756.0,-50927.0,-35884.0,50927.0,35884.0,984503605,536179654,3,16975.666666666668,11961.333333333334,18115.40417250836,13368.864997947034,0.5010527351436442,0.35304998032270757,-0.5010527351436442,-0.35304998032270757,ML,SeasonalNaive,SCP,x11 seasonal,29.5383588273411,146805.0,67816.0,45528.0,-78989.0,-101277.0,85849.0,101277.0,3809363493,5216892729,3,28616.333333333332,33759.0,35634.082435219236,41700.89019433518,0.5847825346548142,0.6898743230816389,-0.5380538809986036,-0.6898743230816389,SCP,x11 seasonal,ML,SeasonalNaive,15.233468605902617,248445.0,118529.0,111284.0,-129916.0,-137161.0,136776.0,137161.0,4793867098,5753072383,6,22796.0,22860.166666666668,28266.196236258365,30965.228840857395,0.5505282859385378,0.5520779246915817,-0.5229165408843004,-0.5520779246915817,SCP,x11 seasonal,ML,SeasonalNaive,0.28069203344974,2026-07-17 18:06:48.718,0,,
32323,72,70,10326,1,22,INDUSTRIA,PISTACHO_ELAB,,,,AutoETS,seasonal_discontinuous_acceptable,seasonal_discontinuous_acceptable_acceptable,acceptable,seasonal discrete,seasonal discrete,success,seasonal_discontinuous_acceptable,COMPARABLE,1,1,1,46766.0,13000.0,30876.75,37393.0,2.0,42734.0,4722.0,2979.0,2623.0,1410.0,1987.0,708.0,19112.0,19140.0,18728.0,2697.0,2697.0,2697.0,-42044.0,-10021.0,-28253.75,-35983.0,1985.0,-42026.0,-27654.0,6140.0,-12148.75,-34696.0,2695.0,-40037.0,42044.0,10021.0,28253.75,35983.0,1985.0,42026.0,27654.0,6140.0,12148.75,34696.0,2695.0,40037.0,1767697936,100420441,798274389.0625,1294776289,3940225.0,1766184676,764743716,37699600,147592126.5625,1203812416,7263025.0,1602961369,1,1,1,1,1,1,42044.0,10021.0,28253.75,35983.0,1985.0,42026.0,27654.0,6140.0,12148.75,34696.0,2695.0,40037.0,42044.0,10021.0,28253.75,35983.0,1985.0,42026.0,27654.0,6140.0,12148.75,34696.0,2695.0,40037.0,0.8990292092545866,0.7708461538461538,0.9150493494295869,0.9622924076698848,992.5,0.9834323957504563,0.5913270324594792,0.4723076923076923,0.393459480029472,0.9278742010536731,1347.5,0.9368886600833061,-0.8990292092545866,-0.7708461538461538,-0.9150493494295869,-0.9622924076698848,992.5,-0.9834323957504563,-0.5913270324594792,0.4723076923076923,-0.393459480029472,-0.9278742010536731,1347.5,-0.9368886600833061,ML,ML,ML,ML,SCP,ML,AutoETS,AutoETS,AutoETS,AutoETS,seasonal discrete,AutoETS,SCP,SCP,SCP,SCP,ML,SCP,seasonal discrete,seasonal discrete,seasonal discrete,seasonal discrete,AutoETS,seasonal discrete,34.22604890115117,38.72866979343379,57.001283015528905,3.5766889920240166,26.34508348794063,4.732784466758665,80129.0,4105.0,8091.0,-76024.0,-72038.0,79994.0,77428.0,3064901190,2814036810,3,26664.666666666668,25809.333333333332,31963.005647154023,30626.98597642282,0.9983152167130502,0.9662918543848045,-0.9487701082005267,-0.899025321668809,ML,AutoETS,SCP,seasonal discrete,3.2077405805435464,90642.75,10324.0,56980.0,-80318.75,-33662.75,80318.75,45942.75,2666392766.0625,950035442.5625,3,26772.916666666668,15314.25,29812.708509753018,17795.462366967786,0.886102308237559,0.5068552090487105,-0.886102308237559,-0.37137829556142105,ML,AutoETS,SCP,seasonal discrete,42.79947085829896,170771.75,14429.0,65071.0,-156342.75,-105700.75,160312.75,123370.75,5731293956.0625,3764072252.5625,6,26718.791666666668,20561.791666666668,30906.563369998774,25046.86358463038,0.938754507112564,0.7224306713493304,-0.915507102316396,-0.6189592248132375,ML,AutoETS,SCP,seasonal discrete,23.043706754453403,2026-07-17 18:06:48.718,0,,
32324,72,70,10326,1,11,INDUSTRIA,ALMENDRA GRANIT_ELAB,,,,AutoARIMA,smooth_acceptable,smooth_acceptable_acceptable,acceptable,x11 seasonal,x11 seasonal,success,smooth_acceptable,COMPARABLE,1,1,1,152345.0,126501.5,206958.0,112753.5,66722.0,148007.0,64801.0,99929.0,131601.0,105709.0,50864.0,100992.0,74381.0,97898.0,124396.0,51470.0,50525.0,61602.0,-87544.0,-26572.5,-75357.0,-7044.5,-15858.0,-47015.0,-77964.0,-28603.5,-82562.0,-61283.5,-16197.0,-86405.0,87544.0,26572.5,75357.0,7044.5,15858.0,47015.0,77964.0,28603.5,82562.0,61283.5,16197.0,86405.0,7663951936,706097756.25,5678677449,49624980.25,251476164,2210410225,6078385296,818160212.25,6816483844,3755667372.25,262342809,7465824025,1,1,1,1,1,1,87544.0,26572.5,75357.0,7044.5,15858.0,47015.0,77964.0,28603.5,82562.0,61283.5,16197.0,86405.0,87544.0,26572.5,75357.0,7044.5,15858.0,47015.0,77964.0,28603.5,82562.0,61283.5,16197.0,86405.0,0.5746430798516525,0.21005679774548128,0.36411735714492793,0.06247699627949465,0.23767273163274483,0.31765389474822137,0.5117594932554399,0.22611194333664028,0.3989311841049875,0.5435174961309405,0.2427535145828962,0.5837899558804651,-0.5746430798516525,-0.21005679774548128,-0.36411735714492793,-0.06247699627949465,-0.23767273163274483,-0.31765389474822137,-0.5117594932554399,-0.22611194333664028,-0.3989311841049875,-0.5435174961309405,-0.2427535145828962,-0.5837899558804651,ML,SCP,SCP,SCP,SCP,SCP,AutoARIMA,x11 seasonal,x11 seasonal,x11 seasonal,x11 seasonal,x11 seasonal,SCP,ML,ML,ML,ML,ML,x11 seasonal,AutoARIMA,AutoARIMA,AutoARIMA,AutoARIMA,AutoARIMA,10.943068628346902,7.100529655461746,8.72677502967468,88.50506253722453,2.0929801815150975,45.587639604189576,327482.5,257565.0,163597.0,-69917.5,-163885.5,69917.5,163885.5,2511511369.25,11483834206.25,3,23305.833333333332,54628.5,28933.89805084456,61870.386578852624,0.2134999580130236,0.5004404815524494,-0.2134999580130236,-0.5004404815524494,SCP,x11 seasonal,ML,AutoARIMA,57.337592404453105,485804.5,296331.0,296675.0,-189473.5,-189129.5,189473.5,189129.5,14048727141.25,13713029352.25,3,63157.833333333336,63043.166666666664,68431.78389522908,67609.24333316661,0.3900200595095352,0.3893119557352803,-0.3900200595095352,-0.3893119557352803,ML,AutoARIMA,SCP,x11 seasonal,0.18155573206807998,813287.0,553896.0,460272.0,-259391.0,-353015.0,259391.0,353015.0,16560238510.5,25196863558.5,6,43231.833333333336,58835.833333333336,52536.08047570736,64803.37382999438,0.31894152986584073,0.43405956322921674,-0.31894152986584073,-0.43405956322921674,SCP,x11 seasonal,ML,AutoARIMA,26.521252637989885,2026-07-17 18:06:48.718,0,,
32325,72,70,10326,1,20,INDUSTRIA,NUEZ KERNEL_ELAB,,,,SeasonalNaive,lumpy_insuficient,lumpy_insuficient_insuficient,insuficient,seasonal discrete,seasonal discrete,success,lumpy_insuficient,COMPARABLE,1,1,1,0.0,9396.0,9072.0,12960.0,0.0,0.0,20029.0,19585.0,20151.0,25807.0,21121.0,0.0,14894.0,14203.0,10122.0,11496.0,6810.0,0.0,20029.0,10189.0,11079.0,12847.0,21121.0,0.0,14894.0,4807.0,1050.0,-1464.0,6810.0,0.0,20029.0,10189.0,11079.0,12847.0,21121.0,0.0,14894.0,4807.0,1050.0,1464.0,6810.0,0.0,401160841,103815721,122744241,165045409,446096641,0.0,221831236,23107249,1102500.0,2143296.0,46376100,0.0,0,1,1,1,0,0,,10189.0,11079.0,12847.0,,,,4807.0,1050.0,1464.0,,,,10189.0,11079.0,12847.0,,,,4807.0,1050.0,1464.0,,,,1.0843976160068114,1.2212301587301588,0.9912808641975308,,,,0.5116006811409111,0.11574074074074074,0.11296296296296296,,,,1.0843976160068114,1.2212301587301588,0.9912808641975308,,,,0.5116006811409111,0.11574074074074074,-0.11296296296296296,,,,ML,ML,ML,,,,SeasonalNaive,SeasonalNaive,SeasonalNaive,,,,SCP,SCP,SCP,,,,seasonal discrete,seasonal discrete,seasonal discrete,,,,52.821670428893896,90.52261034389386,88.6043434264809,,,12960.0,46928.0,18306.0,33968.0,5346.0,33968.0,8274.0,611142050,48519396,1,33968.0,8274.0,24721.287385571166,6965.586551037895,2.6209876543209876,0.638425925925926,2.6209876543209876,0.4125,ML,SeasonalNaive,SCP,seasonal discrete,75.64178049929346,18468.0,59765.0,39219.0,41297.0,20751.0,41297.0,20751.0,627720803,246040985,2,20648.5,10375.5,17716.105709212734,11091.460341181408,2.236138184968594,1.123619233268356,2.236138184968594,1.123619233268356,ML,SeasonalNaive,SCP,seasonal discrete,49.75179795142503,31428.0,106693.0,57525.0,75265.0,26097.0,75265.0,29025.0,1238862853,294560381,3,25088.333333333332,9675.0,20321.27664132678,9908.924950097597,2.3948389970726742,0.9235395189003437,2.3948389970726742,0.8303741886216113,ML,SeasonalNaive,SCP,seasonal discrete,61.43625855311233,2026-07-17 18:06:48.718,0,,
32326,72,70,10326,1,70,TRADING,OTROS PRODUCTOS_MERC,,,,,,,,preserve current forecast,preserve current forecast,success,,NOT_COMPARABLE_MISSING_SCP_AND_ML,1,0,0,0.0,0.0,0.0,0.0,0.0,0.0,,,,,,,,,,,,,,,,,,,,,,,,,,,,,,,,,,,,,,,,,,,,,,,,,,,,,,,,,,,,,,,,,,,,,,,,,,,,,,,,,,,,,,,,,,,,,,,,,,,,,,,,,,,,,,,,,,,,,,,,,,,,,,,,,,,,,,,,,,,,,,,,,,,,,,,,,,,,,,,,,,,,,,,,,,,,,,,,,,,,,,,,,,,,,,,,,,,,,,,,,,2026-07-17 18:06:48.718,1,MissingHistory,NoForecastRowsMaterialized
32327,72,70,10326,1,76,TRADING,PIPA CALABAZA_MERC,,,,AutoARIMA,smooth_acceptable,smooth_acceptable_acceptable,acceptable,preserve current forecast,preserve current forecast,success,smooth_acceptable,COMPARABLE,1,1,1,83925.0,6975.0,20000.0,26500.0,41925.0,56825.0,24191.0,43105.0,49446.0,32230.0,13848.0,17589.0,34790.0,34895.0,31918.0,32432.0,32680.0,36674.0,-59734.0,36130.0,29446.0,5730.0,-28077.0,-39236.0,-49135.0,27920.0,11918.0,5932.0,-9245.0,-20151.0,59734.0,36130.0,29446.0,5730.0,28077.0,39236.0,49135.0,27920.0,11918.0,5932.0,9245.0,20151.0,3568150756,1305376900,867066916,32832900,788317929,1539463696,2414248225,779526400,142038724,35188624,85470025,406062801,1,1,1,1,1,1,59734.0,36130.0,29446.0,5730.0,28077.0,39236.0,49135.0,27920.0,11918.0,5932.0,9245.0,20151.0,59734.0,36130.0,29446.0,5730.0,28077.0,39236.0,49135.0,27920.0,11918.0,5932.0,9245.0,20151.0,0.7117545427464999,5.1799283154121865,1.4723,0.21622641509433962,0.669695885509839,0.6904707435107788,0.5854632112004766,4.002867383512545,0.5959,0.22384905660377358,0.2205128205128205,0.35461504619445666,-0.7117545427464999,5.1799283154121865,1.4723,0.21622641509433962,-0.669695885509839,-0.6904707435107788,-0.5854632112004766,4.002867383512545,0.5959,0.22384905660377358,-0.2205128205128205,-0.35461504619445666,ML,ML,ML,SCP,ML,ML,AutoARIMA,AutoARIMA,AutoARIMA,preserve current forecast,AutoARIMA,AutoARIMA,SCP,SCP,SCP,ML,SCP,SCP,preserve current forecast,preserve current forecast,preserve current forecast,AutoARIMA,preserve current forecast,preserve current forecast,17.743663575183312,22.723498477719353,59.52591183861985,3.405259608900872,67.07269295152616,48.641553675196256,125250.0,63667.0,101786.0,-61583.0,-23464.0,73043.0,35328.0,2360614525,526721450,3,24347.666666666668,11776.0,28051.23006809743,13250.42703714362,0.5831776447105789,0.28205988023952094,-0.4916806387225549,-0.1873373253493014,ML,AutoARIMA,SCP,preserve current forecast,51.6339690319401,110900.0,116742.0,101603.0,5842.0,-9297.0,125310.0,88973.0,5740594572,3335813349,3,41770.0,29657.666666666668,43743.93128195041,33345.731106095125,1.129936880072137,0.8022813345356177,0.05267808836789901,-0.08383228133453562,ML,AutoARIMA,SCP,preserve current forecast,28.997685739366368,236150.0,180409.0,203389.0,-55741.0,-32761.0,198353.0,124301.0,8101209097,3862534799,6,33058.833333333336,20716.833333333332,36745.08832710389,25372.343207384954,0.8399449502434893,0.526364598771967,-0.23604065212788483,-0.1387296210035994,ML,AutoARIMA,SCP,preserve current forecast,37.33344088569368,2026-07-17 18:06:48.718,0,,
32328,72,70,10326,1,85,ECOMMERCE,ALMENDRA HARINA_ELAB,,,,,,,,copy parent behaviour,copy parent behaviour,success,,NOT_COMPARABLE_ML_EXCLUDED,1,1,0,641.0,100.0,130.0,156.0,70.0,0.0,236.30435050386245,90.96671899927443,9.619469135555455,-993.2297044930261,0.0,0.0,,,,,,,,,,,,,,,,,,,,,,,,,,,,,,,,,,,,,,,,,,,,,,,,,,,,,,,,,,,,,,,,,,,,,,,,,,,,,,,,,,,,,,,,,,,,,,,,,,,,,,,,,,,,,,,,,,,,,,,,,,,,,,,,,,,,,,,,,,,,,,,,,,,,,,,,,,,,,,,,,,,,,,,,,,,,,,,,,,,,,,,,,,,,,,,,,,,,2026-07-17 18:06:48.718,1,ShortSeries,
32329,72,70,10326,1,96,ECOMMERCE,NUEZ BRASIL_ELAB,,,,,,,,copy parent behaviour,copy parent behaviour,success,,NOT_COMPARABLE_ML_EXCLUDED,1,1,0,0.0,0.0,0.0,0.0,453.0,0.0,287.73901733967176,110.76678986084711,11.458633433880735,-20.764384066056298,0.0,0.0,,,,,,,,,,,,,,,,,,,,,,,,,,,,,,,,,,,,,,,,,,,,,,,,,,,,,,,,,,,,,,,,,,,,,,,,,,,,,,,,,,,,,,,,,,,,,,,,,,,,,,,,,,,,,,,,,,,,,,,,,,,,,,,,,,,,,,,,,,,,,,,,,,,,,,,,,,,,,,,,,,,,,,,,,,,,,,,,,,,,,,,,,,,,,,,,,,,,2026-07-17 18:06:48.718,1,ShortSeries,
32330,72,70,10326,1,72,TRADING,PECANA_MERC,,,,AutoETS,smooth_acceptable,smooth_acceptable_acceptable,acceptable,preserve current forecast,preserve current forecast,success,smooth_acceptable,COMPARABLE,1,1,1,11657.66,14131.45,30400.479999999996,5661.759999999999,14312.26,25015.760000000006,13993.0,19186.0,12085.0,13485.0,16291.0,25469.0,15981.0,21906.0,15850.0,12766.0,42913.0,9160.0,2335.34,5054.549999999999,-18315.479999999996,7823.240000000001,1978.7399999999998,453.2399999999943,4323.34,7774.549999999999,-14550.479999999996,7104.240000000001,28600.739999999998,-15855.760000000006,2335.34,5054.549999999999,18315.479999999996,7823.240000000001,1978.7399999999998,453.2399999999943,4323.34,7774.549999999999,14550.479999999996,7104.240000000001,28600.739999999998,15855.760000000006,5453812.915600001,25548475.702499993,335456807.6303998,61203084.09760001,3915411.987599999,205426.49759999485,18691268.7556,60443627.702499986,211716468.23039988,50470225.97760001,818002328.5475999,251405125.17760018,1,1,1,1,1,1,2335.34,5054.549999999999,18315.479999999996,7823.240000000001,1978.7399999999998,453.2399999999943,4323.34,7774.549999999999,14550.479999999996,7104.240000000001,28600.739999999998,15855.760000000006,2335.34,5054.549999999999,18315.479999999996,7823.240000000001,1978.7399999999998,453.2399999999943,4323.34,7774.549999999999,14550.479999999996,7104.240000000001,28600.739999999998,15855.760000000006,0.20032665217547949,0.35768091738639696,0.6024733819992315,1.381768213417736,0.13825489475456704,0.018118178300399197,0.37085830260961467,0.5501593962403009,0.47862665326336945,1.2547759000734757,1.998338487422671,0.6338308330428498,0.20032665217547949,0.35768091738639696,-0.6024733819992315,1.381768213417736,0.13825489475456704,0.018118178300399197,0.37085830260961467,0.5501593962403009,-0.47862665326336945,1.2547759000734757,1.998338487422671,-0.6338308330428498,SCP,SCP,ML,ML,SCP,SCP,preserve current forecast,preserve current forecast,AutoETS,AutoETS,preserve current forecast,preserve current forecast,ML,ML,SCP,SCP,ML,ML,AutoETS,AutoETS,preserve current forecast,preserve current forecast,AutoETS,AutoETS,45.98296687283443,34.98594773974057,20.556381814727214,9.190565545732959,93.0815076812698,97.14148044622274,44989.780000000006,55245.0,64839.0,10255.219999999994,19849.219999999994,10255.219999999994,51560.74,65323922.58280001,1119877679.7028,3,3418.4066666666645,17186.913333333334,4666.330556329388,19320.7805199721,0.2279455467441715,1.1460545039340044,0.2279455467441715,0.44119397783229863,SCP,preserve current forecast,ML,AutoETS,80.11040958682905,56189.59,45264.0,53737.0,-10925.589999999997,-2452.5899999999965,25705.369999999995,26648.369999999995,366459096.2484998,290851364.6884998,3,8568.456666666665,8882.789999999999,11052.286283065296,9846.342208971137,0.4574756640865327,0.47425813215579604,-0.1944415326753585,-0.04364847652385427,SCP,preserve current forecast,ML,AutoETS,3.5386779754258906,101179.37000000001,100509.0,118576.0,-670.3700000000017,17396.629999999994,35960.58999999998,78209.11,431783018.8312999,1410729044.3913,6,5993.431666666664,13034.851666666667,8483.150150261594,15333.672338958793,0.3554142509485874,0.7729748663190924,-0.006625560131477411,0.17193850880866318,SCP,preserve current forecast,ML,AutoETS,54.01994729258524,2026-07-17 18:06:48.718,0,,
32331,72,70,10326,1,74,TRADING,PIÑONES_MERC,,,,MovingAverage3M,erratic_acceptable,erratic_acceptable_acceptable,acceptable,preserve current forecast,preserve current forecast,success,erratic_acceptable,COMPARABLE,1,1,1,4500.0,4852.0,11400.0,900.0,9100.0,4500.0,7717.0,5664.0,5681.0,10874.0,6953.0,7578.0,4833.0,4833.0,4834.0,4310.0,9464.0,9689.0,3217.0,812.0,-5719.0,9974.0,-2147.0,3078.0,333.0,-19.0,-6566.0,3410.0,364.0,5189.0,3217.0,812.0,5719.0,9974.0,2147.0,3078.0,333.0,19.0,6566.0,3410.0,364.0,5189.0,10349089,659344.0,32706961,99480676,4609609.0,9474084.0,110889.0,361.0,43112356,11628100,132496.0,26925721,1,1,1,1,1,1,3217.0,812.0,5719.0,9974.0,2147.0,3078.0,333.0,19.0,6566.0,3410.0,364.0,5189.0,3217.0,812.0,5719.0,9974.0,2147.0,3078.0,333.0,19.0,6566.0,3410.0,364.0,5189.0,0.7148888888888889,0.16735366859027206,0.5016666666666667,11.082222222222223,0.23593406593406593,0.684,0.074,0.0039159109645507005,0.5759649122807018,3.7888888888888888,0.04,1.1531111111111112,0.7148888888888889,0.16735366859027206,-0.5016666666666667,11.082222222222223,-0.23593406593406593,0.684,0.074,-0.0039159109645507005,-0.5759649122807018,3.7888888888888888,0.04,1.1531111111111112,ML,ML,SCP,ML,ML,SCP,MovingAverage3M,MovingAverage3M,preserve current forecast,MovingAverage3M,MovingAverage3M,preserve current forecast,SCP,SCP,ML,SCP,SCP,ML,preserve current forecast,preserve current forecast,MovingAverage3M,preserve current forecast,preserve current forecast,MovingAverage3M,89.64874106310228,97.66009852216749,12.899786780383792,65.81110888309605,83.04611085235211,40.68221237232608,14500.0,25405.0,23463.0,10905.0,8963.0,15199.0,8963.0,113564369,38686317,3,5066.333333333333,2987.6666666666665,6152.624616102194,3591.021999375665,1.0482068965517242,0.6181379310344828,0.7520689655172413,0.6181379310344828,ML,MovingAverage3M,SCP,preserve current forecast,41.02901506678071,20752.0,19062.0,14500.0,-1690.0,-6252.0,9748.0,6918.0,43715394,43223606,3,3249.3333333333335,2306.0,3817.3024506842526,3795.769838473701,0.4697378565921357,0.33336545875096374,-0.08143793369313801,-0.301272166538165,ML,MovingAverage3M,SCP,preserve current forecast,29.03159622486664,35252.0,44467.0,37963.0,9215.0,2711.0,24947.0,15881.0,157279763,81909923,6,4157.833333333333,2646.8333333333335,5119.891974771864,3694.8144518139657,0.70767616021786,0.45049926245319416,0.2614036083059117,0.07690343810280267,ML,MovingAverage3M,SCP,preserve current forecast,36.34104301118371,2026-07-17 18:06:48.718,0,,
32332,72,70,10326,1,89,ECOMMERCE,ANACARDO_ELAB,,,,,,,,copy parent behaviour,copy parent behaviour,success,,NOT_COMPARABLE_ML_EXCLUDED,1,1,0,312.0,126.0,244.0,398.0,134.0,446.0,609.6272806932831,235.21902157723102,24.8166857627354,-20.764384066056298,0.0,0.0,,,,,,,,,,,,,,,,,,,,,,,,,,,,,,,,,,,,,,,,,,,,,,,,,,,,,,,,,,,,,,,,,,,,,,,,,,,,,,,,,,,,,,,,,,,,,,,,,,,,,,,,,,,,,,,,,,,,,,,,,,,,,,,,,,,,,,,,,,,,,,,,,,,,,,,,,,,,,,,,,,,,,,,,,,,,,,,,,,,,,,,,,,,,,,,,,,,,2026-07-17 18:06:48.718,1,ShortSeries,
32333,72,70,10326,1,49,TRADING,AVELLANA_MERC,,,,AutoARIMA,smooth_acceptable,smooth_acceptable_acceptable,acceptable,preserve current forecast,preserve current forecast,success,smooth_acceptable,COMPARABLE,1,1,1,9520.0,16955.0,20885.0,28600.0,15750.0,4500.0,15736.0,15404.0,10318.0,9320.0,11972.0,6362.0,13364.0,17878.0,11014.0,8698.0,15338.0,6133.0,6216.0,-1551.0,-10567.0,-19280.0,-3778.0,1862.0,3844.0,923.0,-9871.0,-19902.0,-412.0,1633.0,6216.0,1551.0,10567.0,19280.0,3778.0,1862.0,3844.0,923.0,9871.0,19902.0,412.0,1633.0,38638656,2405601.0,111661489,371718400,14273284,3467044.0,14776336,851929.0,97436641,396089604,169744.0,2666689.0,1,1,1,1,1,1,6216.0,1551.0,10567.0,19280.0,3778.0,1862.0,3844.0,923.0,9871.0,19902.0,412.0,1633.0,6216.0,1551.0,10567.0,19280.0,3778.0,1862.0,3844.0,923.0,9871.0,19902.0,412.0,1633.0,0.6529411764705882,0.09147744028310233,0.505961216183864,0.6741258741258741,0.23987301587301588,0.4137777777777778,0.403781512605042,0.05443821881450899,0.47263586305961214,0.6958741258741259,0.02615873015873016,0.36288888888888887,0.6529411764705882,-0.09147744028310233,-0.505961216183864,-0.6741258741258741,-0.23987301587301588,0.4137777777777778,0.403781512605042,0.05443821881450899,-0.47263586305961214,-0.6958741258741259,-0.02615873015873016,0.36288888888888887,ML,ML,ML,SCP,ML,ML,AutoARIMA,AutoARIMA,AutoARIMA,preserve current forecast,AutoARIMA,AutoARIMA,SCP,SCP,SCP,ML,SCP,SCP,preserve current forecast,preserve current forecast,preserve current forecast,AutoARIMA,preserve current forecast,preserve current forecast,38.15958815958816,40.49000644745326,6.586543011261481,3.1253140387900773,89.09475913181578,12.29860365198712,48850.0,27654.0,30169.0,-21196.0,-18681.0,24920.0,21947.0,389458728,398926037,3,8306.666666666666,7315.666666666667,11393.839388020177,11531.49364421915,0.5101330603889458,0.4492732855680655,-0.433899692937564,-0.3824155578300921,ML,AutoARIMA,SCP,preserve current forecast,11.930176565008033,47360.0,41458.0,42256.0,-5902.0,-5104.0,18334.0,14638.0,152705746,113064906,3,6111.333333333333,4879.333333333333,7134.557823252492,6139.079898486418,0.3871199324324324,0.3090793918918919,-0.12461993243243243,-0.10777027027027027,ML,AutoARIMA,SCP,preserve current forecast,20.159266935747794,96210.0,69112.0,72425.0,-27098.0,-23785.0,43254.0,36585.0,542164474,511990943,6,7209.0,6097.5,9505.826932290882,9237.522602588495,0.4495790458372311,0.3802619270346118,-0.28165471364723,-0.247219623739736,ML,AutoARIMA,SCP,preserve current forecast,15.418227215980021,2026-07-17 18:06:48.718,0,,
32334,72,70,10326,1,80,TRADING,SESAMO_MERC,,,,AutoARIMA,erratic_acceptable,erratic_acceptable_acceptable,acceptable,preserve current forecast,preserve current forecast,success,erratic_acceptable,COMPARABLE,1,1,1,4800.0,6400.0,13600.0,9600.0,13400.0,33600.0,24924.0,9866.0,26988.0,27541.0,25549.0,34741.0,25970.0,22156.0,24151.0,30478.0,30274.0,38916.0,20124.0,3466.0,13388.0,17941.0,12149.0,1141.0,21170.0,15756.0,10551.0,20878.0,16874.0,5316.0,20124.0,3466.0,13388.0,17941.0,12149.0,1141.0,21170.0,15756.0,10551.0,20878.0,16874.0,5316.0,404975376,12013156,179238544,321879481,147598201,1301881.0,448168900,248251536,111323601,435890884,284731876,28259856,1,1,1,1,1,1,20124.0,3466.0,13388.0,17941.0,12149.0,1141.0,21170.0,15756.0,10551.0,20878.0,16874.0,5316.0,20124.0,3466.0,13388.0,17941.0,12149.0,1141.0,21170.0,15756.0,10551.0,20878.0,16874.0,5316.0,4.1925,0.5415625,0.9844117647058823,1.8688541666666667,0.9066417910447762,0.03395833333333333,4.410416666666666,2.461875,0.7758088235294117,2.1747916666666667,1.2592537313432837,0.15821428571428572,4.1925,0.5415625,0.9844117647058823,1.8688541666666667,0.9066417910447762,0.03395833333333333,4.410416666666666,2.461875,0.7758088235294117,2.1747916666666667,1.2592537313432837,0.15821428571428572,SCP,SCP,ML,SCP,SCP,SCP,preserve current forecast,preserve current forecast,AutoARIMA,preserve current forecast,preserve current forecast,preserve current forecast,ML,ML,SCP,ML,ML,ML,AutoARIMA,AutoARIMA,preserve current forecast,AutoARIMA,AutoARIMA,AutoARIMA,4.940954180444022,78.002030972328,21.19061846429639,14.06743940990516,28.001659357591564,78.53649360421369,56600.0,87831.0,99668.0,31231.0,43068.0,31231.0,43068.0,470779563,748882616,3,10410.333333333334,14356.0,12527.031611678802,15799.605649087152,0.5517844522968198,0.7609187279151943,0.5517844522968198,0.7609187279151943,SCP,preserve current forecast,ML,AutoARIMA,27.484443206092685,24800.0,61778.0,72277.0,36978.0,47477.0,36978.0,47477.0,596227076,807744037,3,12326.0,15825.666666666666,14097.60116710168,16408.778514360332,1.4910483870967741,1.9143951612903225,1.4910483870967741,1.9143951612903225,SCP,preserve current forecast,ML,AutoARIMA,22.11386566126756,81400.0,149609.0,171945.0,68209.0,90545.0,68209.0,90545.0,1067006639,1556626653,6,11368.166666666666,15090.833333333334,13335.457991135263,16107.07221999082,0.837948402948403,1.1123464373464373,0.837948402948403,1.1123464373464373,SCP,preserve current forecast,ML,AutoARIMA,24.668396929703455,2026-07-17 18:06:48.718,0,,
32335,72,70,10326,1,97,ECOMMERCE,NUEZ KERNEL_ELAB,,,,,,,,copy parent behaviour,copy parent behaviour,success,,NOT_COMPARABLE_ML_EXCLUDED,1,1,0,7.0,0.0,0.0,0.0,0.0,360.0,126.47868894051508,48.57677079662259,5.036761948958564,0.0,0.0,0.0,,,,,,,,,,,,,,,,,,,,,,,,,,,,,,,,,,,,,,,,,,,,,,,,,,,,,,,,,,,,,,,,,,,,,,,,,,,,,,,,,,,,,,,,,,,,,,,,,,,,,,,,,,,,,,,,,,,,,,,,,,,,,,,,,,,,,,,,,,,,,,,,,,,,,,,,,,,,,,,,,,,,,,,,,,,,,,,,,,,,,,,,,,,,,,,,,,,,2026-07-17 18:06:48.718,1,ShortSeries,NoForecastRowsMaterialized
32336,72,70,10326,1,37,TRADING,ALBARICOQUE_MERC,,,,MovingAverage3M,lumpy_acceptable,lumpy_acceptable_acceptable,acceptable,preserve current forecast,preserve current forecast,success,lumpy_acceptable,COMPARABLE,1,1,1,0.0,0.0,0.0,0.0,0.0,49.0,6.0,0.0,61.0,26.0,186.0,2306.0,16.0,17.0,16.0,0.0,1.0,0.0,6.0,0.0,61.0,26.0,186.0,2257.0,16.0,17.0,16.0,0.0,1.0,-49.0,6.0,0.0,61.0,26.0,186.0,2257.0,16.0,17.0,16.0,0.0,1.0,49.0,36.0,0.0,3721.0,676.0,34596.0,5094049.0,256.0,289.0,256.0,0.0,1.0,2401.0,0,0,0,0,0,1,,,,,,2257.0,,,,,,49.0,,,,,,2257.0,,,,,,49.0,,,,,,46.06122448979592,,,,,,1.0,,,,,,46.06122448979592,,,,,,-1.0,,,,,,ML,,,,,,MovingAverage3M,,,,,,SCP,,,,,,preserve current forecast,,,,,,97.8289765175011,49.0,2518.0,1.0,2469.0,-48.0,2469.0,50.0,5129321.0,2402.0,1,2469.0,50.0,2264.8004327092485,49.01020301937138,50.38775510204081,1.0204081632653061,50.38775510204081,-0.9795918367346939,ML,MovingAverage3M,SCP,preserve current forecast,97.97488861887403,0.0,67.0,49.0,67.0,49.0,67.0,49.0,3757.0,801.0,0,,,,,,,,,,,,,,49.0,2585.0,50.0,2536.0,1.0,2536.0,99.0,5133078.0,3203.0,1,2536.0,99.0,2265.6297137881998,56.595052787324086,51.755102040816325,2.020408163265306,51.755102040816325,0.02040816326530612,ML,MovingAverage3M,SCP,preserve current forecast,96.096214511041,2026-07-17 18:06:48.718,0,,
32337,72,70,10326,1,51,TRADING,BANANA_MERC,,,,MovingAverage12M,smooth_acceptable,smooth_acceptable_acceptable,acceptable,preserve current forecast,preserve current forecast,success,smooth_acceptable,COMPARABLE,1,1,1,4760.4,34489.59999999999,32898.4,19108.0,8432.0,36692.8,27140.0,20422.0,20488.0,5279.0,22622.0,11799.0,19325.0,19325.0,19325.0,8939.0,25943.0,16751.0,22379.6,-14067.599999999991,-12410.400000000001,-13829.0,14190.0,-24893.800000000003,14564.6,-15164.599999999991,-13573.400000000001,-10169.0,17511.0,-19941.800000000003,22379.6,14067.599999999991,12410.400000000001,13829.0,14190.0,24893.800000000003,14564.6,15164.599999999991,13573.400000000001,10169.0,17511.0,19941.800000000003,500846496.1599999,197897369.75999975,154018028.16000003,191241241,201356100,619701278.4400002,212127573.16,229965093.15999973,184237187.56000003,103408561,306635121,397675387.2400001,1,1,1,1,1,1,22379.6,14067.599999999991,12410.400000000001,13829.0,14190.0,24893.800000000003,14564.6,15164.599999999991,13573.400000000001,10169.0,17511.0,19941.800000000003,22379.6,14067.599999999991,12410.400000000001,13829.0,14190.0,24893.800000000003,14564.6,15164.599999999991,13573.400000000001,10169.0,17511.0,19941.800000000003,4.701201579699185,0.40787947671182023,0.3772341512049219,0.7237282813481264,1.6828747628083491,0.6784382767191384,3.0595328123687087,0.43968616626461293,0.4125854144882426,0.5321854720535901,2.0767314990512333,0.5434799197662757,4.701201579699185,-0.40787947671182023,-0.3772341512049219,-0.7237282813481264,1.6828747628083491,-0.6784382767191384,3.0595328123687087,-0.43968616626461293,-0.4125854144882426,-0.5321854720535901,2.0767314990512333,-0.5434799197662757,ML,SCP,SCP,ML,SCP,ML,MovingAverage12M,preserve current forecast,preserve current forecast,MovingAverage12M,preserve current forecast,MovingAverage12M,SCP,ML,ML,SCP,ML,SCP,preserve current forecast,MovingAverage12M,MovingAverage12M,preserve current forecast,MovingAverage12M,preserve current forecast,34.92019517775116,7.233952758397845,8.568229036203151,26.466121917709156,18.965221860544798,19.892503354248838,64232.8,39700.0,51633.0,-24532.800000000003,-12599.800000000003,52912.8,47621.8,1012298619.4400002,807719069.2400001,3,17637.600000000002,15873.933333333334,18369.346018480537,16408.524910748885,0.8237660509895256,0.7413938050341882,-0.38193570885902534,-0.19615834900549256,ML,MovingAverage12M,SCP,preserve current forecast,9.999470827474633,72148.4,68050.0,57975.0,-4098.399999999994,-14173.399999999992,48857.59999999999,43302.59999999999,852761894.0799997,626329853.8799998,3,16285.866666666663,14434.199999999997,16859.83287857069,14449.10439992735,0.6771820303707358,0.6001879459558354,-0.05680514051593652,-0.19644787687599438,ML,MovingAverage12M,SCP,preserve current forecast,11.369776657060521,136381.2,107750.0,109608.0,-28631.199999999997,-26773.199999999997,101770.4,90924.4,1865060513.52,1434048923.12,6,16961.733333333334,15154.066666666666,17630.752080385002,15459.888545954442,0.7462201535108943,0.6666930632667845,-0.2099350936932656,-0.19631151507685807,ML,MovingAverage12M,SCP,preserve current forecast,10.657322757894239,2026-07-17 18:06:48.718,0,,
32338,72,70,10326,1,60,TRADING,MACADAMIA_MERC,,,,AutoARIMA,erratic_acceptable,erratic_acceptable_acceptable,acceptable,preserve current forecast,preserve current forecast,success,erratic_acceptable,COMPARABLE,1,1,1,1111.32,3674.16,4433.94,4239.62,17645.04,1804.06,7749.0,9630.0,2533.0,14727.0,6391.0,3472.0,3119.0,2500.0,1679.0,3748.0,3263.0,2584.0,6637.68,5955.84,-1900.9399999999996,10487.380000000001,-11254.04,1667.94,2007.68,-1174.1599999999999,-2754.9399999999996,-491.6199999999999,-14382.04,779.94,6637.68,5955.84,1900.9399999999996,10487.380000000001,11254.04,1667.94,2007.68,1174.1599999999999,2754.9399999999996,491.6199999999999,14382.04,779.94,44058795.782400005,35472030.1056,3613572.8835999984,109985139.26440002,126653416.32160002,2782023.8436000003,4030778.9824,1378651.7055999998,7589694.403599998,241690.2243999999,206843074.56160003,608306.4036000001,1,1,1,1,1,1,6637.68,5955.84,1900.9399999999996,10487.380000000001,11254.04,1667.94,2007.68,1174.1599999999999,2754.9399999999996,491.6199999999999,14382.04,779.94,6637.68,5955.84,1900.9399999999996,10487.380000000001,11254.04,1667.94,2007.68,1174.1599999999999,2754.9399999999996,491.6199999999999,14382.04,779.94,5.972789115646259,1.6210072506368804,0.4287247910436316,2.473660375222308,0.6378018978704497,0.9245479640366729,1.8065723643954938,0.3195723648398545,0.6213300134868762,0.11595850571513483,0.81507551130516,0.4323248672438833,5.972789115646259,1.6210072506368804,-0.4287247910436316,2.473660375222308,-0.6378018978704497,0.9245479640366729,1.8065723643954938,-0.3195723648398545,-0.6213300134868762,-0.11595850571513483,-0.81507551130516,0.4323248672438833,ML,ML,SCP,ML,SCP,ML,AutoARIMA,AutoARIMA,preserve current forecast,AutoARIMA,preserve current forecast,AutoARIMA,SCP,SCP,ML,SCP,ML,SCP,preserve current forecast,preserve current forecast,AutoARIMA,preserve current forecast,AutoARIMA,preserve current forecast,69.7532872931506,80.28556845046208,30.998860229260895,95.31227055756538,21.749348492981525,53.23932515558113,23688.72,24590.0,9595.0,901.2800000000007,-14093.720000000001,23409.36,15653.600000000002,239420579.42960006,207693071.18960005,3,7803.12,5217.866666666668,8933.468520673629,8320.518236856806,0.9882070453785599,0.6608039607036599,0.03804680033366094,-0.594954898365129,ML,AutoARIMA,SCP,preserve current forecast,33.13102109583516,9219.42,19912.0,7298.0,10692.580000000002,-1921.4199999999994,14494.46,5936.78,83144398.77160001,12999125.091599997,3,4831.486666666667,1978.9266666666665,5264.484741219537,2081.5959495540915,1.5721661449418727,0.6439428944553995,1.1597887936551325,-0.20841007351872454,ML,AutoARIMA,SCP,preserve current forecast,59.04104050789061,32908.14,44502.0,16893.0,11593.860000000002,-16015.140000000001,37903.82000000001,21590.38,322564978.2012,220692196.28120002,6,6317.303333333334,3598.396666666667,7332.177691532032,6064.819264704706,1.151806817401409,0.6560802281745489,0.3523097932608772,-0.4866619626633411,ML,AutoARIMA,SCP,preserve current forecast,43.03903933693228,2026-07-17 18:06:48.718,0,,
32339,72,70,10326,1,101,ECOMMERCE,PECANA_ELAB,,,,,,,,copy parent behaviour,copy parent behaviour,success,,NOT_COMPARABLE_ML_EXCLUDED,1,1,0,0.0,0.0,0.0,0.0,0.0,0.0,60.28817506164553,23.15492741305678,2.4008565290035824,-989.7689738153501,0.0,0.0,,,,,,,,,,,,,,,,,,,,,,,,,,,,,,,,,,,,,,,,,,,,,,,,,,,,,,,,,,,,,,,,,,,,,,,,,,,,,,,,,,,,,,,,,,,,,,,,,,,,,,,,,,,,,,,,,,,,,,,,,,,,,,,,,,,,,,,,,,,,,,,,,,,,,,,,,,,,,,,,,,,,,,,,,,,,,,,,,,,,,,,,,,,,,,,,,,,,2026-07-17 18:06:48.718,1,ShortSeries,
32340,72,70,10326,1,103,ECOMMERCE,PISTACHO_ELAB,,,,,,,,copy parent behaviour,copy parent behaviour,success,,NOT_COMPARABLE_ML_EXCLUDED,1,1,0,116.0,398.0,100.0,616.0,178.0,156.0,828.4043214372324,319.1814701728927,33.75252328265072,0.0,0.0,0.0,,,,,,,,,,,,,,,,,,,,,,,,,,,,,,,,,,,,,,,,,,,,,,,,,,,,,,,,,,,,,,,,,,,,,,,,,,,,,,,,,,,,,,,,,,,,,,,,,,,,,,,,,,,,,,,,,,,,,,,,,,,,,,,,,,,,,,,,,,,,,,,,,,,,,,,,,,,,,,,,,,,,,,,,,,,,,,,,,,,,,,,,,,,,,,,,,,,,2026-07-17 18:06:48.718,1,ShortSeries,NoForecastRowsMaterialized
32341,72,70,10326,1,83,ECOMMERCE,BANANA_ELAB,,,,,,,,copy parent behaviour,copy parent behaviour,success,,NOT_COMPARABLE_ML_EXCLUDED,1,1,0,3.0,0.0,0.0,6.0,6.0,0.0,12.647868894051506,4.85767707966226,0.5036761948958565,0.0,0.0,0.0,,,,,,,,,,,,,,,,,,,,,,,,,,,,,,,,,,,,,,,,,,,,,,,,,,,,,,,,,,,,,,,,,,,,,,,,,,,,,,,,,,,,,,,,,,,,,,,,,,,,,,,,,,,,,,,,,,,,,,,,,,,,,,,,,,,,,,,,,,,,,,,,,,,,,,,,,,,,,,,,,,,,,,,,,,,,,,,,,,,,,,,,,,,,,,,,,,,,2026-07-17 18:06:48.718,1,ShortSeries,NoForecastRowsMaterialized
32342,72,70,10326,1,102,ECOMMERCE,PIPA CALABAZA_ELAB,,,,,,,,copy parent behaviour,copy parent behaviour,success,,NOT_COMPARABLE_ML_EXCLUDED,1,1,0,0.0,0.0,0.0,154.0,20.0,0.0,230.4722776249385,88.51767122940122,9.382057319245286,0.0,0.0,0.0,,,,,,,,,,,,,,,,,,,,,,,,,,,,,,,,,,,,,,,,,,,,,,,,,,,,,,,,,,,,,,,,,,,,,,,,,,,,,,,,,,,,,,,,,,,,,,,,,,,,,,,,,,,,,,,,,,,,,,,,,,,,,,,,,,,,,,,,,,,,,,,,,,,,,,,,,,,,,,,,,,,,,,,,,,,,,,,,,,,,,,,,,,,,,,,,,,,,2026-07-17 18:06:48.718,1,ShortSeries,NoForecastRowsMaterialized
32343,72,70,10326,1,21,INDUSTRIA,PIÑONES_ELAB,,,,,,,,preserve current forecast,preserve current forecast,success,,NOT_COMPARABLE_MISSING_SCP_AND_ML,1,0,0,0.0,0.0,0.0,0.0,0.0,0.0,,,,,,,,,,,,,,,,,,,,,,,,,,,,,,,,,,,,,,,,,,,,,,,,,,,,,,,,,,,,,,,,,,,,,,,,,,,,,,,,,,,,,,,,,,,,,,,,,,,,,,,,,,,,,,,,,,,,,,,,,,,,,,,,,,,,,,,,,,,,,,,,,,,,,,,,,,,,,,,,,,,,,,,,,,,,,,,,,,,,,,,,,,,,,,,,,,,,,,,,,,2026-07-17 18:06:48.718,1,MissingHistory,NoForecastRowsMaterialized
32344,72,70,10326,1,88,ECOMMERCE,ALMENDRA TOST_ELAB,,,,,,,,copy parent behaviour,copy parent behaviour,success,,NOT_COMPARABLE_ML_EXCLUDED,1,1,0,0.0,0.0,0.0,0.0,15.0,520.0,229.9804160568364,88.3287615651921,9.362034635942019,-20.764384066056298,0.0,0.0,,,,,,,,,,,,,,,,,,,,,,,,,,,,,,,,,,,,,,,,,,,,,,,,,,,,,,,,,,,,,,,,,,,,,,,,,,,,,,,,,,,,,,,,,,,,,,,,,,,,,,,,,,,,,,,,,,,,,,,,,,,,,,,,,,,,,,,,,,,,,,,,,,,,,,,,,,,,,,,,,,,,,,,,,,,,,,,,,,,,,,,,,,,,,,,,,,,,2026-07-17 18:06:48.718,1,ShortSeries,
32345,72,70,10326,1,90,ECOMMERCE,AVELLANA_ELAB,,,,,,,,copy parent behaviour,copy parent behaviour,success,,NOT_COMPARABLE_ML_EXCLUDED,1,1,0,57.0,380.0,300.0,86.0,144.0,156.0,246.633443434004,95.16122242232375,10.039945484924074,0.0,0.0,0.0,,,,,,,,,,,,,,,,,,,,,,,,,,,,,,,,,,,,,,,,,,,,,,,,,,,,,,,,,,,,,,,,,,,,,,,,,,,,,,,,,,,,,,,,,,,,,,,,,,,,,,,,,,,,,,,,,,,,,,,,,,,,,,,,,,,,,,,,,,,,,,,,,,,,,,,,,,,,,,,,,,,,,,,,,,,,,,,,,,,,,,,,,,,,,,,,,,,,2026-07-17 18:06:48.718,1,ShortSeries,NoForecastRowsMaterialized
32346,72,70,10326,1,91,ECOMMERCE,CACAHUETE_MERC,,,,,,,,preserve current forecast,preserve current forecast,success,,NOT_COMPARABLE_MISSING_SCP_AND_ML,1,0,0,0.0,0.0,0.0,0.0,0.0,0.0,,,,,,,,,,,,,,,,,,,,,,,,,,,,,,,,,,,,,,,,,,,,,,,,,,,,,,,,,,,,,,,,,,,,,,,,,,,,,,,,,,,,,,,,,,,,,,,,,,,,,,,,,,,,,,,,,,,,,,,,,,,,,,,,,,,,,,,,,,,,,,,,,,,,,,,,,,,,,,,,,,,,,,,,,,,,,,,,,,,,,,,,,,,,,,,,,,,,,,,,,,2026-07-17 18:06:48.718,1,MissingHistory,NoForecastRowsMaterialized
32347,72,70,10326,1,93,ECOMMERCE,COCO_MERC,,,,,,,,preserve current forecast,preserve current forecast,success,,NOT_COMPARABLE_MISSING_SCP_AND_ML,1,0,0,0.0,0.0,0.0,0.0,0.0,0.0,,,,,,,,,,,,,,,,,,,,,,,,,,,,,,,,,,,,,,,,,,,,,,,,,,,,,,,,,,,,,,,,,,,,,,,,,,,,,,,,,,,,,,,,,,,,,,,,,,,,,,,,,,,,,,,,,,,,,,,,,,,,,,,,,,,,,,,,,,,,,,,,,,,,,,,,,,,,,,,,,,,,,,,,,,,,,,,,,,,,,,,,,,,,,,,,,,,,,,,,,,2026-07-17 18:06:48.718,1,MissingHistory,NoForecastRowsMaterialized
32348,72,70,10326,1,78,TRADING,PISTACHO KERNEL_MERC,,,,SeasonalNaive,erratic_acceptable,erratic_acceptable_acceptable,acceptable,preserve current forecast,preserve current forecast,success,erratic_acceptable,COMPARABLE,1,1,1,29920.0,3760.0,14870.0,23020.0,12290.0,23840.0,18077.0,20573.0,11631.0,20171.0,20945.0,12948.0,14360.0,29880.0,8110.0,18647.0,18648.0,18648.0,-11843.0,16813.0,-3239.0,-2849.0,8655.0,-10892.0,-15560.0,26120.0,-6760.0,-4373.0,6358.0,-5192.0,11843.0,16813.0,3239.0,2849.0,8655.0,10892.0,15560.0,26120.0,6760.0,4373.0,6358.0,5192.0,140256649,282676969,10491121,8116801.0,74909025,118635664,242113600,682254400,45697600,19123129,40424164,26956864,1,1,1,1,1,1,11843.0,16813.0,3239.0,2849.0,8655.0,10892.0,15560.0,26120.0,6760.0,4373.0,6358.0,5192.0,11843.0,16813.0,3239.0,2849.0,8655.0,10892.0,15560.0,26120.0,6760.0,4373.0,6358.0,5192.0,0.395822192513369,4.471542553191489,0.21782111634162743,0.1237619461337967,0.7042310821806347,0.4568791946308725,0.5200534759358288,6.946808510638298,0.4546065904505716,0.18996524761077324,0.5173311635475997,0.21778523489932886,-0.395822192513369,4.471542553191489,-0.21782111634162743,-0.1237619461337967,0.7042310821806347,-0.4568791946308725,-0.5200534759358288,6.946808510638298,-0.4546065904505716,-0.18996524761077324,0.5173311635475997,-0.21778523489932886,SCP,SCP,SCP,SCP,ML,ML,preserve current forecast,preserve current forecast,preserve current forecast,preserve current forecast,SeasonalNaive,SeasonalNaive,ML,ML,ML,ML,SCP,SCP,SeasonalNaive,SeasonalNaive,SeasonalNaive,SeasonalNaive,preserve current forecast,preserve current forecast,23.88817480719794,35.63169984686064,52.08579881656805,34.85021724216785,26.539572501444255,52.331986779287554,59150.0,54064.0,55943.0,-5086.0,-3207.0,22396.0,15923.0,201661490,86504157,3,7465.333333333333,5307.666666666667,8198.810686109704,5369.796923534446,0.3786306001690617,0.2691969568892646,-0.0859847844463229,-0.05421808960270499,ML,SeasonalNaive,SCP,preserve current forecast,28.9024825861761,48550.0,50281.0,52350.0,1731.0,3800.0,31895.0,48440.0,433424739,970065600,3,10631.666666666666,16146.666666666666,12019.771753240575,17982.07996867993,0.656951596292482,0.9977342945417096,0.035653964984552006,0.07826982492276004,SCP,preserve current forecast,ML,SeasonalNaive,34.15565648224608,107700.0,104345.0,108293.0,-3355.0,593.0,54291.0,64363.0,635086229,1056569757,6,9048.5,10727.166666666666,10288.231375379022,13270.077599622393,0.5040947075208914,0.5976137418755804,-0.03115134633240483,0.005506035283194058,SCP,preserve current forecast,ML,SeasonalNaive,15.648742289824908,2026-07-17 18:06:48.718,0,,
32349,72,70,10326,1,99,ECOMMERCE,OTROS PRODUCTOS_ELAB,,,,,,,,copy parent behaviour,copy parent behaviour,success,,NOT_COMPARABLE_ML_EXCLUDED,1,1,0,176.0,1146.0,1228.0,1069.0,781.0,152.0,1309.2083315938814,566.2159890954255,59.811548143882945,-699.067596890562,0.0,0.0,,,,,,,,,,,,,,,,,,,,,,,,,,,,,,,,,,,,,,,,,,,,,,,,,,,,,,,,,,,,,,,,,,,,,,,,,,,,,,,,,,,,,,,,,,,,,,,,,,,,,,,,,,,,,,,,,,,,,,,,,,,,,,,,,,,,,,,,,,,,,,,,,,,,,,,,,,,,,,,,,,,,,,,,,,,,,,,,,,,,,,,,,,,,,,,,,,,,2026-07-17 18:06:48.718,1,ShortSeries,
32350,72,70,10326,1,59,TRADING,FRUTA TROPICAL_MERC,,,,HistoricAverage,erratic_acceptable,erratic_acceptable_acceptable,acceptable,preserve current forecast,preserve current forecast,success,erratic_acceptable,COMPARABLE,1,1,1,17280.0,18240.0,19200.0,17020.0,22640.0,30760.0,19482.0,20592.0,20124.0,10398.0,16041.0,8789.0,16200.0,16199.0,16200.0,15864.0,15864.0,15864.0,2202.0,2352.0,924.0,-6622.0,-6599.0,-21971.0,-1080.0,-2041.0,-3000.0,-1156.0,-6776.0,-14896.0,2202.0,2352.0,924.0,6622.0,6599.0,21971.0,1080.0,2041.0,3000.0,1156.0,6776.0,14896.0,4848804.0,5531904.0,853776.0,43850884,43546801,482724841,1166400.0,4165681.0,9000000.0,1336336.0,45914176,221890816,1,1,1,1,1,1,2202.0,2352.0,924.0,6622.0,6599.0,21971.0,1080.0,2041.0,3000.0,1156.0,6776.0,14896.0,2202.0,2352.0,924.0,6622.0,6599.0,21971.0,1080.0,2041.0,3000.0,1156.0,6776.0,14896.0,0.12743055555555555,0.12894736842105264,0.048125,0.3890716803760282,0.29147526501766785,0.7142717815344604,0.0625,0.1118969298245614,0.15625,0.06792009400705053,0.29929328621908124,0.48426527958387516,0.12743055555555555,0.12894736842105264,0.048125,-0.3890716803760282,-0.29147526501766785,-0.7142717815344604,-0.0625,-0.1118969298245614,-0.15625,-0.06792009400705053,-0.29929328621908124,-0.48426527958387516,ML,ML,SCP,ML,SCP,ML,HistoricAverage,HistoricAverage,preserve current forecast,HistoricAverage,preserve current forecast,HistoricAverage,SCP,SCP,ML,SCP,ML,SCP,preserve current forecast,preserve current forecast,HistoricAverage,preserve current forecast,HistoricAverage,preserve current forecast,50.95367847411444,13.222789115646272,69.19999999999999,82.54303835699184,2.6121605667060104,32.201538391516095,70420.0,35228.0,47592.0,-35192.0,-22828.0,35192.0,22828.0,570122526,269141328,3,11730.666666666666,7609.333333333333,13785.530167534363,9471.735638202746,0.4997443907980687,0.32416927009372337,-0.4997443907980687,-0.32416927009372337,ML,HistoricAverage,SCP,preserve current forecast,35.13298476926574,54720.0,60198.0,48599.0,5478.0,-6121.0,5478.0,6121.0,11234484,14332081,3,1826.0,2040.3333333333333,1935.1558076806116,2185.7173498266725,0.10010964912280702,0.11186038011695906,0.10010964912280702,-0.11186038011695906,SCP,preserve current forecast,ML,HistoricAverage,10.50481947394216,125140.0,95426.0,96191.0,-29714.0,-28949.0,40670.0,28949.0,581357010,283473409,6,6778.333333333333,4824.833333333333,9843.41581972437,6873.5411664342755,0.324996004474988,0.23133290714399873,-0.23744606041233818,-0.23133290714399873,ML,HistoricAverage,SCP,preserve current forecast,28.819768871403976,2026-07-17 18:06:48.718,0,,
32351,72,70,10326,1,84,ECOMMERCE,ALMENDRA CREMA_ELAB,,,,,,,,copy parent behaviour,copy parent behaviour,success,,NOT_COMPARABLE_ML_EXCLUDED,1,1,0,208.0,644.0,12.0,270.0,346.0,168.0,586.7205848073888,226.89990757595504,23.364979041002236,0.0,0.0,0.0,,,,,,,,,,,,,,,,,,,,,,,,,,,,,,,,,,,,,,,,,,,,,,,,,,,,,,,,,,,,,,,,,,,,,,,,,,,,,,,,,,,,,,,,,,,,,,,,,,,,,,,,,,,,,,,,,,,,,,,,,,,,,,,,,,,,,,,,,,,,,,,,,,,,,,,,,,,,,,,,,,,,,,,,,,,,,,,,,,,,,,,,,,,,,,,,,,,,2026-07-17 18:06:48.718,1,ShortSeries,NoForecastRowsMaterialized
32352,72,70,10326,1,44,TRADING,ALMENDRA US_MERC,,,,AutoARIMA,smooth_acceptable,smooth_acceptable_acceptable,acceptable,preserve current forecast,preserve current forecast,success,smooth_acceptable,COMPARABLE,1,1,1,1351795.2399999998,2798688.5199999963,2130062.2399999984,850227.8400000003,1448596.9599999993,2008203.9199999988,776882.0,961638.0,1454826.0,1744039.0,1306854.0,1054776.0,1591239.0,1488328.0,1143365.0,1528232.0,2203769.0,1981711.0,-574913.2399999998,-1837050.5199999963,-675236.2399999984,893811.1599999997,-141742.95999999926,-953427.9199999988,239443.76000000024,-1310360.5199999963,-986697.2399999984,678004.1599999997,755172.0400000007,-26492.91999999876,574913.2399999998,1837050.5199999963,675236.2399999984,893811.1599999997,141742.95999999926,953427.9199999988,239443.76000000024,1310360.5199999963,986697.2399999984,678004.1599999997,755172.0400000007,26492.91999999876,330525233527.2973,3374754613032.257,455943979809.3354,798898389740.545,20091066709.56139,909024798635.524,57333314202.93771,1717044692374.6606,973571443423.6144,459689640977.3052,570284809997.7627,701874810.1263343,1,1,1,1,1,1,574913.2399999998,1837050.5199999963,675236.2399999984,893811.1599999997,141742.95999999926,953427.9199999988,239443.76000000024,1310360.5199999963,986697.2399999984,678004.1599999997,755172.0400000007,26492.91999999876,574913.2399999998,1837050.5199999963,675236.2399999984,893811.1599999997,141742.95999999926,953427.9199999988,239443.76000000024,1310360.5199999963,986697.2399999984,678004.1599999997,755172.0400000007,26492.91999999876,0.42529609735865015,0.6563969183680357,0.3170030562111645,1.051260753823351,0.0978484450222782,0.47476648686155304,0.1771301990973132,0.4682052006273274,0.4632246051176416,0.7974382019765425,0.5213127328390922,0.013192345526344147,-0.42529609735865015,-0.6563969183680357,-0.3170030562111645,1.051260753823351,-0.0978484450222782,-0.47476648686155304,0.1771301990973132,-0.4682052006273274,-0.4632246051176416,0.7974382019765425,0.5213127328390922,-0.013192345526344147,ML,ML,SCP,ML,SCP,ML,AutoARIMA,AutoARIMA,preserve current forecast,AutoARIMA,preserve current forecast,AutoARIMA,SCP,SCP,ML,SCP,ML,SCP,preserve current forecast,preserve current forecast,AutoARIMA,preserve current forecast,AutoARIMA,preserve current forecast,58.351322714362894,28.670414573029873,31.566015123342233,24.144585529677222,81.23037500170172,97.22129807148937,4307028.719999999,4105669.0,5713712.0,-201359.71999999834,1406683.2800000017,1988982.0399999977,1459669.1199999992,1728014255085.6304,1030676325785.1942,3,662994.0133333326,486556.37333333306,758949.7688880404,586138.8702873504,0.46179911240526816,0.33890396718784815,-0.04675142263736713,0.32660178778654675,ML,AutoARIMA,SCP,preserve current forecast,26.612252366039417,6280545.999999994,3193346.0,4222932.0,-3087199.9999999944,-2057613.9999999944,3087199.9999999944,2536501.519999995,4161223826368.8896,2747949450001.2124,3,1029066.6666666648,845500.506666665,1177741.3165842616,957070.0862530414,0.4915496200489571,0.4038664026981089,-0.4915496200489571,-0.3276170574978666,ML,AutoARIMA,SCP,preserve current forecast,17.838121274941713,10587574.719999991,7299015.0,9936644.0,-3288559.719999993,-650930.7199999928,5076182.039999993,3996170.639999994,5889238081454.5205,3778625775786.407,6,846030.3399999988,666028.439999999,990726.8444139485,793581.10022295,0.47944710419951553,0.3774396635379776,-0.3106055737002625,-0.06148062584818228,ML,AutoARIMA,SCP,preserve current forecast,21.276057310190552,2026-07-17 18:06:48.718,0,,
32353,72,70,10326,1,92,ECOMMERCE,COCO_ELAB,,,,,,,,copy parent behaviour,copy parent behaviour,success,,NOT_COMPARABLE_ML_EXCLUDED,1,1,0,6.0,24.0,0.0,0.0,10.0,0.0,7.588721336430902,2.914606247797355,0.3089213995361253,-20.764384066056298,0.0,0.0,,,,,,,,,,,,,,,,,,,,,,,,,,,,,,,,,,,,,,,,,,,,,,,,,,,,,,,,,,,,,,,,,,,,,,,,,,,,,,,,,,,,,,,,,,,,,,,,,,,,,,,,,,,,,,,,,,,,,,,,,,,,,,,,,,,,,,,,,,,,,,,,,,,,,,,,,,,,,,,,,,,,,,,,,,,,,,,,,,,,,,,,,,,,,,,,,,,,2026-07-17 18:06:48.718,1,ShortSeries,
32354,72,70,10326,1,94,ECOMMERCE,FRUTA LIOFILIZADA_ELAB,,,,,,,,copy parent behaviour,copy parent behaviour,success,,NOT_COMPARABLE_ML_EXCLUDED,1,1,0,27.0,0.0,0.0,12.0,6.0,0.0,21.07978149008585,8.096128466103767,0.8394603248264274,0.0,0.0,0.0,,,,,,,,,,,,,,,,,,,,,,,,,,,,,,,,,,,,,,,,,,,,,,,,,,,,,,,,,,,,,,,,,,,,,,,,,,,,,,,,,,,,,,,,,,,,,,,,,,,,,,,,,,,,,,,,,,,,,,,,,,,,,,,,,,,,,,,,,,,,,,,,,,,,,,,,,,,,,,,,,,,,,,,,,,,,,,,,,,,,,,,,,,,,,,,,,,,,2026-07-17 18:06:48.718,1,ShortSeries,NoForecastRowsMaterialized
32355,72,70,10326,1,40,TRADING,ALMENDRA Ñ_MERC,,,,HistoricAverage,erratic_acceptable,erratic_acceptable_acceptable,acceptable,preserve current forecast,preserve current forecast,success,erratic_acceptable,COMPARABLE,1,1,1,26968.0,16005.0,48970.0,96710.5,77785.0,84664.5,24467.0,48682.0,68596.0,59597.0,47493.0,44134.0,40376.0,40377.0,40377.0,12706.0,14052.0,16825.0,-2501.0,32677.0,19626.0,-37113.5,-30292.0,-40530.5,13408.0,24372.0,-8593.0,-84004.5,-63733.0,-67839.5,2501.0,32677.0,19626.0,37113.5,30292.0,40530.5,13408.0,24372.0,8593.0,84004.5,63733.0,67839.5,6255001.0,1067786329,385179876,1377411882.25,917605264,1642721430.25,179774464,593994384,73839649,7056756020.25,4061895289,4602197760.25,1,1,1,1,1,1,2501.0,32677.0,19626.0,37113.5,30292.0,40530.5,13408.0,24372.0,8593.0,84004.5,63733.0,67839.5,2501.0,32677.0,19626.0,37113.5,30292.0,40530.5,13408.0,24372.0,8593.0,84004.5,63733.0,67839.5,0.09273954316226639,2.041674476726023,0.40077598529712066,0.3837587438799303,0.389432409847657,0.47871894359501327,0.4971818451498072,1.5227741330834115,0.17547478047784357,0.8686181955423662,0.8193482033811146,0.8012744420624938,-0.09273954316226639,2.041674476726023,0.40077598529712066,-0.3837587438799303,-0.389432409847657,-0.47871894359501327,0.4971818451498072,1.5227741330834115,-0.17547478047784357,-0.8686181955423662,-0.8193482033811146,-0.8012744420624938,SCP,ML,ML,SCP,SCP,SCP,preserve current forecast,HistoricAverage,HistoricAverage,preserve current forecast,preserve current forecast,preserve current forecast,ML,SCP,SCP,ML,ML,ML,HistoricAverage,preserve current forecast,preserve current forecast,HistoricAverage,HistoricAverage,HistoricAverage,81.34695704057279,25.415429813018324,56.21624375827984,55.81962871036671,52.47046271162507,40.255308485469385,259160.0,151224.0,43583.0,-107936.0,-215577.0,107936.0,215577.0,3937738576.5,15720849069.5,3,35978.666666666664,71859.0,36229.53940502142,72389.79916512179,0.41648402531254824,0.8318297576786541,-0.41648402531254824,-0.8318297576786541,SCP,preserve current forecast,ML,HistoricAverage,49.931578971782706,91943.0,141745.0,121130.0,49802.0,29187.0,54804.0,46373.0,1459221206,847608497,3,18268.0,15457.666666666666,22054.638257442963,16808.812143238043,0.5960649532862752,0.5043668359744624,0.5416616816940931,0.3174466789206356,ML,HistoricAverage,SCP,preserve current forecast,15.383913582950152,351103.0,292969.0,164713.0,-58134.0,-186390.0,162740.0,261950.0,5396959782.5,16568457566.5,6,27123.333333333332,43658.333333333336,29991.553762406733,52549.11601936484,0.46351070768406993,0.7460773619137404,-0.16557534398737692,-0.5308698587024321,SCP,preserve current forecast,ML,HistoricAverage,37.87364000763504,2026-07-17 18:06:48.718,0,,
32356,72,70,10326,1,47,TRADING,ARANDANO_MERC,,,,AutoARIMA,erratic_acceptable,erratic_acceptable_acceptable,acceptable,preserve current forecast,preserve current forecast,success,erratic_acceptable,COMPARABLE,1,1,1,1814.4,17735.760000000002,3628.8,8573.039999999999,21840.84,2858.68,3077.0,9795.0,7425.0,6509.0,4520.0,12120.0,14406.0,11279.0,16567.0,7099.0,7100.0,7100.0,1262.6,-7940.760000000002,3796.2,-2064.039999999999,-17320.84,9261.32,12591.6,-6456.760000000002,12938.2,-1474.039999999999,-14740.84,4241.32,1262.6,7940.760000000002,3796.2,2064.039999999999,17320.84,9261.32,12591.6,6456.760000000002,12938.2,1474.039999999999,14740.84,4241.32,1594158.7599999998,63055669.37760003,14411134.44,4260261.121599996,300011498.3056,85772048.1424,158548390.56,41689749.69760003,167397019.24,2172793.921599997,217292363.9056,17988795.342399996,1,1,1,1,1,1,1262.6,7940.760000000002,3796.2,2064.039999999999,17320.84,9261.32,12591.6,6456.760000000002,12938.2,1474.039999999999,14740.84,4241.32,1262.6,7940.760000000002,3796.2,2064.039999999999,17320.84,9261.32,12591.6,6456.760000000002,12938.2,1474.039999999999,14740.84,4241.32,0.6958774250440917,0.4477259502834951,1.0461309523809523,0.24075940389873363,0.7930482527228806,3.2397190311612354,6.939814814814815,0.36405318971388884,3.5654210758377425,0.1719390087996789,0.6749209279496576,1.4836637888815818,0.6958774250440917,-0.4477259502834951,1.0461309523809523,-0.24075940389873363,-0.7930482527228806,3.2397190311612354,6.939814814814815,-0.36405318971388884,3.5654210758377425,-0.1719390087996789,-0.6749209279496576,1.4836637888815818,SCP,ML,SCP,ML,ML,ML,preserve current forecast,AutoARIMA,preserve current forecast,AutoARIMA,AutoARIMA,AutoARIMA,ML,SCP,ML,SCP,SCP,SCP,AutoARIMA,preserve current forecast,AutoARIMA,preserve current forecast,preserve current forecast,preserve current forecast,89.97268019949807,18.688387509507905,70.65897883785999,28.584717350438954,14.89535149565494,54.20393637192107,33272.56,23149.0,21299.0,-10123.56,-11973.56,28646.199999999997,20456.199999999997,390043807.5695999,237453953.16959998,3,9548.733333333332,6818.733333333333,11402.394596013592,8896.702632054192,0.8609556944220703,0.614806915969195,-0.30426152962080466,-0.3598629020430048,ML,AutoARIMA,SCP,preserve current forecast,28.590179500247853,23178.960000000003,20297.0,42252.0,-2881.9600000000023,19073.04,12999.560000000003,31986.560000000005,79060962.57760003,367635159.4976001,3,4333.186666666667,10662.186666666668,5133.581030093257,11070.006918058665,0.5608344809258052,1.3799825358859932,-0.12433517293269422,0.8228600420381241,SCP,preserve current forecast,ML,AutoARIMA,59.35930590848155,56451.52,43446.0,63551.0,-13005.52,7099.48,41645.76,52442.76,469104770.1472,605089112.6672,6,6940.96,8740.460000000001,8842.178937222807,10042.319724273537,0.7377261055149623,0.9289875631338183,-0.23038387628889356,0.1257624241118751,SCP,preserve current forecast,ML,AutoARIMA,20.588161263823636,2026-07-17 18:06:48.718,0,,
32357,72,70,10326,1,98,ECOMMERCE,OTRAS SEMILLAS_ELAB,,,,,,,,copy parent behaviour,copy parent behaviour,success,,NOT_COMPARABLE_MISSING_SCP_AND_ML,1,0,0,6.0,0.0,0.0,0.0,0.0,0.0,,,,,,,,,,,,,,,,,,,,,,,,,,,,,,,,,,,,,,,,,,,,,,,,,,,,,,,,,,,,,,,,,,,,,,,,,,,,,,,,,,,,,,,,,,,,,,,,,,,,,,,,,,,,,,,,,,,,,,,,,,,,,,,,,,,,,,,,,,,,,,,,,,,,,,,,,,,,,,,,,,,,,,,,,,,,,,,,,,,,,,,,,,,,,,,,,,,,,,,,,,2026-07-17 18:06:48.718,1,ShortSeries,NoForecastRowsMaterialized
32358,72,70,10326,1,31,RETAIL,COCO_ELAB,,,,MovingAverage3M,lumpy_insuficient,lumpy_insuficient_insuficient,insuficient,preserve current forecast,preserve current forecast,success,lumpy_insuficient,NOT_COMPARABLE_MISSING_SCP,1,0,1,0.0,0.0,0.0,0.0,0.0,2.0,,,,,,,0.0,0.0,0.0,0.0,0.0,0.0,,,,,,,,,,,,,,,,,,,,,,,,,,,,,,,,,,,,,,,,,,,,,,,,,,,,,,,,,,,,,,,,,,,,,,,,,,,,,,,,,,,,,,,,,,,,,,,,,,,,,,,,,,,,,,,,,,,,,,,,,,,,,,,,,,,,,,,,,,,,,,,,,,,,,,,,,,,,,,,,,,,,,,,,,,,,,,,,,,,,,,,,,,,,,,2026-07-17 18:06:48.718,0,,NoForecastRowsMaterialized
32359,72,70,10326,1,81,TRADING,UVA PASA_MERC,,,,AutoETS,smooth_acceptable,smooth_acceptable_acceptable,acceptable,preserve current forecast,preserve current forecast,success,smooth_acceptable,COMPARABLE,1,1,1,49827.5,62442.5,32831.0,37352.5,12972.5,23638.5,49633.0,72974.0,48712.0,71329.0,65526.0,66626.0,55131.0,73662.0,46541.0,111460.0,47725.0,96648.0,-194.5,10531.5,15881.0,33976.5,52553.5,42987.5,5303.5,11219.5,13710.0,74107.5,34752.5,73009.5,194.5,10531.5,15881.0,33976.5,52553.5,42987.5,5303.5,11219.5,13710.0,74107.5,34752.5,73009.5,37830.25,110912492.25,252206161,1154402552.25,2761870362.25,1847925156.25,28127112.25,125877180.25,187964100,5491921556.25,1207736256.25,5330387090.25,1,1,1,1,1,1,194.5,10531.5,15881.0,33976.5,52553.5,42987.5,5303.5,11219.5,13710.0,74107.5,34752.5,73009.5,194.5,10531.5,15881.0,33976.5,52553.5,42987.5,5303.5,11219.5,13710.0,74107.5,34752.5,73009.5,0.0039034669610155037,0.16865916643311846,0.4837196552039231,0.9096178301318519,4.051146656388514,1.8185375552594285,0.1064372083688726,0.17967730311886937,0.41759312844567636,1.9840037480757646,2.6789362112160338,3.0885843010343295,-0.0039034669610155037,0.16865916643311846,0.4837196552039231,0.9096178301318519,4.051146656388514,1.8185375552594285,0.1064372083688726,0.17967730311886937,0.41759312844567636,1.9840037480757646,2.6789362112160338,3.0885843010343295,SCP,SCP,ML,SCP,ML,SCP,preserve current forecast,preserve current forecast,AutoETS,preserve current forecast,AutoETS,preserve current forecast,ML,ML,SCP,ML,SCP,ML,AutoETS,AutoETS,preserve current forecast,AutoETS,preserve current forecast,AutoETS,96.3326105402093,6.132180578457162,13.670423776840245,54.152413723307355,33.872149333536306,41.12067607640101,73963.5,203481.0,255833.0,129517.5,181869.5,129517.5,181869.5,5764198070.75,12030044902.75,3,43172.5,60623.166666666664,43833.76959510403,63324.67897734132,1.7511002048307611,2.4589087860904364,1.7511002048307611,2.4589087860904364,SCP,preserve current forecast,ML,AutoETS,28.785475299596687,145101.0,171319.0,175334.0,26218.0,30233.0,26607.0,30233.0,363156483.5,341968392.5,3,8869.0,10077.666666666666,11002.370706655302,10676.584855030502,0.18336882585233732,0.2083583159316614,0.18068793461106403,0.2083583159316614,SCP,preserve current forecast,ML,AutoETS,11.99351701782821,219064.5,374800.0,431167.0,155735.5,212102.5,156124.5,212102.5,6127354554.25,12372013295.25,6,26020.75,35350.416666666664,31956.623085702697,45409.27455790282,0.7126873592024267,0.9682194057001476,0.7109116264844373,0.9682194057001476,SCP,preserve current forecast,ML,AutoETS,26.391956719039143,2026-07-17 18:06:48.718,0,,
