"ID,""ID_BATCH"",""ID_RUN_STAGING"",""ID_CLIENT"",""SOURCE_RUN_ID"",""ID_CONFIGURATION"",""VALUE_LEVEL_1"",""VALUE_LEVEL_2"",""VALUE_LEVEL_3"",""VALUE_LEVEL_4"",""VALUE_LEVEL_5"",""ML_BEST_MODEL"",""ML_CLASSIFICATION"",""ML_TYPE"",""ML_STATUS"",""SCP_BEST_MODEL"",""SCP_CLASSIFICATION"",""SCP_STATUS"",""SERIES_CLASSIFICATION"",""COMPARISON_STATUS"",""HAS_BASE_CANDIDATE"",""HAS_SCP_CALCULATED"",""HAS_ML_CALCULATED"",""HISTORY_M1"",""HISTORY_M2"",""HISTORY_M3"",""HISTORY_M4"",""HISTORY_M5"",""HISTORY_M6"",""SCP_FORECAST_M1"",""SCP_FORECAST_M2"",""SCP_FORECAST_M3"",""SCP_FORECAST_M4"",""SCP_FORECAST_M5"",""SCP_FORECAST_M6"",""ML_FORECAST_M1"",""ML_FORECAST_M2"",""ML_FORECAST_M3"",""ML_FORECAST_M4"",""ML_FORECAST_M5"",""ML_FORECAST_M6"",""SCP_SIGNED_ERROR_M1"",""SCP_SIGNED_ERROR_M2"",""SCP_SIGNED_ERROR_M3"",""SCP_SIGNED_ERROR_M4"",""SCP_SIGNED_ERROR_M5"",""SCP_SIGNED_ERROR_M6"",""ML_SIGNED_ERROR_M1"",""ML_SIGNED_ERROR_M2"",""ML_SIGNED_ERROR_M3"",""ML_SIGNED_ERROR_M4"",""ML_SIGNED_ERROR_M5"",""ML_SIGNED_ERROR_M6"",""SCP_ABS_ERROR_M1"",""SCP_ABS_ERROR_M2"",""SCP_ABS_ERROR_M3"",""SCP_ABS_ERROR_M4"",""SCP_ABS_ERROR_M5"",""SCP_ABS_ERROR_M6"",""ML_ABS_ERROR_M1"",""ML_ABS_ERROR_M2"",""ML_ABS_ERROR_M3"",""ML_ABS_ERROR_M4"",""ML_ABS_ERROR_M5"",""ML_ABS_ERROR_M6"",""SCP_SQUARED_ERROR_M1"",""SCP_SQUARED_ERROR_M2"",""SCP_SQUARED_ERROR_M3"",""SCP_SQUARED_ERROR_M4"",""SCP_SQUARED_ERROR_M5"",""SCP_SQUARED_ERROR_M6"",""ML_SQUARED_ERROR_M1"",""ML_SQUARED_ERROR_M2"",""ML_SQUARED_ERROR_M3"",""ML_SQUARED_ERROR_M4"",""ML_SQUARED_ERROR_M5"",""ML_SQUARED_ERROR_M6"",""POSITIVE_HISTORY_MONTH_COUNT_M1"",""POSITIVE_HISTORY_MONTH_COUNT_M2"",""POSITIVE_HISTORY_MONTH_COUNT_M3"",""POSITIVE_HISTORY_MONTH_COUNT_M4"",""POSITIVE_HISTORY_MONTH_COUNT_M5"",""POSITIVE_HISTORY_MONTH_COUNT_M6"",""SCP_MAE_M1"",""SCP_MAE_M2"",""SCP_MAE_M3"",""SCP_MAE_M4"",""SCP_MAE_M5"",""SCP_MAE_M6"",""ML_MAE_M1"",""ML_MAE_M2"",""ML_MAE_M3"",""ML_MAE_M4"",""ML_MAE_M5"",""ML_MAE_M6"",""SCP_RMSE_M1"",""SCP_RMSE_M2"",""SCP_RMSE_M3"",""SCP_RMSE_M4"",""SCP_RMSE_M5"",""SCP_RMSE_M6"",""ML_RMSE_M1"",""ML_RMSE_M2"",""ML_RMSE_M3"",""ML_RMSE_M4"",""ML_RMSE_M5"",""ML_RMSE_M6"",""SCP_WAPE_M1"",""SCP_WAPE_M2"",""SCP_WAPE_M3"",""SCP_WAPE_M4"",""SCP_WAPE_M5"",""SCP_WAPE_M6"",""ML_WAPE_M1"",""ML_WAPE_M2"",""ML_WAPE_M3"",""ML_WAPE_M4"",""ML_WAPE_M5"",""ML_WAPE_M6"",""SCP_BIAS_M1"",""SCP_BIAS_M2"",""SCP_BIAS_M3"",""SCP_BIAS_M4"",""SCP_BIAS_M5"",""SCP_BIAS_M6"",""ML_BIAS_M1"",""ML_BIAS_M2"",""ML_BIAS_M3"",""ML_BIAS_M4"",""ML_BIAS_M5"",""ML_BIAS_M6"",""WINNER_METHOD_M1"",""WINNER_METHOD_M2"",""WINNER_METHOD_M3"",""WINNER_METHOD_M4"",""WINNER_METHOD_M5"",""WINNER_METHOD_M6"",""WINNER_MODEL_M1"",""WINNER_MODEL_M2"",""WINNER_MODEL_M3"",""WINNER_MODEL_M4"",""WINNER_MODEL_M5"",""WINNER_MODEL_M6"",""FINALIST_METHOD_M1"",""FINALIST_METHOD_M2"",""FINALIST_METHOD_M3"",""FINALIST_METHOD_M4"",""FINALIST_METHOD_M5"",""FINALIST_METHOD_M6"",""FINALIST_MODEL_M1"",""FINALIST_MODEL_M2"",""FINALIST_MODEL_M3"",""FINALIST_MODEL_M4"",""FINALIST_MODEL_M5"",""FINALIST_MODEL_M6"",""WINNER_IMPROVEMENT_PCT_M1"",""WINNER_IMPROVEMENT_PCT_M2"",""WINNER_IMPROVEMENT_PCT_M3"",""WINNER_IMPROVEMENT_PCT_M4"",""WINNER_IMPROVEMENT_PCT_M5"",""WINNER_IMPROVEMENT_PCT_M6"",""TOTAL_HISTORY_OLDER_3M"",""SCP_TOTAL_FORECAST_OLDER_3M"",""ML_TOTAL_FORECAST_OLDER_3M"",""SCP_TOTAL_SIGNED_ERROR_OLDER_3M"",""ML_TOTAL_SIGNED_ERROR_OLDER_3M"",""SCP_TOTAL_ABS_ERROR_OLDER_3M"",""ML_TOTAL_ABS_ERROR_OLDER_3M"",""SCP_TOTAL_SQUARED_ERROR_OLDER_3M"",""ML_TOTAL_SQUARED_ERROR_OLDER_3M"",""POSITIVE_HISTORY_MONTH_COUNT_OLDER_3M"",""SCP_MAE_OLDER_3M"",""ML_MAE_OLDER_3M"",""SCP_RMSE_OLDER_3M"",""ML_RMSE_OLDER_3M"",""SCP_WAPE_OLDER_3M"",""ML_WAPE_OLDER_3M"",""SCP_BIAS_OLDER_3M"",""ML_BIAS_OLDER_3M"",""WINNER_METHOD_OLDER_3M"",""WINNER_MODEL_OLDER_3M"",""FINALIST_METHOD_OLDER_3M"",""FINALIST_MODEL_OLDER_3M"",""WINNER_IMPROVEMENT_PCT_OLDER_3M"",""TOTAL_HISTORY_RECENT_3M"",""SCP_TOTAL_FORECAST_RECENT_3M"",""ML_TOTAL_FORECAST_RECENT_3M"",""SCP_TOTAL_SIGNED_ERROR_RECENT_3M"",""ML_TOTAL_SIGNED_ERROR_RECENT_3M"",""SCP_TOTAL_ABS_ERROR_RECENT_3M"",""ML_TOTAL_ABS_ERROR_RECENT_3M"",""SCP_TOTAL_SQUARED_ERROR_RECENT_3M"",""ML_TOTAL_SQUARED_ERROR_RECENT_3M"",""POSITIVE_HISTORY_MONTH_COUNT_RECENT_3M"",""SCP_MAE_RECENT_3M"",""ML_MAE_RECENT_3M"",""SCP_RMSE_RECENT_3M"",""ML_RMSE_RECENT_3M"",""SCP_WAPE_RECENT_3M"",""ML_WAPE_RECENT_3M"",""SCP_BIAS_RECENT_3M"",""ML_BIAS_RECENT_3M"",""WINNER_METHOD_RECENT_3M"",""WINNER_MODEL_RECENT_3M"",""FINALIST_METHOD_RECENT_3M"",""FINALIST_MODEL_RECENT_3M"",""WINNER_IMPROVEMENT_PCT_RECENT_3M"",""TOTAL_HISTORY_6M"",""SCP_TOTAL_FORECAST_6M"",""ML_TOTAL_FORECAST_6M"",""SCP_TOTAL_SIGNED_ERROR_6M"",""ML_TOTAL_SIGNED_ERROR_6M"",""SCP_TOTAL_ABS_ERROR_6M"",""ML_TOTAL_ABS_ERROR_6M"",""SCP_TOTAL_SQUARED_ERROR_6M"",""ML_TOTAL_SQUARED_ERROR_6M"",""POSITIVE_HISTORY_MONTH_COUNT_6M"",""SCP_MAE_6M"",""ML_MAE_6M"",""SCP_RMSE_6M"",""ML_RMSE_6M"",""SCP_WAPE_6M"",""ML_WAPE_6M"",""SCP_BIAS_6M"",""ML_BIAS_6M"",""WINNER_METHOD_6M"",""WINNER_MODEL_6M"",""FINALIST_METHOD_6M"",""FINALIST_MODEL_6M"",""WINNER_IMPROVEMENT_PCT_6M"",""COPIED_AT"",""HAS_ML_EXCLUDED"",""ML_EXCLUSION_REASON"",""SCP_NO_OUTPUT_REASON"""
"21958,66,66,10592,1,8,BOLSA BASURA PROFESIONALES,""75"",""HIJOS DE JUAN PUJANTE, S.A."",José Mateos-Aparicio Martinez,,,,,,preserve current forecast,preserve current forecast,success,,NOT_COMPARABLE_MISSING_SCP_AND_ML,1,0,0,0.0,0.0,0.0,0.0,0.0,0.0,,,,,,,,,,,,,,,,,,,,,,,,,,,,,,,,,,,,,,,,,,,,,,,,,,,,,,,,,,,,,,,,,,,,,,,,,,,,,,,,,,,,,,,,,,,,,,,,,,,,,,,,,,,,,,,,,,,,,,,,,,,,,,,,,,,,,,,,,,,,,,,,,,,,,,,,,,,,,,,,,,,,,,,,,,,,,,,,,,,,,,,,,,,,,,,,,,,,,,,,,,2026-07-14 13:03:02.206,1,MissingHistory,NoForecastRowsMaterialized"
"21959,66,66,10592,1,22,BOLSA BASURA PROFESIONALES,""77"",FLORETTE MURCIA S.L.U.,José Mateos-Aparicio Martinez,,,,,,preserve current forecast,preserve current forecast,success,,NOT_COMPARABLE_MISSING_SCP_AND_ML,1,0,0,0.0,0.0,0.0,0.0,0.0,0.0,,,,,,,,,,,,,,,,,,,,,,,,,,,,,,,,,,,,,,,,,,,,,,,,,,,,,,,,,,,,,,,,,,,,,,,,,,,,,,,,,,,,,,,,,,,,,,,,,,,,,,,,,,,,,,,,,,,,,,,,,,,,,,,,,,,,,,,,,,,,,,,,,,,,,,,,,,,,,,,,,,,,,,,,,,,,,,,,,,,,,,,,,,,,,,,,,,,,,,,,,,2026-07-14 13:03:02.206,1,MissingHistory,NoForecastRowsMaterialized"
"21960,66,66,10592,1,107,CONSUMIBLES DOMESTICOS,""285"",LIDER ALIMENT,Enrique Malonda Escriva,,HistoricAverage,smooth_insuficient,smooth_insuficient_insuficient,insuficient,x11 seasonal,x11 seasonal,success,smooth_insuficient,COMPARABLE,1,1,1,0.0,864.0,432.0,432.0,432.0,144.0,554.0,0.0,0.0,436.0,0.0,0.0,420.0,421.0,420.0,443.0,0.0,0.0,554.0,-864.0,-432.0,4.0,-432.0,-144.0,420.0,-443.0,-12.0,11.0,-432.0,-144.0,554.0,864.0,432.0,4.0,432.0,144.0,420.0,443.0,12.0,11.0,432.0,144.0,306916.0,746496.0,186624.0,16.0,186624.0,20736.0,176400.0,196249.0,144.0,121.0,186624.0,20736.0,0,1,1,1,1,1,,864.0,432.0,4.0,432.0,144.0,,443.0,12.0,11.0,432.0,144.0,,864.0,432.0,4.0,432.0,144.0,,443.0,12.0,11.0,432.0,144.0,,1.0,1.0,0.009259259259259259,1.0,1.0,,0.5127314814814815,0.027777777777777776,0.02546296296296296,1.0,1.0,,-1.0,-1.0,0.009259259259259259,-1.0,-1.0,,-0.5127314814814815,-0.027777777777777776,0.02546296296296296,-1.0,-1.0,,ML,ML,SCP,TIE,TIE,,HistoricAverage,HistoricAverage,x11 seasonal,,,,SCP,SCP,ML,,,,x11 seasonal,x11 seasonal,HistoricAverage,,,,48.72685185185185,97.22222222222221,63.63636363636363,0.0,0.0,1008.0,436.0,443.0,-572.0,-565.0,580.0,587.0,207376.0,207481.0,3,193.33333333333334,195.66666666666666,262.9169704171515,262.98352293125384,0.5753968253968254,0.5823412698412699,-0.5674603174603174,-0.560515873015873,SCP,x11 seasonal,ML,HistoricAverage,1.1925042589437966,1296.0,554.0,1261.0,-742.0,-35.0,1850.0,875.0,1240036.0,372793.0,2,925.0,437.5,787.4122173296525,431.7366095202027,1.4274691358024691,0.6751543209876543,-0.5725308641975309,-0.02700617283950617,ML,HistoricAverage,SCP,x11 seasonal,52.70270270270271,2304.0,990.0,1704.0,-1314.0,-600.0,2430.0,1462.0,1447412.0,580274.0,5,486.0,292.4,538.0356865487641,340.6681669895208,1.0546875,0.6345486111111112,-0.5703125,-0.2604166666666667,ML,HistoricAverage,SCP,x11 seasonal,39.83539094650205,2026-07-14 13:03:02.206,0,,"
"21961,66,66,10592,1,122,CONSUMIBLES DOMESTICOS,""286"",HNOS MARTIN,Enrique Malonda Escriva,,,,,,preserve current forecast,preserve current forecast,success,,NOT_COMPARABLE_MISSING_SCP_AND_ML,1,0,0,0.0,0.0,0.0,0.0,0.0,0.0,,,,,,,,,,,,,,,,,,,,,,,,,,,,,,,,,,,,,,,,,,,,,,,,,,,,,,,,,,,,,,,,,,,,,,,,,,,,,,,,,,,,,,,,,,,,,,,,,,,,,,,,,,,,,,,,,,,,,,,,,,,,,,,,,,,,,,,,,,,,,,,,,,,,,,,,,,,,,,,,,,,,,,,,,,,,,,,,,,,,,,,,,,,,,,,,,,,,,,,,,,2026-07-14 13:03:02.206,1,MissingHistory,NoForecastRowsMaterialized"
"21962,66,66,10592,1,189,CONSUMIBLES DOMESTICOS,""304"",""IFA RETAIL, S.A."",Enrique Malonda Escriva,,AutoTheta,smooth_insuficient,smooth_insuficient_insuficient,insuficient,x11 seasonal,x11 seasonal,success,smooth_insuficient,COMPARABLE,1,1,1,3520.0,5280.0,5600.0,6720.0,7420.0,10080.0,6690.0,0.0,0.0,5062.0,0.0,0.0,7159.0,7039.0,6919.0,4887.0,0.0,0.0,3170.0,-5280.0,-5600.0,-1658.0,-7420.0,-10080.0,3639.0,1759.0,1319.0,-1833.0,-7420.0,-10080.0,3170.0,5280.0,5600.0,1658.0,7420.0,10080.0,3639.0,1759.0,1319.0,1833.0,7420.0,10080.0,10048900,27878400,31360000,2748964.0,55056400,101606400,13242321,3094081.0,1739761.0,3359889.0,55056400,101606400,1,1,1,1,1,1,3170.0,5280.0,5600.0,1658.0,7420.0,10080.0,3639.0,1759.0,1319.0,1833.0,7420.0,10080.0,3170.0,5280.0,5600.0,1658.0,7420.0,10080.0,3639.0,1759.0,1319.0,1833.0,7420.0,10080.0,0.9005681818181818,1.0,1.0,0.2467261904761905,1.0,1.0,1.033806818181818,0.3331439393939394,0.2355357142857143,0.2727678571428571,1.0,1.0,0.9005681818181818,-1.0,-1.0,-0.2467261904761905,-1.0,-1.0,1.033806818181818,0.3331439393939394,0.2355357142857143,-0.2727678571428571,-1.0,-1.0,SCP,ML,ML,SCP,TIE,TIE,x11 seasonal,AutoTheta,AutoTheta,x11 seasonal,,,ML,SCP,SCP,ML,,,AutoTheta,x11 seasonal,x11 seasonal,AutoTheta,,,12.888156086837038,66.68560606060606,76.44642857142857,9.547190398254216,0.0,0.0,24220.0,5062.0,4887.0,-19158.0,-19333.0,19158.0,19333.0,159411764,160022689,3,6386.0,6444.333333333333,7289.530483279885,7303.485218259385,0.7909991742361685,0.7982246077621801,-0.7909991742361685,-0.7982246077621801,SCP,x11 seasonal,ML,AutoTheta,0.905188020483113,14400.0,6690.0,21117.0,-7710.0,6717.0,14050.0,6717.0,69287300,18076163,3,4683.333333333333,2239.0,4805.805516941637,2454.666508238271,0.9756944444444444,0.4664583333333333,-0.5354166666666667,0.4664583333333333,ML,AutoTheta,SCP,x11 seasonal,52.19217081850533,38620.0,11752.0,26004.0,-26868.0,-12616.0,33208.0,26050.0,228699064,178098852,6,5534.666666666667,4341.666666666667,6173.857033222154,5448.22374724093,0.8598653547384775,0.6745209735888141,-0.6957017089590886,-0.3266701191092698,ML,AutoTheta,SCP,x11 seasonal,21.55504697663213,2026-07-14 13:03:02.206,0,,"
"21963,66,66,10592,1,274,CONSUMIBLES DOMESTICOS,""2681"",JUAN FORNES - SUPERMERCADOS MAS Y MAS,Enrique Malonda Escriva,,,,,,preserve current forecast,preserve current forecast,success,,NOT_COMPARABLE_MISSING_SCP_AND_ML,1,0,0,0.0,0.0,0.0,0.0,0.0,0.0,,,,,,,,,,,,,,,,,,,,,,,,,,,,,,,,,,,,,,,,,,,,,,,,,,,,,,,,,,,,,,,,,,,,,,,,,,,,,,,,,,,,,,,,,,,,,,,,,,,,,,,,,,,,,,,,,,,,,,,,,,,,,,,,,,,,,,,,,,,,,,,,,,,,,,,,,,,,,,,,,,,,,,,,,,,,,,,,,,,,,,,,,,,,,,,,,,,,,,,,,,2026-07-14 13:03:02.206,1,MissingHistory,NoForecastRowsMaterialized"
"21964,66,66,10592,1,341,CONSUMIBLES DOMESTICOS,""2740"",""IFA RETAIL, S.A."",Enrique Malonda Escriva,,HistoricAverage,erratic_insuficient,erratic_insuficient_insuficient,insuficient,x11 seasonal,x11 seasonal,success,erratic_insuficient,COMPARABLE,1,1,1,1344.0,5792.0,3584.0,2880.0,3136.0,896.0,4308.0,0.0,0.0,1292.0,0.0,0.0,2759.0,2759.0,2759.0,2310.0,0.0,0.0,2964.0,-5792.0,-3584.0,-1588.0,-3136.0,-896.0,1415.0,-3033.0,-825.0,-570.0,-3136.0,-896.0,2964.0,5792.0,3584.0,1588.0,3136.0,896.0,1415.0,3033.0,825.0,570.0,3136.0,896.0,8785296.0,33547264,12845056,2521744.0,9834496.0,802816.0,2002225.0,9199089.0,680625.0,324900.0,9834496.0,802816.0,1,1,1,1,1,1,2964.0,5792.0,3584.0,1588.0,3136.0,896.0,1415.0,3033.0,825.0,570.0,3136.0,896.0,2964.0,5792.0,3584.0,1588.0,3136.0,896.0,1415.0,3033.0,825.0,570.0,3136.0,896.0,2.205357142857143,1.0,1.0,0.5513888888888889,1.0,1.0,1.052827380952381,0.5236533149171271,0.23018973214285715,0.19791666666666666,1.0,1.0,2.205357142857143,-1.0,-1.0,-0.5513888888888889,-1.0,-1.0,1.052827380952381,-0.5236533149171271,-0.23018973214285715,-0.19791666666666666,-1.0,-1.0,ML,ML,ML,ML,TIE,TIE,HistoricAverage,HistoricAverage,HistoricAverage,HistoricAverage,,,SCP,SCP,SCP,SCP,,,x11 seasonal,x11 seasonal,x11 seasonal,x11 seasonal,,,52.26045883940621,47.63466850828729,76.98102678571428,64.10579345088162,0.0,0.0,6912.0,1292.0,2310.0,-5620.0,-4602.0,5620.0,4602.0,13159056,10962212,3,1873.3333333333333,1534.0,2094.361955345828,1911.5623627458945,0.8130787037037037,0.6657986111111112,-0.8130787037037037,-0.6657986111111112,ML,HistoricAverage,SCP,x11 seasonal,18.113879003558715,10720.0,4308.0,8277.0,-6412.0,-2443.0,12340.0,5273.0,55177616,11881939,3,4113.333333333333,1757.6666666666667,4288.65231356736,1990.1372649476552,1.1511194029850746,0.49188432835820894,-0.5981343283582089,-0.2278917910447761,ML,HistoricAverage,SCP,x11 seasonal,57.269043760129655,17632.0,5600.0,10587.0,-12032.0,-7045.0,17960.0,9875.0,68336672,22844151,6,2993.3333333333335,1645.8333333333333,3374.8252300427844,1951.245371551205,1.0186025408348458,0.5600612522686026,-0.6823956442831216,-0.3995576225045372,ML,HistoricAverage,SCP,x11 seasonal,45.016703786191535,2026-07-14 13:03:02.206,0,,"
"21965,66,66,10592,1,358,CONSUMIBLES DOMESTICOS,""2743"",VEGALSA,Enrique Malonda Escriva,,TSB,intermittent_insuficient,intermittent_insuficient_insuficient,insuficient,seasonal discrete,seasonal discrete,success,intermittent_insuficient,COMPARABLE,1,1,1,792.0,528.0,924.0,792.0,660.0,396.0,810.0,0.0,0.0,0.0,0.0,0.0,703.0,1406.0,0.0,770.0,0.0,0.0,18.0,-528.0,-924.0,-792.0,-660.0,-396.0,-89.0,878.0,-924.0,-22.0,-660.0,-396.0,18.0,528.0,924.0,792.0,660.0,396.0,89.0,878.0,924.0,22.0,660.0,396.0,324.0,278784.0,853776.0,627264.0,435600.0,156816.0,7921.0,770884.0,853776.0,484.0,435600.0,156816.0,1,1,1,1,1,1,18.0,528.0,924.0,792.0,660.0,396.0,89.0,878.0,924.0,22.0,660.0,396.0,18.0,528.0,924.0,792.0,660.0,396.0,89.0,878.0,924.0,22.0,660.0,396.0,0.022727272727272728,1.0,1.0,1.0,1.0,1.0,0.11237373737373738,1.6628787878787878,1.0,0.027777777777777776,1.0,1.0,0.022727272727272728,-1.0,-1.0,-1.0,-1.0,-1.0,-0.11237373737373738,1.6628787878787878,-1.0,-0.027777777777777776,-1.0,-1.0,SCP,SCP,TIE,ML,TIE,TIE,seasonal discrete,seasonal discrete,,TSB,,,ML,ML,,SCP,,,TSB,TSB,,seasonal discrete,,,79.7752808988764,39.863325740318906,0.0,97.22222222222221,0.0,0.0,1848.0,0.0,770.0,-1848.0,-1078.0,1848.0,1078.0,1219680.0,592900.0,3,616.0,359.3333333333333,637.6205768323352,444.55970727601186,1.0,0.5833333333333334,-1.0,-0.5833333333333334,ML,TSB,SCP,seasonal discrete,41.666666666666664,2244.0,810.0,2109.0,-1434.0,-135.0,1470.0,1891.0,1132884.0,1632581.0,3,490.0,630.3333333333334,614.5144424665705,737.6948330215324,0.6550802139037433,0.8426916221033868,-0.6390374331550802,-0.06016042780748663,SCP,seasonal discrete,ML,TSB,22.26335272342676,4092.0,810.0,2879.0,-3282.0,-1213.0,3318.0,2969.0,2352564.0,2225481.0,6,553.0,494.8333333333333,626.1740971966183,609.0266825024993,0.8108504398826979,0.7255620723362659,-0.8020527859237536,-0.29643206256109483,ML,TSB,SCP,seasonal discrete,10.518384569017472,2026-07-14 13:03:02.206,0,,NoForecastRowsMaterialized"
"21966,66,66,10592,1,390,CONSUMIBLES DOMESTICOS,""2758"",CASALMA S.L,Enrique Malonda Escriva,,SeasonalNaive,intermittent_insuficient,intermittent_insuficient_insuficient,insuficient,seasonal discrete,seasonal discrete,success,intermittent_insuficient,COMPARABLE,1,1,1,180.0,0.0,360.0,180.0,180.0,0.0,180.0,0.0,0.0,180.0,0.0,0.0,180.0,0.0,0.0,180.0,0.0,0.0,0.0,0.0,-360.0,0.0,-180.0,0.0,0.0,0.0,-360.0,0.0,-180.0,0.0,0.0,0.0,360.0,0.0,180.0,0.0,0.0,0.0,360.0,0.0,180.0,0.0,0.0,0.0,129600.0,0.0,32400.0,0.0,0.0,0.0,129600.0,0.0,32400.0,0.0,1,0,1,1,1,0,0.0,,360.0,0.0,180.0,,0.0,,360.0,0.0,180.0,,0.0,,360.0,0.0,180.0,,0.0,,360.0,0.0,180.0,,0.0,,1.0,0.0,1.0,,0.0,,1.0,0.0,1.0,,0.0,,-1.0,0.0,-1.0,,0.0,,-1.0,0.0,-1.0,,TIE,,TIE,TIE,TIE,,,,,,,,,,,,,,,,,,,,0.0,,0.0,0.0,0.0,,360.0,180.0,180.0,-180.0,-180.0,180.0,180.0,32400.0,32400.0,2,90.0,90.0,127.27922061357856,127.27922061357856,0.5,0.5,-0.5,-0.5,TIE,,,,0.0,540.0,180.0,180.0,-360.0,-360.0,360.0,360.0,129600.0,129600.0,2,180.0,180.0,254.55844122715712,254.55844122715712,0.6666666666666666,0.6666666666666666,-0.6666666666666666,-0.6666666666666666,TIE,,,,0.0,900.0,360.0,360.0,-540.0,-540.0,540.0,540.0,162000.0,162000.0,4,135.0,135.0,201.24611797498108,201.24611797498108,0.6,0.6,-0.6,-0.6,TIE,,,,0.0,2026-07-14 13:03:02.206,0,,"
"21967,66,66,10592,1,6,BOLSA BASURA PROFESIONALES,""75"",FLORETTE MURCIA S.L.U.,José Mateos-Aparicio Martinez,,,,,,preserve current forecast,preserve current forecast,success,,NOT_COMPARABLE_MISSING_SCP_AND_ML,1,0,0,0.0,0.0,0.0,0.0,0.0,0.0,,,,,,,,,,,,,,,,,,,,,,,,,,,,,,,,,,,,,,,,,,,,,,,,,,,,,,,,,,,,,,,,,,,,,,,,,,,,,,,,,,,,,,,,,,,,,,,,,,,,,,,,,,,,,,,,,,,,,,,,,,,,,,,,,,,,,,,,,,,,,,,,,,,,,,,,,,,,,,,,,,,,,,,,,,,,,,,,,,,,,,,,,,,,,,,,,,,,,,,,,,2026-07-14 13:03:02.206,1,MissingHistory,NoForecastRowsMaterialized"
"21968,66,66,10592,1,24,BOLSA BASURA PROFESIONALES,""77"",""HIJOS DE JUAN PUJANTE, S.A."",José Mateos-Aparicio Martinez,,,,,,preserve current forecast,preserve current forecast,success,,NOT_COMPARABLE_MISSING_SCP_AND_ML,1,0,0,0.0,0.0,0.0,0.0,0.0,0.0,,,,,,,,,,,,,,,,,,,,,,,,,,,,,,,,,,,,,,,,,,,,,,,,,,,,,,,,,,,,,,,,,,,,,,,,,,,,,,,,,,,,,,,,,,,,,,,,,,,,,,,,,,,,,,,,,,,,,,,,,,,,,,,,,,,,,,,,,,,,,,,,,,,,,,,,,,,,,,,,,,,,,,,,,,,,,,,,,,,,,,,,,,,,,,,,,,,,,,,,,,2026-07-14 13:03:02.206,1,MissingHistory,NoForecastRowsMaterialized"
"21969,66,66,10592,1,38,BOLSA BASURA PROFESIONALES,""2659"",UVESA,José Mateos-Aparicio Martinez,,SeasonalNaive,smooth_insuficient,smooth_insuficient_insuficient,insuficient,x11 seasonal,x11 seasonal,success,smooth_insuficient,COMPARABLE,1,1,1,1920.0,960.0,960.0,960.0,960.0,960.0,1359.0,0.0,0.0,1183.0,0.0,0.0,1464.0,744.0,960.0,960.0,0.0,0.0,-561.0,-960.0,-960.0,223.0,-960.0,-960.0,-456.0,-216.0,0.0,0.0,-960.0,-960.0,561.0,960.0,960.0,223.0,960.0,960.0,456.0,216.0,0.0,0.0,960.0,960.0,314721.0,921600.0,921600.0,49729.0,921600.0,921600.0,207936.0,46656.0,0.0,0.0,921600.0,921600.0,1,1,1,1,1,1,561.0,960.0,960.0,223.0,960.0,960.0,456.0,216.0,0.0,0.0,960.0,960.0,561.0,960.0,960.0,223.0,960.0,960.0,456.0,216.0,0.0,0.0,960.0,960.0,0.2921875,1.0,1.0,0.23229166666666667,1.0,1.0,0.2375,0.225,0.0,0.0,1.0,1.0,-0.2921875,-1.0,-1.0,0.23229166666666667,-1.0,-1.0,-0.2375,-0.225,0.0,0.0,-1.0,-1.0,ML,ML,ML,ML,TIE,TIE,SeasonalNaive,SeasonalNaive,SeasonalNaive,SeasonalNaive,,,SCP,SCP,SCP,SCP,,,x11 seasonal,x11 seasonal,x11 seasonal,x11 seasonal,,,18.71657754010695,77.5,100.0,100.0,0.0,0.0,2880.0,1183.0,960.0,-1697.0,-1920.0,2143.0,1920.0,1892929.0,1843200.0,3,714.3333333333334,640.0,794.3401874092317,783.836717690617,0.7440972222222222,0.6666666666666666,-0.5892361111111111,-0.6666666666666666,ML,SeasonalNaive,SCP,x11 seasonal,10.405972935137658,3840.0,1359.0,3168.0,-2481.0,-672.0,2481.0,672.0,2157921.0,254592.0,3,827.0,224.0,848.1196849501844,291.31426329653,0.64609375,0.175,-0.64609375,-0.175,ML,SeasonalNaive,SCP,x11 seasonal,72.91414752116083,6720.0,2542.0,4128.0,-4178.0,-2592.0,4624.0,2592.0,4050850.0,2097792.0,6,770.6666666666666,432.0,821.6700473223218,591.2968797482362,0.6880952380952381,0.38571428571428573,-0.6217261904761905,-0.38571428571428573,ML,SeasonalNaive,SCP,x11 seasonal,43.94463667820069,2026-07-14 13:03:02.206,0,,"
"21970,66,66,10592,1,57,CONSUMIBLES DOMESTICOS,""277"",AHORRAMAS (GRUPO IFA),Enrique Malonda Escriva,,SeasonalNaive,intermittent_insuficient,intermittent_insuficient_insuficient,insuficient,seasonal discrete,seasonal discrete,success,intermittent_insuficient,COMPARABLE,1,1,1,1120.0,560.0,2800.0,0.0,0.0,0.0,0.0,0.0,0.0,327.0,0.0,0.0,1120.0,1680.0,2240.0,1887.0,0.0,0.0,-1120.0,-560.0,-2800.0,327.0,0.0,0.0,0.0,1120.0,-560.0,1887.0,0.0,0.0,1120.0,560.0,2800.0,327.0,0.0,0.0,0.0,1120.0,560.0,1887.0,0.0,0.0,1254400.0,313600.0,7840000.0,106929.0,0.0,0.0,0.0,1254400.0,313600.0,3560769.0,0.0,0.0,1,1,1,0,0,0,1120.0,560.0,2800.0,,,,0.0,1120.0,560.0,,,,1120.0,560.0,2800.0,,,,0.0,1120.0,560.0,,,,1.0,1.0,1.0,,,,0.0,2.0,0.2,,,,-1.0,-1.0,-1.0,,,,0.0,2.0,-0.2,,,,ML,SCP,ML,,,,SeasonalNaive,seasonal discrete,SeasonalNaive,,,,SCP,ML,SCP,,,,seasonal discrete,SeasonalNaive,seasonal discrete,,,,100.0,50.0,80.0,,,,0.0,327.0,1887.0,327.0,1887.0,327.0,1887.0,106929.0,3560769.0,0,,,,,,,,,,,,,,4480.0,0.0,5040.0,-4480.0,560.0,4480.0,1680.0,9408000.0,1568000.0,3,1493.3333333333333,560.0,1770.8754896942924,722.9568912920512,1.0,0.375,-1.0,0.125,ML,SeasonalNaive,SCP,seasonal discrete,62.5,4480.0,327.0,6927.0,-4153.0,2447.0,4807.0,3567.0,9514929.0,5128769.0,3,1602.3333333333333,1189.0,1780.9107220745234,1307.5127787775791,1.0729910714285715,0.7962053571428571,-0.9270089285714286,0.5462053571428571,ML,SeasonalNaive,SCP,seasonal discrete,25.795714582899947,2026-07-14 13:03:02.206,0,,NoForecastRowsMaterialized"
"21971,66,66,10592,1,90,CONSUMIBLES DOMESTICOS,""284"",CONSUM S COOP V,José Luís Sabater _,,CrostonClassic,lumpy_insuficient,lumpy_insuficient_insuficient,insuficient,seasonal discrete,seasonal discrete,success,lumpy_insuficient,COMPARABLE,1,1,1,7920.0,2160.0,960.0,2400.0,9020.0,0.0,1989.0,0.0,0.0,6110.0,0.0,0.0,2343.0,2342.0,2342.0,1951.0,0.0,0.0,-5931.0,-2160.0,-960.0,3710.0,-9020.0,0.0,-5577.0,182.0,1382.0,-449.0,-9020.0,0.0,5931.0,2160.0,960.0,3710.0,9020.0,0.0,5577.0,182.0,1382.0,449.0,9020.0,0.0,35176761,4665600.0,921600.0,13764100,81360400,0.0,31102929,33124.0,1909924.0,201601.0,81360400,0.0,1,1,1,1,1,0,5931.0,2160.0,960.0,3710.0,9020.0,,5577.0,182.0,1382.0,449.0,9020.0,,5931.0,2160.0,960.0,3710.0,9020.0,,5577.0,182.0,1382.0,449.0,9020.0,,0.7488636363636364,1.0,1.0,1.5458333333333334,1.0,,0.7041666666666667,0.08425925925925926,1.4395833333333334,0.18708333333333332,1.0,,-0.7488636363636364,-1.0,-1.0,1.5458333333333334,-1.0,,-0.7041666666666667,0.08425925925925926,1.4395833333333334,-0.18708333333333332,-1.0,,ML,ML,SCP,ML,TIE,,CrostonClassic,CrostonClassic,seasonal discrete,CrostonClassic,,,SCP,SCP,ML,SCP,,,seasonal discrete,seasonal discrete,CrostonClassic,seasonal discrete,,,5.968639352554373,91.57407407407408,30.535455861070915,87.89757412398922,0.0,,11420.0,6110.0,1951.0,-5310.0,-9469.0,12730.0,9469.0,95124500,81562001,2,6365.0,4734.5,6896.5389870572035,6386.000352333219,1.1147110332749561,0.8291593695271453,-0.4649737302977233,-0.8291593695271453,ML,CrostonClassic,SCP,seasonal discrete,25.616653574234093,11040.0,1989.0,7027.0,-9051.0,-4013.0,9051.0,7141.0,40763961,33045977,3,3017.0,2380.3333333333335,3686.1886820942846,3318.93441734944,0.8198369565217392,0.6468297101449275,-0.8198369565217392,-0.3634963768115942,ML,CrostonClassic,SCP,seasonal discrete,21.102640592199762,22460.0,8099.0,8978.0,-14361.0,-13482.0,21781.0,16610.0,135888461,114607978,5,4356.2,3322.0,5213.222822784386,4787.650321399841,0.9697684772929652,0.7395369545859305,-0.6394033837934106,-0.60026714158504,ML,CrostonClassic,SCP,seasonal discrete,23.74087507460631,2026-07-14 13:03:02.206,0,,"
"21972,66,66,10592,1,105,CONSUMIBLES DOMESTICOS,""285"",JUAN FORNES - SUPERMERCADOS MAS Y MAS,Enrique Malonda Escriva,,MovingAverage3M,smooth_insuficient,smooth_insuficient_insuficient,insuficient,x11 seasonal,x11 seasonal,success,smooth_insuficient,COMPARABLE,1,1,1,1152.0,576.0,720.0,1008.0,720.0,288.0,747.0,0.0,0.0,537.0,0.0,0.0,672.0,672.0,672.0,720.0,0.0,0.0,-405.0,-576.0,-720.0,-471.0,-720.0,-288.0,-480.0,96.0,-48.0,-288.0,-720.0,-288.0,405.0,576.0,720.0,471.0,720.0,288.0,480.0,96.0,48.0,288.0,720.0,288.0,164025.0,331776.0,518400.0,221841.0,518400.0,82944.0,230400.0,9216.0,2304.0,82944.0,518400.0,82944.0,1,1,1,1,1,1,405.0,576.0,720.0,471.0,720.0,288.0,480.0,96.0,48.0,288.0,720.0,288.0,405.0,576.0,720.0,471.0,720.0,288.0,480.0,96.0,48.0,288.0,720.0,288.0,0.3515625,1.0,1.0,0.46726190476190477,1.0,1.0,0.4166666666666667,0.16666666666666666,0.06666666666666667,0.2857142857142857,1.0,1.0,-0.3515625,-1.0,-1.0,-0.46726190476190477,-1.0,-1.0,-0.4166666666666667,0.16666666666666666,-0.06666666666666667,-0.2857142857142857,-1.0,-1.0,SCP,ML,ML,ML,TIE,TIE,x11 seasonal,MovingAverage3M,MovingAverage3M,MovingAverage3M,,,ML,SCP,SCP,SCP,,,MovingAverage3M,x11 seasonal,x11 seasonal,x11 seasonal,,,15.625000000000004,83.33333333333334,93.33333333333333,38.853503184713375,0.0,0.0,2016.0,537.0,720.0,-1479.0,-1296.0,1479.0,1296.0,823185.0,684288.0,3,493.0,432.0,523.8272616044338,477.5939698111776,0.7336309523809523,0.6428571428571429,-0.7336309523809523,-0.6428571428571429,ML,MovingAverage3M,SCP,x11 seasonal,12.373225152129805,2448.0,747.0,2016.0,-1701.0,-432.0,1701.0,624.0,1014201.0,241920.0,3,567.0,208.0,581.4352930464404,283.9718295887816,0.6948529411764706,0.2549019607843137,-0.6948529411764706,-0.17647058823529413,ML,MovingAverage3M,SCP,x11 seasonal,63.31569664902999,4464.0,1284.0,2736.0,-3180.0,-1728.0,3180.0,1920.0,1837386.0,926208.0,6,530.0,320.0,553.3814236130447,392.8969330498776,0.7123655913978495,0.43010752688172044,-0.7123655913978495,-0.3870967741935484,ML,MovingAverage3M,SCP,x11 seasonal,39.62264150943396,2026-07-14 13:03:02.206,0,,"
"21973,66,66,10592,1,124,CONSUMIBLES DOMESTICOS,""286"",JUAN FORNES - SUPERMERCADOS MAS Y MAS,Enrique Malonda Escriva,,SeasonalNaive,smooth_insuficient,smooth_insuficient_insuficient,insuficient,seasonal discrete,seasonal discrete,success,smooth_insuficient,COMPARABLE,1,1,1,720.0,960.0,0.0,960.0,480.0,720.0,1000.0,0.0,0.0,480.0,0.0,0.0,720.0,480.0,480.0,714.0,0.0,0.0,280.0,-960.0,0.0,-480.0,-480.0,-720.0,0.0,-480.0,480.0,-246.0,-480.0,-720.0,280.0,960.0,0.0,480.0,480.0,720.0,0.0,480.0,480.0,246.0,480.0,720.0,78400.0,921600.0,0.0,230400.0,230400.0,518400.0,0.0,230400.0,230400.0,60516.0,230400.0,518400.0,1,1,0,1,1,1,280.0,960.0,,480.0,480.0,720.0,0.0,480.0,,246.0,480.0,720.0,280.0,960.0,,480.0,480.0,720.0,0.0,480.0,,246.0,480.0,720.0,0.3888888888888889,1.0,,0.5,1.0,1.0,0.0,0.5,,0.25625,1.0,1.0,0.3888888888888889,-1.0,,-0.5,-1.0,-1.0,0.0,-0.5,,-0.25625,-1.0,-1.0,ML,ML,,ML,TIE,TIE,SeasonalNaive,SeasonalNaive,,SeasonalNaive,,,SCP,SCP,,SCP,,,seasonal discrete,seasonal discrete,,seasonal discrete,,,100.0,50.0,,48.75000000000001,0.0,0.0,2160.0,480.0,714.0,-1680.0,-1446.0,1680.0,1446.0,979200.0,809316.0,3,560.0,482.0,571.314274283428,519.3958028324835,0.7777777777777778,0.6694444444444444,-0.7777777777777778,-0.6694444444444444,ML,SeasonalNaive,SCP,seasonal discrete,13.928571428571434,1680.0,1000.0,1680.0,-680.0,0.0,1240.0,960.0,1000000.0,460800.0,2,620.0,480.0,707.1067811865476,480.0,0.7380952380952381,0.5714285714285714,-0.40476190476190477,0.0,ML,SeasonalNaive,SCP,seasonal discrete,22.58064516129033,3840.0,1480.0,2394.0,-2360.0,-1446.0,2920.0,2406.0,1979200.0,1270116.0,5,584.0,481.2,629.1581677130164,504.0071428065281,0.7604166666666666,0.6265625,-0.6145833333333334,-0.3765625,ML,SeasonalNaive,SCP,seasonal discrete,17.60273972602739,2026-07-14 13:03:02.206,0,,"
"21974,66,66,10592,1,172,CONSUMIBLES DOMESTICOS,""291"",BUBBLES BIDCO SPAIN SL (ACQUA & SAPONE)A,Enrique Malonda Escriva,,,,,,preserve current forecast,preserve current forecast,success,,NOT_COMPARABLE_MISSING_SCP_AND_ML,1,0,0,0.0,0.0,0.0,0.0,0.0,0.0,,,,,,,,,,,,,,,,,,,,,,,,,,,,,,,,,,,,,,,,,,,,,,,,,,,,,,,,,,,,,,,,,,,,,,,,,,,,,,,,,,,,,,,,,,,,,,,,,,,,,,,,,,,,,,,,,,,,,,,,,,,,,,,,,,,,,,,,,,,,,,,,,,,,,,,,,,,,,,,,,,,,,,,,,,,,,,,,,,,,,,,,,,,,,,,,,,,,,,,,,,2026-07-14 13:03:02.206,1,MissingHistory,NoForecastRowsMaterialized"
"21975,66,66,10592,1,192,CONSUMIBLES DOMESTICOS,""305"",""IFA RETAIL, S.A."",Enrique Malonda Escriva,,MovingAverage3M,smooth_insuficient,smooth_insuficient_insuficient,insuficient,x11 seasonal,x11 seasonal,success,smooth_insuficient,COMPARABLE,1,1,1,1440.0,4280.0,3840.0,7680.0,8640.0,5640.0,5477.0,0.0,0.0,6673.0,0.0,0.0,7360.0,7360.0,7360.0,7542.0,0.0,0.0,4037.0,-4280.0,-3840.0,-1007.0,-8640.0,-5640.0,5920.0,3080.0,3520.0,-138.0,-8640.0,-5640.0,4037.0,4280.0,3840.0,1007.0,8640.0,5640.0,5920.0,3080.0,3520.0,138.0,8640.0,5640.0,16297369,18318400,14745600,1014049.0,74649600,31809600,35046400,9486400.0,12390400,19044.0,74649600,31809600,1,1,1,1,1,1,4037.0,4280.0,3840.0,1007.0,8640.0,5640.0,5920.0,3080.0,3520.0,138.0,8640.0,5640.0,4037.0,4280.0,3840.0,1007.0,8640.0,5640.0,5920.0,3080.0,3520.0,138.0,8640.0,5640.0,2.803472222222222,1.0,1.0,0.13111979166666668,1.0,1.0,4.111111111111111,0.719626168224299,0.9166666666666666,0.01796875,1.0,1.0,2.803472222222222,-1.0,-1.0,-0.13111979166666668,-1.0,-1.0,4.111111111111111,0.719626168224299,0.9166666666666666,-0.01796875,-1.0,-1.0,SCP,ML,ML,ML,TIE,TIE,x11 seasonal,MovingAverage3M,MovingAverage3M,MovingAverage3M,,,ML,SCP,SCP,SCP,,,MovingAverage3M,x11 seasonal,x11 seasonal,x11 seasonal,,,31.807432432432424,28.037383177570096,8.333333333333337,86.29592850049652,0.0,0.0,21960.0,6673.0,7542.0,-15287.0,-14418.0,15287.0,14418.0,107473249,106478244,3,5095.666666666667,4806.0,5985.350142918402,5957.579038502133,0.6961293260473589,0.6565573770491804,-0.6961293260473589,-0.6565573770491804,ML,MovingAverage3M,SCP,x11 seasonal,5.684568587688886,9560.0,5477.0,22080.0,-4083.0,12520.0,12157.0,12520.0,49361369,56923200,3,4052.3333333333335,4173.333333333333,4056.3271153429755,4355.961432336149,1.271652719665272,1.3096234309623431,-0.42709205020920504,1.3096234309623431,SCP,x11 seasonal,ML,MovingAverage3M,2.8993610223642134,31520.0,12150.0,29622.0,-19370.0,-1898.0,27444.0,26938.0,156834618,163401444,6,4574.0,4489.666666666667,5112.6414894846675,5218.579691831868,0.8706852791878172,0.8546319796954315,-0.6145304568527918,-0.06021573604060914,ML,MovingAverage3M,SCP,x11 seasonal,1.8437545547296288,2026-07-14 13:03:02.206,0,,"
"21976,66,66,10592,1,4,BOLSA BASURA PROFESIONALES,""75"",FLORETTE HORTICOLA NAVARRA S.L.U.,José Mateos-Aparicio Martinez,,,,,,preserve current forecast,preserve current forecast,success,,NOT_COMPARABLE_MISSING_SCP_AND_ML,1,0,0,0.0,0.0,0.0,0.0,0.0,0.0,,,,,,,,,,,,,,,,,,,,,,,,,,,,,,,,,,,,,,,,,,,,,,,,,,,,,,,,,,,,,,,,,,,,,,,,,,,,,,,,,,,,,,,,,,,,,,,,,,,,,,,,,,,,,,,,,,,,,,,,,,,,,,,,,,,,,,,,,,,,,,,,,,,,,,,,,,,,,,,,,,,,,,,,,,,,,,,,,,,,,,,,,,,,,,,,,,,,,,,,,,2026-07-14 13:03:02.206,1,MissingHistory,NoForecastRowsMaterialized"
"21977,66,66,10592,1,20,BOLSA BASURA PROFESIONALES,""77"",FLORETTE HORTICOLA NAVARRA S.L.U.,José Mateos-Aparicio Martinez,,,,,,preserve current forecast,preserve current forecast,success,,NOT_COMPARABLE_ML_EXCLUDED,1,1,0,0.0,0.0,0.0,0.0,1440.0,0.0,760.0,0.0,0.0,0.0,0.0,0.0,,,,,,,,,,,,,,,,,,,,,,,,,,,,,,,,,,,,,,,,,,,,,,,,,,,,,,,,,,,,,,,,,,,,,,,,,,,,,,,,,,,,,,,,,,,,,,,,,,,,,,,,,,,,,,,,,,,,,,,,,,,,,,,,,,,,,,,,,,,,,,,,,,,,,,,,,,,,,,,,,,,,,,,,,,,,,,,,,,,,,,,,,,,,,,,,,,,,2026-07-14 13:03:02.206,1,MissingHistory,NoForecastRowsMaterialized"
"21978,66,66,10592,1,79,CONSUMIBLES DOMESTICOS,""283"",CONSUM S COOP V,José Luís Sabater _,,MovingAverage3M,intermittent_insuficient,intermittent_insuficient_insuficient,insuficient,seasonal discrete,seasonal discrete,success,intermittent_insuficient,COMPARABLE,1,1,1,6951.0,1197.0,0.0,0.0,0.0,7056.0,0.0,0.0,0.0,2405.0,0.0,0.0,2352.0,2352.0,2352.0,2878.0,0.0,0.0,-6951.0,-1197.0,0.0,2405.0,0.0,-7056.0,-4599.0,1155.0,2352.0,2878.0,0.0,-7056.0,6951.0,1197.0,0.0,2405.0,0.0,7056.0,4599.0,1155.0,2352.0,2878.0,0.0,7056.0,48316401,1432809.0,0.0,5784025.0,0.0,49787136,21150801,1334025.0,5531904.0,8282884.0,0.0,49787136,1,1,0,0,0,1,6951.0,1197.0,,,,7056.0,4599.0,1155.0,,,,7056.0,6951.0,1197.0,,,,7056.0,4599.0,1155.0,,,,7056.0,1.0,1.0,,,,1.0,0.6616314199395771,0.9649122807017544,,,,1.0,-1.0,-1.0,,,,-1.0,-0.6616314199395771,0.9649122807017544,,,,-1.0,ML,ML,,,,TIE,MovingAverage3M,MovingAverage3M,,,,,SCP,SCP,,,,,seasonal discrete,seasonal discrete,,,,,33.83685800604229,3.508771929824561,,,,0.0,7056.0,2405.0,2878.0,-4651.0,-4178.0,9461.0,9934.0,55571161,58070020,1,9461.0,9934.0,7454.606696533359,7620.368757481491,1.340844671201814,1.4078798185941044,-0.659155328798186,-0.5921201814058957,SCP,seasonal discrete,ML,MovingAverage3M,4.761425407690764,8148.0,0.0,7056.0,-8148.0,-1092.0,8148.0,8106.0,49749210,28016730,2,4074.0,4053.0,4987.444736535935,3742.775039993721,1.0,0.9948453608247423,-1.0,-0.13402061855670103,ML,MovingAverage3M,SCP,seasonal discrete,0.5154639175257714,15204.0,2405.0,9934.0,-12799.0,-5270.0,17609.0,18040.0,105320371,86086750,3,5869.666666666667,6013.333333333333,5925.098339549592,5356.825863637284,1.1581820573533281,1.1865298605630097,-0.841817942646672,-0.3466193107077085,SCP,seasonal discrete,ML,MovingAverage3M,2.3891352549889047,2026-07-14 13:03:02.206,0,,NoForecastRowsMaterialized"
"21979,66,66,10592,1,120,CONSUMIBLES DOMESTICOS,""286"",""DIA RETAIL ESPAÑA, S.A."",Enrique Malonda Escriva,,,,,,preserve current forecast,preserve current forecast,success,,NOT_COMPARABLE_MISSING_SCP_AND_ML,1,0,0,0.0,0.0,0.0,0.0,0.0,0.0,,,,,,,,,,,,,,,,,,,,,,,,,,,,,,,,,,,,,,,,,,,,,,,,,,,,,,,,,,,,,,,,,,,,,,,,,,,,,,,,,,,,,,,,,,,,,,,,,,,,,,,,,,,,,,,,,,,,,,,,,,,,,,,,,,,,,,,,,,,,,,,,,,,,,,,,,,,,,,,,,,,,,,,,,,,,,,,,,,,,,,,,,,,,,,,,,,,,,,,,,,2026-07-14 13:03:02.206,1,MissingHistory,NoForecastRowsMaterialized"
"21980,66,66,10592,1,159,CONSUMIBLES DOMESTICOS,""289"",HIPER USERA S.L,Enrique Malonda Escriva,,,,,,preserve current forecast,preserve current forecast,success,,NOT_COMPARABLE_MISSING_SCP_AND_ML,1,0,0,0.0,0.0,0.0,0.0,0.0,0.0,,,,,,,,,,,,,,,,,,,,,,,,,,,,,,,,,,,,,,,,,,,,,,,,,,,,,,,,,,,,,,,,,,,,,,,,,,,,,,,,,,,,,,,,,,,,,,,,,,,,,,,,,,,,,,,,,,,,,,,,,,,,,,,,,,,,,,,,,,,,,,,,,,,,,,,,,,,,,,,,,,,,,,,,,,,,,,,,,,,,,,,,,,,,,,,,,,,,,,,,,,2026-07-14 13:03:02.206,1,MissingHistory,NoForecastRowsMaterialized"
"21981,66,66,10592,1,177,CONSUMIBLES DOMESTICOS,""292"",""MARKANT ESPAÑA, S.A"",Enrique Malonda Escriva,,SeasonalNaive,smooth_insuficient,smooth_insuficient_insuficient,insuficient,seasonal discrete,seasonal discrete,success,smooth_insuficient,COMPARABLE,1,1,1,10080.0,0.0,10080.0,0.0,4032.0,0.0,6008.0,0.0,0.0,6453.0,0.0,0.0,6048.0,0.0,6048.0,2016.0,0.0,0.0,-4072.0,0.0,-10080.0,6453.0,-4032.0,0.0,-4032.0,0.0,-4032.0,2016.0,-4032.0,0.0,4072.0,0.0,10080.0,6453.0,4032.0,0.0,4032.0,0.0,4032.0,2016.0,4032.0,0.0,16581184,0.0,101606400,41641209,16257024,0.0,16257024,0.0,16257024,4064256.0,16257024,0.0,1,0,1,0,1,0,4072.0,,10080.0,,4032.0,,4032.0,,4032.0,,4032.0,,4072.0,,10080.0,,4032.0,,4032.0,,4032.0,,4032.0,,0.403968253968254,,1.0,,1.0,,0.4,,0.4,,1.0,,-0.403968253968254,,-1.0,,-1.0,,-0.4,,-0.4,,-1.0,,ML,,ML,,TIE,,SeasonalNaive,,SeasonalNaive,,,,SCP,,SCP,,,,seasonal discrete,,seasonal discrete,,,,0.9823182711198394,,60.0,,0.0,,4032.0,6453.0,2016.0,2421.0,-2016.0,10485.0,6048.0,57898233,20321280,1,10485.0,6048.0,7609.0888416419475,4507.913042639576,2.6004464285714284,1.5,0.6004464285714286,-0.5,ML,SeasonalNaive,SCP,seasonal discrete,42.317596566523605,20160.0,6008.0,12096.0,-14152.0,-8064.0,14152.0,8064.0,118187584,32514048,2,7076.0,4032.0,7687.248662558016,4032.0,0.7019841269841269,0.4,-0.7019841269841269,-0.4,ML,SeasonalNaive,SCP,seasonal discrete,43.018654607122656,24192.0,12461.0,14112.0,-11731.0,-10080.0,24637.0,14112.0,176085817,52835328,3,8212.333333333334,4704.0,7661.283987252616,4196.638654923723,1.0183945105820107,0.5833333333333334,-0.48491236772486773,-0.4166666666666667,ML,SeasonalNaive,SCP,seasonal discrete,42.72029873767099,2026-07-14 13:03:02.206,0,,"
"21982,66,66,10592,1,186,CONSUMIBLES DOMESTICOS,""303"",""IFA RETAIL, S.A."",Enrique Malonda Escriva,,SeasonalNaive,intermittent_insuficient,intermittent_insuficient_insuficient,insuficient,seasonal discrete,seasonal discrete,success,intermittent_insuficient,COMPARABLE,1,1,1,0.0,800.0,800.0,800.0,0.0,1600.0,533.0,0.0,0.0,0.0,0.0,0.0,800.0,800.0,1529.0,0.0,0.0,0.0,533.0,-800.0,-800.0,-800.0,0.0,-1600.0,800.0,0.0,729.0,-800.0,0.0,-1600.0,533.0,800.0,800.0,800.0,0.0,1600.0,800.0,0.0,729.0,800.0,0.0,1600.0,284089.0,640000.0,640000.0,640000.0,0.0,2560000.0,640000.0,0.0,531441.0,640000.0,0.0,2560000.0,0,1,1,1,0,1,,800.0,800.0,800.0,,1600.0,,0.0,729.0,800.0,,1600.0,,800.0,800.0,800.0,,1600.0,,0.0,729.0,800.0,,1600.0,,1.0,1.0,1.0,,1.0,,0.0,0.91125,1.0,,1.0,,-1.0,-1.0,-1.0,,-1.0,,0.0,0.91125,-1.0,,-1.0,,ML,ML,TIE,,TIE,,SeasonalNaive,SeasonalNaive,,,,,SCP,SCP,,,,,seasonal discrete,seasonal discrete,,,,,100.0,8.875,0.0,,0.0,2400.0,0.0,0.0,-2400.0,-2400.0,2400.0,2400.0,3200000.0,3200000.0,2,1200.0,1200.0,1264.9110640673518,1264.9110640673518,1.0,1.0,-1.0,-1.0,TIE,,,,0.0,1600.0,533.0,3129.0,-1067.0,1529.0,2133.0,1529.0,1564089.0,1171441.0,2,1066.5,764.5,884.3327993464903,765.3237876872769,1.333125,0.955625,-0.666875,0.955625,ML,SeasonalNaive,SCP,seasonal discrete,28.316924519456165,4000.0,533.0,3129.0,-3467.0,-871.0,4533.0,3929.0,4764089.0,4371441.0,4,1133.25,982.25,1091.3396584015445,1045.39956475981,1.13325,0.98225,-0.86675,-0.21775,ML,SeasonalNaive,SCP,seasonal discrete,13.324509155084943,2026-07-14 13:03:02.206,0,,NoForecastRowsMaterialized"
"21983,66,66,10592,1,195,CONSUMIBLES DOMESTICOS,""306"",""IFA RETAIL, S.A."",Enrique Malonda Escriva,,AutoTheta,smooth_insuficient,smooth_insuficient_insuficient,insuficient,x11 seasonal,x11 seasonal,success,smooth_insuficient,COMPARABLE,1,1,1,3168.0,5328.0,5028.0,5904.0,5160.0,6900.0,6523.0,0.0,0.0,5439.0,0.0,0.0,5924.0,5839.0,5756.0,3600.0,0.0,0.0,3355.0,-5328.0,-5028.0,-465.0,-5160.0,-6900.0,2756.0,511.0,728.0,-2304.0,-5160.0,-6900.0,3355.0,5328.0,5028.0,465.0,5160.0,6900.0,2756.0,511.0,728.0,2304.0,5160.0,6900.0,11256025,28387584,25280784,216225.0,26625600,47610000,7595536.0,261121.0,529984.0,5308416.0,26625600,47610000,1,1,1,1,1,1,3355.0,5328.0,5028.0,465.0,5160.0,6900.0,2756.0,511.0,728.0,2304.0,5160.0,6900.0,3355.0,5328.0,5028.0,465.0,5160.0,6900.0,2756.0,511.0,728.0,2304.0,5160.0,6900.0,1.0590277777777777,1.0,1.0,0.07876016260162602,1.0,1.0,0.8699494949494949,0.0959084084084084,0.14478918058870327,0.3902439024390244,1.0,1.0,1.0590277777777777,-1.0,-1.0,-0.07876016260162602,-1.0,-1.0,0.8699494949494949,0.0959084084084084,0.14478918058870327,-0.3902439024390244,-1.0,-1.0,ML,ML,ML,SCP,TIE,TIE,AutoTheta,AutoTheta,AutoTheta,x11 seasonal,,,SCP,SCP,SCP,ML,,,x11 seasonal,x11 seasonal,x11 seasonal,AutoTheta,,,17.85394932935916,90.40915915915916,85.52108194112968,79.81770833333334,0.0,0.0,17964.0,5439.0,3600.0,-12525.0,-14364.0,12525.0,14364.0,74451825,79544016,3,4175.0,4788.0,4981.693988996112,5149.239943914053,0.6972277889111557,0.7995991983967936,-0.6972277889111557,-0.7995991983967936,SCP,x11 seasonal,ML,AutoTheta,12.802840434419382,13524.0,6523.0,17519.0,-7001.0,3995.0,13711.0,3995.0,64924393,8386641.0,3,4570.333333333333,1331.6666666666667,4652.038728700926,1671.9889353700878,1.01382727003845,0.29540076900325346,-0.5176722863058266,0.29540076900325346,ML,AutoTheta,SCP,x11 seasonal,70.86281088177377,31488.0,11962.0,21119.0,-19526.0,-10369.0,26236.0,18359.0,139376218,87930657,6,4372.666666666667,3059.8333333333335,4819.685639817878,3828.199250300329,0.8332063008130082,0.5830475101626016,-0.6201092479674797,-0.3293000508130081,ML,AutoTheta,SCP,x11 seasonal,30.023631651166344,2026-07-14 13:03:02.206,0,,"
"21984,66,66,10592,1,263,CONSUMIBLES DOMESTICOS,""2679"",""TRANSGOURMET IBERICA S.A. -GM FOOD IBERICA, S.A.U."",Enrique Malonda Escriva,,,,,,preserve current forecast,preserve current forecast,success,,NOT_COMPARABLE_ML_EXCLUDED,1,1,0,0.0,0.0,0.0,0.0,0.0,3360.0,840.0,840.0,840.0,1680.0,1680.0,1680.0,,,,,,,,,,,,,,,,,,,,,,,,,,,,,,,,,,,,,,,,,,,,,,,,,,,,,,,,,,,,,,,,,,,,,,,,,,,,,,,,,,,,,,,,,,,,,,,,,,,,,,,,,,,,,,,,,,,,,,,,,,,,,,,,,,,,,,,,,,,,,,,,,,,,,,,,,,,,,,,,,,,,,,,,,,,,,,,,,,,,,,,,,,,,,,,,,,,,2026-07-14 13:03:02.206,1,MissingHistory,"
"21985,66,66,10592,1,26,BOLSA BASURA PROFESIONALES,""77"",UVESA,José Mateos-Aparicio Martinez,,,,,,preserve current forecast,preserve current forecast,success,,NOT_COMPARABLE_MISSING_SCP_AND_ML,1,0,0,0.0,0.0,0.0,0.0,0.0,770.0,,,,,,,,,,,,,,,,,,,,,,,,,,,,,,,,,,,,,,,,,,,,,,,,,,,,,,,,,,,,,,,,,,,,,,,,,,,,,,,,,,,,,,,,,,,,,,,,,,,,,,,,,,,,,,,,,,,,,,,,,,,,,,,,,,,,,,,,,,,,,,,,,,,,,,,,,,,,,,,,,,,,,,,,,,,,,,,,,,,,,,,,,,,,,,,,,,,,,,,,,,2026-07-14 13:03:02.206,1,MissingHistory,NoForecastRowsMaterialized"
"21986,66,66,10592,1,69,CONSUMIBLES DOMESTICOS,""281"",AHORRAMAS (GRUPO IFA),Enrique Malonda Escriva,,SeasonalNaive,smooth_insuficient,smooth_insuficient_insuficient,insuficient,x11 seasonal,x11 seasonal,success,smooth_insuficient,COMPARABLE,1,1,1,2880.0,5184.0,5760.0,6216.0,4608.0,2160.0,5443.0,0.0,0.0,5036.0,0.0,0.0,5184.0,6336.0,2880.0,5184.0,0.0,0.0,2563.0,-5184.0,-5760.0,-1180.0,-4608.0,-2160.0,2304.0,1152.0,-2880.0,-1032.0,-4608.0,-2160.0,2563.0,5184.0,5760.0,1180.0,4608.0,2160.0,2304.0,1152.0,2880.0,1032.0,4608.0,2160.0,6568969.0,26873856,33177600,1392400.0,21233664,4665600.0,5308416.0,1327104.0,8294400.0,1065024.0,21233664,4665600.0,1,1,1,1,1,1,2563.0,5184.0,5760.0,1180.0,4608.0,2160.0,2304.0,1152.0,2880.0,1032.0,4608.0,2160.0,2563.0,5184.0,5760.0,1180.0,4608.0,2160.0,2304.0,1152.0,2880.0,1032.0,4608.0,2160.0,0.8899305555555556,1.0,1.0,0.18983268983268983,1.0,1.0,0.8,0.2222222222222222,0.5,0.16602316602316602,1.0,1.0,0.8899305555555556,-1.0,-1.0,-0.18983268983268983,-1.0,-1.0,0.8,0.2222222222222222,-0.5,-0.16602316602316602,-1.0,-1.0,ML,ML,ML,ML,TIE,TIE,SeasonalNaive,SeasonalNaive,SeasonalNaive,SeasonalNaive,,,SCP,SCP,SCP,SCP,,,x11 seasonal,x11 seasonal,x11 seasonal,x11 seasonal,,,10.10534529847834,77.77777777777779,50.0,12.54237288135593,0.0,0.0,12984.0,5036.0,5184.0,-7948.0,-7800.0,7948.0,7800.0,27291664,26964288,3,2649.3333333333335,2600.0,3016.160031121249,2998.0153435231114,0.6121380160197166,0.600739371534196,-0.6121380160197166,-0.600739371534196,ML,SeasonalNaive,SCP,x11 seasonal,1.8621036738802208,13824.0,5443.0,14400.0,-8381.0,576.0,13507.0,6336.0,66620425,14929920,3,4502.333333333333,2112.0,4712.410034508174,2230.838407415472,0.9770688657407407,0.4583333333333333,-0.6062644675925926,0.041666666666666664,ML,SeasonalNaive,SCP,x11 seasonal,53.09098985711114,26808.0,10479.0,19584.0,-16329.0,-7224.0,21455.0,14136.0,93912089,41894208,6,3575.8333333333335,2356.0,3956.2627356298435,2642.4170753308417,0.8003207997612652,0.5273052820053715,-0.6091092211280215,-0.2694717994628469,ML,SeasonalNaive,SCP,x11 seasonal,34.11326031228152,2026-07-14 13:03:02.206,0,,"
"21987,66,66,10592,1,87,CONSUMIBLES DOMESTICOS,""283"",""TRANSGOURMET IBERICA S.A. -GM FOOD IBERICA, S.A.U."",Enrique Malonda Escriva,,,,,,preserve current forecast,preserve current forecast,success,,NOT_COMPARABLE_ML_EXCLUDED,1,1,0,0.0,0.0,0.0,0.0,336.0,504.0,218.0,219.0,218.0,168.0,168.0,168.0,,,,,,,,,,,,,,,,,,,,,,,,,,,,,,,,,,,,,,,,,,,,,,,,,,,,,,,,,,,,,,,,,,,,,,,,,,,,,,,,,,,,,,,,,,,,,,,,,,,,,,,,,,,,,,,,,,,,,,,,,,,,,,,,,,,,,,,,,,,,,,,,,,,,,,,,,,,,,,,,,,,,,,,,,,,,,,,,,,,,,,,,,,,,,,,,,,,,2026-07-14 13:03:02.206,1,MissingHistory,"
"21988,66,66,10592,1,137,CONSUMIBLES DOMESTICOS,""287"",DINOSOL (HIPERDINO),Enrique Malonda Escriva,,,,,,preserve current forecast,preserve current forecast,success,,NOT_COMPARABLE_MISSING_SCP_AND_ML,1,0,0,0.0,0.0,0.0,0.0,0.0,0.0,,,,,,,,,,,,,,,,,,,,,,,,,,,,,,,,,,,,,,,,,,,,,,,,,,,,,,,,,,,,,,,,,,,,,,,,,,,,,,,,,,,,,,,,,,,,,,,,,,,,,,,,,,,,,,,,,,,,,,,,,,,,,,,,,,,,,,,,,,,,,,,,,,,,,,,,,,,,,,,,,,,,,,,,,,,,,,,,,,,,,,,,,,,,,,,,,,,,,,,,,,2026-07-14 13:03:02.206,1,MissingHistory,NoForecastRowsMaterialized"
"21989,66,66,10592,1,151,CONSUMIBLES DOMESTICOS,""289"",CASALMA S.L,Enrique Malonda Escriva,,SeasonalNaive,intermittent_insuficient,intermittent_insuficient_insuficient,insuficient,syntetos-boylan,syntetos-boylan,success,intermittent_insuficient,NOT_COMPARABLE_MISSING_SCP,1,0,1,0.0,0.0,384.0,0.0,384.0,0.0,,,,,,,0.0,288.0,0.0,288.0,0.0,0.0,,,,,,,,,,,,,,,,,,,,,,,,,,,,,,,,,,,,,,,,,,,,,,,,,,,,,,,,,,,,,,,,,,,,,,,,,,,,,,,,,,,,,,,,,,,,,,,,,,,,,,,,,,,,,,,,,,,,,,,,,,,,,,,,,,,,,,,,,,,,,,,,,,,,,,,,,,,,,,,,,,,,,,,,,,,,,,,,,,,,,,,,,,,,,,2026-07-14 13:03:02.206,0,,NoForecastRowsMaterialized"
"21990,66,66,10592,1,169,CONSUMIBLES DOMESTICOS,""289"",VEGALSA,Enrique Malonda Escriva,,,,,,preserve current forecast,preserve current forecast,success,,NOT_COMPARABLE_MISSING_SCP_AND_ML,1,0,0,0.0,0.0,0.0,0.0,0.0,0.0,,,,,,,,,,,,,,,,,,,,,,,,,,,,,,,,,,,,,,,,,,,,,,,,,,,,,,,,,,,,,,,,,,,,,,,,,,,,,,,,,,,,,,,,,,,,,,,,,,,,,,,,,,,,,,,,,,,,,,,,,,,,,,,,,,,,,,,,,,,,,,,,,,,,,,,,,,,,,,,,,,,,,,,,,,,,,,,,,,,,,,,,,,,,,,,,,,,,,,,,,,2026-07-14 13:03:02.206,1,MissingHistory,NoForecastRowsMaterialized"
"21991,66,66,10592,1,235,CONSUMIBLES DOMESTICOS,""2673"",""FAMILY CASH, S.L."",José Navalón _,,HistoricAverage,smooth_insuficient,smooth_insuficient_insuficient,insuficient,seasonal discrete,seasonal discrete,success,smooth_insuficient,COMPARABLE,1,1,1,0.0,1680.0,0.0,1680.0,1680.0,1680.0,1696.0,0.0,0.0,1909.0,0.0,0.0,1828.0,1827.0,1828.0,1872.0,0.0,0.0,1696.0,-1680.0,0.0,229.0,-1680.0,-1680.0,1828.0,147.0,1828.0,192.0,-1680.0,-1680.0,1696.0,1680.0,0.0,229.0,1680.0,1680.0,1828.0,147.0,1828.0,192.0,1680.0,1680.0,2876416.0,2822400.0,0.0,52441.0,2822400.0,2822400.0,3341584.0,21609.0,3341584.0,36864.0,2822400.0,2822400.0,0,1,0,1,1,1,,1680.0,,229.0,1680.0,1680.0,,147.0,,192.0,1680.0,1680.0,,1680.0,,229.0,1680.0,1680.0,,147.0,,192.0,1680.0,1680.0,,1.0,,0.1363095238095238,1.0,1.0,,0.0875,,0.11428571428571428,1.0,1.0,,-1.0,,0.1363095238095238,-1.0,-1.0,,0.0875,,0.11428571428571428,-1.0,-1.0,,ML,,ML,TIE,TIE,,HistoricAverage,,HistoricAverage,,,,SCP,,SCP,,,,seasonal discrete,,seasonal discrete,,,,91.25,,16.15720524017467,0.0,0.0,5040.0,1909.0,1872.0,-3131.0,-3168.0,3589.0,3552.0,5697241.0,5681664.0,3,1196.3333333333333,1184.0,1378.0712366686032,1376.1860339358193,0.7121031746031746,0.7047619047619048,-0.6212301587301587,-0.6285714285714286,ML,HistoricAverage,SCP,seasonal discrete,1.0309278350515427,1680.0,1696.0,5483.0,16.0,3803.0,3376.0,3803.0,5698816.0,6704777.0,1,3376.0,3803.0,2387.2193028710203,2589.358414742926,2.0095238095238095,2.2636904761904764,0.009523809523809525,2.2636904761904764,SCP,seasonal discrete,ML,HistoricAverage,11.227977912174607,6720.0,3605.0,7355.0,-3115.0,635.0,6965.0,7355.0,11396057,12386441,4,1741.25,1838.75,1687.9023224108676,1759.7187985584515,1.0364583333333333,1.0944940476190477,-0.4635416666666667,0.09449404761904762,SCP,seasonal discrete,ML,HistoricAverage,5.30251529571721,2026-07-14 13:03:02.206,0,,"
"21992,66,66,10592,1,285,CONSUMIBLES DOMESTICOS,""2690"",CASALMA S.L,Enrique Malonda Escriva,,ADIDA,intermittent_insuficient,intermittent_insuficient_insuficient,insuficient,seasonal discrete,seasonal discrete,success,intermittent_insuficient,COMPARABLE,1,1,1,720.0,480.0,480.0,480.0,720.0,240.0,480.0,0.0,0.0,0.0,0.0,0.0,352.0,351.0,729.0,0.0,0.0,0.0,-240.0,-480.0,-480.0,-480.0,-720.0,-240.0,-368.0,-129.0,249.0,-480.0,-720.0,-240.0,240.0,480.0,480.0,480.0,720.0,240.0,368.0,129.0,249.0,480.0,720.0,240.0,57600.0,230400.0,230400.0,230400.0,518400.0,57600.0,135424.0,16641.0,62001.0,230400.0,518400.0,57600.0,1,1,1,1,1,1,240.0,480.0,480.0,480.0,720.0,240.0,368.0,129.0,249.0,480.0,720.0,240.0,240.0,480.0,480.0,480.0,720.0,240.0,368.0,129.0,249.0,480.0,720.0,240.0,0.3333333333333333,1.0,1.0,1.0,1.0,1.0,0.5111111111111111,0.26875,0.51875,1.0,1.0,1.0,-0.3333333333333333,-1.0,-1.0,-1.0,-1.0,-1.0,-0.5111111111111111,-0.26875,0.51875,-1.0,-1.0,-1.0,SCP,ML,ML,TIE,TIE,TIE,seasonal discrete,ADIDA,ADIDA,,,,ML,SCP,SCP,,,,ADIDA,seasonal discrete,seasonal discrete,,,,34.78260869565217,73.125,48.12499999999999,0.0,0.0,0.0,1440.0,0.0,0.0,-1440.0,-1440.0,1440.0,1440.0,806400.0,806400.0,3,480.0,480.0,518.4592558726288,518.4592558726288,1.0,1.0,-1.0,-1.0,TIE,,,,0.0,1680.0,480.0,1432.0,-1200.0,-248.0,1200.0,746.0,518400.0,214066.0,3,400.0,248.66666666666666,415.69219381653056,267.1241908426366,0.7142857142857143,0.444047619047619,-0.7142857142857143,-0.14761904761904762,ML,ADIDA,SCP,seasonal discrete,37.833333333333336,3120.0,480.0,1432.0,-2640.0,-1688.0,2640.0,2186.0,1324800.0,1020466.0,6,440.0,364.3333333333333,469.8936049788292,412.40473647457867,0.8461538461538461,0.7006410256410256,-0.8461538461538461,-0.541025641025641,ML,ADIDA,SCP,seasonal discrete,17.196969696969703,2026-07-14 13:03:02.206,0,,NoForecastRowsMaterialized"
"21993,66,66,10592,1,346,CONSUMIBLES DOMESTICOS,""2743"",""CENTROS COMERCIALES CARREFOUR, S.A."",Enrique Malonda Escriva,,SeasonalNaive,smooth_insuficient,smooth_insuficient_insuficient,insuficient,x11 seasonal,x11 seasonal,success,smooth_insuficient,COMPARABLE,1,1,1,7128.0,10296.0,7898.0,8712.0,12672.0,4752.0,10634.0,0.0,0.0,6212.0,0.0,0.0,9504.0,7920.0,4752.0,5951.0,0.0,0.0,3506.0,-10296.0,-7898.0,-2500.0,-12672.0,-4752.0,2376.0,-2376.0,-3146.0,-2761.0,-12672.0,-4752.0,3506.0,10296.0,7898.0,2500.0,12672.0,4752.0,2376.0,2376.0,3146.0,2761.0,12672.0,4752.0,12292036,106007616,62378404,6250000.0,160579584,22581504,5645376.0,5645376.0,9897316.0,7623121.0,160579584,22581504,1,1,1,1,1,1,3506.0,10296.0,7898.0,2500.0,12672.0,4752.0,2376.0,2376.0,3146.0,2761.0,12672.0,4752.0,3506.0,10296.0,7898.0,2500.0,12672.0,4752.0,2376.0,2376.0,3146.0,2761.0,12672.0,4752.0,0.49186307519640854,1.0,1.0,0.2869605142332415,1.0,1.0,0.3333333333333333,0.23076923076923078,0.3983286908077994,0.31691919191919193,1.0,1.0,0.49186307519640854,-1.0,-1.0,-0.2869605142332415,-1.0,-1.0,0.3333333333333333,-0.23076923076923078,-0.3983286908077994,-0.31691919191919193,-1.0,-1.0,ML,ML,ML,SCP,TIE,TIE,SeasonalNaive,SeasonalNaive,SeasonalNaive,x11 seasonal,,,SCP,SCP,SCP,ML,,,x11 seasonal,x11 seasonal,x11 seasonal,SeasonalNaive,,,32.23046206503138,76.92307692307692,60.16713091922006,9.453096704092733,0.0,0.0,26136.0,6212.0,5951.0,-19924.0,-20185.0,19924.0,20185.0,189411088,190784209,3,6641.333333333333,6728.333333333333,7945.881281099872,7974.630796051522,0.7623201714110805,0.7723063973063973,-0.7623201714110805,-0.7723063973063973,SCP,x11 seasonal,ML,SeasonalNaive,1.2930393856824272,25322.0,10634.0,22176.0,-14688.0,-3146.0,21700.0,7898.0,180678056,21188068,3,7233.333333333333,2632.6666666666665,7760.542420905041,2657.5720749084744,0.8569623252507701,0.31190269331016507,-0.5800489692757286,-0.12423979148566464,ML,SeasonalNaive,SCP,x11 seasonal,63.6036866359447,51458.0,16846.0,28127.0,-34612.0,-23331.0,41624.0,28083.0,370089144,211972277,6,6937.333333333333,4680.5,7853.758590636715,5943.796163508077,0.8088926891834117,0.5457460453185122,-0.6726262194410976,-0.45339888841385206,ML,SeasonalNaive,SCP,x11 seasonal,32.53171247357293,2026-07-14 13:03:02.206,0,,"
"21994,66,66,10592,1,392,CONSUMIBLES DOMESTICOS,""2758"",CORP. ALIMENTARIA GUISSONA,Enrique Malonda Escriva,,MovingAverage12M,smooth_insuficient,smooth_insuficient_insuficient,insuficient,x11 seasonal,x11 seasonal,success,smooth_insuficient,COMPARABLE,1,1,1,4320.0,2880.0,4320.0,2880.0,4320.0,2880.0,4150.0,0.0,0.0,3403.0,0.0,0.0,3448.0,3447.0,3448.0,3390.0,0.0,0.0,-170.0,-2880.0,-4320.0,523.0,-4320.0,-2880.0,-872.0,567.0,-872.0,510.0,-4320.0,-2880.0,170.0,2880.0,4320.0,523.0,4320.0,2880.0,872.0,567.0,872.0,510.0,4320.0,2880.0,28900.0,8294400.0,18662400,273529.0,18662400,8294400.0,760384.0,321489.0,760384.0,260100.0,18662400,8294400.0,1,1,1,1,1,1,170.0,2880.0,4320.0,523.0,4320.0,2880.0,872.0,567.0,872.0,510.0,4320.0,2880.0,170.0,2880.0,4320.0,523.0,4320.0,2880.0,872.0,567.0,872.0,510.0,4320.0,2880.0,0.03935185185185185,1.0,1.0,0.18159722222222222,1.0,1.0,0.20185185185185187,0.196875,0.20185185185185187,0.17708333333333334,1.0,1.0,-0.03935185185185185,-1.0,-1.0,0.18159722222222222,-1.0,-1.0,-0.20185185185185187,0.196875,-0.20185185185185187,0.17708333333333334,-1.0,-1.0,SCP,ML,ML,ML,TIE,TIE,x11 seasonal,MovingAverage12M,MovingAverage12M,MovingAverage12M,,,ML,SCP,SCP,SCP,,,MovingAverage12M,x11 seasonal,x11 seasonal,x11 seasonal,,,80.5045871559633,80.3125,79.81481481481481,2.485659655831731,0.0,0.0,10080.0,3403.0,3390.0,-6677.0,-6690.0,7723.0,7710.0,27230329,27216900,3,2574.3333333333335,2570.0,3012.768881499763,3012.0258963030183,0.766170634920635,0.7648809523809523,-0.6624007936507936,-0.6636904761904762,ML,MovingAverage12M,SCP,x11 seasonal,0.168328369804494,11520.0,4150.0,10343.0,-7370.0,-1177.0,7370.0,2311.0,26985700,1842257.0,3,2456.6666666666665,770.3333333333334,2999.205450337361,783.6361825915561,0.6397569444444444,0.20060763888888888,-0.6397569444444444,-0.10217013888888889,ML,MovingAverage12M,SCP,x11 seasonal,68.64314789687924,21600.0,7553.0,13733.0,-14047.0,-7867.0,15093.0,10021.0,54216029,29059157,6,2515.5,1670.1666666666667,3005.994815919238,2200.7255243063214,0.69875,0.4639351851851852,-0.6503240740740741,-0.36421296296296296,ML,MovingAverage12M,SCP,x11 seasonal,33.60498244219174,2026-07-14 13:03:02.206,0,,"
"21995,66,66,10592,1,459,CONSUMIBLES DOMESTICOS,""2785"",AHORRAMAS (GRUPO IFA),Enrique Malonda Escriva,,SeasonalNaive,smooth_insuficient,smooth_insuficient_insuficient,insuficient,x11 seasonal,x11 seasonal,success,smooth_insuficient,COMPARABLE,1,1,1,12000.0,12000.0,19200.0,16800.0,16800.0,19200.0,24736.0,0.0,0.0,15660.0,0.0,0.0,0.0,5279.0,14400.0,9600.0,0.0,0.0,12736.0,-12000.0,-19200.0,-1140.0,-16800.0,-19200.0,-12000.0,-6721.0,-4800.0,-7200.0,-16800.0,-19200.0,12736.0,12000.0,19200.0,1140.0,16800.0,19200.0,12000.0,6721.0,4800.0,7200.0,16800.0,19200.0,162205696,144000000,368640000,1299600.0,282240000,368640000,144000000,45171841,23040000,51840000,282240000,368640000,1,1,1,1,1,1,12736.0,12000.0,19200.0,1140.0,16800.0,19200.0,12000.0,6721.0,4800.0,7200.0,16800.0,19200.0,12736.0,12000.0,19200.0,1140.0,16800.0,19200.0,12000.0,6721.0,4800.0,7200.0,16800.0,19200.0,1.0613333333333332,1.0,1.0,0.06785714285714285,1.0,1.0,1.0,0.5600833333333334,0.25,0.42857142857142855,1.0,1.0,1.0613333333333332,-1.0,-1.0,-0.06785714285714285,-1.0,-1.0,-1.0,-0.5600833333333334,-0.25,-0.42857142857142855,-1.0,-1.0,ML,ML,ML,SCP,TIE,TIE,SeasonalNaive,SeasonalNaive,SeasonalNaive,x11 seasonal,,,SCP,SCP,SCP,ML,,,x11 seasonal,x11 seasonal,x11 seasonal,SeasonalNaive,,,5.7788944723618005,43.99166666666666,75.0,84.16666666666667,0.0,0.0,52800.0,15660.0,9600.0,-37140.0,-43200.0,37140.0,43200.0,652179600,702720000,3,12380.0,14400.0,14744.259900042456,15304.901175767192,0.7034090909090909,0.8181818181818182,-0.7034090909090909,-0.8181818181818182,SCP,x11 seasonal,ML,SeasonalNaive,14.027777777777786,43200.0,24736.0,19679.0,-18464.0,-23521.0,43936.0,23521.0,674845696,212211841,3,14645.333333333334,7840.333333333333,14998.285413117506,8410.545780942717,1.017037037037037,0.5444675925925926,-0.4274074074074074,-0.5444675925925926,ML,SeasonalNaive,SCP,x11 seasonal,46.46531318281136,96000.0,40396.0,29279.0,-55604.0,-66721.0,81076.0,66721.0,1327025296,914931841,6,13512.666666666666,11120.166666666666,14871.815042780308,12348.629080455314,0.8445416666666666,0.6950104166666666,-0.5792083333333333,-0.6950104166666666,ML,SeasonalNaive,SCP,x11 seasonal,17.705609551531897,2026-07-14 13:03:02.206,0,,"
"21996,66,66,10592,1,539,CONSUMIBLES DOMESTICOS,""2828"",ALIMERKA S.A.U.,Enrique Malonda Escriva,,MovingAverage12M,intermittent_insuficient,intermittent_insuficient_insuficient,insuficient,syntetos-boylan,syntetos-boylan,success,intermittent_insuficient,NOT_COMPARABLE_MISSING_SCP,1,0,1,0.0,2280.0,0.0,2280.0,0.0,0.0,,,,,,,1900.0,0.0,2165.0,0.0,0.0,0.0,,,,,,,,,,,,,,,,,,,,,,,,,,,,,,,,,,,,,,,,,,,,,,,,,,,,,,,,,,,,,,,,,,,,,,,,,,,,,,,,,,,,,,,,,,,,,,,,,,,,,,,,,,,,,,,,,,,,,,,,,,,,,,,,,,,,,,,,,,,,,,,,,,,,,,,,,,,,,,,,,,,,,,,,,,,,,,,,,,,,,,,,,,,,,,2026-07-14 13:03:02.206,0,,NoForecastRowsMaterialized"
"21997,66,66,10592,1,543,CONSUMIBLES DOMESTICOS,""2828"",CASALMA S.L,Enrique Malonda Escriva,,HistoricAverage,smooth_insuficient,smooth_insuficient_insuficient,insuficient,x11 seasonal,x11 seasonal,success,smooth_insuficient,COMPARABLE,1,1,1,912.0,912.0,912.0,912.0,912.0,0.0,217.0,0.0,0.0,912.0,0.0,0.0,806.0,807.0,807.0,1368.0,0.0,0.0,-695.0,-912.0,-912.0,0.0,-912.0,0.0,-106.0,-105.0,-105.0,456.0,-912.0,0.0,695.0,912.0,912.0,0.0,912.0,0.0,106.0,105.0,105.0,456.0,912.0,0.0,483025.0,831744.0,831744.0,0.0,831744.0,0.0,11236.0,11025.0,11025.0,207936.0,831744.0,0.0,1,1,1,1,1,0,695.0,912.0,912.0,0.0,912.0,,106.0,105.0,105.0,456.0,912.0,,695.0,912.0,912.0,0.0,912.0,,106.0,105.0,105.0,456.0,912.0,,0.7620614035087719,1.0,1.0,0.0,1.0,,0.1162280701754386,0.11513157894736842,0.11513157894736842,0.5,1.0,,-0.7620614035087719,-1.0,-1.0,0.0,-1.0,,-0.1162280701754386,-0.11513157894736842,-0.11513157894736842,0.5,-1.0,,ML,ML,ML,SCP,TIE,,HistoricAverage,HistoricAverage,HistoricAverage,x11 seasonal,,,SCP,SCP,SCP,ML,,,x11 seasonal,x11 seasonal,x11 seasonal,HistoricAverage,,,84.74820143884892,88.48684210526316,88.48684210526316,100.0,0.0,,1824.0,912.0,1368.0,-912.0,-456.0,912.0,1368.0,831744.0,1039680.0,2,456.0,684.0,644.8813844421313,720.9993065183905,0.5,0.75,-0.5,-0.25,SCP,x11 seasonal,ML,HistoricAverage,33.33333333333333,2736.0,217.0,2420.0,-2519.0,-316.0,2519.0,316.0,2146513.0,33286.0,3,839.6666666666666,105.33333333333333,845.8748922466805,105.3343881803722,0.9206871345029239,0.1154970760233918,-0.9206871345029239,-0.1154970760233918,ML,HistoricAverage,SCP,x11 seasonal,87.45533942040493,4560.0,1129.0,3788.0,-3431.0,-772.0,3431.0,1684.0,2978257.0,1072966.0,5,686.2,336.8,771.7845554298168,463.2420533587166,0.7524122807017544,0.36929824561403507,-0.7524122807017544,-0.1692982456140351,ML,HistoricAverage,SCP,x11 seasonal,50.91809967939377,2026-07-14 13:03:02.206,0,,"
"21998,66,66,10592,1,556,CONSUMIBLES DOMESTICOS,""2829"",LA ARDOSA S.L,Enrique Malonda Escriva,,TSB,intermittent_insuficient,intermittent_insuficient_insuficient,insuficient,syntetos-boylan,syntetos-boylan,success,intermittent_insuficient,COMPARABLE,1,1,1,1824.0,0.0,1824.0,0.0,1824.0,1824.0,1824.0,0.0,0.0,0.0,0.0,0.0,3444.0,0.0,1723.0,1741.0,0.0,0.0,0.0,0.0,-1824.0,0.0,-1824.0,-1824.0,1620.0,0.0,-101.0,1741.0,-1824.0,-1824.0,0.0,0.0,1824.0,0.0,1824.0,1824.0,1620.0,0.0,101.0,1741.0,1824.0,1824.0,0.0,0.0,3326976.0,0.0,3326976.0,3326976.0,2624400.0,0.0,10201.0,3031081.0,3326976.0,3326976.0,1,0,1,0,1,1,0.0,,1824.0,,1824.0,1824.0,1620.0,,101.0,,1824.0,1824.0,0.0,,1824.0,,1824.0,1824.0,1620.0,,101.0,,1824.0,1824.0,0.0,,1.0,,1.0,1.0,0.8881578947368421,,0.05537280701754386,,1.0,1.0,0.0,,-1.0,,-1.0,-1.0,0.8881578947368421,,-0.05537280701754386,,-1.0,-1.0,SCP,,ML,,TIE,TIE,syntetos-boylan,,TSB,,,,ML,,SCP,,,,TSB,,syntetos-boylan,,,,100.0,,94.46271929824562,,0.0,0.0,3648.0,0.0,1741.0,-3648.0,-1907.0,3648.0,5389.0,6653952.0,9685033.0,2,1824.0,2694.5,1824.0,2200.5718574952284,1.0,1.4772478070175439,-1.0,-0.5227521929824561,SCP,syntetos-boylan,ML,TSB,32.30655038040453,3648.0,1824.0,5167.0,-1824.0,1519.0,1824.0,1721.0,3326976.0,2634601.0,2,912.0,860.5,1289.7627688842626,1147.7371214698949,0.5,0.47176535087719296,-0.5,0.41639254385964913,ML,TSB,SCP,syntetos-boylan,5.646929824561409,7296.0,1824.0,6908.0,-5472.0,-388.0,5472.0,7110.0,9980928.0,12319634,4,1368.0,1777.5,1579.6303365028161,1754.966808802947,0.75,0.9745065789473685,-0.75,-0.05317982456140351,SCP,syntetos-boylan,ML,TSB,23.037974683544306,2026-07-14 13:03:02.206,0,,NoForecastRowsMaterialized"
"21999,66,66,10592,1,573,CONSUMIBLES DOMESTICOS,""2832"",ECOMORA S.A.U.  LA DESPENSA,Enrique Malonda Escriva,,MovingAverage12M,intermittent_insuficient,intermittent_insuficient_insuficient,insuficient,syntetos-boylan,syntetos-boylan,success,intermittent_insuficient,NOT_COMPARABLE_MISSING_SCP,1,0,1,1200.0,0.0,0.0,1200.0,0.0,0.0,,,,,,,0.0,0.0,0.0,0.0,0.0,0.0,,,,,,,,,,,,,,,,,,,,,,,,,,,,,,,,,,,,,,,,,,,,,,,,,,,,,,,,,,,,,,,,,,,,,,,,,,,,,,,,,,,,,,,,,,,,,,,,,,,,,,,,,,,,,,,,,,,,,,,,,,,,,,,,,,,,,,,,,,,,,,,,,,,,,,,,,,,,,,,,,,,,,,,,,,,,,,,,,,,,,,,,,,,,,,2026-07-14 13:03:02.206,0,,NoForecastRowsMaterialized"
"22000,66,66,10592,1,690,CONSUMIBLES DOMESTICOS,""3408"",FLORETTE MURCIA S.L.U.,José Mateos-Aparicio Martinez,,,,,,preserve current forecast,preserve current forecast,success,,NOT_COMPARABLE_MISSING_SCP_AND_ML,1,0,0,0.0,0.0,0.0,0.0,0.0,0.0,,,,,,,,,,,,,,,,,,,,,,,,,,,,,,,,,,,,,,,,,,,,,,,,,,,,,,,,,,,,,,,,,,,,,,,,,,,,,,,,,,,,,,,,,,,,,,,,,,,,,,,,,,,,,,,,,,,,,,,,,,,,,,,,,,,,,,,,,,,,,,,,,,,,,,,,,,,,,,,,,,,,,,,,,,,,,,,,,,,,,,,,,,,,,,,,,,,,,,,,,,2026-07-14 13:03:02.206,1,MissingHistory,NoForecastRowsMaterialized"
"22001,66,66,10592,1,692,CONSUMIBLES DOMESTICOS,""3408"",FRAGADIS,Enrique Malonda Escriva,,MovingAverage3M,smooth_recentRelease,smooth_recentRelease_recentRelease,recentRelease,x11 lineal,x11 lineal,success,smooth_recentRelease,COMPARABLE,1,1,1,4320.0,1680.0,1680.0,5040.0,1680.0,480.0,3134.0,0.0,0.0,3679.0,0.0,0.0,2400.0,2400.0,2400.0,2987.0,0.0,0.0,-1186.0,-1680.0,-1680.0,-1361.0,-1680.0,-480.0,-1920.0,720.0,720.0,-2053.0,-1680.0,-480.0,1186.0,1680.0,1680.0,1361.0,1680.0,480.0,1920.0,720.0,720.0,2053.0,1680.0,480.0,1406596.0,2822400.0,2822400.0,1852321.0,2822400.0,230400.0,3686400.0,518400.0,518400.0,4214809.0,2822400.0,230400.0,1,1,1,1,1,1,1186.0,1680.0,1680.0,1361.0,1680.0,480.0,1920.0,720.0,720.0,2053.0,1680.0,480.0,1186.0,1680.0,1680.0,1361.0,1680.0,480.0,1920.0,720.0,720.0,2053.0,1680.0,480.0,0.274537037037037,1.0,1.0,0.2700396825396825,1.0,1.0,0.4444444444444444,0.42857142857142855,0.42857142857142855,0.40734126984126984,1.0,1.0,-0.274537037037037,-1.0,-1.0,-0.2700396825396825,-1.0,-1.0,-0.4444444444444444,0.42857142857142855,0.42857142857142855,-0.40734126984126984,-1.0,-1.0,SCP,ML,ML,SCP,TIE,TIE,x11 lineal,MovingAverage3M,MovingAverage3M,x11 lineal,,,ML,SCP,SCP,ML,,,MovingAverage3M,x11 lineal,x11 lineal,MovingAverage3M,,,38.229166666666664,57.14285714285714,57.14285714285714,33.70677057963955,0.0,0.0,7200.0,3679.0,2987.0,-3521.0,-4213.0,3521.0,4213.0,4905121.0,7267609.0,3,1173.6666666666667,1404.3333333333333,1278.6869567385652,1556.4499135318597,0.4890277777777778,0.5851388888888889,-0.4890277777777778,-0.5851388888888889,SCP,x11 lineal,ML,MovingAverage3M,16.425350106812246,7680.0,3134.0,7200.0,-4546.0,-480.0,4546.0,3360.0,7051396.0,4723200.0,3,1515.3333333333333,1120.0,1533.1227391612629,1254.7509713086497,0.5919270833333333,0.4375,-0.5919270833333333,-0.0625,ML,MovingAverage3M,SCP,x11 lineal,26.088869335679714,14880.0,6813.0,10187.0,-8067.0,-4693.0,8067.0,7573.0,11956517,11990809,6,1344.5,1262.1666666666667,1411.6489766699558,1413.6718737623194,0.5421370967741935,0.5089381720430107,-0.5421370967741935,-0.31538978494623654,ML,MovingAverage3M,SCP,x11 lineal,6.1237138961199955,2026-07-14 13:03:02.206,0,,"
"22002,66,66,10592,1,725,CONSUMIBLES DOMESTICOS,""3414"",""CENTROS COMERCIALES CARREFOUR, S.A."",Enrique Malonda Escriva,,,,,,preserve current forecast,preserve current forecast,success,,NOT_COMPARABLE_MISSING_SCP_AND_ML,1,0,0,0.0,0.0,0.0,0.0,0.0,0.0,,,,,,,,,,,,,,,,,,,,,,,,,,,,,,,,,,,,,,,,,,,,,,,,,,,,,,,,,,,,,,,,,,,,,,,,,,,,,,,,,,,,,,,,,,,,,,,,,,,,,,,,,,,,,,,,,,,,,,,,,,,,,,,,,,,,,,,,,,,,,,,,,,,,,,,,,,,,,,,,,,,,,,,,,,,,,,,,,,,,,,,,,,,,,,,,,,,,,,,,,,2026-07-14 13:03:02.206,1,MissingHistory,NoForecastRowsMaterialized"
"22003,66,66,10592,1,60,CONSUMIBLES DOMESTICOS,""278"",AHORRAMAS (GRUPO IFA),Enrique Malonda Escriva,,SeasonalNaive,intermittent_insuficient,intermittent_insuficient_insuficient,insuficient,seasonal discrete,seasonal discrete,success,intermittent_insuficient,COMPARABLE,1,1,1,798.0,798.0,798.0,-126.0,798.0,399.0,798.0,0.0,0.0,0.0,0.0,0.0,798.0,0.0,0.0,798.0,0.0,0.0,0.0,-798.0,-798.0,126.0,-798.0,-399.0,0.0,-798.0,-798.0,924.0,-798.0,-399.0,0.0,798.0,798.0,126.0,798.0,399.0,0.0,798.0,798.0,924.0,798.0,399.0,0.0,636804.0,636804.0,15876.0,636804.0,159201.0,0.0,636804.0,636804.0,853776.0,636804.0,159201.0,1,1,1,0,1,1,0.0,798.0,798.0,,798.0,399.0,0.0,798.0,798.0,,798.0,399.0,0.0,798.0,798.0,,798.0,399.0,0.0,798.0,798.0,,798.0,399.0,0.0,1.0,1.0,,1.0,1.0,0.0,1.0,1.0,,1.0,1.0,0.0,-1.0,-1.0,,-1.0,-1.0,0.0,-1.0,-1.0,,-1.0,-1.0,TIE,TIE,TIE,,TIE,TIE,,,,,,,,,,,,,,,,,,,0.0,0.0,0.0,,0.0,0.0,1071.0,0.0,798.0,-1071.0,-273.0,1323.0,2121.0,811881.0,1649781.0,2,661.5,1060.5,637.1346011636788,908.2348264628482,1.2352941176470589,1.9803921568627452,-1.0,-0.2549019607843137,SCP,seasonal discrete,ML,SeasonalNaive,37.62376237623762,2394.0,798.0,798.0,-1596.0,-1596.0,1596.0,1596.0,1273608.0,1273608.0,3,532.0,532.0,651.5642715803253,651.5642715803253,0.6666666666666666,0.6666666666666666,-0.6666666666666666,-0.6666666666666666,TIE,,,,0.0,3465.0,798.0,1596.0,-2667.0,-1869.0,2919.0,3717.0,2085489.0,2923389.0,5,583.8,743.4,645.8310924692307,764.6422692998341,0.8424242424242424,1.0727272727272728,-0.7696969696969697,-0.5393939393939394,SCP,seasonal discrete,ML,SeasonalNaive,21.46892655367232,2026-07-14 13:03:02.206,0,,NoForecastRowsMaterialized"
"22004,66,66,10592,1,103,CONSUMIBLES DOMESTICOS,""285"",HNOS MARTIN,Enrique Malonda Escriva,,,,,,preserve current forecast,preserve current forecast,success,,NOT_COMPARABLE_MISSING_SCP_AND_ML,1,0,0,0.0,0.0,0.0,0.0,0.0,0.0,,,,,,,,,,,,,,,,,,,,,,,,,,,,,,,,,,,,,,,,,,,,,,,,,,,,,,,,,,,,,,,,,,,,,,,,,,,,,,,,,,,,,,,,,,,,,,,,,,,,,,,,,,,,,,,,,,,,,,,,,,,,,,,,,,,,,,,,,,,,,,,,,,,,,,,,,,,,,,,,,,,,,,,,,,,,,,,,,,,,,,,,,,,,,,,,,,,,,,,,,,2026-07-14 13:03:02.206,1,MissingHistory,NoForecastRowsMaterialized"
"22005,66,66,10592,1,135,CONSUMIBLES DOMESTICOS,""287"",""CENTROS COMERCIALES CARREFOUR, S.A."",Enrique Malonda Escriva,,SeasonalNaive,smooth_insuficient,smooth_insuficient_insuficient,insuficient,x11 seasonal,x11 seasonal,success,smooth_insuficient,COMPARABLE,1,1,1,540.0,520.0,940.0,600.0,300.0,1040.0,618.0,0.0,0.0,619.0,0.0,0.0,580.0,320.0,900.0,400.0,0.0,0.0,78.0,-520.0,-940.0,19.0,-300.0,-1040.0,40.0,-200.0,-40.0,-200.0,-300.0,-1040.0,78.0,520.0,940.0,19.0,300.0,1040.0,40.0,200.0,40.0,200.0,300.0,1040.0,6084.0,270400.0,883600.0,361.0,90000.0,1081600.0,1600.0,40000.0,1600.0,40000.0,90000.0,1081600.0,1,1,1,1,1,1,78.0,520.0,940.0,19.0,300.0,1040.0,40.0,200.0,40.0,200.0,300.0,1040.0,78.0,520.0,940.0,19.0,300.0,1040.0,40.0,200.0,40.0,200.0,300.0,1040.0,0.14444444444444443,1.0,1.0,0.03166666666666667,1.0,1.0,0.07407407407407407,0.38461538461538464,0.0425531914893617,0.3333333333333333,1.0,1.0,0.14444444444444443,-1.0,-1.0,0.03166666666666667,-1.0,-1.0,0.07407407407407407,-0.38461538461538464,-0.0425531914893617,-0.3333333333333333,-1.0,-1.0,ML,ML,ML,SCP,TIE,TIE,SeasonalNaive,SeasonalNaive,SeasonalNaive,x11 seasonal,,,SCP,SCP,SCP,ML,,,x11 seasonal,x11 seasonal,x11 seasonal,SeasonalNaive,,,48.717948717948715,61.53846153846154,95.74468085106383,90.49999999999999,0.0,0.0,1940.0,619.0,400.0,-1321.0,-1540.0,1359.0,1540.0,1171961.0,1211600.0,3,453.0,513.3333333333334,625.0229329125985,635.5050484981741,0.7005154639175257,0.7938144329896907,-0.6809278350515464,-0.7938144329896907,SCP,x11 seasonal,ML,SeasonalNaive,11.753246753246755,2000.0,618.0,1800.0,-1382.0,-200.0,1538.0,280.0,1160084.0,43200.0,3,512.6666666666666,93.33333333333333,621.8477841615797,120.0,0.769,0.14,-0.691,-0.1,ML,SeasonalNaive,SCP,x11 seasonal,81.79453836150844,3940.0,1237.0,2200.0,-2703.0,-1740.0,2897.0,1820.0,2332045.0,1254800.0,6,482.8333333333333,303.3333333333333,623.437379908092,457.3109809892316,0.7352791878172589,0.4619289340101523,-0.6860406091370559,-0.4416243654822335,ML,SeasonalNaive,SCP,x11 seasonal,37.176389368312044,2026-07-14 13:03:02.206,0,,"
"22006,66,66,10592,1,146,CONSUMIBLES DOMESTICOS,""288"",CONSUM S COOP V,José Luís Sabater _,,MovingAverage3M,smooth_insuficient,smooth_insuficient_insuficient,insuficient,seasonal discrete,seasonal discrete,success,smooth_insuficient,COMPARABLE,1,1,1,5400.0,8640.0,6108.0,5184.0,4428.0,6912.0,3876.0,0.0,0.0,1528.0,0.0,0.0,5508.0,5508.0,5508.0,5760.0,0.0,0.0,-1524.0,-8640.0,-6108.0,-3656.0,-4428.0,-6912.0,108.0,-3132.0,-600.0,576.0,-4428.0,-6912.0,1524.0,8640.0,6108.0,3656.0,4428.0,6912.0,108.0,3132.0,600.0,576.0,4428.0,6912.0,2322576.0,74649600,37307664,13366336,19607184,47775744,11664.0,9809424.0,360000.0,331776.0,19607184,47775744,1,1,1,1,1,1,1524.0,8640.0,6108.0,3656.0,4428.0,6912.0,108.0,3132.0,600.0,576.0,4428.0,6912.0,1524.0,8640.0,6108.0,3656.0,4428.0,6912.0,108.0,3132.0,600.0,576.0,4428.0,6912.0,0.2822222222222222,1.0,1.0,0.7052469135802469,1.0,1.0,0.02,0.3625,0.09823182711198428,0.1111111111111111,1.0,1.0,-0.2822222222222222,-1.0,-1.0,-0.7052469135802469,-1.0,-1.0,0.02,-0.3625,-0.09823182711198428,0.1111111111111111,-1.0,-1.0,ML,ML,ML,ML,TIE,TIE,MovingAverage3M,MovingAverage3M,MovingAverage3M,MovingAverage3M,,,SCP,SCP,SCP,SCP,,,seasonal discrete,seasonal discrete,seasonal discrete,seasonal discrete,,,92.91338582677164,63.74999999999999,90.17681728880157,84.24507658643327,0.0,0.0,16524.0,1528.0,5760.0,-14996.0,-10764.0,14996.0,11916.0,80749264,67714704,3,4998.666666666667,3972.0,5188.103828310815,4750.954430427638,0.9075284434761559,0.7211328976034859,-0.9075284434761559,-0.6514161220043573,ML,MovingAverage3M,SCP,seasonal discrete,20.538810349426512,20148.0,3876.0,16524.0,-16272.0,-3624.0,16272.0,3840.0,114279840,10181088,3,5424.0,1280.0,6171.975372601547,1842.198686352805,0.8076235854675402,0.19058963668850507,-0.8076235854675402,-0.17986896962477666,ML,MovingAverage3M,SCP,seasonal discrete,76.40117994100295,36672.0,5404.0,22284.0,-31268.0,-14388.0,31268.0,15756.0,195029104,77895792,6,5211.333333333333,2626.0,5701.30254123272,3603.141962232407,0.8526396160558464,0.42964659685863876,-0.8526396160558464,-0.3923429319371728,ML,MovingAverage3M,SCP,seasonal discrete,49.60982474094921,2026-07-14 13:03:02.206,0,,"
"22007,66,66,10592,1,153,CONSUMIBLES DOMESTICOS,""289"",""CENTROS COMERCIALES CARREFOUR, S.A."",Enrique Malonda Escriva,,AutoTheta,smooth_insuficient,smooth_insuficient_insuficient,insuficient,x11 seasonal,x11 seasonal,success,smooth_insuficient,COMPARABLE,1,1,1,1236.0,1032.0,1356.0,1104.0,612.0,1260.0,1189.0,0.0,0.0,1160.0,0.0,0.0,1175.0,1166.0,1157.0,720.0,0.0,0.0,-47.0,-1032.0,-1356.0,56.0,-612.0,-1260.0,-61.0,134.0,-199.0,-384.0,-612.0,-1260.0,47.0,1032.0,1356.0,56.0,612.0,1260.0,61.0,134.0,199.0,384.0,612.0,1260.0,2209.0,1065024.0,1838736.0,3136.0,374544.0,1587600.0,3721.0,17956.0,39601.0,147456.0,374544.0,1587600.0,1,1,1,1,1,1,47.0,1032.0,1356.0,56.0,612.0,1260.0,61.0,134.0,199.0,384.0,612.0,1260.0,47.0,1032.0,1356.0,56.0,612.0,1260.0,61.0,134.0,199.0,384.0,612.0,1260.0,0.03802588996763754,1.0,1.0,0.050724637681159424,1.0,1.0,0.049352750809061485,0.1298449612403101,0.1467551622418879,0.34782608695652173,1.0,1.0,-0.03802588996763754,-1.0,-1.0,0.050724637681159424,-1.0,-1.0,-0.049352750809061485,0.1298449612403101,-0.1467551622418879,-0.34782608695652173,-1.0,-1.0,SCP,ML,ML,SCP,TIE,TIE,x11 seasonal,AutoTheta,AutoTheta,x11 seasonal,,,ML,SCP,SCP,ML,,,AutoTheta,x11 seasonal,x11 seasonal,AutoTheta,,,22.950819672131143,87.01550387596899,85.32448377581122,85.41666666666666,0.0,0.0,2976.0,1160.0,720.0,-1816.0,-2256.0,1928.0,2256.0,1965280.0,2109600.0,3,642.6666666666666,752.0,809.3783622838786,838.5702117294652,0.6478494623655914,0.7580645161290323,-0.6102150537634409,-0.7580645161290323,SCP,x11 seasonal,ML,AutoTheta,14.539007092198583,3624.0,1189.0,3498.0,-2435.0,-126.0,2435.0,394.0,2905969.0,61278.0,3,811.6666666666666,131.33333333333334,984.203400387,142.91955779388627,0.6719094922737306,0.108719646799117,-0.6719094922737306,-0.0347682119205298,ML,AutoTheta,SCP,x11 seasonal,83.81930184804928,6600.0,2349.0,4218.0,-4251.0,-2382.0,4363.0,2650.0,4871249.0,2170878.0,6,727.1666666666666,441.6666666666667,901.0409720613893,601.5089359269735,0.661060606060606,0.4015151515151515,-0.644090909090909,-0.3609090909090909,ML,AutoTheta,SCP,x11 seasonal,39.26197570479028,2026-07-14 13:03:02.206,0,,"
"22008,66,66,10592,1,246,CONSUMIBLES DOMESTICOS,""2674"",BUBBLES BIDCO SPAIN SL (ACQUA & SAPONE)A,Enrique Malonda Escriva,,,,,,preserve current forecast,preserve current forecast,success,,NOT_COMPARABLE_ML_EXCLUDED,1,1,0,0.0,0.0,0.0,0.0,0.0,300.0,50.0,0.0,0.0,0.0,0.0,0.0,,,,,,,,,,,,,,,,,,,,,,,,,,,,,,,,,,,,,,,,,,,,,,,,,,,,,,,,,,,,,,,,,,,,,,,,,,,,,,,,,,,,,,,,,,,,,,,,,,,,,,,,,,,,,,,,,,,,,,,,,,,,,,,,,,,,,,,,,,,,,,,,,,,,,,,,,,,,,,,,,,,,,,,,,,,,,,,,,,,,,,,,,,,,,,,,,,,,2026-07-14 13:03:02.206,1,MissingHistory,NoForecastRowsMaterialized"
"22009,66,66,10592,1,287,CONSUMIBLES DOMESTICOS,""2690"",""CENTROS COMERCIALES CARREFOUR, S.A."",Enrique Malonda Escriva,,MovingAverage12M,smooth_insuficient,smooth_insuficient_insuficient,insuficient,x11 lineal,x11 lineal,success,smooth_insuficient,COMPARABLE,1,1,1,7104.0,6384.0,6000.0,5088.0,4368.0,5184.0,5739.0,0.0,0.0,5074.0,0.0,0.0,5774.0,5774.0,5774.0,5760.0,0.0,0.0,-1365.0,-6384.0,-6000.0,-14.0,-4368.0,-5184.0,-1330.0,-610.0,-226.0,672.0,-4368.0,-5184.0,1365.0,6384.0,6000.0,14.0,4368.0,5184.0,1330.0,610.0,226.0,672.0,4368.0,5184.0,1863225.0,40755456,36000000,196.0,19079424,26873856,1768900.0,372100.0,51076.0,451584.0,19079424,26873856,1,1,1,1,1,1,1365.0,6384.0,6000.0,14.0,4368.0,5184.0,1330.0,610.0,226.0,672.0,4368.0,5184.0,1365.0,6384.0,6000.0,14.0,4368.0,5184.0,1330.0,610.0,226.0,672.0,4368.0,5184.0,0.19214527027027026,1.0,1.0,0.002751572327044025,1.0,1.0,0.18721846846846846,0.09555137844611529,0.03766666666666667,0.1320754716981132,1.0,1.0,-0.19214527027027026,-1.0,-1.0,-0.002751572327044025,-1.0,-1.0,-0.18721846846846846,-0.09555137844611529,-0.03766666666666667,0.1320754716981132,-1.0,-1.0,ML,ML,ML,SCP,TIE,TIE,MovingAverage12M,MovingAverage12M,MovingAverage12M,x11 lineal,,,SCP,SCP,SCP,ML,,,x11 lineal,x11 lineal,x11 lineal,MovingAverage12M,,,2.5641025641025634,90.44486215538848,96.23333333333333,97.91666666666666,0.0,0.0,14640.0,5074.0,5760.0,-9566.0,-8880.0,9566.0,10224.0,45953476,46404864,3,3188.6666666666665,3408.0,3913.7993476075562,3932.9744469040224,0.6534153005464481,0.6983606557377049,-0.6534153005464481,-0.6065573770491803,SCP,x11 lineal,ML,MovingAverage12M,6.43583724569639,19488.0,5739.0,17322.0,-13749.0,-2166.0,13749.0,2166.0,78618681,2192076.0,3,4583.0,722.0,5119.2017932486315,854.8052409759781,0.7055110837438424,0.11114532019704433,-0.7055110837438424,-0.11114532019704433,ML,MovingAverage12M,SCP,x11 lineal,84.2461269910539,34128.0,10813.0,23082.0,-23315.0,-11046.0,23315.0,12390.0,124572157,48596940,6,3885.8333333333335,2065.0,4556.536641646446,2845.960294874122,0.6831633849038913,0.3630450070323488,-0.6831633849038913,-0.32366385372714485,ML,MovingAverage12M,SCP,x11 lineal,46.85824576452927,2026-07-14 13:03:02.206,0,,"
"22010,66,66,10592,1,312,CONSUMIBLES DOMESTICOS,""2704"",""FAMILY CASH, S.L."",José Navalón _,,AutoTheta,smooth_insuficient,smooth_insuficient_insuficient,insuficient,x11 seasonal,x11 seasonal,success,smooth_insuficient,COMPARABLE,1,1,1,3360.0,6720.0,6720.0,6720.0,5040.0,6720.0,7383.0,0.0,0.0,6004.0,0.0,0.0,6758.0,6685.0,6611.0,7565.0,0.0,0.0,4023.0,-6720.0,-6720.0,-716.0,-5040.0,-6720.0,3398.0,-35.0,-109.0,845.0,-5040.0,-6720.0,4023.0,6720.0,6720.0,716.0,5040.0,6720.0,3398.0,35.0,109.0,845.0,5040.0,6720.0,16184529,45158400,45158400,512656.0,25401600,45158400,11546404,1225.0,11881.0,714025.0,25401600,45158400,1,1,1,1,1,1,4023.0,6720.0,6720.0,716.0,5040.0,6720.0,3398.0,35.0,109.0,845.0,5040.0,6720.0,4023.0,6720.0,6720.0,716.0,5040.0,6720.0,3398.0,35.0,109.0,845.0,5040.0,6720.0,1.1973214285714286,1.0,1.0,0.10654761904761904,1.0,1.0,1.0113095238095238,0.005208333333333333,0.016220238095238097,0.12574404761904762,1.0,1.0,1.1973214285714286,-1.0,-1.0,-0.10654761904761904,-1.0,-1.0,1.0113095238095238,-0.005208333333333333,-0.016220238095238097,0.12574404761904762,-1.0,-1.0,ML,ML,ML,SCP,TIE,TIE,AutoTheta,AutoTheta,AutoTheta,x11 seasonal,,,SCP,SCP,SCP,ML,,,x11 seasonal,x11 seasonal,x11 seasonal,AutoTheta,,,15.535669898086013,99.47916666666666,98.37797619047619,15.266272189349115,0.0,0.0,18480.0,6004.0,7565.0,-12476.0,-10915.0,12476.0,12605.0,71072656,71274025,3,4158.666666666667,4201.666666666667,4867.32835684355,4874.218740817171,0.6751082251082251,0.6820887445887446,-0.6751082251082251,-0.5906385281385281,SCP,x11 seasonal,ML,AutoTheta,1.0234034113447037,16800.0,7383.0,20054.0,-9417.0,3254.0,17463.0,3542.0,106501329,11559510,3,5821.0,1180.6666666666667,5958.2248195246875,1962.949311622692,1.0394642857142857,0.21083333333333334,-0.5605357142857142,0.1936904761904762,ML,AutoTheta,SCP,x11 seasonal,79.71711618851286,35280.0,13387.0,27619.0,-21893.0,-7661.0,29939.0,16147.0,177573985,82833535,6,4989.833333333333,2691.1666666666665,5440.189717892811,3715.5873245917214,0.8486111111111111,0.4576814058956916,-0.6205498866213152,-0.2171485260770975,ML,AutoTheta,SCP,x11 seasonal,46.06700290590868,2026-07-14 13:03:02.206,0,,"
"22011,66,66,10592,1,326,CONSUMIBLES DOMESTICOS,""2708"",LA ARDOSA S.L,Enrique Malonda Escriva,,,,,,average,average,success,,NOT_COMPARABLE_ML_EXCLUDED,1,1,0,1680.0,0.0,0.0,1680.0,0.0,1680.0,880.0,0.0,0.0,280.0,0.0,0.0,,,,,,,,,,,,,,,,,,,,,,,,,,,,,,,,,,,,,,,,,,,,,,,,,,,,,,,,,,,,,,,,,,,,,,,,,,,,,,,,,,,,,,,,,,,,,,,,,,,,,,,,,,,,,,,,,,,,,,,,,,,,,,,,,,,,,,,,,,,,,,,,,,,,,,,,,,,,,,,,,,,,,,,,,,,,,,,,,,,,,,,,,,,,,,,,,,,,2026-07-14 13:03:02.206,1,ShortSeries,"
"22012,66,66,10592,1,50,BOLSA BASURA PROFESIONALES,""4561"",UVESA,José Mateos-Aparicio Martinez,,,,,,average,average,success,,NOT_COMPARABLE_MISSING_SCP_AND_ML,1,0,0,1728.0,792.0,0.0,1440.0,0.0,0.0,,,,,,,,,,,,,,,,,,,,,,,,,,,,,,,,,,,,,,,,,,,,,,,,,,,,,,,,,,,,,,,,,,,,,,,,,,,,,,,,,,,,,,,,,,,,,,,,,,,,,,,,,,,,,,,,,,,,,,,,,,,,,,,,,,,,,,,,,,,,,,,,,,,,,,,,,,,,,,,,,,,,,,,,,,,,,,,,,,,,,,,,,,,,,,,,,,,,,,,,,,2026-07-14 13:03:02.206,1,ShortSeries,NoForecastRowsMaterialized"
"22013,66,66,10592,1,183,CONSUMIBLES DOMESTICOS,""295"",""MARKANT ESPAÑA, S.A"",Enrique Malonda Escriva,,MovingAverage3M,smooth_insuficient,smooth_insuficient_insuficient,insuficient,seasonal discrete,seasonal discrete,success,smooth_insuficient,COMPARABLE,1,1,1,15120.0,0.0,14400.0,0.0,17280.0,0.0,7782.0,0.0,0.0,9180.0,0.0,0.0,5760.0,5760.0,5760.0,10676.0,0.0,0.0,-7338.0,0.0,-14400.0,9180.0,-17280.0,0.0,-9360.0,5760.0,-8640.0,10676.0,-17280.0,0.0,7338.0,0.0,14400.0,9180.0,17280.0,0.0,9360.0,5760.0,8640.0,10676.0,17280.0,0.0,53846244,0.0,207360000,84272400,298598400,0.0,87609600,33177600,74649600,113976976,298598400,0.0,1,0,1,0,1,0,7338.0,,14400.0,,17280.0,,9360.0,,8640.0,,17280.0,,7338.0,,14400.0,,17280.0,,9360.0,,8640.0,,17280.0,,0.4853174603174603,,1.0,,1.0,,0.6190476190476191,,0.6,,1.0,,-0.4853174603174603,,-1.0,,-1.0,,-0.6190476190476191,,-0.6,,-1.0,,SCP,,ML,,TIE,,seasonal discrete,,MovingAverage3M,,,,ML,,SCP,,,,MovingAverage3M,,seasonal discrete,,,,21.602564102564106,,40.0,,0.0,,17280.0,9180.0,10676.0,-8100.0,-6604.0,26460.0,27956.0,382870800,412575376,1,26460.0,27956.0,19567.084606552915,20311.951555672833,1.53125,1.6178240740740741,-0.46875,-0.3821759259259259,SCP,seasonal discrete,ML,MovingAverage3M,5.351266275575909,29520.0,7782.0,17280.0,-21738.0,-12240.0,21738.0,23760.0,261206244,195436800,2,10869.0,11880.0,11428.172294816,9885.261756777107,0.7363821138211382,0.8048780487804879,-0.7363821138211382,-0.4146341463414634,SCP,seasonal discrete,ML,MovingAverage3M,8.510101010101021,46800.0,16962.0,27956.0,-29838.0,-18844.0,48198.0,51716.0,644077044,608012176,3,16066.0,17238.666666666668,14652.383696859702,14236.246883688598,1.0298717948717948,1.105042735042735,-0.6375641025641026,-0.40264957264957263,SCP,seasonal discrete,ML,MovingAverage3M,6.802536932477377,2026-07-14 13:03:02.206,0,,"
"22014,66,66,10592,1,198,CONSUMIBLES DOMESTICOS,""307"",""IFA RETAIL, S.A."",Enrique Malonda Escriva,,AutoTheta,smooth_insuficient,smooth_insuficient_insuficient,insuficient,x11 lineal,x11 lineal,success,smooth_insuficient,COMPARABLE,1,1,1,4128.0,6480.0,6912.0,11328.0,5688.0,6912.0,8683.0,0.0,0.0,6582.0,0.0,0.0,8444.0,8287.0,8130.0,7741.0,0.0,0.0,4555.0,-6480.0,-6912.0,-4746.0,-5688.0,-6912.0,4316.0,1807.0,1218.0,-3587.0,-5688.0,-6912.0,4555.0,6480.0,6912.0,4746.0,5688.0,6912.0,4316.0,1807.0,1218.0,3587.0,5688.0,6912.0,20748025,41990400,47775744,22524516,32353344,47775744,18627856,3265249.0,1483524.0,12866569,32353344,47775744,1,1,1,1,1,1,4555.0,6480.0,6912.0,4746.0,5688.0,6912.0,4316.0,1807.0,1218.0,3587.0,5688.0,6912.0,4555.0,6480.0,6912.0,4746.0,5688.0,6912.0,4316.0,1807.0,1218.0,3587.0,5688.0,6912.0,1.1034399224806202,1.0,1.0,0.4189618644067797,1.0,1.0,1.0455426356589148,0.278858024691358,0.1762152777777778,0.316649011299435,1.0,1.0,1.1034399224806202,-1.0,-1.0,-0.4189618644067797,-1.0,-1.0,1.0455426356589148,0.278858024691358,0.1762152777777778,-0.316649011299435,-1.0,-1.0,ML,ML,ML,ML,TIE,TIE,AutoTheta,AutoTheta,AutoTheta,AutoTheta,,,SCP,SCP,SCP,SCP,,,x11 lineal,x11 lineal,x11 lineal,x11 lineal,,,5.2469813391877,72.1141975308642,82.37847222222221,24.420564686051417,0.0,0.0,23928.0,6582.0,7741.0,-17346.0,-16187.0,17346.0,16187.0,102653604,92995657,3,5782.0,5395.666666666667,5849.604089167061,5567.634357007771,0.7249247743229689,0.6764877967235039,-0.7249247743229689,-0.6764877967235039,ML,AutoTheta,SCP,x11 lineal,6.681655713132699,17520.0,8683.0,24861.0,-8837.0,7341.0,17947.0,7341.0,110514169,23376629,3,5982.333333333333,2447.0,6069.43624509998,2791.4529669451117,1.0243721461187214,0.4190068493150685,-0.5043949771689498,0.4190068493150685,ML,AutoTheta,SCP,x11 lineal,59.09622778180197,41448.0,15265.0,32602.0,-26183.0,-8846.0,35293.0,23528.0,213167773,116372286,6,5882.166666666667,3921.3333333333335,5960.53371491737,4404.018732930186,0.8515006755452615,0.5676510326191855,-0.6317071993823586,-0.21342404941131055,ML,AutoTheta,SCP,x11 lineal,33.335222282038934,2026-07-14 13:03:02.206,0,,"
"22015,66,66,10592,1,315,CONSUMIBLES DOMESTICOS,""2705"",""FAMILY CASH, S.L."",José Navalón _,,SeasonalNaive,smooth_insuficient,smooth_insuficient_insuficient,insuficient,x11 seasonal,x11 seasonal,success,smooth_insuficient,COMPARABLE,1,1,1,4224.0,5280.0,7392.0,9216.0,1920.0,6240.0,7065.0,0.0,0.0,7375.0,0.0,0.0,7200.0,6659.0,9120.0,8380.0,0.0,0.0,2841.0,-5280.0,-7392.0,-1841.0,-1920.0,-6240.0,2976.0,1379.0,1728.0,-836.0,-1920.0,-6240.0,2841.0,5280.0,7392.0,1841.0,1920.0,6240.0,2976.0,1379.0,1728.0,836.0,1920.0,6240.0,8071281.0,27878400,54641664,3389281.0,3686400.0,38937600,8856576.0,1901641.0,2985984.0,698896.0,3686400.0,38937600,1,1,1,1,1,1,2841.0,5280.0,7392.0,1841.0,1920.0,6240.0,2976.0,1379.0,1728.0,836.0,1920.0,6240.0,2841.0,5280.0,7392.0,1841.0,1920.0,6240.0,2976.0,1379.0,1728.0,836.0,1920.0,6240.0,0.6725852272727273,1.0,1.0,0.1997612847222222,1.0,1.0,0.7045454545454546,0.2611742424242424,0.23376623376623376,0.09071180555555555,1.0,1.0,0.6725852272727273,-1.0,-1.0,-0.1997612847222222,-1.0,-1.0,0.7045454545454546,0.2611742424242424,0.23376623376623376,-0.09071180555555555,-1.0,-1.0,SCP,ML,ML,ML,TIE,TIE,x11 seasonal,SeasonalNaive,SeasonalNaive,SeasonalNaive,,,ML,SCP,SCP,SCP,,,SeasonalNaive,x11 seasonal,x11 seasonal,x11 seasonal,,,4.536290322580648,73.88257575757575,76.62337662337663,54.589896795219985,0.0,0.0,17376.0,7375.0,8380.0,-10001.0,-8996.0,10001.0,8996.0,46013281,43322896,3,3333.6666666666665,2998.6666666666665,3916.345277594065,3800.1270154211074,0.5755639963167587,0.5177255985267035,-0.5755639963167587,-0.5177255985267035,ML,SeasonalNaive,SCP,x11 seasonal,10.04899510048994,16896.0,7065.0,22979.0,-9831.0,6083.0,15513.0,6083.0,90591345,13744201,3,5171.0,2027.6666666666667,5495.1901695937695,2140.4205972970203,0.9181463068181818,0.3600260416666667,-0.5818536931818182,0.3600260416666667,ML,SeasonalNaive,SCP,x11 seasonal,60.787726423000066,34272.0,14440.0,31359.0,-19832.0,-2913.0,25514.0,15079.0,136604626,57067097,6,4252.333333333333,2513.1666666666665,4771.523621094909,3084.0205630529335,0.7444561157796452,0.4399801587301587,-0.5786647992530346,-0.08499649859943978,ML,SeasonalNaive,SCP,x11 seasonal,40.89911421180529,2026-07-14 13:03:02.206,0,,"
"22016,66,66,10592,1,333,CONSUMIBLES DOMESTICOS,""2714"",""FAMILY CASH, S.L."",José Navalón _,,,,,,preserve current forecast,preserve current forecast,success,,NOT_COMPARABLE_MISSING_SCP_AND_ML,1,0,0,0.0,0.0,0.0,0.0,0.0,0.0,,,,,,,,,,,,,,,,,,,,,,,,,,,,,,,,,,,,,,,,,,,,,,,,,,,,,,,,,,,,,,,,,,,,,,,,,,,,,,,,,,,,,,,,,,,,,,,,,,,,,,,,,,,,,,,,,,,,,,,,,,,,,,,,,,,,,,,,,,,,,,,,,,,,,,,,,,,,,,,,,,,,,,,,,,,,,,,,,,,,,,,,,,,,,,,,,,,,,,,,,,2026-07-14 13:03:02.206,1,MissingHistory,NoForecastRowsMaterialized"
"22017,66,66,10592,1,350,CONSUMIBLES DOMESTICOS,""2743"",""FAMILY CASH, S.L."",José Navalón _,,,,,,average,average,success,,NOT_COMPARABLE_ML_EXCLUDED,1,1,0,0.0,792.0,0.0,792.0,0.0,792.0,370.0,0.0,0.0,189.0,0.0,0.0,,,,,,,,,,,,,,,,,,,,,,,,,,,,,,,,,,,,,,,,,,,,,,,,,,,,,,,,,,,,,,,,,,,,,,,,,,,,,,,,,,,,,,,,,,,,,,,,,,,,,,,,,,,,,,,,,,,,,,,,,,,,,,,,,,,,,,,,,,,,,,,,,,,,,,,,,,,,,,,,,,,,,,,,,,,,,,,,,,,,,,,,,,,,,,,,,,,,2026-07-14 13:03:02.206,1,ShortSeries,"
"22018,66,66,10592,1,382,CONSUMIBLES DOMESTICOS,""2756"",""DIA RETAIL ESPAÑA, S.A."",Enrique Malonda Escriva,,AutoTheta,smooth_insuficient,smooth_insuficient_insuficient,insuficient,x11 lineal,x11 lineal,success,smooth_insuficient,COMPARABLE,1,1,1,58800.0,48700.0,40320.0,90720.0,45360.0,75600.0,62515.0,0.0,0.0,46276.0,0.0,0.0,51089.0,51090.0,51090.0,51278.0,0.0,0.0,3715.0,-48700.0,-40320.0,-44444.0,-45360.0,-75600.0,-7711.0,2390.0,10770.0,-39442.0,-45360.0,-75600.0,3715.0,48700.0,40320.0,44444.0,45360.0,75600.0,7711.0,2390.0,10770.0,39442.0,45360.0,75600.0,13801225,2371690000,1625702400,1975269136,2057529600,5715360000,59459521,5712100.0,115992900,1555671364,2057529600,5715360000,1,1,1,1,1,1,3715.0,48700.0,40320.0,44444.0,45360.0,75600.0,7711.0,2390.0,10770.0,39442.0,45360.0,75600.0,3715.0,48700.0,40320.0,44444.0,45360.0,75600.0,7711.0,2390.0,10770.0,39442.0,45360.0,75600.0,0.06318027210884354,1.0,1.0,0.48990299823633154,1.0,1.0,0.13113945578231292,0.04907597535934292,0.26711309523809523,0.4347663139329806,1.0,1.0,0.06318027210884354,-1.0,-1.0,-0.48990299823633154,-1.0,-1.0,-0.13113945578231292,0.04907597535934292,0.26711309523809523,-0.4347663139329806,-1.0,-1.0,SCP,ML,ML,ML,TIE,TIE,x11 lineal,AutoTheta,AutoTheta,AutoTheta,,,ML,SCP,SCP,SCP,,,AutoTheta,x11 lineal,x11 lineal,x11 lineal,,,51.822072364155105,95.0924024640657,73.28869047619048,11.254612546125458,0.0,0.0,211680.0,46276.0,51278.0,-165404.0,-160402.0,165404.0,160402.0,9748158736,9328560964,3,55134.666666666664,53467.333333333336,57003.38801626911,55763.073098003966,0.7813869992441421,0.7577569916855631,-0.7813869992441421,-0.7577569916855631,ML,AutoTheta,SCP,x11 lineal,3.024110662378182,147820.0,62515.0,153269.0,-85305.0,5449.0,92735.0,20871.0,4011193625,181164521,3,30911.666666666668,6957.0,36565.893147394425,7770.9827992774935,0.6273508320930862,0.1411919902584224,-0.5770869976999052,0.036862400216479504,ML,AutoTheta,SCP,x11 lineal,77.49393432900199,359500.0,108791.0,204547.0,-250709.0,-154953.0,258139.0,181273.0,13759352361,9509725485,6,43023.166666666664,30212.166666666668,47887.63299120139,39811.4838645836,0.7180500695410292,0.5042364394993046,-0.6973824756606398,-0.4310236439499305,ML,AutoTheta,SCP,x11 lineal,29.776980618968846,2026-07-14 13:03:02.206,0,,"
"22019,66,66,10592,1,432,CONSUMIBLES DOMESTICOS,""2763"",""IFA RETAIL, S.A."",Enrique Malonda Escriva,,HistoricAverage,smooth_insuficient,smooth_insuficient_insuficient,insuficient,x11 lineal,x11 lineal,success,smooth_insuficient,COMPARABLE,1,1,1,1440.0,1440.0,2880.0,1440.0,2880.0,1332.0,1650.0,0.0,0.0,2303.0,0.0,0.0,1914.0,1914.0,1915.0,1922.0,0.0,0.0,210.0,-1440.0,-2880.0,863.0,-2880.0,-1332.0,474.0,474.0,-965.0,482.0,-2880.0,-1332.0,210.0,1440.0,2880.0,863.0,2880.0,1332.0,474.0,474.0,965.0,482.0,2880.0,1332.0,44100.0,2073600.0,8294400.0,744769.0,8294400.0,1774224.0,224676.0,224676.0,931225.0,232324.0,8294400.0,1774224.0,1,1,1,1,1,1,210.0,1440.0,2880.0,863.0,2880.0,1332.0,474.0,474.0,965.0,482.0,2880.0,1332.0,210.0,1440.0,2880.0,863.0,2880.0,1332.0,474.0,474.0,965.0,482.0,2880.0,1332.0,0.14583333333333334,1.0,1.0,0.5993055555555555,1.0,1.0,0.32916666666666666,0.32916666666666666,0.3350694444444444,0.3347222222222222,1.0,1.0,0.14583333333333334,-1.0,-1.0,0.5993055555555555,-1.0,-1.0,0.32916666666666666,0.32916666666666666,-0.3350694444444444,0.3347222222222222,-1.0,-1.0,SCP,ML,ML,ML,TIE,TIE,x11 lineal,HistoricAverage,HistoricAverage,HistoricAverage,,,ML,SCP,SCP,SCP,,,HistoricAverage,x11 lineal,x11 lineal,x11 lineal,,,55.69620253164557,67.08333333333334,66.49305555555556,44.148319814600235,0.0,0.0,5652.0,2303.0,1922.0,-3349.0,-3730.0,5075.0,4694.0,10813393,10300948,3,1691.6666666666667,1564.6666666666667,1898.5426867293065,1853.0108832204235,0.8979122434536447,0.8305024769992922,-0.5925336164189667,-0.6599433828733192,ML,HistoricAverage,SCP,x11 lineal,7.507389162561581,5760.0,1650.0,5743.0,-4110.0,-17.0,4530.0,1913.0,10412100,1380577.0,3,1510.0,637.6666666666666,1862.981481389442,678.3747735089604,0.7864583333333334,0.33211805555555557,-0.7135416666666666,-0.002951388888888889,ML,HistoricAverage,SCP,x11 lineal,57.77041942604857,11412.0,3953.0,7665.0,-7459.0,-3747.0,9605.0,6607.0,21225493,11681525,6,1600.8333333333333,1101.1666666666667,1880.8461305132503,1395.3210502724214,0.841657903960743,0.5789519803715387,-0.6536102348405187,-0.3283385909568875,ML,HistoricAverage,SCP,x11 lineal,31.212909942738154,2026-07-14 13:03:02.206,0,,"
"22020,66,66,10592,1,450,CONSUMIBLES DOMESTICOS,""2777"",UNIALCO S.L.( UVESCO),Enrique Malonda Escriva,,HistoricAverage,smooth_recentRelease,smooth_recentRelease_recentRelease,recentRelease,x11 lineal,x11 lineal,success,smooth_recentRelease,COMPARABLE,1,1,1,4608.0,3744.0,720.0,2880.0,5760.0,0.0,3360.0,3360.0,3360.0,3648.0,3648.0,3648.0,3024.0,3024.0,3024.0,3936.0,3936.0,3936.0,-1248.0,-384.0,2640.0,768.0,-2112.0,3648.0,-1584.0,-720.0,2304.0,1056.0,-1824.0,3936.0,1248.0,384.0,2640.0,768.0,2112.0,3648.0,1584.0,720.0,2304.0,1056.0,1824.0,3936.0,1557504.0,147456.0,6969600.0,589824.0,4460544.0,13307904,2509056.0,518400.0,5308416.0,1115136.0,3326976.0,15492096,1,1,1,1,1,0,1248.0,384.0,2640.0,768.0,2112.0,,1584.0,720.0,2304.0,1056.0,1824.0,,1248.0,384.0,2640.0,768.0,2112.0,,1584.0,720.0,2304.0,1056.0,1824.0,,0.2708333333333333,0.10256410256410256,3.6666666666666665,0.26666666666666666,0.36666666666666664,,0.34375,0.19230769230769232,3.2,0.36666666666666664,0.31666666666666665,,-0.2708333333333333,-0.10256410256410256,3.6666666666666665,0.26666666666666666,-0.36666666666666664,,-0.34375,-0.19230769230769232,3.2,0.36666666666666664,-0.31666666666666665,,SCP,SCP,ML,SCP,ML,,x11 lineal,x11 lineal,HistoricAverage,x11 lineal,HistoricAverage,,ML,ML,SCP,ML,SCP,,HistoricAverage,HistoricAverage,x11 lineal,HistoricAverage,x11 lineal,,21.212121212121218,46.66666666666667,12.727272727272718,27.27272727272727,13.636363636363635,,8640.0,10944.0,11808.0,2304.0,3168.0,6528.0,6816.0,18358272,19934208,2,3264.0,3408.0,3029.708896907424,3157.072061261827,0.7555555555555555,0.7888888888888889,0.26666666666666666,0.36666666666666664,SCP,x11 lineal,ML,HistoricAverage,4.225352112676055,9072.0,10080.0,9072.0,1008.0,0.0,4272.0,4608.0,8674560.0,8335872.0,3,1424.0,1536.0,1700.4470000561616,1666.9205140017925,0.4708994708994709,0.5079365079365079,0.1111111111111111,0.0,SCP,x11 lineal,ML,HistoricAverage,7.291666666666667,17712.0,21024.0,20880.0,3312.0,3168.0,10800.0,11424.0,27032832,28270080,5,2160.0,2284.8,2325.202442799336,2377.8174866881604,0.6097560975609756,0.6449864498644986,0.18699186991869918,0.17886178861788618,SCP,x11 lineal,ML,HistoricAverage,5.4621848739495755,2026-07-14 13:03:02.206,0,,"
"22021,66,66,10592,1,222,CONSUMIBLES DOMESTICOS,""2671"",FLORETTE MURCIA S.L.U.,José Mateos-Aparicio Martinez,,,,,,preserve current forecast,preserve current forecast,success,,NOT_COMPARABLE_MISSING_SCP_AND_ML,1,0,0,0.0,0.0,0.0,0.0,0.0,0.0,,,,,,,,,,,,,,,,,,,,,,,,,,,,,,,,,,,,,,,,,,,,,,,,,,,,,,,,,,,,,,,,,,,,,,,,,,,,,,,,,,,,,,,,,,,,,,,,,,,,,,,,,,,,,,,,,,,,,,,,,,,,,,,,,,,,,,,,,,,,,,,,,,,,,,,,,,,,,,,,,,,,,,,,,,,,,,,,,,,,,,,,,,,,,,,,,,,,,,,,,,2026-07-14 13:03:02.206,1,MissingHistory,NoForecastRowsMaterialized"
"22022,66,66,10592,1,322,CONSUMIBLES DOMESTICOS,""2708"",FRAGADIS,Enrique Malonda Escriva,,,,,,average,average,success,,NOT_COMPARABLE_ML_EXCLUDED,1,1,0,1680.0,1680.0,1680.0,3360.0,1680.0,1680.0,2427.0,0.0,0.0,2560.0,0.0,0.0,,,,,,,,,,,,,,,,,,,,,,,,,,,,,,,,,,,,,,,,,,,,,,,,,,,,,,,,,,,,,,,,,,,,,,,,,,,,,,,,,,,,,,,,,,,,,,,,,,,,,,,,,,,,,,,,,,,,,,,,,,,,,,,,,,,,,,,,,,,,,,,,,,,,,,,,,,,,,,,,,,,,,,,,,,,,,,,,,,,,,,,,,,,,,,,,,,,,2026-07-14 13:03:02.206,1,ShortSeries,"
"22023,66,66,10592,1,324,CONSUMIBLES DOMESTICOS,""2708"",JUAN FORNES - SUPERMERCADOS MAS Y MAS,Enrique Malonda Escriva,,,,,,preserve current forecast,preserve current forecast,success,,NOT_COMPARABLE_MISSING_SCP_AND_ML,1,0,0,0.0,0.0,0.0,0.0,0.0,0.0,,,,,,,,,,,,,,,,,,,,,,,,,,,,,,,,,,,,,,,,,,,,,,,,,,,,,,,,,,,,,,,,,,,,,,,,,,,,,,,,,,,,,,,,,,,,,,,,,,,,,,,,,,,,,,,,,,,,,,,,,,,,,,,,,,,,,,,,,,,,,,,,,,,,,,,,,,,,,,,,,,,,,,,,,,,,,,,,,,,,,,,,,,,,,,,,,,,,,,,,,,2026-07-14 13:03:02.206,1,MissingHistory,NoForecastRowsMaterialized"
"22024,66,66,10592,1,373,CONSUMIBLES DOMESTICOS,""2751"",""BON PREU, S.A.U."",Enrique Malonda Escriva,,MovingAverage3M,intermittent_insuficient,intermittent_insuficient_insuficient,insuficient,syntetos-boylan,syntetos-boylan,success,intermittent_insuficient,NOT_COMPARABLE_MISSING_SCP,1,0,1,0.0,2240.0,0.0,0.0,0.0,0.0,,,,,,,0.0,0.0,0.0,0.0,0.0,0.0,,,,,,,,,,,,,,,,,,,,,,,,,,,,,,,,,,,,,,,,,,,,,,,,,,,,,,,,,,,,,,,,,,,,,,,,,,,,,,,,,,,,,,,,,,,,,,,,,,,,,,,,,,,,,,,,,,,,,,,,,,,,,,,,,,,,,,,,,,,,,,,,,,,,,,,,,,,,,,,,,,,,,,,,,,,,,,,,,,,,,,,,,,,,,,2026-07-14 13:03:02.206,0,,NoForecastRowsMaterialized"
"22025,66,66,10592,1,425,CONSUMIBLES DOMESTICOS,""2762"",HIPER USERA S.L,Enrique Malonda Escriva,,,,,,preserve current forecast,preserve current forecast,success,,NOT_COMPARABLE_MISSING_SCP_AND_ML,1,0,0,0.0,0.0,0.0,0.0,0.0,0.0,,,,,,,,,,,,,,,,,,,,,,,,,,,,,,,,,,,,,,,,,,,,,,,,,,,,,,,,,,,,,,,,,,,,,,,,,,,,,,,,,,,,,,,,,,,,,,,,,,,,,,,,,,,,,,,,,,,,,,,,,,,,,,,,,,,,,,,,,,,,,,,,,,,,,,,,,,,,,,,,,,,,,,,,,,,,,,,,,,,,,,,,,,,,,,,,,,,,,,,,,,2026-07-14 13:03:02.206,1,MissingHistory,NoForecastRowsMaterialized"
"22026,66,66,10592,1,456,CONSUMIBLES DOMESTICOS,""2779"",""DIA RETAIL ESPAÑA, S.A."",Enrique Malonda Escriva,,,,,,average,average,success,,NOT_COMPARABLE_ML_EXCLUDED,1,1,0,7344.0,11016.0,7344.0,12852.0,7344.0,9180.0,9752.0,9751.0,9751.0,7956.0,7956.0,7956.0,,,,,,,,,,,,,,,,,,,,,,,,,,,,,,,,,,,,,,,,,,,,,,,,,,,,,,,,,,,,,,,,,,,,,,,,,,,,,,,,,,,,,,,,,,,,,,,,,,,,,,,,,,,,,,,,,,,,,,,,,,,,,,,,,,,,,,,,,,,,,,,,,,,,,,,,,,,,,,,,,,,,,,,,,,,,,,,,,,,,,,,,,,,,,,,,,,,,2026-07-14 13:03:02.206,1,ShortSeries,"
"22027,66,66,10592,1,474,CONSUMIBLES DOMESTICOS,""2790"",""CENTROS COMERCIALES CARREFOUR, S.A."",Enrique Malonda Escriva,,,,,,preserve current forecast,preserve current forecast,success,,NOT_COMPARABLE_MISSING_SCP_AND_ML,1,0,0,0.0,0.0,0.0,0.0,0.0,0.0,,,,,,,,,,,,,,,,,,,,,,,,,,,,,,,,,,,,,,,,,,,,,,,,,,,,,,,,,,,,,,,,,,,,,,,,,,,,,,,,,,,,,,,,,,,,,,,,,,,,,,,,,,,,,,,,,,,,,,,,,,,,,,,,,,,,,,,,,,,,,,,,,,,,,,,,,,,,,,,,,,,,,,,,,,,,,,,,,,,,,,,,,,,,,,,,,,,,,,,,,,2026-07-14 13:03:02.206,1,MissingHistory,NoForecastRowsMaterialized"
"22028,66,66,10592,1,608,CONSUMIBLES DOMESTICOS,""2864"",HERMANOS AYALA SOUSA S.L,Enrique Malonda Escriva,,HistoricAverage,smooth_insuficient,smooth_insuficient_insuficient,insuficient,seasonal discrete,seasonal discrete,success,smooth_insuficient,COMPARABLE,1,1,1,1824.0,1824.0,0.0,7296.0,1824.0,5472.0,5532.0,0.0,0.0,0.0,0.0,0.0,3990.0,3990.0,3990.0,3075.0,0.0,0.0,3708.0,-1824.0,0.0,-7296.0,-1824.0,-5472.0,2166.0,2166.0,3990.0,-4221.0,-1824.0,-5472.0,3708.0,1824.0,0.0,7296.0,1824.0,5472.0,2166.0,2166.0,3990.0,4221.0,1824.0,5472.0,13749264,3326976.0,0.0,53231616,3326976.0,29942784,4691556.0,4691556.0,15920100,17816841,3326976.0,29942784,1,1,0,1,1,1,3708.0,1824.0,,7296.0,1824.0,5472.0,2166.0,2166.0,,4221.0,1824.0,5472.0,3708.0,1824.0,,7296.0,1824.0,5472.0,2166.0,2166.0,,4221.0,1824.0,5472.0,2.0328947368421053,1.0,,1.0,1.0,1.0,1.1875,1.1875,,0.5785361842105263,1.0,1.0,2.0328947368421053,-1.0,,-1.0,-1.0,-1.0,1.1875,1.1875,,-0.5785361842105263,-1.0,-1.0,ML,SCP,,ML,TIE,TIE,HistoricAverage,seasonal discrete,,HistoricAverage,,,SCP,ML,,SCP,,,seasonal discrete,HistoricAverage,,seasonal discrete,,,41.58576051779935,15.789473684210526,,42.14638157894737,0.0,0.0,14592.0,0.0,3075.0,-14592.0,-11517.0,14592.0,11517.0,86501376,51086601,3,4864.0,3839.0,5369.710606727331,4126.604778749717,1.0,0.7892680921052632,-1.0,-0.7892680921052632,ML,HistoricAverage,SCP,seasonal discrete,21.073190789473685,3648.0,5532.0,11970.0,1884.0,8322.0,5532.0,8322.0,17076240,25303212,2,2766.0,4161.0,2922.0061601577777,3556.9096136955745,1.5164473684210527,2.28125,0.5164473684210527,2.28125,SCP,seasonal discrete,ML,HistoricAverage,33.525594808940156,18240.0,5532.0,15045.0,-12708.0,-3195.0,20124.0,19839.0,103577616,76389813,5,4024.8,3967.8,4551.430895883183,3908.7034423194605,1.1032894736842105,1.0876644736842105,-0.6967105263157894,-0.17516447368421054,ML,HistoricAverage,SCP,seasonal discrete,1.4162194394752534,2026-07-14 13:03:02.206,0,,NoForecastRowsMaterialized"
"22029,66,66,10592,1,723,CONSUMIBLES DOMESTICOS,""3414"",CASALMA S.L,Enrique Malonda Escriva,,TSB,intermittent_insuficient,intermittent_insuficient_insuficient,insuficient,seasonal discrete,seasonal discrete,success,intermittent_insuficient,COMPARABLE,1,1,1,750.0,300.0,300.0,600.0,300.0,300.0,450.0,0.0,0.0,0.0,0.0,0.0,337.0,337.0,644.0,0.0,0.0,0.0,-300.0,-300.0,-300.0,-600.0,-300.0,-300.0,-413.0,37.0,344.0,-600.0,-300.0,-300.0,300.0,300.0,300.0,600.0,300.0,300.0,413.0,37.0,344.0,600.0,300.0,300.0,90000.0,90000.0,90000.0,360000.0,90000.0,90000.0,170569.0,1369.0,118336.0,360000.0,90000.0,90000.0,1,1,1,1,1,1,300.0,300.0,300.0,600.0,300.0,300.0,413.0,37.0,344.0,600.0,300.0,300.0,300.0,300.0,300.0,600.0,300.0,300.0,413.0,37.0,344.0,600.0,300.0,300.0,0.4,1.0,1.0,1.0,1.0,1.0,0.5506666666666666,0.12333333333333334,1.1466666666666667,1.0,1.0,1.0,-0.4,-1.0,-1.0,-1.0,-1.0,-1.0,-0.5506666666666666,0.12333333333333334,1.1466666666666667,-1.0,-1.0,-1.0,SCP,ML,SCP,TIE,TIE,TIE,seasonal discrete,TSB,seasonal discrete,,,,ML,SCP,ML,,,,TSB,seasonal discrete,TSB,,,,27.36077481840193,87.66666666666667,12.790697674418608,0.0,0.0,0.0,1200.0,0.0,0.0,-1200.0,-1200.0,1200.0,1200.0,540000.0,540000.0,3,400.0,400.0,424.26406871192853,424.26406871192853,1.0,1.0,-1.0,-1.0,TIE,,,,0.0,1350.0,450.0,1318.0,-900.0,-32.0,900.0,794.0,270000.0,290274.0,3,300.0,264.6666666666667,300.0,311.05947984268215,0.6666666666666666,0.5881481481481482,-0.6666666666666666,-0.023703703703703703,ML,TSB,SCP,seasonal discrete,11.777777777777764,2550.0,450.0,1318.0,-2100.0,-1232.0,2100.0,1994.0,810000.0,830274.0,6,350.0,332.3333333333333,367.4234614174767,371.99327950918683,0.8235294117647058,0.7819607843137255,-0.8235294117647058,-0.4831372549019608,ML,TSB,SCP,seasonal discrete,5.04761904761904,2026-07-14 13:03:02.206,0,,NoForecastRowsMaterialized"
"22030,66,66,10592,1,118,CONSUMIBLES DOMESTICOS,""286"",CONSUM S COOP V,José Luís Sabater _,,SeasonalNaive,smooth_insuficient,smooth_insuficient_insuficient,insuficient,x11 seasonal,x11 seasonal,success,smooth_insuficient,COMPARABLE,1,1,1,7920.0,3600.0,6000.0,3840.0,6720.0,0.0,2272.0,0.0,0.0,5165.0,0.0,0.0,2880.0,3840.0,6000.0,4687.0,0.0,0.0,-5648.0,-3600.0,-6000.0,1325.0,-6720.0,0.0,-5040.0,240.0,0.0,847.0,-6720.0,0.0,5648.0,3600.0,6000.0,1325.0,6720.0,0.0,5040.0,240.0,0.0,847.0,6720.0,0.0,31899904,12960000,36000000,1755625.0,45158400,0.0,25401600,57600.0,0.0,717409.0,45158400,0.0,1,1,1,1,1,0,5648.0,3600.0,6000.0,1325.0,6720.0,,5040.0,240.0,0.0,847.0,6720.0,,5648.0,3600.0,6000.0,1325.0,6720.0,,5040.0,240.0,0.0,847.0,6720.0,,0.7131313131313132,1.0,1.0,0.3450520833333333,1.0,,0.6363636363636364,0.06666666666666667,0.0,0.22057291666666667,1.0,,-0.7131313131313132,-1.0,-1.0,0.3450520833333333,-1.0,,-0.6363636363636364,0.06666666666666667,0.0,0.22057291666666667,-1.0,,ML,ML,ML,ML,TIE,,SeasonalNaive,SeasonalNaive,SeasonalNaive,SeasonalNaive,,,SCP,SCP,SCP,SCP,,,x11 seasonal,x11 seasonal,x11 seasonal,x11 seasonal,,,10.764872521246465,93.33333333333333,100.0,36.075471698113205,0.0,,10560.0,5165.0,4687.0,-5395.0,-5873.0,8045.0,7567.0,46914025,45875809,2,4022.5,3783.5,4843.244005829151,4789.353244437081,0.7618371212121212,0.7165719696969697,-0.5108901515151515,-0.556155303030303,ML,SeasonalNaive,SCP,x11 seasonal,5.941578620261034,17520.0,2272.0,12720.0,-15248.0,-4800.0,15248.0,5280.0,80859904,25459200,3,5082.666666666667,1760.0,5191.65689672703,2913.1426329653,0.8703196347031964,0.3013698630136986,-0.8703196347031964,-0.273972602739726,ML,SeasonalNaive,SCP,x11 seasonal,65.37250786988457,28080.0,7437.0,17407.0,-20643.0,-10673.0,23293.0,12847.0,127773929,71335009,5,4658.6,2569.4,5055.174161193658,3777.168489755256,0.829522792022792,0.45751424501424504,-0.7351495726495727,-0.3800925925925926,ML,SeasonalNaive,SCP,x11 seasonal,44.84609110033057,2026-07-14 13:03:02.206,0,,"
"22031,66,66,10592,1,213,CONSUMIBLES DOMESTICOS,""313"",UNIALCO S.L.( UVESCO),Enrique Malonda Escriva,,HistoricAverage,smooth_recentRelease,smooth_recentRelease_recentRelease,recentRelease,x11 lineal,x11 lineal,success,smooth_recentRelease,COMPARABLE,1,1,1,1056.0,384.0,1152.0,672.0,1056.0,1440.0,0.0,0.0,47.0,874.0,875.0,875.0,0.0,0.0,917.0,852.0,852.0,852.0,-1056.0,-384.0,-1105.0,202.0,-181.0,-565.0,-1056.0,-384.0,-235.0,180.0,-204.0,-588.0,1056.0,384.0,1105.0,202.0,181.0,565.0,1056.0,384.0,235.0,180.0,204.0,588.0,1115136.0,147456.0,1221025.0,40804.0,32761.0,319225.0,1115136.0,147456.0,55225.0,32400.0,41616.0,345744.0,1,1,1,1,1,1,1056.0,384.0,1105.0,202.0,181.0,565.0,1056.0,384.0,235.0,180.0,204.0,588.0,1056.0,384.0,1105.0,202.0,181.0,565.0,1056.0,384.0,235.0,180.0,204.0,588.0,1.0,1.0,0.9592013888888888,0.3005952380952381,0.17140151515151514,0.3923611111111111,1.0,1.0,0.20399305555555555,0.26785714285714285,0.19318181818181818,0.4083333333333333,-1.0,-1.0,-0.9592013888888888,0.3005952380952381,-0.17140151515151514,-0.3923611111111111,-1.0,-1.0,-0.20399305555555555,0.26785714285714285,-0.19318181818181818,-0.4083333333333333,TIE,TIE,ML,ML,SCP,SCP,,,HistoricAverage,HistoricAverage,x11 lineal,x11 lineal,,,SCP,SCP,ML,ML,,,x11 lineal,x11 lineal,HistoricAverage,HistoricAverage,0.0,0.0,78.73303167420815,10.89108910891089,11.274509803921573,3.91156462585034,3168.0,2624.0,2556.0,-544.0,-612.0,948.0,972.0,392790.0,419760.0,3,316.0,324.0,361.8425071768103,374.0588189041932,0.29924242424242425,0.3068181818181818,-0.1717171717171717,-0.19318181818181818,SCP,x11 lineal,ML,HistoricAverage,2.4691358024691334,2592.0,47.0,917.0,-2545.0,-1675.0,2545.0,1675.0,2483617.0,1317817.0,3,848.3333333333334,558.3333333333334,909.8748998259779,662.7762317202793,0.9818672839506173,0.6462191358024691,-0.9818672839506173,-0.6462191358024691,ML,HistoricAverage,SCP,x11 lineal,34.18467583497053,5760.0,2671.0,3473.0,-3089.0,-2287.0,3493.0,2647.0,2876407.0,1737577.0,6,582.1666666666666,441.1666666666667,692.388017419905,538.1414002533783,0.6064236111111111,0.4595486111111111,-0.5362847222222222,-0.3970486111111111,ML,HistoricAverage,SCP,x11 lineal,24.219868308044656,2026-07-14 13:03:02.206,0,,"
"22032,66,66,10592,1,218,CONSUMIBLES DOMESTICOS,""2671"",""CENTROS COMERCIALES CARREFOUR, S.A."",Enrique Malonda Escriva,,SeasonalNaive,smooth_insuficient,smooth_insuficient_insuficient,insuficient,x11 seasonal,x11 seasonal,success,smooth_insuficient,COMPARABLE,1,1,1,5376.0,5064.0,4488.0,4488.0,3912.0,4824.0,4769.0,0.0,0.0,4688.0,0.0,0.0,4344.0,4560.0,5112.0,4032.0,0.0,0.0,-607.0,-5064.0,-4488.0,200.0,-3912.0,-4824.0,-1032.0,-504.0,624.0,-456.0,-3912.0,-4824.0,607.0,5064.0,4488.0,200.0,3912.0,4824.0,1032.0,504.0,624.0,456.0,3912.0,4824.0,368449.0,25644096,20142144,40000.0,15303744,23270976,1065024.0,254016.0,389376.0,207936.0,15303744,23270976,1,1,1,1,1,1,607.0,5064.0,4488.0,200.0,3912.0,4824.0,1032.0,504.0,624.0,456.0,3912.0,4824.0,607.0,5064.0,4488.0,200.0,3912.0,4824.0,1032.0,504.0,624.0,456.0,3912.0,4824.0,0.11290922619047619,1.0,1.0,0.044563279857397504,1.0,1.0,0.19196428571428573,0.0995260663507109,0.13903743315508021,0.10160427807486631,1.0,1.0,-0.11290922619047619,-1.0,-1.0,0.044563279857397504,-1.0,-1.0,-0.19196428571428573,-0.0995260663507109,0.13903743315508021,-0.10160427807486631,-1.0,-1.0,SCP,ML,ML,SCP,TIE,TIE,x11 seasonal,SeasonalNaive,SeasonalNaive,x11 seasonal,,,ML,SCP,SCP,ML,,,SeasonalNaive,x11 seasonal,x11 seasonal,SeasonalNaive,,,41.18217054263566,90.04739336492891,86.09625668449198,56.14035087719298,0.0,0.0,13224.0,4688.0,4032.0,-8536.0,-9192.0,8936.0,9192.0,38614720,38782656,3,2978.6666666666665,3064.0,3587.697497467329,3595.4905089570184,0.6757410768300061,0.6950998185117967,-0.6454930429522081,-0.6950998185117967,SCP,x11 seasonal,ML,SeasonalNaive,2.7850304612706633,14928.0,4769.0,14016.0,-10159.0,-912.0,10159.0,2160.0,46154689,1708416.0,3,3386.3333333333335,720.0,3922.3585166750545,754.6336859695571,0.6805332261521972,0.14469453376205788,-0.6805332261521972,-0.06109324758842444,ML,SeasonalNaive,SCP,x11 seasonal,78.73806477015455,28152.0,9457.0,18048.0,-18695.0,-10104.0,19095.0,11352.0,84769409,40491072,6,3182.5,1892.0,3758.7544257816758,2597.789829836124,0.6782821824381927,0.4032395566922421,-0.6640736004546747,-0.3589087809036658,ML,SeasonalNaive,SCP,x11 seasonal,40.54988216810684,2026-07-14 13:03:02.206,0,,"
"22033,66,66,10592,1,220,CONSUMIBLES DOMESTICOS,""2671"",FLORETTE HORTICOLA NAVARRA S.L.U.,José Mateos-Aparicio Martinez,,,,,,preserve current forecast,preserve current forecast,success,,NOT_COMPARABLE_MISSING_SCP_AND_ML,1,0,0,0.0,0.0,0.0,0.0,0.0,0.0,,,,,,,,,,,,,,,,,,,,,,,,,,,,,,,,,,,,,,,,,,,,,,,,,,,,,,,,,,,,,,,,,,,,,,,,,,,,,,,,,,,,,,,,,,,,,,,,,,,,,,,,,,,,,,,,,,,,,,,,,,,,,,,,,,,,,,,,,,,,,,,,,,,,,,,,,,,,,,,,,,,,,,,,,,,,,,,,,,,,,,,,,,,,,,,,,,,,,,,,,,2026-07-14 13:03:02.206,1,MissingHistory,NoForecastRowsMaterialized"
"22034,66,66,10592,1,261,CONSUMIBLES DOMESTICOS,""2679"",FRAGADIS,Enrique Malonda Escriva,,AutoTheta,smooth_insuficient,smooth_insuficient_insuficient,insuficient,x11 lineal,x11 lineal,success,smooth_insuficient,COMPARABLE,1,1,1,4200.0,1680.0,5880.0,5040.0,7560.0,1680.0,5578.0,0.0,0.0,5371.0,0.0,0.0,5179.0,5115.0,5048.0,4708.0,0.0,0.0,1378.0,-1680.0,-5880.0,331.0,-7560.0,-1680.0,979.0,3435.0,-832.0,-332.0,-7560.0,-1680.0,1378.0,1680.0,5880.0,331.0,7560.0,1680.0,979.0,3435.0,832.0,332.0,7560.0,1680.0,1898884.0,2822400.0,34574400,109561.0,57153600,2822400.0,958441.0,11799225,692224.0,110224.0,57153600,2822400.0,1,1,1,1,1,1,1378.0,1680.0,5880.0,331.0,7560.0,1680.0,979.0,3435.0,832.0,332.0,7560.0,1680.0,1378.0,1680.0,5880.0,331.0,7560.0,1680.0,979.0,3435.0,832.0,332.0,7560.0,1680.0,0.3280952380952381,1.0,1.0,0.06567460317460318,1.0,1.0,0.2330952380952381,2.044642857142857,0.1414965986394558,0.06587301587301587,1.0,1.0,0.3280952380952381,-1.0,-1.0,0.06567460317460318,-1.0,-1.0,0.2330952380952381,2.044642857142857,-0.1414965986394558,-0.06587301587301587,-1.0,-1.0,ML,SCP,ML,SCP,TIE,TIE,AutoTheta,x11 lineal,AutoTheta,x11 lineal,,,SCP,ML,SCP,ML,,,x11 lineal,AutoTheta,x11 lineal,AutoTheta,,,28.95500725689405,51.09170305676856,85.85034013605441,0.30120481927710735,0.0,0.0,14280.0,5371.0,4708.0,-8909.0,-9572.0,9571.0,9572.0,60085561,60086224,3,3190.3333333333335,3190.6666666666665,4475.323489238887,4475.348180123345,0.6702380952380952,0.6703081232492997,-0.6238795518207283,-0.6703081232492997,SCP,x11 lineal,ML,AutoTheta,0.010447137484329258,11760.0,5578.0,15342.0,-6182.0,3582.0,8938.0,5246.0,39295684,13449890,3,2979.3333333333335,1748.6666666666667,3619.1934644798052,2117.3796699379795,0.7600340136054422,0.44608843537414966,-0.5256802721088435,0.30459183673469387,ML,AutoTheta,SCP,x11 lineal,41.30678004027747,26040.0,10949.0,20050.0,-15091.0,-5990.0,18509.0,14818.0,99381245,73536114,6,3084.8333333333335,2469.6666666666665,4069.833022782794,3500.859751546754,0.7107910906298003,0.569047619047619,-0.579531490015361,-0.23003072196620583,ML,AutoTheta,SCP,x11 lineal,19.941650008104165,2026-07-14 13:03:02.206,0,,"
"22035,66,66,10592,1,293,CONSUMIBLES DOMESTICOS,""2690"",LA ARDOSA S.L,Enrique Malonda Escriva,,MovingAverage3M,intermittent_insuficient,intermittent_insuficient_insuficient,insuficient,syntetos-boylan,syntetos-boylan,success,intermittent_insuficient,NOT_COMPARABLE_MISSING_SCP,1,0,1,1440.0,1056.0,0.0,0.0,2880.0,1440.0,,,,,,,1440.0,2880.0,0.0,0.0,0.0,0.0,,,,,,,,,,,,,,,,,,,,,,,,,,,,,,,,,,,,,,,,,,,,,,,,,,,,,,,,,,,,,,,,,,,,,,,,,,,,,,,,,,,,,,,,,,,,,,,,,,,,,,,,,,,,,,,,,,,,,,,,,,,,,,,,,,,,,,,,,,,,,,,,,,,,,,,,,,,,,,,,,,,,,,,,,,,,,,,,,,,,,,,,,,,,,,2026-07-14 13:03:02.206,0,,NoForecastRowsMaterialized"
"22036,66,66,10592,1,411,CONSUMIBLES DOMESTICOS,""2759"",""IFA RETAIL, S.A."",Enrique Malonda Escriva,,AutoTheta,smooth_insuficient,smooth_insuficient_insuficient,insuficient,x11 lineal,x11 lineal,success,smooth_insuficient,COMPARABLE,1,1,1,12888.0,19152.0,14688.0,28116.0,17424.0,21672.0,19850.0,0.0,0.0,23354.0,0.0,0.0,22440.0,22441.0,22440.0,21552.0,0.0,0.0,6962.0,-19152.0,-14688.0,-4762.0,-17424.0,-21672.0,9552.0,3289.0,7752.0,-6564.0,-17424.0,-21672.0,6962.0,19152.0,14688.0,4762.0,17424.0,21672.0,9552.0,3289.0,7752.0,6564.0,17424.0,21672.0,48469444,366799104,215737344,22676644,303595776,469675584,91240704,10817521,60093504,43086096,303595776,469675584,1,1,1,1,1,1,6962.0,19152.0,14688.0,4762.0,17424.0,21672.0,9552.0,3289.0,7752.0,6564.0,17424.0,21672.0,6962.0,19152.0,14688.0,4762.0,17424.0,21672.0,9552.0,3289.0,7752.0,6564.0,17424.0,21672.0,0.5401924270639354,1.0,1.0,0.16936975387679612,1.0,1.0,0.7411545623836127,0.17173141186299082,0.5277777777777778,0.23346137430644473,1.0,1.0,0.5401924270639354,-1.0,-1.0,-0.16936975387679612,-1.0,-1.0,0.7411545623836127,0.17173141186299082,0.5277777777777778,-0.23346137430644473,-1.0,-1.0,SCP,ML,ML,SCP,TIE,TIE,x11 lineal,AutoTheta,AutoTheta,x11 lineal,,,ML,SCP,SCP,ML,,,AutoTheta,x11 lineal,x11 lineal,AutoTheta,,,27.11474036850921,82.82685881370092,47.22222222222222,27.452772699573437,0.0,0.0,67212.0,23354.0,21552.0,-43858.0,-45660.0,43858.0,45660.0,795948004,816357456,3,14619.333333333334,15220.0,16288.523608152254,16496.034432553784,0.6525322859013272,0.6793429744688448,-0.6525322859013272,-0.6793429744688448,SCP,x11 lineal,ML,AutoTheta,3.9465615418309197,46728.0,19850.0,67321.0,-26878.0,20593.0,40802.0,20593.0,631005892,162151729,3,13600.666666666666,6864.333333333333,14502.940989100567,7351.9097065547085,0.873180962164013,0.4406993665468242,-0.5752011641842151,0.4406993665468242,ML,AutoTheta,SCP,x11 lineal,49.5294348316259,113940.0,43204.0,88873.0,-70736.0,-25067.0,84660.0,66253.0,1426953896,978509185,6,14110.0,11042.166666666666,15421.596847711113,12770.46843959401,0.7430226434965771,0.5814727049324205,-0.6208179743724768,-0.22000175530981217,ML,AutoTheta,SCP,x11 lineal,21.74226317032837,2026-07-14 13:03:02.206,0,,"
"22037,66,66,10592,1,427,CONSUMIBLES DOMESTICOS,""2762"",HNOS MARTIN,Enrique Malonda Escriva,,,,,,preserve current forecast,preserve current forecast,success,,NOT_COMPARABLE_MISSING_SCP_AND_ML,1,0,0,0.0,0.0,0.0,0.0,0.0,0.0,,,,,,,,,,,,,,,,,,,,,,,,,,,,,,,,,,,,,,,,,,,,,,,,,,,,,,,,,,,,,,,,,,,,,,,,,,,,,,,,,,,,,,,,,,,,,,,,,,,,,,,,,,,,,,,,,,,,,,,,,,,,,,,,,,,,,,,,,,,,,,,,,,,,,,,,,,,,,,,,,,,,,,,,,,,,,,,,,,,,,,,,,,,,,,,,,,,,,,,,,,2026-07-14 13:03:02.206,1,MissingHistory,NoForecastRowsMaterialized"
"22038,66,66,10592,1,577,CONSUMIBLES DOMESTICOS,""2832"",FRAGADIS,Enrique Malonda Escriva,,ADIDA,intermittent_insuficient,intermittent_insuficient_insuficient,insuficient,syntetos-boylan,syntetos-boylan,success,intermittent_insuficient,COMPARABLE,1,1,1,4800.0,0.0,0.0,1200.0,0.0,1200.0,1200.0,0.0,0.0,1200.0,0.0,0.0,1128.0,1128.0,1128.0,1260.0,0.0,0.0,-3600.0,0.0,0.0,0.0,0.0,-1200.0,-3672.0,1128.0,1128.0,60.0,0.0,-1200.0,3600.0,0.0,0.0,0.0,0.0,1200.0,3672.0,1128.0,1128.0,60.0,0.0,1200.0,12960000,0.0,0.0,0.0,0.0,1440000.0,13483584,1272384.0,1272384.0,3600.0,0.0,1440000.0,1,0,0,1,0,1,3600.0,,,0.0,,1200.0,3672.0,,,60.0,,1200.0,3600.0,,,0.0,,1200.0,3672.0,,,60.0,,1200.0,0.75,,,0.0,,1.0,0.765,,,0.05,,1.0,-0.75,,,0.0,,-1.0,-0.765,,,0.05,,-1.0,SCP,,,SCP,,TIE,syntetos-boylan,,,syntetos-boylan,,,ML,,,ML,,,ADIDA,,,ADIDA,,,1.960784313725492,,,100.0,,0.0,2400.0,1200.0,1260.0,-1200.0,-1140.0,1200.0,1260.0,1440000.0,1443600.0,2,600.0,630.0,848.5281374238571,849.5881355103778,0.5,0.525,-0.5,-0.475,SCP,syntetos-boylan,ML,ADIDA,4.761904761904765,4800.0,1200.0,3384.0,-3600.0,-1416.0,3600.0,5928.0,12960000,16028352,1,3600.0,5928.0,3600.0,4003.542431397474,0.75,1.235,-0.75,-0.295,SCP,syntetos-boylan,ML,ADIDA,39.27125506072875,7200.0,2400.0,4644.0,-4800.0,-2556.0,4800.0,7188.0,14400000,17471952,3,1600.0,2396.0,2190.8902300206646,2413.2931856697396,0.6666666666666666,0.9983333333333333,-0.6666666666666666,-0.355,SCP,syntetos-boylan,ML,ADIDA,33.2220367278798,2026-07-14 13:03:02.206,0,,"
"22039,66,66,10592,1,112,CONSUMIBLES DOMESTICOS,""286"",BUBBLES BIDCO SPAIN SL (ACQUA & SAPONE)A,Enrique Malonda Escriva,,,,,,preserve current forecast,preserve current forecast,success,,NOT_COMPARABLE_MISSING_SCP_AND_ML,1,0,0,0.0,0.0,0.0,0.0,0.0,0.0,,,,,,,,,,,,,,,,,,,,,,,,,,,,,,,,,,,,,,,,,,,,,,,,,,,,,,,,,,,,,,,,,,,,,,,,,,,,,,,,,,,,,,,,,,,,,,,,,,,,,,,,,,,,,,,,,,,,,,,,,,,,,,,,,,,,,,,,,,,,,,,,,,,,,,,,,,,,,,,,,,,,,,,,,,,,,,,,,,,,,,,,,,,,,,,,,,,,,,,,,,2026-07-14 13:03:02.206,1,MissingHistory,NoForecastRowsMaterialized"
"22040,66,66,10592,1,128,CONSUMIBLES DOMESTICOS,""286"",""TRANSGOURMET IBERICA S.A. -GM FOOD IBERICA, S.A.U."",Enrique Malonda Escriva,,,,,,preserve current forecast,preserve current forecast,success,,NOT_COMPARABLE_MISSING_SCP_AND_ML,1,0,0,0.0,0.0,0.0,0.0,0.0,2160.0,,,,,,,,,,,,,,,,,,,,,,,,,,,,,,,,,,,,,,,,,,,,,,,,,,,,,,,,,,,,,,,,,,,,,,,,,,,,,,,,,,,,,,,,,,,,,,,,,,,,,,,,,,,,,,,,,,,,,,,,,,,,,,,,,,,,,,,,,,,,,,,,,,,,,,,,,,,,,,,,,,,,,,,,,,,,,,,,,,,,,,,,,,,,,,,,,,,,,,,,,,2026-07-14 13:03:02.206,1,MissingHistory,NoForecastRowsMaterialized"
"22041,66,66,10592,1,519,CONSUMIBLES DOMESTICOS,""2814"",PRIMAPRIX S.L.U,Enrique Malonda Escriva,,AutoTheta,smooth_insuficient,smooth_insuficient_insuficient,insuficient,preserve current forecast,preserve current forecast,success,smooth_insuficient,COMPARABLE,1,1,1,3360.0,13440.0,8400.0,15120.0,10080.0,1680.0,9700.0,9027.0,10323.0,12132.0,5736.0,5530.0,11629.0,11340.0,11054.0,6720.0,0.0,0.0,6340.0,-4413.0,1923.0,-2988.0,-4344.0,3850.0,8269.0,-2100.0,2654.0,-8400.0,-10080.0,-1680.0,6340.0,4413.0,1923.0,2988.0,4344.0,3850.0,8269.0,2100.0,2654.0,8400.0,10080.0,1680.0,40195600,19474569,3697929.0,8928144.0,18870336,14822500,68376361,4410000.0,7043716.0,70560000,101606400,2822400.0,1,1,1,1,1,1,6340.0,4413.0,1923.0,2988.0,4344.0,3850.0,8269.0,2100.0,2654.0,8400.0,10080.0,1680.0,6340.0,4413.0,1923.0,2988.0,4344.0,3850.0,8269.0,2100.0,2654.0,8400.0,10080.0,1680.0,1.8869047619047619,0.3283482142857143,0.22892857142857143,0.1976190476190476,0.430952380952381,2.2916666666666665,2.4610119047619046,0.15625,0.31595238095238093,0.5555555555555556,1.0,1.0,1.8869047619047619,-0.3283482142857143,0.22892857142857143,-0.1976190476190476,-0.430952380952381,2.2916666666666665,2.4610119047619046,-0.15625,0.31595238095238093,-0.5555555555555556,-1.0,-1.0,SCP,ML,SCP,SCP,SCP,ML,preserve current forecast,AutoTheta,preserve current forecast,preserve current forecast,preserve current forecast,AutoTheta,ML,SCP,ML,ML,ML,SCP,AutoTheta,preserve current forecast,AutoTheta,AutoTheta,AutoTheta,preserve current forecast,23.328092877010516,52.41332426920463,27.54333082140165,64.42857142857143,56.904761904761905,56.36363636363636,26880.0,23398.0,6720.0,-3482.0,-20160.0,11182.0,20160.0,42620980,174988800,3,3727.3333333333335,6720.0,3769.216541051115,7637.381750312079,0.4159970238095238,0.75,-0.1295386904761905,-0.75,SCP,preserve current forecast,ML,AutoTheta,44.53373015873016,25200.0,29050.0,34023.0,3850.0,8823.0,12676.0,13023.0,63368098,79830077,3,4225.333333333333,4341.0,4595.943791359216,5158.490638419989,0.503015873015873,0.5167857142857143,0.1527777777777778,0.3501190476190476,SCP,preserve current forecast,ML,AutoTheta,2.6645166244336935,52080.0,52448.0,40743.0,368.0,-11337.0,23858.0,33183.0,105989078,254818877,6,3976.3333333333335,5530.5,4202.956855992377,6516.88674393942,0.45810291858678953,0.6371543778801844,0.00706605222734255,-0.21768433179723504,SCP,preserve current forecast,ML,AutoTheta,28.101738842178232,2026-07-14 13:03:02.206,0,,"
"22042,66,66,10592,1,714,CONSUMIBLES DOMESTICOS,""3413"",PRIMAPRIX S.L.U,Enrique Malonda Escriva,,,,,,preserve current forecast,preserve current forecast,success,,NOT_COMPARABLE_MISSING_SCP_AND_ML,1,0,0,0.0,0.0,0.0,0.0,0.0,0.0,,,,,,,,,,,,,,,,,,,,,,,,,,,,,,,,,,,,,,,,,,,,,,,,,,,,,,,,,,,,,,,,,,,,,,,,,,,,,,,,,,,,,,,,,,,,,,,,,,,,,,,,,,,,,,,,,,,,,,,,,,,,,,,,,,,,,,,,,,,,,,,,,,,,,,,,,,,,,,,,,,,,,,,,,,,,,,,,,,,,,,,,,,,,,,,,,,,,,,,,,,2026-07-14 13:03:02.206,1,MissingHistory,NoForecastRowsMaterialized"
"22043,66,66,10592,1,794,CONSUMIBLES DOMESTICOS,""3450"",PRIMAPRIX S.L.U,Enrique Malonda Escriva,,AutoTheta,smooth_insuficient,smooth_insuficient_insuficient,insuficient,x11 seasonal,x11 seasonal,success,smooth_insuficient,COMPARABLE,1,1,1,2079.0,6237.0,6237.0,8316.0,8316.0,2079.0,8619.0,0.0,0.0,6773.0,0.0,0.0,7181.0,7093.0,7003.0,6930.0,0.0,0.0,6540.0,-6237.0,-6237.0,-1543.0,-8316.0,-2079.0,5102.0,856.0,766.0,-1386.0,-8316.0,-2079.0,6540.0,6237.0,6237.0,1543.0,8316.0,2079.0,5102.0,856.0,766.0,1386.0,8316.0,2079.0,42771600,38900169,38900169,2380849.0,69155856,4322241.0,26030404,732736.0,586756.0,1920996.0,69155856,4322241.0,1,1,1,1,1,1,6540.0,6237.0,6237.0,1543.0,8316.0,2079.0,5102.0,856.0,766.0,1386.0,8316.0,2079.0,6540.0,6237.0,6237.0,1543.0,8316.0,2079.0,5102.0,856.0,766.0,1386.0,8316.0,2079.0,3.145743145743146,1.0,1.0,0.18554593554593554,1.0,1.0,2.4540644540644543,0.1372454705788039,0.12281545614878948,0.16666666666666666,1.0,1.0,3.145743145743146,-1.0,-1.0,-0.18554593554593554,-1.0,-1.0,2.4540644540644543,0.1372454705788039,0.12281545614878948,-0.16666666666666666,-1.0,-1.0,ML,ML,ML,ML,TIE,TIE,AutoTheta,AutoTheta,AutoTheta,AutoTheta,,,SCP,SCP,SCP,SCP,,,x11 seasonal,x11 seasonal,x11 seasonal,x11 seasonal,,,21.98776758409786,86.27545294211961,87.71845438512105,10.174983797796504,0.0,0.0,18711.0,6773.0,6930.0,-11938.0,-11781.0,11938.0,11781.0,75858946,75399093,3,3979.3333333333335,3927.0,5028.550022952276,5013.285449682673,0.6380204157981936,0.6296296296296297,-0.6380204157981936,-0.6296296296296297,ML,AutoTheta,SCP,x11 seasonal,1.3151281621712145,14553.0,8619.0,21277.0,-5934.0,6724.0,19014.0,6724.0,120571938,27349896,3,6338.0,2241.3333333333335,6339.609293954952,3019.3760944936953,1.3065347351061636,0.4620353191781763,-0.4077509791795506,0.4620353191781763,ML,AutoTheta,SCP,x11 seasonal,64.63658357000105,33264.0,15392.0,28207.0,-17872.0,-5057.0,30952.0,18505.0,196430884,102748989,6,5158.666666666667,3084.1666666666665,5721.755033786982,4138.215980347087,0.9304954304954305,0.5563071188071188,-0.5372775372775372,-0.15202621452621454,ML,AutoTheta,SCP,x11 seasonal,40.213879555440684,2026-07-14 13:03:02.206,0,,"
"22044,66,66,10592,1,853,CONSUMIBLES DOMESTICOS,""3456"",HIPER USERA S.L,Enrique Malonda Escriva,,,,,,average,average,success,,NOT_COMPARABLE_ML_EXCLUDED,1,1,0,504.0,504.0,0.0,504.0,1008.0,1260.0,585.0,0.0,0.0,162.0,0.0,0.0,,,,,,,,,,,,,,,,,,,,,,,,,,,,,,,,,,,,,,,,,,,,,,,,,,,,,,,,,,,,,,,,,,,,,,,,,,,,,,,,,,,,,,,,,,,,,,,,,,,,,,,,,,,,,,,,,,,,,,,,,,,,,,,,,,,,,,,,,,,,,,,,,,,,,,,,,,,,,,,,,,,,,,,,,,,,,,,,,,,,,,,,,,,,,,,,,,,,2026-07-14 13:03:02.206,1,ShortSeries,"
"22045,66,66,10592,1,889,CONSUMIBLES DOMESTICOS,""3463"",COVIRAN,José Luís Sabater _,,TSB,intermittent_insuficient,intermittent_insuficient_insuficient,insuficient,seasonal discrete,seasonal discrete,success,intermittent_insuficient,COMPARABLE,1,1,1,10920.0,2730.0,5190.0,5460.0,5460.0,0.0,5910.0,0.0,0.0,5925.0,0.0,0.0,3989.0,3990.0,3990.0,4698.0,0.0,0.0,-5010.0,-2730.0,-5190.0,465.0,-5460.0,0.0,-6931.0,1260.0,-1200.0,-762.0,-5460.0,0.0,5010.0,2730.0,5190.0,465.0,5460.0,0.0,6931.0,1260.0,1200.0,762.0,5460.0,0.0,25100100,7452900.0,26936100,216225.0,29811600,0.0,48038761,1587600.0,1440000.0,580644.0,29811600,0.0,1,1,1,1,1,0,5010.0,2730.0,5190.0,465.0,5460.0,,6931.0,1260.0,1200.0,762.0,5460.0,,5010.0,2730.0,5190.0,465.0,5460.0,,6931.0,1260.0,1200.0,762.0,5460.0,,0.45879120879120877,1.0,1.0,0.08516483516483517,1.0,,0.6347069597069597,0.46153846153846156,0.23121387283236994,0.13956043956043956,1.0,,-0.45879120879120877,-1.0,-1.0,0.08516483516483517,-1.0,,-0.6347069597069597,0.46153846153846156,-0.23121387283236994,-0.13956043956043956,-1.0,,SCP,ML,ML,SCP,TIE,,seasonal discrete,TSB,TSB,seasonal discrete,,,ML,SCP,SCP,ML,,,TSB,seasonal discrete,seasonal discrete,TSB,,,27.716058288847208,53.84615384615385,76.878612716763,38.976377952755904,0.0,,10920.0,5925.0,4698.0,-4995.0,-6222.0,5925.0,6222.0,30027825,30392244,2,2962.5,3111.0,3874.7790259574804,3898.2203631913885,0.5425824175824175,0.5697802197802198,-0.4574175824175824,-0.5697802197802198,SCP,seasonal discrete,ML,TSB,4.773384763741565,18840.0,5910.0,11969.0,-12930.0,-6871.0,12930.0,9391.0,59489100,51066361,3,4310.0,3130.3333333333335,4453.05513103083,4125.7872380108665,0.6863057324840764,0.49846072186836515,-0.6863057324840764,-0.3647027600849257,ML,TSB,SCP,seasonal discrete,27.370456303170926,29760.0,11835.0,16667.0,-17925.0,-13093.0,18855.0,15613.0,89516925,81458605,5,3771.0,3122.6,4231.239180192961,4036.3004100289663,0.6335685483870968,0.524630376344086,-0.6023185483870968,-0.4399529569892473,ML,TSB,SCP,seasonal discrete,17.19437814903208,2026-07-14 13:03:02.206,0,,"
"22046,66,66,10592,1,923,CONSUMIBLES DOMESTICOS,""3540"",PRIMAPRIX S.L.U,Enrique Malonda Escriva,,SeasonalNaive,smooth_insuficient,smooth_insuficient_insuficient,insuficient,x11 seasonal,x11 seasonal,success,smooth_insuficient,COMPARABLE,1,1,1,4560.0,8544.0,4560.0,15960.0,4560.0,2280.0,9397.0,0.0,0.0,14079.0,0.0,0.0,11400.0,11400.0,9120.0,13680.0,0.0,0.0,4837.0,-8544.0,-4560.0,-1881.0,-4560.0,-2280.0,6840.0,2856.0,4560.0,-2280.0,-4560.0,-2280.0,4837.0,8544.0,4560.0,1881.0,4560.0,2280.0,6840.0,2856.0,4560.0,2280.0,4560.0,2280.0,23396569,72999936,20793600,3538161.0,20793600,5198400.0,46785600,8156736.0,20793600,5198400.0,20793600,5198400.0,1,1,1,1,1,1,4837.0,8544.0,4560.0,1881.0,4560.0,2280.0,6840.0,2856.0,4560.0,2280.0,4560.0,2280.0,4837.0,8544.0,4560.0,1881.0,4560.0,2280.0,6840.0,2856.0,4560.0,2280.0,4560.0,2280.0,1.0607456140350877,1.0,1.0,0.11785714285714285,1.0,1.0,1.5,0.3342696629213483,1.0,0.14285714285714285,1.0,1.0,1.0607456140350877,-1.0,-1.0,-0.11785714285714285,-1.0,-1.0,1.5,0.3342696629213483,1.0,-0.14285714285714285,-1.0,-1.0,SCP,ML,TIE,SCP,TIE,TIE,x11 seasonal,SeasonalNaive,,x11 seasonal,,,ML,SCP,,ML,,,SeasonalNaive,x11 seasonal,,SeasonalNaive,,,29.28362573099415,66.57303370786516,0.0,17.499999999999996,0.0,0.0,22800.0,14079.0,13680.0,-8721.0,-9120.0,8721.0,9120.0,29530161,31190400,3,2907.0,3040.0,3137.4172499047686,3224.406922210657,0.3825,0.4,-0.3825,-0.4,SCP,x11 seasonal,ML,SeasonalNaive,4.3750000000000036,17664.0,9397.0,31920.0,-8267.0,14256.0,17941.0,14256.0,117190105,75735936,3,5980.333333333333,4752.0,6250.069466280622,5024.4713154719075,1.0156816123188406,0.8070652173913043,-0.46801403985507245,0.8070652173913043,ML,SeasonalNaive,SCP,x11 seasonal,20.539546290619253,40464.0,23476.0,45600.0,-16988.0,5136.0,26662.0,23376.0,146720266,106926336,6,4443.666666666667,3896.0,4945.03565878616,4221.499259741733,0.658906682483195,0.5776986951364176,-0.41982997232107555,0.1269276393831554,ML,SeasonalNaive,SCP,x11 seasonal,12.324656814942612,2026-07-14 13:03:02.206,0,,"
"22047,66,66,10592,1,998,CONSUMIBLES DOMESTICOS,""3645"",LIDER ALIMENT,Enrique Malonda Escriva,,MovingAverage12M,smooth_insuficient,smooth_insuficient_insuficient,insuficient,x11 seasonal,x11 seasonal,success,smooth_insuficient,COMPARABLE,1,1,1,0.0,800.0,400.0,400.0,400.0,0.0,468.0,0.0,0.0,584.0,0.0,0.0,399.0,398.0,399.0,398.0,0.0,0.0,468.0,-800.0,-400.0,184.0,-400.0,0.0,399.0,-402.0,-1.0,-2.0,-400.0,0.0,468.0,800.0,400.0,184.0,400.0,0.0,399.0,402.0,1.0,2.0,400.0,0.0,219024.0,640000.0,160000.0,33856.0,160000.0,0.0,159201.0,161604.0,1.0,4.0,160000.0,0.0,0,1,1,1,1,0,,800.0,400.0,184.0,400.0,,,402.0,1.0,2.0,400.0,,,800.0,400.0,184.0,400.0,,,402.0,1.0,2.0,400.0,,,1.0,1.0,0.46,1.0,,,0.5025,0.0025,0.005,1.0,,,-1.0,-1.0,0.46,-1.0,,,-0.5025,-0.0025,-0.005,-1.0,,,ML,ML,ML,TIE,,,MovingAverage12M,MovingAverage12M,MovingAverage12M,,,,SCP,SCP,SCP,,,,x11 seasonal,x11 seasonal,x11 seasonal,,,,49.75000000000001,99.75,98.91304347826086,0.0,,800.0,584.0,398.0,-216.0,-402.0,584.0,402.0,193856.0,160004.0,2,292.0,201.0,311.33261955664074,282.8462479864281,0.73,0.5025,-0.27,-0.5025,ML,MovingAverage12M,SCP,x11 seasonal,31.164383561643845,1200.0,468.0,1196.0,-732.0,-4.0,1668.0,802.0,1019024.0,320806.0,2,834.0,401.0,713.8010927422289,400.50343319377424,1.39,0.6683333333333333,-0.61,-0.0033333333333333335,ML,MovingAverage12M,SCP,x11 seasonal,51.91846522781775,2000.0,1052.0,1594.0,-948.0,-406.0,2252.0,1204.0,1212880.0,480810.0,4,563.0,301.0,550.6541564357796,346.7023218843508,1.126,0.602,-0.474,-0.203,ML,MovingAverage12M,SCP,x11 seasonal,46.53641207815275,2026-07-14 13:03:02.206,0,,"
"22048,66,66,10592,1,34,BOLSA BASURA PROFESIONALES,""2659"",FLORETTE HORTICOLA NAVARRA S.L.U.,José Mateos-Aparicio Martinez,,,,,,preserve current forecast,preserve current forecast,success,,NOT_COMPARABLE_ML_EXCLUDED,1,1,0,0.0,0.0,0.0,0.0,1224.0,0.0,246.0,0.0,0.0,111.0,0.0,0.0,,,,,,,,,,,,,,,,,,,,,,,,,,,,,,,,,,,,,,,,,,,,,,,,,,,,,,,,,,,,,,,,,,,,,,,,,,,,,,,,,,,,,,,,,,,,,,,,,,,,,,,,,,,,,,,,,,,,,,,,,,,,,,,,,,,,,,,,,,,,,,,,,,,,,,,,,,,,,,,,,,,,,,,,,,,,,,,,,,,,,,,,,,,,,,,,,,,,2026-07-14 13:03:02.206,1,MissingHistory,"
"22049,66,66,10592,1,109,CONSUMIBLES DOMESTICOS,""285"",""TRANSGOURMET IBERICA S.A. -GM FOOD IBERICA, S.A.U."",Enrique Malonda Escriva,,,,,,preserve current forecast,preserve current forecast,success,,NOT_COMPARABLE_ML_EXCLUDED,1,1,0,0.0,0.0,144.0,0.0,144.0,0.0,48.0,48.0,48.0,0.0,0.0,0.0,,,,,,,,,,,,,,,,,,,,,,,,,,,,,,,,,,,,,,,,,,,,,,,,,,,,,,,,,,,,,,,,,,,,,,,,,,,,,,,,,,,,,,,,,,,,,,,,,,,,,,,,,,,,,,,,,,,,,,,,,,,,,,,,,,,,,,,,,,,,,,,,,,,,,,,,,,,,,,,,,,,,,,,,,,,,,,,,,,,,,,,,,,,,,,,,,,,,2026-07-14 13:03:02.206,1,ShortSeries,NoForecastRowsMaterialized"
"22050,66,66,10592,1,143,CONSUMIBLES DOMESTICOS,""287"",LIDER ALIMENT,Enrique Malonda Escriva,,MovingAverage3M,intermittent_insuficient,intermittent_insuficient_insuficient,insuficient,seasonal discrete,seasonal discrete,success,intermittent_insuficient,COMPARABLE,1,1,1,320.0,160.0,480.0,160.0,160.0,160.0,376.0,0.0,0.0,27.0,0.0,0.0,160.0,160.0,160.0,0.0,0.0,0.0,56.0,-160.0,-480.0,-133.0,-160.0,-160.0,-160.0,0.0,-320.0,-160.0,-160.0,-160.0,56.0,160.0,480.0,133.0,160.0,160.0,160.0,0.0,320.0,160.0,160.0,160.0,3136.0,25600.0,230400.0,17689.0,25600.0,25600.0,25600.0,0.0,102400.0,25600.0,25600.0,25600.0,1,1,1,1,1,1,56.0,160.0,480.0,133.0,160.0,160.0,160.0,0.0,320.0,160.0,160.0,160.0,56.0,160.0,480.0,133.0,160.0,160.0,160.0,0.0,320.0,160.0,160.0,160.0,0.175,1.0,1.0,0.83125,1.0,1.0,0.5,0.0,0.6666666666666666,1.0,1.0,1.0,0.175,-1.0,-1.0,-0.83125,-1.0,-1.0,-0.5,0.0,-0.6666666666666666,-1.0,-1.0,-1.0,SCP,ML,ML,SCP,TIE,TIE,seasonal discrete,MovingAverage3M,MovingAverage3M,seasonal discrete,,,ML,SCP,SCP,ML,,,MovingAverage3M,seasonal discrete,seasonal discrete,MovingAverage3M,,,65.0,100.0,33.333333333333336,16.874999999999996,0.0,0.0,480.0,27.0,0.0,-453.0,-480.0,453.0,480.0,68889.0,76800.0,3,151.0,160.0,151.53547439461164,160.0,0.94375,1.0,-0.94375,-1.0,SCP,seasonal discrete,ML,MovingAverage3M,5.625000000000002,960.0,376.0,480.0,-584.0,-480.0,696.0,480.0,259136.0,128000.0,3,232.0,160.0,293.90247815672916,206.5591117977289,0.725,0.5,-0.6083333333333333,-0.5,ML,MovingAverage3M,SCP,seasonal discrete,31.034482758620683,1440.0,403.0,480.0,-1037.0,-960.0,1149.0,960.0,328025.0,204800.0,6,191.5,160.0,233.81794912566772,184.75208614068026,0.7979166666666667,0.6666666666666666,-0.7201388888888889,-0.6666666666666666,ML,MovingAverage3M,SCP,seasonal discrete,16.449086161879904,2026-07-14 13:03:02.206,0,,"
"22051,66,66,10592,1,204,CONSUMIBLES DOMESTICOS,""310"",UNIALCO S.L.( UVESCO),Enrique Malonda Escriva,,TSB,intermittent_insuficient,intermittent_insuficient_insuficient,insuficient,seasonal discrete,seasonal discrete,success,intermittent_insuficient,COMPARABLE,1,1,1,0.0,0.0,320.0,1160.0,760.0,620.0,0.0,0.0,0.0,501.0,0.0,0.0,679.0,678.0,679.0,354.0,0.0,0.0,0.0,0.0,-320.0,-659.0,-760.0,-620.0,679.0,678.0,359.0,-806.0,-760.0,-620.0,0.0,0.0,320.0,659.0,760.0,620.0,679.0,678.0,359.0,806.0,760.0,620.0,0.0,0.0,102400.0,434281.0,577600.0,384400.0,461041.0,459684.0,128881.0,649636.0,577600.0,384400.0,0,0,1,1,1,1,,,320.0,659.0,760.0,620.0,,,359.0,806.0,760.0,620.0,,,320.0,659.0,760.0,620.0,,,359.0,806.0,760.0,620.0,,,1.0,0.5681034482758621,1.0,1.0,,,1.121875,0.6948275862068966,1.0,1.0,,,-1.0,-0.5681034482758621,-1.0,-1.0,,,1.121875,-0.6948275862068966,-1.0,-1.0,,,SCP,SCP,TIE,TIE,,,seasonal discrete,seasonal discrete,,,,,ML,ML,,,,,TSB,TSB,,,,,10.863509749303619,18.238213399503714,0.0,0.0,2540.0,501.0,354.0,-2039.0,-2186.0,2039.0,2186.0,1396281.0,1611636.0,3,679.6666666666666,728.6666666666666,682.222104596443,732.9474742435505,0.802755905511811,0.8606299212598425,-0.802755905511811,-0.8606299212598425,SCP,seasonal discrete,ML,TSB,6.72461116193962,320.0,0.0,2036.0,-320.0,1716.0,320.0,1716.0,102400.0,1049606.0,1,320.0,1716.0,320.0,1024.5028062431063,1.0,5.3625,-1.0,5.3625,SCP,seasonal discrete,ML,TSB,81.35198135198135,2860.0,501.0,2390.0,-2359.0,-470.0,2359.0,3902.0,1498681.0,2661242.0,4,589.75,975.5,612.1031367343252,815.6656790622001,0.8248251748251748,1.3643356643356643,-0.8248251748251748,-0.16433566433566432,SCP,seasonal discrete,ML,TSB,39.54382368016402,2026-07-14 13:03:02.206,0,,NoForecastRowsMaterialized"
"22052,66,66,10592,1,318,CONSUMIBLES DOMESTICOS,""2708"",BUBBLES BIDCO SPAIN SL (ACQUA & SAPONE)A,Enrique Malonda Escriva,,,,,,preserve current forecast,preserve current forecast,success,,NOT_COMPARABLE_ML_EXCLUDED,1,1,0,0.0,0.0,0.0,0.0,0.0,480.0,80.0,0.0,0.0,0.0,0.0,0.0,,,,,,,,,,,,,,,,,,,,,,,,,,,,,,,,,,,,,,,,,,,,,,,,,,,,,,,,,,,,,,,,,,,,,,,,,,,,,,,,,,,,,,,,,,,,,,,,,,,,,,,,,,,,,,,,,,,,,,,,,,,,,,,,,,,,,,,,,,,,,,,,,,,,,,,,,,,,,,,,,,,,,,,,,,,,,,,,,,,,,,,,,,,,,,,,,,,,2026-07-14 13:03:02.206,1,MissingHistory,NoForecastRowsMaterialized"
"22053,66,66,10592,1,338,CONSUMIBLES DOMESTICOS,""2739"",CONSUM S COOP V,José Luís Sabater _,,SeasonalNaive,smooth_insuficient,smooth_insuficient_insuficient,insuficient,x11 seasonal,x11 seasonal,success,smooth_insuficient,COMPARABLE,1,1,1,4032.0,5184.0,3744.0,5184.0,5376.0,4608.0,814.0,0.0,0.0,7351.0,0.0,0.0,0.0,0.0,3840.0,2508.0,0.0,0.0,-3218.0,-5184.0,-3744.0,2167.0,-5376.0,-4608.0,-4032.0,-5184.0,96.0,-2676.0,-5376.0,-4608.0,3218.0,5184.0,3744.0,2167.0,5376.0,4608.0,4032.0,5184.0,96.0,2676.0,5376.0,4608.0,10355524,26873856,14017536,4695889.0,28901376,21233664,16257024,26873856,9216.0,7160976.0,28901376,21233664,1,1,1,1,1,1,3218.0,5184.0,3744.0,2167.0,5376.0,4608.0,4032.0,5184.0,96.0,2676.0,5376.0,4608.0,3218.0,5184.0,3744.0,2167.0,5376.0,4608.0,4032.0,5184.0,96.0,2676.0,5376.0,4608.0,0.7981150793650794,1.0,1.0,0.41801697530864196,1.0,1.0,1.0,1.0,0.02564102564102564,0.5162037037037037,1.0,1.0,-0.7981150793650794,-1.0,-1.0,0.41801697530864196,-1.0,-1.0,-1.0,-1.0,0.02564102564102564,-0.5162037037037037,-1.0,-1.0,SCP,TIE,ML,SCP,TIE,TIE,x11 seasonal,,SeasonalNaive,x11 seasonal,,,ML,,SCP,ML,,,SeasonalNaive,,x11 seasonal,SeasonalNaive,,,20.18849206349206,0.0,97.43589743589743,19.02092675635277,0.0,0.0,15168.0,7351.0,2508.0,-7817.0,-12660.0,12151.0,12660.0,54830929,57296016,3,4050.3333333333335,4220.0,4275.1580477607295,4370.202741292444,0.8010944092827004,0.8346518987341772,-0.5153612869198312,-0.8346518987341772,SCP,x11 seasonal,ML,SeasonalNaive,4.020537124802535,12960.0,814.0,3840.0,-12146.0,-9120.0,12146.0,9312.0,51246916,43140096,3,4048.6666666666665,3104.0,4133.074561792145,3792.101264470663,0.9371913580246913,0.7185185185185186,-0.9371913580246913,-0.7037037037037037,ML,SeasonalNaive,SCP,x11 seasonal,23.33278445578791,28128.0,8165.0,6348.0,-19963.0,-21780.0,24297.0,21972.0,106077845,100436112,6,4049.5,3662.0,4204.716498568403,4091.375318887281,0.8638011945392492,0.7811433447098977,-0.7097198521046644,-0.7743174061433447,ML,SeasonalNaive,SCP,x11 seasonal,9.569082602790466,2026-07-14 13:03:02.206,0,,"
"22054,66,66,10592,1,352,CONSUMIBLES DOMESTICOS,""2743"",JUAN FORNES - SUPERMERCADOS MAS Y MAS,Enrique Malonda Escriva,,MovingAverage3M,intermittent_insuficient,intermittent_insuficient_insuficient,insuficient,seasonal discrete,seasonal discrete,success,intermittent_insuficient,COMPARABLE,1,1,1,0.0,792.0,792.0,792.0,0.0,0.0,833.0,0.0,0.0,770.0,0.0,0.0,528.0,0.0,264.0,589.0,0.0,0.0,833.0,-792.0,-792.0,-22.0,0.0,0.0,528.0,-792.0,-528.0,-203.0,0.0,0.0,833.0,792.0,792.0,22.0,0.0,0.0,528.0,792.0,528.0,203.0,0.0,0.0,693889.0,627264.0,627264.0,484.0,0.0,0.0,278784.0,627264.0,278784.0,41209.0,0.0,0.0,0,1,1,1,0,0,,792.0,792.0,22.0,,,,792.0,528.0,203.0,,,,792.0,792.0,22.0,,,,792.0,528.0,203.0,,,,1.0,1.0,0.027777777777777776,,,,1.0,0.6666666666666666,0.2563131313131313,,,,-1.0,-1.0,-0.027777777777777776,,,,-1.0,-0.6666666666666666,-0.2563131313131313,,,,TIE,ML,SCP,,,,,MovingAverage3M,seasonal discrete,,,,,SCP,ML,,,,,seasonal discrete,MovingAverage3M,,,,0.0,33.333333333333336,89.16256157635468,,,792.0,770.0,589.0,-22.0,-203.0,22.0,203.0,484.0,41209.0,1,22.0,203.0,22.0,203.0,0.027777777777777776,0.2563131313131313,-0.027777777777777776,-0.2563131313131313,SCP,seasonal discrete,ML,MovingAverage3M,89.16256157635468,1584.0,833.0,792.0,-751.0,-792.0,2417.0,1848.0,1948417.0,1184832.0,2,1208.5,924.0,987.0200099288768,769.6856501195797,1.5258838383838385,1.1666666666666667,-0.4741161616161616,-0.5,ML,MovingAverage3M,SCP,seasonal discrete,23.541580471659078,2376.0,1603.0,1381.0,-773.0,-995.0,2439.0,2051.0,1948901.0,1226041.0,3,813.0,683.6666666666666,805.9985525214463,639.2811066607031,1.0265151515151516,0.8632154882154882,-0.3253367003367003,-0.4187710437710438,ML,MovingAverage3M,SCP,seasonal discrete,15.908159081590822,2026-07-14 13:03:02.206,0,,"
"22055,66,66,10592,1,354,CONSUMIBLES DOMESTICOS,""2743"",LA ARDOSA S.L,Enrique Malonda Escriva,,,,,,average,average,success,,NOT_COMPARABLE_MISSING_SCP_AND_ML,1,0,0,0.0,0.0,792.0,0.0,0.0,0.0,,,,,,,,,,,,,,,,,,,,,,,,,,,,,,,,,,,,,,,,,,,,,,,,,,,,,,,,,,,,,,,,,,,,,,,,,,,,,,,,,,,,,,,,,,,,,,,,,,,,,,,,,,,,,,,,,,,,,,,,,,,,,,,,,,,,,,,,,,,,,,,,,,,,,,,,,,,,,,,,,,,,,,,,,,,,,,,,,,,,,,,,,,,,,,,,,,,,,,,,,,2026-07-14 13:03:02.206,1,ShortSeries,NoForecastRowsMaterialized"
"22056,66,66,10592,1,361,CONSUMIBLES DOMESTICOS,""2746"",""IFA RETAIL, S.A."",Enrique Malonda Escriva,,SeasonalNaive,intermittent_insuficient,intermittent_insuficient_insuficient,insuficient,syntetos-boylan,syntetos-boylan,success,intermittent_insuficient,NOT_COMPARABLE_MISSING_SCP,1,0,1,0.0,0.0,2240.0,0.0,0.0,0.0,,,,,,,0.0,0.0,2240.0,0.0,0.0,0.0,,,,,,,,,,,,,,,,,,,,,,,,,,,,,,,,,,,,,,,,,,,,,,,,,,,,,,,,,,,,,,,,,,,,,,,,,,,,,,,,,,,,,,,,,,,,,,,,,,,,,,,,,,,,,,,,,,,,,,,,,,,,,,,,,,,,,,,,,,,,,,,,,,,,,,,,,,,,,,,,,,,,,,,,,,,,,,,,,,,,,,,,,,,,,,2026-07-14 13:03:02.206,0,,NoForecastRowsMaterialized"
"22057,66,66,10592,1,268,CONSUMIBLES DOMESTICOS,""2681"",BUBBLES BIDCO SPAIN SL (ACQUA & SAPONE)A,Enrique Malonda Escriva,,,,,,preserve current forecast,preserve current forecast,success,,NOT_COMPARABLE_MISSING_SCP_AND_ML,1,0,0,0.0,0.0,0.0,0.0,0.0,0.0,,,,,,,,,,,,,,,,,,,,,,,,,,,,,,,,,,,,,,,,,,,,,,,,,,,,,,,,,,,,,,,,,,,,,,,,,,,,,,,,,,,,,,,,,,,,,,,,,,,,,,,,,,,,,,,,,,,,,,,,,,,,,,,,,,,,,,,,,,,,,,,,,,,,,,,,,,,,,,,,,,,,,,,,,,,,,,,,,,,,,,,,,,,,,,,,,,,,,,,,,,2026-07-14 13:03:02.206,1,MissingHistory,NoForecastRowsMaterialized"
"22058,66,66,10592,1,270,CONSUMIBLES DOMESTICOS,""2681"",CORP. ALIMENTARIA GUISSONA,Enrique Malonda Escriva,,,,,,preserve current forecast,preserve current forecast,success,,NOT_COMPARABLE_ML_EXCLUDED,1,1,0,6400.0,2280.0,3200.0,6400.0,3200.0,0.0,4432.0,0.0,0.0,1685.0,0.0,0.0,,,,,,,,,,,,,,,,,,,,,,,,,,,,,,,,,,,,,,,,,,,,,,,,,,,,,,,,,,,,,,,,,,,,,,,,,,,,,,,,,,,,,,,,,,,,,,,,,,,,,,,,,,,,,,,,,,,,,,,,,,,,,,,,,,,,,,,,,,,,,,,,,,,,,,,,,,,,,,,,,,,,,,,,,,,,,,,,,,,,,,,,,,,,,,,,,,,,2026-07-14 13:03:02.206,1,MissingHistory,"
"22059,66,66,10592,1,320,CONSUMIBLES DOMESTICOS,""2708"",""CENTROS COMERCIALES CARREFOUR, S.A."",Enrique Malonda Escriva,,,,,,average,average,success,,NOT_COMPARABLE_ML_EXCLUDED,1,1,0,4032.0,4104.0,3816.0,3888.0,3360.0,3768.0,3808.0,0.0,0.0,3696.0,0.0,0.0,,,,,,,,,,,,,,,,,,,,,,,,,,,,,,,,,,,,,,,,,,,,,,,,,,,,,,,,,,,,,,,,,,,,,,,,,,,,,,,,,,,,,,,,,,,,,,,,,,,,,,,,,,,,,,,,,,,,,,,,,,,,,,,,,,,,,,,,,,,,,,,,,,,,,,,,,,,,,,,,,,,,,,,,,,,,,,,,,,,,,,,,,,,,,,,,,,,,2026-07-14 13:03:02.206,1,ShortSeries,"
"22060,66,66,10592,1,388,CONSUMIBLES DOMESTICOS,""2758"",BUBBLES BIDCO SPAIN SL (ACQUA & SAPONE)A,Enrique Malonda Escriva,,,,,,average,average,success,,NOT_COMPARABLE_MISSING_SCP_AND_ML,1,0,0,0.0,0.0,54.0,0.0,0.0,0.0,,,,,,,,,,,,,,,,,,,,,,,,,,,,,,,,,,,,,,,,,,,,,,,,,,,,,,,,,,,,,,,,,,,,,,,,,,,,,,,,,,,,,,,,,,,,,,,,,,,,,,,,,,,,,,,,,,,,,,,,,,,,,,,,,,,,,,,,,,,,,,,,,,,,,,,,,,,,,,,,,,,,,,,,,,,,,,,,,,,,,,,,,,,,,,,,,,,,,,,,,,2026-07-14 13:03:02.206,1,ShortSeries,NoForecastRowsMaterialized"
"22061,66,66,10592,1,413,CONSUMIBLES DOMESTICOS,""2759"",VEGALSA,Enrique Malonda Escriva,,,,,,preserve current forecast,preserve current forecast,success,,NOT_COMPARABLE_MISSING_SCP_AND_ML,1,0,0,0.0,0.0,0.0,0.0,0.0,0.0,,,,,,,,,,,,,,,,,,,,,,,,,,,,,,,,,,,,,,,,,,,,,,,,,,,,,,,,,,,,,,,,,,,,,,,,,,,,,,,,,,,,,,,,,,,,,,,,,,,,,,,,,,,,,,,,,,,,,,,,,,,,,,,,,,,,,,,,,,,,,,,,,,,,,,,,,,,,,,,,,,,,,,,,,,,,,,,,,,,,,,,,,,,,,,,,,,,,,,,,,,2026-07-14 13:03:02.206,1,MissingHistory,NoForecastRowsMaterialized"
"22062,66,66,10592,1,472,CONSUMIBLES DOMESTICOS,""2790"",BUBBLES BIDCO SPAIN SL (ACQUA & SAPONE)A,Enrique Malonda Escriva,,,,,,preserve current forecast,preserve current forecast,success,,NOT_COMPARABLE_ML_EXCLUDED,1,1,0,0.0,0.0,0.0,0.0,288.0,0.0,96.0,0.0,0.0,0.0,0.0,0.0,,,,,,,,,,,,,,,,,,,,,,,,,,,,,,,,,,,,,,,,,,,,,,,,,,,,,,,,,,,,,,,,,,,,,,,,,,,,,,,,,,,,,,,,,,,,,,,,,,,,,,,,,,,,,,,,,,,,,,,,,,,,,,,,,,,,,,,,,,,,,,,,,,,,,,,,,,,,,,,,,,,,,,,,,,,,,,,,,,,,,,,,,,,,,,,,,,,,2026-07-14 13:03:02.206,1,MissingHistory,NoForecastRowsMaterialized"
"22063,66,66,10592,1,486,CONSUMIBLES DOMESTICOS,""2790"",HIPER USERA S.L,Enrique Malonda Escriva,,,,,,preserve current forecast,preserve current forecast,success,,NOT_COMPARABLE_ML_EXCLUDED,1,1,0,0.0,0.0,0.0,864.0,288.0,432.0,28.0,0.0,0.0,223.0,0.0,0.0,,,,,,,,,,,,,,,,,,,,,,,,,,,,,,,,,,,,,,,,,,,,,,,,,,,,,,,,,,,,,,,,,,,,,,,,,,,,,,,,,,,,,,,,,,,,,,,,,,,,,,,,,,,,,,,,,,,,,,,,,,,,,,,,,,,,,,,,,,,,,,,,,,,,,,,,,,,,,,,,,,,,,,,,,,,,,,,,,,,,,,,,,,,,,,,,,,,,2026-07-14 13:03:02.206,1,MissingHistory,"
"22064,66,66,10592,1,620,CONSUMIBLES DOMESTICOS,""2875"",""BON PREU, S.A.U."",Enrique Malonda Escriva,,SeasonalNaive,smooth_insuficient,smooth_insuficient_insuficient,insuficient,x11 seasonal,x11 seasonal,success,smooth_insuficient,COMPARABLE,1,1,1,5472.0,10776.0,7296.0,16416.0,9120.0,9120.0,11883.0,0.0,0.0,13349.0,0.0,0.0,9120.0,12768.0,5472.0,11285.0,0.0,0.0,6411.0,-10776.0,-7296.0,-3067.0,-9120.0,-9120.0,3648.0,1992.0,-1824.0,-5131.0,-9120.0,-9120.0,6411.0,10776.0,7296.0,3067.0,9120.0,9120.0,3648.0,1992.0,1824.0,5131.0,9120.0,9120.0,41100921,116122176,53231616,9406489.0,83174400,83174400,13307904,3968064.0,3326976.0,26327161,83174400,83174400,1,1,1,1,1,1,6411.0,10776.0,7296.0,3067.0,9120.0,9120.0,3648.0,1992.0,1824.0,5131.0,9120.0,9120.0,6411.0,10776.0,7296.0,3067.0,9120.0,9120.0,3648.0,1992.0,1824.0,5131.0,9120.0,9120.0,1.1716008771929824,1.0,1.0,0.18682992202729046,1.0,1.0,0.6666666666666666,0.18485523385300667,0.25,0.31256091617933723,1.0,1.0,1.1716008771929824,-1.0,-1.0,-0.18682992202729046,-1.0,-1.0,0.6666666666666666,0.18485523385300667,-0.25,-0.31256091617933723,-1.0,-1.0,ML,ML,ML,SCP,TIE,TIE,SeasonalNaive,SeasonalNaive,SeasonalNaive,x11 seasonal,,,SCP,SCP,SCP,ML,,,x11 seasonal,x11 seasonal,x11 seasonal,SeasonalNaive,,,43.097800655124004,81.51447661469933,75.0,40.22607678815046,0.0,0.0,34656.0,13349.0,11285.0,-21307.0,-23371.0,21307.0,23371.0,175755289,192675961,3,7102.333333333333,7790.333333333333,7654.090170185698,8014.070147767196,0.6148141735918744,0.6743709602954755,-0.6148141735918744,-0.6743709602954755,SCP,x11 seasonal,ML,SeasonalNaive,8.831457789568267,23544.0,11883.0,27360.0,-11661.0,3816.0,24483.0,7464.0,210454713,20602944,3,8161.0,2488.0,8375.65346704363,2620.6197740229313,1.0398827726809379,0.31702344546381245,-0.4952854230377166,0.1620795107033639,ML,SeasonalNaive,SCP,x11 seasonal,69.51354000735203,58200.0,25232.0,38645.0,-32968.0,-19555.0,45790.0,30835.0,386210002,213278905,6,7631.666666666667,5139.166666666667,8022.987826655769,5962.087232393255,0.7867697594501718,0.5298109965635739,-0.5664604810996564,-0.3359965635738832,ML,SeasonalNaive,SCP,x11 seasonal,32.659969425638785,2026-07-14 13:03:02.206,0,,"
"22065,66,66,10592,1,629,CONSUMIBLES DOMESTICOS,""2878"",DINOSOL (HIPERDINO),Enrique Malonda Escriva,,HistoricAverage,smooth_insuficient,smooth_insuficient_insuficient,insuficient,x11 seasonal,x11 seasonal,success,smooth_insuficient,COMPARABLE,1,1,1,1824.0,0.0,14592.0,5472.0,5448.0,5472.0,4955.0,0.0,0.0,6551.0,0.0,0.0,7245.0,7245.0,7246.0,7296.0,0.0,0.0,3131.0,0.0,-14592.0,1079.0,-5448.0,-5472.0,5421.0,7245.0,-7346.0,1824.0,-5448.0,-5472.0,3131.0,0.0,14592.0,1079.0,5448.0,5472.0,5421.0,7245.0,7346.0,1824.0,5448.0,5472.0,9803161.0,0.0,212926464,1164241.0,29680704,29942784,29387241,52490025,53963716,3326976.0,29680704,29942784,1,0,1,1,1,1,3131.0,,14592.0,1079.0,5448.0,5472.0,5421.0,,7346.0,1824.0,5448.0,5472.0,3131.0,,14592.0,1079.0,5448.0,5472.0,5421.0,,7346.0,1824.0,5448.0,5472.0,1.7165570175438596,,1.0,0.19718567251461988,1.0,1.0,2.9720394736842106,,0.5034265350877193,0.3333333333333333,1.0,1.0,1.7165570175438596,,-1.0,0.19718567251461988,-1.0,-1.0,2.9720394736842106,,-0.5034265350877193,0.3333333333333333,-1.0,-1.0,SCP,,ML,SCP,TIE,TIE,x11 seasonal,,HistoricAverage,x11 seasonal,,,ML,,SCP,ML,,,HistoricAverage,,x11 seasonal,HistoricAverage,,,42.24312857406383,,49.65734649122807,40.84429824561403,0.0,0.0,16392.0,6551.0,7296.0,-9841.0,-9096.0,11999.0,12744.0,60787729,62950464,3,3999.6666666666665,4248.0,4501.397153477277,4580.773733770311,0.7320034163006345,0.7774524158125915,-0.60035383113714,-0.554904831625183,SCP,x11 seasonal,ML,HistoricAverage,5.845888261142495,16416.0,4955.0,21736.0,-11461.0,5320.0,17723.0,20012.0,222729625,135840982,2,8861.5,10006.0,10552.95278583203,8241.388899936708,1.0796174463937622,1.2190545808966862,-0.6981603313840156,0.32407407407407407,SCP,x11 seasonal,ML,HistoricAverage,11.43813711772936,32808.0,11506.0,29032.0,-21302.0,-3776.0,29722.0,32756.0,283517354,198791446,5,5944.4,6551.2,7530.170701916391,6305.417448512034,0.9059375762009266,0.998415020726652,-0.6492928554011217,-0.11509387954157523,SCP,x11 seasonal,ML,HistoricAverage,9.262425204542673,2026-07-14 13:03:02.206,0,,"
"22066,66,66,10592,1,97,CONSUMIBLES DOMESTICOS,""285"",CONSUM S COOP V,José Luís Sabater _,,AutoTheta,smooth_insuficient,smooth_insuficient_insuficient,insuficient,x11 seasonal,x11 seasonal,success,smooth_insuficient,COMPARABLE,1,1,1,9072.0,4032.0,5760.0,6192.0,6048.0,4896.0,4696.0,0.0,0.0,5722.0,0.0,0.0,5868.0,5764.0,5661.0,4851.0,0.0,0.0,-4376.0,-4032.0,-5760.0,-470.0,-6048.0,-4896.0,-3204.0,1732.0,-99.0,-1341.0,-6048.0,-4896.0,4376.0,4032.0,5760.0,470.0,6048.0,4896.0,3204.0,1732.0,99.0,1341.0,6048.0,4896.0,19149376,16257024,33177600,220900.0,36578304,23970816,10265616,2999824.0,9801.0,1798281.0,36578304,23970816,1,1,1,1,1,1,4376.0,4032.0,5760.0,470.0,6048.0,4896.0,3204.0,1732.0,99.0,1341.0,6048.0,4896.0,4376.0,4032.0,5760.0,470.0,6048.0,4896.0,3204.0,1732.0,99.0,1341.0,6048.0,4896.0,0.48236331569664903,1.0,1.0,0.07590439276485789,1.0,1.0,0.3531746031746032,0.42956349206349204,0.0171875,0.21656976744186046,1.0,1.0,-0.48236331569664903,-1.0,-1.0,-0.07590439276485789,-1.0,-1.0,-0.3531746031746032,0.42956349206349204,-0.0171875,-0.21656976744186046,-1.0,-1.0,ML,ML,ML,SCP,TIE,TIE,AutoTheta,AutoTheta,AutoTheta,x11 seasonal,,,SCP,SCP,SCP,ML,,,x11 seasonal,x11 seasonal,x11 seasonal,AutoTheta,,,26.782449725776964,57.04365079365079,98.28125,64.95152870991797,0.0,0.0,17136.0,5722.0,4851.0,-11414.0,-12285.0,11414.0,12285.0,60770020,62347401,3,3804.6666666666665,4095.0,4500.741420403236,4558.779112876605,0.6660830999066293,0.7169117647058824,-0.6660830999066293,-0.7169117647058824,SCP,x11 seasonal,ML,AutoTheta,7.089947089947096,18864.0,4696.0,17293.0,-14168.0,-1571.0,14168.0,5035.0,68584000,13275241,3,4722.666666666667,1678.3333333333333,4781.352667743024,2103.5874912475906,0.7510602205258694,0.2669105173876166,-0.7510602205258694,-0.08328032230703987,ML,AutoTheta,SCP,x11 seasonal,64.4621682665161,36000.0,10418.0,22144.0,-25582.0,-13856.0,25582.0,17320.0,129354020,75622642,6,4263.666666666667,2886.6666666666665,4643.167381576216,3550.179385139104,0.7106111111111111,0.4811111111111111,-0.7106111111111111,-0.3848888888888889,ML,AutoTheta,SCP,x11 seasonal,32.29614572746462,2026-07-14 13:03:02.206,0,,"
"22067,66,66,10592,1,99,CONSUMIBLES DOMESTICOS,""285"",""DIA RETAIL ESPAÑA, S.A."",Enrique Malonda Escriva,,,,,,preserve current forecast,preserve current forecast,success,,NOT_COMPARABLE_MISSING_SCP_AND_ML,1,0,0,0.0,0.0,0.0,0.0,0.0,0.0,,,,,,,,,,,,,,,,,,,,,,,,,,,,,,,,,,,,,,,,,,,,,,,,,,,,,,,,,,,,,,,,,,,,,,,,,,,,,,,,,,,,,,,,,,,,,,,,,,,,,,,,,,,,,,,,,,,,,,,,,,,,,,,,,,,,,,,,,,,,,,,,,,,,,,,,,,,,,,,,,,,,,,,,,,,,,,,,,,,,,,,,,,,,,,,,,,,,,,,,,,2026-07-14 13:03:02.206,1,MissingHistory,NoForecastRowsMaterialized"
"22068,66,66,10592,1,163,CONSUMIBLES DOMESTICOS,""289"",JUAN FORNES - SUPERMERCADOS MAS Y MAS,Enrique Malonda Escriva,,AutoTheta,smooth_insuficient,smooth_insuficient_insuficient,insuficient,x11 seasonal,x11 seasonal,success,smooth_insuficient,COMPARABLE,1,1,1,1152.0,1152.0,1152.0,1152.0,1152.0,576.0,1475.0,0.0,0.0,1311.0,0.0,0.0,1177.0,1169.0,1163.0,1536.0,0.0,0.0,323.0,-1152.0,-1152.0,159.0,-1152.0,-576.0,25.0,17.0,11.0,384.0,-1152.0,-576.0,323.0,1152.0,1152.0,159.0,1152.0,576.0,25.0,17.0,11.0,384.0,1152.0,576.0,104329.0,1327104.0,1327104.0,25281.0,1327104.0,331776.0,625.0,289.0,121.0,147456.0,1327104.0,331776.0,1,1,1,1,1,1,323.0,1152.0,1152.0,159.0,1152.0,576.0,25.0,17.0,11.0,384.0,1152.0,576.0,323.0,1152.0,1152.0,159.0,1152.0,576.0,25.0,17.0,11.0,384.0,1152.0,576.0,0.2803819444444444,1.0,1.0,0.13802083333333334,1.0,1.0,0.021701388888888888,0.014756944444444444,0.009548611111111112,0.3333333333333333,1.0,1.0,0.2803819444444444,-1.0,-1.0,0.13802083333333334,-1.0,-1.0,0.021701388888888888,0.014756944444444444,0.009548611111111112,0.3333333333333333,-1.0,-1.0,ML,ML,ML,SCP,TIE,TIE,AutoTheta,AutoTheta,AutoTheta,x11 seasonal,,,SCP,SCP,SCP,ML,,,x11 seasonal,x11 seasonal,x11 seasonal,AutoTheta,,,92.26006191950464,98.52430555555556,99.04513888888889,58.59375,0.0,0.0,2880.0,1311.0,1536.0,-1569.0,-1344.0,1887.0,2112.0,1684161.0,1806336.0,3,629.0,704.0,749.2576325937561,775.958761790857,0.6552083333333333,0.7333333333333333,-0.5447916666666667,-0.4666666666666667,SCP,x11 seasonal,ML,AutoTheta,10.653409090909092,3456.0,1475.0,3509.0,-1981.0,53.0,2627.0,53.0,2758537.0,1035.0,3,875.6666666666666,17.666666666666668,958.9120571425376,18.57417562100671,0.7601273148148148,0.015335648148148149,-0.5732060185185185,0.015335648148148149,ML,AutoTheta,SCP,x11 seasonal,97.9824895317853,6336.0,2786.0,5045.0,-3550.0,-1291.0,4514.0,2165.0,4442698.0,1807371.0,6,752.3333333333334,360.8333333333333,860.4938504525564,548.8428736897291,0.7124368686868687,0.3416982323232323,-0.5602904040404041,-0.20375631313131312,ML,AutoTheta,SCP,x11 seasonal,52.03810367744794,2026-07-14 13:03:02.206,0,,"
"22069,66,66,10592,1,167,CONSUMIBLES DOMESTICOS,""289"",""TRANSGOURMET IBERICA S.A. -GM FOOD IBERICA, S.A.U."",Enrique Malonda Escriva,,,,,,preserve current forecast,preserve current forecast,success,,NOT_COMPARABLE_ML_EXCLUDED,1,1,0,0.0,0.0,480.0,0.0,132.0,480.0,154.0,155.0,155.0,192.0,192.0,192.0,,,,,,,,,,,,,,,,,,,,,,,,,,,,,,,,,,,,,,,,,,,,,,,,,,,,,,,,,,,,,,,,,,,,,,,,,,,,,,,,,,,,,,,,,,,,,,,,,,,,,,,,,,,,,,,,,,,,,,,,,,,,,,,,,,,,,,,,,,,,,,,,,,,,,,,,,,,,,,,,,,,,,,,,,,,,,,,,,,,,,,,,,,,,,,,,,,,,2026-07-14 13:03:02.206,1,ShortSeries,"
"22070,66,66,10592,1,216,CONSUMIBLES DOMESTICOS,""2671"",BUBBLES BIDCO SPAIN SL (ACQUA & SAPONE)A,Enrique Malonda Escriva,,,,,,average,average,success,,NOT_COMPARABLE_ML_EXCLUDED,1,1,0,216.0,0.0,0.0,0.0,0.0,480.0,80.0,0.0,0.0,0.0,0.0,0.0,,,,,,,,,,,,,,,,,,,,,,,,,,,,,,,,,,,,,,,,,,,,,,,,,,,,,,,,,,,,,,,,,,,,,,,,,,,,,,,,,,,,,,,,,,,,,,,,,,,,,,,,,,,,,,,,,,,,,,,,,,,,,,,,,,,,,,,,,,,,,,,,,,,,,,,,,,,,,,,,,,,,,,,,,,,,,,,,,,,,,,,,,,,,,,,,,,,,2026-07-14 13:03:02.206,1,ShortSeries,NoForecastRowsMaterialized"
"22071,66,66,10592,1,230,CONSUMIBLES DOMESTICOS,""2671"",""SUPER JAROCAL, S.L."",Enrique Malonda Escriva,,SeasonalNaive,intermittent_insuficient,intermittent_insuficient_insuficient,insuficient,syntetos-boylan,syntetos-boylan,success,intermittent_insuficient,COMPARABLE,1,1,1,0.0,6480.0,960.0,1440.0,0.0,2160.0,1680.0,0.0,0.0,0.0,0.0,0.0,1680.0,0.0,0.0,1680.0,0.0,0.0,1680.0,-6480.0,-960.0,-1440.0,0.0,-2160.0,1680.0,-6480.0,-960.0,240.0,0.0,-2160.0,1680.0,6480.0,960.0,1440.0,0.0,2160.0,1680.0,6480.0,960.0,240.0,0.0,2160.0,2822400.0,41990400,921600.0,2073600.0,0.0,4665600.0,2822400.0,41990400,921600.0,57600.0,0.0,4665600.0,0,1,1,1,0,1,,6480.0,960.0,1440.0,,2160.0,,6480.0,960.0,240.0,,2160.0,,6480.0,960.0,1440.0,,2160.0,,6480.0,960.0,240.0,,2160.0,,1.0,1.0,1.0,,1.0,,1.0,1.0,0.16666666666666666,,1.0,,-1.0,-1.0,-1.0,,-1.0,,-1.0,-1.0,0.16666666666666666,,-1.0,,TIE,TIE,ML,,TIE,,,,SeasonalNaive,,,,,,SCP,,,,,,syntetos-boylan,,,,0.0,0.0,83.33333333333334,,0.0,3600.0,0.0,1680.0,-3600.0,-1920.0,3600.0,2400.0,6739200.0,4723200.0,2,1800.0,1200.0,1835.6470248934024,1536.7498169838836,1.0,0.6666666666666666,-1.0,-0.5333333333333333,ML,SeasonalNaive,SCP,syntetos-boylan,33.333333333333336,7440.0,1680.0,1680.0,-5760.0,-5760.0,9120.0,9120.0,45734400,45734400,2,4560.0,4560.0,4781.966122841106,4781.966122841106,1.2258064516129032,1.2258064516129032,-0.7741935483870968,-0.7741935483870968,TIE,,,,0.0,11040.0,1680.0,3360.0,-9360.0,-7680.0,12720.0,11520.0,52473600,50457600,4,3180.0,2880.0,3621.9331854687766,3551.6756608676983,1.1521739130434783,1.0434782608695652,-0.8478260869565217,-0.6956521739130435,ML,SeasonalNaive,SCP,syntetos-boylan,9.433962264150948,2026-07-14 13:03:02.206,0,,NoForecastRowsMaterialized"
"22072,66,66,10592,1,280,CONSUMIBLES DOMESTICOS,""2684"",CONSUM S COOP V,José Luís Sabater _,,HistoricAverage,smooth_insuficient,smooth_insuficient_insuficient,insuficient,x11 seasonal,x11 seasonal,success,smooth_insuficient,COMPARABLE,1,1,1,11940.0,11250.0,15000.0,12750.0,7500.0,6750.0,10780.0,0.0,0.0,10398.0,0.0,0.0,9376.0,9375.0,9376.0,9000.0,0.0,0.0,-1160.0,-11250.0,-15000.0,-2352.0,-7500.0,-6750.0,-2564.0,-1875.0,-5624.0,-3750.0,-7500.0,-6750.0,1160.0,11250.0,15000.0,2352.0,7500.0,6750.0,2564.0,1875.0,5624.0,3750.0,7500.0,6750.0,1345600.0,126562500,225000000,5531904.0,56250000,45562500,6574096.0,3515625.0,31629376,14062500,56250000,45562500,1,1,1,1,1,1,1160.0,11250.0,15000.0,2352.0,7500.0,6750.0,2564.0,1875.0,5624.0,3750.0,7500.0,6750.0,1160.0,11250.0,15000.0,2352.0,7500.0,6750.0,2564.0,1875.0,5624.0,3750.0,7500.0,6750.0,0.09715242881072027,1.0,1.0,0.1844705882352941,1.0,1.0,0.21474036850921274,0.16666666666666666,0.37493333333333334,0.29411764705882354,1.0,1.0,-0.09715242881072027,-1.0,-1.0,-0.1844705882352941,-1.0,-1.0,-0.21474036850921274,-0.16666666666666666,-0.37493333333333334,-0.29411764705882354,-1.0,-1.0,SCP,ML,ML,SCP,TIE,TIE,x11 seasonal,HistoricAverage,HistoricAverage,x11 seasonal,,,ML,SCP,SCP,ML,,,HistoricAverage,x11 seasonal,x11 seasonal,HistoricAverage,,,54.75819032761311,83.33333333333334,62.50666666666667,37.28000000000001,0.0,0.0,27000.0,10398.0,9000.0,-16602.0,-18000.0,16602.0,18000.0,107344404,115875000,3,5534.0,6000.0,5981.761279088292,6214.901447328027,0.6148888888888889,0.6666666666666666,-0.6148888888888889,-0.6666666666666666,SCP,x11 seasonal,ML,HistoricAverage,7.766666666666655,38190.0,10780.0,28127.0,-27410.0,-10063.0,27410.0,10063.0,352908100,41719097,3,9136.666666666666,3354.3333333333335,10846.014629039246,3729.123981133728,0.7177271537051584,0.2634982979837654,-0.7177271537051584,-0.2634982979837654,ML,HistoricAverage,SCP,x11 seasonal,63.287121488507836,65190.0,21178.0,37127.0,-44012.0,-28063.0,44012.0,28063.0,460252504,157594097,6,7335.333333333333,4677.166666666667,8758.35319376118,5125.005642273317,0.6751342230403437,0.43048013499002913,-0.6751342230403437,-0.43048013499002913,ML,HistoricAverage,SCP,x11 seasonal,36.23784422430247,2026-07-14 13:03:02.206,0,,"
"22073,66,66,10592,1,300,CONSUMIBLES DOMESTICOS,""2693"",COVIRAN,José Luís Sabater _,,HistoricAverage,smooth_insuficient,smooth_insuficient_insuficient,insuficient,x11 seasonal,x11 seasonal,success,smooth_insuficient,COMPARABLE,1,1,1,12222.0,7776.0,10368.0,15552.0,19944.0,6480.0,12928.0,0.0,0.0,11152.0,0.0,0.0,11650.0,11649.0,11650.0,10368.0,0.0,0.0,706.0,-7776.0,-10368.0,-4400.0,-19944.0,-6480.0,-572.0,3873.0,1282.0,-5184.0,-19944.0,-6480.0,706.0,7776.0,10368.0,4400.0,19944.0,6480.0,572.0,3873.0,1282.0,5184.0,19944.0,6480.0,498436.0,60466176,107495424,19360000,397763136,41990400,327184.0,15000129,1643524.0,26873856,397763136,41990400,1,1,1,1,1,1,706.0,7776.0,10368.0,4400.0,19944.0,6480.0,572.0,3873.0,1282.0,5184.0,19944.0,6480.0,706.0,7776.0,10368.0,4400.0,19944.0,6480.0,572.0,3873.0,1282.0,5184.0,19944.0,6480.0,0.057764686630666015,1.0,1.0,0.2829218106995885,1.0,1.0,0.046800850924562265,0.498070987654321,0.12364969135802469,0.3333333333333333,1.0,1.0,0.057764686630666015,-1.0,-1.0,-0.2829218106995885,-1.0,-1.0,-0.046800850924562265,0.498070987654321,0.12364969135802469,-0.3333333333333333,-1.0,-1.0,ML,ML,ML,SCP,TIE,TIE,HistoricAverage,HistoricAverage,HistoricAverage,x11 seasonal,,,SCP,SCP,SCP,ML,,,x11 seasonal,x11 seasonal,x11 seasonal,HistoricAverage,,,18.980169971671394,50.1929012345679,87.63503086419753,15.123456790123447,0.0,0.0,41976.0,11152.0,10368.0,-30824.0,-31608.0,30824.0,31608.0,459113536,466627392,3,10274.666666666666,10536.0,12370.846589192404,12471.666448394137,0.7343243758338098,0.7530017152658662,-0.7343243758338098,-0.7530017152658662,SCP,x11 seasonal,ML,HistoricAverage,2.4803847127309533,30366.0,12928.0,34949.0,-17438.0,4583.0,18850.0,5727.0,168460036,16970837,3,6283.333333333333,1909.0,7493.553585137917,2378.4334480213374,0.6207600605940855,0.18859909108871764,-0.5742606862938813,0.1509253770664559,ML,HistoricAverage,SCP,x11 seasonal,69.61803713527853,72342.0,24080.0,45317.0,-48262.0,-27025.0,49674.0,37335.0,627573572,483598229,6,8279.0,6222.5,10227.198801887705,8977.733836182342,0.686655055154682,0.5160902380359957,-0.6671366564374775,-0.3735727516518758,ML,HistoricAverage,SCP,x11 seasonal,24.839956516487494,2026-07-14 13:03:02.206,0,,"
"22074,66,66,10592,1,367,CONSUMIBLES DOMESTICOS,""2749"",""IFA RETAIL, S.A."",Enrique Malonda Escriva,,MovingAverage3M,smooth_insuficient,smooth_insuficient_insuficient,insuficient,x11 seasonal,x11 seasonal,success,smooth_insuficient,COMPARABLE,1,1,1,1728.0,648.0,2592.0,1638.0,2592.0,558.0,2483.0,0.0,0.0,1548.0,0.0,0.0,1596.0,1596.0,1596.0,1704.0,0.0,0.0,755.0,-648.0,-2592.0,-90.0,-2592.0,-558.0,-132.0,948.0,-996.0,66.0,-2592.0,-558.0,755.0,648.0,2592.0,90.0,2592.0,558.0,132.0,948.0,996.0,66.0,2592.0,558.0,570025.0,419904.0,6718464.0,8100.0,6718464.0,311364.0,17424.0,898704.0,992016.0,4356.0,6718464.0,311364.0,1,1,1,1,1,1,755.0,648.0,2592.0,90.0,2592.0,558.0,132.0,948.0,996.0,66.0,2592.0,558.0,755.0,648.0,2592.0,90.0,2592.0,558.0,132.0,948.0,996.0,66.0,2592.0,558.0,0.4369212962962963,1.0,1.0,0.054945054945054944,1.0,1.0,0.0763888888888889,1.462962962962963,0.38425925925925924,0.040293040293040296,1.0,1.0,0.4369212962962963,-1.0,-1.0,-0.054945054945054944,-1.0,-1.0,-0.0763888888888889,1.462962962962963,-0.38425925925925924,0.040293040293040296,-1.0,-1.0,ML,SCP,ML,ML,TIE,TIE,MovingAverage3M,x11 seasonal,MovingAverage3M,MovingAverage3M,,,SCP,ML,SCP,SCP,,,x11 seasonal,MovingAverage3M,x11 seasonal,x11 seasonal,,,82.51655629139073,31.645569620253166,61.57407407407407,26.66666666666666,0.0,0.0,4788.0,1548.0,1704.0,-3240.0,-3084.0,3240.0,3216.0,7037928.0,7034184.0,3,1080.0,1072.0,1531.6579252561585,1531.250469387683,0.6766917293233082,0.6716791979949874,-0.6766917293233082,-0.6441102756892231,ML,MovingAverage3M,SCP,x11 seasonal,0.7407407407407408,4968.0,2483.0,4788.0,-2485.0,-180.0,3995.0,2076.0,7708393.0,1908144.0,3,1331.6666666666667,692.0,1602.9548756385295,797.5261751190365,0.80414653784219,0.4178743961352657,-0.5002012882447665,-0.036231884057971016,ML,MovingAverage3M,SCP,x11 seasonal,48.035043804755944,9756.0,4031.0,6492.0,-5725.0,-3264.0,7235.0,5292.0,14746321,8942328.0,6,1205.8333333333333,882.0,1567.711761347304,1220.8144822207837,0.7415949159491595,0.5424354243542435,-0.5868183681836818,-0.33456334563345635,ML,MovingAverage3M,SCP,x11 seasonal,26.855563234277817,2026-07-14 13:03:02.206,0,,"
"22075,66,66,10592,1,36,BOLSA BASURA PROFESIONALES,""2659"",FLORETTE MURCIA S.L.U.,José Mateos-Aparicio Martinez,,,,,,preserve current forecast,preserve current forecast,success,,NOT_COMPARABLE_MISSING_SCP_AND_ML,1,0,0,0.0,0.0,0.0,0.0,0.0,0.0,,,,,,,,,,,,,,,,,,,,,,,,,,,,,,,,,,,,,,,,,,,,,,,,,,,,,,,,,,,,,,,,,,,,,,,,,,,,,,,,,,,,,,,,,,,,,,,,,,,,,,,,,,,,,,,,,,,,,,,,,,,,,,,,,,,,,,,,,,,,,,,,,,,,,,,,,,,,,,,,,,,,,,,,,,,,,,,,,,,,,,,,,,,,,,,,,,,,,,,,,,2026-07-14 13:03:02.206,1,MissingHistory,NoForecastRowsMaterialized"
"22076,66,66,10592,1,77,CONSUMIBLES DOMESTICOS,""283"",""CENTROS COMERCIALES CARREFOUR, S.A."",Enrique Malonda Escriva,,SeasonalNaive,smooth_insuficient,smooth_insuficient_insuficient,insuficient,x11 seasonal,x11 seasonal,success,smooth_insuficient,COMPARABLE,1,1,1,273.0,315.0,441.0,399.0,357.0,693.0,303.0,0.0,0.0,406.0,0.0,0.0,231.0,252.0,672.0,336.0,0.0,0.0,30.0,-315.0,-441.0,7.0,-357.0,-693.0,-42.0,-63.0,231.0,-63.0,-357.0,-693.0,30.0,315.0,441.0,7.0,357.0,693.0,42.0,63.0,231.0,63.0,357.0,693.0,900.0,99225.0,194481.0,49.0,127449.0,480249.0,1764.0,3969.0,53361.0,3969.0,127449.0,480249.0,1,1,1,1,1,1,30.0,315.0,441.0,7.0,357.0,693.0,42.0,63.0,231.0,63.0,357.0,693.0,30.0,315.0,441.0,7.0,357.0,693.0,42.0,63.0,231.0,63.0,357.0,693.0,0.10989010989010989,1.0,1.0,0.017543859649122806,1.0,1.0,0.15384615384615385,0.2,0.5238095238095238,0.15789473684210525,1.0,1.0,0.10989010989010989,-1.0,-1.0,0.017543859649122806,-1.0,-1.0,-0.15384615384615385,-0.2,0.5238095238095238,-0.15789473684210525,-1.0,-1.0,SCP,ML,ML,SCP,TIE,TIE,x11 seasonal,SeasonalNaive,SeasonalNaive,x11 seasonal,,,ML,SCP,SCP,ML,,,SeasonalNaive,x11 seasonal,x11 seasonal,SeasonalNaive,,,28.571428571428577,80.0,47.61904761904761,88.88888888888889,0.0,0.0,1449.0,406.0,336.0,-1043.0,-1113.0,1057.0,1113.0,607747.0,611667.0,3,352.3333333333333,371.0,450.0914721846364,451.54069584036387,0.7294685990338164,0.7681159420289855,-0.7198067632850241,-0.7681159420289855,SCP,x11 seasonal,ML,SeasonalNaive,5.031446540880497,1029.0,303.0,1155.0,-726.0,126.0,786.0,336.0,294606.0,59094.0,3,262.0,112.0,313.3719834318314,140.34956359034396,0.7638483965014577,0.32653061224489793,-0.7055393586005831,0.12244897959183673,ML,SeasonalNaive,SCP,x11 seasonal,57.25190839694657,2478.0,709.0,1491.0,-1769.0,-987.0,1843.0,1449.0,902353.0,670761.0,6,307.1666666666667,241.5,387.8042891287649,334.35534988990383,0.7437449556093624,0.5847457627118644,-0.7138821630347054,-0.3983050847457627,ML,SeasonalNaive,SCP,x11 seasonal,21.3781877373847,2026-07-14 13:03:02.206,0,,"
"22077,66,66,10592,1,93,CONSUMIBLES DOMESTICOS,""285"",CASALMA S.L,Enrique Malonda Escriva,,SeasonalNaive,intermittent_insuficient,intermittent_insuficient_insuficient,insuficient,syntetos-boylan,syntetos-boylan,success,intermittent_insuficient,NOT_COMPARABLE_MISSING_SCP,1,0,1,288.0,0.0,144.0,0.0,0.0,0.0,,,,,,,0.0,0.0,0.0,288.0,0.0,0.0,,,,,,,,,,,,,,,,,,,,,,,,,,,,,,,,,,,,,,,,,,,,,,,,,,,,,,,,,,,,,,,,,,,,,,,,,,,,,,,,,,,,,,,,,,,,,,,,,,,,,,,,,,,,,,,,,,,,,,,,,,,,,,,,,,,,,,,,,,,,,,,,,,,,,,,,,,,,,,,,,,,,,,,,,,,,,,,,,,,,,,,,,,,,,,2026-07-14 13:03:02.206,0,,NoForecastRowsMaterialized"
"22078,66,66,10592,1,243,CONSUMIBLES DOMESTICOS,""2673"",""SUPER JAROCAL, S.L."",Enrique Malonda Escriva,,,,,,preserve current forecast,preserve current forecast,success,,NOT_COMPARABLE_MISSING_SCP_AND_ML,1,0,0,0.0,0.0,0.0,0.0,0.0,0.0,,,,,,,,,,,,,,,,,,,,,,,,,,,,,,,,,,,,,,,,,,,,,,,,,,,,,,,,,,,,,,,,,,,,,,,,,,,,,,,,,,,,,,,,,,,,,,,,,,,,,,,,,,,,,,,,,,,,,,,,,,,,,,,,,,,,,,,,,,,,,,,,,,,,,,,,,,,,,,,,,,,,,,,,,,,,,,,,,,,,,,,,,,,,,,,,,,,,,,,,,,2026-07-14 13:03:02.206,1,MissingHistory,NoForecastRowsMaterialized"
"22079,66,66,10592,1,252,CONSUMIBLES DOMESTICOS,""2674"",""TRANSGOURMET IBERICA S.A. -GM FOOD IBERICA, S.A.U."",Enrique Malonda Escriva,,,,,,average,average,success,,NOT_COMPARABLE_ML_EXCLUDED,1,1,0,0.0,1800.0,945.0,0.0,0.0,900.0,495.0,0.0,0.0,450.0,0.0,0.0,,,,,,,,,,,,,,,,,,,,,,,,,,,,,,,,,,,,,,,,,,,,,,,,,,,,,,,,,,,,,,,,,,,,,,,,,,,,,,,,,,,,,,,,,,,,,,,,,,,,,,,,,,,,,,,,,,,,,,,,,,,,,,,,,,,,,,,,,,,,,,,,,,,,,,,,,,,,,,,,,,,,,,,,,,,,,,,,,,,,,,,,,,,,,,,,,,,,2026-07-14 13:03:02.206,1,ShortSeries,"
"22080,66,66,10592,1,295,CONSUMIBLES DOMESTICOS,""2690"",PRIMAPRIX S.L.U,Enrique Malonda Escriva,,,,,,preserve current forecast,preserve current forecast,success,,NOT_COMPARABLE_MISSING_SCP_AND_ML,1,0,0,0.0,0.0,0.0,0.0,0.0,0.0,,,,,,,,,,,,,,,,,,,,,,,,,,,,,,,,,,,,,,,,,,,,,,,,,,,,,,,,,,,,,,,,,,,,,,,,,,,,,,,,,,,,,,,,,,,,,,,,,,,,,,,,,,,,,,,,,,,,,,,,,,,,,,,,,,,,,,,,,,,,,,,,,,,,,,,,,,,,,,,,,,,,,,,,,,,,,,,,,,,,,,,,,,,,,,,,,,,,,,,,,,2026-07-14 13:03:02.206,1,MissingHistory,NoForecastRowsMaterialized"
"22081,66,66,10592,1,379,CONSUMIBLES DOMESTICOS,""2755"",COVIRAN,José Luís Sabater _,,TSB,intermittent_insuficient,intermittent_insuficient_insuficient,insuficient,seasonal discrete,seasonal discrete,success,intermittent_insuficient,COMPARABLE,1,1,1,8640.0,1440.0,4320.0,4320.0,0.0,2880.0,4320.0,0.0,0.0,1440.0,0.0,0.0,2733.0,2732.0,2733.0,1440.0,0.0,0.0,-4320.0,-1440.0,-4320.0,-2880.0,0.0,-2880.0,-5907.0,1292.0,-1587.0,-2880.0,0.0,-2880.0,4320.0,1440.0,4320.0,2880.0,0.0,2880.0,5907.0,1292.0,1587.0,2880.0,0.0,2880.0,18662400,2073600.0,18662400,8294400.0,0.0,8294400.0,34892649,1669264.0,2518569.0,8294400.0,0.0,8294400.0,1,1,1,1,0,1,4320.0,1440.0,4320.0,2880.0,,2880.0,5907.0,1292.0,1587.0,2880.0,,2880.0,4320.0,1440.0,4320.0,2880.0,,2880.0,5907.0,1292.0,1587.0,2880.0,,2880.0,0.5,1.0,1.0,0.6666666666666666,,1.0,0.6836805555555555,0.8972222222222223,0.36736111111111114,0.6666666666666666,,1.0,-0.5,-1.0,-1.0,-0.6666666666666666,,-1.0,-0.6836805555555555,0.8972222222222223,-0.36736111111111114,-0.6666666666666666,,-1.0,SCP,ML,ML,TIE,,TIE,seasonal discrete,TSB,TSB,,,,ML,SCP,SCP,,,,TSB,seasonal discrete,seasonal discrete,,,,26.866429659725743,10.277777777777775,63.263888888888886,0.0,,0.0,7200.0,1440.0,1440.0,-5760.0,-5760.0,5760.0,5760.0,16588800,16588800,2,2880.0,2880.0,2880.0,2880.0,0.8,0.8,-0.8,-0.8,TIE,,,,0.0,14400.0,4320.0,8198.0,-10080.0,-6202.0,10080.0,8786.0,39398400,39080482,3,3360.0,2928.6666666666665,3623.92052892996,3609.2696398763746,0.7,0.6101388888888889,-0.7,-0.43069444444444444,ML,TSB,SCP,seasonal discrete,12.83730158730158,21600.0,5760.0,9638.0,-15840.0,-11962.0,15840.0,14546.0,55987200,55669282,5,3168.0,2909.2,3346.2576111232083,3336.7433824014697,0.7333333333333333,0.6734259259259259,-0.7333333333333333,-0.5537962962962963,ML,TSB,SCP,seasonal discrete,8.16919191919192,2026-07-14 13:03:02.206,0,,"
"22082,66,66,10592,1,468,CONSUMIBLES DOMESTICOS,""2790"",AHORRAMAS (GRUPO IFA),Enrique Malonda Escriva,,SeasonalNaive,intermittent_insuficient,intermittent_insuficient_insuficient,insuficient,seasonal discrete,seasonal discrete,success,intermittent_insuficient,COMPARABLE,1,1,1,864.0,720.0,432.0,1728.0,864.0,0.0,1141.0,0.0,0.0,248.0,0.0,0.0,864.0,864.0,864.0,792.0,0.0,0.0,277.0,-720.0,-432.0,-1480.0,-864.0,0.0,0.0,144.0,432.0,-936.0,-864.0,0.0,277.0,720.0,432.0,1480.0,864.0,0.0,0.0,144.0,432.0,936.0,864.0,0.0,76729.0,518400.0,186624.0,2190400.0,746496.0,0.0,0.0,20736.0,186624.0,876096.0,746496.0,0.0,1,1,1,1,1,0,277.0,720.0,432.0,1480.0,864.0,,0.0,144.0,432.0,936.0,864.0,,277.0,720.0,432.0,1480.0,864.0,,0.0,144.0,432.0,936.0,864.0,,0.32060185185185186,1.0,1.0,0.8564814814814815,1.0,,0.0,0.2,1.0,0.5416666666666666,1.0,,0.32060185185185186,-1.0,-1.0,-0.8564814814814815,-1.0,,0.0,0.2,1.0,-0.5416666666666666,-1.0,,ML,ML,TIE,ML,TIE,,SeasonalNaive,SeasonalNaive,,SeasonalNaive,,,SCP,SCP,,SCP,,,seasonal discrete,seasonal discrete,,seasonal discrete,,,100.0,80.0,0.0,36.756756756756765,0.0,,2592.0,248.0,792.0,-2344.0,-1800.0,2344.0,1800.0,2936896.0,1622592.0,2,1172.0,900.0,1211.7953622621271,900.7197122301699,0.904320987654321,0.6944444444444444,-0.904320987654321,-0.6944444444444444,ML,SeasonalNaive,SCP,seasonal discrete,23.208191126279868,2016.0,1141.0,2592.0,-875.0,576.0,1429.0,576.0,781753.0,207360.0,3,476.3333333333333,192.0,510.4746157580545,262.9068276024797,0.7088293650793651,0.2857142857142857,-0.4340277777777778,0.2857142857142857,ML,SeasonalNaive,SCP,seasonal discrete,59.69209237228832,4608.0,1389.0,3384.0,-3219.0,-1224.0,3773.0,2376.0,3718649.0,1829952.0,5,754.6,475.2,862.3977040785766,604.9714042828801,0.8187934027777778,0.515625,-0.6985677083333334,-0.265625,ML,SeasonalNaive,SCP,seasonal discrete,37.02623906705539,2026-07-14 13:03:02.206,0,,"
"22083,66,66,10592,1,488,CONSUMIBLES DOMESTICOS,""2790"",JUAN FORNES - SUPERMERCADOS MAS Y MAS,Enrique Malonda Escriva,,MovingAverage12M,smooth_insuficient,smooth_insuficient_insuficient,insuficient,x11 seasonal,x11 seasonal,success,smooth_insuficient,COMPARABLE,1,1,1,288.0,144.0,288.0,288.0,144.0,288.0,170.0,0.0,0.0,359.0,0.0,0.0,171.0,171.0,171.0,192.0,0.0,0.0,-118.0,-144.0,-288.0,71.0,-144.0,-288.0,-117.0,27.0,-117.0,-96.0,-144.0,-288.0,118.0,144.0,288.0,71.0,144.0,288.0,117.0,27.0,117.0,96.0,144.0,288.0,13924.0,20736.0,82944.0,5041.0,20736.0,82944.0,13689.0,729.0,13689.0,9216.0,20736.0,82944.0,1,1,1,1,1,1,118.0,144.0,288.0,71.0,144.0,288.0,117.0,27.0,117.0,96.0,144.0,288.0,118.0,144.0,288.0,71.0,144.0,288.0,117.0,27.0,117.0,96.0,144.0,288.0,0.4097222222222222,1.0,1.0,0.2465277777777778,1.0,1.0,0.40625,0.1875,0.40625,0.3333333333333333,1.0,1.0,-0.4097222222222222,-1.0,-1.0,0.2465277777777778,-1.0,-1.0,-0.40625,0.1875,-0.40625,-0.3333333333333333,-1.0,-1.0,ML,ML,ML,SCP,TIE,TIE,MovingAverage12M,MovingAverage12M,MovingAverage12M,x11 seasonal,,,SCP,SCP,SCP,ML,,,x11 seasonal,x11 seasonal,x11 seasonal,MovingAverage12M,,,0.8474576271186411,81.25,59.375,26.041666666666657,0.0,0.0,720.0,359.0,192.0,-361.0,-528.0,503.0,528.0,108721.0,112896.0,3,167.66666666666666,176.0,190.36894004362512,193.98969044771425,0.6986111111111111,0.7333333333333333,-0.5013888888888889,-0.7333333333333333,SCP,x11 seasonal,ML,MovingAverage12M,4.7348484848484835,720.0,170.0,513.0,-550.0,-207.0,550.0,261.0,117604.0,28107.0,3,183.33333333333334,87.0,197.99326587874987,96.79359482941007,0.7638888888888888,0.3625,-0.7638888888888888,-0.2875,ML,MovingAverage12M,SCP,x11 seasonal,52.54545454545454,1440.0,529.0,705.0,-911.0,-735.0,1053.0,789.0,226325.0,141003.0,6,175.5,131.5,194.21851954263613,153.29872797906708,0.73125,0.5479166666666667,-0.6326388888888889,-0.5104166666666666,ML,MovingAverage12M,SCP,x11 seasonal,25.07122507122506,2026-07-14 13:03:02.206,0,,"
"22084,66,66,10592,1,53,BOLSA BASURA PROFESIONALES,""4594"",UVESA,José Mateos-Aparicio Martinez,,,,,,preserve current forecast,preserve current forecast,success,,NOT_COMPARABLE_MISSING_SCP_AND_ML,1,0,0,0.0,0.0,0.0,864.0,0.0,0.0,,,,,,,,,,,,,,,,,,,,,,,,,,,,,,,,,,,,,,,,,,,,,,,,,,,,,,,,,,,,,,,,,,,,,,,,,,,,,,,,,,,,,,,,,,,,,,,,,,,,,,,,,,,,,,,,,,,,,,,,,,,,,,,,,,,,,,,,,,,,,,,,,,,,,,,,,,,,,,,,,,,,,,,,,,,,,,,,,,,,,,,,,,,,,,,,,,,,,,,,,,2026-07-14 13:03:02.206,1,MissingHistory,NoForecastRowsMaterialized"
"22085,66,66,10592,1,85,CONSUMIBLES DOMESTICOS,""283"",LIDER ALIMENT,Enrique Malonda Escriva,,TSB,intermittent_insuficient,intermittent_insuficient_insuficient,insuficient,seasonal discrete,seasonal discrete,success,intermittent_insuficient,COMPARABLE,1,1,1,0.0,399.0,0.0,357.0,0.0,0.0,266.0,0.0,0.0,0.0,0.0,0.0,271.0,270.0,271.0,0.0,0.0,0.0,266.0,-399.0,0.0,-357.0,0.0,0.0,271.0,-129.0,271.0,-357.0,0.0,0.0,266.0,399.0,0.0,357.0,0.0,0.0,271.0,129.0,271.0,357.0,0.0,0.0,70756.0,159201.0,0.0,127449.0,0.0,0.0,73441.0,16641.0,73441.0,127449.0,0.0,0.0,0,1,0,1,0,0,,399.0,,357.0,,,,129.0,,357.0,,,,399.0,,357.0,,,,129.0,,357.0,,,,1.0,,1.0,,,,0.3233082706766917,,1.0,,,,-1.0,,-1.0,,,,-0.3233082706766917,,-1.0,,,,ML,,TIE,,,,TSB,,,,,,SCP,,,,,,seasonal discrete,,,,,,67.66917293233084,,0.0,,,357.0,0.0,0.0,-357.0,-357.0,357.0,357.0,127449.0,127449.0,1,357.0,357.0,357.0,357.0,1.0,1.0,-1.0,-1.0,TIE,,,,0.0,399.0,266.0,812.0,-133.0,413.0,665.0,671.0,229957.0,163523.0,1,665.0,671.0,479.5383196367106,404.3797719965726,1.6666666666666667,1.681704260651629,-0.3333333333333333,1.0350877192982457,SCP,seasonal discrete,ML,TSB,0.8941877794336744,756.0,266.0,812.0,-490.0,56.0,1022.0,1028.0,357406.0,290972.0,2,511.0,514.0,422.732776112759,381.4262707260736,1.3518518518518519,1.3597883597883598,-0.6481481481481481,0.07407407407407407,SCP,seasonal discrete,ML,TSB,0.5836575875486361,2026-07-14 13:03:02.206,0,,NoForecastRowsMaterialized"
"22086,66,66,10592,1,101,CONSUMIBLES DOMESTICOS,""285"",HIPER USERA S.L,Enrique Malonda Escriva,,,,,,preserve current forecast,preserve current forecast,success,,NOT_COMPARABLE_MISSING_SCP_AND_ML,1,0,0,0.0,0.0,0.0,0.0,0.0,0.0,,,,,,,,,,,,,,,,,,,,,,,,,,,,,,,,,,,,,,,,,,,,,,,,,,,,,,,,,,,,,,,,,,,,,,,,,,,,,,,,,,,,,,,,,,,,,,,,,,,,,,,,,,,,,,,,,,,,,,,,,,,,,,,,,,,,,,,,,,,,,,,,,,,,,,,,,,,,,,,,,,,,,,,,,,,,,,,,,,,,,,,,,,,,,,,,,,,,,,,,,,2026-07-14 13:03:02.206,1,MissingHistory,NoForecastRowsMaterialized"
"22087,66,66,10592,1,201,CONSUMIBLES DOMESTICOS,""309"",""IFA RETAIL, S.A."",Enrique Malonda Escriva,,MovingAverage3M,lumpy_insuficient,lumpy_insuficient_insuficient,insuficient,seasonal discrete,seasonal discrete,success,lumpy_insuficient,COMPARABLE,1,1,1,1120.0,560.0,0.0,560.0,6720.0,700.0,2300.0,0.0,0.0,1840.0,0.0,0.0,420.0,840.0,0.0,1414.0,0.0,0.0,1180.0,-560.0,0.0,1280.0,-6720.0,-700.0,-700.0,280.0,0.0,854.0,-6720.0,-700.0,1180.0,560.0,0.0,1280.0,6720.0,700.0,700.0,280.0,0.0,854.0,6720.0,700.0,1392400.0,313600.0,0.0,1638400.0,45158400,490000.0,490000.0,78400.0,0.0,729316.0,45158400,490000.0,1,1,0,1,1,1,1180.0,560.0,,1280.0,6720.0,700.0,700.0,280.0,,854.0,6720.0,700.0,1180.0,560.0,,1280.0,6720.0,700.0,700.0,280.0,,854.0,6720.0,700.0,1.0535714285714286,1.0,,2.2857142857142856,1.0,1.0,0.625,0.5,,1.525,1.0,1.0,1.0535714285714286,-1.0,,2.2857142857142856,-1.0,-1.0,-0.625,0.5,,1.525,-1.0,-1.0,ML,ML,,ML,TIE,TIE,MovingAverage3M,MovingAverage3M,,MovingAverage3M,,,SCP,SCP,,SCP,,,seasonal discrete,seasonal discrete,,seasonal discrete,,,40.67796610169492,50.0,,33.28125,0.0,0.0,7980.0,1840.0,1414.0,-6140.0,-6566.0,8700.0,8274.0,47286800,46377716,3,2900.0,2758.0,3970.1721205341546,3931.823834642985,1.0902255639097744,1.0368421052631578,-0.7694235588972431,-0.8228070175438597,ML,MovingAverage3M,SCP,seasonal discrete,4.89655172413794,1680.0,2300.0,1260.0,620.0,-420.0,1740.0,980.0,1706000.0,568400.0,2,870.0,490.0,923.5799911215054,533.1041174104736,1.0357142857142858,0.5833333333333334,0.36904761904761907,-0.25,ML,MovingAverage3M,SCP,seasonal discrete,43.67816091954023,9660.0,4140.0,2674.0,-5520.0,-6986.0,10440.0,9254.0,48992800,46946116,5,2088.0,1850.8,3130.2651644868683,3064.183937037723,1.0807453416149069,0.9579710144927536,-0.5714285714285714,-0.7231884057971014,ML,MovingAverage3M,SCP,seasonal discrete,11.36015325670499,2026-07-14 13:03:02.206,0,,"
"22088,66,66,10592,1,210,CONSUMIBLES DOMESTICOS,""312"",UNIALCO S.L.( UVESCO),Enrique Malonda Escriva,,MovingAverage3M,smooth_recentRelease,smooth_recentRelease_recentRelease,recentRelease,x11 lineal,x11 lineal,success,smooth_recentRelease,COMPARABLE,1,1,1,800.0,480.0,480.0,800.0,1440.0,800.0,882.0,0.0,0.0,698.0,0.0,0.0,1067.0,1067.0,1066.0,595.0,0.0,0.0,82.0,-480.0,-480.0,-102.0,-1440.0,-800.0,267.0,587.0,586.0,-205.0,-1440.0,-800.0,82.0,480.0,480.0,102.0,1440.0,800.0,267.0,587.0,586.0,205.0,1440.0,800.0,6724.0,230400.0,230400.0,10404.0,2073600.0,640000.0,71289.0,344569.0,343396.0,42025.0,2073600.0,640000.0,1,1,1,1,1,1,82.0,480.0,480.0,102.0,1440.0,800.0,267.0,587.0,586.0,205.0,1440.0,800.0,82.0,480.0,480.0,102.0,1440.0,800.0,267.0,587.0,586.0,205.0,1440.0,800.0,0.1025,1.0,1.0,0.1275,1.0,1.0,0.33375,1.2229166666666667,1.2208333333333334,0.25625,1.0,1.0,0.1025,-1.0,-1.0,-0.1275,-1.0,-1.0,0.33375,1.2229166666666667,1.2208333333333334,-0.25625,-1.0,-1.0,SCP,SCP,SCP,SCP,TIE,TIE,x11 lineal,x11 lineal,x11 lineal,x11 lineal,,,ML,ML,ML,ML,,,MovingAverage3M,MovingAverage3M,MovingAverage3M,MovingAverage3M,,,69.28838951310861,18.228279386712096,18.088737201365195,50.24390243902439,0.0,0.0,3040.0,698.0,595.0,-2342.0,-2445.0,2342.0,2445.0,2724004.0,2755625.0,3,780.6666666666666,815.0,952.8910395912711,958.4057943620054,0.7703947368421052,0.8042763157894737,-0.7703947368421052,-0.8042763157894737,SCP,x11 lineal,ML,MovingAverage3M,4.212678936605318,1760.0,882.0,3200.0,-878.0,1440.0,1042.0,1440.0,467524.0,759254.0,3,347.3333333333333,480.0,394.7674420887991,503.07520975165,0.5920454545454545,0.8181818181818182,-0.49886363636363634,0.8181818181818182,SCP,x11 lineal,ML,MovingAverage3M,27.638888888888896,4800.0,1580.0,3795.0,-3220.0,-1005.0,3384.0,3885.0,3191528.0,3514879.0,6,564.0,647.5,729.3293723231866,765.3843261177136,0.705,0.809375,-0.6708333333333333,-0.209375,SCP,x11 lineal,ML,MovingAverage3M,12.895752895752896,2026-07-14 13:03:02.206,0,,"
"22089,66,66,10592,1,228,CONSUMIBLES DOMESTICOS,""2671"",PRIMAPRIX S.L.U,Enrique Malonda Escriva,,,,,,preserve current forecast,preserve current forecast,success,,NOT_COMPARABLE_MISSING_SCP_AND_ML,1,0,0,0.0,0.0,0.0,0.0,0.0,0.0,,,,,,,,,,,,,,,,,,,,,,,,,,,,,,,,,,,,,,,,,,,,,,,,,,,,,,,,,,,,,,,,,,,,,,,,,,,,,,,,,,,,,,,,,,,,,,,,,,,,,,,,,,,,,,,,,,,,,,,,,,,,,,,,,,,,,,,,,,,,,,,,,,,,,,,,,,,,,,,,,,,,,,,,,,,,,,,,,,,,,,,,,,,,,,,,,,,,,,,,,,2026-07-14 13:03:02.206,1,MissingHistory,NoForecastRowsMaterialized"
"22090,66,66,10592,1,237,CONSUMIBLES DOMESTICOS,""2673"",FLORETTE HORTICOLA NAVARRA S.L.U.,José Mateos-Aparicio Martinez,,,,,,preserve current forecast,preserve current forecast,success,,NOT_COMPARABLE_MISSING_SCP_AND_ML,1,0,0,0.0,0.0,0.0,0.0,0.0,0.0,,,,,,,,,,,,,,,,,,,,,,,,,,,,,,,,,,,,,,,,,,,,,,,,,,,,,,,,,,,,,,,,,,,,,,,,,,,,,,,,,,,,,,,,,,,,,,,,,,,,,,,,,,,,,,,,,,,,,,,,,,,,,,,,,,,,,,,,,,,,,,,,,,,,,,,,,,,,,,,,,,,,,,,,,,,,,,,,,,,,,,,,,,,,,,,,,,,,,,,,,,2026-07-14 13:03:02.206,1,MissingHistory,NoForecastRowsMaterialized"
"22091,66,66,10592,1,303,CONSUMIBLES DOMESTICOS,""2694"",COVIRAN,José Luís Sabater _,,HistoricAverage,smooth_insuficient,smooth_insuficient_insuficient,insuficient,x11 seasonal,x11 seasonal,success,smooth_insuficient,COMPARABLE,1,1,1,20115.0,7305.0,14970.0,16305.0,5250.0,9750.0,11213.0,0.0,0.0,9503.0,0.0,0.0,10247.0,10247.0,10247.0,10193.0,0.0,0.0,-8902.0,-7305.0,-14970.0,-6802.0,-5250.0,-9750.0,-9868.0,2942.0,-4723.0,-6112.0,-5250.0,-9750.0,8902.0,7305.0,14970.0,6802.0,5250.0,9750.0,9868.0,2942.0,4723.0,6112.0,5250.0,9750.0,79245604,53363025,224100900,46267204,27562500,95062500,97377424,8655364.0,22306729,37356544,27562500,95062500,1,1,1,1,1,1,8902.0,7305.0,14970.0,6802.0,5250.0,9750.0,9868.0,2942.0,4723.0,6112.0,5250.0,9750.0,8902.0,7305.0,14970.0,6802.0,5250.0,9750.0,9868.0,2942.0,4723.0,6112.0,5250.0,9750.0,0.4425553069848372,1.0,1.0,0.41717264642747626,1.0,1.0,0.49057916977380067,0.4027378507871321,0.31549766199064794,0.37485433915976696,1.0,1.0,-0.4425553069848372,-1.0,-1.0,-0.41717264642747626,-1.0,-1.0,-0.49057916977380067,0.4027378507871321,-0.31549766199064794,-0.37485433915976696,-1.0,-1.0,SCP,ML,ML,ML,TIE,TIE,x11 seasonal,HistoricAverage,HistoricAverage,HistoricAverage,,,ML,SCP,SCP,SCP,,,HistoricAverage,x11 seasonal,x11 seasonal,x11 seasonal,,,9.789217673287396,59.72621492128679,68.4502338009352,10.144075271978831,0.0,0.0,31305.0,9503.0,10193.0,-21802.0,-21112.0,21802.0,21112.0,168892204,159981544,3,7267.333333333333,7037.333333333333,7503.159423425131,7302.546222608477,0.696438268647181,0.6743970611723367,-0.696438268647181,-0.6743970611723367,ML,HistoricAverage,SCP,x11 seasonal,3.1648472617191095,42390.0,11213.0,30741.0,-31177.0,-11649.0,31177.0,17533.0,356709529,128339517,3,10392.333333333334,5844.333333333333,10904.273306063698,6540.629862635555,0.7354800660533145,0.4136117008728474,-0.7354800660533145,-0.2748053786270347,ML,HistoricAverage,SCP,x11 seasonal,43.763030439105755,73695.0,20716.0,40934.0,-52979.0,-32761.0,52979.0,38645.0,525601733,288321061,6,8829.833333333334,6440.833333333333,9359.502595401817,6932.06391824734,0.7188954474523374,0.5243910713074157,-0.7188954474523374,-0.44454847683017845,ML,HistoricAverage,SCP,x11 seasonal,27.056003322071014,2026-07-14 13:03:02.206,0,,"
"22092,66,66,10592,1,344,CONSUMIBLES DOMESTICOS,""2743"",ALDI SAN ISIDRO SUPERMERCADOS S.L.U,Enrique Malonda Escriva,,,,,,preserve current forecast,preserve current forecast,success,,NOT_COMPARABLE_ML_EXCLUDED,1,1,0,0.0,0.0,0.0,0.0,0.0,0.0,0.0,0.0,0.0,377.0,0.0,0.0,,,,,,,,,,,,,,,,,,,,,,,,,,,,,,,,,,,,,,,,,,,,,,,,,,,,,,,,,,,,,,,,,,,,,,,,,,,,,,,,,,,,,,,,,,,,,,,,,,,,,,,,,,,,,,,,,,,,,,,,,,,,,,,,,,,,,,,,,,,,,,,,,,,,,,,,,,,,,,,,,,,,,,,,,,,,,,,,,,,,,,,,,,,,,,,,,,,,2026-07-14 13:03:02.206,1,MissingHistory,NoForecastRowsMaterialized"
"22093,66,66,10592,1,385,CONSUMIBLES DOMESTICOS,""2757"",""DIA RETAIL ESPAÑA, S.A."",Enrique Malonda Escriva,,SeasonalNaive,smooth_insuficient,smooth_insuficient_insuficient,insuficient,x11 lineal,x11 lineal,success,smooth_insuficient,COMPARABLE,1,1,1,25920.0,23328.0,16848.0,32400.0,19440.0,28512.0,24161.0,22781.0,21895.0,22654.0,23276.0,23673.0,22032.0,19440.0,18144.0,19440.0,20736.0,24962.0,-1759.0,-547.0,5047.0,-9746.0,3836.0,-4839.0,-3888.0,-3888.0,1296.0,-12960.0,1296.0,-3550.0,1759.0,547.0,5047.0,9746.0,3836.0,4839.0,3888.0,3888.0,1296.0,12960.0,1296.0,3550.0,3094081.0,299209.0,25472209,94984516,14714896,23415921,15116544,15116544,1679616.0,167961600,1679616.0,12602500,1,1,1,1,1,1,1759.0,547.0,5047.0,9746.0,3836.0,4839.0,3888.0,3888.0,1296.0,12960.0,1296.0,3550.0,1759.0,547.0,5047.0,9746.0,3836.0,4839.0,3888.0,3888.0,1296.0,12960.0,1296.0,3550.0,0.06786265432098765,0.023448216735253772,0.2995607787274454,0.30080246913580244,0.19732510288065844,0.16971801346801346,0.15,0.16666666666666666,0.07692307692307693,0.4,0.06666666666666667,0.12450897867564534,-0.06786265432098765,-0.023448216735253772,0.2995607787274454,-0.30080246913580244,0.19732510288065844,-0.16971801346801346,-0.15,-0.16666666666666666,0.07692307692307693,-0.4,0.06666666666666667,-0.12450897867564534,SCP,SCP,ML,SCP,ML,ML,x11 lineal,x11 lineal,SeasonalNaive,x11 lineal,SeasonalNaive,SeasonalNaive,ML,ML,SCP,ML,SCP,SCP,SeasonalNaive,SeasonalNaive,x11 lineal,SeasonalNaive,x11 lineal,x11 lineal,54.75823045267491,85.93106995884774,74.32137903705171,24.799382716049394,66.21480709071949,26.63773506922918,80352.0,69603.0,65138.0,-10749.0,-15214.0,18421.0,17806.0,133115333,182243716,3,6140.333333333333,5935.333333333333,6661.214428816014,7794.094259972311,0.22925378335324573,0.22159996017522898,-0.13377389486260455,-0.18934189565909995,ML,SeasonalNaive,SCP,x11 lineal,3.3385809673742,66096.0,68837.0,59616.0,2741.0,-6480.0,7353.0,9072.0,28865499,31912704,3,2451.0,3024.0,3101.9079612393402,3261.528476036964,0.11124727668845316,0.13725490196078433,0.04146998305495037,-0.09803921568627451,SCP,x11 lineal,ML,SeasonalNaive,18.948412698412703,146448.0,138440.0,124754.0,-8008.0,-21694.0,25774.0,26878.0,161980832,214156420,6,4295.666666666667,4479.666666666667,5195.845006669592,5974.339851955751,0.1759942095487818,0.18353272151207253,-0.05468152518300011,-0.14813449142357696,SCP,x11 lineal,ML,SeasonalNaive,4.107448470868367,2026-07-14 13:03:02.206,0,,"
"22094,66,66,10592,1,396,CONSUMIBLES DOMESTICOS,""2758"",HIPER USERA S.L,Enrique Malonda Escriva,,,,,,preserve current forecast,preserve current forecast,success,,NOT_COMPARABLE_MISSING_SCP_AND_ML,1,0,0,0.0,0.0,0.0,0.0,0.0,0.0,,,,,,,,,,,,,,,,,,,,,,,,,,,,,,,,,,,,,,,,,,,,,,,,,,,,,,,,,,,,,,,,,,,,,,,,,,,,,,,,,,,,,,,,,,,,,,,,,,,,,,,,,,,,,,,,,,,,,,,,,,,,,,,,,,,,,,,,,,,,,,,,,,,,,,,,,,,,,,,,,,,,,,,,,,,,,,,,,,,,,,,,,,,,,,,,,,,,,,,,,,2026-07-14 13:03:02.206,1,MissingHistory,NoForecastRowsMaterialized"
"22095,66,66,10592,1,462,CONSUMIBLES DOMESTICOS,""2786"",AHORRAMAS (GRUPO IFA),Enrique Malonda Escriva,,MovingAverage3M,smooth_insuficient,smooth_insuficient_insuficient,insuficient,x11 seasonal,x11 seasonal,success,smooth_insuficient,COMPARABLE,1,1,1,5760.0,7200.0,8640.0,5760.0,8640.0,8640.0,8348.0,0.0,0.0,6888.0,0.0,0.0,7680.0,7680.0,7680.0,6897.0,0.0,0.0,2588.0,-7200.0,-8640.0,1128.0,-8640.0,-8640.0,1920.0,480.0,-960.0,1137.0,-8640.0,-8640.0,2588.0,7200.0,8640.0,1128.0,8640.0,8640.0,1920.0,480.0,960.0,1137.0,8640.0,8640.0,6697744.0,51840000,74649600,1272384.0,74649600,74649600,3686400.0,230400.0,921600.0,1292769.0,74649600,74649600,1,1,1,1,1,1,2588.0,7200.0,8640.0,1128.0,8640.0,8640.0,1920.0,480.0,960.0,1137.0,8640.0,8640.0,2588.0,7200.0,8640.0,1128.0,8640.0,8640.0,1920.0,480.0,960.0,1137.0,8640.0,8640.0,0.44930555555555557,1.0,1.0,0.19583333333333333,1.0,1.0,0.3333333333333333,0.06666666666666667,0.1111111111111111,0.19739583333333333,1.0,1.0,0.44930555555555557,-1.0,-1.0,0.19583333333333333,-1.0,-1.0,0.3333333333333333,0.06666666666666667,-0.1111111111111111,0.19739583333333333,-1.0,-1.0,ML,ML,ML,SCP,TIE,TIE,MovingAverage3M,MovingAverage3M,MovingAverage3M,x11 seasonal,,,SCP,SCP,SCP,ML,,,x11 seasonal,x11 seasonal,x11 seasonal,MovingAverage3M,,,25.811437403400316,93.33333333333333,88.88888888888889,0.7915567282321873,0.0,0.0,23040.0,6888.0,6897.0,-16152.0,-16143.0,18408.0,18417.0,150571584,150591969,3,6136.0,6139.0,7084.527366028026,7085.006916016385,0.7989583333333333,0.7993489583333333,-0.7010416666666667,-0.7006510416666667,SCP,x11 seasonal,ML,MovingAverage3M,0.04886789379377471,21600.0,8348.0,23040.0,-13252.0,1440.0,18428.0,3360.0,133187344,4838400.0,3,6142.666666666667,1120.0,6663.015933744518,1269.9606293110035,0.8531481481481481,0.15555555555555556,-0.6135185185185185,0.06666666666666667,ML,MovingAverage3M,SCP,x11 seasonal,81.76687649229434,44640.0,15236.0,29937.0,-29404.0,-14703.0,36836.0,21777.0,283758928,155430369,6,6139.333333333333,3629.5,6877.001866123541,5089.701513841455,0.8251792114695341,0.48783602150537636,-0.6586917562724014,-0.32936827956989245,ML,MovingAverage3M,SCP,x11 seasonal,40.88120317081116,2026-07-14 13:03:02.206,0,,"
"22096,66,66,10592,1,478,CONSUMIBLES DOMESTICOS,""2790"",ECOMORA S.A.U.  LA DESPENSA,Enrique Malonda Escriva,,MovingAverage3M,intermittent_insuficient,intermittent_insuficient_insuficient,insuficient,syntetos-boylan,syntetos-boylan,success,intermittent_insuficient,NOT_COMPARABLE_MISSING_SCP,1,0,1,0.0,864.0,0.0,0.0,0.0,864.0,,,,,,,0.0,0.0,0.0,0.0,0.0,0.0,,,,,,,,,,,,,,,,,,,,,,,,,,,,,,,,,,,,,,,,,,,,,,,,,,,,,,,,,,,,,,,,,,,,,,,,,,,,,,,,,,,,,,,,,,,,,,,,,,,,,,,,,,,,,,,,,,,,,,,,,,,,,,,,,,,,,,,,,,,,,,,,,,,,,,,,,,,,,,,,,,,,,,,,,,,,,,,,,,,,,,,,,,,,,,2026-07-14 13:03:02.206,0,,NoForecastRowsMaterialized"
"22097,66,66,10592,1,662,CONSUMIBLES DOMESTICOS,""3402"",BUBBLES BIDCO SPAIN SL (ACQUA & SAPONE)A,Enrique Malonda Escriva,,,,,,average,average,success,,NOT_COMPARABLE_ML_EXCLUDED,1,1,0,280.0,0.0,0.0,0.0,0.0,560.0,93.0,0.0,0.0,0.0,0.0,0.0,,,,,,,,,,,,,,,,,,,,,,,,,,,,,,,,,,,,,,,,,,,,,,,,,,,,,,,,,,,,,,,,,,,,,,,,,,,,,,,,,,,,,,,,,,,,,,,,,,,,,,,,,,,,,,,,,,,,,,,,,,,,,,,,,,,,,,,,,,,,,,,,,,,,,,,,,,,,,,,,,,,,,,,,,,,,,,,,,,,,,,,,,,,,,,,,,,,,2026-07-14 13:03:02.206,1,ShortSeries,NoForecastRowsMaterialized"
"22098,66,66,10592,1,664,CONSUMIBLES DOMESTICOS,""3402"",FRAGADIS,Enrique Malonda Escriva,,,,,,average,average,success,,NOT_COMPARABLE_ML_EXCLUDED,1,1,0,11760.0,3920.0,5880.0,7840.0,5880.0,3920.0,6964.0,0.0,0.0,8016.0,0.0,0.0,,,,,,,,,,,,,,,,,,,,,,,,,,,,,,,,,,,,,,,,,,,,,,,,,,,,,,,,,,,,,,,,,,,,,,,,,,,,,,,,,,,,,,,,,,,,,,,,,,,,,,,,,,,,,,,,,,,,,,,,,,,,,,,,,,,,,,,,,,,,,,,,,,,,,,,,,,,,,,,,,,,,,,,,,,,,,,,,,,,,,,,,,,,,,,,,,,,,2026-07-14 13:03:02.206,1,ShortSeries,"
"22099,66,66,10592,1,669,CONSUMIBLES DOMESTICOS,""3403"",FRAGADIS,Enrique Malonda Escriva,,,,,,average,average,success,,NOT_COMPARABLE_ML_EXCLUDED,1,1,0,5000.0,0.0,5600.0,2800.0,0.0,0.0,1848.0,0.0,0.0,2759.0,0.0,0.0,,,,,,,,,,,,,,,,,,,,,,,,,,,,,,,,,,,,,,,,,,,,,,,,,,,,,,,,,,,,,,,,,,,,,,,,,,,,,,,,,,,,,,,,,,,,,,,,,,,,,,,,,,,,,,,,,,,,,,,,,,,,,,,,,,,,,,,,,,,,,,,,,,,,,,,,,,,,,,,,,,,,,,,,,,,,,,,,,,,,,,,,,,,,,,,,,,,,2026-07-14 13:03:02.206,1,ShortSeries,"
"22100,66,66,10592,1,671,CONSUMIBLES DOMESTICOS,""3403"",VEGALSA,Enrique Malonda Escriva,,,,,,average,average,success,,NOT_COMPARABLE_ML_EXCLUDED,1,1,0,0.0,2560.0,3600.0,2800.0,2000.0,1600.0,2320.0,0.0,0.0,2800.0,0.0,0.0,,,,,,,,,,,,,,,,,,,,,,,,,,,,,,,,,,,,,,,,,,,,,,,,,,,,,,,,,,,,,,,,,,,,,,,,,,,,,,,,,,,,,,,,,,,,,,,,,,,,,,,,,,,,,,,,,,,,,,,,,,,,,,,,,,,,,,,,,,,,,,,,,,,,,,,,,,,,,,,,,,,,,,,,,,,,,,,,,,,,,,,,,,,,,,,,,,,,2026-07-14 13:03:02.206,1,ShortSeries,"
"22101,66,66,10592,1,771,CONSUMIBLES DOMESTICOS,""3449"",HERMANOS AYALA SOUSA S.L,Enrique Malonda Escriva,,,,,,preserve current forecast,preserve current forecast,success,,NOT_COMPARABLE_MISSING_SCP_AND_ML,1,0,0,0.0,0.0,0.0,0.0,0.0,0.0,,,,,,,,,,,,,,,,,,,,,,,,,,,,,,,,,,,,,,,,,,,,,,,,,,,,,,,,,,,,,,,,,,,,,,,,,,,,,,,,,,,,,,,,,,,,,,,,,,,,,,,,,,,,,,,,,,,,,,,,,,,,,,,,,,,,,,,,,,,,,,,,,,,,,,,,,,,,,,,,,,,,,,,,,,,,,,,,,,,,,,,,,,,,,,,,,,,,,,,,,,2026-07-14 13:03:02.206,1,MissingHistory,NoForecastRowsMaterialized"
"22102,66,66,10592,1,792,CONSUMIBLES DOMESTICOS,""3450"",""INICIATIVAS PARA LA PROM ARCENSE, S.L SUPERCARMELA"",Enrique Malonda Escriva,,ADIDA,intermittent_insuficient,intermittent_insuficient_insuficient,insuficient,syntetos-boylan,syntetos-boylan,success,intermittent_insuficient,COMPARABLE,1,1,1,0.0,0.0,2079.0,0.0,0.0,2079.0,2079.0,0.0,0.0,0.0,0.0,0.0,0.0,0.0,2097.0,0.0,0.0,0.0,2079.0,0.0,-2079.0,0.0,0.0,-2079.0,0.0,0.0,18.0,0.0,0.0,-2079.0,2079.0,0.0,2079.0,0.0,0.0,2079.0,0.0,0.0,18.0,0.0,0.0,2079.0,4322241.0,0.0,4322241.0,0.0,0.0,4322241.0,0.0,0.0,324.0,0.0,0.0,4322241.0,0,0,1,0,0,1,,,2079.0,,,2079.0,,,18.0,,,2079.0,,,2079.0,,,2079.0,,,18.0,,,2079.0,,,1.0,,,1.0,,,0.008658008658008658,,,1.0,,,-1.0,,,-1.0,,,0.008658008658008658,,,-1.0,,,ML,,,TIE,,,ADIDA,,,,,,SCP,,,,,,syntetos-boylan,,,,,,99.13419913419914,,,0.0,2079.0,0.0,0.0,-2079.0,-2079.0,2079.0,2079.0,4322241.0,4322241.0,1,2079.0,2079.0,2079.0,2079.0,1.0,1.0,-1.0,-1.0,TIE,,,,0.0,2079.0,2079.0,2097.0,0.0,18.0,4158.0,18.0,8644482.0,324.0,1,4158.0,18.0,2940.1499961736645,18.0,2.0,0.008658008658008658,0.0,0.008658008658008658,ML,ADIDA,SCP,syntetos-boylan,99.56709956709958,4158.0,2079.0,2097.0,-2079.0,-2061.0,6237.0,2097.0,12966723,4322565.0,2,3118.5,1048.5,2546.2445876231136,1470.130096283999,1.5,0.5043290043290043,-0.5,-0.49567099567099565,ML,ADIDA,SCP,syntetos-boylan,66.37806637806638,2026-07-14 13:03:02.206,0,,NoForecastRowsMaterialized"
"22103,66,66,10592,1,809,CONSUMIBLES DOMESTICOS,""3451"",CORP. ALIMENTARIA GUISSONA,Enrique Malonda Escriva,,AutoTheta,smooth_insuficient,smooth_insuficient_insuficient,insuficient,x11 seasonal,x11 seasonal,success,smooth_insuficient,COMPARABLE,1,1,1,11700.0,5850.0,7800.0,9750.0,9750.0,5850.0,10808.0,0.0,0.0,9356.0,0.0,0.0,9216.0,9125.0,9035.0,9100.0,0.0,0.0,-892.0,-5850.0,-7800.0,-394.0,-9750.0,-5850.0,-2484.0,3275.0,1235.0,-650.0,-9750.0,-5850.0,892.0,5850.0,7800.0,394.0,9750.0,5850.0,2484.0,3275.0,1235.0,650.0,9750.0,5850.0,795664.0,34222500,60840000,155236.0,95062500,34222500,6170256.0,10725625,1525225.0,422500.0,95062500,34222500,1,1,1,1,1,1,892.0,5850.0,7800.0,394.0,9750.0,5850.0,2484.0,3275.0,1235.0,650.0,9750.0,5850.0,892.0,5850.0,7800.0,394.0,9750.0,5850.0,2484.0,3275.0,1235.0,650.0,9750.0,5850.0,0.07623931623931623,1.0,1.0,0.04041025641025641,1.0,1.0,0.2123076923076923,0.5598290598290598,0.15833333333333333,0.06666666666666667,1.0,1.0,-0.07623931623931623,-1.0,-1.0,-0.04041025641025641,-1.0,-1.0,-0.2123076923076923,0.5598290598290598,0.15833333333333333,-0.06666666666666667,-1.0,-1.0,SCP,ML,ML,SCP,TIE,TIE,x11 seasonal,AutoTheta,AutoTheta,x11 seasonal,,,ML,SCP,SCP,ML,,,AutoTheta,x11 seasonal,x11 seasonal,AutoTheta,,,64.0901771336554,44.01709401709402,84.16666666666667,39.38461538461539,0.0,0.0,25350.0,9356.0,9100.0,-15994.0,-16250.0,15994.0,16250.0,129440236,129707500,3,5331.333333333333,5416.666666666667,6568.6182210061,6575.396059047192,0.6309270216962525,0.6410256410256411,-0.6309270216962525,-0.6410256410256411,SCP,x11 seasonal,ML,AutoTheta,1.5753846153846218,25350.0,10808.0,27376.0,-14542.0,2026.0,14542.0,6994.0,95858164,18421106,3,4847.333333333333,2331.3333333333335,5652.67382159393,2477.9767284352506,0.5736489151873767,0.27589743589743587,-0.5736489151873767,0.07992110453648915,ML,AutoTheta,SCP,x11 seasonal,51.90482739650667,50700.0,20164.0,36476.0,-30536.0,-14224.0,30536.0,23244.0,225298400,148128606,6,5089.333333333333,3874.0,6127.783721161619,4968.712207403443,0.6022879684418146,0.4584615384615385,-0.6022879684418146,-0.28055226824457596,ML,AutoTheta,SCP,x11 seasonal,23.880010479434112,2026-07-14 13:03:02.206,0,,"
"22104,66,66,10592,1,826,CONSUMIBLES DOMESTICOS,""3452"",CONSUM S COOP V,José Luís Sabater _,,MovingAverage12M,smooth_insuficient,smooth_insuficient_insuficient,insuficient,x11 seasonal,x11 seasonal,success,smooth_insuficient,COMPARABLE,1,1,1,19110.0,13650.0,13650.0,16380.0,13650.0,16380.0,17471.0,0.0,0.0,14333.0,0.0,0.0,14493.0,14494.0,14493.0,14039.0,0.0,0.0,-1639.0,-13650.0,-13650.0,-2047.0,-13650.0,-16380.0,-4617.0,844.0,843.0,-2341.0,-13650.0,-16380.0,1639.0,13650.0,13650.0,2047.0,13650.0,16380.0,4617.0,844.0,843.0,2341.0,13650.0,16380.0,2686321.0,186322500,186322500,4190209.0,186322500,268304400,21316689,712336.0,710649.0,5480281.0,186322500,268304400,1,1,1,1,1,1,1639.0,13650.0,13650.0,2047.0,13650.0,16380.0,4617.0,844.0,843.0,2341.0,13650.0,16380.0,1639.0,13650.0,13650.0,2047.0,13650.0,16380.0,4617.0,844.0,843.0,2341.0,13650.0,16380.0,0.0857666143380429,1.0,1.0,0.12496947496947497,1.0,1.0,0.24160125588697018,0.06183150183150183,0.06175824175824176,0.1429181929181929,1.0,1.0,-0.0857666143380429,-1.0,-1.0,-0.12496947496947497,-1.0,-1.0,-0.24160125588697018,0.06183150183150183,0.06175824175824176,-0.1429181929181929,-1.0,-1.0,SCP,ML,ML,SCP,TIE,TIE,x11 seasonal,MovingAverage12M,MovingAverage12M,x11 seasonal,,,ML,SCP,SCP,ML,,,MovingAverage12M,x11 seasonal,x11 seasonal,MovingAverage12M,,,64.50075806800953,93.81684981684981,93.82417582417582,12.558735583084147,0.0,0.0,46410.0,14333.0,14039.0,-32077.0,-32371.0,32077.0,32371.0,458817109,460107181,3,10692.333333333334,10790.333333333334,12366.852321158094,12384.226271081021,0.69116569704805,0.6975005386770092,-0.69116569704805,-0.6975005386770092,SCP,x11 seasonal,ML,MovingAverage12M,0.9082203206573753,46410.0,17471.0,43480.0,-28939.0,-2930.0,28939.0,6304.0,375331321,22739674,3,9646.333333333334,2101.3333333333335,11185.27783889758,2753.1602447611604,0.6235509588450765,0.13583279465632406,-0.6235509588450765,-0.06313294548588666,ML,MovingAverage12M,SCP,x11 seasonal,78.21624796986765,92820.0,31804.0,57519.0,-61016.0,-35301.0,61016.0,38675.0,834148430,482846855,6,10169.333333333334,6445.833333333333,11790.875214899585,8970.75670349683,0.6573583279465632,0.4166666666666667,-0.6573583279465632,-0.38031674208144794,ML,MovingAverage12M,SCP,x11 seasonal,36.614986233119176,2026-07-14 13:03:02.206,0,,"
"22105,66,66,10592,1,857,CONSUMIBLES DOMESTICOS,""3456"",""SUPER JAROCAL, S.L."",Enrique Malonda Escriva,,,,,,average,average,success,,NOT_COMPARABLE_ML_EXCLUDED,1,1,0,280.0,105.0,455.0,0.0,140.0,385.0,112.0,0.0,0.0,49.0,0.0,0.0,,,,,,,,,,,,,,,,,,,,,,,,,,,,,,,,,,,,,,,,,,,,,,,,,,,,,,,,,,,,,,,,,,,,,,,,,,,,,,,,,,,,,,,,,,,,,,,,,,,,,,,,,,,,,,,,,,,,,,,,,,,,,,,,,,,,,,,,,,,,,,,,,,,,,,,,,,,,,,,,,,,,,,,,,,,,,,,,,,,,,,,,,,,,,,,,,,,,2026-07-14 13:03:02.206,1,ShortSeries,"
"22106,66,66,10592,1,892,CONSUMIBLES DOMESTICOS,""3464"",UNIALCO S.L.( UVESCO),Enrique Malonda Escriva,,SeasonalNaive,smooth_insuficient,smooth_insuficient_insuficient,insuficient,x11 lineal,x11 lineal,success,smooth_insuficient,COMPARABLE,1,1,1,5850.0,2730.0,5460.0,2730.0,8190.0,2730.0,0.0,0.0,0.0,4721.0,4691.0,3483.0,0.0,0.0,0.0,4717.0,4717.0,4716.0,-5850.0,-2730.0,-5460.0,1991.0,-3499.0,753.0,-5850.0,-2730.0,-5460.0,1987.0,-3473.0,1986.0,5850.0,2730.0,5460.0,1991.0,3499.0,753.0,5850.0,2730.0,5460.0,1987.0,3473.0,1986.0,34222500,7452900.0,29811600,3964081.0,12243001,567009.0,34222500,7452900.0,29811600,3948169.0,12061729,3944196.0,1,1,1,1,1,1,5850.0,2730.0,5460.0,1991.0,3499.0,753.0,5850.0,2730.0,5460.0,1987.0,3473.0,1986.0,5850.0,2730.0,5460.0,1991.0,3499.0,753.0,5850.0,2730.0,5460.0,1987.0,3473.0,1986.0,1.0,1.0,1.0,0.7293040293040293,0.4272283272283272,0.27582417582417584,1.0,1.0,1.0,0.7278388278388278,0.42405372405372405,0.7274725274725274,-1.0,-1.0,-1.0,0.7293040293040293,-0.4272283272283272,0.27582417582417584,-1.0,-1.0,-1.0,0.7278388278388278,-0.42405372405372405,0.7274725274725274,TIE,TIE,TIE,ML,ML,SCP,,,,SeasonalNaive,SeasonalNaive,x11 lineal,,,,SCP,SCP,ML,,,,x11 lineal,x11 lineal,SeasonalNaive,0.0,0.0,0.0,0.2009040683073825,0.7430694484138298,62.08459214501511,13650.0,12895.0,14150.0,-755.0,500.0,6243.0,7446.0,16774091,19954094,3,2081.0,2482.0,2364.6064506946323,2579.023975589732,0.4573626373626374,0.5454945054945055,-0.05531135531135531,0.03663003663003663,SCP,x11 lineal,ML,SeasonalNaive,16.156325543916196,14040.0,0.0,0.0,-14040.0,-14040.0,14040.0,14040.0,71487000,71487000,3,4680.0,4680.0,4881.495672434833,4881.495672434833,1.0,1.0,-1.0,-1.0,TIE,,,,0.0,27690.0,12895.0,14150.0,-14795.0,-13540.0,20283.0,21486.0,88261091,91441094,6,3380.5,3581.0,3835.3854869274005,3903.8676121678786,0.7325027085590465,0.7759479956663056,-0.5343084145901047,-0.48898519321054534,SCP,x11 lineal,ML,SeasonalNaive,5.5989946942195035,2026-07-14 13:03:02.206,0,,NoForecastRowsMaterialized"
"22107,66,66,10592,1,907,CONSUMIBLES DOMESTICOS,""3472"",""IFA RETAIL, S.A."",Enrique Malonda Escriva,,AutoTheta,smooth_insuficient,smooth_insuficient_insuficient,insuficient,x11 lineal,x11 lineal,success,smooth_insuficient,COMPARABLE,1,1,1,30810.0,35100.0,42030.0,40560.0,36660.0,39000.0,38178.0,0.0,0.0,36882.0,0.0,0.0,38344.0,38166.0,37982.0,35485.0,0.0,0.0,7368.0,-35100.0,-42030.0,-3678.0,-36660.0,-39000.0,7534.0,3066.0,-4048.0,-5075.0,-36660.0,-39000.0,7368.0,35100.0,42030.0,3678.0,36660.0,39000.0,7534.0,3066.0,4048.0,5075.0,36660.0,39000.0,54287424,1232010000,1766520900,13527684,1343955600,1521000000,56761156,9400356.0,16386304,25755625,1343955600,1521000000,1,1,1,1,1,1,7368.0,35100.0,42030.0,3678.0,36660.0,39000.0,7534.0,3066.0,4048.0,5075.0,36660.0,39000.0,7368.0,35100.0,42030.0,3678.0,36660.0,39000.0,7534.0,3066.0,4048.0,5075.0,36660.0,39000.0,0.239143135345667,1.0,1.0,0.09068047337278107,1.0,1.0,0.2445309964297306,0.08735042735042735,0.09631215798239352,0.1251232741617357,1.0,1.0,0.239143135345667,-1.0,-1.0,-0.09068047337278107,-1.0,-1.0,0.2445309964297306,0.08735042735042735,-0.09631215798239352,-0.1251232741617357,-1.0,-1.0,SCP,ML,ML,SCP,TIE,TIE,x11 lineal,AutoTheta,AutoTheta,x11 lineal,,,ML,SCP,SCP,ML,,,AutoTheta,x11 lineal,x11 lineal,AutoTheta,,,2.2033448367401096,91.26495726495727,90.36878420176065,27.527093596059103,0.0,0.0,116220.0,36882.0,35485.0,-79338.0,-80735.0,79338.0,80735.0,2878483284,2890711225,3,26446.0,26911.666666666668,30975.70706214791,31041.430513643107,0.6826535880227156,0.6946738943383238,-0.6826535880227156,-0.6946738943383238,SCP,x11 lineal,ML,AutoTheta,1.730352387440379,107940.0,38178.0,114492.0,-69762.0,6552.0,84498.0,14648.0,3052818324,82547816,3,28166.0,4882.666666666667,31899.938996806875,5245.563712954659,0.7828237909949972,0.13570502130813414,-0.6463035019455253,0.060700389105058365,ML,AutoTheta,SCP,x11 lineal,82.6646784539279,224160.0,75060.0,149977.0,-149100.0,-74183.0,163836.0,95383.0,5931301608,2973259041,6,27306.0,15897.166666666666,31441.219251167724,22260.799031032107,0.7308886509635975,0.42551302640970734,-0.6651498929336188,-0.3309377230549607,ML,AutoTheta,SCP,x11 lineal,41.781415561903366,2026-07-14 13:03:02.206,0,,"
"22108,66,66,10592,1,957,CONSUMIBLES DOMESTICOS,""3577"",HERMANOS AYALA SOUSA S.L,Enrique Malonda Escriva,,MovingAverage12M,smooth_insuficient,smooth_insuficient_insuficient,insuficient,x11 seasonal,x11 seasonal,success,smooth_insuficient,COMPARABLE,1,1,1,12768.0,1824.0,0.0,29184.0,5472.0,21888.0,22553.0,0.0,0.0,6584.0,0.0,0.0,15260.0,15260.0,15260.0,14196.0,0.0,0.0,9785.0,-1824.0,0.0,-22600.0,-5472.0,-21888.0,2492.0,13436.0,15260.0,-14988.0,-5472.0,-21888.0,9785.0,1824.0,0.0,22600.0,5472.0,21888.0,2492.0,13436.0,15260.0,14988.0,5472.0,21888.0,95746225,3326976.0,0.0,510760000,29942784,479084544,6210064.0,180526096,232867600,224640144,29942784,479084544,1,1,0,1,1,1,9785.0,1824.0,,22600.0,5472.0,21888.0,2492.0,13436.0,,14988.0,5472.0,21888.0,9785.0,1824.0,,22600.0,5472.0,21888.0,2492.0,13436.0,,14988.0,5472.0,21888.0,0.7663690476190477,1.0,,0.7743969298245614,1.0,1.0,0.19517543859649122,7.366228070175438,,0.5135690789473685,1.0,1.0,0.7663690476190477,-1.0,,-0.7743969298245614,-1.0,-1.0,0.19517543859649122,7.366228070175438,,-0.5135690789473685,-1.0,-1.0,ML,SCP,,ML,TIE,TIE,MovingAverage12M,x11 seasonal,,MovingAverage12M,,,SCP,ML,,SCP,,,x11 seasonal,MovingAverage12M,,x11 seasonal,,,74.53244762391415,86.42453111044955,,33.68141592920353,0.0,0.0,56544.0,6584.0,14196.0,-49960.0,-42348.0,49960.0,42348.0,1019787328,733667472,3,16653.333333333332,14116.0,18437.166521277974,15638.280723915912,0.8835597057159027,0.7489388794567062,-0.8835597057159027,-0.7489388794567062,ML,MovingAverage12M,SCP,x11 seasonal,15.236188951160939,14592.0,22553.0,45780.0,7961.0,31188.0,11609.0,31188.0,99073201,419603760,2,5804.5,15594.0,7038.224243372756,14484.539343727849,0.7955729166666666,2.1373355263157894,0.5455729166666666,2.1373355263157894,SCP,x11 seasonal,ML,MovingAverage12M,62.77735026292164,71136.0,29137.0,59976.0,-41999.0,-11160.0,61569.0,73536.0,1118860529,1153271232,5,12313.8,14707.2,14959.014198803343,15187.305435790775,0.8655111336032388,1.0337381916329285,-0.5904042959964012,-0.15688259109311742,SCP,x11 seasonal,ML,MovingAverage12M,16.273661879895563,2026-07-14 13:03:02.206,0,,"
"22109,66,66,10592,1,1008,CONSUMIBLES DOMESTICOS,""3747"",ALIMERKA S.A.U.,Enrique Malonda Escriva,,HistoricAverage,smooth_insuficient,smooth_insuficient_insuficient,insuficient,seasonal discrete,seasonal discrete,success,smooth_insuficient,COMPARABLE,1,1,1,2240.0,2240.0,0.0,2240.0,2240.0,2240.0,577.0,0.0,0.0,1920.0,0.0,0.0,1943.0,1943.0,1942.0,1904.0,0.0,0.0,-1663.0,-2240.0,0.0,-320.0,-2240.0,-2240.0,-297.0,-297.0,1942.0,-336.0,-2240.0,-2240.0,1663.0,2240.0,0.0,320.0,2240.0,2240.0,297.0,297.0,1942.0,336.0,2240.0,2240.0,2765569.0,5017600.0,0.0,102400.0,5017600.0,5017600.0,88209.0,88209.0,3771364.0,112896.0,5017600.0,5017600.0,1,1,0,1,1,1,1663.0,2240.0,,320.0,2240.0,2240.0,297.0,297.0,,336.0,2240.0,2240.0,1663.0,2240.0,,320.0,2240.0,2240.0,297.0,297.0,,336.0,2240.0,2240.0,0.7424107142857143,1.0,,0.14285714285714285,1.0,1.0,0.13258928571428572,0.13258928571428572,,0.15,1.0,1.0,-0.7424107142857143,-1.0,,-0.14285714285714285,-1.0,-1.0,-0.13258928571428572,-0.13258928571428572,,-0.15,-1.0,-1.0,ML,ML,,SCP,TIE,TIE,HistoricAverage,HistoricAverage,,seasonal discrete,,,SCP,SCP,,ML,,,seasonal discrete,seasonal discrete,,HistoricAverage,,,82.14070956103427,86.74107142857143,,4.761904761904764,0.0,0.0,6720.0,1920.0,1904.0,-4800.0,-4816.0,4800.0,4816.0,10137600,10148096,3,1600.0,1605.3333333333333,1838.2600468921692,1839.2114252218712,0.7142857142857143,0.7166666666666667,-0.7142857142857143,-0.7166666666666667,SCP,seasonal discrete,ML,HistoricAverage,0.3322259136212613,4480.0,577.0,5828.0,-3903.0,1348.0,3903.0,2536.0,7783169.0,3947782.0,2,1951.5,1268.0,1972.7099381307937,1404.9523123579675,0.8712053571428572,0.5660714285714286,-0.8712053571428572,0.30089285714285713,ML,HistoricAverage,SCP,seasonal discrete,35.02434025108891,11200.0,2497.0,7732.0,-8703.0,-3468.0,8703.0,7352.0,17920769,14095878,5,1740.6,1470.4,1893.186150382471,1679.0400829045147,0.7770535714285715,0.6564285714285715,-0.7770535714285715,-0.30964285714285716,ML,HistoricAverage,SCP,seasonal discrete,15.523382741583358,2026-07-14 13:03:02.206,0,,"
"22110,66,66,10592,1,1128,CONSUMIBLES DOMESTICOS,""4910"",""DIA RETAIL ESPAÑA, S.A."",Enrique Malonda Escriva,,,,,,average,average,success,,NOT_COMPARABLE_MISSING_SCP_AND_ML,1,0,0,59280.0,50160.0,47880.0,0.0,0.0,0.0,,,,,,,,,,,,,,,,,,,,,,,,,,,,,,,,,,,,,,,,,,,,,,,,,,,,,,,,,,,,,,,,,,,,,,,,,,,,,,,,,,,,,,,,,,,,,,,,,,,,,,,,,,,,,,,,,,,,,,,,,,,,,,,,,,,,,,,,,,,,,,,,,,,,,,,,,,,,,,,,,,,,,,,,,,,,,,,,,,,,,,,,,,,,,,,,,,,,,,,,,,2026-07-14 13:03:02.206,1,ShortSeries,NoForecastRowsMaterialized"
"22111,66,66,10592,1,394,CONSUMIBLES DOMESTICOS,""2758"",""EXCLUSIVAS DITAYO, S.L - BP"",José Luís Sabater _,,,,,,preserve current forecast,preserve current forecast,success,,NOT_COMPARABLE_MISSING_SCP_AND_ML,1,0,0,0.0,0.0,0.0,0.0,0.0,0.0,,,,,,,,,,,,,,,,,,,,,,,,,,,,,,,,,,,,,,,,,,,,,,,,,,,,,,,,,,,,,,,,,,,,,,,,,,,,,,,,,,,,,,,,,,,,,,,,,,,,,,,,,,,,,,,,,,,,,,,,,,,,,,,,,,,,,,,,,,,,,,,,,,,,,,,,,,,,,,,,,,,,,,,,,,,,,,,,,,,,,,,,,,,,,,,,,,,,,,,,,,2026-07-14 13:03:02.206,1,MissingHistory,NoForecastRowsMaterialized"
"22112,66,66,10592,1,421,CONSUMIBLES DOMESTICOS,""2762"",ECOMORA S.A.U.  LA DESPENSA,Enrique Malonda Escriva,,,,,,preserve current forecast,preserve current forecast,success,,NOT_COMPARABLE_MISSING_SCP_AND_ML,1,0,0,0.0,0.0,0.0,0.0,0.0,0.0,,,,,,,,,,,,,,,,,,,,,,,,,,,,,,,,,,,,,,,,,,,,,,,,,,,,,,,,,,,,,,,,,,,,,,,,,,,,,,,,,,,,,,,,,,,,,,,,,,,,,,,,,,,,,,,,,,,,,,,,,,,,,,,,,,,,,,,,,,,,,,,,,,,,,,,,,,,,,,,,,,,,,,,,,,,,,,,,,,,,,,,,,,,,,,,,,,,,,,,,,,2026-07-14 13:03:02.206,1,MissingHistory,NoForecastRowsMaterialized"
"22113,66,66,10592,1,453,CONSUMIBLES DOMESTICOS,""2778"",UNIALCO S.L.( UVESCO),Enrique Malonda Escriva,,MovingAverage3M,smooth_recentRelease,smooth_recentRelease_recentRelease,recentRelease,x11 lineal,x11 lineal,success,smooth_recentRelease,COMPARABLE,1,1,1,660.0,1188.0,1716.0,1188.0,1452.0,132.0,1162.0,0.0,0.0,1353.0,0.0,0.0,1312.0,1312.0,1312.0,1245.0,0.0,0.0,502.0,-1188.0,-1716.0,165.0,-1452.0,-132.0,652.0,124.0,-404.0,57.0,-1452.0,-132.0,502.0,1188.0,1716.0,165.0,1452.0,132.0,652.0,124.0,404.0,57.0,1452.0,132.0,252004.0,1411344.0,2944656.0,27225.0,2108304.0,17424.0,425104.0,15376.0,163216.0,3249.0,2108304.0,17424.0,1,1,1,1,1,1,502.0,1188.0,1716.0,165.0,1452.0,132.0,652.0,124.0,404.0,57.0,1452.0,132.0,502.0,1188.0,1716.0,165.0,1452.0,132.0,652.0,124.0,404.0,57.0,1452.0,132.0,0.7606060606060606,1.0,1.0,0.1388888888888889,1.0,1.0,0.9878787878787879,0.10437710437710437,0.23543123543123542,0.047979797979797977,1.0,1.0,0.7606060606060606,-1.0,-1.0,0.1388888888888889,-1.0,-1.0,0.9878787878787879,0.10437710437710437,-0.23543123543123542,0.047979797979797977,-1.0,-1.0,SCP,ML,ML,ML,TIE,TIE,x11 lineal,MovingAverage3M,MovingAverage3M,MovingAverage3M,,,ML,SCP,SCP,SCP,,,MovingAverage3M,x11 lineal,x11 lineal,x11 lineal,,,23.006134969325153,89.56228956228956,76.45687645687646,65.45454545454545,0.0,0.0,2772.0,1353.0,1245.0,-1419.0,-1527.0,1749.0,1641.0,2152953.0,2128977.0,3,583.0,547.0,847.1428450975668,842.4126067432752,0.6309523809523809,0.591991341991342,-0.5119047619047619,-0.5508658008658008,ML,MovingAverage3M,SCP,x11 lineal,6.174957118353347,3564.0,1162.0,3936.0,-2402.0,372.0,3406.0,1180.0,4608004.0,603696.0,3,1135.3333333333333,393.3333333333333,1239.3552087006103,448.5888986588946,0.9556677890011224,0.33108866442199775,-0.6739618406285073,0.10437710437710437,ML,MovingAverage3M,SCP,x11 lineal,65.3552554315913,6336.0,2515.0,5181.0,-3821.0,-1155.0,5155.0,2821.0,6760957.0,2732673.0,6,859.1666666666666,470.1666666666667,1061.520685934413,674.8670239387905,0.813604797979798,0.44523358585858586,-0.6030618686868687,-0.18229166666666666,ML,MovingAverage3M,SCP,x11 lineal,45.27643064985451,2026-07-14 13:03:02.206,0,,"
"22114,66,66,10592,1,494,CONSUMIBLES DOMESTICOS,""2790"",""SUPER JAROCAL, S.L."",Enrique Malonda Escriva,,,,,,preserve current forecast,preserve current forecast,success,,NOT_COMPARABLE_MISSING_SCP_AND_ML,1,0,0,0.0,0.0,0.0,0.0,0.0,0.0,,,,,,,,,,,,,,,,,,,,,,,,,,,,,,,,,,,,,,,,,,,,,,,,,,,,,,,,,,,,,,,,,,,,,,,,,,,,,,,,,,,,,,,,,,,,,,,,,,,,,,,,,,,,,,,,,,,,,,,,,,,,,,,,,,,,,,,,,,,,,,,,,,,,,,,,,,,,,,,,,,,,,,,,,,,,,,,,,,,,,,,,,,,,,,,,,,,,,,,,,,2026-07-14 13:03:02.206,1,MissingHistory,NoForecastRowsMaterialized"
"22115,66,66,10592,1,503,CONSUMIBLES DOMESTICOS,""2814"",BUBBLES BIDCO SPAIN SL (ACQUA & SAPONE)A,Enrique Malonda Escriva,,,,,,preserve current forecast,preserve current forecast,success,,NOT_COMPARABLE_MISSING_SCP_AND_ML,1,0,0,80.0,0.0,0.0,0.0,0.0,0.0,,,,,,,,,,,,,,,,,,,,,,,,,,,,,,,,,,,,,,,,,,,,,,,,,,,,,,,,,,,,,,,,,,,,,,,,,,,,,,,,,,,,,,,,,,,,,,,,,,,,,,,,,,,,,,,,,,,,,,,,,,,,,,,,,,,,,,,,,,,,,,,,,,,,,,,,,,,,,,,,,,,,,,,,,,,,,,,,,,,,,,,,,,,,,,,,,,,,,,,,,,2026-07-14 13:03:02.206,1,ShortSeries,NoForecastRowsMaterialized"
"22116,66,66,10592,1,530,CONSUMIBLES DOMESTICOS,""2827"",ALIMERKA S.A.U.,Enrique Malonda Escriva,,AutoTheta,smooth_insuficient,smooth_insuficient_insuficient,insuficient,x11 seasonal,x11 seasonal,success,smooth_insuficient,COMPARABLE,1,1,1,4560.0,2280.0,2280.0,2280.0,2280.0,2280.0,2673.0,0.0,0.0,2839.0,0.0,0.0,2207.0,2240.0,2272.0,2436.0,0.0,0.0,-1887.0,-2280.0,-2280.0,559.0,-2280.0,-2280.0,-2353.0,-40.0,-8.0,156.0,-2280.0,-2280.0,1887.0,2280.0,2280.0,559.0,2280.0,2280.0,2353.0,40.0,8.0,156.0,2280.0,2280.0,3560769.0,5198400.0,5198400.0,312481.0,5198400.0,5198400.0,5536609.0,1600.0,64.0,24336.0,5198400.0,5198400.0,1,1,1,1,1,1,1887.0,2280.0,2280.0,559.0,2280.0,2280.0,2353.0,40.0,8.0,156.0,2280.0,2280.0,1887.0,2280.0,2280.0,559.0,2280.0,2280.0,2353.0,40.0,8.0,156.0,2280.0,2280.0,0.4138157894736842,1.0,1.0,0.24517543859649124,1.0,1.0,0.5160087719298245,0.017543859649122806,0.0035087719298245615,0.06842105263157895,1.0,1.0,-0.4138157894736842,-1.0,-1.0,0.24517543859649124,-1.0,-1.0,-0.5160087719298245,-0.017543859649122806,-0.0035087719298245615,0.06842105263157895,-1.0,-1.0,SCP,ML,ML,ML,TIE,TIE,x11 seasonal,AutoTheta,AutoTheta,AutoTheta,,,ML,SCP,SCP,SCP,,,AutoTheta,x11 seasonal,x11 seasonal,x11 seasonal,,,19.804504887377814,98.24561403508771,99.64912280701755,72.09302325581395,0.0,0.0,6840.0,2839.0,2436.0,-4001.0,-4404.0,5119.0,4716.0,10709281,10421136,3,1706.3333333333333,1572.0,1889.3809391791094,1863.789687706207,0.748391812865497,0.6894736842105263,-0.5849415204678362,-0.643859649122807,ML,AutoTheta,SCP,x11 seasonal,7.872631373315094,9120.0,2673.0,6719.0,-6447.0,-2401.0,6447.0,2401.0,13957569,5538273.0,3,2149.0,800.3333333333334,2156.9707925699877,1358.7093140182708,0.7069078947368421,0.2632675438596491,-0.7069078947368421,-0.2632675438596491,ML,AutoTheta,SCP,x11 seasonal,62.757871878393054,15960.0,5512.0,9155.0,-10448.0,-6805.0,11566.0,7117.0,24666850,15959409,6,1927.6666666666667,1186.1666666666667,2027.5950450389907,1630.920445637984,0.7246867167919799,0.44592731829573934,-0.6546365914786968,-0.42637844611528825,ML,AutoTheta,SCP,x11 seasonal,38.46619401694622,2026-07-14 13:03:02.206,0,,"
"22117,66,66,10592,1,571,CONSUMIBLES DOMESTICOS,""2832"",COVIRAN,José Luís Sabater _,,,,,,preserve current forecast,preserve current forecast,success,,NOT_COMPARABLE_MISSING_SCP_AND_ML,1,0,0,0.0,0.0,0.0,0.0,0.0,0.0,,,,,,,,,,,,,,,,,,,,,,,,,,,,,,,,,,,,,,,,,,,,,,,,,,,,,,,,,,,,,,,,,,,,,,,,,,,,,,,,,,,,,,,,,,,,,,,,,,,,,,,,,,,,,,,,,,,,,,,,,,,,,,,,,,,,,,,,,,,,,,,,,,,,,,,,,,,,,,,,,,,,,,,,,,,,,,,,,,,,,,,,,,,,,,,,,,,,,,,,,,2026-07-14 13:03:02.206,1,MissingHistory,NoForecastRowsMaterialized"
"22118,66,66,10592,1,605,CONSUMIBLES DOMESTICOS,""2863"",HERMANOS AYALA SOUSA S.L,Enrique Malonda Escriva,,MovingAverage12M,smooth_insuficient,smooth_insuficient_insuficient,insuficient,seasonal discrete,seasonal discrete,success,smooth_insuficient,COMPARABLE,1,1,1,7296.0,7296.0,0.0,25536.0,9120.0,18240.0,20555.0,0.0,0.0,0.0,0.0,0.0,14136.0,14136.0,14136.0,0.0,0.0,0.0,13259.0,-7296.0,0.0,-25536.0,-9120.0,-18240.0,6840.0,6840.0,14136.0,-25536.0,-9120.0,-18240.0,13259.0,7296.0,0.0,25536.0,9120.0,18240.0,6840.0,6840.0,14136.0,25536.0,9120.0,18240.0,175801081,53231616,0.0,652087296,83174400,332697600,46785600,46785600,199826496,652087296,83174400,332697600,1,1,0,1,1,1,13259.0,7296.0,,25536.0,9120.0,18240.0,6840.0,6840.0,,25536.0,9120.0,18240.0,13259.0,7296.0,,25536.0,9120.0,18240.0,6840.0,6840.0,,25536.0,9120.0,18240.0,1.817297149122807,1.0,,1.0,1.0,1.0,0.9375,0.9375,,1.0,1.0,1.0,1.817297149122807,-1.0,,-1.0,-1.0,-1.0,0.9375,0.9375,,-1.0,-1.0,-1.0,ML,ML,,TIE,TIE,TIE,MovingAverage12M,MovingAverage12M,,,,,SCP,SCP,,,,,seasonal discrete,seasonal discrete,,,,,48.412399125122555,6.25,,0.0,0.0,0.0,52896.0,0.0,0.0,-52896.0,-52896.0,52896.0,52896.0,1067959296,1067959296,3,17632.0,17632.0,18867.60270940641,18867.60270940641,1.0,1.0,-1.0,-1.0,TIE,,,,0.0,14592.0,20555.0,42408.0,5963.0,27816.0,20555.0,27816.0,229032697,293397696,2,10277.5,13908.0,10701.231167487225,12111.929986587604,1.4086485745614035,1.90625,0.4086485745614035,1.90625,SCP,seasonal discrete,ML,MovingAverage12M,26.103681334483753,67488.0,20555.0,42408.0,-46933.0,-25080.0,73451.0,80712.0,1296991993,1361356992,5,14690.2,16142.4,16105.84982545162,16500.64842362263,1.088356448553817,1.195945945945946,-0.6954273352299668,-0.3716216216216216,SCP,seasonal discrete,ML,MovingAverage12M,8.996183962731688,2026-07-14 13:03:02.206,0,,NoForecastRowsMaterialized"
"22119,66,66,10592,1,696,CONSUMIBLES DOMESTICOS,""3408"",""TRANSGOURMET IBERICA S.A. -GM FOOD IBERICA, S.A.U."",Enrique Malonda Escriva,,,,,,average,average,success,,NOT_COMPARABLE_ML_EXCLUDED,1,1,0,0.0,0.0,3360.0,0.0,0.0,1920.0,960.0,0.0,0.0,720.0,0.0,0.0,,,,,,,,,,,,,,,,,,,,,,,,,,,,,,,,,,,,,,,,,,,,,,,,,,,,,,,,,,,,,,,,,,,,,,,,,,,,,,,,,,,,,,,,,,,,,,,,,,,,,,,,,,,,,,,,,,,,,,,,,,,,,,,,,,,,,,,,,,,,,,,,,,,,,,,,,,,,,,,,,,,,,,,,,,,,,,,,,,,,,,,,,,,,,,,,,,,,2026-07-14 13:03:02.206,1,ShortSeries,"
"22120,66,66,10592,1,66,CONSUMIBLES DOMESTICOS,""280"",AHORRAMAS (GRUPO IFA),Enrique Malonda Escriva,,SeasonalNaive,smooth_insuficient,smooth_insuficient_insuficient,insuficient,x11 seasonal,x11 seasonal,success,smooth_insuficient,COMPARABLE,1,1,1,1008.0,2016.0,3024.0,996.0,4020.0,1008.0,2269.0,0.0,0.0,2364.0,0.0,0.0,2016.0,3024.0,1008.0,2016.0,0.0,0.0,1261.0,-2016.0,-3024.0,1368.0,-4020.0,-1008.0,1008.0,1008.0,-2016.0,1020.0,-4020.0,-1008.0,1261.0,2016.0,3024.0,1368.0,4020.0,1008.0,1008.0,1008.0,2016.0,1020.0,4020.0,1008.0,1590121.0,4064256.0,9144576.0,1871424.0,16160400,1016064.0,1016064.0,1016064.0,4064256.0,1040400.0,16160400,1016064.0,1,1,1,1,1,1,1261.0,2016.0,3024.0,1368.0,4020.0,1008.0,1008.0,1008.0,2016.0,1020.0,4020.0,1008.0,1261.0,2016.0,3024.0,1368.0,4020.0,1008.0,1008.0,1008.0,2016.0,1020.0,4020.0,1008.0,1.2509920634920635,1.0,1.0,1.3734939759036144,1.0,1.0,1.0,0.5,0.6666666666666666,1.0240963855421688,1.0,1.0,1.2509920634920635,-1.0,-1.0,1.3734939759036144,-1.0,-1.0,1.0,0.5,-0.6666666666666666,1.0240963855421688,-1.0,-1.0,ML,ML,ML,ML,TIE,TIE,SeasonalNaive,SeasonalNaive,SeasonalNaive,SeasonalNaive,,,SCP,SCP,SCP,SCP,,,x11 seasonal,x11 seasonal,x11 seasonal,x11 seasonal,,,20.06344171292625,50.0,33.333333333333336,25.438596491228065,0.0,0.0,6024.0,2364.0,2016.0,-3660.0,-4008.0,6396.0,6048.0,19047888,18216864,3,2132.0,2016.0,2519.7809428599144,2464.201290479331,1.0617529880478087,1.00398406374502,-0.6075697211155379,-0.6653386454183267,ML,SeasonalNaive,SCP,x11 seasonal,5.440900562851778,6048.0,2269.0,6048.0,-3779.0,0.0,6301.0,4032.0,14798953,6096384.0,3,2100.3333333333335,1344.0,2221.0322675128637,1425.5272708720797,1.0418320105820107,0.6666666666666666,-0.624834656084656,0.0,ML,SeasonalNaive,SCP,x11 seasonal,36.0101571179178,12072.0,4633.0,8064.0,-7439.0,-4008.0,12697.0,10080.0,33846841,24313248,6,2116.1666666666665,1680.0,2375.1084536640988,2013.0096870109692,1.0517726971504306,0.8349900596421471,-0.6162193505632869,-0.3320079522862823,ML,SeasonalNaive,SCP,x11 seasonal,20.61116799243915,2026-07-14 13:03:02.206,0,,"
"22121,66,66,10592,1,133,CONSUMIBLES DOMESTICOS,""287"",CASALMA S.L,Enrique Malonda Escriva,,TSB,intermittent_insuficient,intermittent_insuficient_insuficient,insuficient,syntetos-boylan,syntetos-boylan,success,intermittent_insuficient,COMPARABLE,1,1,1,0.0,0.0,320.0,0.0,320.0,0.0,0.0,0.0,0.0,320.0,0.0,0.0,0.0,0.0,0.0,166.0,0.0,0.0,0.0,0.0,-320.0,320.0,-320.0,0.0,0.0,0.0,-320.0,166.0,-320.0,0.0,0.0,0.0,320.0,320.0,320.0,0.0,0.0,0.0,320.0,166.0,320.0,0.0,0.0,0.0,102400.0,102400.0,102400.0,0.0,0.0,0.0,102400.0,27556.0,102400.0,0.0,0,0,1,0,1,0,,,320.0,,320.0,,,,320.0,,320.0,,,,320.0,,320.0,,,,320.0,,320.0,,,,1.0,,1.0,,,,1.0,,1.0,,,,-1.0,,-1.0,,,,-1.0,,-1.0,,,,TIE,,TIE,,,,,,,,,,,,,,,,,,,,,,0.0,,0.0,,320.0,320.0,166.0,0.0,-154.0,640.0,486.0,204800.0,129956.0,1,640.0,486.0,452.54833995939043,360.4941053609615,2.0,1.51875,0.0,-0.48125,ML,TSB,SCP,syntetos-boylan,24.062499999999996,320.0,0.0,0.0,-320.0,-320.0,320.0,320.0,102400.0,102400.0,1,320.0,320.0,320.0,320.0,1.0,1.0,-1.0,-1.0,TIE,,,,0.0,640.0,320.0,166.0,-320.0,-474.0,960.0,806.0,307200.0,232356.0,2,480.0,403.0,391.9183588453085,340.84894014797817,1.5,1.259375,-0.5,-0.740625,ML,TSB,SCP,syntetos-boylan,16.041666666666675,2026-07-14 13:03:02.206,0,,NoForecastRowsMaterialized"
"22122,66,66,10592,1,283,CONSUMIBLES DOMESTICOS,""2690"",BUBBLES BIDCO SPAIN SL (ACQUA & SAPONE)A,Enrique Malonda Escriva,,,,,,preserve current forecast,preserve current forecast,success,,NOT_COMPARABLE_ML_EXCLUDED,1,1,0,0.0,0.0,0.0,0.0,0.0,480.0,80.0,0.0,0.0,0.0,0.0,0.0,,,,,,,,,,,,,,,,,,,,,,,,,,,,,,,,,,,,,,,,,,,,,,,,,,,,,,,,,,,,,,,,,,,,,,,,,,,,,,,,,,,,,,,,,,,,,,,,,,,,,,,,,,,,,,,,,,,,,,,,,,,,,,,,,,,,,,,,,,,,,,,,,,,,,,,,,,,,,,,,,,,,,,,,,,,,,,,,,,,,,,,,,,,,,,,,,,,,2026-07-14 13:03:02.206,1,MissingHistory,NoForecastRowsMaterialized"
"22123,66,66,10592,1,416,CONSUMIBLES DOMESTICOS,""2760"",""BON PREU, S.A.U."",Enrique Malonda Escriva,,MovingAverage12M,smooth_insuficient,smooth_insuficient_insuficient,insuficient,x11 lineal,x11 lineal,success,smooth_insuficient,COMPARABLE,1,1,1,4320.0,8640.0,5760.0,10080.0,4320.0,8640.0,8243.0,0.0,0.0,8234.0,0.0,0.0,7680.0,7680.0,7680.0,8209.0,0.0,0.0,3923.0,-8640.0,-5760.0,-1846.0,-4320.0,-8640.0,3360.0,-960.0,1920.0,-1871.0,-4320.0,-8640.0,3923.0,8640.0,5760.0,1846.0,4320.0,8640.0,3360.0,960.0,1920.0,1871.0,4320.0,8640.0,15389929,74649600,33177600,3407716.0,18662400,74649600,11289600,921600.0,3686400.0,3500641.0,18662400,74649600,1,1,1,1,1,1,3923.0,8640.0,5760.0,1846.0,4320.0,8640.0,3360.0,960.0,1920.0,1871.0,4320.0,8640.0,3923.0,8640.0,5760.0,1846.0,4320.0,8640.0,3360.0,960.0,1920.0,1871.0,4320.0,8640.0,0.9081018518518519,1.0,1.0,0.18313492063492062,1.0,1.0,0.7777777777777778,0.1111111111111111,0.3333333333333333,0.18561507936507937,1.0,1.0,0.9081018518518519,-1.0,-1.0,-0.18313492063492062,-1.0,-1.0,0.7777777777777778,-0.1111111111111111,0.3333333333333333,-0.18561507936507937,-1.0,-1.0,ML,ML,ML,SCP,TIE,TIE,MovingAverage12M,MovingAverage12M,MovingAverage12M,x11 lineal,,,SCP,SCP,SCP,ML,,,x11 lineal,x11 lineal,x11 lineal,MovingAverage12M,,,14.351261789446854,88.88888888888889,66.66666666666667,1.3361838588989947,0.0,0.0,23040.0,8234.0,8209.0,-14806.0,-14831.0,14806.0,14831.0,96719716,96812641,3,4935.333333333333,4943.666666666667,5678.019490397452,5680.746459166553,0.6426215277777778,0.6437065972222222,-0.6426215277777778,-0.6437065972222222,SCP,x11 lineal,ML,MovingAverage12M,0.1685658418178102,18720.0,8243.0,23040.0,-10477.0,4320.0,18323.0,6240.0,123217129,15897600,3,6107.666666666667,2080.0,6408.773387578417,2301.9991311901053,0.978792735042735,0.3333333333333333,-0.5596688034188034,0.23076923076923078,ML,MovingAverage12M,SCP,x11 lineal,65.94444141243247,41760.0,16477.0,31249.0,-25283.0,-10511.0,33129.0,21071.0,219936845,112710241,6,5521.5,3511.8333333333335,6054.4315037279375,4334.17122027576,0.7933189655172413,0.504573754789272,-0.6054358237547893,-0.25170019157088125,ML,MovingAverage12M,SCP,x11 lineal,36.397114310724746,2026-07-14 13:03:02.206,0,,"
"22124,66,66,10592,1,482,CONSUMIBLES DOMESTICOS,""2790"",""FAMILY CASH, S.L."",José Navalón _,,,,,,average,average,success,,NOT_COMPARABLE_ML_EXCLUDED,1,1,0,0.0,1728.0,1728.0,864.0,864.0,0.0,810.0,0.0,0.0,2052.0,0.0,0.0,,,,,,,,,,,,,,,,,,,,,,,,,,,,,,,,,,,,,,,,,,,,,,,,,,,,,,,,,,,,,,,,,,,,,,,,,,,,,,,,,,,,,,,,,,,,,,,,,,,,,,,,,,,,,,,,,,,,,,,,,,,,,,,,,,,,,,,,,,,,,,,,,,,,,,,,,,,,,,,,,,,,,,,,,,,,,,,,,,,,,,,,,,,,,,,,,,,,2026-07-14 13:03:02.206,1,ShortSeries,"
"22125,66,66,10592,1,635,CONSUMIBLES DOMESTICOS,""2888"",""IFA RETAIL, S.A."",Enrique Malonda Escriva,,MovingAverage3M,smooth_insuficient,smooth_insuficient_insuficient,insuficient,x11 lineal,x11 lineal,success,smooth_insuficient,COMPARABLE,1,1,1,35112.0,40416.0,43320.0,59280.0,42864.0,43296.0,47472.0,0.0,0.0,42564.0,0.0,0.0,49088.0,49088.0,49088.0,43124.0,0.0,0.0,12360.0,-40416.0,-43320.0,-16716.0,-42864.0,-43296.0,13976.0,8672.0,5768.0,-16156.0,-42864.0,-43296.0,12360.0,40416.0,43320.0,16716.0,42864.0,43296.0,13976.0,8672.0,5768.0,16156.0,42864.0,43296.0,152769600,1633453056,1876622400,279424656,1837322496,1874543616,195328576,75203584,33269824,261016336,1837322496,1874543616,1,1,1,1,1,1,12360.0,40416.0,43320.0,16716.0,42864.0,43296.0,13976.0,8672.0,5768.0,16156.0,42864.0,43296.0,12360.0,40416.0,43320.0,16716.0,42864.0,43296.0,13976.0,8672.0,5768.0,16156.0,42864.0,43296.0,0.3520164046479836,1.0,1.0,0.2819838056680162,1.0,1.0,0.39804055593529275,0.21456848772763262,0.13314866112650045,0.2725371120107962,1.0,1.0,0.3520164046479836,-1.0,-1.0,-0.2819838056680162,-1.0,-1.0,0.39804055593529275,0.21456848772763262,0.13314866112650045,-0.2725371120107962,-1.0,-1.0,SCP,ML,ML,ML,TIE,TIE,x11 lineal,MovingAverage3M,MovingAverage3M,MovingAverage3M,,,ML,SCP,SCP,SCP,,,MovingAverage3M,x11 lineal,x11 lineal,x11 lineal,,,11.562678878076692,78.54315122723673,86.68513388734995,3.350083752093795,0.0,0.0,145440.0,42564.0,43124.0,-102876.0,-102316.0,102876.0,102316.0,3991290768,3972882448,3,34292.0,34105.333333333336,36475.06348178163,36390.85255024033,0.7073432343234324,0.7034928492849285,-0.7073432343234324,-0.7034928492849285,ML,MovingAverage3M,SCP,x11 lineal,0.544344647925662,118848.0,47472.0,147264.0,-71376.0,28416.0,96096.0,28416.0,3662845056,303801984,3,32032.0,9472.0,34942.07137534923,10063.16689715519,0.808562197092084,0.23909531502423265,-0.6005654281098546,0.23909531502423265,ML,MovingAverage3M,SCP,x11 lineal,70.42957042957043,264288.0,90036.0,190388.0,-174252.0,-73900.0,198972.0,130732.0,7654135824,4276684432,6,33162.0,21788.666666666668,35716.79302513035,26697.953829210706,0.7528605158009444,0.49465734350405616,-0.659326189611333,-0.2796192032933769,ML,MovingAverage3M,SCP,x11 lineal,34.296282894075546,2026-07-14 13:03:02.206,0,,"
"22126,66,66,10592,1,667,CONSUMIBLES DOMESTICOS,""3403"",BUBBLES BIDCO SPAIN SL (ACQUA & SAPONE)A,Enrique Malonda Escriva,,,,,,preserve current forecast,preserve current forecast,success,,NOT_COMPARABLE_ML_EXCLUDED,1,1,0,0.0,0.0,0.0,0.0,0.0,800.0,133.0,0.0,0.0,0.0,0.0,0.0,,,,,,,,,,,,,,,,,,,,,,,,,,,,,,,,,,,,,,,,,,,,,,,,,,,,,,,,,,,,,,,,,,,,,,,,,,,,,,,,,,,,,,,,,,,,,,,,,,,,,,,,,,,,,,,,,,,,,,,,,,,,,,,,,,,,,,,,,,,,,,,,,,,,,,,,,,,,,,,,,,,,,,,,,,,,,,,,,,,,,,,,,,,,,,,,,,,,2026-07-14 13:03:02.206,1,MissingHistory,NoForecastRowsMaterialized"
"22127,66,66,10592,1,684,CONSUMIBLES DOMESTICOS,""3408"",CASALMA S.L,Enrique Malonda Escriva,,ADIDA,intermittent_insuficient,intermittent_insuficient_insuficient,insuficient,syntetos-boylan,syntetos-boylan,success,intermittent_insuficient,COMPARABLE,1,1,1,240.0,0.0,240.0,0.0,0.0,0.0,0.0,0.0,0.0,240.0,0.0,0.0,56.0,57.0,136.0,0.0,0.0,0.0,-240.0,0.0,-240.0,240.0,0.0,0.0,-184.0,57.0,-104.0,0.0,0.0,0.0,240.0,0.0,240.0,240.0,0.0,0.0,184.0,57.0,104.0,0.0,0.0,0.0,57600.0,0.0,57600.0,57600.0,0.0,0.0,33856.0,3249.0,10816.0,0.0,0.0,0.0,1,0,1,0,0,0,240.0,,240.0,,,,184.0,,104.0,,,,240.0,,240.0,,,,184.0,,104.0,,,,1.0,,1.0,,,,0.7666666666666667,,0.43333333333333335,,,,-1.0,,-1.0,,,,-0.7666666666666667,,-0.43333333333333335,,,,ML,,ML,,,,ADIDA,,ADIDA,,,,SCP,,SCP,,,,syntetos-boylan,,syntetos-boylan,,,,23.33333333333333,,56.666666666666664,,,,0.0,240.0,0.0,240.0,0.0,240.0,0.0,57600.0,0.0,0,,,,,,,,,,,,,,480.0,0.0,249.0,-480.0,-231.0,480.0,345.0,115200.0,47921.0,2,240.0,172.5,240.0,154.79179564821902,1.0,0.71875,-1.0,-0.48125,ML,ADIDA,SCP,syntetos-boylan,28.125,480.0,240.0,249.0,-240.0,-231.0,720.0,345.0,172800.0,47921.0,2,360.0,172.5,293.9387691339814,154.79179564821902,1.5,0.71875,-0.5,-0.48125,ML,ADIDA,SCP,syntetos-boylan,52.083333333333336,2026-07-14 13:03:02.206,0,,NoForecastRowsMaterialized"
"22128,66,66,10592,1,718,CONSUMIBLES DOMESTICOS,""3413"",VEGALSA,Enrique Malonda Escriva,,MovingAverage12M,smooth_insuficient,smooth_insuficient_insuficient,insuficient,x11 seasonal,x11 seasonal,success,smooth_insuficient,COMPARABLE,1,1,1,5600.0,4360.0,8400.0,5600.0,8400.0,8400.0,5717.0,0.0,0.0,7318.0,0.0,0.0,7890.0,7890.0,7890.0,8123.0,0.0,0.0,117.0,-4360.0,-8400.0,1718.0,-8400.0,-8400.0,2290.0,3530.0,-510.0,2523.0,-8400.0,-8400.0,117.0,4360.0,8400.0,1718.0,8400.0,8400.0,2290.0,3530.0,510.0,2523.0,8400.0,8400.0,13689.0,19009600,70560000,2951524.0,70560000,70560000,5244100.0,12460900,260100.0,6365529.0,70560000,70560000,1,1,1,1,1,1,117.0,4360.0,8400.0,1718.0,8400.0,8400.0,2290.0,3530.0,510.0,2523.0,8400.0,8400.0,117.0,4360.0,8400.0,1718.0,8400.0,8400.0,2290.0,3530.0,510.0,2523.0,8400.0,8400.0,0.020892857142857144,1.0,1.0,0.3067857142857143,1.0,1.0,0.4089285714285714,0.8096330275229358,0.060714285714285714,0.45053571428571426,1.0,1.0,0.020892857142857144,-1.0,-1.0,0.3067857142857143,-1.0,-1.0,0.4089285714285714,0.8096330275229358,-0.060714285714285714,0.45053571428571426,-1.0,-1.0,SCP,ML,ML,SCP,TIE,TIE,x11 seasonal,MovingAverage12M,MovingAverage12M,x11 seasonal,,,ML,SCP,SCP,ML,,,MovingAverage12M,x11 seasonal,x11 seasonal,MovingAverage12M,,,94.89082969432314,19.036697247706424,93.92857142857143,31.906460562822037,0.0,0.0,22400.0,7318.0,8123.0,-15082.0,-14277.0,18518.0,19323.0,144071524,147485529,3,6172.666666666667,6441.0,6929.923616702665,7011.55068440641,0.8266964285714286,0.8626339285714286,-0.6733035714285714,-0.6373660714285714,SCP,x11 seasonal,ML,MovingAverage12M,4.166019769186987,18360.0,5717.0,23670.0,-12643.0,5310.0,12877.0,6330.0,89583289,17965100,3,4292.333333333333,2110.0,5464.530751430842,2447.1139464002626,0.7013616557734205,0.34477124183006536,-0.6886165577342048,0.28921568627450983,ML,MovingAverage12M,SCP,x11 seasonal,50.8425875592141,40760.0,13035.0,31793.0,-27725.0,-8967.0,31395.0,25653.0,233654813,165450629,6,5232.5,4275.5,6240.39011868115,5251.200323100741,0.7702404317958783,0.6293670264965653,-0.6802011776251227,-0.21999509322865554,ML,MovingAverage12M,SCP,x11 seasonal,18.289536550406112,2026-07-14 13:03:02.206,0,,"
"22129,66,66,10592,1,141,CONSUMIBLES DOMESTICOS,""287"",JUAN FORNES - SUPERMERCADOS MAS Y MAS,Enrique Malonda Escriva,,HistoricAverage,smooth_insuficient,smooth_insuficient_insuficient,insuficient,seasonal discrete,seasonal discrete,success,smooth_insuficient,COMPARABLE,1,1,1,480.0,160.0,800.0,320.0,0.0,0.0,376.0,0.0,0.0,157.0,0.0,0.0,314.0,314.0,314.0,0.0,0.0,0.0,-104.0,-160.0,-800.0,-163.0,0.0,0.0,-166.0,154.0,-486.0,-320.0,0.0,0.0,104.0,160.0,800.0,163.0,0.0,0.0,166.0,154.0,486.0,320.0,0.0,0.0,10816.0,25600.0,640000.0,26569.0,0.0,0.0,27556.0,23716.0,236196.0,102400.0,0.0,0.0,1,1,1,1,0,0,104.0,160.0,800.0,163.0,,,166.0,154.0,486.0,320.0,,,104.0,160.0,800.0,163.0,,,166.0,154.0,486.0,320.0,,,0.21666666666666667,1.0,1.0,0.509375,,,0.3458333333333333,0.9625,0.6075,1.0,,,-0.21666666666666667,-1.0,-1.0,-0.509375,,,-0.3458333333333333,0.9625,-0.6075,-1.0,,,SCP,ML,ML,SCP,,,seasonal discrete,HistoricAverage,HistoricAverage,seasonal discrete,,,ML,SCP,SCP,ML,,,HistoricAverage,seasonal discrete,seasonal discrete,HistoricAverage,,,37.34939759036144,3.749999999999998,39.24999999999999,49.0625,,,320.0,157.0,0.0,-163.0,-320.0,163.0,320.0,26569.0,102400.0,1,163.0,320.0,163.0,320.0,0.509375,1.0,-0.509375,-1.0,SCP,seasonal discrete,ML,HistoricAverage,49.0625,1440.0,376.0,942.0,-1064.0,-498.0,1064.0,806.0,676416.0,287468.0,3,354.6666666666667,268.6666666666667,474.8389200560544,309.55236498315867,0.7388888888888889,0.5597222222222222,-0.7388888888888889,-0.3458333333333333,ML,HistoricAverage,SCP,seasonal discrete,24.248120300751882,1760.0,533.0,942.0,-1227.0,-818.0,1227.0,1126.0,702985.0,389868.0,4,306.75,281.5,419.2210037677025,312.1970531571366,0.6971590909090909,0.6397727272727273,-0.6971590909090909,-0.4647727272727273,ML,HistoricAverage,SCP,seasonal discrete,8.231458842705786,2026-07-14 13:03:02.206,0,,"
"22130,66,66,10592,1,155,CONSUMIBLES DOMESTICOS,""289"",CONSUM S COOP V,José Luís Sabater _,,MovingAverage12M,smooth_insuficient,smooth_insuficient_insuficient,insuficient,x11 seasonal,x11 seasonal,success,smooth_insuficient,COMPARABLE,1,1,1,7296.0,5184.0,10368.0,6732.0,7488.0,6912.0,5587.0,0.0,0.0,7220.0,0.0,0.0,7535.0,7535.0,7535.0,5184.0,0.0,0.0,-1709.0,-5184.0,-10368.0,488.0,-7488.0,-6912.0,239.0,2351.0,-2833.0,-1548.0,-7488.0,-6912.0,1709.0,5184.0,10368.0,488.0,7488.0,6912.0,239.0,2351.0,2833.0,1548.0,7488.0,6912.0,2920681.0,26873856,107495424,238144.0,56070144,47775744,57121.0,5527201.0,8025889.0,2396304.0,56070144,47775744,1,1,1,1,1,1,1709.0,5184.0,10368.0,488.0,7488.0,6912.0,239.0,2351.0,2833.0,1548.0,7488.0,6912.0,1709.0,5184.0,10368.0,488.0,7488.0,6912.0,239.0,2351.0,2833.0,1548.0,7488.0,6912.0,0.23423793859649122,1.0,1.0,0.07248960190136661,1.0,1.0,0.03275767543859649,0.4535108024691358,0.2732445987654321,0.22994652406417113,1.0,1.0,-0.23423793859649122,-1.0,-1.0,0.07248960190136661,-1.0,-1.0,0.03275767543859649,0.4535108024691358,-0.2732445987654321,-0.22994652406417113,-1.0,-1.0,ML,ML,ML,SCP,TIE,TIE,MovingAverage12M,MovingAverage12M,MovingAverage12M,x11 seasonal,,,SCP,SCP,SCP,ML,,,x11 seasonal,x11 seasonal,x11 seasonal,MovingAverage12M,,,86.01521357519017,54.648919753086425,72.67554012345678,68.47545219638242,0.0,0.0,21132.0,7220.0,5184.0,-13912.0,-15948.0,14888.0,15948.0,104084032,106242192,3,4962.666666666667,5316.0,5890.218784844357,5950.97168536366,0.704523944728374,0.7546848381601363,-0.658338065493091,-0.7546848381601363,SCP,x11 seasonal,ML,MovingAverage12M,6.646601454727875,22848.0,5587.0,22605.0,-17261.0,-243.0,17261.0,5423.0,137289961,13610211,3,5753.666666666667,1807.6666666666667,6764.85922494573,2129.961736745522,0.7554709383753502,0.23735119047619047,-0.7554709383753502,-0.010635504201680673,ML,MovingAverage12M,SCP,x11 seasonal,68.58235328196513,43980.0,12807.0,27789.0,-31173.0,-16191.0,32149.0,21371.0,241373993,119852403,6,5358.166666666667,3561.8333333333335,6342.633430471395,4469.384801066026,0.7309913597089586,0.48592542064574806,-0.7087994542974079,-0.3681446111869031,ML,MovingAverage12M,SCP,x11 seasonal,33.52514852717036,2026-07-14 13:03:02.206,0,,"
"22131,66,66,10592,1,157,CONSUMIBLES DOMESTICOS,""289"",""DIA RETAIL ESPAÑA, S.A."",Enrique Malonda Escriva,,,,,,preserve current forecast,preserve current forecast,success,,NOT_COMPARABLE_MISSING_SCP_AND_ML,1,0,0,0.0,0.0,0.0,0.0,0.0,0.0,,,,,,,,,,,,,,,,,,,,,,,,,,,,,,,,,,,,,,,,,,,,,,,,,,,,,,,,,,,,,,,,,,,,,,,,,,,,,,,,,,,,,,,,,,,,,,,,,,,,,,,,,,,,,,,,,,,,,,,,,,,,,,,,,,,,,,,,,,,,,,,,,,,,,,,,,,,,,,,,,,,,,,,,,,,,,,,,,,,,,,,,,,,,,,,,,,,,,,,,,,2026-07-14 13:03:02.206,1,MissingHistory,NoForecastRowsMaterialized"
"22132,66,66,10592,1,207,CONSUMIBLES DOMESTICOS,""311"",UNIALCO S.L.( UVESCO),Enrique Malonda Escriva,,MovingAverage3M,smooth_recentRelease,smooth_recentRelease_recentRelease,recentRelease,x11 lineal,x11 lineal,success,smooth_recentRelease,COMPARABLE,1,1,1,720.0,432.0,432.0,720.0,864.0,288.0,566.0,0.0,0.0,504.0,0.0,0.0,624.0,624.0,624.0,350.0,0.0,0.0,-154.0,-432.0,-432.0,-216.0,-864.0,-288.0,-96.0,192.0,192.0,-370.0,-864.0,-288.0,154.0,432.0,432.0,216.0,864.0,288.0,96.0,192.0,192.0,370.0,864.0,288.0,23716.0,186624.0,186624.0,46656.0,746496.0,82944.0,9216.0,36864.0,36864.0,136900.0,746496.0,82944.0,1,1,1,1,1,1,154.0,432.0,432.0,216.0,864.0,288.0,96.0,192.0,192.0,370.0,864.0,288.0,154.0,432.0,432.0,216.0,864.0,288.0,96.0,192.0,192.0,370.0,864.0,288.0,0.21388888888888888,1.0,1.0,0.3,1.0,1.0,0.13333333333333333,0.4444444444444444,0.4444444444444444,0.5138888888888888,1.0,1.0,-0.21388888888888888,-1.0,-1.0,-0.3,-1.0,-1.0,-0.13333333333333333,0.4444444444444444,0.4444444444444444,-0.5138888888888888,-1.0,-1.0,ML,ML,ML,SCP,TIE,TIE,MovingAverage3M,MovingAverage3M,MovingAverage3M,x11 lineal,,,SCP,SCP,SCP,ML,,,x11 lineal,x11 lineal,x11 lineal,MovingAverage3M,,,37.662337662337656,55.55555555555556,55.55555555555556,41.62162162162162,0.0,0.0,1872.0,504.0,350.0,-1368.0,-1522.0,1368.0,1522.0,876096.0,966340.0,3,456.0,507.3333333333333,540.3998519614897,567.5502914573591,0.7307692307692307,0.813034188034188,-0.7307692307692307,-0.813034188034188,SCP,x11 lineal,ML,MovingAverage3M,10.118265440210255,1584.0,566.0,1872.0,-1018.0,288.0,1018.0,480.0,396964.0,82944.0,3,339.3333333333333,160.0,363.7599941353273,166.27687752661222,0.6426767676767676,0.30303030303030304,-0.6426767676767676,0.18181818181818182,ML,MovingAverage3M,SCP,x11 lineal,52.848722986247544,3456.0,1070.0,2222.0,-2386.0,-1234.0,2386.0,2002.0,1273060.0,1049284.0,6,397.6666666666667,333.6666666666667,460.6263851177727,418.187358329573,0.6903935185185185,0.5792824074074074,-0.6903935185185185,-0.3570601851851852,ML,MovingAverage3M,SCP,x11 lineal,16.093880972338635,2026-07-14 13:03:02.206,0,,"
"22133,66,66,10592,1,224,CONSUMIBLES DOMESTICOS,""2671"",HIPER USERA S.L,Enrique Malonda Escriva,,MovingAverage12M,smooth_insuficient,smooth_insuficient_insuficient,insuficient,x11 seasonal,x11 seasonal,success,smooth_insuficient,COMPARABLE,1,1,1,3360.0,1680.0,0.0,6720.0,1680.0,5040.0,2848.0,0.0,0.0,2166.0,0.0,0.0,3220.0,3220.0,3220.0,1680.0,0.0,0.0,-512.0,-1680.0,0.0,-4554.0,-1680.0,-5040.0,-140.0,1540.0,3220.0,-5040.0,-1680.0,-5040.0,512.0,1680.0,0.0,4554.0,1680.0,5040.0,140.0,1540.0,3220.0,5040.0,1680.0,5040.0,262144.0,2822400.0,0.0,20738916,2822400.0,25401600,19600.0,2371600.0,10368400,25401600,2822400.0,25401600,1,1,0,1,1,1,512.0,1680.0,,4554.0,1680.0,5040.0,140.0,1540.0,,5040.0,1680.0,5040.0,512.0,1680.0,,4554.0,1680.0,5040.0,140.0,1540.0,,5040.0,1680.0,5040.0,0.1523809523809524,1.0,,0.6776785714285715,1.0,1.0,0.041666666666666664,0.9166666666666666,,0.75,1.0,1.0,-0.1523809523809524,-1.0,,-0.6776785714285715,-1.0,-1.0,-0.041666666666666664,0.9166666666666666,,-0.75,-1.0,-1.0,ML,ML,,SCP,TIE,TIE,MovingAverage12M,MovingAverage12M,,x11 seasonal,,,SCP,SCP,,ML,,,x11 seasonal,x11 seasonal,,MovingAverage12M,,,72.65625000000001,8.333333333333337,,9.642857142857137,0.0,0.0,13440.0,2166.0,1680.0,-11274.0,-11760.0,11274.0,11760.0,48962916,53625600,3,3758.0,3920.0,4039.922276480081,4227.90728375162,0.8388392857142857,0.875,-0.8388392857142857,-0.875,SCP,x11 seasonal,ML,MovingAverage12M,4.132653061224494,5040.0,2848.0,9660.0,-2192.0,4620.0,2192.0,4900.0,3084544.0,12759600,2,1096.0,2450.0,1241.8824421015058,2525.82659737362,0.43492063492063493,0.9722222222222222,-0.43492063492063493,0.9166666666666666,SCP,x11 seasonal,ML,MovingAverage12M,55.265306122448976,18480.0,5014.0,11340.0,-13466.0,-7140.0,13466.0,16660.0,52047460,66385200,5,2693.2,3332.0,3226.3744358025156,3643.767281262622,0.7286796536796537,0.9015151515151515,-0.7286796536796537,-0.38636363636363635,SCP,x11 seasonal,ML,MovingAverage12M,19.17166866746698,2026-07-14 13:03:02.206,0,,"
"22134,66,66,10592,1,255,CONSUMIBLES DOMESTICOS,""2675"",CONSUM S COOP V,José Luís Sabater _,,MovingAverage3M,smooth_insuficient,smooth_insuficient_insuficient,insuficient,x11 lineal,x11 lineal,success,smooth_insuficient,COMPARABLE,1,1,1,28800.0,23040.0,24960.0,24960.0,23040.0,26880.0,28018.0,0.0,0.0,27951.0,0.0,0.0,24960.0,24960.0,24960.0,27920.0,0.0,0.0,-782.0,-23040.0,-24960.0,2991.0,-23040.0,-26880.0,-3840.0,1920.0,0.0,2960.0,-23040.0,-26880.0,782.0,23040.0,24960.0,2991.0,23040.0,26880.0,3840.0,1920.0,0.0,2960.0,23040.0,26880.0,611524.0,530841600,623001600,8946081.0,530841600,722534400,14745600,3686400.0,0.0,8761600.0,530841600,722534400,1,1,1,1,1,1,782.0,23040.0,24960.0,2991.0,23040.0,26880.0,3840.0,1920.0,0.0,2960.0,23040.0,26880.0,782.0,23040.0,24960.0,2991.0,23040.0,26880.0,3840.0,1920.0,0.0,2960.0,23040.0,26880.0,0.02715277777777778,1.0,1.0,0.11983173076923077,1.0,1.0,0.13333333333333333,0.08333333333333333,0.0,0.11858974358974358,1.0,1.0,-0.02715277777777778,-1.0,-1.0,0.11983173076923077,-1.0,-1.0,-0.13333333333333333,0.08333333333333333,0.0,0.11858974358974358,-1.0,-1.0,SCP,ML,ML,ML,TIE,TIE,x11 lineal,MovingAverage3M,MovingAverage3M,MovingAverage3M,,,ML,SCP,SCP,SCP,,,MovingAverage3M,x11 lineal,x11 lineal,x11 lineal,,,79.63541666666667,91.66666666666666,100.0,1.036442661317293,0.0,0.0,74880.0,27951.0,27920.0,-46929.0,-46960.0,52911.0,52880.0,1262322081,1262137600,3,17637.0,17626.666666666668,20512.777164489453,20511.278198428623,0.7066105769230769,0.7061965811965812,-0.6267227564102564,-0.6271367521367521,ML,MovingAverage3M,SCP,x11 lineal,0.05858895125776835,76800.0,28018.0,74880.0,-48782.0,-1920.0,48782.0,5760.0,1154454724,18432000,3,16260.666666666666,1920.0,19616.784683870424,2478.709341572747,0.6351822916666666,0.075,-0.6351822916666666,-0.025,ML,MovingAverage3M,SCP,x11 lineal,88.19236603665287,151680.0,55969.0,102800.0,-95711.0,-48880.0,101693.0,58640.0,2416776805,1280569600,6,16948.833333333332,9773.333333333334,20069.781617313794,14609.184325850183,0.6704443565400844,0.3866033755274262,-0.6310060654008439,-0.3222573839662447,ML,MovingAverage3M,SCP,x11 lineal,42.3362473326581,2026-07-14 13:03:02.206,0,,"
"22135,66,66,10592,1,258,CONSUMIBLES DOMESTICOS,""2677"",DINOSOL (HIPERDINO),Enrique Malonda Escriva,,CrostonSBA,lumpy_insuficient,lumpy_insuficient_insuficient,insuficient,seasonal discrete,seasonal discrete,success,lumpy_insuficient,NOT_COMPARABLE_MISSING_SCP,1,0,1,448.0,448.0,896.0,896.0,448.0,448.0,,,,,,,0.0,0.0,0.0,60.0,0.0,0.0,,,,,,,,,,,,,,,,,,,,,,,,,,,,,,,,,,,,,,,,,,,,,,,,,,,,,,,,,,,,,,,,,,,,,,,,,,,,,,,,,,,,,,,,,,,,,,,,,,,,,,,,,,,,,,,,,,,,,,,,,,,,,,,,,,,,,,,,,,,,,,,,,,,,,,,,,,,,,,,,,,,,,,,,,,,,,,,,,,,,,,,,,,,,,,2026-07-14 13:03:02.206,0,,NoForecastRowsMaterialized"
"22136,66,66,10592,1,291,CONSUMIBLES DOMESTICOS,""2690"",FRAGADIS,Enrique Malonda Escriva,,,,,,average,average,success,,NOT_COMPARABLE_ML_EXCLUDED,1,1,0,1440.0,2880.0,4320.0,2880.0,2880.0,1440.0,3407.0,0.0,0.0,4490.0,0.0,0.0,,,,,,,,,,,,,,,,,,,,,,,,,,,,,,,,,,,,,,,,,,,,,,,,,,,,,,,,,,,,,,,,,,,,,,,,,,,,,,,,,,,,,,,,,,,,,,,,,,,,,,,,,,,,,,,,,,,,,,,,,,,,,,,,,,,,,,,,,,,,,,,,,,,,,,,,,,,,,,,,,,,,,,,,,,,,,,,,,,,,,,,,,,,,,,,,,,,,2026-07-14 13:03:02.206,1,ShortSeries,"
"22137,66,66,10592,1,309,CONSUMIBLES DOMESTICOS,""2699"",COVIRAN,José Luís Sabater _,,SeasonalNaive,smooth_insuficient,smooth_insuficient_insuficient,insuficient,x11 seasonal,x11 seasonal,success,smooth_insuficient,COMPARABLE,1,1,1,25200.0,4800.0,48264.0,26400.0,16800.0,6000.0,17528.0,0.0,0.0,17909.0,0.0,0.0,24000.0,24000.0,21504.0,15600.0,0.0,0.0,-7672.0,-4800.0,-48264.0,-8491.0,-16800.0,-6000.0,-1200.0,19200.0,-26760.0,-10800.0,-16800.0,-6000.0,7672.0,4800.0,48264.0,8491.0,16800.0,6000.0,1200.0,19200.0,26760.0,10800.0,16800.0,6000.0,58859584,23040000,2329413696,72097081,282240000,36000000,1440000.0,368640000,716097600,116640000,282240000,36000000,1,1,1,1,1,1,7672.0,4800.0,48264.0,8491.0,16800.0,6000.0,1200.0,19200.0,26760.0,10800.0,16800.0,6000.0,7672.0,4800.0,48264.0,8491.0,16800.0,6000.0,1200.0,19200.0,26760.0,10800.0,16800.0,6000.0,0.30444444444444446,1.0,1.0,0.3216287878787879,1.0,1.0,0.047619047619047616,4.0,0.5544505221282944,0.4090909090909091,1.0,1.0,-0.30444444444444446,-1.0,-1.0,-0.3216287878787879,-1.0,-1.0,-0.047619047619047616,4.0,-0.5544505221282944,-0.4090909090909091,-1.0,-1.0,ML,SCP,ML,SCP,TIE,TIE,SeasonalNaive,x11 seasonal,SeasonalNaive,x11 seasonal,,,SCP,ML,SCP,ML,,,x11 seasonal,SeasonalNaive,x11 seasonal,SeasonalNaive,,,84.3587069864442,75.0,44.55494778717056,21.37962962962963,0.0,0.0,49200.0,17909.0,15600.0,-31291.0,-33600.0,31291.0,33600.0,390337081,434880000,3,10430.333333333334,11200.0,11406.680513336618,12039.93355463393,0.6359959349593496,0.6829268292682927,-0.6359959349593496,-0.6829268292682927,SCP,x11 seasonal,ML,SeasonalNaive,6.872023809523818,78264.0,17528.0,69504.0,-60736.0,-8760.0,60736.0,47160.0,2411313280,1086177600,3,20245.333333333332,15720.0,28350.857012325632,19027.853268301184,0.7760400695083308,0.6025758969641214,-0.7760400695083308,-0.11192885617908617,ML,SeasonalNaive,SCP,x11 seasonal,22.352476290832467,127464.0,35437.0,85104.0,-92027.0,-42360.0,92027.0,80760.0,2801650361,1521057600,6,15337.833333333334,13460.0,21608.834462629708,15921.984800897155,0.7219842465323543,0.6335906608924873,-0.7219842465323543,-0.33232912822443983,ML,SeasonalNaive,SCP,x11 seasonal,12.243146033229383,2026-07-14 13:03:02.206,0,,"
"22138,66,66,10592,1,1107,CONSUMIBLES DOMESTICOS,""4167"",""FAMILY CASH, S.L."",José Navalón _,,SeasonalNaive,smooth_insuficient,smooth_insuficient_insuficient,insuficient,seasonal discrete,seasonal discrete,success,smooth_insuficient,COMPARABLE,1,1,1,0.0,3120.0,3120.0,3120.0,3120.0,3120.0,2175.0,877.0,3101.0,3120.0,3120.0,3120.0,3120.0,0.0,3120.0,3120.0,3120.0,3120.0,2175.0,-2243.0,-19.0,0.0,0.0,0.0,3120.0,-3120.0,0.0,0.0,0.0,0.0,2175.0,2243.0,19.0,0.0,0.0,0.0,3120.0,3120.0,0.0,0.0,0.0,0.0,4730625.0,5031049.0,361.0,0.0,0.0,0.0,9734400.0,9734400.0,0.0,0.0,0.0,0.0,0,1,1,1,1,1,,2243.0,19.0,0.0,0.0,0.0,,3120.0,0.0,0.0,0.0,0.0,,2243.0,19.0,0.0,0.0,0.0,,3120.0,0.0,0.0,0.0,0.0,,0.7189102564102564,0.00608974358974359,0.0,0.0,0.0,,1.0,0.0,0.0,0.0,0.0,,-0.7189102564102564,-0.00608974358974359,0.0,0.0,0.0,,-1.0,0.0,0.0,0.0,0.0,,SCP,ML,TIE,TIE,TIE,,seasonal discrete,SeasonalNaive,,,,,ML,SCP,,,,,SeasonalNaive,seasonal discrete,,,,,28.108974358974358,100.0,0.0,0.0,0.0,9360.0,9360.0,9360.0,0.0,0.0,0.0,0.0,0.0,0.0,3,0.0,0.0,0.0,0.0,0.0,0.0,0.0,0.0,TIE,,,,0.0,6240.0,6153.0,6240.0,-87.0,0.0,4437.0,6240.0,9762035.0,19468800,2,2218.5,3120.0,2209.30249173806,3120.0,0.7110576923076923,1.0,-0.013942307692307693,0.0,SCP,seasonal discrete,ML,SeasonalNaive,28.894230769230766,15600.0,15513.0,15600.0,-87.0,0.0,4437.0,6240.0,9762035.0,19468800,5,887.4,1248.0,1397.2855828355205,1973.2612599450688,0.28442307692307695,0.4,-0.0055769230769230765,0.0,SCP,seasonal discrete,ML,SeasonalNaive,28.894230769230766,2026-07-14 13:03:02.206,0,,"
"22139,66,66,10592,1,1287,SACO INDUSTRIAL,""26"",ALIMERKA S.A.U.,Enrique Malonda Escriva,,CrostonSBA,intermittent_insuficient,intermittent_insuficient_insuficient,insuficient,preserve current forecast,preserve current forecast,success,intermittent_insuficient,COMPARABLE,1,1,1,0.0,0.0,6.9,17.25,6.9,6.9,16.1,6.3,10.5,0.0,9.0,0.0,6.4,6.4,8.9,0.0,4.8,0.0,16.1,6.3,3.5999999999999996,-17.25,2.0999999999999996,-6.9,6.4,6.4,2.0,-17.25,-2.1000000000000005,-6.9,16.1,6.3,3.5999999999999996,17.25,2.0999999999999996,6.9,6.4,6.4,2.0,17.25,2.1000000000000005,6.9,259.21000000000004,39.69,12.959999999999997,297.5625,4.409999999999998,47.61000000000001,40.96000000000001,40.96000000000001,4.0,297.5625,4.410000000000002,47.61000000000001,0,0,1,1,1,1,,,3.5999999999999996,17.25,2.0999999999999996,6.9,,,2.0,17.25,2.1000000000000005,6.9,,,3.5999999999999996,17.25,2.0999999999999996,6.9,,,2.0,17.25,2.1000000000000005,6.9,,,0.5217391304347825,1.0,0.30434782608695643,1.0,,,0.2898550724637681,1.0,0.3043478260869566,1.0,,,0.5217391304347825,-1.0,0.30434782608695643,-1.0,,,0.2898550724637681,-1.0,-0.3043478260869566,-1.0,,,ML,TIE,TIE,TIE,,,CrostonSBA,,,,,,SCP,,,,,,preserve current forecast,,,,,,44.44444444444443,0.0,0.0,0.0,31.05,9.0,4.8,-22.05,-26.25,26.25,26.25,349.5825,349.5825,3,8.75,8.75,10.794790410193242,10.794790410193242,0.8454106280193237,0.8454106280193237,-0.7101449275362319,-0.8454106280193237,TIE,,,,0.0,6.9,32.900000000000006,21.700000000000003,26.0,14.8,26.0,14.8,311.86,85.92000000000002,1,26.0,14.8,17.659558318372518,9.269304181005175,3.7681159420289854,2.1449275362318843,3.7681159420289854,2.1449275362318843,ML,CrostonSBA,SCP,preserve current forecast,43.076923076923066,37.949999999999996,41.900000000000006,26.500000000000004,3.9499999999999993,-11.45,52.25,41.05,661.4425,435.50250000000005,4,13.0625,10.2625,12.859262226115462,10.434348326560697,1.3768115942028987,1.0816864295125166,0.10408432147562581,-0.30171277997364954,ML,CrostonSBA,SCP,preserve current forecast,21.43540669856459,2026-07-14 13:03:02.206,0,,"
"22140,66,66,10592,1,1314,SACO INDUSTRIAL,""35"",FLORETTE MURCIA S.L.U.,José Mateos-Aparicio Martinez,,MovingAverage3M,intermittent_insuficient,intermittent_insuficient_insuficient,insuficient,syntetos-boylan,syntetos-boylan,success,intermittent_insuficient,NOT_COMPARABLE_MISSING_SCP,1,0,1,0.0,0.0,0.0,1.92,0.0,0.0,,,,,,,0.0,1.2999999999999998,0.0,0.0,0.0,0.0,,,,,,,,,,,,,,,,,,,,,,,,,,,,,,,,,,,,,,,,,,,,,,,,,,,,,,,,,,,,,,,,,,,,,,,,,,,,,,,,,,,,,,,,,,,,,,,,,,,,,,,,,,,,,,,,,,,,,,,,,,,,,,,,,,,,,,,,,,,,,,,,,,,,,,,,,,,,,,,,,,,,,,,,,,,,,,,,,,,,,,,,,,,,,,2026-07-14 13:03:02.206,0,,NoForecastRowsMaterialized"
"22141,66,66,10592,1,1405,SACO INDUSTRIAL,""3678"",""PROCAVI, S.L."",José Mateos-Aparicio Martinez,,CrostonClassic,intermittent_insuficient,intermittent_insuficient_insuficient,insuficient,syntetos-boylan,syntetos-boylan,success,intermittent_insuficient,COMPARABLE,1,1,1,24.3,0.0,60.0,35.5,30.0,0.0,45.0,0.0,0.0,50.5,0.0,0.0,31.200000000000003,31.1,59.1,0.0,0.0,0.0,20.7,0.0,-60.0,15.0,-30.0,0.0,6.900000000000002,31.1,-0.8999999999999986,-35.5,-30.0,0.0,20.7,0.0,60.0,15.0,30.0,0.0,6.900000000000002,31.1,0.8999999999999986,35.5,30.0,0.0,428.48999999999995,0.0,3600.0,225.0,900.0,0.0,47.61000000000003,967.21,0.8099999999999974,1260.25,900.0,0.0,1,0,1,1,1,0,20.7,,60.0,15.0,30.0,,6.900000000000002,,0.8999999999999986,35.5,30.0,,20.7,,60.0,15.0,30.0,,6.900000000000002,,0.8999999999999986,35.5,30.0,,0.8518518518518517,,1.0,0.4225352112676056,1.0,,0.2839506172839507,,0.014999999999999977,1.0,1.0,,0.8518518518518517,,-1.0,0.4225352112676056,-1.0,,0.2839506172839507,,-0.014999999999999977,-1.0,-1.0,,ML,,ML,SCP,TIE,,CrostonClassic,,CrostonClassic,syntetos-boylan,,,SCP,,SCP,ML,,,syntetos-boylan,,syntetos-boylan,CrostonClassic,,,66.66666666666666,,98.5,57.74647887323944,0.0,,65.5,50.5,0.0,-15.0,-65.5,45.0,65.5,1125.0,2160.25,2,22.5,32.75,23.717082451262844,32.86525520971958,0.6870229007633588,1.0,-0.22900763358778625,-1.0,SCP,syntetos-boylan,ML,CrostonClassic,31.29770992366412,84.3,45.0,121.4,-39.3,37.10000000000001,80.7,38.900000000000006,4028.49,1015.63,2,40.35,19.450000000000003,44.880340907796146,22.534750941601285,0.9572953736654805,0.4614472123368921,-0.46619217081850534,0.4400948991696324,ML,CrostonClassic,SCP,syntetos-boylan,51.79677819083023,149.8,95.5,121.4,-54.3,-28.4,125.7,104.4,5153.49,3175.88,4,31.425,26.1,35.893906168039166,28.1774732721016,0.8391188251001335,0.6969292389853138,-0.3624833110814419,-0.18958611481975965,ML,CrostonClassic,SCP,syntetos-boylan,16.94510739856801,2026-07-14 13:03:02.206,0,,"
"22142,66,66,10592,1,1473,SACO INDUSTRIAL,""3698"",UVESA,José Mateos-Aparicio Martinez,,HistoricAverage,smooth_insuficient,smooth_insuficient_insuficient,insuficient,seasonal discrete,seasonal discrete,success,smooth_insuficient,COMPARABLE,1,1,1,166.5,0.0,36.0,39.0,39.0,36.0,79.9,0.0,0.0,36.9,0.0,0.0,36.1,72.2,0.0,35.8,0.0,0.0,-86.6,0.0,-36.0,-2.1000000000000014,-39.0,-36.0,-130.4,72.2,-36.0,-3.200000000000003,-39.0,-36.0,86.6,0.0,36.0,2.1000000000000014,39.0,36.0,130.4,72.2,36.0,3.200000000000003,39.0,36.0,7499.559999999999,0.0,1296.0,4.410000000000006,1521.0,1296.0,17004.16,5212.84,1296.0,10.240000000000018,1521.0,1296.0,1,0,1,1,1,1,86.6,,36.0,2.1000000000000014,39.0,36.0,130.4,,36.0,3.200000000000003,39.0,36.0,86.6,,36.0,2.1000000000000014,39.0,36.0,130.4,,36.0,3.200000000000003,39.0,36.0,0.5201201201201201,,1.0,0.053846153846153884,1.0,1.0,0.7831831831831833,,1.0,0.08205128205128212,1.0,1.0,-0.5201201201201201,,-1.0,-0.053846153846153884,-1.0,-1.0,-0.7831831831831833,,-1.0,-0.08205128205128212,-1.0,-1.0,SCP,,TIE,SCP,TIE,TIE,seasonal discrete,,,seasonal discrete,,,ML,,,ML,,,HistoricAverage,,,HistoricAverage,,,33.58895705521473,,0.0,34.375000000000014,0.0,0.0,114.0,36.9,35.8,-77.1,-78.2,77.1,78.2,2821.41,2827.2400000000002,3,25.7,26.066666666666666,30.667083330502756,30.69875133182673,0.6763157894736842,0.6859649122807018,-0.6763157894736842,-0.6859649122807018,SCP,seasonal discrete,ML,HistoricAverage,1.4066496163682907,202.5,79.9,108.30000000000001,-122.6,-94.2,122.6,238.60000000000002,8795.559999999998,23513.0,2,61.3,119.30000000000001,66.31575981620054,108.42739506231808,0.605432098765432,1.1782716049382718,-0.605432098765432,-0.4651851851851852,SCP,seasonal discrete,ML,HistoricAverage,48.61693210393966,316.5,116.80000000000001,144.10000000000002,-199.7,-172.4,199.7,316.8,11616.969999999998,26340.24,5,39.94,63.36,48.201597483900876,72.58131991084208,0.6309636650868878,1.0009478672985783,-0.6309636650868878,-0.5447077409162717,SCP,seasonal discrete,ML,HistoricAverage,36.96338383838385,2026-07-14 13:03:02.206,0,,"
"22143,66,66,10592,1,1507,SACO INDUSTRIAL,""3711"",""HIJOS DE JUAN PUJANTE, S.A."",José Mateos-Aparicio Martinez,,,,,,average,average,success,,NOT_COMPARABLE_ML_EXCLUDED,1,1,0,46.33,45.0,45.0,45.0,45.0,0.0,35.8,0.0,0.0,41.7,0.0,0.0,,,,,,,,,,,,,,,,,,,,,,,,,,,,,,,,,,,,,,,,,,,,,,,,,,,,,,,,,,,,,,,,,,,,,,,,,,,,,,,,,,,,,,,,,,,,,,,,,,,,,,,,,,,,,,,,,,,,,,,,,,,,,,,,,,,,,,,,,,,,,,,,,,,,,,,,,,,,,,,,,,,,,,,,,,,,,,,,,,,,,,,,,,,,,,,,,,,,2026-07-14 13:03:02.206,1,ShortSeries,"
"22144,66,66,10592,1,1732,CONSUMIBLES DOMESTICOS,""2828"","""",Manolo PLS Cerrato,,,,,,preserve current forecast,preserve current forecast,success,,NOT_COMPARABLE_MISSING_SCP_AND_ML,1,0,0,0.0,240.0,0.0,0.0,0.0,0.0,,,,,,,,,,,,,,,,,,,,,,,,,,,,,,,,,,,,,,,,,,,,,,,,,,,,,,,,,,,,,,,,,,,,,,,,,,,,,,,,,,,,,,,,,,,,,,,,,,,,,,,,,,,,,,,,,,,,,,,,,,,,,,,,,,,,,,,,,,,,,,,,,,,,,,,,,,,,,,,,,,,,,,,,,,,,,,,,,,,,,,,,,,,,,,,,,,,,,,,,,,2026-07-14 13:03:02.206,1,MissingHistory,NoForecastRowsMaterialized"
"22145,66,66,10592,1,1800,CONSUMIBLES DOMESTICOS,""6001"",GRUPO DISTRIBUIDOR GARAU SL,José Luís Sabater _,,,,,,average,average,success,,NOT_COMPARABLE_MISSING_SCP_AND_ML,1,0,0,7860.0,17120.0,0.0,0.0,0.0,0.0,,,,,,,,,,,,,,,,,,,,,,,,,,,,,,,,,,,,,,,,,,,,,,,,,,,,,,,,,,,,,,,,,,,,,,,,,,,,,,,,,,,,,,,,,,,,,,,,,,,,,,,,,,,,,,,,,,,,,,,,,,,,,,,,,,,,,,,,,,,,,,,,,,,,,,,,,,,,,,,,,,,,,,,,,,,,,,,,,,,,,,,,,,,,,,,,,,,,,,,,,,2026-07-14 13:03:02.206,1,ShortSeries,NoForecastRowsMaterialized"
"22146,66,66,10592,1,1809,CONSUMIBLES DOMESTICOS,""6030"",GRUPO DISTRIBUIDOR GARAU SL,José Luís Sabater _,,,,,,preserve current forecast,preserve current forecast,success,,NOT_COMPARABLE_MISSING_SCP_AND_ML,1,0,0,10752.0,0.0,0.0,0.0,0.0,0.0,,,,,,,,,,,,,,,,,,,,,,,,,,,,,,,,,,,,,,,,,,,,,,,,,,,,,,,,,,,,,,,,,,,,,,,,,,,,,,,,,,,,,,,,,,,,,,,,,,,,,,,,,,,,,,,,,,,,,,,,,,,,,,,,,,,,,,,,,,,,,,,,,,,,,,,,,,,,,,,,,,,,,,,,,,,,,,,,,,,,,,,,,,,,,,,,,,,,,,,,,,2026-07-14 13:03:02.206,1,MissingHistory,NoForecastRowsMaterialized"
"22147,66,66,10592,1,760,CONSUMIBLES DOMESTICOS,""3445"",AHORRAMAS (GRUPO IFA),Enrique Malonda Escriva,,MovingAverage12M,smooth_insuficient,smooth_insuficient_insuficient,insuficient,x11 seasonal,x11 seasonal,success,smooth_insuficient,COMPARABLE,1,1,1,5880.0,8820.0,11760.0,8820.0,8820.0,8820.0,9847.0,0.0,0.0,9957.0,0.0,0.0,9798.0,9799.0,9798.0,11760.0,0.0,0.0,3967.0,-8820.0,-11760.0,1137.0,-8820.0,-8820.0,3918.0,979.0,-1962.0,2940.0,-8820.0,-8820.0,3967.0,8820.0,11760.0,1137.0,8820.0,8820.0,3918.0,979.0,1962.0,2940.0,8820.0,8820.0,15737089,77792400,138297600,1292769.0,77792400,77792400,15350724,958441.0,3849444.0,8643600.0,77792400,77792400,1,1,1,1,1,1,3967.0,8820.0,11760.0,1137.0,8820.0,8820.0,3918.0,979.0,1962.0,2940.0,8820.0,8820.0,3967.0,8820.0,11760.0,1137.0,8820.0,8820.0,3918.0,979.0,1962.0,2940.0,8820.0,8820.0,0.6746598639455782,1.0,1.0,0.12891156462585035,1.0,1.0,0.6663265306122449,0.11099773242630386,0.16683673469387755,0.3333333333333333,1.0,1.0,0.6746598639455782,-1.0,-1.0,0.12891156462585035,-1.0,-1.0,0.6663265306122449,0.11099773242630386,-0.16683673469387755,0.3333333333333333,-1.0,-1.0,ML,ML,ML,SCP,TIE,TIE,MovingAverage12M,MovingAverage12M,MovingAverage12M,x11 seasonal,,,SCP,SCP,SCP,ML,,,x11 seasonal,x11 seasonal,x11 seasonal,MovingAverage12M,,,1.2351903201411603,88.90022675736961,83.31632653061224,61.32653061224489,0.0,0.0,26460.0,9957.0,11760.0,-16503.0,-14700.0,18777.0,20580.0,156877569,164228400,3,6259.0,6860.0,7231.356926607897,7398.837746565335,0.7096371882086168,0.7777777777777778,-0.6236961451247166,-0.5555555555555556,SCP,x11 seasonal,ML,MovingAverage12M,8.760932944606417,26460.0,9847.0,29395.0,-16613.0,2935.0,24547.0,6859.0,231827089,20158609,3,8182.333333333333,2286.3333333333335,8790.659607409067,2592.2068461705235,0.9277021919879063,0.2592214663643235,-0.6278533635676493,0.11092214663643235,ML,MovingAverage12M,SCP,x11 seasonal,72.0576852568542,52920.0,19804.0,41155.0,-33116.0,-11765.0,43324.0,27439.0,388704658,184387009,6,7220.666666666667,4573.166666666667,8048.85766221932,5543.569983924318,0.8186696900982615,0.5184996220710506,-0.6257747543461829,-0.22231670445956161,ML,MovingAverage12M,SCP,x11 seasonal,36.665589511587115,2026-07-14 13:03:02.206,0,,"
"22148,66,66,10592,1,807,CONSUMIBLES DOMESTICOS,""3451"",""CENTROS COMERCIALES CARREFOUR, S.A."",Enrique Malonda Escriva,,MovingAverage3M,smooth_insuficient,smooth_insuficient_insuficient,insuficient,x11 lineal,x11 lineal,success,smooth_insuficient,COMPARABLE,1,1,1,5460.0,2730.0,2730.0,2730.0,2730.0,2730.0,2691.0,0.0,0.0,2764.0,0.0,0.0,2730.0,2730.0,2730.0,2730.0,0.0,0.0,-2769.0,-2730.0,-2730.0,34.0,-2730.0,-2730.0,-2730.0,0.0,0.0,0.0,-2730.0,-2730.0,2769.0,2730.0,2730.0,34.0,2730.0,2730.0,2730.0,0.0,0.0,0.0,2730.0,2730.0,7667361.0,7452900.0,7452900.0,1156.0,7452900.0,7452900.0,7452900.0,0.0,0.0,0.0,7452900.0,7452900.0,1,1,1,1,1,1,2769.0,2730.0,2730.0,34.0,2730.0,2730.0,2730.0,0.0,0.0,0.0,2730.0,2730.0,2769.0,2730.0,2730.0,34.0,2730.0,2730.0,2730.0,0.0,0.0,0.0,2730.0,2730.0,0.5071428571428571,1.0,1.0,0.012454212454212455,1.0,1.0,0.5,0.0,0.0,0.0,1.0,1.0,-0.5071428571428571,-1.0,-1.0,0.012454212454212455,-1.0,-1.0,-0.5,0.0,0.0,0.0,-1.0,-1.0,ML,ML,ML,ML,TIE,TIE,MovingAverage3M,MovingAverage3M,MovingAverage3M,MovingAverage3M,,,SCP,SCP,SCP,SCP,,,x11 lineal,x11 lineal,x11 lineal,x11 lineal,,,1.4084507042253471,100.0,100.0,100.0,0.0,0.0,8190.0,2764.0,2730.0,-5426.0,-5460.0,5494.0,5460.0,14906956,14905800,3,1831.3333333333333,1820.0,2229.122099242958,2229.035665932692,0.6708180708180708,0.6666666666666666,-0.6625152625152625,-0.6666666666666666,ML,MovingAverage3M,SCP,x11 lineal,0.618856934838003,10920.0,2691.0,8190.0,-8229.0,-2730.0,8229.0,2730.0,22573161,7452900.0,3,2743.0,910.0,2743.061610682487,1576.1662348876782,0.7535714285714286,0.25,-0.7535714285714286,-0.25,ML,MovingAverage3M,SCP,x11 lineal,66.82464454976304,19110.0,5455.0,10920.0,-13655.0,-8190.0,13723.0,8190.0,37480117,22358700,6,2287.1666666666665,1365.0,2499.3371454581047,1930.4015126392746,0.7181057038199895,0.42857142857142855,-0.7145473574045003,-0.42857142857142855,ML,MovingAverage3M,SCP,x11 lineal,40.31917219266924,2026-07-14 13:03:02.206,0,,"
"22149,66,66,10592,1,841,CONSUMIBLES DOMESTICOS,""3456"",""BON PREU, S.A.U."",Enrique Malonda Escriva,,,,,,average,average,success,,NOT_COMPARABLE_ML_EXCLUDED,1,1,0,2520.0,3528.0,2520.0,5544.0,2016.0,2520.0,3037.0,0.0,0.0,2523.0,0.0,0.0,,,,,,,,,,,,,,,,,,,,,,,,,,,,,,,,,,,,,,,,,,,,,,,,,,,,,,,,,,,,,,,,,,,,,,,,,,,,,,,,,,,,,,,,,,,,,,,,,,,,,,,,,,,,,,,,,,,,,,,,,,,,,,,,,,,,,,,,,,,,,,,,,,,,,,,,,,,,,,,,,,,,,,,,,,,,,,,,,,,,,,,,,,,,,,,,,,,,2026-07-14 13:03:02.206,1,ShortSeries,"
"22150,66,66,10592,1,859,CONSUMIBLES DOMESTICOS,""3456"",""TRANSGOURMET IBERICA S.A. -GM FOOD IBERICA, S.A.U."",Enrique Malonda Escriva,,,,,,average,average,success,,NOT_COMPARABLE_ML_EXCLUDED,1,1,0,504.0,1008.0,504.0,504.0,3024.0,2520.0,1680.0,0.0,0.0,0.0,0.0,0.0,,,,,,,,,,,,,,,,,,,,,,,,,,,,,,,,,,,,,,,,,,,,,,,,,,,,,,,,,,,,,,,,,,,,,,,,,,,,,,,,,,,,,,,,,,,,,,,,,,,,,,,,,,,,,,,,,,,,,,,,,,,,,,,,,,,,,,,,,,,,,,,,,,,,,,,,,,,,,,,,,,,,,,,,,,,,,,,,,,,,,,,,,,,,,,,,,,,,2026-07-14 13:03:02.206,1,ShortSeries,NoForecastRowsMaterialized"
"22151,66,66,10592,1,876,CONSUMIBLES DOMESTICOS,""3459"",""FAMILY CASH, S.L."",José Navalón _,,SeasonalNaive,smooth_insuficient,smooth_insuficient_insuficient,insuficient,x11 seasonal,x11 seasonal,success,smooth_insuficient,COMPARABLE,1,1,1,2730.0,8190.0,5460.0,13650.0,2730.0,8190.0,11212.0,0.0,0.0,9525.0,0.0,0.0,10680.0,5460.0,8190.0,8190.0,0.0,0.0,8482.0,-8190.0,-5460.0,-4125.0,-2730.0,-8190.0,7950.0,-2730.0,2730.0,-5460.0,-2730.0,-8190.0,8482.0,8190.0,5460.0,4125.0,2730.0,8190.0,7950.0,2730.0,2730.0,5460.0,2730.0,8190.0,71944324,67076100,29811600,17015625,7452900.0,67076100,63202500,7452900.0,7452900.0,29811600,7452900.0,67076100,1,1,1,1,1,1,8482.0,8190.0,5460.0,4125.0,2730.0,8190.0,7950.0,2730.0,2730.0,5460.0,2730.0,8190.0,8482.0,8190.0,5460.0,4125.0,2730.0,8190.0,7950.0,2730.0,2730.0,5460.0,2730.0,8190.0,3.106959706959707,1.0,1.0,0.3021978021978022,1.0,1.0,2.912087912087912,0.3333333333333333,0.5,0.4,1.0,1.0,3.106959706959707,-1.0,-1.0,-0.3021978021978022,-1.0,-1.0,2.912087912087912,-0.3333333333333333,0.5,-0.4,-1.0,-1.0,ML,ML,ML,SCP,TIE,TIE,SeasonalNaive,SeasonalNaive,SeasonalNaive,x11 seasonal,,,SCP,SCP,SCP,ML,,,x11 seasonal,x11 seasonal,x11 seasonal,SeasonalNaive,,,6.27210563546334,66.66666666666667,50.0,24.45054945054946,0.0,0.0,24570.0,9525.0,8190.0,-15045.0,-16380.0,15045.0,16380.0,91544625,104340600,3,5015.0,5460.0,5524.027063655644,5897.474035551153,0.6123321123321124,0.6666666666666666,-0.6123321123321124,-0.6666666666666666,SCP,x11 seasonal,ML,SeasonalNaive,8.150183150183137,16380.0,11212.0,24330.0,-5168.0,7950.0,22132.0,13410.0,168832024,78108300,3,7377.333333333333,4470.0,7501.822534113516,5102.558181931882,1.3511599511599512,0.8186813186813187,-0.3155067155067155,0.48534798534798534,ML,SeasonalNaive,SCP,x11 seasonal,39.40900054220135,40950.0,20737.0,32520.0,-20213.0,-8430.0,37177.0,29790.0,260376649,182448900,6,6196.166666666667,4965.0,6587.572251343181,5514.35853023722,0.9078632478632479,0.7274725274725274,-0.4936019536019536,-0.20586080586080585,ML,SeasonalNaive,SCP,x11 seasonal,19.8698119805256,2026-07-14 13:03:02.206,0,,"
"22152,66,66,10592,1,910,CONSUMIBLES DOMESTICOS,""3539"",BUBBLES BIDCO SPAIN SL (ACQUA & SAPONE)A,Enrique Malonda Escriva,,,,,,preserve current forecast,preserve current forecast,success,,NOT_COMPARABLE_MISSING_SCP_AND_ML,1,0,0,0.0,0.0,0.0,0.0,0.0,0.0,,,,,,,,,,,,,,,,,,,,,,,,,,,,,,,,,,,,,,,,,,,,,,,,,,,,,,,,,,,,,,,,,,,,,,,,,,,,,,,,,,,,,,,,,,,,,,,,,,,,,,,,,,,,,,,,,,,,,,,,,,,,,,,,,,,,,,,,,,,,,,,,,,,,,,,,,,,,,,,,,,,,,,,,,,,,,,,,,,,,,,,,,,,,,,,,,,,,,,,,,,2026-07-14 13:03:02.206,1,MissingHistory,NoForecastRowsMaterialized"
"22153,66,66,10592,1,975,CONSUMIBLES DOMESTICOS,""3587"",""FAMILY CASH, S.L."",José Navalón _,,SeasonalNaive,smooth_insuficient,smooth_insuficient_insuficient,insuficient,x11 seasonal,x11 seasonal,success,smooth_insuficient,COMPARABLE,1,1,1,0.0,9120.0,6408.0,9120.0,6840.0,6840.0,7105.0,0.0,0.0,6887.0,0.0,0.0,6840.0,4560.0,11400.0,6840.0,0.0,0.0,7105.0,-9120.0,-6408.0,-2233.0,-6840.0,-6840.0,6840.0,-4560.0,4992.0,-2280.0,-6840.0,-6840.0,7105.0,9120.0,6408.0,2233.0,6840.0,6840.0,6840.0,4560.0,4992.0,2280.0,6840.0,6840.0,50481025,83174400,41062464,4986289.0,46785600,46785600,46785600,20793600,24920064,5198400.0,46785600,46785600,0,1,1,1,1,1,,9120.0,6408.0,2233.0,6840.0,6840.0,,4560.0,4992.0,2280.0,6840.0,6840.0,,9120.0,6408.0,2233.0,6840.0,6840.0,,4560.0,4992.0,2280.0,6840.0,6840.0,,1.0,1.0,0.24484649122807017,1.0,1.0,,0.5,0.7790262172284644,0.25,1.0,1.0,,-1.0,-1.0,-0.24484649122807017,-1.0,-1.0,,-0.5,0.7790262172284644,-0.25,-1.0,-1.0,,ML,ML,SCP,TIE,TIE,,SeasonalNaive,SeasonalNaive,x11 seasonal,,,,SCP,SCP,ML,,,,x11 seasonal,x11 seasonal,SeasonalNaive,,,,50.0,22.097378277153556,2.0614035087719307,0.0,0.0,22800.0,6887.0,6840.0,-15913.0,-15960.0,15913.0,15960.0,98557489,98769600,3,5304.333333333333,5320.0,5731.709721656648,5737.87417080577,0.697938596491228,0.7,-0.697938596491228,-0.7,SCP,x11 seasonal,ML,SeasonalNaive,0.29448621553884724,15528.0,7105.0,22800.0,-8423.0,7272.0,22633.0,16392.0,174717889,92499264,2,11316.5,8196.0,9346.600692230304,6800.708198415809,1.4575605358062855,1.0556414219474497,-0.5424394641937146,0.46831530139103555,ML,SeasonalNaive,SCP,x11 seasonal,27.57478018822075,38328.0,13992.0,29640.0,-24336.0,-8688.0,38546.0,32352.0,273275378,191268864,5,7709.2,6470.4,7392.907114254852,6184.96344370765,1.005687747860572,0.8440826549780839,-0.6349405134627426,-0.2266750156543519,ML,SeasonalNaive,SCP,x11 seasonal,16.069112229543926,2026-07-14 13:03:02.206,0,,"
"22154,66,66,10592,1,992,CONSUMIBLES DOMESTICOS,""3645"",AHORRAMAS (GRUPO IFA),Enrique Malonda Escriva,,SeasonalNaive,lumpy_insuficient,lumpy_insuficient_insuficient,insuficient,seasonal discrete,seasonal discrete,success,lumpy_insuficient,COMPARABLE,1,1,1,2000.0,2400.0,1000.0,1000.0,0.0,0.0,2015.0,0.0,0.0,0.0,0.0,0.0,2000.0,2000.0,1000.0,0.0,0.0,0.0,15.0,-2400.0,-1000.0,-1000.0,0.0,0.0,0.0,-400.0,0.0,-1000.0,0.0,0.0,15.0,2400.0,1000.0,1000.0,0.0,0.0,0.0,400.0,0.0,1000.0,0.0,0.0,225.0,5760000.0,1000000.0,1000000.0,0.0,0.0,0.0,160000.0,0.0,1000000.0,0.0,0.0,1,1,1,1,0,0,15.0,2400.0,1000.0,1000.0,,,0.0,400.0,0.0,1000.0,,,15.0,2400.0,1000.0,1000.0,,,0.0,400.0,0.0,1000.0,,,0.0075,1.0,1.0,1.0,,,0.0,0.16666666666666666,0.0,1.0,,,0.0075,-1.0,-1.0,-1.0,,,0.0,-0.16666666666666666,0.0,-1.0,,,ML,ML,ML,TIE,,,SeasonalNaive,SeasonalNaive,SeasonalNaive,,,,SCP,SCP,SCP,,,,seasonal discrete,seasonal discrete,seasonal discrete,,,,100.0,83.33333333333334,100.0,0.0,,,1000.0,0.0,0.0,-1000.0,-1000.0,1000.0,1000.0,1000000.0,1000000.0,1,1000.0,1000.0,1000.0,1000.0,1.0,1.0,-1.0,-1.0,TIE,,,,0.0,5400.0,2015.0,5000.0,-3385.0,-400.0,3415.0,400.0,6760225.0,160000.0,3,1138.3333333333333,133.33333333333334,1501.1356811871915,230.9401076758503,0.6324074074074074,0.07407407407407407,-0.6268518518518519,-0.07407407407407407,ML,SeasonalNaive,SCP,seasonal discrete,88.28696925329429,6400.0,2015.0,5000.0,-4385.0,-1400.0,4415.0,1400.0,7760225.0,1160000.0,4,1103.75,350.0,1392.859020145255,538.5164807134504,0.68984375,0.21875,-0.68515625,-0.21875,ML,SeasonalNaive,SCP,seasonal discrete,68.28992072480182,2026-07-14 13:03:02.206,0,,NoForecastRowsMaterialized"
"22155,66,66,10592,1,1010,CONSUMIBLES DOMESTICOS,""3747"",CASALMA S.L,Enrique Malonda Escriva,,SeasonalNaive,smooth_insuficient,smooth_insuficient_insuficient,insuficient,seasonal discrete,seasonal discrete,success,smooth_insuficient,COMPARABLE,1,1,1,560.0,560.0,0.0,1120.0,560.0,0.0,1022.0,0.0,0.0,1225.0,0.0,0.0,1120.0,560.0,0.0,747.0,0.0,0.0,462.0,-560.0,0.0,105.0,-560.0,0.0,560.0,0.0,0.0,-373.0,-560.0,0.0,462.0,560.0,0.0,105.0,560.0,0.0,560.0,0.0,0.0,373.0,560.0,0.0,213444.0,313600.0,0.0,11025.0,313600.0,0.0,313600.0,0.0,0.0,139129.0,313600.0,0.0,1,1,0,1,1,0,462.0,560.0,,105.0,560.0,,560.0,0.0,,373.0,560.0,,462.0,560.0,,105.0,560.0,,560.0,0.0,,373.0,560.0,,0.825,1.0,,0.09375,1.0,,1.0,0.0,,0.33303571428571427,1.0,,0.825,-1.0,,0.09375,-1.0,,1.0,0.0,,-0.33303571428571427,-1.0,,SCP,ML,,SCP,TIE,,seasonal discrete,SeasonalNaive,,seasonal discrete,,,ML,SCP,,ML,,,SeasonalNaive,seasonal discrete,,SeasonalNaive,,,17.500000000000004,100.0,,71.84986595174263,0.0,,1680.0,1225.0,747.0,-455.0,-933.0,665.0,933.0,324625.0,452729.0,2,332.5,466.5,402.88025516274683,475.77778426488135,0.3958333333333333,0.5553571428571429,-0.2708333333333333,-0.5553571428571429,SCP,seasonal discrete,ML,SeasonalNaive,28.7245444801715,1120.0,1022.0,1680.0,-98.0,560.0,1022.0,560.0,527044.0,313600.0,2,511.0,280.0,513.3439392843749,395.9797974644666,0.9125,0.5,-0.0875,0.5,ML,SeasonalNaive,SCP,seasonal discrete,45.20547945205479,2800.0,2247.0,2427.0,-553.0,-373.0,1687.0,1493.0,851669.0,766329.0,4,421.75,373.25,461.4295720909097,437.7010966401615,0.6025,0.5332142857142858,-0.1975,-0.1332142857142857,ML,SeasonalNaive,SCP,seasonal discrete,11.499703615886189,2026-07-14 13:03:02.206,0,,"
"22156,66,66,10592,1,611,CONSUMIBLES DOMESTICOS,""2866"",UNIALCO S.L.( UVESCO),Enrique Malonda Escriva,,MovingAverage3M,smooth_insuficient,smooth_insuficient_insuficient,insuficient,x11 lineal,x11 lineal,success,smooth_insuficient,COMPARABLE,1,1,1,14592.0,16416.0,10944.0,16416.0,16416.0,16416.0,17540.0,14194.0,16994.0,17638.0,17511.0,15621.0,17024.0,17024.0,17024.0,17417.0,17202.0,16986.0,2948.0,-2222.0,6050.0,1222.0,1095.0,-795.0,2432.0,608.0,6080.0,1001.0,786.0,570.0,2948.0,2222.0,6050.0,1222.0,1095.0,795.0,2432.0,608.0,6080.0,1001.0,786.0,570.0,8690704.0,4937284.0,36602500,1493284.0,1199025.0,632025.0,5914624.0,369664.0,36966400,1002001.0,617796.0,324900.0,1,1,1,1,1,1,2948.0,2222.0,6050.0,1222.0,1095.0,795.0,2432.0,608.0,6080.0,1001.0,786.0,570.0,2948.0,2222.0,6050.0,1222.0,1095.0,795.0,2432.0,608.0,6080.0,1001.0,786.0,570.0,0.20202850877192982,0.13535575048732942,0.5528143274853801,0.07443957115009747,0.066703216374269,0.04842836257309942,0.16666666666666666,0.037037037037037035,0.5555555555555556,0.0609770955165692,0.04788011695906433,0.034722222222222224,0.20202850877192982,-0.13535575048732942,0.5528143274853801,0.07443957115009747,0.066703216374269,-0.04842836257309942,0.16666666666666666,0.037037037037037035,0.5555555555555556,0.0609770955165692,0.04788011695906433,0.034722222222222224,ML,ML,SCP,ML,ML,ML,MovingAverage3M,MovingAverage3M,x11 lineal,MovingAverage3M,MovingAverage3M,MovingAverage3M,SCP,SCP,ML,SCP,SCP,SCP,x11 lineal,x11 lineal,MovingAverage3M,x11 lineal,x11 lineal,x11 lineal,17.503392130257804,72.63726372637264,0.49342105263159297,18.085106382978733,28.219178082191775,28.30188679245283,49248.0,50770.0,51605.0,1522.0,2357.0,3112.0,2357.0,3324334.0,1944697.0,3,1037.3333333333333,785.6666666666666,1052.6686721534622,805.1287681690012,0.06319038336582196,0.04785981156595192,0.030904808317089017,0.04785981156595192,ML,MovingAverage3M,SCP,x11 lineal,24.260925449871458,41952.0,48728.0,51072.0,6776.0,9120.0,11220.0,9120.0,50230488,43250688,3,3740.0,3040.0,4091.881718720618,3796.9587830262262,0.26744851258581237,0.21739130434782608,0.16151792524790237,0.21739130434782608,ML,MovingAverage3M,SCP,x11 lineal,18.716577540106957,91200.0,99498.0,102677.0,8298.0,11477.0,14332.0,11477.0,53554822,45195385,6,2388.6666666666665,1912.8333333333333,2987.6083522889453,2744.551724174035,0.15714912280701754,0.12584429824561402,0.09098684210526316,0.12584429824561402,ML,MovingAverage3M,SCP,x11 lineal,19.920457716996935,2026-07-14 13:03:02.206,0,,"
"22157,66,66,10592,1,638,CONSUMIBLES DOMESTICOS,""2889"",""IFA RETAIL, S.A."",Enrique Malonda Escriva,,MovingAverage3M,smooth_insuficient,smooth_insuficient_insuficient,insuficient,x11 seasonal,x11 seasonal,success,smooth_insuficient,COMPARABLE,1,1,1,62088.0,65688.0,73632.0,94992.0,72696.0,85128.0,73648.0,0.0,0.0,58370.0,0.0,0.0,84280.0,84280.0,84280.0,56160.0,0.0,0.0,11560.0,-65688.0,-73632.0,-36622.0,-72696.0,-85128.0,22192.0,18592.0,10648.0,-38832.0,-72696.0,-85128.0,11560.0,65688.0,73632.0,36622.0,72696.0,85128.0,22192.0,18592.0,10648.0,38832.0,72696.0,85128.0,133633600,4314913344,5421671424,1341170884,5284708416,7246776384,492484864,345662464,113379904,1507924224,5284708416,7246776384,1,1,1,1,1,1,11560.0,65688.0,73632.0,36622.0,72696.0,85128.0,22192.0,18592.0,10648.0,38832.0,72696.0,85128.0,11560.0,65688.0,73632.0,36622.0,72696.0,85128.0,22192.0,18592.0,10648.0,38832.0,72696.0,85128.0,0.1861873469913671,1.0,1.0,0.38552720229071924,1.0,1.0,0.3574281664733926,0.2830349531116795,0.1446110386788353,0.4087923193532087,1.0,1.0,0.1861873469913671,-1.0,-1.0,-0.38552720229071924,-1.0,-1.0,0.3574281664733926,0.2830349531116795,0.1446110386788353,-0.4087923193532087,-1.0,-1.0,SCP,ML,ML,SCP,TIE,TIE,x11 seasonal,MovingAverage3M,MovingAverage3M,x11 seasonal,,,ML,SCP,SCP,ML,,,MovingAverage3M,x11 seasonal,x11 seasonal,MovingAverage3M,,,47.90915645277577,71.69650468883205,85.53889613211648,5.691182529872267,0.0,0.0,252816.0,58370.0,56160.0,-194446.0,-196656.0,194446.0,196656.0,13872655684,14039409024,3,64815.333333333336,65552.0,68001.60704963768,68409.08571235256,0.7691206252768812,0.7778621606227454,-0.7691206252768812,-0.7778621606227454,SCP,x11 seasonal,ML,MovingAverage3M,1.1237897648686042,201408.0,73648.0,252840.0,-127760.0,51432.0,150880.0,51432.0,9870218368,951527232,3,50293.333333333336,17144.0,57359.15610722785,17809.428514132618,0.7491261518906895,0.25536224976167776,-0.6343342866221798,0.25536224976167776,ML,MovingAverage3M,SCP,x11 seasonal,65.9119830328738,454224.0,132018.0,309000.0,-322206.0,-145224.0,345326.0,248088.0,23742874052,14990936256,6,57554.333333333336,41348.0,62905.84770379725,49984.89147732543,0.7602548522314981,0.5461798583958576,-0.7093548557539893,-0.31971890520976437,ML,MovingAverage3M,SCP,x11 seasonal,28.158319964323564,2026-07-14 13:03:02.206,0,,"
"22158,66,66,10592,1,654,CONSUMIBLES DOMESTICOS,""3395"","""",(Sin Definir) (Sin Definir),,,,,,preserve current forecast,preserve current forecast,success,,NOT_COMPARABLE_MISSING_SCP_AND_ML,1,0,0,0.0,0.0,0.0,403.0,0.0,0.0,,,,,,,,,,,,,,,,,,,,,,,,,,,,,,,,,,,,,,,,,,,,,,,,,,,,,,,,,,,,,,,,,,,,,,,,,,,,,,,,,,,,,,,,,,,,,,,,,,,,,,,,,,,,,,,,,,,,,,,,,,,,,,,,,,,,,,,,,,,,,,,,,,,,,,,,,,,,,,,,,,,,,,,,,,,,,,,,,,,,,,,,,,,,,,,,,,,,,,,,,,2026-07-14 13:03:02.206,1,MissingHistory,NoForecastRowsMaterialized"
"22159,66,66,10592,1,686,CONSUMIBLES DOMESTICOS,""3408"",""CENTROS COMERCIALES CARREFOUR, S.A."",Enrique Malonda Escriva,,MovingAverage12M,smooth_insuficient,smooth_insuficient_insuficient,insuficient,x11 seasonal,x11 seasonal,success,smooth_insuficient,COMPARABLE,1,1,1,1920.0,1296.0,1560.0,1488.0,1728.0,1488.0,1839.0,0.0,0.0,1364.0,0.0,0.0,1630.0,1631.0,1631.0,1272.0,0.0,0.0,-81.0,-1296.0,-1560.0,-124.0,-1728.0,-1488.0,-290.0,335.0,71.0,-216.0,-1728.0,-1488.0,81.0,1296.0,1560.0,124.0,1728.0,1488.0,290.0,335.0,71.0,216.0,1728.0,1488.0,6561.0,1679616.0,2433600.0,15376.0,2985984.0,2214144.0,84100.0,112225.0,5041.0,46656.0,2985984.0,2214144.0,1,1,1,1,1,1,81.0,1296.0,1560.0,124.0,1728.0,1488.0,290.0,335.0,71.0,216.0,1728.0,1488.0,81.0,1296.0,1560.0,124.0,1728.0,1488.0,290.0,335.0,71.0,216.0,1728.0,1488.0,0.0421875,1.0,1.0,0.08333333333333333,1.0,1.0,0.15104166666666666,0.25848765432098764,0.04551282051282051,0.14516129032258066,1.0,1.0,-0.0421875,-1.0,-1.0,-0.08333333333333333,-1.0,-1.0,-0.15104166666666666,0.25848765432098764,0.04551282051282051,-0.14516129032258066,-1.0,-1.0,SCP,ML,ML,SCP,TIE,TIE,x11 seasonal,MovingAverage12M,MovingAverage12M,x11 seasonal,,,ML,SCP,SCP,ML,,,MovingAverage12M,x11 seasonal,x11 seasonal,MovingAverage12M,,,72.06896551724138,74.15123456790124,95.44871794871796,42.592592592592595,0.0,0.0,4704.0,1364.0,1272.0,-3340.0,-3432.0,3340.0,3432.0,5215504.0,5246784.0,3,1113.3333333333333,1144.0,1318.522405320946,1322.4704155481136,0.7100340136054422,0.7295918367346939,-0.7100340136054422,-0.7295918367346939,SCP,x11 seasonal,ML,MovingAverage12M,2.68065268065268,4776.0,1839.0,4892.0,-2937.0,116.0,2937.0,696.0,4119777.0,201366.0,3,979.0,232.0,1171.861339920385,259.0791384886093,0.6149497487437185,0.1457286432160804,-0.6149497487437185,0.024288107202680067,ML,MovingAverage12M,SCP,x11 seasonal,76.3023493360572,9480.0,3203.0,6164.0,-6277.0,-3316.0,6277.0,4128.0,9335281.0,5448150.0,6,1046.1666666666667,688.0,1247.3492560893549,952.9034578591894,0.6621308016877637,0.43544303797468353,-0.6621308016877637,-0.349789029535865,ML,MovingAverage12M,SCP,x11 seasonal,34.236100047793535,2026-07-14 13:03:02.206,0,,"
"22160,66,66,10592,1,763,CONSUMIBLES DOMESTICOS,""3449"",BUBBLES BIDCO SPAIN SL (ACQUA & SAPONE)A,Enrique Malonda Escriva,,,,,,preserve current forecast,preserve current forecast,success,,NOT_COMPARABLE_MISSING_SCP_AND_ML,1,0,0,0.0,0.0,0.0,0.0,0.0,0.0,,,,,,,,,,,,,,,,,,,,,,,,,,,,,,,,,,,,,,,,,,,,,,,,,,,,,,,,,,,,,,,,,,,,,,,,,,,,,,,,,,,,,,,,,,,,,,,,,,,,,,,,,,,,,,,,,,,,,,,,,,,,,,,,,,,,,,,,,,,,,,,,,,,,,,,,,,,,,,,,,,,,,,,,,,,,,,,,,,,,,,,,,,,,,,,,,,,,,,,,,,2026-07-14 13:03:02.206,1,MissingHistory,NoForecastRowsMaterialized"
"22161,66,66,10592,1,813,CONSUMIBLES DOMESTICOS,""3451"",""EXCLUSIVAS DITAYO, S.L - BP"",José Luís Sabater _,,,,,,preserve current forecast,preserve current forecast,success,,NOT_COMPARABLE_MISSING_SCP_AND_ML,1,0,0,0.0,0.0,0.0,0.0,0.0,0.0,,,,,,,,,,,,,,,,,,,,,,,,,,,,,,,,,,,,,,,,,,,,,,,,,,,,,,,,,,,,,,,,,,,,,,,,,,,,,,,,,,,,,,,,,,,,,,,,,,,,,,,,,,,,,,,,,,,,,,,,,,,,,,,,,,,,,,,,,,,,,,,,,,,,,,,,,,,,,,,,,,,,,,,,,,,,,,,,,,,,,,,,,,,,,,,,,,,,,,,,,,2026-07-14 13:03:02.206,1,MissingHistory,NoForecastRowsMaterialized"
"22162,66,66,10592,1,881,CONSUMIBLES DOMESTICOS,""3460"",HERMANOS AYALA SOUSA S.L,Enrique Malonda Escriva,,,,,,average,average,success,,NOT_COMPARABLE_ML_EXCLUDED,1,1,0,576.0,0.0,0.0,576.0,0.0,0.0,576.0,0.0,0.0,0.0,0.0,0.0,,,,,,,,,,,,,,,,,,,,,,,,,,,,,,,,,,,,,,,,,,,,,,,,,,,,,,,,,,,,,,,,,,,,,,,,,,,,,,,,,,,,,,,,,,,,,,,,,,,,,,,,,,,,,,,,,,,,,,,,,,,,,,,,,,,,,,,,,,,,,,,,,,,,,,,,,,,,,,,,,,,,,,,,,,,,,,,,,,,,,,,,,,,,,,,,,,,,2026-07-14 13:03:02.206,1,ShortSeries,NoForecastRowsMaterialized"
"22163,66,66,10592,1,1029,CONSUMIBLES DOMESTICOS,""3754"",BUBBLES BIDCO SPAIN SL (ACQUA & SAPONE)A,Enrique Malonda Escriva,,,,,,preserve current forecast,preserve current forecast,success,,NOT_COMPARABLE_MISSING_SCP_AND_ML,1,0,0,0.0,0.0,0.0,0.0,0.0,0.0,,,,,,,,,,,,,,,,,,,,,,,,,,,,,,,,,,,,,,,,,,,,,,,,,,,,,,,,,,,,,,,,,,,,,,,,,,,,,,,,,,,,,,,,,,,,,,,,,,,,,,,,,,,,,,,,,,,,,,,,,,,,,,,,,,,,,,,,,,,,,,,,,,,,,,,,,,,,,,,,,,,,,,,,,,,,,,,,,,,,,,,,,,,,,,,,,,,,,,,,,,2026-07-14 13:03:02.206,1,MissingHistory,NoForecastRowsMaterialized"
"22164,66,66,10592,1,1038,CONSUMIBLES DOMESTICOS,""3759"",CONSUM S COOP V,José Luís Sabater _,,MovingAverage12M,smooth_insuficient,smooth_insuficient_insuficient,insuficient,x11 lineal,x11 lineal,success,smooth_insuficient,COMPARABLE,1,1,1,35712.0,41472.0,25200.0,28776.0,29952.0,24192.0,24896.0,0.0,0.0,28898.0,0.0,0.0,25465.0,25465.0,25465.0,25753.0,0.0,0.0,-10816.0,-41472.0,-25200.0,122.0,-29952.0,-24192.0,-10247.0,-16007.0,265.0,-3023.0,-29952.0,-24192.0,10816.0,41472.0,25200.0,122.0,29952.0,24192.0,10247.0,16007.0,265.0,3023.0,29952.0,24192.0,116985856,1719926784,635040000,14884.0,897122304,585252864,105001009,256224049,70225.0,9138529.0,897122304,585252864,1,1,1,1,1,1,10816.0,41472.0,25200.0,122.0,29952.0,24192.0,10247.0,16007.0,265.0,3023.0,29952.0,24192.0,10816.0,41472.0,25200.0,122.0,29952.0,24192.0,10247.0,16007.0,265.0,3023.0,29952.0,24192.0,0.30286738351254483,1.0,1.0,0.004239644147901029,1.0,1.0,0.28693436379928317,0.3859712577160494,0.010515873015873017,0.10505282179594107,1.0,1.0,-0.30286738351254483,-1.0,-1.0,0.004239644147901029,-1.0,-1.0,-0.28693436379928317,-0.3859712577160494,0.010515873015873017,-0.10505282179594107,-1.0,-1.0,ML,ML,ML,SCP,TIE,TIE,MovingAverage12M,MovingAverage12M,MovingAverage12M,x11 lineal,,,SCP,SCP,SCP,ML,,,x11 lineal,x11 lineal,x11 lineal,MovingAverage12M,,,5.260724852071011,61.402874228395056,98.9484126984127,95.96427390009924,0.0,0.0,82920.0,28898.0,25753.0,-54022.0,-57167.0,54266.0,57167.0,1482390052,1491513697,3,18088.666666666668,19055.666666666668,22229.03545665743,22297.33688881552,0.6544380125422093,0.6894235407621804,-0.6514954172696575,-0.6894235407621804,SCP,x11 lineal,ML,MovingAverage12M,5.07460597897388,102384.0,24896.0,76395.0,-77488.0,-25989.0,77488.0,26519.0,2471952640,361295283,3,25829.333333333332,8839.666666666666,28705.125210201284,10974.140558604122,0.7568370057821535,0.2590150804813252,-0.7568370057821535,-0.2538384903891233,ML,MovingAverage12M,SCP,x11 lineal,65.7766363824076,185304.0,53794.0,102148.0,-131510.0,-83156.0,131754.0,83686.0,3954342692,1852808980,6,21959.0,13947.666666666666,25672.107730635078,17572.74869411916,0.7110154125113327,0.4516146440443811,-0.7096986573414498,-0.44875447912619265,ML,MovingAverage12M,SCP,x11 lineal,36.48314282678325,2026-07-14 13:03:02.206,0,,"
"22165,66,66,10592,1,515,CONSUMIBLES DOMESTICOS,""2814"",JUAN FORNES - SUPERMERCADOS MAS Y MAS,Enrique Malonda Escriva,,,,,,preserve current forecast,preserve current forecast,success,,NOT_COMPARABLE_ML_EXCLUDED,1,1,0,0.0,0.0,0.0,0.0,0.0,1200.0,588.0,863.0,659.0,1336.0,1333.0,1339.0,,,,,,,,,,,,,,,,,,,,,,,,,,,,,,,,,,,,,,,,,,,,,,,,,,,,,,,,,,,,,,,,,,,,,,,,,,,,,,,,,,,,,,,,,,,,,,,,,,,,,,,,,,,,,,,,,,,,,,,,,,,,,,,,,,,,,,,,,,,,,,,,,,,,,,,,,,,,,,,,,,,,,,,,,,,,,,,,,,,,,,,,,,,,,,,,,,,,2026-07-14 13:03:02.206,1,MissingHistory,"
"22166,66,66,10592,1,551,CONSUMIBLES DOMESTICOS,""2828"",""SUPER JAROCAL, S.L."",Enrique Malonda Escriva,,,,,,preserve current forecast,preserve current forecast,success,,NOT_COMPARABLE_MISSING_SCP_AND_ML,1,0,0,0.0,0.0,0.0,0.0,0.0,0.0,,,,,,,,,,,,,,,,,,,,,,,,,,,,,,,,,,,,,,,,,,,,,,,,,,,,,,,,,,,,,,,,,,,,,,,,,,,,,,,,,,,,,,,,,,,,,,,,,,,,,,,,,,,,,,,,,,,,,,,,,,,,,,,,,,,,,,,,,,,,,,,,,,,,,,,,,,,,,,,,,,,,,,,,,,,,,,,,,,,,,,,,,,,,,,,,,,,,,,,,,,2026-07-14 13:03:02.206,1,MissingHistory,NoForecastRowsMaterialized"
"22167,66,66,10592,1,632,CONSUMIBLES DOMESTICOS,""2879"",DINOSOL (HIPERDINO),Enrique Malonda Escriva,,HistoricAverage,smooth_insuficient,smooth_insuficient_insuficient,insuficient,x11 seasonal,x11 seasonal,success,smooth_insuficient,COMPARABLE,1,1,1,0.0,1824.0,7296.0,5472.0,3648.0,1824.0,3020.0,0.0,0.0,1830.0,0.0,0.0,2951.0,2950.0,2951.0,2856.0,0.0,0.0,3020.0,-1824.0,-7296.0,-3642.0,-3648.0,-1824.0,2951.0,1126.0,-4345.0,-2616.0,-3648.0,-1824.0,3020.0,1824.0,7296.0,3642.0,3648.0,1824.0,2951.0,1126.0,4345.0,2616.0,3648.0,1824.0,9120400.0,3326976.0,53231616,13264164,13307904,3326976.0,8708401.0,1267876.0,18879025,6843456.0,13307904,3326976.0,0,1,1,1,1,1,,1824.0,7296.0,3642.0,3648.0,1824.0,,1126.0,4345.0,2616.0,3648.0,1824.0,,1824.0,7296.0,3642.0,3648.0,1824.0,,1126.0,4345.0,2616.0,3648.0,1824.0,,1.0,1.0,0.6655701754385965,1.0,1.0,,0.6173245614035088,0.5955317982456141,0.4780701754385965,1.0,1.0,,-1.0,-1.0,-0.6655701754385965,-1.0,-1.0,,0.6173245614035088,-0.5955317982456141,-0.4780701754385965,-1.0,-1.0,,ML,ML,ML,TIE,TIE,,HistoricAverage,HistoricAverage,HistoricAverage,,,,SCP,SCP,SCP,,,,x11 seasonal,x11 seasonal,x11 seasonal,,,,38.26754385964912,40.44682017543859,28.171334431630978,0.0,0.0,10944.0,1830.0,2856.0,-9114.0,-8088.0,9114.0,8088.0,29899044,23478336,3,3038.0,2696.0,3156.9523277997087,2797.51890074044,0.8327850877192983,0.7390350877192983,-0.8327850877192983,-0.7390350877192983,ML,HistoricAverage,SCP,x11 seasonal,11.257406188281765,9120.0,3020.0,8852.0,-6100.0,-268.0,12140.0,8422.0,65678992,28855302,2,6070.0,4211.0,5730.575538285836,3798.37478403593,1.331140350877193,0.9234649122807017,-0.668859649122807,-0.029385964912280703,ML,HistoricAverage,SCP,x11 seasonal,30.62602965403625,20064.0,4850.0,11708.0,-15214.0,-8356.0,21254.0,16510.0,95578036,52333638,5,4250.8,3302.0,4372.139887972478,3235.2322327771153,1.059310207336523,0.8228668261562998,-0.7582735247208932,-0.4164673046251994,ML,HistoricAverage,SCP,x11 seasonal,22.320504375646934,2026-07-14 13:03:02.206,0,,"
"22168,66,66,10592,1,815,CONSUMIBLES DOMESTICOS,""3451"",HNOS MARTIN,Enrique Malonda Escriva,,,,,,preserve current forecast,preserve current forecast,success,,NOT_COMPARABLE_MISSING_SCP_AND_ML,1,0,0,0.0,0.0,0.0,0.0,0.0,0.0,,,,,,,,,,,,,,,,,,,,,,,,,,,,,,,,,,,,,,,,,,,,,,,,,,,,,,,,,,,,,,,,,,,,,,,,,,,,,,,,,,,,,,,,,,,,,,,,,,,,,,,,,,,,,,,,,,,,,,,,,,,,,,,,,,,,,,,,,,,,,,,,,,,,,,,,,,,,,,,,,,,,,,,,,,,,,,,,,,,,,,,,,,,,,,,,,,,,,,,,,,2026-07-14 13:03:02.206,1,MissingHistory,NoForecastRowsMaterialized"
"22169,66,66,10592,1,817,CONSUMIBLES DOMESTICOS,""3451"",LA ARDOSA S.L,Enrique Malonda Escriva,,CrostonSBA,intermittent_insuficient,intermittent_insuficient_insuficient,insuficient,syntetos-boylan,syntetos-boylan,success,intermittent_insuficient,COMPARABLE,1,1,1,2730.0,0.0,0.0,1800.0,0.0,0.0,0.0,0.0,0.0,900.0,0.0,0.0,0.0,0.0,1676.0,0.0,0.0,0.0,-2730.0,0.0,0.0,-900.0,0.0,0.0,-2730.0,0.0,1676.0,-1800.0,0.0,0.0,2730.0,0.0,0.0,900.0,0.0,0.0,2730.0,0.0,1676.0,1800.0,0.0,0.0,7452900.0,0.0,0.0,810000.0,0.0,0.0,7452900.0,0.0,2808976.0,3240000.0,0.0,0.0,1,0,0,1,0,0,2730.0,,,900.0,,,2730.0,,,1800.0,,,2730.0,,,900.0,,,2730.0,,,1800.0,,,1.0,,,0.5,,,1.0,,,1.0,,,-1.0,,,-0.5,,,-1.0,,,-1.0,,,TIE,,,SCP,,,,,,syntetos-boylan,,,,,,ML,,,,,,CrostonSBA,,,0.0,,,50.0,,,1800.0,900.0,0.0,-900.0,-1800.0,900.0,1800.0,810000.0,3240000.0,1,900.0,1800.0,900.0,1800.0,0.5,1.0,-0.5,-1.0,SCP,syntetos-boylan,ML,CrostonSBA,50.0,2730.0,0.0,1676.0,-2730.0,-1054.0,2730.0,4406.0,7452900.0,10261876,1,2730.0,4406.0,2730.0,3203.416301388254,1.0,1.613919413919414,-1.0,-0.3860805860805861,SCP,syntetos-boylan,ML,CrostonSBA,38.03903767589651,4530.0,900.0,1676.0,-3630.0,-2854.0,3630.0,6206.0,8262900.0,13501876,2,1815.0,3103.0,2032.5968611606188,2598.256723266583,0.8013245033112583,1.3699779249448123,-0.8013245033112583,-0.6300220750551876,SCP,syntetos-boylan,ML,CrostonSBA,41.50821785368998,2026-07-14 13:03:02.206,0,,NoForecastRowsMaterialized"
"22170,66,66,10592,1,849,CONSUMIBLES DOMESTICOS,""3456"",DINOSOL (HIPERDINO),Enrique Malonda Escriva,,,,,,average,average,success,,NOT_COMPARABLE_ML_EXCLUDED,1,1,0,504.0,2016.0,1512.0,2016.0,1008.0,1008.0,1344.0,0.0,0.0,1243.0,0.0,0.0,,,,,,,,,,,,,,,,,,,,,,,,,,,,,,,,,,,,,,,,,,,,,,,,,,,,,,,,,,,,,,,,,,,,,,,,,,,,,,,,,,,,,,,,,,,,,,,,,,,,,,,,,,,,,,,,,,,,,,,,,,,,,,,,,,,,,,,,,,,,,,,,,,,,,,,,,,,,,,,,,,,,,,,,,,,,,,,,,,,,,,,,,,,,,,,,,,,,2026-07-14 13:03:02.206,1,ShortSeries,"
"22171,66,66,10592,1,901,CONSUMIBLES DOMESTICOS,""3468"",""IFA RETAIL, S.A."",Enrique Malonda Escriva,,MovingAverage12M,smooth_insuficient,smooth_insuficient_insuficient,insuficient,x11 seasonal,x11 seasonal,success,smooth_insuficient,COMPARABLE,1,1,1,5460.0,5460.0,5460.0,5460.0,8190.0,5460.0,4972.0,0.0,0.0,5750.0,0.0,0.0,6625.0,6625.0,6625.0,5460.0,0.0,0.0,-488.0,-5460.0,-5460.0,290.0,-8190.0,-5460.0,1165.0,1165.0,1165.0,0.0,-8190.0,-5460.0,488.0,5460.0,5460.0,290.0,8190.0,5460.0,1165.0,1165.0,1165.0,0.0,8190.0,5460.0,238144.0,29811600,29811600,84100.0,67076100,29811600,1357225.0,1357225.0,1357225.0,0.0,67076100,29811600,1,1,1,1,1,1,488.0,5460.0,5460.0,290.0,8190.0,5460.0,1165.0,1165.0,1165.0,0.0,8190.0,5460.0,488.0,5460.0,5460.0,290.0,8190.0,5460.0,1165.0,1165.0,1165.0,0.0,8190.0,5460.0,0.08937728937728938,1.0,1.0,0.05311355311355311,1.0,1.0,0.21336996336996336,0.21336996336996336,0.21336996336996336,0.0,1.0,1.0,-0.08937728937728938,-1.0,-1.0,0.05311355311355311,-1.0,-1.0,0.21336996336996336,0.21336996336996336,0.21336996336996336,0.0,-1.0,-1.0,SCP,ML,ML,ML,TIE,TIE,x11 seasonal,MovingAverage12M,MovingAverage12M,MovingAverage12M,,,ML,SCP,SCP,SCP,,,MovingAverage12M,x11 seasonal,x11 seasonal,x11 seasonal,,,58.11158798283261,78.66300366300366,78.66300366300366,100.0,0.0,0.0,19110.0,5750.0,5460.0,-13360.0,-13650.0,13940.0,13650.0,96971800,96887700,3,4646.666666666667,4550.0,5685.414086355833,5682.948178542542,0.7294610151753009,0.7142857142857143,-0.6991104133961277,-0.7142857142857143,ML,MovingAverage12M,SCP,x11 seasonal,2.0803443328550966,16380.0,4972.0,19875.0,-11408.0,3495.0,11408.0,3495.0,59861344,4071675.0,3,3802.6666666666665,1165.0,4466.965562138725,1165.0,0.6964590964590964,0.21336996336996336,-0.6964590964590964,0.21336996336996336,ML,MovingAverage12M,SCP,x11 seasonal,69.36360448807854,35490.0,10722.0,25335.0,-24768.0,-10155.0,25348.0,17145.0,156833144,100959375,6,4224.666666666667,2857.5,5112.617464013256,4102.019319798482,0.7142293603832065,0.4830938292476754,-0.6978867286559595,-0.2861369399830938,ML,MovingAverage12M,SCP,x11 seasonal,32.36152753668928,2026-07-14 13:03:02.206,0,,"
"22172,66,66,10592,1,932,CONSUMIBLES DOMESTICOS,""3541"",""CENTROS COMERCIALES CARREFOUR, S.A."",Enrique Malonda Escriva,,,,,,preserve current forecast,preserve current forecast,success,,NOT_COMPARABLE_MISSING_SCP_AND_ML,1,0,0,0.0,0.0,0.0,0.0,0.0,0.0,,,,,,,,,,,,,,,,,,,,,,,,,,,,,,,,,,,,,,,,,,,,,,,,,,,,,,,,,,,,,,,,,,,,,,,,,,,,,,,,,,,,,,,,,,,,,,,,,,,,,,,,,,,,,,,,,,,,,,,,,,,,,,,,,,,,,,,,,,,,,,,,,,,,,,,,,,,,,,,,,,,,,,,,,,,,,,,,,,,,,,,,,,,,,,,,,,,,,,,,,,2026-07-14 13:03:02.206,1,MissingHistory,NoForecastRowsMaterialized"
"22173,66,66,10592,1,1016,CONSUMIBLES DOMESTICOS,""3747"",COVIRAN,José Luís Sabater _,,,,,,preserve current forecast,preserve current forecast,success,,NOT_COMPARABLE_MISSING_SCP_AND_ML,1,0,0,0.0,0.0,0.0,0.0,0.0,0.0,,,,,,,,,,,,,,,,,,,,,,,,,,,,,,,,,,,,,,,,,,,,,,,,,,,,,,,,,,,,,,,,,,,,,,,,,,,,,,,,,,,,,,,,,,,,,,,,,,,,,,,,,,,,,,,,,,,,,,,,,,,,,,,,,,,,,,,,,,,,,,,,,,,,,,,,,,,,,,,,,,,,,,,,,,,,,,,,,,,,,,,,,,,,,,,,,,,,,,,,,,2026-07-14 13:03:02.206,1,MissingHistory,NoForecastRowsMaterialized"
"22174,66,66,10592,1,679,CONSUMIBLES DOMESTICOS,""3407"",FRAGADIS,Enrique Malonda Escriva,,AutoTheta,smooth_insuficient,smooth_insuficient_insuficient,insuficient,x11 lineal,x11 lineal,success,smooth_insuficient,COMPARABLE,1,1,1,8320.0,3200.0,5120.0,7040.0,4480.0,3200.0,6300.0,0.0,0.0,4347.0,0.0,0.0,5635.0,5479.0,5325.0,5333.0,0.0,0.0,-2020.0,-3200.0,-5120.0,-2693.0,-4480.0,-3200.0,-2685.0,2279.0,205.0,-1707.0,-4480.0,-3200.0,2020.0,3200.0,5120.0,2693.0,4480.0,3200.0,2685.0,2279.0,205.0,1707.0,4480.0,3200.0,4080400.0,10240000,26214400,7252249.0,20070400,10240000,7209225.0,5193841.0,42025.0,2913849.0,20070400,10240000,1,1,1,1,1,1,2020.0,3200.0,5120.0,2693.0,4480.0,3200.0,2685.0,2279.0,205.0,1707.0,4480.0,3200.0,2020.0,3200.0,5120.0,2693.0,4480.0,3200.0,2685.0,2279.0,205.0,1707.0,4480.0,3200.0,0.24278846153846154,1.0,1.0,0.38252840909090907,1.0,1.0,0.32271634615384615,0.7121875,0.0400390625,0.2424715909090909,1.0,1.0,-0.24278846153846154,-1.0,-1.0,-0.38252840909090907,-1.0,-1.0,-0.32271634615384615,0.7121875,0.0400390625,-0.2424715909090909,-1.0,-1.0,SCP,ML,ML,ML,TIE,TIE,x11 lineal,AutoTheta,AutoTheta,AutoTheta,,,ML,SCP,SCP,SCP,,,AutoTheta,x11 lineal,x11 lineal,x11 lineal,,,24.767225325884542,28.781250000000004,95.99609375,36.61344225770516,0.0,0.0,14720.0,4347.0,5333.0,-10373.0,-9387.0,10373.0,9387.0,37562649,33224249,3,3457.6666666666665,3129.0,3538.485975668125,3327.874647078322,0.7046875,0.6377038043478261,-0.7046875,-0.6377038043478261,ML,AutoTheta,SCP,x11 lineal,9.505446833124452,16640.0,6300.0,16439.0,-10340.0,-201.0,10340.0,5169.0,40534800,12445091,3,3446.6666666666665,1723.0,3675.8128352787494,2036.753216928027,0.6213942307692307,0.31063701923076925,-0.6213942307692307,-0.012079326923076924,ML,AutoTheta,SCP,x11 lineal,50.00967117988394,31360.0,10647.0,21772.0,-20713.0,-9588.0,20713.0,14556.0,78097449,45669340,6,3452.1666666666665,2426.0,3607.80286323962,2758.9049760125245,0.6604910714285714,0.4641581632653061,-0.6604910714285714,-0.30573979591836736,ML,AutoTheta,SCP,x11 lineal,29.725293294066528,2026-07-14 13:03:02.206,0,,"
"22175,66,66,10592,1,729,CONSUMIBLES DOMESTICOS,""3414"",PRIMAPRIX S.L.U,Enrique Malonda Escriva,,,,,,preserve current forecast,preserve current forecast,success,,NOT_COMPARABLE_MISSING_SCP_AND_ML,1,0,0,0.0,0.0,0.0,0.0,0.0,0.0,,,,,,,,,,,,,,,,,,,,,,,,,,,,,,,,,,,,,,,,,,,,,,,,,,,,,,,,,,,,,,,,,,,,,,,,,,,,,,,,,,,,,,,,,,,,,,,,,,,,,,,,,,,,,,,,,,,,,,,,,,,,,,,,,,,,,,,,,,,,,,,,,,,,,,,,,,,,,,,,,,,,,,,,,,,,,,,,,,,,,,,,,,,,,,,,,,,,,,,,,,2026-07-14 13:03:02.206,1,MissingHistory,NoForecastRowsMaterialized"
"22176,66,66,10592,1,754,CONSUMIBLES DOMESTICOS,""3443"",AHORRAMAS (GRUPO IFA),Enrique Malonda Escriva,,MovingAverage12M,smooth_insuficient,smooth_insuficient_insuficient,insuficient,x11 lineal,x11 lineal,success,smooth_insuficient,COMPARABLE,1,1,1,2880.0,5760.0,8640.0,2880.0,5760.0,5760.0,5584.0,0.0,0.0,6676.0,0.0,0.0,6000.0,6000.0,6000.0,6010.0,0.0,0.0,2704.0,-5760.0,-8640.0,3796.0,-5760.0,-5760.0,3120.0,240.0,-2640.0,3130.0,-5760.0,-5760.0,2704.0,5760.0,8640.0,3796.0,5760.0,5760.0,3120.0,240.0,2640.0,3130.0,5760.0,5760.0,7311616.0,33177600,74649600,14409616,33177600,33177600,9734400.0,57600.0,6969600.0,9796900.0,33177600,33177600,1,1,1,1,1,1,2704.0,5760.0,8640.0,3796.0,5760.0,5760.0,3120.0,240.0,2640.0,3130.0,5760.0,5760.0,2704.0,5760.0,8640.0,3796.0,5760.0,5760.0,3120.0,240.0,2640.0,3130.0,5760.0,5760.0,0.9388888888888889,1.0,1.0,1.3180555555555555,1.0,1.0,1.0833333333333333,0.041666666666666664,0.3055555555555556,1.0868055555555556,1.0,1.0,0.9388888888888889,-1.0,-1.0,1.3180555555555555,-1.0,-1.0,1.0833333333333333,0.041666666666666664,-0.3055555555555556,1.0868055555555556,-1.0,-1.0,SCP,ML,ML,ML,TIE,TIE,x11 lineal,MovingAverage12M,MovingAverage12M,MovingAverage12M,,,ML,SCP,SCP,SCP,,,MovingAverage12M,x11 lineal,x11 lineal,x11 lineal,,,13.333333333333327,95.83333333333334,69.44444444444444,17.544783983140142,0.0,0.0,14400.0,6676.0,6010.0,-7724.0,-8390.0,15316.0,14650.0,80764816,76152100,3,5105.333333333333,4883.333333333333,5188.603408753971,5038.25697372944,1.063611111111111,1.0173611111111112,-0.5363888888888889,-0.5826388888888889,ML,MovingAverage12M,SCP,x11 lineal,4.348393836510829,17280.0,5584.0,18000.0,-11696.0,720.0,17104.0,6000.0,115138816,16761600,3,5701.333333333333,2000.0,6195.127547785706,2363.725872431065,0.9898148148148148,0.3472222222222222,-0.6768518518518518,0.041666666666666664,ML,MovingAverage12M,SCP,x11 lineal,64.92048643592142,31680.0,12260.0,24010.0,-19420.0,-7670.0,32420.0,20650.0,195903632,92913700,6,5403.333333333333,3441.6666666666665,5714.070819768804,3935.176827877836,1.0233585858585859,0.6518308080808081,-0.6130050505050505,-0.24210858585858586,ML,MovingAverage12M,SCP,x11 lineal,36.30475015422579,2026-07-14 13:03:02.206,0,,"
"22177,66,66,10592,1,788,CONSUMIBLES DOMESTICOS,""3450"",CASALMA S.L,Enrique Malonda Escriva,,,,,,preserve current forecast,preserve current forecast,success,,NOT_COMPARABLE_MISSING_SCP_AND_ML,1,0,0,0.0,0.0,0.0,297.0,0.0,0.0,,,,,,,,,,,,,,,,,,,,,,,,,,,,,,,,,,,,,,,,,,,,,,,,,,,,,,,,,,,,,,,,,,,,,,,,,,,,,,,,,,,,,,,,,,,,,,,,,,,,,,,,,,,,,,,,,,,,,,,,,,,,,,,,,,,,,,,,,,,,,,,,,,,,,,,,,,,,,,,,,,,,,,,,,,,,,,,,,,,,,,,,,,,,,,,,,,,,,,,,,,2026-07-14 13:03:02.206,1,MissingHistory,NoForecastRowsMaterialized"
"22178,66,66,10592,1,829,CONSUMIBLES DOMESTICOS,""3453"",CONSUM S COOP V,José Luís Sabater _,,AutoTheta,smooth_insuficient,smooth_insuficient_insuficient,insuficient,x11 lineal,x11 lineal,success,smooth_insuficient,COMPARABLE,1,1,1,31185.0,22842.0,24948.0,27027.0,20790.0,29106.0,28008.0,0.0,0.0,24389.0,0.0,0.0,24099.0,24098.0,24099.0,23540.0,0.0,0.0,-3177.0,-22842.0,-24948.0,-2638.0,-20790.0,-29106.0,-7086.0,1256.0,-849.0,-3487.0,-20790.0,-29106.0,3177.0,22842.0,24948.0,2638.0,20790.0,29106.0,7086.0,1256.0,849.0,3487.0,20790.0,29106.0,10093329,521756964,622402704,6959044.0,432224100,847159236,50211396,1577536.0,720801.0,12159169,432224100,847159236,1,1,1,1,1,1,3177.0,22842.0,24948.0,2638.0,20790.0,29106.0,7086.0,1256.0,849.0,3487.0,20790.0,29106.0,3177.0,22842.0,24948.0,2638.0,20790.0,29106.0,7086.0,1256.0,849.0,3487.0,20790.0,29106.0,0.10187590187590187,1.0,1.0,0.0976060976060976,1.0,1.0,0.22722462722462722,0.05498642850888714,0.03403078403078403,0.12901912901912901,1.0,1.0,-0.10187590187590187,-1.0,-1.0,-0.0976060976060976,-1.0,-1.0,-0.22722462722462722,0.05498642850888714,-0.03403078403078403,-0.12901912901912901,-1.0,-1.0,SCP,ML,ML,SCP,TIE,TIE,x11 lineal,AutoTheta,AutoTheta,x11 lineal,,,ML,SCP,SCP,ML,,,AutoTheta,x11 lineal,x11 lineal,AutoTheta,,,55.16511430990686,94.50135714911129,96.59692159692159,24.34757671350731,0.0,0.0,76923.0,24389.0,23540.0,-52534.0,-53383.0,52534.0,53383.0,1286342380,1291542505,3,17511.333333333332,17794.333333333332,20707.022802260428,20748.83534884147,0.6829426829426829,0.693979693979694,-0.6829426829426829,-0.693979693979694,SCP,x11 lineal,ML,AutoTheta,1.5903939456381258,78975.0,28008.0,72296.0,-50967.0,-6679.0,50967.0,9191.0,1154252997,52509733,3,16989.0,3063.6666666666665,19615.07071106296,4183.687886701556,0.6453561253561254,0.11637860082304527,-0.6453561253561254,-0.08457106679328902,ML,AutoTheta,SCP,x11 lineal,81.96676280730668,155898.0,52397.0,95836.0,-103501.0,-60062.0,103501.0,62574.0,2440595377,1344052238,6,17250.166666666668,10429.0,20168.438119166956,14966.92040245198,0.6639020385123606,0.4013778239618212,-0.6639020385123606,-0.3852647243710631,ML,AutoTheta,SCP,x11 lineal,39.54261311484913,2026-07-14 13:03:02.206,0,,"
"22179,66,66,10592,1,904,CONSUMIBLES DOMESTICOS,""3469"",""IFA RETAIL, S.A."",Enrique Malonda Escriva,,AutoTheta,smooth_insuficient,smooth_insuficient_insuficient,insuficient,x11 seasonal,x11 seasonal,success,smooth_insuficient,COMPARABLE,1,1,1,1950.0,4680.0,6240.0,6240.0,9750.0,5850.0,8050.0,0.0,0.0,5356.0,0.0,0.0,6099.0,6098.0,6098.0,5639.0,0.0,0.0,6100.0,-4680.0,-6240.0,-884.0,-9750.0,-5850.0,4149.0,1418.0,-142.0,-601.0,-9750.0,-5850.0,6100.0,4680.0,6240.0,884.0,9750.0,5850.0,4149.0,1418.0,142.0,601.0,9750.0,5850.0,37210000,21902400,38937600,781456.0,95062500,34222500,17214201,2010724.0,20164.0,361201.0,95062500,34222500,1,1,1,1,1,1,6100.0,4680.0,6240.0,884.0,9750.0,5850.0,4149.0,1418.0,142.0,601.0,9750.0,5850.0,6100.0,4680.0,6240.0,884.0,9750.0,5850.0,4149.0,1418.0,142.0,601.0,9750.0,5850.0,3.128205128205128,1.0,1.0,0.14166666666666666,1.0,1.0,2.1276923076923078,0.30299145299145297,0.022756410256410255,0.09631410256410257,1.0,1.0,3.128205128205128,-1.0,-1.0,-0.14166666666666666,-1.0,-1.0,2.1276923076923078,0.30299145299145297,-0.022756410256410255,-0.09631410256410257,-1.0,-1.0,ML,ML,ML,ML,TIE,TIE,AutoTheta,AutoTheta,AutoTheta,AutoTheta,,,SCP,SCP,SCP,SCP,,,x11 seasonal,x11 seasonal,x11 seasonal,x11 seasonal,,,31.983606557377048,69.70085470085469,97.72435897435898,32.01357466063348,0.0,0.0,21840.0,5356.0,5639.0,-16484.0,-16201.0,16484.0,16201.0,130066456,129646201,3,5494.666666666667,5400.333333333333,6584.48823625142,6573.842128719957,0.7547619047619047,0.7418040293040293,-0.7547619047619047,-0.7418040293040293,ML,AutoTheta,SCP,x11 seasonal,1.7168163067216635,12870.0,8050.0,18295.0,-4820.0,5425.0,17020.0,5709.0,98050000,19245089,3,5673.333333333333,1903.0,5716.933910177144,2532.79088490674,1.3224553224553224,0.44358974358974357,-0.3745143745143745,0.42152292152292153,ML,AutoTheta,SCP,x11 seasonal,66.45710928319623,34710.0,13406.0,23934.0,-21304.0,-10776.0,33504.0,21910.0,228116456,148891290,6,5584.0,3651.6666666666665,6165.98810681089,4981.487227726274,0.9652549697493518,0.6312301930279458,-0.6137712474791126,-0.3104580812445981,ML,AutoTheta,SCP,x11 seasonal,34.604823304680046,2026-07-14 13:03:02.206,0,,"
"22180,66,66,10592,1,936,CONSUMIBLES DOMESTICOS,""3541"",LA ARDOSA S.L,Enrique Malonda Escriva,,SeasonalNaive,intermittent_insuficient,intermittent_insuficient_insuficient,insuficient,syntetos-boylan,syntetos-boylan,success,intermittent_insuficient,COMPARABLE,1,1,1,2280.0,0.0,0.0,4200.0,0.0,4560.0,1224.0,0.0,0.0,0.0,0.0,0.0,1224.0,2280.0,3216.0,0.0,0.0,0.0,-1056.0,0.0,0.0,-4200.0,0.0,-4560.0,-1056.0,2280.0,3216.0,-4200.0,0.0,-4560.0,1056.0,0.0,0.0,4200.0,0.0,4560.0,1056.0,2280.0,3216.0,4200.0,0.0,4560.0,1115136.0,0.0,0.0,17640000,0.0,20793600,1115136.0,5198400.0,10342656,17640000,0.0,20793600,1,0,0,1,0,1,1056.0,,,4200.0,,4560.0,1056.0,,,4200.0,,4560.0,1056.0,,,4200.0,,4560.0,1056.0,,,4200.0,,4560.0,0.4631578947368421,,,1.0,,1.0,0.4631578947368421,,,1.0,,1.0,-0.4631578947368421,,,-1.0,,-1.0,-0.4631578947368421,,,-1.0,,-1.0,TIE,,,TIE,,TIE,,,,,,,,,,,,,,,,,,,0.0,,,0.0,,0.0,8760.0,0.0,0.0,-8760.0,-8760.0,8760.0,8760.0,38433600,38433600,2,4380.0,4380.0,4383.697069825879,4383.697069825879,1.0,1.0,-1.0,-1.0,TIE,,,,0.0,2280.0,1224.0,6720.0,-1056.0,4440.0,1056.0,6552.0,1115136.0,16656192,1,1056.0,6552.0,1056.0,4081.1998235812957,0.4631578947368421,2.873684210526316,-0.4631578947368421,1.9473684210526316,SCP,syntetos-boylan,ML,SeasonalNaive,83.88278388278388,11040.0,1224.0,6720.0,-9816.0,-4320.0,9816.0,15312.0,39548736,55089792,3,3272.0,5104.0,3630.8280047394146,4285.23791638224,0.8891304347826087,1.3869565217391304,-0.8891304347826087,-0.391304347826087,SCP,syntetos-boylan,ML,SeasonalNaive,35.893416927899686,2026-07-14 13:03:02.206,0,,NoForecastRowsMaterialized"
"22181,66,66,10592,1,954,CONSUMIBLES DOMESTICOS,""3576"",HERMANOS AYALA SOUSA S.L,Enrique Malonda Escriva,,TSB,intermittent_insuficient,intermittent_insuficient_insuficient,insuficient,syntetos-boylan,syntetos-boylan,success,intermittent_insuficient,COMPARABLE,1,1,1,0.0,1824.0,0.0,9120.0,1824.0,1824.0,0.0,0.0,0.0,2199.0,0.0,0.0,4204.0,4205.0,4204.0,2264.0,0.0,0.0,0.0,-1824.0,0.0,-6921.0,-1824.0,-1824.0,4204.0,2381.0,4204.0,-6856.0,-1824.0,-1824.0,0.0,1824.0,0.0,6921.0,1824.0,1824.0,4204.0,2381.0,4204.0,6856.0,1824.0,1824.0,0.0,3326976.0,0.0,47900241,3326976.0,3326976.0,17673616,5669161.0,17673616,47004736,3326976.0,3326976.0,0,1,0,1,1,1,,1824.0,,6921.0,1824.0,1824.0,,2381.0,,6856.0,1824.0,1824.0,,1824.0,,6921.0,1824.0,1824.0,,2381.0,,6856.0,1824.0,1824.0,,1.0,,0.7588815789473684,1.0,1.0,,1.3053728070175439,,0.7517543859649123,1.0,1.0,,-1.0,,-0.7588815789473684,-1.0,-1.0,,1.3053728070175439,,-0.7517543859649123,-1.0,-1.0,,SCP,,ML,TIE,TIE,,syntetos-boylan,,TSB,,,,ML,,SCP,,,,TSB,,syntetos-boylan,,,,23.393532129357414,,0.9391706400809106,0.0,0.0,12768.0,2199.0,2264.0,-10569.0,-10504.0,10569.0,10504.0,54554193,53658688,3,3523.0,3501.3333333333335,4264.355871641109,4229.211431618586,0.8277725563909775,0.8226817042606517,-0.8277725563909775,-0.8226817042606517,ML,TSB,SCP,syntetos-boylan,0.615006150061497,1824.0,0.0,12613.0,-1824.0,10789.0,1824.0,10789.0,3326976.0,41016393,1,1824.0,10789.0,1824.0,6404.404187744555,1.0,5.915021929824562,-1.0,5.915021929824562,SCP,syntetos-boylan,ML,TSB,83.09389192696266,14592.0,2199.0,14877.0,-12393.0,285.0,12393.0,21293.0,57881169,94675081,4,3098.25,5323.25,3803.983734192353,4865.056037703986,0.8493009868421053,1.4592242324561404,-0.8493009868421053,0.01953125,SCP,syntetos-boylan,ML,TSB,41.797773916310526,2026-07-14 13:03:02.206,0,,NoForecastRowsMaterialized"
"22182,66,66,10592,1,1020,CONSUMIBLES DOMESTICOS,""3747"",LA ARDOSA S.L,Enrique Malonda Escriva,,ADIDA,intermittent_insuficient,intermittent_insuficient_insuficient,insuficient,syntetos-boylan,syntetos-boylan,success,intermittent_insuficient,COMPARABLE,1,1,1,2240.0,0.0,0.0,0.0,4480.0,0.0,0.0,0.0,0.0,2240.0,0.0,0.0,0.0,0.0,1334.0,1407.0,0.0,0.0,-2240.0,0.0,0.0,2240.0,-4480.0,0.0,-2240.0,0.0,1334.0,1407.0,-4480.0,0.0,2240.0,0.0,0.0,2240.0,4480.0,0.0,2240.0,0.0,1334.0,1407.0,4480.0,0.0,5017600.0,0.0,0.0,5017600.0,20070400,0.0,5017600.0,0.0,1779556.0,1979649.0,20070400,0.0,1,0,0,0,1,0,2240.0,,,,4480.0,,2240.0,,,,4480.0,,2240.0,,,,4480.0,,2240.0,,,,4480.0,,1.0,,,,1.0,,1.0,,,,1.0,,-1.0,,,,-1.0,,-1.0,,,,-1.0,,TIE,,,,TIE,,,,,,,,,,,,,,,,,,,,0.0,,,,0.0,,4480.0,2240.0,1407.0,-2240.0,-3073.0,6720.0,5887.0,25088000,22050049,1,6720.0,5887.0,5008.7922695995285,4695.747970238607,1.5,1.3140625,-0.5,-0.6859375,ML,ADIDA,SCP,syntetos-boylan,12.39583333333334,2240.0,0.0,1334.0,-2240.0,-906.0,2240.0,3574.0,5017600.0,6797156.0,1,2240.0,3574.0,2240.0,2607.13559294487,1.0,1.5955357142857143,-1.0,-0.4044642857142857,SCP,syntetos-boylan,ML,ADIDA,37.32512590934527,6720.0,2240.0,2741.0,-4480.0,-3979.0,8960.0,9461.0,30105600,28847205,2,4480.0,4730.5,3879.793808954285,3797.841821350647,1.3333333333333333,1.4078869047619047,-0.6666666666666666,-0.5921130952380952,SCP,syntetos-boylan,ML,ADIDA,5.2954233167741265,2026-07-14 13:03:02.206,0,,NoForecastRowsMaterialized"
"22183,66,66,10592,1,126,CONSUMIBLES DOMESTICOS,""286"",LIDER ALIMENT,Enrique Malonda Escriva,,SeasonalNaive,smooth_insuficient,smooth_insuficient_insuficient,insuficient,seasonal discrete,seasonal discrete,success,smooth_insuficient,COMPARABLE,1,1,1,480.0,0.0,480.0,240.0,0.0,0.0,226.0,0.0,0.0,313.0,0.0,0.0,240.0,240.0,400.0,378.0,0.0,0.0,-254.0,0.0,-480.0,73.0,0.0,0.0,-240.0,240.0,-80.0,138.0,0.0,0.0,254.0,0.0,480.0,73.0,0.0,0.0,240.0,240.0,80.0,138.0,0.0,0.0,64516.0,0.0,230400.0,5329.0,0.0,0.0,57600.0,57600.0,6400.0,19044.0,0.0,0.0,1,0,1,1,0,0,254.0,,480.0,73.0,,,240.0,,80.0,138.0,,,254.0,,480.0,73.0,,,240.0,,80.0,138.0,,,0.5291666666666667,,1.0,0.30416666666666664,,,0.5,,0.16666666666666666,0.575,,,-0.5291666666666667,,-1.0,0.30416666666666664,,,-0.5,,-0.16666666666666666,0.575,,,ML,,ML,SCP,,,SeasonalNaive,,SeasonalNaive,seasonal discrete,,,SCP,,SCP,ML,,,seasonal discrete,,seasonal discrete,SeasonalNaive,,,5.511811023622048,,83.33333333333334,47.10144927536232,,,240.0,313.0,378.0,73.0,138.0,73.0,138.0,5329.0,19044.0,1,73.0,138.0,73.0,138.0,0.30416666666666664,0.575,0.30416666666666664,0.575,SCP,seasonal discrete,ML,SeasonalNaive,47.10144927536232,960.0,226.0,880.0,-734.0,-80.0,734.0,560.0,294916.0,121600.0,2,367.0,280.0,384.0026041578364,246.57656011875906,0.7645833333333333,0.5833333333333334,-0.7645833333333333,-0.08333333333333333,ML,SeasonalNaive,SCP,seasonal discrete,23.705722070844676,1200.0,539.0,1258.0,-661.0,58.0,807.0,698.0,300245.0,140644.0,3,269.0,232.66666666666666,316.3568660020937,216.52097665892174,0.6725,0.5816666666666667,-0.5508333333333333,0.04833333333333333,ML,SeasonalNaive,SCP,seasonal discrete,13.506815365551422,2026-07-14 13:03:02.206,0,,"
"22184,66,66,10592,1,226,CONSUMIBLES DOMESTICOS,""2671"",LA ARDOSA S.L,Enrique Malonda Escriva,,SeasonalNaive,intermittent_insuficient,intermittent_insuficient_insuficient,insuficient,syntetos-boylan,syntetos-boylan,success,intermittent_insuficient,COMPARABLE,1,1,1,1680.0,1680.0,0.0,-35.0,3360.0,1680.0,1680.0,0.0,0.0,1680.0,0.0,0.0,0.0,1680.0,1680.0,0.0,0.0,0.0,0.0,-1680.0,0.0,1715.0,-3360.0,-1680.0,-1680.0,0.0,1680.0,35.0,-3360.0,-1680.0,0.0,1680.0,0.0,1715.0,3360.0,1680.0,1680.0,0.0,1680.0,35.0,3360.0,1680.0,0.0,2822400.0,0.0,2941225.0,11289600,2822400.0,2822400.0,0.0,2822400.0,1225.0,11289600,2822400.0,1,1,0,0,1,1,0.0,1680.0,,,3360.0,1680.0,1680.0,0.0,,,3360.0,1680.0,0.0,1680.0,,,3360.0,1680.0,1680.0,0.0,,,3360.0,1680.0,0.0,1.0,,,1.0,1.0,1.0,0.0,,,1.0,1.0,0.0,-1.0,,,-1.0,-1.0,-1.0,0.0,,,-1.0,-1.0,SCP,ML,,,TIE,TIE,syntetos-boylan,SeasonalNaive,,,,,ML,SCP,,,,,SeasonalNaive,syntetos-boylan,,,,,100.0,100.0,,,0.0,0.0,5005.0,1680.0,0.0,-3325.0,-5005.0,6755.0,5075.0,17053225,14113225,2,3377.5,2537.5,2920.0363867595897,2656.4285234125914,1.3496503496503496,1.013986013986014,-0.6643356643356644,-1.0,ML,SeasonalNaive,SCP,syntetos-boylan,24.870466321243523,3360.0,1680.0,3360.0,-1680.0,0.0,1680.0,3360.0,2822400.0,5644800.0,2,840.0,1680.0,1187.9393923933999,1680.0,0.5,1.0,-0.5,0.0,SCP,syntetos-boylan,ML,SeasonalNaive,50.0,8365.0,3360.0,3360.0,-5005.0,-5005.0,8435.0,8435.0,19875625,19758025,4,2108.75,2108.75,2229.1043604999745,2222.5,1.00836820083682,1.00836820083682,-0.5983263598326359,-0.5983263598326359,TIE,,,,0.0,2026-07-14 13:03:02.206,0,,"
"22185,66,66,10592,1,328,CONSUMIBLES DOMESTICOS,""2708"",""SUPER JAROCAL, S.L."",Enrique Malonda Escriva,,,,,,average,average,success,,NOT_COMPARABLE_ML_EXCLUDED,1,1,0,0.0,2088.0,960.0,960.0,960.0,0.0,688.0,0.0,0.0,560.0,0.0,0.0,,,,,,,,,,,,,,,,,,,,,,,,,,,,,,,,,,,,,,,,,,,,,,,,,,,,,,,,,,,,,,,,,,,,,,,,,,,,,,,,,,,,,,,,,,,,,,,,,,,,,,,,,,,,,,,,,,,,,,,,,,,,,,,,,,,,,,,,,,,,,,,,,,,,,,,,,,,,,,,,,,,,,,,,,,,,,,,,,,,,,,,,,,,,,,,,,,,,2026-07-14 13:03:02.206,1,ShortSeries,"
"22186,66,66,10592,1,330,CONSUMIBLES DOMESTICOS,""2708"",VEGALSA,Enrique Malonda Escriva,,,,,,average,average,success,,NOT_COMPARABLE_ML_EXCLUDED,1,1,0,0.0,960.0,1440.0,960.0,960.0,1200.0,992.0,0.0,0.0,880.0,0.0,0.0,,,,,,,,,,,,,,,,,,,,,,,,,,,,,,,,,,,,,,,,,,,,,,,,,,,,,,,,,,,,,,,,,,,,,,,,,,,,,,,,,,,,,,,,,,,,,,,,,,,,,,,,,,,,,,,,,,,,,,,,,,,,,,,,,,,,,,,,,,,,,,,,,,,,,,,,,,,,,,,,,,,,,,,,,,,,,,,,,,,,,,,,,,,,,,,,,,,,2026-07-14 13:03:02.206,1,ShortSeries,"
"22187,66,66,10592,1,335,CONSUMIBLES DOMESTICOS,""2714"",VEGALSA,Enrique Malonda Escriva,,,,,,preserve current forecast,preserve current forecast,success,,NOT_COMPARABLE_MISSING_SCP_AND_ML,1,0,0,0.0,0.0,0.0,0.0,0.0,0.0,,,,,,,,,,,,,,,,,,,,,,,,,,,,,,,,,,,,,,,,,,,,,,,,,,,,,,,,,,,,,,,,,,,,,,,,,,,,,,,,,,,,,,,,,,,,,,,,,,,,,,,,,,,,,,,,,,,,,,,,,,,,,,,,,,,,,,,,,,,,,,,,,,,,,,,,,,,,,,,,,,,,,,,,,,,,,,,,,,,,,,,,,,,,,,,,,,,,,,,,,,2026-07-14 13:03:02.206,1,MissingHistory,NoForecastRowsMaterialized"
"22188,66,66,10592,1,419,CONSUMIBLES DOMESTICOS,""2762"",DINOSOL (HIPERDINO),Enrique Malonda Escriva,,,,,,preserve current forecast,preserve current forecast,success,,NOT_COMPARABLE_MISSING_SCP_AND_ML,1,0,0,0.0,0.0,0.0,0.0,0.0,0.0,,,,,,,,,,,,,,,,,,,,,,,,,,,,,,,,,,,,,,,,,,,,,,,,,,,,,,,,,,,,,,,,,,,,,,,,,,,,,,,,,,,,,,,,,,,,,,,,,,,,,,,,,,,,,,,,,,,,,,,,,,,,,,,,,,,,,,,,,,,,,,,,,,,,,,,,,,,,,,,,,,,,,,,,,,,,,,,,,,,,,,,,,,,,,,,,,,,,,,,,,,2026-07-14 13:03:02.206,1,MissingHistory,NoForecastRowsMaterialized"
"22189,66,66,10592,1,435,CONSUMIBLES DOMESTICOS,""2764"",""IFA RETAIL, S.A."",Enrique Malonda Escriva,,,,,,average,average,success,,NOT_COMPARABLE_ML_EXCLUDED,1,1,0,1680.0,1680.0,1680.0,1680.0,1680.0,3360.0,2016.0,0.0,0.0,1680.0,0.0,0.0,,,,,,,,,,,,,,,,,,,,,,,,,,,,,,,,,,,,,,,,,,,,,,,,,,,,,,,,,,,,,,,,,,,,,,,,,,,,,,,,,,,,,,,,,,,,,,,,,,,,,,,,,,,,,,,,,,,,,,,,,,,,,,,,,,,,,,,,,,,,,,,,,,,,,,,,,,,,,,,,,,,,,,,,,,,,,,,,,,,,,,,,,,,,,,,,,,,,2026-07-14 13:03:02.206,1,ShortSeries,"
"22190,66,66,10592,1,480,CONSUMIBLES DOMESTICOS,""2790"",""EXCLUSIVAS DITAYO, S.L - BP"",José Luís Sabater _,,,,,,preserve current forecast,preserve current forecast,success,,NOT_COMPARABLE_MISSING_SCP_AND_ML,1,0,0,0.0,0.0,0.0,0.0,0.0,0.0,,,,,,,,,,,,,,,,,,,,,,,,,,,,,,,,,,,,,,,,,,,,,,,,,,,,,,,,,,,,,,,,,,,,,,,,,,,,,,,,,,,,,,,,,,,,,,,,,,,,,,,,,,,,,,,,,,,,,,,,,,,,,,,,,,,,,,,,,,,,,,,,,,,,,,,,,,,,,,,,,,,,,,,,,,,,,,,,,,,,,,,,,,,,,,,,,,,,,,,,,,2026-07-14 13:03:02.206,1,MissingHistory,NoForecastRowsMaterialized"
"22191,66,66,10592,1,521,CONSUMIBLES DOMESTICOS,""2814"",SUPER DEZA,Enrique Malonda Escriva,,,,,,preserve current forecast,preserve current forecast,success,,NOT_COMPARABLE_MISSING_SCP_AND_ML,1,0,0,0.0,0.0,0.0,0.0,0.0,0.0,,,,,,,,,,,,,,,,,,,,,,,,,,,,,,,,,,,,,,,,,,,,,,,,,,,,,,,,,,,,,,,,,,,,,,,,,,,,,,,,,,,,,,,,,,,,,,,,,,,,,,,,,,,,,,,,,,,,,,,,,,,,,,,,,,,,,,,,,,,,,,,,,,,,,,,,,,,,,,,,,,,,,,,,,,,,,,,,,,,,,,,,,,,,,,,,,,,,,,,,,,2026-07-14 13:03:02.206,1,MissingHistory,NoForecastRowsMaterialized"
"22192,66,66,10592,1,29,BOLSA BASURA PROFESIONALES,""199"",FLORETTE HORTICOLA NAVARRA S.L.U.,José Mateos-Aparicio Martinez,,,,,,preserve current forecast,preserve current forecast,success,,NOT_COMPARABLE_ML_EXCLUDED,1,1,0,0.0,0.0,0.0,0.0,0.0,0.0,0.0,0.0,0.0,94.0,0.0,0.0,,,,,,,,,,,,,,,,,,,,,,,,,,,,,,,,,,,,,,,,,,,,,,,,,,,,,,,,,,,,,,,,,,,,,,,,,,,,,,,,,,,,,,,,,,,,,,,,,,,,,,,,,,,,,,,,,,,,,,,,,,,,,,,,,,,,,,,,,,,,,,,,,,,,,,,,,,,,,,,,,,,,,,,,,,,,,,,,,,,,,,,,,,,,,,,,,,,,2026-07-14 13:03:02.206,1,MissingHistory,NoForecastRowsMaterialized"
"22193,66,66,10592,1,43,BOLSA BASURA PROFESIONALES,""2660"",""HIJOS DE JUAN PUJANTE, S.A."",José Mateos-Aparicio Martinez,,,,,,preserve current forecast,preserve current forecast,success,,NOT_COMPARABLE_MISSING_SCP_AND_ML,1,0,0,0.0,0.0,0.0,0.0,0.0,0.0,,,,,,,,,,,,,,,,,,,,,,,,,,,,,,,,,,,,,,,,,,,,,,,,,,,,,,,,,,,,,,,,,,,,,,,,,,,,,,,,,,,,,,,,,,,,,,,,,,,,,,,,,,,,,,,,,,,,,,,,,,,,,,,,,,,,,,,,,,,,,,,,,,,,,,,,,,,,,,,,,,,,,,,,,,,,,,,,,,,,,,,,,,,,,,,,,,,,,,,,,,2026-07-14 13:03:02.206,1,MissingHistory,NoForecastRowsMaterialized"
"22194,66,66,10592,1,45,BOLSA BASURA PROFESIONALES,""2660"",UVESA,José Mateos-Aparicio Martinez,,,,,,preserve current forecast,preserve current forecast,success,,NOT_COMPARABLE_MISSING_SCP_AND_ML,1,0,0,0.0,0.0,0.0,0.0,0.0,0.0,,,,,,,,,,,,,,,,,,,,,,,,,,,,,,,,,,,,,,,,,,,,,,,,,,,,,,,,,,,,,,,,,,,,,,,,,,,,,,,,,,,,,,,,,,,,,,,,,,,,,,,,,,,,,,,,,,,,,,,,,,,,,,,,,,,,,,,,,,,,,,,,,,,,,,,,,,,,,,,,,,,,,,,,,,,,,,,,,,,,,,,,,,,,,,,,,,,,,,,,,,2026-07-14 13:03:02.206,1,MissingHistory,NoForecastRowsMaterialized"
"22195,66,66,10592,1,95,CONSUMIBLES DOMESTICOS,""285"",""CENTROS COMERCIALES CARREFOUR, S.A."",Enrique Malonda Escriva,,SeasonalNaive,smooth_insuficient,smooth_insuficient_insuficient,insuficient,x11 seasonal,x11 seasonal,success,smooth_insuficient,COMPARABLE,1,1,1,720.0,768.0,756.0,744.0,528.0,852.0,648.0,0.0,0.0,682.0,0.0,0.0,564.0,492.0,828.0,768.0,0.0,0.0,-72.0,-768.0,-756.0,-62.0,-528.0,-852.0,-156.0,-276.0,72.0,24.0,-528.0,-852.0,72.0,768.0,756.0,62.0,528.0,852.0,156.0,276.0,72.0,24.0,528.0,852.0,5184.0,589824.0,571536.0,3844.0,278784.0,725904.0,24336.0,76176.0,5184.0,576.0,278784.0,725904.0,1,1,1,1,1,1,72.0,768.0,756.0,62.0,528.0,852.0,156.0,276.0,72.0,24.0,528.0,852.0,72.0,768.0,756.0,62.0,528.0,852.0,156.0,276.0,72.0,24.0,528.0,852.0,0.1,1.0,1.0,0.08333333333333333,1.0,1.0,0.21666666666666667,0.359375,0.09523809523809523,0.03225806451612903,1.0,1.0,-0.1,-1.0,-1.0,-0.08333333333333333,-1.0,-1.0,-0.21666666666666667,-0.359375,0.09523809523809523,0.03225806451612903,-1.0,-1.0,SCP,ML,ML,ML,TIE,TIE,x11 seasonal,SeasonalNaive,SeasonalNaive,SeasonalNaive,,,ML,SCP,SCP,SCP,,,SeasonalNaive,x11 seasonal,x11 seasonal,x11 seasonal,,,53.84615384615385,64.0625,90.47619047619048,61.29032258064516,0.0,0.0,2124.0,682.0,768.0,-1442.0,-1356.0,1442.0,1404.0,1008532.0,1005264.0,3,480.6666666666667,468.0,579.8080142024024,578.8678605692321,0.6789077212806026,0.6610169491525424,-0.6789077212806026,-0.6384180790960452,ML,SeasonalNaive,SCP,x11 seasonal,2.6352288488210767,2244.0,648.0,1884.0,-1596.0,-360.0,1596.0,504.0,1166544.0,105696.0,3,532.0,168.0,623.5767795548516,187.70189130640105,0.7112299465240641,0.22459893048128343,-0.7112299465240641,-0.16042780748663102,ML,SeasonalNaive,SCP,x11 seasonal,68.42105263157895,4368.0,1330.0,2652.0,-3038.0,-1716.0,3038.0,1908.0,2175076.0,1110960.0,6,506.3333333333333,318.0,602.0902479418403,430.30221937610315,0.6955128205128205,0.4368131868131868,-0.6955128205128205,-0.39285714285714285,ML,SeasonalNaive,SCP,x11 seasonal,37.195523370638575,2026-07-14 13:03:02.206,0,,"
"22196,66,66,10592,1,161,CONSUMIBLES DOMESTICOS,""289"",HNOS MARTIN,Enrique Malonda Escriva,,,,,,preserve current forecast,preserve current forecast,success,,NOT_COMPARABLE_MISSING_SCP_AND_ML,1,0,0,0.0,0.0,0.0,0.0,0.0,0.0,,,,,,,,,,,,,,,,,,,,,,,,,,,,,,,,,,,,,,,,,,,,,,,,,,,,,,,,,,,,,,,,,,,,,,,,,,,,,,,,,,,,,,,,,,,,,,,,,,,,,,,,,,,,,,,,,,,,,,,,,,,,,,,,,,,,,,,,,,,,,,,,,,,,,,,,,,,,,,,,,,,,,,,,,,,,,,,,,,,,,,,,,,,,,,,,,,,,,,,,,,2026-07-14 13:03:02.206,1,MissingHistory,NoForecastRowsMaterialized"
"22197,66,66,10592,1,277,CONSUMIBLES DOMESTICOS,""2683"",CONSUM S COOP V,José Luís Sabater _,,,,,,preserve current forecast,preserve current forecast,success,,NOT_COMPARABLE_ML_EXCLUDED,1,1,0,0.0,0.0,0.0,0.0,0.0,0.0,0.0,0.0,0.0,20385.0,0.0,0.0,,,,,,,,,,,,,,,,,,,,,,,,,,,,,,,,,,,,,,,,,,,,,,,,,,,,,,,,,,,,,,,,,,,,,,,,,,,,,,,,,,,,,,,,,,,,,,,,,,,,,,,,,,,,,,,,,,,,,,,,,,,,,,,,,,,,,,,,,,,,,,,,,,,,,,,,,,,,,,,,,,,,,,,,,,,,,,,,,,,,,,,,,,,,,,,,,,,,2026-07-14 13:03:02.206,1,MissingHistory,NoForecastRowsMaterialized"
"22198,66,66,10592,1,402,CONSUMIBLES DOMESTICOS,""2758"",PRIMAPRIX S.L.U,Enrique Malonda Escriva,,,,,,preserve current forecast,preserve current forecast,success,,NOT_COMPARABLE_MISSING_SCP_AND_ML,1,0,0,0.0,0.0,0.0,7200.0,0.0,0.0,,,,,,,,,,,,,,,,,,,,,,,,,,,,,,,,,,,,,,,,,,,,,,,,,,,,,,,,,,,,,,,,,,,,,,,,,,,,,,,,,,,,,,,,,,,,,,,,,,,,,,,,,,,,,,,,,,,,,,,,,,,,,,,,,,,,,,,,,,,,,,,,,,,,,,,,,,,,,,,,,,,,,,,,,,,,,,,,,,,,,,,,,,,,,,,,,,,,,,,,,,2026-07-14 13:03:02.206,1,MissingHistory,NoForecastRowsMaterialized"
"22199,66,66,10592,1,404,CONSUMIBLES DOMESTICOS,""2758"",""SUPER JAROCAL, S.L."",Enrique Malonda Escriva,,HistoricAverage,intermittent_insuficient,intermittent_insuficient_insuficient,insuficient,syntetos-boylan,syntetos-boylan,success,intermittent_insuficient,COMPARABLE,1,1,1,0.0,0.0,360.0,360.0,360.0,0.0,720.0,0.0,0.0,0.0,0.0,0.0,0.0,0.0,326.0,503.0,0.0,0.0,720.0,0.0,-360.0,-360.0,-360.0,0.0,0.0,0.0,-34.0,143.0,-360.0,0.0,720.0,0.0,360.0,360.0,360.0,0.0,0.0,0.0,34.0,143.0,360.0,0.0,518400.0,0.0,129600.0,129600.0,129600.0,0.0,0.0,0.0,1156.0,20449.0,129600.0,0.0,0,0,1,1,1,0,,,360.0,360.0,360.0,,,,34.0,143.0,360.0,,,,360.0,360.0,360.0,,,,34.0,143.0,360.0,,,,1.0,1.0,1.0,,,,0.09444444444444444,0.3972222222222222,1.0,,,,-1.0,-1.0,-1.0,,,,-0.09444444444444444,0.3972222222222222,-1.0,,,,ML,ML,TIE,,,,HistoricAverage,HistoricAverage,,,,,SCP,SCP,,,,,syntetos-boylan,syntetos-boylan,,,,,90.55555555555556,60.277777777777786,0.0,,720.0,0.0,503.0,-720.0,-217.0,720.0,503.0,259200.0,150049.0,2,360.0,251.5,360.0,273.906005775704,1.0,0.6986111111111111,-1.0,-0.3013888888888889,ML,HistoricAverage,SCP,syntetos-boylan,30.138888888888893,360.0,720.0,326.0,360.0,-34.0,1080.0,34.0,648000.0,1156.0,1,1080.0,34.0,804.9844718999243,34.0,3.0,0.09444444444444444,1.0,-0.09444444444444444,ML,HistoricAverage,SCP,syntetos-boylan,96.85185185185185,1080.0,720.0,829.0,-360.0,-251.0,1800.0,537.0,907200.0,151205.0,3,600.0,179.0,549.9090833947008,224.5031551374427,1.6666666666666667,0.49722222222222223,-0.3333333333333333,-0.2324074074074074,ML,HistoricAverage,SCP,syntetos-boylan,70.16666666666667,2026-07-14 13:03:02.206,0,,NoForecastRowsMaterialized"
"22200,66,66,10592,1,429,CONSUMIBLES DOMESTICOS,""2762"",""IFA RETAIL, S.A."",Enrique Malonda Escriva,,AutoTheta,smooth_insuficient,smooth_insuficient_insuficient,insuficient,x11 lineal,x11 lineal,success,smooth_insuficient,COMPARABLE,1,1,1,27120.0,31920.0,23040.0,39600.0,40560.0,30220.0,39699.0,0.0,0.0,31732.0,0.0,0.0,39438.0,38676.0,37913.0,36006.0,0.0,0.0,12579.0,-31920.0,-23040.0,-7868.0,-40560.0,-30220.0,12318.0,6756.0,14873.0,-3594.0,-40560.0,-30220.0,12579.0,31920.0,23040.0,7868.0,40560.0,30220.0,12318.0,6756.0,14873.0,3594.0,40560.0,30220.0,158231241,1018886400,530841600,61905424,1645113600,913248400,151733124,45643536,221206129,12916836,1645113600,913248400,1,1,1,1,1,1,12579.0,31920.0,23040.0,7868.0,40560.0,30220.0,12318.0,6756.0,14873.0,3594.0,40560.0,30220.0,12579.0,31920.0,23040.0,7868.0,40560.0,30220.0,12318.0,6756.0,14873.0,3594.0,40560.0,30220.0,0.4638274336283186,1.0,1.0,0.1986868686868687,1.0,1.0,0.4542035398230089,0.21165413533834587,0.6455295138888889,0.09075757575757576,1.0,1.0,0.4638274336283186,-1.0,-1.0,-0.1986868686868687,-1.0,-1.0,0.4542035398230089,0.21165413533834587,0.6455295138888889,-0.09075757575757576,-1.0,-1.0,ML,ML,ML,ML,TIE,TIE,AutoTheta,AutoTheta,AutoTheta,AutoTheta,,,SCP,SCP,SCP,SCP,,,x11 lineal,x11 lineal,x11 lineal,x11 lineal,,,2.0748867159551563,78.83458646616542,35.44704861111111,54.32130147432639,0.0,0.0,110380.0,31732.0,36006.0,-78648.0,-74374.0,78648.0,74374.0,2620267424,2571278836,3,26216.0,24791.333333333332,29553.72184119399,29276.149769621916,0.7125203841275594,0.6737996013770611,-0.7125203841275594,-0.6737996013770611,ML,AutoTheta,SCP,x11 lineal,5.43434035194792,82080.0,39699.0,116027.0,-42381.0,33947.0,67539.0,33947.0,1707959241,418582789,3,22513.0,11315.666666666666,23860.42218821788,11812.179999192924,0.822843567251462,0.41358430799220275,-0.5163377192982456,0.41358430799220275,ML,AutoTheta,SCP,x11 lineal,49.73718888345993,192460.0,71431.0,152033.0,-121029.0,-40427.0,146187.0,108321.0,4328226665,2989861625,6,24364.5,18053.5,26858.352720026098,22322.864306207062,0.7595708199106308,0.5628234438324847,-0.6288527486230905,-0.2100540372025356,ML,AutoTheta,SCP,x11 lineal,25.902440025446854,2026-07-14 13:03:02.206,0,,"
"22201,66,66,10592,1,398,CONSUMIBLES DOMESTICOS,""2758"",""INICIATIVAS PARA LA PROM ARCENSE, S.L SUPERCARMELA"",Enrique Malonda Escriva,,MovingAverage3M,intermittent_insuficient,intermittent_insuficient_insuficient,insuficient,syntetos-boylan,syntetos-boylan,success,intermittent_insuficient,NOT_COMPARABLE_MISSING_SCP,1,0,1,0.0,1440.0,72.0,0.0,0.0,1440.0,,,,,,,0.0,1440.0,0.0,0.0,0.0,0.0,,,,,,,,,,,,,,,,,,,,,,,,,,,,,,,,,,,,,,,,,,,,,,,,,,,,,,,,,,,,,,,,,,,,,,,,,,,,,,,,,,,,,,,,,,,,,,,,,,,,,,,,,,,,,,,,,,,,,,,,,,,,,,,,,,,,,,,,,,,,,,,,,,,,,,,,,,,,,,,,,,,,,,,,,,,,,,,,,,,,,,,,,,,,,,2026-07-14 13:03:02.206,0,,NoForecastRowsMaterialized"
"22202,66,66,10592,1,400,CONSUMIBLES DOMESTICOS,""2758"",LA ARDOSA S.L,Enrique Malonda Escriva,,,,,,average,average,success,,NOT_COMPARABLE_ML_EXCLUDED,1,1,0,1440.0,1440.0,0.0,0.0,0.0,1440.0,400.0,0.0,0.0,0.0,0.0,0.0,,,,,,,,,,,,,,,,,,,,,,,,,,,,,,,,,,,,,,,,,,,,,,,,,,,,,,,,,,,,,,,,,,,,,,,,,,,,,,,,,,,,,,,,,,,,,,,,,,,,,,,,,,,,,,,,,,,,,,,,,,,,,,,,,,,,,,,,,,,,,,,,,,,,,,,,,,,,,,,,,,,,,,,,,,,,,,,,,,,,,,,,,,,,,,,,,,,,2026-07-14 13:03:02.206,1,ShortSeries,NoForecastRowsMaterialized"
"22203,66,66,10592,1,484,CONSUMIBLES DOMESTICOS,""2790"",HERMANOS AYALA SOUSA S.L,Enrique Malonda Escriva,,,,,,preserve current forecast,preserve current forecast,success,,NOT_COMPARABLE_MISSING_SCP_AND_ML,1,0,0,0.0,0.0,0.0,0.0,0.0,0.0,,,,,,,,,,,,,,,,,,,,,,,,,,,,,,,,,,,,,,,,,,,,,,,,,,,,,,,,,,,,,,,,,,,,,,,,,,,,,,,,,,,,,,,,,,,,,,,,,,,,,,,,,,,,,,,,,,,,,,,,,,,,,,,,,,,,,,,,,,,,,,,,,,,,,,,,,,,,,,,,,,,,,,,,,,,,,,,,,,,,,,,,,,,,,,,,,,,,,,,,,,2026-07-14 13:03:02.206,1,MissingHistory,NoForecastRowsMaterialized"
"22204,66,66,10592,1,532,CONSUMIBLES DOMESTICOS,""2827"",BUBBLES BIDCO SPAIN SL (ACQUA & SAPONE)A,Enrique Malonda Escriva,,,,,,preserve current forecast,preserve current forecast,success,,NOT_COMPARABLE_MISSING_SCP_AND_ML,1,0,0,0.0,0.0,0.0,0.0,0.0,0.0,,,,,,,,,,,,,,,,,,,,,,,,,,,,,,,,,,,,,,,,,,,,,,,,,,,,,,,,,,,,,,,,,,,,,,,,,,,,,,,,,,,,,,,,,,,,,,,,,,,,,,,,,,,,,,,,,,,,,,,,,,,,,,,,,,,,,,,,,,,,,,,,,,,,,,,,,,,,,,,,,,,,,,,,,,,,,,,,,,,,,,,,,,,,,,,,,,,,,,,,,,2026-07-14 13:03:02.206,1,MissingHistory,NoForecastRowsMaterialized"
"22205,66,66,10592,1,549,CONSUMIBLES DOMESTICOS,""2828"",PRIMAPRIX S.L.U,Enrique Malonda Escriva,,CrostonSBA,intermittent_insuficient,intermittent_insuficient_insuficient,insuficient,preserve current forecast,preserve current forecast,success,intermittent_insuficient,COMPARABLE,1,1,1,0.0,34200.0,0.0,0.0,18240.0,0.0,0.0,18240.0,18240.0,29000.0,16200.0,16200.0,12854.0,12855.0,12854.0,10844.0,10843.0,10844.0,0.0,-15960.0,18240.0,29000.0,-2040.0,16200.0,12854.0,-21345.0,12854.0,10844.0,-7397.0,10844.0,0.0,15960.0,18240.0,29000.0,2040.0,16200.0,12854.0,21345.0,12854.0,10844.0,7397.0,10844.0,0.0,254721600,332697600,841000000,4161600.0,262440000,165225316,455609025,165225316,117592336,54715609,117592336,0,1,0,0,1,0,,15960.0,,,2040.0,,,21345.0,,,7397.0,,,15960.0,,,2040.0,,,21345.0,,,7397.0,,,0.4666666666666667,,,0.1118421052631579,,,0.6241228070175439,,,0.4055372807017544,,,-0.4666666666666667,,,-0.1118421052631579,,,-0.6241228070175439,,,-0.4055372807017544,,,SCP,,,SCP,,,preserve current forecast,,,preserve current forecast,,,ML,,,ML,,,CrostonSBA,,,CrostonSBA,,,25.22839072382291,,,72.4212518588617,,18240.0,61400.0,32531.0,43160.0,14291.0,47240.0,29085.0,1107601600,289900281,1,47240.0,29085.0,33280.64903213277,17026.45826353796,2.5899122807017543,1.5945723684210527,2.366228070175439,0.7834978070175439,ML,CrostonSBA,SCP,preserve current forecast,38.43141405588484,34200.0,36480.0,38563.0,2280.0,4363.0,34200.0,47053.0,587419200,786059657,1,34200.0,47053.0,24236.732453035,28036.75546492497,1.0,1.3758187134502924,0.06666666666666667,0.12757309941520467,SCP,preserve current forecast,ML,CrostonSBA,27.316005355662764,52440.0,97880.0,71094.0,45440.0,18654.0,81440.0,76138.0,1695020800,1075959938,2,40720.0,38069.0,29112.031876871803,23194.395206601097,1.5530129672006103,1.451906941266209,0.8665141113653699,0.355720823798627,ML,CrostonSBA,SCP,preserve current forecast,6.510314341846772,2026-07-14 13:03:02.206,0,,"
"22206,66,66,10592,1,599,CONSUMIBLES DOMESTICOS,""2858"",""FAMILY CASH, S.L."",José Navalón _,,,,,,average,average,success,,NOT_COMPARABLE_ML_EXCLUDED,1,1,0,855.0,855.0,855.0,1710.0,855.0,1710.0,1384.0,0.0,0.0,1283.0,0.0,0.0,,,,,,,,,,,,,,,,,,,,,,,,,,,,,,,,,,,,,,,,,,,,,,,,,,,,,,,,,,,,,,,,,,,,,,,,,,,,,,,,,,,,,,,,,,,,,,,,,,,,,,,,,,,,,,,,,,,,,,,,,,,,,,,,,,,,,,,,,,,,,,,,,,,,,,,,,,,,,,,,,,,,,,,,,,,,,,,,,,,,,,,,,,,,,,,,,,,,2026-07-14 13:03:02.206,1,ShortSeries,"
"22207,66,66,10592,1,651,CONSUMIBLES DOMESTICOS,""3390"",MERCADONA S.A.,Xaro Andrés Sanchis,,SeasonalNaive,smooth_insuficient,smooth_insuficient_insuficient,insuficient,x11 lineal,x11 lineal,success,smooth_insuficient,COMPARABLE,1,1,1,800101.0,663600.0,678300.0,777000.0,627900.0,684600.0,738808.0,0.0,0.0,754067.0,0.0,0.0,688800.0,642600.0,764400.0,634200.0,0.0,0.0,-61293.0,-663600.0,-678300.0,-22933.0,-627900.0,-684600.0,-111301.0,-21000.0,86100.0,-142800.0,-627900.0,-684600.0,61293.0,663600.0,678300.0,22933.0,627900.0,684600.0,111301.0,21000.0,86100.0,142800.0,627900.0,684600.0,3756831849,440364960000,460090890000,525922489,394258410000,468677160000,12387912601,441000000,7413210000,20391840000,394258410000,468677160000,1,1,1,1,1,1,61293.0,663600.0,678300.0,22933.0,627900.0,684600.0,111301.0,21000.0,86100.0,142800.0,627900.0,684600.0,61293.0,663600.0,678300.0,22933.0,627900.0,684600.0,111301.0,21000.0,86100.0,142800.0,627900.0,684600.0,0.07660657841947455,1.0,1.0,0.029514800514800515,1.0,1.0,0.13910868752819958,0.03164556962025317,0.12693498452012383,0.1837837837837838,1.0,1.0,-0.07660657841947455,-1.0,-1.0,-0.029514800514800515,-1.0,-1.0,-0.13910868752819958,-0.03164556962025317,0.12693498452012383,-0.1837837837837838,-1.0,-1.0,SCP,ML,ML,SCP,TIE,TIE,x11 lineal,SeasonalNaive,SeasonalNaive,x11 lineal,,,ML,SCP,SCP,ML,,,SeasonalNaive,x11 lineal,x11 lineal,SeasonalNaive,,,44.93041392260626,96.83544303797468,87.30650154798761,83.94047619047619,0.0,0.0,2089500.0,754067.0,634200.0,-1335433.0,-1455300.0,1335433.0,1455300.0,863461492489,883327410000,3,445144.3333333333,485100.0,536489.0469490811,542625.5338629026,0.6391160564728404,0.6964824120603015,-0.6391160564728404,-0.6964824120603015,SCP,x11 lineal,ML,SeasonalNaive,8.236583522297801,2142001.0,738808.0,2095800.0,-1403193.0,-46201.0,1403193.0,218401.0,904212681849,20242122601,3,467731.0,72800.33333333333,549002.9392298369,82142.40196350076,0.6550851283449447,0.10196120356619814,-0.6550851283449447,-0.021569084234787938,ML,SeasonalNaive,SCP,x11 lineal,84.43542691561316,4231501.0,1492875.0,2730000.0,-2738626.0,-1501501.0,2738626.0,1673701.0,1767674174338,903569532601,6,456437.6666666667,278950.1666666667,542782.0579106007,388065.6157148771,0.6471996579937002,0.3955336416084978,-0.6471996579937002,-0.35483886214371685,ML,SeasonalNaive,SCP,x11 lineal,38.88537536706364,2026-07-14 13:03:02.206,0,,"
"22208,66,66,10592,1,682,CONSUMIBLES DOMESTICOS,""3408"",BUBBLES BIDCO SPAIN SL (ACQUA & SAPONE)A,Enrique Malonda Escriva,,,,,,preserve current forecast,preserve current forecast,success,,NOT_COMPARABLE_ML_EXCLUDED,1,1,0,0.0,0.0,0.0,0.0,0.0,480.0,80.0,0.0,0.0,0.0,0.0,0.0,,,,,,,,,,,,,,,,,,,,,,,,,,,,,,,,,,,,,,,,,,,,,,,,,,,,,,,,,,,,,,,,,,,,,,,,,,,,,,,,,,,,,,,,,,,,,,,,,,,,,,,,,,,,,,,,,,,,,,,,,,,,,,,,,,,,,,,,,,,,,,,,,,,,,,,,,,,,,,,,,,,,,,,,,,,,,,,,,,,,,,,,,,,,,,,,,,,,2026-07-14 13:03:02.206,1,MissingHistory,NoForecastRowsMaterialized"
"22209,66,66,10592,1,716,CONSUMIBLES DOMESTICOS,""3413"",""SUPER JAROCAL, S.L."",Enrique Malonda Escriva,,MovingAverage3M,intermittent_insuficient,intermittent_insuficient_insuficient,insuficient,seasonal discrete,seasonal discrete,success,intermittent_insuficient,COMPARABLE,1,1,1,0.0,10400.0,2800.0,2400.0,3200.0,5600.0,900.0,0.0,0.0,5600.0,0.0,0.0,7466.0,0.0,3734.0,4024.0,0.0,0.0,900.0,-10400.0,-2800.0,3200.0,-3200.0,-5600.0,7466.0,-10400.0,934.0,1624.0,-3200.0,-5600.0,900.0,10400.0,2800.0,3200.0,3200.0,5600.0,7466.0,10400.0,934.0,1624.0,3200.0,5600.0,810000.0,108160000,7840000.0,10240000,10240000,31360000,55741156,108160000,872356.0,2637376.0,10240000,31360000,0,1,1,1,1,1,,10400.0,2800.0,3200.0,3200.0,5600.0,,10400.0,934.0,1624.0,3200.0,5600.0,,10400.0,2800.0,3200.0,3200.0,5600.0,,10400.0,934.0,1624.0,3200.0,5600.0,,1.0,1.0,1.3333333333333333,1.0,1.0,,1.0,0.3335714285714286,0.6766666666666666,1.0,1.0,,-1.0,-1.0,1.3333333333333333,-1.0,-1.0,,-1.0,0.3335714285714286,0.6766666666666666,-1.0,-1.0,,TIE,ML,ML,TIE,TIE,,,MovingAverage3M,MovingAverage3M,,,,,SCP,SCP,,,,,seasonal discrete,seasonal discrete,,,,0.0,66.64285714285714,49.25,0.0,0.0,11200.0,5600.0,4024.0,-5600.0,-7176.0,12000.0,10424.0,51840000,44237376,3,4000.0,3474.6666666666665,4156.921938165306,3840.0249999186203,1.0714285714285714,0.9307142857142857,-0.5,-0.6407142857142857,ML,MovingAverage3M,SCP,seasonal discrete,13.13333333333333,13200.0,900.0,11200.0,-12300.0,-2000.0,14100.0,18800.0,116810000,164773512,2,7050.0,9400.0,7642.316402766899,9076.715044552186,1.0681818181818181,1.4242424242424243,-0.9318181818181818,-0.15151515151515152,SCP,seasonal discrete,ML,MovingAverage3M,25.000000000000007,24400.0,6500.0,15224.0,-17900.0,-9176.0,26100.0,29224.0,168650000,209010888,5,5220.0,5844.8,5807.7534382926415,6465.460354839399,1.069672131147541,1.1977049180327868,-0.7336065573770492,-0.3760655737704918,SCP,seasonal discrete,ML,MovingAverage3M,10.689843963865306,2026-07-14 13:03:02.206,0,,"
"22210,66,66,10592,1,805,CONSUMIBLES DOMESTICOS,""3451"",CASALMA S.L,Enrique Malonda Escriva,,MovingAverage3M,intermittent_insuficient,intermittent_insuficient_insuficient,insuficient,syntetos-boylan,syntetos-boylan,success,intermittent_insuficient,COMPARABLE,1,1,1,390.0,0.0,0.0,0.0,390.0,0.0,0.0,0.0,0.0,390.0,0.0,0.0,0.0,130.0,130.0,390.0,0.0,0.0,-390.0,0.0,0.0,390.0,-390.0,0.0,-390.0,130.0,130.0,390.0,-390.0,0.0,390.0,0.0,0.0,390.0,390.0,0.0,390.0,130.0,130.0,390.0,390.0,0.0,152100.0,0.0,0.0,152100.0,152100.0,0.0,152100.0,16900.0,16900.0,152100.0,152100.0,0.0,1,0,0,0,1,0,390.0,,,,390.0,,390.0,,,,390.0,,390.0,,,,390.0,,390.0,,,,390.0,,1.0,,,,1.0,,1.0,,,,1.0,,-1.0,,,,-1.0,,-1.0,,,,-1.0,,TIE,,,,TIE,,,,,,,,,,,,,,,,,,,,0.0,,,,0.0,,390.0,390.0,390.0,0.0,0.0,780.0,780.0,304200.0,304200.0,1,780.0,780.0,551.5432893255071,551.5432893255071,2.0,2.0,0.0,0.0,TIE,,,,0.0,390.0,0.0,260.0,-390.0,-130.0,390.0,650.0,152100.0,185900.0,1,390.0,650.0,390.0,431.161222746202,1.0,1.6666666666666667,-1.0,-0.3333333333333333,SCP,syntetos-boylan,ML,MovingAverage3M,40.0,780.0,390.0,650.0,-390.0,-130.0,1170.0,1430.0,456300.0,490100.0,2,585.0,715.0,477.65049984271974,495.025251881154,1.5,1.8333333333333333,-0.5,-0.16666666666666666,SCP,syntetos-boylan,ML,MovingAverage3M,18.18181818181818,2026-07-14 13:03:02.206,0,,NoForecastRowsMaterialized"
"22211,66,66,10592,1,819,CONSUMIBLES DOMESTICOS,""3451"",PRIMAPRIX S.L.U,Enrique Malonda Escriva,,,,,,preserve current forecast,preserve current forecast,success,,NOT_COMPARABLE_MISSING_SCP_AND_ML,1,0,0,0.0,0.0,0.0,27300.0,0.0,0.0,,,,,,,,,,,,,,,,,,,,,,,,,,,,,,,,,,,,,,,,,,,,,,,,,,,,,,,,,,,,,,,,,,,,,,,,,,,,,,,,,,,,,,,,,,,,,,,,,,,,,,,,,,,,,,,,,,,,,,,,,,,,,,,,,,,,,,,,,,,,,,,,,,,,,,,,,,,,,,,,,,,,,,,,,,,,,,,,,,,,,,,,,,,,,,,,,,,,,,,,,,2026-07-14 13:03:02.206,1,MissingHistory,NoForecastRowsMaterialized"
"22212,66,66,10592,1,839,CONSUMIBLES DOMESTICOS,""3456"",ALIMERKA S.A.U.,Enrique Malonda Escriva,,,,,,average,average,success,,NOT_COMPARABLE_ML_EXCLUDED,1,1,0,504.0,1008.0,0.0,1008.0,504.0,1008.0,773.0,0.0,0.0,504.0,0.0,0.0,,,,,,,,,,,,,,,,,,,,,,,,,,,,,,,,,,,,,,,,,,,,,,,,,,,,,,,,,,,,,,,,,,,,,,,,,,,,,,,,,,,,,,,,,,,,,,,,,,,,,,,,,,,,,,,,,,,,,,,,,,,,,,,,,,,,,,,,,,,,,,,,,,,,,,,,,,,,,,,,,,,,,,,,,,,,,,,,,,,,,,,,,,,,,,,,,,,,2026-07-14 13:03:02.206,1,ShortSeries,"
"22213,66,66,10592,1,864,CONSUMIBLES DOMESTICOS,""3457"",BUBBLES BIDCO SPAIN SL (ACQUA & SAPONE)A,Enrique Malonda Escriva,,,,,,average,average,success,,NOT_COMPARABLE_ML_EXCLUDED,1,1,0,0.0,0.0,70.0,63.0,126.0,0.0,84.0,0.0,0.0,0.0,0.0,0.0,,,,,,,,,,,,,,,,,,,,,,,,,,,,,,,,,,,,,,,,,,,,,,,,,,,,,,,,,,,,,,,,,,,,,,,,,,,,,,,,,,,,,,,,,,,,,,,,,,,,,,,,,,,,,,,,,,,,,,,,,,,,,,,,,,,,,,,,,,,,,,,,,,,,,,,,,,,,,,,,,,,,,,,,,,,,,,,,,,,,,,,,,,,,,,,,,,,,2026-07-14 13:03:02.206,1,ShortSeries,NoForecastRowsMaterialized"
"22214,66,66,10592,1,873,CONSUMIBLES DOMESTICOS,""3458"",BUBBLES BIDCO SPAIN SL (ACQUA & SAPONE)A,Enrique Malonda Escriva,,,,,,average,average,success,,NOT_COMPARABLE_ML_EXCLUDED,1,1,0,28.0,0.0,84.0,126.0,0.0,0.0,126.0,0.0,0.0,0.0,0.0,0.0,,,,,,,,,,,,,,,,,,,,,,,,,,,,,,,,,,,,,,,,,,,,,,,,,,,,,,,,,,,,,,,,,,,,,,,,,,,,,,,,,,,,,,,,,,,,,,,,,,,,,,,,,,,,,,,,,,,,,,,,,,,,,,,,,,,,,,,,,,,,,,,,,,,,,,,,,,,,,,,,,,,,,,,,,,,,,,,,,,,,,,,,,,,,,,,,,,,,2026-07-14 13:03:02.206,1,ShortSeries,NoForecastRowsMaterialized"
"22215,66,66,10592,1,978,CONSUMIBLES DOMESTICOS,""3643"",AHORRAMAS (GRUPO IFA),Enrique Malonda Escriva,,MovingAverage12M,intermittent_insuficient,intermittent_insuficient_insuficient,insuficient,seasonal discrete,seasonal discrete,success,intermittent_insuficient,COMPARABLE,1,1,1,1520.0,0.0,3040.0,1520.0,4560.0,1520.0,3121.0,0.0,0.0,1280.0,0.0,0.0,2134.0,2133.0,2133.0,1967.0,0.0,0.0,1601.0,0.0,-3040.0,-240.0,-4560.0,-1520.0,614.0,2133.0,-907.0,447.0,-4560.0,-1520.0,1601.0,0.0,3040.0,240.0,4560.0,1520.0,614.0,2133.0,907.0,447.0,4560.0,1520.0,2563201.0,0.0,9241600.0,57600.0,20793600,2310400.0,376996.0,4549689.0,822649.0,199809.0,20793600,2310400.0,1,0,1,1,1,1,1601.0,,3040.0,240.0,4560.0,1520.0,614.0,,907.0,447.0,4560.0,1520.0,1601.0,,3040.0,240.0,4560.0,1520.0,614.0,,907.0,447.0,4560.0,1520.0,1.0532894736842104,,1.0,0.15789473684210525,1.0,1.0,0.4039473684210526,,0.29835526315789473,0.29407894736842105,1.0,1.0,1.0532894736842104,,-1.0,-0.15789473684210525,-1.0,-1.0,0.4039473684210526,,-0.29835526315789473,0.29407894736842105,-1.0,-1.0,ML,,ML,SCP,TIE,TIE,MovingAverage12M,,MovingAverage12M,seasonal discrete,,,SCP,,SCP,ML,,,seasonal discrete,,seasonal discrete,MovingAverage12M,,,61.64896939412867,,70.16447368421052,46.30872483221477,0.0,0.0,7600.0,1280.0,1967.0,-6320.0,-5633.0,6320.0,6527.0,23161600,23303809,3,2106.6666666666665,2175.6666666666665,2778.5847716658445,2787.1017802249944,0.8315789473684211,0.8588157894736842,-0.8315789473684211,-0.7411842105263158,SCP,seasonal discrete,ML,MovingAverage12M,3.17144170369235,4560.0,3121.0,6400.0,-1439.0,1840.0,4641.0,3654.0,11804801,5749334.0,2,2320.5,1827.0,2429.4856451520764,1695.4842965949288,1.0177631578947368,0.8013157894736842,-0.3155701754385965,0.40350877192982454,ML,MovingAverage12M,SCP,seasonal discrete,21.266968325791854,12160.0,4401.0,8367.0,-7759.0,-3793.0,10961.0,10181.0,34966401,29053143,5,2192.2,2036.2,2644.4810833129436,2410.5245487237835,0.9013980263157895,0.8372532894736842,-0.6380756578947369,-0.31192434210526315,ML,MovingAverage12M,SCP,seasonal discrete,7.11613903840891,2026-07-14 13:03:02.206,0,,"
"22216,66,66,10592,1,989,CONSUMIBLES DOMESTICOS,""3644"",VEGALSA,Enrique Malonda Escriva,,,,,,preserve current forecast,preserve current forecast,success,,NOT_COMPARABLE_MISSING_SCP_AND_ML,1,0,0,0.0,0.0,0.0,0.0,0.0,16.0,,,,,,,,,,,,,,,,,,,,,,,,,,,,,,,,,,,,,,,,,,,,,,,,,,,,,,,,,,,,,,,,,,,,,,,,,,,,,,,,,,,,,,,,,,,,,,,,,,,,,,,,,,,,,,,,,,,,,,,,,,,,,,,,,,,,,,,,,,,,,,,,,,,,,,,,,,,,,,,,,,,,,,,,,,,,,,,,,,,,,,,,,,,,,,,,,,,,,,,,,,2026-07-14 13:03:02.206,1,MissingHistory,NoForecastRowsMaterialized"
"22217,66,66,10592,1,996,CONSUMIBLES DOMESTICOS,""3645"",""DIA RETAIL ESPAÑA, S.A."",Enrique Malonda Escriva,,,,,,preserve current forecast,preserve current forecast,success,,NOT_COMPARABLE_MISSING_SCP_AND_ML,1,0,0,0.0,0.0,0.0,0.0,0.0,0.0,,,,,,,,,,,,,,,,,,,,,,,,,,,,,,,,,,,,,,,,,,,,,,,,,,,,,,,,,,,,,,,,,,,,,,,,,,,,,,,,,,,,,,,,,,,,,,,,,,,,,,,,,,,,,,,,,,,,,,,,,,,,,,,,,,,,,,,,,,,,,,,,,,,,,,,,,,,,,,,,,,,,,,,,,,,,,,,,,,,,,,,,,,,,,,,,,,,,,,,,,,2026-07-14 13:03:02.206,1,MissingHistory,NoForecastRowsMaterialized"
"22218,66,66,10592,1,1012,CONSUMIBLES DOMESTICOS,""3747"",""CENTROS COMERCIALES CARREFOUR, S.A."",Enrique Malonda Escriva,,HistoricAverage,smooth_insuficient,smooth_insuficient_insuficient,insuficient,x11 seasonal,x11 seasonal,success,smooth_insuficient,COMPARABLE,1,1,1,0.0,0.0,13440.0,6720.0,4480.0,8960.0,0.0,0.0,6321.0,8794.0,7368.0,10348.0,0.0,0.0,6806.0,6817.0,6818.0,6817.0,0.0,0.0,-7119.0,2074.0,2888.0,1388.0,0.0,0.0,-6634.0,97.0,2338.0,-2143.0,0.0,0.0,7119.0,2074.0,2888.0,1388.0,0.0,0.0,6634.0,97.0,2338.0,2143.0,0.0,0.0,50680161,4301476.0,8340544.0,1926544.0,0.0,0.0,44009956,9409.0,5466244.0,4592449.0,0,0,1,1,1,1,,,7119.0,2074.0,2888.0,1388.0,,,6634.0,97.0,2338.0,2143.0,,,7119.0,2074.0,2888.0,1388.0,,,6634.0,97.0,2338.0,2143.0,,,0.5296875,0.3086309523809524,0.6446428571428572,0.1549107142857143,,,0.4936011904761905,0.01443452380952381,0.521875,0.23917410714285714,,,-0.5296875,0.3086309523809524,0.6446428571428572,0.1549107142857143,,,-0.4936011904761905,0.01443452380952381,0.521875,-0.23917410714285714,,,ML,ML,ML,SCP,,,HistoricAverage,HistoricAverage,HistoricAverage,x11 seasonal,,,SCP,SCP,SCP,ML,,,x11 seasonal,x11 seasonal,x11 seasonal,HistoricAverage,,,6.812754600365212,95.32304725168756,19.0443213296399,35.23098460102659,20160.0,26510.0,20452.0,6350.0,292.0,6350.0,4578.0,14568564,10068102,3,2116.6666666666665,1526.0,2203.6760197451895,1831.948143370876,0.3149801587301587,0.22708333333333333,0.3149801587301587,0.014484126984126985,ML,HistoricAverage,SCP,x11 seasonal,27.90551181102362,13440.0,6321.0,6806.0,-7119.0,-6634.0,7119.0,6634.0,50680161,44009956,1,7119.0,6634.0,7119.0,6634.0,0.5296875,0.4936011904761905,-0.5296875,-0.4936011904761905,ML,HistoricAverage,SCP,x11 seasonal,6.812754600365212,33600.0,32831.0,27258.0,-769.0,-6342.0,13469.0,11212.0,65248725,54078058,4,3367.25,2803.0,4038.834144898748,3676.8892422807626,0.4008630952380952,0.3336904761904762,-0.02288690476190476,-0.18875,ML,HistoricAverage,SCP,x11 seasonal,16.75699754992946,2026-07-14 13:03:02.206,0,,"
"22219,66,66,10592,1,1159,FILM ALIMENTARIO PROFESIONAL,""4007"",""IFA RETAIL, S.A."",Enrique Malonda Escriva,,MovingAverage12M,smooth_insuficient,smooth_insuficient_insuficient,insuficient,x11 seasonal,x11 seasonal,success,smooth_insuficient,COMPARABLE,1,1,1,1440.0,960.0,1632.0,1152.0,1632.0,1344.0,1899.0,0.0,0.0,1520.0,0.0,0.0,1424.0,1424.0,1424.0,1600.0,0.0,0.0,459.0,-960.0,-1632.0,368.0,-1632.0,-1344.0,-16.0,464.0,-208.0,448.0,-1632.0,-1344.0,459.0,960.0,1632.0,368.0,1632.0,1344.0,16.0,464.0,208.0,448.0,1632.0,1344.0,210681.0,921600.0,2663424.0,135424.0,2663424.0,1806336.0,256.0,215296.0,43264.0,200704.0,2663424.0,1806336.0,1,1,1,1,1,1,459.0,960.0,1632.0,368.0,1632.0,1344.0,16.0,464.0,208.0,448.0,1632.0,1344.0,459.0,960.0,1632.0,368.0,1632.0,1344.0,16.0,464.0,208.0,448.0,1632.0,1344.0,0.31875,1.0,1.0,0.3194444444444444,1.0,1.0,0.011111111111111112,0.48333333333333334,0.12745098039215685,0.3888888888888889,1.0,1.0,0.31875,-1.0,-1.0,0.3194444444444444,-1.0,-1.0,-0.011111111111111112,0.48333333333333334,-0.12745098039215685,0.3888888888888889,-1.0,-1.0,ML,ML,ML,SCP,TIE,TIE,MovingAverage12M,MovingAverage12M,MovingAverage12M,x11 seasonal,,,SCP,SCP,SCP,ML,,,x11 seasonal,x11 seasonal,x11 seasonal,MovingAverage12M,,,96.51416122004358,51.66666666666666,87.25490196078431,17.857142857142865,0.0,0.0,4128.0,1520.0,1600.0,-2608.0,-2528.0,3344.0,3424.0,4605184.0,4670464.0,3,1114.6666666666667,1141.3333333333333,1238.975921208049,1247.7264657501391,0.810077519379845,0.8294573643410853,-0.6317829457364341,-0.6124031007751938,SCP,x11 seasonal,ML,MovingAverage12M,2.336448598130845,4032.0,1899.0,4272.0,-2133.0,240.0,3051.0,688.0,3795705.0,258816.0,3,1017.0,229.33333333333334,1124.8266533115225,293.7209560109731,0.7566964285714286,0.17063492063492064,-0.5290178571428571,0.05952380952380952,ML,MovingAverage12M,SCP,x11 seasonal,77.45001638806947,8160.0,3419.0,5872.0,-4741.0,-2288.0,6395.0,4112.0,8400889.0,4929280.0,6,1065.8333333333333,685.3333333333334,1183.278566807777,906.3921152937434,0.7837009803921569,0.503921568627451,-0.5810049019607844,-0.2803921568627451,ML,MovingAverage12M,SCP,x11 seasonal,35.69976544175137,2026-07-14 13:03:02.206,0,,"
"22220,66,66,10592,1,1225,MASCOTAS,""2734"",""DIA RETAIL ESPAÑA, S.A."",Enrique Malonda Escriva,,SeasonalNaive,smooth_insuficient,smooth_insuficient_insuficient,insuficient,x11 seasonal,x11 seasonal,success,smooth_insuficient,COMPARABLE,1,1,1,14528.0,19712.0,5632.0,33792.0,11264.0,16896.0,13245.0,12587.0,13297.0,11775.0,12006.0,9851.0,11264.0,11264.0,11264.0,13729.0,13479.0,13229.0,-1283.0,-7125.0,7665.0,-22017.0,742.0,-7045.0,-3264.0,-8448.0,5632.0,-20063.0,2215.0,-3667.0,1283.0,7125.0,7665.0,22017.0,742.0,7045.0,3264.0,8448.0,5632.0,20063.0,2215.0,3667.0,1646089.0,50765625,58752225,484748289,550564.0,49632025,10653696,71368704,31719424,402523969,4906225.0,13446889,1,1,1,1,1,1,1283.0,7125.0,7665.0,22017.0,742.0,7045.0,3264.0,8448.0,5632.0,20063.0,2215.0,3667.0,1283.0,7125.0,7665.0,22017.0,742.0,7045.0,3264.0,8448.0,5632.0,20063.0,2215.0,3667.0,0.08831222466960352,0.3614549512987013,1.3609730113636365,0.6515447443181818,0.06587357954545454,0.4169625946969697,0.22466960352422907,0.42857142857142855,1.0,0.5937204071969697,0.19664417613636365,0.21703361742424243,-0.08831222466960352,-0.3614549512987013,1.3609730113636365,-0.6515447443181818,0.06587357954545454,-0.4169625946969697,-0.22466960352422907,-0.42857142857142855,1.0,-0.5937204071969697,0.19664417613636365,-0.21703361742424243,SCP,SCP,ML,ML,SCP,ML,x11 seasonal,x11 seasonal,SeasonalNaive,SeasonalNaive,x11 seasonal,SeasonalNaive,ML,ML,SCP,SCP,ML,SCP,SeasonalNaive,SeasonalNaive,x11 seasonal,x11 seasonal,SeasonalNaive,x11 seasonal,60.69240196078432,15.660511363636356,26.523157208088723,8.874960257982458,66.50112866817157,47.94889992902768,61952.0,33632.0,40437.0,-28320.0,-21515.0,29804.0,25945.0,534930878,420877083,3,9934.666666666666,8648.333333333334,13353.287710023575,11844.507630121228,0.48108212809917356,0.4187919679752066,-0.45712809917355374,-0.34728499483471076,ML,SeasonalNaive,SCP,x11 seasonal,12.947926452825124,39872.0,39129.0,33792.0,-743.0,-6080.0,16073.0,17344.0,111163939,113741824,3,5357.666666666667,5781.333333333333,6087.2527738983645,6157.429766821002,0.40311496789727125,0.434991974317817,-0.01863463081861958,-0.15248796147672553,SCP,x11 seasonal,ML,SeasonalNaive,7.328182656826569,101824.0,72761.0,74229.0,-29063.0,-27595.0,45877.0,43289.0,646094817,534618907,6,7646.166666666667,7214.833333333333,10377.01640646289,9439.44654980718,0.4505519327467002,0.4251355279698303,-0.28542386863607794,-0.2710068353236958,ML,SeasonalNaive,SCP,x11 seasonal,5.641170957124488,2026-07-14 13:03:02.206,0,,"
"22221,66,66,10592,1,1275,PAPEL ALIMENTARIO,""4155"",GRUPO DISTRIBUIDOR GARAU SL,José Luís Sabater _,,,,,,preserve current forecast,preserve current forecast,success,,NOT_COMPARABLE_ML_EXCLUDED,1,1,0,0.0,0.0,0.0,2112.0,1500.0,0.0,2112.0,0.0,0.0,0.0,0.0,0.0,,,,,,,,,,,,,,,,,,,,,,,,,,,,,,,,,,,,,,,,,,,,,,,,,,,,,,,,,,,,,,,,,,,,,,,,,,,,,,,,,,,,,,,,,,,,,,,,,,,,,,,,,,,,,,,,,,,,,,,,,,,,,,,,,,,,,,,,,,,,,,,,,,,,,,,,,,,,,,,,,,,,,,,,,,,,,,,,,,,,,,,,,,,,,,,,,,,,2026-07-14 13:03:02.206,1,MissingHistory,NoForecastRowsMaterialized"
"22222,66,66,10592,1,1327,SACO INDUSTRIAL,""50"",FAERCH BUÑOL S.L.U.,José Mateos-Aparicio Martinez,,ADIDA,intermittent_insuficient,intermittent_insuficient_insuficient,insuficient,seasonal discrete,seasonal discrete,success,intermittent_insuficient,COMPARABLE,1,1,1,3.84,0.0,3.84,1.92,0.0,1.92,1.9000000000000001,0.0,0.0,0.0,0.0,0.0,6.9,0.0,0.0,0.0,0.0,0.0,-1.9399999999999997,0.0,-3.84,-1.92,0.0,-1.92,3.0600000000000005,0.0,-3.84,-1.92,0.0,-1.92,1.9399999999999997,0.0,3.84,1.92,0.0,1.92,3.0600000000000005,0.0,3.84,1.92,0.0,1.92,3.763599999999999,0.0,14.7456,3.6864,0.0,3.6864,9.363600000000003,0.0,14.7456,3.6864,0.0,3.6864,1,0,1,1,0,1,1.9399999999999997,,3.84,1.92,,1.92,3.0600000000000005,,3.84,1.92,,1.92,1.9399999999999997,,3.84,1.92,,1.92,3.0600000000000005,,3.84,1.92,,1.92,0.5052083333333333,,1.0,1.0,,1.0,0.7968750000000001,,1.0,1.0,,1.0,-0.5052083333333333,,-1.0,-1.0,,-1.0,0.7968750000000001,,-1.0,-1.0,,-1.0,SCP,,TIE,TIE,,TIE,seasonal discrete,,,,,,ML,,,,,,ADIDA,,,,,,36.6013071895425,,0.0,0.0,,0.0,3.84,0.0,0.0,-3.84,-3.84,3.84,3.84,7.3728,7.3728,2,1.92,1.92,1.92,1.92,1.0,1.0,-1.0,-1.0,TIE,,,,0.0,7.68,1.9000000000000001,6.9,-5.779999999999999,-0.7799999999999994,5.779999999999999,6.9,18.5092,24.1092,2,2.8899999999999997,3.45,3.042137406495637,3.471973502203034,0.7526041666666666,0.8984375000000001,-0.7526041666666666,-0.10156249999999992,SCP,seasonal discrete,ML,ADIDA,16.23188405797103,11.52,1.9000000000000001,6.9,-9.62,-4.619999999999999,9.62,10.74,25.881999999999998,31.482,4,2.405,2.685,2.543717751638338,2.805441141781449,0.8350694444444444,0.9322916666666667,-0.8350694444444444,-0.40104166666666663,SCP,seasonal discrete,ML,ADIDA,10.42830540037245,2026-07-14 13:03:02.206,0,,NoForecastRowsMaterialized"
"22223,66,66,10592,1,1342,SACO INDUSTRIAL,""52"",PAYAN HERMANOS,José Mateos-Aparicio Martinez,,,,,,preserve current forecast,preserve current forecast,success,,NOT_COMPARABLE_MISSING_SCP_AND_ML,1,0,0,0.0,0.0,0.0,0.0,0.075,0.0,,,,,,,,,,,,,,,,,,,,,,,,,,,,,,,,,,,,,,,,,,,,,,,,,,,,,,,,,,,,,,,,,,,,,,,,,,,,,,,,,,,,,,,,,,,,,,,,,,,,,,,,,,,,,,,,,,,,,,,,,,,,,,,,,,,,,,,,,,,,,,,,,,,,,,,,,,,,,,,,,,,,,,,,,,,,,,,,,,,,,,,,,,,,,,,,,,,,,,,,,,2026-07-14 13:03:02.206,1,MissingHistory,NoForecastRowsMaterialized"
"22224,66,66,10592,1,1344,SACO INDUSTRIAL,""52"",UVESA,José Mateos-Aparicio Martinez,,,,,,preserve current forecast,preserve current forecast,success,,NOT_COMPARABLE_ML_EXCLUDED,1,1,0,0.0,0.0,0.0,0.0,0.0,0.0,0.0,0.0,0.0,9.0,0.0,0.0,,,,,,,,,,,,,,,,,,,,,,,,,,,,,,,,,,,,,,,,,,,,,,,,,,,,,,,,,,,,,,,,,,,,,,,,,,,,,,,,,,,,,,,,,,,,,,,,,,,,,,,,,,,,,,,,,,,,,,,,,,,,,,,,,,,,,,,,,,,,,,,,,,,,,,,,,,,,,,,,,,,,,,,,,,,,,,,,,,,,,,,,,,,,,,,,,,,,2026-07-14 13:03:02.206,1,MissingHistory,NoForecastRowsMaterialized"
"22225,66,66,10592,1,1443,SACO INDUSTRIAL,""3692"",UVESA,José Mateos-Aparicio Martinez,,TSB,intermittent_insuficient,intermittent_insuficient_insuficient,insuficient,seasonal discrete,seasonal discrete,success,intermittent_insuficient,COMPARABLE,1,1,1,80.875,21.0,0.0,0.0,0.0,11.25,15.6,0.0,0.0,2.5,0.0,0.0,14.4,14.3,14.4,33.0,0.0,0.0,-65.275,-21.0,0.0,2.5,0.0,-11.25,-66.475,-6.699999999999999,14.4,33.0,0.0,-11.25,65.275,21.0,0.0,2.5,0.0,11.25,66.475,6.699999999999999,14.4,33.0,0.0,11.25,4260.825625,441.0,0.0,6.25,0.0,126.5625,4418.925624999999,44.88999999999999,207.36,1089.0,0.0,126.5625,1,1,0,0,0,1,65.275,21.0,,,,11.25,66.475,6.699999999999999,,,,11.25,65.275,21.0,,,,11.25,66.475,6.699999999999999,,,,11.25,0.8071097372488408,1.0,,,,1.0,0.8219474497681607,0.319047619047619,,,,1.0,-0.8071097372488408,-1.0,,,,-1.0,-0.8219474497681607,-0.319047619047619,,,,-1.0,SCP,ML,,,,TIE,seasonal discrete,TSB,,,,,ML,SCP,,,,,TSB,seasonal discrete,,,,,1.8051899210229323,68.0952380952381,,,,0.0,11.25,2.5,33.0,-8.75,21.75,13.75,44.25,132.8125,1215.5625,1,13.75,44.25,11.52443057161611,34.86491789750838,1.2222222222222223,3.933333333333333,-0.7777777777777778,1.9333333333333333,SCP,seasonal discrete,ML,TSB,68.92655367231639,101.875,15.6,43.1,-86.275,-58.77499999999999,86.275,87.57499999999999,4701.825625,4671.175624999999,2,43.1375,43.787499999999994,48.48621260214083,48.32791959623339,0.8468711656441719,0.8596319018404907,-0.8468711656441719,-0.5769325153374232,SCP,seasonal discrete,ML,TSB,1.4844419069368848,113.125,18.1,76.1,-95.025,-37.025,100.025,131.825,4834.638125,5886.738124999999,3,33.34166666666667,43.94166666666666,40.14406608288038,44.29724643436278,0.8841988950276244,1.1653038674033147,-0.8400000000000001,-0.327292817679558,SCP,seasonal discrete,ML,TSB,24.122890195334705,2026-07-14 13:03:02.206,0,,"
"22226,66,66,10592,1,1510,SACO INDUSTRIAL,""3713"",""HIJOS DE JUAN PUJANTE, S.A."",José Mateos-Aparicio Martinez,,,,,,preserve current forecast,preserve current forecast,success,,NOT_COMPARABLE_ML_EXCLUDED,1,1,0,0.0,0.0,0.0,36.0,0.0,18.0,15.8,0.0,0.0,10.0,0.0,0.0,,,,,,,,,,,,,,,,,,,,,,,,,,,,,,,,,,,,,,,,,,,,,,,,,,,,,,,,,,,,,,,,,,,,,,,,,,,,,,,,,,,,,,,,,,,,,,,,,,,,,,,,,,,,,,,,,,,,,,,,,,,,,,,,,,,,,,,,,,,,,,,,,,,,,,,,,,,,,,,,,,,,,,,,,,,,,,,,,,,,,,,,,,,,,,,,,,,,2026-07-14 13:03:02.206,1,MissingHistory,"
"22227,66,66,10592,1,1576,UNYKOS,""2567"",LIDER ALIMENT,Enrique Malonda Escriva,,SeasonalNaive,smooth_insuficient,smooth_insuficient_insuficient,insuficient,x11 seasonal,x11 seasonal,success,smooth_insuficient,COMPARABLE,1,1,1,576.0,0.0,0.0,288.0,288.0,0.0,305.0,0.0,0.0,437.0,0.0,0.0,288.0,576.0,214.0,288.0,0.0,0.0,-271.0,0.0,0.0,149.0,-288.0,0.0,-288.0,576.0,214.0,0.0,-288.0,0.0,271.0,0.0,0.0,149.0,288.0,0.0,288.0,576.0,214.0,0.0,288.0,0.0,73441.0,0.0,0.0,22201.0,82944.0,0.0,82944.0,331776.0,45796.0,0.0,82944.0,0.0,1,0,0,1,1,0,271.0,,,149.0,288.0,,288.0,,,0.0,288.0,,271.0,,,149.0,288.0,,288.0,,,0.0,288.0,,0.4704861111111111,,,0.5173611111111112,1.0,,0.5,,,0.0,1.0,,-0.4704861111111111,,,0.5173611111111112,-1.0,,-0.5,,,0.0,-1.0,,SCP,,,ML,TIE,,x11 seasonal,,,SeasonalNaive,,,ML,,,SCP,,,SeasonalNaive,,,x11 seasonal,,,5.902777777777779,,,100.0,0.0,,576.0,437.0,288.0,-139.0,-288.0,437.0,288.0,105145.0,82944.0,2,218.5,144.0,229.2869381364756,203.64675298172568,0.7586805555555556,0.5,-0.24131944444444445,-0.5,ML,SeasonalNaive,SCP,x11 seasonal,34.09610983981693,576.0,305.0,1078.0,-271.0,502.0,271.0,1078.0,73441.0,460516.0,1,271.0,1078.0,271.0,678.6132919417362,0.4704861111111111,1.8715277777777777,-0.4704861111111111,0.8715277777777778,SCP,x11 seasonal,ML,SeasonalNaive,74.860853432282,1152.0,742.0,1366.0,-410.0,214.0,708.0,1366.0,178586.0,543460.0,3,236.0,455.3333333333333,243.98497221482037,425.6211147644503,0.6145833333333334,1.1857638888888888,-0.3559027777777778,0.1857638888888889,SCP,x11 seasonal,ML,SeasonalNaive,48.16983894582722,2026-07-14 13:03:02.206,0,,"
"22228,66,66,10592,1,31,BOLSA BASURA PROFESIONALES,""199"",FLORETTE MURCIA S.L.U.,José Mateos-Aparicio Martinez,,,,,,preserve current forecast,preserve current forecast,success,,NOT_COMPARABLE_MISSING_SCP_AND_ML,1,0,0,0.0,0.0,0.0,0.0,0.0,0.0,,,,,,,,,,,,,,,,,,,,,,,,,,,,,,,,,,,,,,,,,,,,,,,,,,,,,,,,,,,,,,,,,,,,,,,,,,,,,,,,,,,,,,,,,,,,,,,,,,,,,,,,,,,,,,,,,,,,,,,,,,,,,,,,,,,,,,,,,,,,,,,,,,,,,,,,,,,,,,,,,,,,,,,,,,,,,,,,,,,,,,,,,,,,,,,,,,,,,,,,,,2026-07-14 13:03:02.206,1,MissingHistory,NoForecastRowsMaterialized"
"22229,66,66,10592,1,48,BOLSA BASURA PROFESIONALES,""4561"",""HIJOS DE JUAN PUJANTE, S.A."",José Mateos-Aparicio Martinez,,,,,,average,average,success,,NOT_COMPARABLE_MISSING_SCP_AND_ML,1,0,0,0.0,1728.0,864.0,2592.0,0.0,0.0,,,,,,,,,,,,,,,,,,,,,,,,,,,,,,,,,,,,,,,,,,,,,,,,,,,,,,,,,,,,,,,,,,,,,,,,,,,,,,,,,,,,,,,,,,,,,,,,,,,,,,,,,,,,,,,,,,,,,,,,,,,,,,,,,,,,,,,,,,,,,,,,,,,,,,,,,,,,,,,,,,,,,,,,,,,,,,,,,,,,,,,,,,,,,,,,,,,,,,,,,,2026-07-14 13:03:02.206,1,ShortSeries,NoForecastRowsMaterialized"
"22230,66,66,10592,1,81,CONSUMIBLES DOMESTICOS,""283"",HNOS MARTIN,Enrique Malonda Escriva,,MovingAverage3M,intermittent_insuficient,intermittent_insuficient_insuficient,insuficient,syntetos-boylan,syntetos-boylan,success,intermittent_insuficient,COMPARABLE,1,1,1,0.0,0.0,798.0,0.0,0.0,714.0,0.0,0.0,0.0,399.0,0.0,0.0,238.0,238.0,238.0,315.0,0.0,0.0,0.0,0.0,-798.0,399.0,0.0,-714.0,238.0,238.0,-560.0,315.0,0.0,-714.0,0.0,0.0,798.0,399.0,0.0,714.0,238.0,238.0,560.0,315.0,0.0,714.0,0.0,0.0,636804.0,159201.0,0.0,509796.0,56644.0,56644.0,313600.0,99225.0,0.0,509796.0,0,0,1,0,0,1,,,798.0,,,714.0,,,560.0,,,714.0,,,798.0,,,714.0,,,560.0,,,714.0,,,1.0,,,1.0,,,0.7017543859649122,,,1.0,,,-1.0,,,-1.0,,,-0.7017543859649122,,,-1.0,,,ML,,,TIE,,,MovingAverage3M,,,,,,SCP,,,,,,syntetos-boylan,,,,,,29.824561403508774,,,0.0,714.0,399.0,315.0,-315.0,-399.0,1113.0,1029.0,668997.0,609021.0,1,1113.0,1029.0,817.9223679543187,780.397975394606,1.5588235294117647,1.4411764705882353,-0.4411764705882353,-0.5588235294117647,ML,MovingAverage3M,SCP,syntetos-boylan,7.547169811320756,798.0,0.0,714.0,-798.0,-84.0,798.0,1036.0,636804.0,426888.0,1,798.0,1036.0,798.0,653.36666581637,1.0,1.2982456140350878,-1.0,-0.10526315789473684,SCP,syntetos-boylan,ML,MovingAverage3M,22.972972972972975,1512.0,399.0,1029.0,-1113.0,-483.0,1911.0,2065.0,1305801.0,1035909.0,2,955.5,1032.5,808.0225863179816,719.6905585041393,1.2638888888888888,1.3657407407407407,-0.7361111111111112,-0.3194444444444444,SCP,syntetos-boylan,ML,MovingAverage3M,7.457627118644068,2026-07-14 13:03:02.206,0,,NoForecastRowsMaterialized"
"22231,66,66,10592,1,114,CONSUMIBLES DOMESTICOS,""286"",CASALMA S.L,Enrique Malonda Escriva,,HistoricAverage,intermittent_insuficient,intermittent_insuficient_insuficient,insuficient,syntetos-boylan,syntetos-boylan,success,intermittent_insuficient,COMPARABLE,1,1,1,0.0,0.0,240.0,240.0,0.0,0.0,240.0,0.0,0.0,0.0,0.0,0.0,0.0,0.0,107.0,152.0,0.0,0.0,240.0,0.0,-240.0,-240.0,0.0,0.0,0.0,0.0,-133.0,-88.0,0.0,0.0,240.0,0.0,240.0,240.0,0.0,0.0,0.0,0.0,133.0,88.0,0.0,0.0,57600.0,0.0,57600.0,57600.0,0.0,0.0,0.0,0.0,17689.0,7744.0,0.0,0.0,0,0,1,1,0,0,,,240.0,240.0,,,,,133.0,88.0,,,,,240.0,240.0,,,,,133.0,88.0,,,,,1.0,1.0,,,,,0.5541666666666667,0.36666666666666664,,,,,-1.0,-1.0,,,,,-0.5541666666666667,-0.36666666666666664,,,,,ML,ML,,,,,HistoricAverage,HistoricAverage,,,,,SCP,SCP,,,,,syntetos-boylan,syntetos-boylan,,,,,44.58333333333333,63.33333333333333,,,240.0,0.0,152.0,-240.0,-88.0,240.0,88.0,57600.0,7744.0,1,240.0,88.0,240.0,88.0,1.0,0.36666666666666664,-1.0,-0.36666666666666664,ML,HistoricAverage,SCP,syntetos-boylan,63.33333333333333,240.0,240.0,107.0,0.0,-133.0,480.0,133.0,115200.0,17689.0,1,480.0,133.0,339.4112549695428,133.0,2.0,0.5541666666666667,0.0,-0.5541666666666667,ML,HistoricAverage,SCP,syntetos-boylan,72.29166666666667,480.0,240.0,259.0,-240.0,-221.0,720.0,221.0,172800.0,25433.0,2,360.0,110.5,293.9387691339814,112.76745984547138,1.5,0.46041666666666664,-0.5,-0.46041666666666664,ML,HistoricAverage,SCP,syntetos-boylan,69.30555555555556,2026-07-14 13:03:02.206,0,,NoForecastRowsMaterialized"
"22232,66,66,10592,1,116,CONSUMIBLES DOMESTICOS,""286"",""CENTROS COMERCIALES CARREFOUR, S.A."",Enrique Malonda Escriva,,MovingAverage3M,smooth_insuficient,smooth_insuficient_insuficient,insuficient,x11 seasonal,x11 seasonal,success,smooth_insuficient,COMPARABLE,1,1,1,820.0,680.0,1060.0,1040.0,820.0,720.0,769.0,0.0,0.0,800.0,0.0,0.0,1014.0,1013.0,1014.0,640.0,0.0,0.0,-51.0,-680.0,-1060.0,-240.0,-820.0,-720.0,194.0,333.0,-46.0,-400.0,-820.0,-720.0,51.0,680.0,1060.0,240.0,820.0,720.0,194.0,333.0,46.0,400.0,820.0,720.0,2601.0,462400.0,1123600.0,57600.0,672400.0,518400.0,37636.0,110889.0,2116.0,160000.0,672400.0,518400.0,1,1,1,1,1,1,51.0,680.0,1060.0,240.0,820.0,720.0,194.0,333.0,46.0,400.0,820.0,720.0,51.0,680.0,1060.0,240.0,820.0,720.0,194.0,333.0,46.0,400.0,820.0,720.0,0.06219512195121951,1.0,1.0,0.23076923076923078,1.0,1.0,0.23658536585365852,0.48970588235294116,0.04339622641509434,0.38461538461538464,1.0,1.0,-0.06219512195121951,-1.0,-1.0,-0.23076923076923078,-1.0,-1.0,0.23658536585365852,0.48970588235294116,-0.04339622641509434,-0.38461538461538464,-1.0,-1.0,SCP,ML,ML,SCP,TIE,TIE,x11 seasonal,MovingAverage3M,MovingAverage3M,x11 seasonal,,,ML,SCP,SCP,ML,,,MovingAverage3M,x11 seasonal,x11 seasonal,MovingAverage3M,,,73.71134020618555,51.02941176470588,95.66037735849056,40.0,0.0,0.0,2580.0,800.0,640.0,-1780.0,-1940.0,1780.0,1940.0,1248400.0,1350800.0,3,593.3333333333334,646.6666666666666,645.0839738618014,671.0191254104958,0.689922480620155,0.751937984496124,-0.689922480620155,-0.751937984496124,SCP,x11 seasonal,ML,MovingAverage3M,8.24742268041237,2560.0,769.0,3041.0,-1791.0,481.0,1791.0,573.0,1588601.0,150641.0,3,597.0,191.0,727.690639397448,224.08406160784097,0.699609375,0.223828125,-0.699609375,0.187890625,ML,MovingAverage3M,SCP,x11 seasonal,68.00670016750419,5140.0,1569.0,3681.0,-3571.0,-1459.0,3571.0,2513.0,2837001.0,1501441.0,6,595.1666666666666,418.8333333333333,687.6288970076811,500.2401090143279,0.6947470817120622,0.48891050583657586,-0.6947470817120622,-0.283852140077821,ML,MovingAverage3M,SCP,x11 seasonal,29.627555306636793,2026-07-14 13:03:02.206,0,,"
"22233,66,66,10592,1,131,CONSUMIBLES DOMESTICOS,""287"",BUBBLES BIDCO SPAIN SL (ACQUA & SAPONE)A,Enrique Malonda Escriva,,,,,,preserve current forecast,preserve current forecast,success,,NOT_COMPARABLE_MISSING_SCP_AND_ML,1,0,0,0.0,0.0,0.0,0.0,0.0,0.0,,,,,,,,,,,,,,,,,,,,,,,,,,,,,,,,,,,,,,,,,,,,,,,,,,,,,,,,,,,,,,,,,,,,,,,,,,,,,,,,,,,,,,,,,,,,,,,,,,,,,,,,,,,,,,,,,,,,,,,,,,,,,,,,,,,,,,,,,,,,,,,,,,,,,,,,,,,,,,,,,,,,,,,,,,,,,,,,,,,,,,,,,,,,,,,,,,,,,,,,,,2026-07-14 13:03:02.206,1,MissingHistory,NoForecastRowsMaterialized"
"22234,66,66,10592,1,149,CONSUMIBLES DOMESTICOS,""289"",BUBBLES BIDCO SPAIN SL (ACQUA & SAPONE)A,Enrique Malonda Escriva,,,,,,preserve current forecast,preserve current forecast,success,,NOT_COMPARABLE_MISSING_SCP_AND_ML,1,0,0,0.0,0.0,0.0,0.0,0.0,0.0,,,,,,,,,,,,,,,,,,,,,,,,,,,,,,,,,,,,,,,,,,,,,,,,,,,,,,,,,,,,,,,,,,,,,,,,,,,,,,,,,,,,,,,,,,,,,,,,,,,,,,,,,,,,,,,,,,,,,,,,,,,,,,,,,,,,,,,,,,,,,,,,,,,,,,,,,,,,,,,,,,,,,,,,,,,,,,,,,,,,,,,,,,,,,,,,,,,,,,,,,,2026-07-14 13:03:02.206,1,MissingHistory,NoForecastRowsMaterialized"
"22235,66,66,10592,1,180,CONSUMIBLES DOMESTICOS,""293"",""MARKANT ESPAÑA, S.A"",Enrique Malonda Escriva,,HistoricAverage,smooth_insuficient,smooth_insuficient_insuficient,insuficient,seasonal discrete,seasonal discrete,success,smooth_insuficient,COMPARABLE,1,1,1,4980.0,0.0,6520.0,0.0,12000.0,0.0,2694.0,0.0,0.0,6832.0,0.0,0.0,4148.0,4147.0,4146.0,5163.0,0.0,0.0,-2286.0,0.0,-6520.0,6832.0,-12000.0,0.0,-832.0,4147.0,-2374.0,5163.0,-12000.0,0.0,2286.0,0.0,6520.0,6832.0,12000.0,0.0,832.0,4147.0,2374.0,5163.0,12000.0,0.0,5225796.0,0.0,42510400,46676224,144000000,0.0,692224.0,17197609,5635876.0,26656569,144000000,0.0,1,0,1,0,1,0,2286.0,,6520.0,,12000.0,,832.0,,2374.0,,12000.0,,2286.0,,6520.0,,12000.0,,832.0,,2374.0,,12000.0,,0.45903614457831327,,1.0,,1.0,,0.1670682730923695,,0.36411042944785277,,1.0,,-0.45903614457831327,,-1.0,,-1.0,,-0.1670682730923695,,-0.36411042944785277,,-1.0,,ML,,ML,,TIE,,HistoricAverage,,HistoricAverage,,,,SCP,,SCP,,,,seasonal discrete,,seasonal discrete,,,,63.604549431321075,,63.58895705521472,,0.0,,12000.0,6832.0,5163.0,-5168.0,-6837.0,18832.0,17163.0,190676224,170656569,1,18832.0,17163.0,13808.556188103084,13063.558818331243,1.5693333333333332,1.43025,-0.43066666666666664,-0.56975,ML,HistoricAverage,SCP,seasonal discrete,8.862574341546297,11500.0,2694.0,12441.0,-8806.0,941.0,8806.0,7353.0,47736196,23525709,2,4403.0,3676.5,4885.498746289881,3429.7018091956625,0.7657391304347826,0.6393913043478261,-0.7657391304347826,0.08182608695652174,ML,HistoricAverage,SCP,seasonal discrete,16.500113558937084,23500.0,9526.0,17604.0,-13974.0,-5896.0,27638.0,24516.0,238412420,194182278,3,9212.666666666666,8172.0,8914.640018905231,8045.335667329238,1.1760851063829787,1.0432340425531914,-0.5946382978723405,-0.2508936170212766,ML,HistoricAverage,SCP,seasonal discrete,11.296041681742533,2026-07-14 13:03:02.206,0,,"
"22236,66,66,10592,1,248,CONSUMIBLES DOMESTICOS,""2674"",FRAGADIS,Enrique Malonda Escriva,,HistoricAverage,smooth_recentRelease,smooth_recentRelease_recentRelease,recentRelease,x11 lineal,x11 lineal,success,smooth_recentRelease,COMPARABLE,1,1,1,3270.0,2700.0,3075.0,2700.0,2700.0,2700.0,2942.0,0.0,0.0,3175.0,0.0,0.0,2880.0,2881.0,2881.0,2958.0,0.0,0.0,-328.0,-2700.0,-3075.0,475.0,-2700.0,-2700.0,-390.0,181.0,-194.0,258.0,-2700.0,-2700.0,328.0,2700.0,3075.0,475.0,2700.0,2700.0,390.0,181.0,194.0,258.0,2700.0,2700.0,107584.0,7290000.0,9455625.0,225625.0,7290000.0,7290000.0,152100.0,32761.0,37636.0,66564.0,7290000.0,7290000.0,1,1,1,1,1,1,328.0,2700.0,3075.0,475.0,2700.0,2700.0,390.0,181.0,194.0,258.0,2700.0,2700.0,328.0,2700.0,3075.0,475.0,2700.0,2700.0,390.0,181.0,194.0,258.0,2700.0,2700.0,0.10030581039755351,1.0,1.0,0.17592592592592593,1.0,1.0,0.11926605504587157,0.06703703703703703,0.06308943089430895,0.09555555555555556,1.0,1.0,-0.10030581039755351,-1.0,-1.0,0.17592592592592593,-1.0,-1.0,-0.11926605504587157,0.06703703703703703,-0.06308943089430895,0.09555555555555556,-1.0,-1.0,SCP,ML,ML,ML,TIE,TIE,x11 lineal,HistoricAverage,HistoricAverage,HistoricAverage,,,ML,SCP,SCP,SCP,,,HistoricAverage,x11 lineal,x11 lineal,x11 lineal,,,15.897435897435905,93.2962962962963,93.6910569105691,45.68421052631579,0.0,0.0,8100.0,3175.0,2958.0,-4925.0,-5142.0,5875.0,5658.0,14805625,14646564,3,1958.3333333333333,1886.0,2221.532879192503,2209.5673784702744,0.7253086419753086,0.6985185185185185,-0.6080246913580247,-0.6348148148148148,ML,HistoricAverage,SCP,x11 lineal,3.6936170212765935,9045.0,2942.0,8642.0,-6103.0,-403.0,6103.0,765.0,16853209,222497.0,3,2034.3333333333333,255.0,2370.176435064135,272.33374132976377,0.6747374239911553,0.0845771144278607,-0.6747374239911553,-0.04455500276395799,ML,HistoricAverage,SCP,x11 lineal,87.46518105849582,17145.0,6117.0,11600.0,-11028.0,-5545.0,11978.0,6423.0,31658834,14869061,6,1996.3333333333333,1070.5,2297.05732042832,1574.2226123815315,0.6986293379994167,0.3746281714785652,-0.6432195975503062,-0.32341790609507143,ML,HistoricAverage,SCP,x11 lineal,46.376690599432294,2026-07-14 13:03:02.206,0,,"
"22237,66,66,10592,1,712,CONSUMIBLES DOMESTICOS,""3413"",LA ARDOSA S.L,Enrique Malonda Escriva,,SeasonalNaive,smooth_insuficient,smooth_insuficient_insuficient,insuficient,seasonal discrete,seasonal discrete,success,smooth_insuficient,COMPARABLE,1,1,1,6600.0,2240.0,2800.0,2800.0,5600.0,5600.0,2800.0,0.0,0.0,2800.0,0.0,0.0,2800.0,5600.0,2800.0,2800.0,0.0,0.0,-3800.0,-2240.0,-2800.0,0.0,-5600.0,-5600.0,-3800.0,3360.0,0.0,0.0,-5600.0,-5600.0,3800.0,2240.0,2800.0,0.0,5600.0,5600.0,3800.0,3360.0,0.0,0.0,5600.0,5600.0,14440000,5017600.0,7840000.0,0.0,31360000,31360000,14440000,11289600,0.0,0.0,31360000,31360000,1,1,1,1,1,1,3800.0,2240.0,2800.0,0.0,5600.0,5600.0,3800.0,3360.0,0.0,0.0,5600.0,5600.0,3800.0,2240.0,2800.0,0.0,5600.0,5600.0,3800.0,3360.0,0.0,0.0,5600.0,5600.0,0.5757575757575758,1.0,1.0,0.0,1.0,1.0,0.5757575757575758,1.5,0.0,0.0,1.0,1.0,-0.5757575757575758,-1.0,-1.0,0.0,-1.0,-1.0,-0.5757575757575758,1.5,0.0,0.0,-1.0,-1.0,TIE,SCP,ML,TIE,TIE,TIE,,seasonal discrete,SeasonalNaive,,,,,ML,SCP,,,,,SeasonalNaive,seasonal discrete,,,,0.0,33.33333333333333,100.0,0.0,0.0,0.0,14000.0,2800.0,2800.0,-11200.0,-11200.0,11200.0,11200.0,62720000,62720000,3,3733.3333333333335,3733.3333333333335,4572.380853195266,4572.380853195266,0.8,0.8,-0.8,-0.8,TIE,,,,0.0,11640.0,2800.0,11200.0,-8840.0,-440.0,8840.0,7160.0,27297600,25729600,3,2946.6666666666665,2386.6666666666665,3016.4880241764595,2928.571893147466,0.7594501718213058,0.6151202749140894,-0.7594501718213058,-0.037800687285223365,ML,SeasonalNaive,SCP,seasonal discrete,19.004524886877817,25640.0,5600.0,14000.0,-20040.0,-11640.0,20040.0,18360.0,90017600,88449600,6,3340.0,3060.0,3873.362019400373,3839.479131340604,0.781591263650546,0.7160686427457098,-0.781591263650546,-0.4539781591263651,ML,SeasonalNaive,SCP,seasonal discrete,8.383233532934131,2026-07-14 13:03:02.206,0,,"
"22238,66,66,10592,1,721,CONSUMIBLES DOMESTICOS,""3414"",BUBBLES BIDCO SPAIN SL (ACQUA & SAPONE)A,Enrique Malonda Escriva,,,,,,average,average,success,,NOT_COMPARABLE_ML_EXCLUDED,1,1,0,0.0,0.0,900.0,855.0,330.0,300.0,588.0,0.0,0.0,0.0,0.0,0.0,,,,,,,,,,,,,,,,,,,,,,,,,,,,,,,,,,,,,,,,,,,,,,,,,,,,,,,,,,,,,,,,,,,,,,,,,,,,,,,,,,,,,,,,,,,,,,,,,,,,,,,,,,,,,,,,,,,,,,,,,,,,,,,,,,,,,,,,,,,,,,,,,,,,,,,,,,,,,,,,,,,,,,,,,,,,,,,,,,,,,,,,,,,,,,,,,,,,2026-07-14 13:03:02.206,1,ShortSeries,NoForecastRowsMaterialized"
"22239,66,66,10592,1,796,CONSUMIBLES DOMESTICOS,""3450"",""TRANSGOURMET IBERICA S.A. -GM FOOD IBERICA, S.A.U."",Enrique Malonda Escriva,,,,,,preserve current forecast,preserve current forecast,success,,NOT_COMPARABLE_ML_EXCLUDED,1,1,0,0.0,297.0,0.0,0.0,0.0,297.0,50.0,49.0,50.0,0.0,0.0,0.0,,,,,,,,,,,,,,,,,,,,,,,,,,,,,,,,,,,,,,,,,,,,,,,,,,,,,,,,,,,,,,,,,,,,,,,,,,,,,,,,,,,,,,,,,,,,,,,,,,,,,,,,,,,,,,,,,,,,,,,,,,,,,,,,,,,,,,,,,,,,,,,,,,,,,,,,,,,,,,,,,,,,,,,,,,,,,,,,,,,,,,,,,,,,,,,,,,,,2026-07-14 13:03:02.206,1,ShortSeries,NoForecastRowsMaterialized"
"22240,66,66,10592,1,980,CONSUMIBLES DOMESTICOS,""3643"",LA ARDOSA S.L,Enrique Malonda Escriva,,,,,,preserve current forecast,preserve current forecast,success,,NOT_COMPARABLE_ML_EXCLUDED,1,1,0,0.0,0.0,0.0,0.0,1600.0,0.0,0.0,0.0,0.0,238.0,0.0,0.0,,,,,,,,,,,,,,,,,,,,,,,,,,,,,,,,,,,,,,,,,,,,,,,,,,,,,,,,,,,,,,,,,,,,,,,,,,,,,,,,,,,,,,,,,,,,,,,,,,,,,,,,,,,,,,,,,,,,,,,,,,,,,,,,,,,,,,,,,,,,,,,,,,,,,,,,,,,,,,,,,,,,,,,,,,,,,,,,,,,,,,,,,,,,,,,,,,,,2026-07-14 13:03:02.206,1,MissingHistory,NoForecastRowsMaterialized"
"22241,66,66,10592,1,1005,CONSUMIBLES DOMESTICOS,""3646"",LIDER ALIMENT,Enrique Malonda Escriva,,SeasonalNaive,smooth_insuficient,smooth_insuficient_insuficient,insuficient,seasonal discrete,seasonal discrete,success,smooth_insuficient,COMPARABLE,1,1,1,0.0,400.0,600.0,200.0,0.0,0.0,201.0,0.0,0.0,617.0,0.0,0.0,200.0,200.0,400.0,400.0,0.0,0.0,201.0,-400.0,-600.0,417.0,0.0,0.0,200.0,-200.0,-200.0,200.0,0.0,0.0,201.0,400.0,600.0,417.0,0.0,0.0,200.0,200.0,200.0,200.0,0.0,0.0,40401.0,160000.0,360000.0,173889.0,0.0,0.0,40000.0,40000.0,40000.0,40000.0,0.0,0.0,0,1,1,1,0,0,,400.0,600.0,417.0,,,,200.0,200.0,200.0,,,,400.0,600.0,417.0,,,,200.0,200.0,200.0,,,,1.0,1.0,2.085,,,,0.5,0.3333333333333333,1.0,,,,-1.0,-1.0,2.085,,,,-0.5,-0.3333333333333333,1.0,,,,ML,ML,ML,,,,SeasonalNaive,SeasonalNaive,SeasonalNaive,,,,SCP,SCP,SCP,,,,seasonal discrete,seasonal discrete,seasonal discrete,,,,50.0,66.66666666666667,52.038369304556355,,,200.0,617.0,400.0,417.0,200.0,417.0,200.0,173889.0,40000.0,1,417.0,200.0,417.0,200.0,2.085,1.0,2.085,1.0,ML,SeasonalNaive,SCP,seasonal discrete,52.038369304556355,1000.0,201.0,800.0,-799.0,-200.0,1201.0,600.0,560401.0,120000.0,2,600.5,300.0,529.3396830013786,244.94897427831782,1.201,0.6,-0.799,-0.2,ML,SeasonalNaive,SCP,seasonal discrete,50.041631973355535,1200.0,818.0,1200.0,-382.0,0.0,1618.0,800.0,734290.0,160000.0,3,539.3333333333334,266.6666666666667,494.73561963268156,230.9401076758503,1.3483333333333334,0.6666666666666666,-0.31833333333333336,0.0,ML,SeasonalNaive,SCP,seasonal discrete,50.55624227441285,2026-07-14 13:03:02.206,0,,"
"22242,66,66,10592,1,1062,CONSUMIBLES DOMESTICOS,""3777"",""FAMILY CASH, S.L."",José Navalón _,,SeasonalNaive,smooth_insuficient,smooth_insuficient_insuficient,insuficient,x11 seasonal,x11 seasonal,success,smooth_insuficient,COMPARABLE,1,1,1,3072.0,9216.0,13440.0,19968.0,10752.0,13824.0,9944.0,0.0,0.0,5980.0,0.0,0.0,8960.0,6720.0,13440.0,6504.0,0.0,0.0,6872.0,-9216.0,-13440.0,-13988.0,-10752.0,-13824.0,5888.0,-2496.0,0.0,-13464.0,-10752.0,-13824.0,6872.0,9216.0,13440.0,13988.0,10752.0,13824.0,5888.0,2496.0,0.0,13464.0,10752.0,13824.0,47224384,84934656,180633600,195664144,115605504,191102976,34668544,6230016.0,0.0,181279296,115605504,191102976,1,1,1,1,1,1,6872.0,9216.0,13440.0,13988.0,10752.0,13824.0,5888.0,2496.0,0.0,13464.0,10752.0,13824.0,6872.0,9216.0,13440.0,13988.0,10752.0,13824.0,5888.0,2496.0,0.0,13464.0,10752.0,13824.0,2.2369791666666665,1.0,1.0,0.7005208333333334,1.0,1.0,1.9166666666666667,0.2708333333333333,0.0,0.6742788461538461,1.0,1.0,2.2369791666666665,-1.0,-1.0,-0.7005208333333334,-1.0,-1.0,1.9166666666666667,-0.2708333333333333,0.0,-0.6742788461538461,-1.0,-1.0,ML,ML,ML,ML,TIE,TIE,SeasonalNaive,SeasonalNaive,SeasonalNaive,SeasonalNaive,,,SCP,SCP,SCP,SCP,,,x11 seasonal,x11 seasonal,x11 seasonal,x11 seasonal,,,14.31897555296856,72.91666666666667,100.0,3.7460680583357227,0.0,0.0,44544.0,5980.0,6504.0,-38564.0,-38040.0,38564.0,38040.0,502372624,487987776,3,12854.666666666666,12680.0,12940.53868018381,12753.924572460039,0.8657507183908046,0.8539870689655172,-0.8657507183908046,-0.8539870689655172,ML,SeasonalNaive,SCP,x11 seasonal,1.358780209521839,25728.0,9944.0,29120.0,-15784.0,3392.0,29528.0,8384.0,312792640,40898560,3,9842.666666666666,2794.6666666666665,10210.984934536596,3692.269401510856,1.1476990049751243,0.32587064676616917,-0.6134950248756219,0.1318407960199005,ML,SeasonalNaive,SCP,x11 seasonal,71.60661067461392,70272.0,15924.0,35624.0,-54348.0,-34648.0,68092.0,46424.0,815165264,528886336,6,11348.666666666666,7737.333333333333,11655.937428338115,9388.701862700012,0.9689776867030966,0.6606329690346083,-0.7733948087431693,-0.4930555555555556,ML,SeasonalNaive,SCP,x11 seasonal,31.821653057627923,2026-07-14 13:03:02.206,0,,"
"22243,66,66,10592,1,1073,CONSUMIBLES DOMESTICOS,""4016"",MERCADONA S.A.,Xaro Andrés Sanchis,,,,,,average,average,success,,NOT_COMPARABLE_ML_EXCLUDED,1,1,0,0.0,4032.0,0.0,2016.0,0.0,2016.0,1412.0,1411.0,1411.0,2016.0,2016.0,2016.0,,,,,,,,,,,,,,,,,,,,,,,,,,,,,,,,,,,,,,,,,,,,,,,,,,,,,,,,,,,,,,,,,,,,,,,,,,,,,,,,,,,,,,,,,,,,,,,,,,,,,,,,,,,,,,,,,,,,,,,,,,,,,,,,,,,,,,,,,,,,,,,,,,,,,,,,,,,,,,,,,,,,,,,,,,,,,,,,,,,,,,,,,,,,,,,,,,,,2026-07-14 13:03:02.206,1,ShortSeries,"
"22244,66,66,10592,1,1196,""LÁMINA INDUSTRIAL, SEMITUBO Y TUBO"",""3716"",DOLZ ESPAÑA,José Mateos-Aparicio Martinez,,,,,,preserve current forecast,preserve current forecast,success,,NOT_COMPARABLE_MISSING_SCP_AND_ML,1,0,0,0.0,0.0,0.0,0.0,0.0,0.0,,,,,,,,,,,,,,,,,,,,,,,,,,,,,,,,,,,,,,,,,,,,,,,,,,,,,,,,,,,,,,,,,,,,,,,,,,,,,,,,,,,,,,,,,,,,,,,,,,,,,,,,,,,,,,,,,,,,,,,,,,,,,,,,,,,,,,,,,,,,,,,,,,,,,,,,,,,,,,,,,,,,,,,,,,,,,,,,,,,,,,,,,,,,,,,,,,,,,,,,,,2026-07-14 13:03:02.206,1,MissingHistory,NoForecastRowsMaterialized"
"22245,66,66,10592,1,1198,""LÁMINA INDUSTRIAL, SEMITUBO Y TUBO"",""3716"",""PROCAVI, S.L."",José Mateos-Aparicio Martinez,,MovingAverage3M,intermittent_insuficient,intermittent_insuficient_insuficient,insuficient,syntetos-boylan,syntetos-boylan,success,intermittent_insuficient,COMPARABLE,1,1,1,0.0,0.0,19.2,0.0,0.0,18.375,18.4,0.0,0.0,0.0,0.0,0.0,0.0,6.2,6.1,9.6,0.0,0.0,18.4,0.0,-19.2,0.0,0.0,-18.375,0.0,6.2,-13.1,9.6,0.0,-18.375,18.4,0.0,19.2,0.0,0.0,18.375,0.0,6.2,13.1,9.6,0.0,18.375,338.55999999999995,0.0,368.64,0.0,0.0,337.640625,0.0,38.440000000000005,171.60999999999999,92.16,0.0,337.640625,0,0,1,0,0,1,,,19.2,,,18.375,,,13.1,,,18.375,,,19.2,,,18.375,,,13.1,,,18.375,,,1.0,,,1.0,,,0.6822916666666666,,,1.0,,,-1.0,,,-1.0,,,-0.6822916666666666,,,-1.0,,,ML,,,TIE,,,MovingAverage3M,,,,,,SCP,,,,,,syntetos-boylan,,,,,,31.770833333333336,,,0.0,18.375,0.0,9.6,-18.375,-8.775,18.375,27.975,337.640625,429.80062499999997,1,18.375,27.975,18.375,20.73163343781671,1.0,1.5224489795918368,-1.0,-0.4775510204081633,SCP,syntetos-boylan,ML,MovingAverage3M,34.316353887399465,19.2,18.4,12.3,-0.8000000000000007,-6.8999999999999995,37.599999999999994,19.3,707.1999999999999,210.04999999999998,1,37.599999999999994,19.3,26.593232221751457,14.493101807411689,1.958333333333333,1.0052083333333335,-0.041666666666666706,-0.359375,ML,MovingAverage3M,SCP,syntetos-boylan,48.67021276595743,37.575,18.4,21.9,-19.175,-15.675,55.974999999999994,47.275,1044.8406249999998,639.850625,2,27.987499999999997,23.6375,22.856515755906454,17.886456119086308,1.4896872920825015,1.258150365934797,-0.5103127079174983,-0.4171656686626746,ML,MovingAverage3M,SCP,syntetos-boylan,15.54265297007592,2026-07-14 13:03:02.206,0,,NoForecastRowsMaterialized"
"22246,66,66,10592,1,370,CONSUMIBLES DOMESTICOS,""2750"",UNIALCO S.L.( UVESCO),Enrique Malonda Escriva,,SeasonalNaive,intermittent_insuficient,intermittent_insuficient_insuficient,insuficient,seasonal discrete,seasonal discrete,success,intermittent_insuficient,COMPARABLE,1,1,1,1792.0,448.0,0.0,896.0,448.0,448.0,0.0,0.0,0.0,448.0,480.0,0.0,0.0,0.0,0.0,448.0,480.0,0.0,-1792.0,-448.0,0.0,-448.0,32.0,-448.0,-1792.0,-448.0,0.0,-448.0,32.0,-448.0,1792.0,448.0,0.0,448.0,32.0,448.0,1792.0,448.0,0.0,448.0,32.0,448.0,3211264.0,200704.0,0.0,200704.0,1024.0,200704.0,3211264.0,200704.0,0.0,200704.0,1024.0,200704.0,1,1,0,1,1,1,1792.0,448.0,,448.0,32.0,448.0,1792.0,448.0,,448.0,32.0,448.0,1792.0,448.0,,448.0,32.0,448.0,1792.0,448.0,,448.0,32.0,448.0,1.0,1.0,,0.5,0.07142857142857142,1.0,1.0,1.0,,0.5,0.07142857142857142,1.0,-1.0,-1.0,,-0.5,0.07142857142857142,-1.0,-1.0,-1.0,,-0.5,0.07142857142857142,-1.0,TIE,TIE,,TIE,TIE,TIE,,,,,,,,,,,,,,,,,,,0.0,0.0,,0.0,0.0,0.0,1792.0,928.0,928.0,-864.0,-864.0,928.0,928.0,402432.0,402432.0,3,309.3333333333333,309.3333333333333,366.2567405523071,366.2567405523071,0.5178571428571429,0.5178571428571429,-0.48214285714285715,-0.48214285714285715,TIE,,,,0.0,2240.0,0.0,0.0,-2240.0,-2240.0,2240.0,2240.0,3411968.0,3411968.0,2,1120.0,1120.0,1306.1332244453472,1306.1332244453472,1.0,1.0,-1.0,-1.0,TIE,,,,0.0,4032.0,928.0,928.0,-3104.0,-3104.0,3168.0,3168.0,3814400.0,3814400.0,5,633.6,633.6,873.4300200931956,873.4300200931956,0.7857142857142857,0.7857142857142857,-0.7698412698412699,-0.7698412698412699,TIE,,,,0.0,2026-07-14 13:03:02.206,0,,NoForecastRowsMaterialized"
"22247,66,66,10592,1,447,CONSUMIBLES DOMESTICOS,""2776"",UNIALCO S.L.( UVESCO),Enrique Malonda Escriva,,MovingAverage3M,smooth_recentRelease,smooth_recentRelease_recentRelease,recentRelease,x11 lineal,x11 lineal,success,smooth_recentRelease,COMPARABLE,1,1,1,8400.0,6720.0,1540.0,5040.0,6720.0,1680.0,5125.0,5126.0,5127.0,5525.0,5525.0,5526.0,4480.0,4480.0,4480.0,6720.0,6720.0,6720.0,-3275.0,-1594.0,3587.0,485.0,-1195.0,3846.0,-3920.0,-2240.0,2940.0,1680.0,0.0,5040.0,3275.0,1594.0,3587.0,485.0,1195.0,3846.0,3920.0,2240.0,2940.0,1680.0,0.0,5040.0,10725625,2540836.0,12866569,235225.0,1428025.0,14791716,15366400,5017600.0,8643600.0,2822400.0,0.0,25401600,1,1,1,1,1,1,3275.0,1594.0,3587.0,485.0,1195.0,3846.0,3920.0,2240.0,2940.0,1680.0,0.0,5040.0,3275.0,1594.0,3587.0,485.0,1195.0,3846.0,3920.0,2240.0,2940.0,1680.0,0.0,5040.0,0.3898809523809524,0.23720238095238094,2.3292207792207793,0.09623015873015874,0.17782738095238096,2.289285714285714,0.4666666666666667,0.3333333333333333,1.9090909090909092,0.3333333333333333,0.0,3.0,-0.3898809523809524,-0.23720238095238094,2.3292207792207793,0.09623015873015874,-0.17782738095238096,2.289285714285714,-0.4666666666666667,-0.3333333333333333,1.9090909090909092,0.3333333333333333,0.0,3.0,SCP,SCP,ML,SCP,ML,SCP,x11 lineal,x11 lineal,MovingAverage3M,x11 lineal,MovingAverage3M,x11 lineal,ML,ML,SCP,ML,SCP,ML,MovingAverage3M,MovingAverage3M,x11 lineal,MovingAverage3M,x11 lineal,MovingAverage3M,16.45408163265306,28.83928571428571,18.037357122943966,71.13095238095238,100.0,23.690476190476197,13440.0,16576.0,20160.0,3136.0,6720.0,5526.0,6720.0,16454966,28224000,3,1842.0,2240.0,2342.0052661483637,3067.24632202893,0.41116071428571427,0.5,0.23333333333333334,0.5,SCP,x11 lineal,ML,MovingAverage3M,17.767857142857146,16660.0,15378.0,13440.0,-1282.0,-3220.0,8456.0,9100.0,26133030,29027600,3,2818.6666666666665,3033.3333333333335,2951.44202043679,3110.60551447249,0.507563025210084,0.5462184873949579,-0.07695078031212485,-0.19327731092436976,SCP,x11 lineal,ML,MovingAverage3M,7.076923076923072,30100.0,31954.0,33600.0,1854.0,3500.0,13982.0,15820.0,42587996,57251600,6,2330.3333333333335,2636.6666666666665,2664.2070740340987,3089.001996330422,0.4645182724252492,0.5255813953488372,0.061594684385382056,0.11627906976744186,SCP,x11 lineal,ML,MovingAverage3M,11.618204804045506,2026-07-14 13:03:02.206,0,,"
"22248,66,66,10592,1,470,CONSUMIBLES DOMESTICOS,""2790"",""BON PREU, S.A.U."",Enrique Malonda Escriva,,SeasonalNaive,smooth_insuficient,smooth_insuficient_insuficient,insuficient,x11 seasonal,x11 seasonal,success,smooth_insuficient,COMPARABLE,1,1,1,864.0,864.0,1728.0,1728.0,864.0,1728.0,874.0,0.0,0.0,1152.0,0.0,0.0,864.0,1728.0,1728.0,1477.0,0.0,0.0,10.0,-864.0,-1728.0,-576.0,-864.0,-1728.0,0.0,864.0,0.0,-251.0,-864.0,-1728.0,10.0,864.0,1728.0,576.0,864.0,1728.0,0.0,864.0,0.0,251.0,864.0,1728.0,100.0,746496.0,2985984.0,331776.0,746496.0,2985984.0,0.0,746496.0,0.0,63001.0,746496.0,2985984.0,1,1,1,1,1,1,10.0,864.0,1728.0,576.0,864.0,1728.0,0.0,864.0,0.0,251.0,864.0,1728.0,10.0,864.0,1728.0,576.0,864.0,1728.0,0.0,864.0,0.0,251.0,864.0,1728.0,0.011574074074074073,1.0,1.0,0.3333333333333333,1.0,1.0,0.0,1.0,0.0,0.14525462962962962,1.0,1.0,0.011574074074074073,-1.0,-1.0,-0.3333333333333333,-1.0,-1.0,0.0,1.0,0.0,-0.14525462962962962,-1.0,-1.0,ML,TIE,ML,ML,TIE,TIE,SeasonalNaive,,SeasonalNaive,SeasonalNaive,,,SCP,,SCP,SCP,,,x11 seasonal,,x11 seasonal,x11 seasonal,,,100.0,0.0,100.0,56.423611111111114,0.0,0.0,4320.0,1152.0,1477.0,-3168.0,-2843.0,3168.0,2843.0,4064256.0,3795481.0,3,1056.0,947.6666666666666,1163.9381426862856,1124.7934625224905,0.7333333333333333,0.6581018518518519,-0.7333333333333333,-0.6581018518518519,ML,SeasonalNaive,SCP,x11 seasonal,10.258838383838373,3456.0,874.0,4320.0,-2582.0,864.0,2602.0,864.0,3732580.0,746496.0,3,867.3333333333334,288.0,1115.434145673035,498.8306325798367,0.7528935185185185,0.25,-0.7471064814814815,0.25,ML,SeasonalNaive,SCP,x11 seasonal,66.79477325134512,7776.0,2026.0,5797.0,-5750.0,-1979.0,5770.0,3707.0,7796836.0,4541977.0,6,961.6666666666666,617.8333333333334,1139.9441506787368,870.055266443843,0.7420267489711934,0.4767232510288066,-0.739454732510288,-0.2545010288065844,ML,SeasonalNaive,SCP,x11 seasonal,35.753899480069315,2026-07-14 13:03:02.206,0,,"
"22249,66,66,10592,1,497,CONSUMIBLES DOMESTICOS,""2811"",CONSUM S COOP V,José Luís Sabater _,,AutoTheta,smooth_insuficient,smooth_insuficient_insuficient,insuficient,x11 lineal,x11 lineal,success,smooth_insuficient,COMPARABLE,1,1,1,20736.0,14256.0,16848.0,18144.0,1296.0,16848.0,19080.0,0.0,0.0,15935.0,0.0,0.0,17314.0,17109.0,16906.0,17058.0,0.0,0.0,-1656.0,-14256.0,-16848.0,-2209.0,-1296.0,-16848.0,-3422.0,2853.0,58.0,-1086.0,-1296.0,-16848.0,1656.0,14256.0,16848.0,2209.0,1296.0,16848.0,3422.0,2853.0,58.0,1086.0,1296.0,16848.0,2742336.0,203233536,283855104,4879681.0,1679616.0,283855104,11710084,8139609.0,3364.0,1179396.0,1679616.0,283855104,1,1,1,1,1,1,1656.0,14256.0,16848.0,2209.0,1296.0,16848.0,3422.0,2853.0,58.0,1086.0,1296.0,16848.0,1656.0,14256.0,16848.0,2209.0,1296.0,16848.0,3422.0,2853.0,58.0,1086.0,1296.0,16848.0,0.0798611111111111,1.0,1.0,0.12174823633156967,1.0,1.0,0.1650270061728395,0.20012626262626262,0.003442545109211776,0.059854497354497355,1.0,1.0,-0.0798611111111111,-1.0,-1.0,-0.12174823633156967,-1.0,-1.0,-0.1650270061728395,0.20012626262626262,0.003442545109211776,-0.059854497354497355,-1.0,-1.0,SCP,ML,ML,ML,TIE,TIE,x11 lineal,AutoTheta,AutoTheta,AutoTheta,,,ML,SCP,SCP,SCP,,,AutoTheta,x11 lineal,x11 lineal,x11 lineal,,,51.60724722384571,79.98737373737373,99.65574548907881,50.83748302399276,0.0,0.0,36288.0,15935.0,17058.0,-20353.0,-19230.0,20353.0,19230.0,290414401,286714116,3,6784.333333333333,6410.0,9838.94304960311,9776.06117002139,0.5608741181657848,0.5299272486772487,-0.5608741181657848,-0.5299272486772487,ML,AutoTheta,SCP,x11 lineal,5.517614110941865,51840.0,19080.0,51329.0,-32760.0,-511.0,32760.0,6333.0,489830976,19853057,3,10920.0,2111.0,12777.988574106646,2572.486281142558,0.6319444444444444,0.12216435185185186,-0.6319444444444444,-0.009857253086419753,ML,AutoTheta,SCP,x11 lineal,80.66849816849818,88128.0,35015.0,68387.0,-53113.0,-19741.0,53113.0,25563.0,780245377,306567173,6,8852.166666666666,4260.5,11403.547525514447,7148.043706730768,0.6026801924473493,0.2900667211328976,-0.6026801924473493,-0.22400372185911402,ML,AutoTheta,SCP,x11 lineal,51.87054016907348,2026-07-14 13:03:02.206,0,,"
"22250,66,66,10592,1,536,CONSUMIBLES DOMESTICOS,""2827"",""SUPER JAROCAL, S.L."",Enrique Malonda Escriva,,,,,,preserve current forecast,preserve current forecast,success,,NOT_COMPARABLE_MISSING_SCP_AND_ML,1,0,0,0.0,0.0,0.0,0.0,0.0,0.0,,,,,,,,,,,,,,,,,,,,,,,,,,,,,,,,,,,,,,,,,,,,,,,,,,,,,,,,,,,,,,,,,,,,,,,,,,,,,,,,,,,,,,,,,,,,,,,,,,,,,,,,,,,,,,,,,,,,,,,,,,,,,,,,,,,,,,,,,,,,,,,,,,,,,,,,,,,,,,,,,,,,,,,,,,,,,,,,,,,,,,,,,,,,,,,,,,,,,,,,,,2026-07-14 13:03:02.206,1,MissingHistory,NoForecastRowsMaterialized"
"22251,66,66,10592,1,702,CONSUMIBLES DOMESTICOS,""3411"",COVIRAN,José Luís Sabater _,,MovingAverage12M,smooth_insuficient,smooth_insuficient_insuficient,insuficient,x11 seasonal,x11 seasonal,success,smooth_insuficient,COMPARABLE,1,1,1,20174.0,16500.0,23100.0,42756.0,15400.0,18700.0,18030.0,0.0,0.0,28850.0,0.0,0.0,21676.0,21675.0,21676.0,35600.0,0.0,0.0,-2144.0,-16500.0,-23100.0,-13906.0,-15400.0,-18700.0,1502.0,5175.0,-1424.0,-7156.0,-15400.0,-18700.0,2144.0,16500.0,23100.0,13906.0,15400.0,18700.0,1502.0,5175.0,1424.0,7156.0,15400.0,18700.0,4596736.0,272250000,533610000,193376836,237160000,349690000,2256004.0,26780625,2027776.0,51208336,237160000,349690000,1,1,1,1,1,1,2144.0,16500.0,23100.0,13906.0,15400.0,18700.0,1502.0,5175.0,1424.0,7156.0,15400.0,18700.0,2144.0,16500.0,23100.0,13906.0,15400.0,18700.0,1502.0,5175.0,1424.0,7156.0,15400.0,18700.0,0.10627540398532764,1.0,1.0,0.325240901861727,1.0,1.0,0.07445226529195995,0.31363636363636366,0.06164502164502165,0.1673683225746094,1.0,1.0,-0.10627540398532764,-1.0,-1.0,-0.325240901861727,-1.0,-1.0,0.07445226529195995,0.31363636363636366,-0.06164502164502165,-0.1673683225746094,-1.0,-1.0,ML,ML,ML,ML,TIE,TIE,MovingAverage12M,MovingAverage12M,MovingAverage12M,MovingAverage12M,,,SCP,SCP,SCP,SCP,,,x11 seasonal,x11 seasonal,x11 seasonal,x11 seasonal,,,29.94402985074627,68.63636363636363,93.83549783549783,48.54019847547821,0.0,0.0,76856.0,28850.0,35600.0,-48006.0,-41256.0,48006.0,41256.0,780226836,638058336,3,16002.0,13752.0,16126.859954746305,14583.761928940008,0.6246226709690851,0.5367960861871552,-0.6246226709690851,-0.5367960861871552,ML,MovingAverage12M,SCP,x11 seasonal,14.060742407199097,59774.0,18030.0,65027.0,-41744.0,5253.0,41744.0,8101.0,810456736,31064405,3,13914.666666666666,2700.3333333333335,16436.30875024357,3217.887764771585,0.698363837119818,0.13552715227356377,-0.698363837119818,0.08788101850302807,ML,MovingAverage12M,SCP,x11 seasonal,80.59361824453815,136630.0,46880.0,100627.0,-89750.0,-36003.0,89750.0,49357.0,1590683572,669122741,6,14958.333333333334,8226.166666666666,16282.319511257192,10560.3246556786,0.6568835541242772,0.3612457000658713,-0.6568835541242772,-0.2635072824416307,ML,MovingAverage12M,SCP,x11 seasonal,45.006128133704735,2026-07-14 13:03:02.206,0,,"
"22252,66,66,10592,1,736,CONSUMIBLES DOMESTICOS,""3417"",COVIRAN,José Luís Sabater _,,AutoTheta,smooth_insuficient,smooth_insuficient_insuficient,insuficient,x11 seasonal,x11 seasonal,success,smooth_insuficient,COMPARABLE,1,1,1,35270.0,6972.0,26460.0,10584.0,10584.0,10458.0,5721.0,0.0,0.0,15539.0,0.0,0.0,11729.0,11834.0,11940.0,13760.0,0.0,0.0,-29549.0,-6972.0,-26460.0,4955.0,-10584.0,-10458.0,-23541.0,4862.0,-14520.0,3176.0,-10584.0,-10458.0,29549.0,6972.0,26460.0,4955.0,10584.0,10458.0,23541.0,4862.0,14520.0,3176.0,10584.0,10458.0,873143401,48608784,700131600,24552025,112021056,109369764,554178681,23639044,210830400,10086976,112021056,109369764,1,1,1,1,1,1,29549.0,6972.0,26460.0,4955.0,10584.0,10458.0,23541.0,4862.0,14520.0,3176.0,10584.0,10458.0,29549.0,6972.0,26460.0,4955.0,10584.0,10458.0,23541.0,4862.0,14520.0,3176.0,10584.0,10458.0,0.8377941593422171,1.0,1.0,0.4681594860166289,1.0,1.0,0.6674510915792459,0.6973608720596672,0.5487528344671202,0.3000755857898715,1.0,1.0,-0.8377941593422171,-1.0,-1.0,0.4681594860166289,-1.0,-1.0,-0.6674510915792459,0.6973608720596672,-0.5487528344671202,0.3000755857898715,-1.0,-1.0,ML,ML,ML,ML,TIE,TIE,AutoTheta,AutoTheta,AutoTheta,AutoTheta,,,SCP,SCP,SCP,SCP,,,x11 seasonal,x11 seasonal,x11 seasonal,x11 seasonal,,,20.33232935124707,30.263912794033278,45.12471655328798,35.90312815338043,0.0,0.0,31626.0,15539.0,13760.0,-16087.0,-17866.0,25997.0,24218.0,245942845,231477796,3,8665.666666666666,8072.666666666667,9054.333124716217,8784.034684205963,0.8220135331689117,0.7657623474356542,-0.5086637576677417,-0.5649149434009991,ML,AutoTheta,SCP,x11 seasonal,6.843097280455443,68702.0,5721.0,35503.0,-62981.0,-33199.0,62981.0,42923.0,1621883785,788648125,3,20993.666666666668,14307.666666666666,23251.40701835769,16213.658079944,0.9167273150708859,0.6247707490320514,-0.9167273150708859,-0.48323192920147884,ML,AutoTheta,SCP,x11 seasonal,31.847700100030174,100328.0,21260.0,49263.0,-79068.0,-51065.0,88978.0,67141.0,1867826630,1020125921,6,14829.666666666666,11190.166666666666,17643.821534274633,13039.209593887712,0.8868710629136433,0.6692149748823858,-0.788095048241767,-0.5089805438162825,ML,AutoTheta,SCP,x11 seasonal,24.54202162332262,2026-07-14 13:03:02.206,0,,"
"22253,66,66,10592,1,779,CONSUMIBLES DOMESTICOS,""3449"",PRIMAPRIX S.L.U,Enrique Malonda Escriva,,,,,,preserve current forecast,preserve current forecast,success,,NOT_COMPARABLE_MISSING_SCP_AND_ML,1,0,0,0.0,0.0,0.0,0.0,0.0,0.0,,,,,,,,,,,,,,,,,,,,,,,,,,,,,,,,,,,,,,,,,,,,,,,,,,,,,,,,,,,,,,,,,,,,,,,,,,,,,,,,,,,,,,,,,,,,,,,,,,,,,,,,,,,,,,,,,,,,,,,,,,,,,,,,,,,,,,,,,,,,,,,,,,,,,,,,,,,,,,,,,,,,,,,,,,,,,,,,,,,,,,,,,,,,,,,,,,,,,,,,,,2026-07-14 13:03:02.206,1,MissingHistory,NoForecastRowsMaterialized"
"22254,66,66,10592,1,886,CONSUMIBLES DOMESTICOS,""3461"",UNIALCO S.L.( UVESCO),Enrique Malonda Escriva,,HistoricAverage,smooth_recentRelease,smooth_recentRelease_recentRelease,recentRelease,x11 lineal,x11 lineal,success,smooth_recentRelease,COMPARABLE,1,1,1,1950.0,1170.0,1170.0,1950.0,1170.0,390.0,0.0,0.0,23.0,1603.0,1603.0,1604.0,0.0,0.0,0.0,1473.0,1473.0,1474.0,-1950.0,-1170.0,-1147.0,-347.0,433.0,1214.0,-1950.0,-1170.0,-1170.0,-477.0,303.0,1084.0,1950.0,1170.0,1147.0,347.0,433.0,1214.0,1950.0,1170.0,1170.0,477.0,303.0,1084.0,3802500.0,1368900.0,1315609.0,120409.0,187489.0,1473796.0,3802500.0,1368900.0,1368900.0,227529.0,91809.0,1175056.0,1,1,1,1,1,1,1950.0,1170.0,1147.0,347.0,433.0,1214.0,1950.0,1170.0,1170.0,477.0,303.0,1084.0,1950.0,1170.0,1147.0,347.0,433.0,1214.0,1950.0,1170.0,1170.0,477.0,303.0,1084.0,1.0,1.0,0.9803418803418803,0.17794871794871794,0.3700854700854701,3.112820512820513,1.0,1.0,1.0,0.24461538461538462,0.258974358974359,2.7794871794871794,-1.0,-1.0,-0.9803418803418803,-0.17794871794871794,0.3700854700854701,3.112820512820513,-1.0,-1.0,-1.0,-0.24461538461538462,0.258974358974359,2.7794871794871794,TIE,TIE,SCP,SCP,ML,ML,,,x11 lineal,x11 lineal,HistoricAverage,HistoricAverage,,,ML,ML,SCP,SCP,,,HistoricAverage,HistoricAverage,x11 lineal,x11 lineal,0.0,0.0,1.96581196581197,27.253668763102727,30.023094688221708,10.708401976935754,3510.0,4810.0,4420.0,1300.0,910.0,1994.0,1864.0,1781694.0,1494394.0,3,664.6666666666666,621.3333333333334,770.6477794686753,705.7841974239245,0.5680911680911681,0.531054131054131,0.37037037037037035,0.25925925925925924,ML,HistoricAverage,SCP,x11 lineal,6.519558676028094,4290.0,23.0,0.0,-4267.0,-4290.0,4267.0,4290.0,6487009.0,6540300.0,3,1422.3333333333333,1430.0,1470.4884675961705,1476.516169908071,0.9946386946386946,1.0,-0.9946386946386946,-1.0,SCP,x11 lineal,ML,HistoricAverage,0.5361305361305413,7800.0,4833.0,4420.0,-2967.0,-3380.0,6261.0,6154.0,8268703.0,8034694.0,6,1043.5,1025.6666666666667,1173.9323518272536,1157.201653415111,0.8026923076923077,0.788974358974359,-0.3803846153846154,-0.43333333333333335,ML,HistoricAverage,SCP,x11 lineal,1.7089921737741598,2026-07-14 13:03:02.206,0,,"
"22255,66,66,10592,1,511,CONSUMIBLES DOMESTICOS,""2814"",""EXCLUSIVAS DITAYO, S.L - BP"",José Luís Sabater _,,,,,,preserve current forecast,preserve current forecast,success,,NOT_COMPARABLE_MISSING_SCP_AND_ML,1,0,0,0.0,0.0,0.0,0.0,0.0,0.0,,,,,,,,,,,,,,,,,,,,,,,,,,,,,,,,,,,,,,,,,,,,,,,,,,,,,,,,,,,,,,,,,,,,,,,,,,,,,,,,,,,,,,,,,,,,,,,,,,,,,,,,,,,,,,,,,,,,,,,,,,,,,,,,,,,,,,,,,,,,,,,,,,,,,,,,,,,,,,,,,,,,,,,,,,,,,,,,,,,,,,,,,,,,,,,,,,,,,,,,,,2026-07-14 13:03:02.206,1,MissingHistory,NoForecastRowsMaterialized"
"22256,66,66,10592,1,527,CONSUMIBLES DOMESTICOS,""2814"",VEGALSA,Enrique Malonda Escriva,,AutoTheta,smooth_insuficient,smooth_insuficient_insuficient,insuficient,preserve current forecast,preserve current forecast,success,smooth_insuficient,COMPARABLE,1,1,1,1160.0,980.0,960.0,1460.0,920.0,1180.0,1137.0,1457.0,1102.0,1491.0,1295.0,1563.0,1261.0,1256.0,1253.0,1413.0,1414.0,1413.0,-23.0,477.0,142.0,31.0,375.0,383.0,101.0,276.0,293.0,-47.0,494.0,233.0,23.0,477.0,142.0,31.0,375.0,383.0,101.0,276.0,293.0,47.0,494.0,233.0,529.0,227529.0,20164.0,961.0,140625.0,146689.0,10201.0,76176.0,85849.0,2209.0,244036.0,54289.0,1,1,1,1,1,1,23.0,477.0,142.0,31.0,375.0,383.0,101.0,276.0,293.0,47.0,494.0,233.0,23.0,477.0,142.0,31.0,375.0,383.0,101.0,276.0,293.0,47.0,494.0,233.0,0.019827586206896553,0.48673469387755103,0.14791666666666667,0.021232876712328767,0.4076086956521739,0.32457627118644067,0.08706896551724137,0.2816326530612245,0.30520833333333336,0.03219178082191781,0.5369565217391304,0.19745762711864406,-0.019827586206896553,0.48673469387755103,0.14791666666666667,0.021232876712328767,0.4076086956521739,0.32457627118644067,0.08706896551724137,0.2816326530612245,0.30520833333333336,-0.03219178082191781,0.5369565217391304,0.19745762711864406,SCP,ML,SCP,SCP,SCP,ML,preserve current forecast,AutoTheta,preserve current forecast,preserve current forecast,preserve current forecast,AutoTheta,ML,SCP,ML,ML,ML,SCP,AutoTheta,preserve current forecast,AutoTheta,AutoTheta,AutoTheta,preserve current forecast,77.22772277227723,42.138364779874216,51.5358361774744,34.04255319148936,24.089068825910935,39.1644908616188,3560.0,4349.0,4240.0,789.0,680.0,789.0,774.0,288275.0,300534.0,3,263.0,258.0,309.98655884839053,316.5090835979277,0.22162921348314607,0.21741573033707864,0.22162921348314607,0.19101123595505617,ML,AutoTheta,SCP,preserve current forecast,1.9011406844106509,3100.0,3696.0,3770.0,596.0,670.0,642.0,670.0,248222.0,172226.0,3,214.0,223.33333333333334,287.64677412873357,239.60105731541893,0.20709677419354838,0.2161290322580645,0.19225806451612903,0.2161290322580645,SCP,preserve current forecast,ML,AutoTheta,4.179104477611941,6660.0,8045.0,8010.0,1385.0,1350.0,1431.0,1444.0,536497.0,472760.0,6,238.5,240.66666666666666,299.0253612432676,280.70150219286916,0.21486486486486486,0.2168168168168168,0.20795795795795796,0.20270270270270271,SCP,preserve current forecast,ML,AutoTheta,0.9002770083102444,2026-07-14 13:03:02.206,0,,"
"22257,66,66,10592,1,545,CONSUMIBLES DOMESTICOS,""2828"",LA ARDOSA S.L,Enrique Malonda Escriva,,AutoTheta,smooth_insuficient,smooth_insuficient_insuficient,insuficient,seasonal discrete,seasonal discrete,success,smooth_insuficient,COMPARABLE,1,1,1,2280.0,0.0,0.0,2280.0,4560.0,2280.0,2280.0,0.0,0.0,2280.0,0.0,0.0,2187.0,2186.0,2187.0,1706.0,0.0,0.0,0.0,0.0,0.0,0.0,-4560.0,-2280.0,-93.0,2186.0,2187.0,-574.0,-4560.0,-2280.0,0.0,0.0,0.0,0.0,4560.0,2280.0,93.0,2186.0,2187.0,574.0,4560.0,2280.0,0.0,0.0,0.0,0.0,20793600,5198400.0,8649.0,4778596.0,4782969.0,329476.0,20793600,5198400.0,1,0,0,1,1,1,0.0,,,0.0,4560.0,2280.0,93.0,,,574.0,4560.0,2280.0,0.0,,,0.0,4560.0,2280.0,93.0,,,574.0,4560.0,2280.0,0.0,,,0.0,1.0,1.0,0.04078947368421053,,,0.2517543859649123,1.0,1.0,0.0,,,0.0,-1.0,-1.0,-0.04078947368421053,,,-0.2517543859649123,-1.0,-1.0,SCP,,,SCP,TIE,TIE,seasonal discrete,,,seasonal discrete,,,ML,,,ML,,,AutoTheta,,,AutoTheta,,,100.0,,,100.0,0.0,0.0,9120.0,2280.0,1706.0,-6840.0,-7414.0,6840.0,7414.0,25992000,26321476,3,2280.0,2471.3333333333335,2943.467343117637,2962.064370221102,0.75,0.812938596491228,-0.75,-0.812938596491228,SCP,seasonal discrete,ML,AutoTheta,7.742109522524947,2280.0,2280.0,6560.0,0.0,4280.0,0.0,4466.0,0.0,9570214.0,1,0.0,4466.0,0.0,3093.57624764608,0.0,1.9587719298245614,0.0,1.8771929824561404,SCP,seasonal discrete,ML,AutoTheta,100.0,11400.0,4560.0,8266.0,-6840.0,-3134.0,6840.0,11880.0,25992000,35891690,4,1710.0,2970.0,2549.1174943497604,2995.4836838146857,0.6,1.0421052631578946,-0.6,-0.2749122807017544,SCP,seasonal discrete,ML,AutoTheta,42.42424242424242,2026-07-14 13:03:02.206,0,,"
"22258,66,66,10592,1,547,CONSUMIBLES DOMESTICOS,""2828"",LIDER ALIMENT,Enrique Malonda Escriva,,,,,,preserve current forecast,preserve current forecast,success,,NOT_COMPARABLE_MISSING_SCP_AND_ML,1,0,0,0.0,0.0,0.0,0.0,0.0,0.0,,,,,,,,,,,,,,,,,,,,,,,,,,,,,,,,,,,,,,,,,,,,,,,,,,,,,,,,,,,,,,,,,,,,,,,,,,,,,,,,,,,,,,,,,,,,,,,,,,,,,,,,,,,,,,,,,,,,,,,,,,,,,,,,,,,,,,,,,,,,,,,,,,,,,,,,,,,,,,,,,,,,,,,,,,,,,,,,,,,,,,,,,,,,,,,,,,,,,,,,,,2026-07-14 13:03:02.206,1,MissingHistory,NoForecastRowsMaterialized"
"22259,66,66,10592,1,561,CONSUMIBLES DOMESTICOS,""2832"",""BON PREU, S.A.U."",Enrique Malonda Escriva,,HistoricAverage,smooth_insuficient,smooth_insuficient_insuficient,insuficient,x11 seasonal,x11 seasonal,success,smooth_insuficient,COMPARABLE,1,1,1,1200.0,3600.0,2400.0,6000.0,1200.0,4800.0,3881.0,0.0,0.0,3703.0,0.0,0.0,3433.0,3432.0,3433.0,3600.0,0.0,0.0,2681.0,-3600.0,-2400.0,-2297.0,-1200.0,-4800.0,2233.0,-168.0,1033.0,-2400.0,-1200.0,-4800.0,2681.0,3600.0,2400.0,2297.0,1200.0,4800.0,2233.0,168.0,1033.0,2400.0,1200.0,4800.0,7187761.0,12960000,5760000.0,5276209.0,1440000.0,23040000,4986289.0,28224.0,1067089.0,5760000.0,1440000.0,23040000,1,1,1,1,1,1,2681.0,3600.0,2400.0,2297.0,1200.0,4800.0,2233.0,168.0,1033.0,2400.0,1200.0,4800.0,2681.0,3600.0,2400.0,2297.0,1200.0,4800.0,2233.0,168.0,1033.0,2400.0,1200.0,4800.0,2.234166666666667,1.0,1.0,0.38283333333333336,1.0,1.0,1.8608333333333333,0.04666666666666667,0.43041666666666667,0.4,1.0,1.0,2.234166666666667,-1.0,-1.0,-0.38283333333333336,-1.0,-1.0,1.8608333333333333,-0.04666666666666667,0.43041666666666667,-0.4,-1.0,-1.0,ML,ML,ML,SCP,TIE,TIE,HistoricAverage,HistoricAverage,HistoricAverage,x11 seasonal,,,SCP,SCP,SCP,ML,,,x11 seasonal,x11 seasonal,x11 seasonal,HistoricAverage,,,16.710182767624026,95.33333333333334,56.958333333333336,4.291666666666666,0.0,0.0,12000.0,3703.0,3600.0,-8297.0,-8400.0,8297.0,8400.0,29756209,30240000,3,2765.6666666666665,2800.0,3149.4025359317493,3174.9015732775088,0.6914166666666667,0.7,-0.6914166666666667,-0.7,SCP,x11 seasonal,ML,HistoricAverage,1.226190476190468,7200.0,3881.0,10298.0,-3319.0,3098.0,8681.0,3434.0,25907761,6081602.0,3,2893.6666666666665,1144.6666666666667,2938.693644008054,1423.7979725602459,1.2056944444444444,0.47694444444444445,-0.4609722222222222,0.43027777777777776,ML,HistoricAverage,SCP,x11 seasonal,60.44234535191798,19200.0,7584.0,13898.0,-11616.0,-5302.0,16978.0,11834.0,55663970,36321602,6,2829.6666666666665,1972.3333333333333,3045.8707020051484,2460.4065382235785,0.8842708333333333,0.6163541666666666,-0.605,-0.2761458333333333,ML,HistoricAverage,SCP,x11 seasonal,30.29803274826246,2026-07-14 13:03:02.206,0,,"
"22260,66,66,10592,1,602,CONSUMIBLES DOMESTICOS,""2862"",HERMANOS AYALA SOUSA S.L,Enrique Malonda Escriva,,MovingAverage3M,smooth_insuficient,smooth_insuficient_insuficient,insuficient,x11 seasonal,x11 seasonal,success,smooth_insuficient,COMPARABLE,1,1,1,3648.0,12768.0,0.0,23712.0,5472.0,14592.0,19723.0,0.0,0.0,14521.0,0.0,0.0,14592.0,14592.0,14592.0,13376.0,0.0,0.0,16075.0,-12768.0,0.0,-9191.0,-5472.0,-14592.0,10944.0,1824.0,14592.0,-10336.0,-5472.0,-14592.0,16075.0,12768.0,0.0,9191.0,5472.0,14592.0,10944.0,1824.0,14592.0,10336.0,5472.0,14592.0,258405625,163021824,0.0,84474481,29942784,212926464,119771136,3326976.0,212926464,106832896,29942784,212926464,1,1,0,1,1,1,16075.0,12768.0,,9191.0,5472.0,14592.0,10944.0,1824.0,,10336.0,5472.0,14592.0,16075.0,12768.0,,9191.0,5472.0,14592.0,10944.0,1824.0,,10336.0,5472.0,14592.0,4.406524122807017,1.0,,0.38760964912280704,1.0,1.0,3.0,0.14285714285714285,,0.4358974358974359,1.0,1.0,4.406524122807017,-1.0,,-0.38760964912280704,-1.0,-1.0,3.0,0.14285714285714285,,-0.4358974358974359,-1.0,-1.0,ML,ML,,SCP,TIE,TIE,MovingAverage3M,MovingAverage3M,,x11 seasonal,,,SCP,SCP,,ML,,,x11 seasonal,x11 seasonal,,MovingAverage3M,,,31.919129082426124,85.71428571428572,,11.077786377708973,0.0,0.0,43776.0,14521.0,13376.0,-29255.0,-30400.0,29255.0,30400.0,327343729,349702144,3,9751.666666666666,10133.333333333334,10445.79227887159,10796.637501247013,0.6682885599415205,0.6944444444444444,-0.6682885599415205,-0.6944444444444444,SCP,x11 seasonal,ML,MovingAverage3M,3.7664473684210478,16416.0,19723.0,43776.0,3307.0,27360.0,28843.0,27360.0,421427449,336024576,2,14421.5,13680.0,14515.9816926035,12961.955408039328,1.7570053606237817,1.6666666666666667,0.20144980506822613,1.6666666666666667,ML,MovingAverage3M,SCP,x11 seasonal,5.141628818084105,60192.0,34244.0,57152.0,-25948.0,-3040.0,58098.0,57760.0,748771178,685726720,5,11619.6,11552.0,12237.411311221013,11710.907052829,0.9652113237639554,0.9595959595959596,-0.431087187666135,-0.050505050505050504,ML,MovingAverage3M,SCP,x11 seasonal,0.5817756205032926,2026-07-14 13:03:02.206,0,,"
"22261,66,66,10592,1,677,CONSUMIBLES DOMESTICOS,""3407"",BUBBLES BIDCO SPAIN SL (ACQUA & SAPONE)A,Enrique Malonda Escriva,,,,,,preserve current forecast,preserve current forecast,success,,NOT_COMPARABLE_MISSING_SCP_AND_ML,1,0,0,0.0,0.0,0.0,0.0,0.0,1120.0,,,,,,,,,,,,,,,,,,,,,,,,,,,,,,,,,,,,,,,,,,,,,,,,,,,,,,,,,,,,,,,,,,,,,,,,,,,,,,,,,,,,,,,,,,,,,,,,,,,,,,,,,,,,,,,,,,,,,,,,,,,,,,,,,,,,,,,,,,,,,,,,,,,,,,,,,,,,,,,,,,,,,,,,,,,,,,,,,,,,,,,,,,,,,,,,,,,,,,,,,,2026-07-14 13:03:02.206,1,MissingHistory,NoForecastRowsMaterialized"
"22262,66,66,10592,1,727,CONSUMIBLES DOMESTICOS,""3414"",FRAGADIS,Enrique Malonda Escriva,,,,,,average,average,success,,NOT_COMPARABLE_ML_EXCLUDED,1,1,0,18450.0,0.0,2100.0,0.0,5250.0,4200.0,4410.0,0.0,0.0,6050.0,0.0,0.0,,,,,,,,,,,,,,,,,,,,,,,,,,,,,,,,,,,,,,,,,,,,,,,,,,,,,,,,,,,,,,,,,,,,,,,,,,,,,,,,,,,,,,,,,,,,,,,,,,,,,,,,,,,,,,,,,,,,,,,,,,,,,,,,,,,,,,,,,,,,,,,,,,,,,,,,,,,,,,,,,,,,,,,,,,,,,,,,,,,,,,,,,,,,,,,,,,,,2026-07-14 13:03:02.206,1,ShortSeries,"
"22263,66,66,10592,1,781,CONSUMIBLES DOMESTICOS,""3449"",""SUPER JAROCAL, S.L."",Enrique Malonda Escriva,,MovingAverage12M,intermittent_insuficient,intermittent_insuficient_insuficient,insuficient,preserve current forecast,preserve current forecast,success,intermittent_insuficient,COMPARABLE,1,1,1,0.0,0.0,900.0,0.0,600.0,1200.0,1200.0,0.0,1200.0,1800.0,0.0,1800.0,688.0,688.0,687.0,1500.0,0.0,750.0,1200.0,0.0,300.0,1800.0,-600.0,600.0,688.0,688.0,-213.0,1500.0,-600.0,-450.0,1200.0,0.0,300.0,1800.0,600.0,600.0,688.0,688.0,213.0,1500.0,600.0,450.0,1440000.0,0.0,90000.0,3240000.0,360000.0,360000.0,473344.0,473344.0,45369.0,2250000.0,360000.0,202500.0,0,0,1,0,1,1,,,300.0,,600.0,600.0,,,213.0,,600.0,450.0,,,300.0,,600.0,600.0,,,213.0,,600.0,450.0,,,0.3333333333333333,,1.0,0.5,,,0.23666666666666666,,1.0,0.375,,,0.3333333333333333,,-1.0,0.5,,,-0.23666666666666666,,-1.0,-0.375,,,ML,,TIE,ML,,,MovingAverage12M,,,MovingAverage12M,,,SCP,,,SCP,,,preserve current forecast,,,preserve current forecast,,,28.999999999999996,,0.0,25.0,1800.0,3600.0,2250.0,1800.0,450.0,3000.0,2550.0,3960000.0,2812500.0,2,1500.0,1275.0,1407.1247279470288,1185.8541225631423,1.6666666666666667,1.4166666666666667,1.0,0.25,ML,MovingAverage12M,SCP,preserve current forecast,15.0,900.0,2400.0,2063.0,1500.0,1163.0,1500.0,1589.0,1530000.0,992057.0,1,1500.0,1589.0,1236.9316876852981,996.0205821166549,1.6666666666666667,1.7655555555555555,1.6666666666666667,1.2922222222222222,SCP,preserve current forecast,ML,MovingAverage12M,5.601006922592821,2700.0,6000.0,4313.0,3300.0,1613.0,4500.0,4139.0,5490000.0,3804557.0,3,1500.0,1379.6666666666667,1352.7749258468682,1126.1374990056352,1.6666666666666667,1.5329629629629629,1.2222222222222223,0.5974074074074074,ML,MovingAverage12M,SCP,preserve current forecast,8.022222222222233,2026-07-14 13:03:02.206,0,,"
"22264,66,66,10592,1,41,BOLSA BASURA PROFESIONALES,""2660"",FLORETTE HORTICOLA NAVARRA S.L.U.,José Mateos-Aparicio Martinez,,,,,,preserve current forecast,preserve current forecast,success,,NOT_COMPARABLE_ML_EXCLUDED,1,1,0,0.0,0.0,0.0,210.0,0.0,0.0,0.0,0.0,0.0,119.0,0.0,0.0,,,,,,,,,,,,,,,,,,,,,,,,,,,,,,,,,,,,,,,,,,,,,,,,,,,,,,,,,,,,,,,,,,,,,,,,,,,,,,,,,,,,,,,,,,,,,,,,,,,,,,,,,,,,,,,,,,,,,,,,,,,,,,,,,,,,,,,,,,,,,,,,,,,,,,,,,,,,,,,,,,,,,,,,,,,,,,,,,,,,,,,,,,,,,,,,,,,,2026-07-14 13:03:02.206,1,MissingHistory,NoForecastRowsMaterialized"
"22265,66,66,10592,1,139,CONSUMIBLES DOMESTICOS,""287"",HNOS MARTIN,Enrique Malonda Escriva,,,,,,preserve current forecast,preserve current forecast,success,,NOT_COMPARABLE_MISSING_SCP_AND_ML,1,0,0,0.0,0.0,0.0,0.0,0.0,0.0,,,,,,,,,,,,,,,,,,,,,,,,,,,,,,,,,,,,,,,,,,,,,,,,,,,,,,,,,,,,,,,,,,,,,,,,,,,,,,,,,,,,,,,,,,,,,,,,,,,,,,,,,,,,,,,,,,,,,,,,,,,,,,,,,,,,,,,,,,,,,,,,,,,,,,,,,,,,,,,,,,,,,,,,,,,,,,,,,,,,,,,,,,,,,,,,,,,,,,,,,,2026-07-14 13:03:02.206,1,MissingHistory,NoForecastRowsMaterialized"
"22266,66,66,10592,1,239,CONSUMIBLES DOMESTICOS,""2673"",FLORETTE MURCIA S.L.U.,José Mateos-Aparicio Martinez,,,,,,preserve current forecast,preserve current forecast,success,,NOT_COMPARABLE_MISSING_SCP_AND_ML,1,0,0,0.0,0.0,0.0,0.0,0.0,0.0,,,,,,,,,,,,,,,,,,,,,,,,,,,,,,,,,,,,,,,,,,,,,,,,,,,,,,,,,,,,,,,,,,,,,,,,,,,,,,,,,,,,,,,,,,,,,,,,,,,,,,,,,,,,,,,,,,,,,,,,,,,,,,,,,,,,,,,,,,,,,,,,,,,,,,,,,,,,,,,,,,,,,,,,,,,,,,,,,,,,,,,,,,,,,,,,,,,,,,,,,,2026-07-14 13:03:02.206,1,MissingHistory,NoForecastRowsMaterialized"
"22267,66,66,10592,1,241,CONSUMIBLES DOMESTICOS,""2673"",LA ARDOSA S.L,Enrique Malonda Escriva,,HistoricAverage,intermittent_insuficient,intermittent_insuficient_insuficient,insuficient,seasonal discrete,seasonal discrete,success,intermittent_insuficient,COMPARABLE,1,1,1,1680.0,3360.0,0.0,1680.0,1680.0,3360.0,0.0,0.0,0.0,1680.0,0.0,0.0,0.0,1779.0,1779.0,0.0,0.0,0.0,-1680.0,-3360.0,0.0,0.0,-1680.0,-3360.0,-1680.0,-1581.0,1779.0,-1680.0,-1680.0,-3360.0,1680.0,3360.0,0.0,0.0,1680.0,3360.0,1680.0,1581.0,1779.0,1680.0,1680.0,3360.0,2822400.0,11289600,0.0,0.0,2822400.0,11289600,2822400.0,2499561.0,3164841.0,2822400.0,2822400.0,11289600,1,1,0,1,1,1,1680.0,3360.0,,0.0,1680.0,3360.0,1680.0,1581.0,,1680.0,1680.0,3360.0,1680.0,3360.0,,0.0,1680.0,3360.0,1680.0,1581.0,,1680.0,1680.0,3360.0,1.0,1.0,,0.0,1.0,1.0,1.0,0.4705357142857143,,1.0,1.0,1.0,-1.0,-1.0,,0.0,-1.0,-1.0,-1.0,-0.4705357142857143,,-1.0,-1.0,-1.0,TIE,ML,,SCP,TIE,TIE,,HistoricAverage,,seasonal discrete,,,,SCP,,ML,,,,seasonal discrete,,HistoricAverage,,,0.0,52.94642857142857,,100.0,0.0,0.0,6720.0,1680.0,0.0,-5040.0,-6720.0,5040.0,6720.0,14112000,16934400,3,1680.0,2240.0,2168.8706738761534,2375.8787847867998,0.75,1.0,-0.75,-1.0,SCP,seasonal discrete,ML,HistoricAverage,25.0,5040.0,0.0,3558.0,-5040.0,-1482.0,5040.0,5040.0,14112000,8486802.0,2,2520.0,2520.0,2656.3132345414388,2059.951698462855,1.0,1.0,-1.0,-0.29404761904761906,TIE,,,,0.0,11760.0,1680.0,3558.0,-10080.0,-8202.0,10080.0,11760.0,28224000,25421202,5,2016.0,2352.0,2375.8787847867998,2254.826024330924,0.8571428571428571,1.0,-0.8571428571428571,-0.6974489795918367,SCP,seasonal discrete,ML,HistoricAverage,14.28571428571429,2026-07-14 13:03:02.206,0,,NoForecastRowsMaterialized"
"22268,66,66,10592,1,289,CONSUMIBLES DOMESTICOS,""2690"",FLORETTE HORTICOLA NAVARRA S.L.U.,José Mateos-Aparicio Martinez,,,,,,preserve current forecast,preserve current forecast,success,,NOT_COMPARABLE_MISSING_SCP_AND_ML,1,0,0,0.0,0.0,0.0,0.0,0.0,0.0,,,,,,,,,,,,,,,,,,,,,,,,,,,,,,,,,,,,,,,,,,,,,,,,,,,,,,,,,,,,,,,,,,,,,,,,,,,,,,,,,,,,,,,,,,,,,,,,,,,,,,,,,,,,,,,,,,,,,,,,,,,,,,,,,,,,,,,,,,,,,,,,,,,,,,,,,,,,,,,,,,,,,,,,,,,,,,,,,,,,,,,,,,,,,,,,,,,,,,,,,,2026-07-14 13:03:02.206,1,MissingHistory,NoForecastRowsMaterialized"
"22269,66,66,10592,1,406,CONSUMIBLES DOMESTICOS,""2758"",""TRANSGOURMET IBERICA S.A. -GM FOOD IBERICA, S.A.U."",Enrique Malonda Escriva,,,,,,preserve current forecast,preserve current forecast,success,,NOT_COMPARABLE_ML_EXCLUDED,1,1,0,180.0,180.0,180.0,0.0,360.0,720.0,240.0,240.0,240.0,0.0,0.0,0.0,,,,,,,,,,,,,,,,,,,,,,,,,,,,,,,,,,,,,,,,,,,,,,,,,,,,,,,,,,,,,,,,,,,,,,,,,,,,,,,,,,,,,,,,,,,,,,,,,,,,,,,,,,,,,,,,,,,,,,,,,,,,,,,,,,,,,,,,,,,,,,,,,,,,,,,,,,,,,,,,,,,,,,,,,,,,,,,,,,,,,,,,,,,,,,,,,,,,2026-07-14 13:03:02.206,1,ShortSeries,NoForecastRowsMaterialized"
"22270,66,66,10592,1,441,CONSUMIBLES DOMESTICOS,""2768"",DINOSOL (HIPERDINO),Enrique Malonda Escriva,,SeasonalNaive,smooth_insuficient,smooth_insuficient_insuficient,insuficient,x11 lineal,x11 lineal,success,smooth_insuficient,COMPARABLE,1,1,1,3360.0,5040.0,6720.0,8400.0,3360.0,5040.0,6257.0,0.0,0.0,5428.0,0.0,0.0,5040.0,3360.0,3360.0,5180.0,0.0,0.0,2897.0,-5040.0,-6720.0,-2972.0,-3360.0,-5040.0,1680.0,-1680.0,-3360.0,-3220.0,-3360.0,-5040.0,2897.0,5040.0,6720.0,2972.0,3360.0,5040.0,1680.0,1680.0,3360.0,3220.0,3360.0,5040.0,8392609.0,25401600,45158400,8832784.0,11289600,25401600,2822400.0,2822400.0,11289600,10368400,11289600,25401600,1,1,1,1,1,1,2897.0,5040.0,6720.0,2972.0,3360.0,5040.0,1680.0,1680.0,3360.0,3220.0,3360.0,5040.0,2897.0,5040.0,6720.0,2972.0,3360.0,5040.0,1680.0,1680.0,3360.0,3220.0,3360.0,5040.0,0.862202380952381,1.0,1.0,0.3538095238095238,1.0,1.0,0.5,0.3333333333333333,0.5,0.38333333333333336,1.0,1.0,0.862202380952381,-1.0,-1.0,-0.3538095238095238,-1.0,-1.0,0.5,-0.3333333333333333,-0.5,-0.38333333333333336,-1.0,-1.0,ML,ML,ML,SCP,TIE,TIE,SeasonalNaive,SeasonalNaive,SeasonalNaive,x11 lineal,,,SCP,SCP,SCP,ML,,,x11 lineal,x11 lineal,x11 lineal,SeasonalNaive,,,42.00897480151882,66.66666666666667,50.0,7.701863354037276,0.0,0.0,16800.0,5428.0,5180.0,-11372.0,-11620.0,11372.0,11620.0,45523984,47059600,3,3790.6666666666665,3873.3333333333335,3895.466767068272,3960.622846640833,0.6769047619047619,0.6916666666666667,-0.6769047619047619,-0.6916666666666667,SCP,x11 lineal,ML,SeasonalNaive,2.1342512908777955,15120.0,6257.0,11760.0,-8863.0,-3360.0,14657.0,6720.0,78952609,16934400,3,4885.666666666667,2240.0,5130.062020417817,2375.8787847867998,0.9693783068783068,0.4444444444444444,-0.5861772486772486,-0.2222222222222222,ML,SeasonalNaive,SCP,x11 lineal,54.15159991812786,31920.0,11685.0,16940.0,-20235.0,-14980.0,26029.0,18340.0,124476593,63994000,6,4338.166666666667,3056.6666666666665,4554.788560771327,3265.833227013692,0.8154448621553885,0.5745614035087719,-0.6339285714285714,-0.4692982456140351,ML,SeasonalNaive,SCP,x11 lineal,29.540128318414077,2026-07-14 13:03:02.206,0,,"
"22271,66,66,10592,1,476,CONSUMIBLES DOMESTICOS,""2790"",CORP. ALIMENTARIA GUISSONA,Enrique Malonda Escriva,,SeasonalNaive,intermittent_insuficient,intermittent_insuficient_insuficient,insuficient,syntetos-boylan,syntetos-boylan,success,intermittent_insuficient,COMPARABLE,1,1,1,864.0,864.0,0.0,864.0,0.0,864.0,0.0,0.0,0.0,864.0,0.0,0.0,0.0,864.0,0.0,864.0,0.0,0.0,-864.0,-864.0,0.0,0.0,0.0,-864.0,-864.0,0.0,0.0,0.0,0.0,-864.0,864.0,864.0,0.0,0.0,0.0,864.0,864.0,0.0,0.0,0.0,0.0,864.0,746496.0,746496.0,0.0,0.0,0.0,746496.0,746496.0,0.0,0.0,0.0,0.0,746496.0,1,1,0,1,0,1,864.0,864.0,,0.0,,864.0,864.0,0.0,,0.0,,864.0,864.0,864.0,,0.0,,864.0,864.0,0.0,,0.0,,864.0,1.0,1.0,,0.0,,1.0,1.0,0.0,,0.0,,1.0,-1.0,-1.0,,0.0,,-1.0,-1.0,0.0,,0.0,,-1.0,TIE,ML,,TIE,,TIE,,SeasonalNaive,,,,,,SCP,,,,,,syntetos-boylan,,,,,0.0,100.0,,0.0,,0.0,1728.0,864.0,864.0,-864.0,-864.0,864.0,864.0,746496.0,746496.0,2,432.0,432.0,610.9402589451771,610.9402589451771,0.5,0.5,-0.5,-0.5,TIE,,,,0.0,1728.0,0.0,864.0,-1728.0,-864.0,1728.0,864.0,1492992.0,746496.0,2,864.0,432.0,864.0,610.9402589451771,1.0,0.5,-1.0,-0.5,ML,SeasonalNaive,SCP,syntetos-boylan,50.0,3456.0,864.0,1728.0,-2592.0,-1728.0,2592.0,1728.0,2239488.0,1492992.0,4,648.0,432.0,748.245948869755,610.9402589451771,0.75,0.5,-0.75,-0.5,ML,SeasonalNaive,SCP,syntetos-boylan,33.33333333333333,2026-07-14 13:03:02.206,0,,NoForecastRowsMaterialized"
"22272,66,66,10592,1,507,CONSUMIBLES DOMESTICOS,""2814"",""CENTROS COMERCIALES CARREFOUR, S.A."",Enrique Malonda Escriva,,HistoricAverage,smooth_insuficient,smooth_insuficient_insuficient,insuficient,preserve current forecast,preserve current forecast,success,smooth_insuficient,COMPARABLE,1,1,1,1680.0,1680.0,1680.0,1680.0,1680.0,1680.0,1389.0,1420.0,2435.0,3193.0,2308.0,3205.0,2328.0,2329.0,2328.0,2649.0,2640.0,2631.0,-291.0,-260.0,755.0,1513.0,628.0,1525.0,648.0,649.0,648.0,969.0,960.0,951.0,291.0,260.0,755.0,1513.0,628.0,1525.0,648.0,649.0,648.0,969.0,960.0,951.0,84681.0,67600.0,570025.0,2289169.0,394384.0,2325625.0,419904.0,421201.0,419904.0,938961.0,921600.0,904401.0,1,1,1,1,1,1,291.0,260.0,755.0,1513.0,628.0,1525.0,648.0,649.0,648.0,969.0,960.0,951.0,291.0,260.0,755.0,1513.0,628.0,1525.0,648.0,649.0,648.0,969.0,960.0,951.0,0.1732142857142857,0.15476190476190477,0.4494047619047619,0.9005952380952381,0.3738095238095238,0.9077380952380952,0.38571428571428573,0.3863095238095238,0.38571428571428573,0.5767857142857142,0.5714285714285714,0.5660714285714286,-0.1732142857142857,-0.15476190476190477,0.4494047619047619,0.9005952380952381,0.3738095238095238,0.9077380952380952,0.38571428571428573,0.3863095238095238,0.38571428571428573,0.5767857142857142,0.5714285714285714,0.5660714285714286,SCP,SCP,ML,ML,SCP,ML,preserve current forecast,preserve current forecast,HistoricAverage,HistoricAverage,preserve current forecast,HistoricAverage,ML,ML,SCP,SCP,ML,SCP,HistoricAverage,HistoricAverage,preserve current forecast,preserve current forecast,HistoricAverage,preserve current forecast,55.092592592592595,59.93836671802774,14.172185430463575,35.95505617977528,34.58333333333333,37.63934426229508,5040.0,8706.0,7920.0,3666.0,2880.0,3666.0,2880.0,5009178.0,2764962.0,3,1222.0,960.0,1292.178780200325,960.0281245880248,0.7273809523809524,0.5714285714285714,0.7273809523809524,0.5714285714285714,ML,HistoricAverage,SCP,preserve current forecast,21.44026186579378,5040.0,5244.0,6985.0,204.0,1945.0,1306.0,1945.0,722306.0,1261009.0,3,435.3333333333333,648.3333333333334,490.68183853355185,648.3335047129165,0.25912698412698415,0.38591269841269843,0.04047619047619048,0.38591269841269843,SCP,preserve current forecast,ML,HistoricAverage,32.85347043701799,10080.0,13950.0,14905.0,3870.0,4825.0,4972.0,4825.0,5731484.0,4025971.0,6,828.6666666666666,804.1666666666666,977.3675528343128,819.1429464181857,0.4932539682539683,0.47867063492063494,0.38392857142857145,0.47867063492063494,ML,HistoricAverage,SCP,preserve current forecast,2.9565567176186653,2026-07-14 13:03:02.206,0,,"
"22273,66,66,10592,1,1834,CONSUMIBLES DOMESTICOS,""4145"",""CENTROS COMERCIALES CARREFOUR, S.A."",Enrique Malonda Escriva,,,,,,preserve current forecast,preserve current forecast,success,,NOT_COMPARABLE_MISSING_SCP_AND_ML,1,0,0,1272.0,0.0,0.0,0.0,0.0,0.0,,,,,,,,,,,,,,,,,,,,,,,,,,,,,,,,,,,,,,,,,,,,,,,,,,,,,,,,,,,,,,,,,,,,,,,,,,,,,,,,,,,,,,,,,,,,,,,,,,,,,,,,,,,,,,,,,,,,,,,,,,,,,,,,,,,,,,,,,,,,,,,,,,,,,,,,,,,,,,,,,,,,,,,,,,,,,,,,,,,,,,,,,,,,,,,,,,,,,,,,,,2026-07-14 13:03:02.206,1,MissingHistory,NoForecastRowsMaterialized"
"22274,66,66,10592,1,2302,SACO INDUSTRIAL,""3677"",""HIJOS DE JUAN PUJANTE, S.A."",José Mateos-Aparicio Martinez,,,,,,preserve current forecast,preserve current forecast,success,,NOT_COMPARABLE_MISSING_SCP_AND_ML,1,0,0,0.0,0.0,0.0,0.0,0.0,0.0,,,,,,,,,,,,,,,,,,,,,,,,,,,,,,,,,,,,,,,,,,,,,,,,,,,,,,,,,,,,,,,,,,,,,,,,,,,,,,,,,,,,,,,,,,,,,,,,,,,,,,,,,,,,,,,,,,,,,,,,,,,,,,,,,,,,,,,,,,,,,,,,,,,,,,,,,,,,,,,,,,,,,,,,,,,,,,,,,,,,,,,,,,,,,,,,,,,,,,,,,,2026-07-14 13:03:02.206,1,MissingHistory,NoForecastRowsMaterialized"
"22275,66,66,10592,1,2377,CONSUMIBLES DOMESTICOS,""6030"",UVESA,José Mateos-Aparicio Martinez,,,,,,preserve current forecast,preserve current forecast,success,,NOT_COMPARABLE_MISSING_SCP_AND_ML,1,0,0,192.0,0.0,0.0,0.0,0.0,0.0,,,,,,,,,,,,,,,,,,,,,,,,,,,,,,,,,,,,,,,,,,,,,,,,,,,,,,,,,,,,,,,,,,,,,,,,,,,,,,,,,,,,,,,,,,,,,,,,,,,,,,,,,,,,,,,,,,,,,,,,,,,,,,,,,,,,,,,,,,,,,,,,,,,,,,,,,,,,,,,,,,,,,,,,,,,,,,,,,,,,,,,,,,,,,,,,,,,,,,,,,,2026-07-14 13:03:02.206,1,MissingHistory,NoForecastRowsMaterialized"
"22276,66,66,10592,1,2491,CONSUMIBLES DOMESTICOS,""3581"",RIOS FARIAS SA - BP,ENRIQUE MALONDA ESCRIVA,,,,,,preserve current forecast,preserve current forecast,success,,NOT_COMPARABLE_MISSING_SCP_AND_ML,1,0,0,0.0,0.0,0.0,0.0,0.0,0.0,,,,,,,,,,,,,,,,,,,,,,,,,,,,,,,,,,,,,,,,,,,,,,,,,,,,,,,,,,,,,,,,,,,,,,,,,,,,,,,,,,,,,,,,,,,,,,,,,,,,,,,,,,,,,,,,,,,,,,,,,,,,,,,,,,,,,,,,,,,,,,,,,,,,,,,,,,,,,,,,,,,,,,,,,,,,,,,,,,,,,,,,,,,,,,,,,,,,,,,,,,2026-07-14 13:03:02.206,1,MissingHistory,NoForecastRowsMaterialized"
"22277,66,66,10592,1,2509,CONSUMIBLES DOMESTICOS,""2832"",SUPSA SUPERMERCATS PUJOL S.L. - BP,ENRIQUE MALONDA ESCRIVA,,,,,,preserve current forecast,preserve current forecast,success,,NOT_COMPARABLE_MISSING_SCP_AND_ML,1,0,0,0.0,0.0,0.0,0.0,0.0,0.0,,,,,,,,,,,,,,,,,,,,,,,,,,,,,,,,,,,,,,,,,,,,,,,,,,,,,,,,,,,,,,,,,,,,,,,,,,,,,,,,,,,,,,,,,,,,,,,,,,,,,,,,,,,,,,,,,,,,,,,,,,,,,,,,,,,,,,,,,,,,,,,,,,,,,,,,,,,,,,,,,,,,,,,,,,,,,,,,,,,,,,,,,,,,,,,,,,,,,,,,,,2026-07-14 13:03:02.206,1,MissingHistory,NoForecastRowsMaterialized"
"22278,66,66,10592,1,2527,CONSUMIBLES DOMESTICOS,""2690"",DYP MIGUEZ SL.  - BP,ENRIQUE MALONDA ESCRIVA,,,,,,preserve current forecast,preserve current forecast,success,,NOT_COMPARABLE_MISSING_SCP_AND_ML,1,0,0,0.0,0.0,0.0,0.0,0.0,0.0,,,,,,,,,,,,,,,,,,,,,,,,,,,,,,,,,,,,,,,,,,,,,,,,,,,,,,,,,,,,,,,,,,,,,,,,,,,,,,,,,,,,,,,,,,,,,,,,,,,,,,,,,,,,,,,,,,,,,,,,,,,,,,,,,,,,,,,,,,,,,,,,,,,,,,,,,,,,,,,,,,,,,,,,,,,,,,,,,,,,,,,,,,,,,,,,,,,,,,,,,,2026-07-14 13:03:02.206,1,MissingHistory,NoForecastRowsMaterialized"
"22279,66,66,10592,1,63,CONSUMIBLES DOMESTICOS,""279"",AHORRAMAS (GRUPO IFA),Enrique Malonda Escriva,,CrostonClassic,intermittent_insuficient,intermittent_insuficient_insuficient,insuficient,seasonal discrete,seasonal discrete,success,intermittent_insuficient,COMPARABLE,1,1,1,0.0,1680.0,1920.0,0.0,3360.0,0.0,550.0,0.0,0.0,1653.0,0.0,0.0,1545.0,1544.0,1545.0,1680.0,0.0,0.0,550.0,-1680.0,-1920.0,1653.0,-3360.0,0.0,1545.0,-136.0,-375.0,1680.0,-3360.0,0.0,550.0,1680.0,1920.0,1653.0,3360.0,0.0,1545.0,136.0,375.0,1680.0,3360.0,0.0,302500.0,2822400.0,3686400.0,2732409.0,11289600,0.0,2387025.0,18496.0,140625.0,2822400.0,11289600,0.0,0,1,1,0,1,0,,1680.0,1920.0,,3360.0,,,136.0,375.0,,3360.0,,,1680.0,1920.0,,3360.0,,,136.0,375.0,,3360.0,,,1.0,1.0,,1.0,,,0.08095238095238096,0.1953125,,1.0,,,-1.0,-1.0,,-1.0,,,-0.08095238095238096,-0.1953125,,-1.0,,,ML,ML,,TIE,,,CrostonClassic,CrostonClassic,,,,,SCP,SCP,,,,,seasonal discrete,seasonal discrete,,,,,91.9047619047619,80.46875,,0.0,,3360.0,1653.0,1680.0,-1707.0,-1680.0,5013.0,5040.0,14022009,14112000,1,5013.0,5040.0,3744.5973081227307,3756.5942021996466,1.4919642857142856,1.5,-0.5080357142857143,-0.5,SCP,seasonal discrete,ML,CrostonClassic,0.5357142857142911,3600.0,550.0,4634.0,-3050.0,1034.0,4150.0,2056.0,6811300.0,2546146.0,2,2075.0,1028.0,1845.4403268596902,1128.3053664677839,1.1527777777777777,0.5711111111111111,-0.8472222222222222,0.2872222222222222,ML,CrostonClassic,SCP,seasonal discrete,50.45783132530119,6960.0,2203.0,6314.0,-4757.0,-646.0,9163.0,7096.0,20833309,16658146,3,3054.3333333333335,2365.3333333333335,2635.229844498072,2356.420024811649,1.3165229885057472,1.0195402298850575,-0.6834770114942529,-0.09281609195402299,ML,CrostonClassic,SCP,seasonal discrete,22.558114154752808,2026-07-14 13:03:02.206,0,,"
"22280,66,66,10592,1,83,CONSUMIBLES DOMESTICOS,""283"",JUAN FORNES - SUPERMERCADOS MAS Y MAS,Enrique Malonda Escriva,,ADIDA,intermittent_insuficient,intermittent_insuficient_insuficient,insuficient,syntetos-boylan,syntetos-boylan,success,intermittent_insuficient,COMPARABLE,1,1,1,504.0,399.0,0.0,399.0,0.0,0.0,399.0,0.0,0.0,399.0,0.0,0.0,258.0,516.0,0.0,238.0,0.0,0.0,-105.0,-399.0,0.0,0.0,0.0,0.0,-246.0,117.0,0.0,-161.0,0.0,0.0,105.0,399.0,0.0,0.0,0.0,0.0,246.0,117.0,0.0,161.0,0.0,0.0,11025.0,159201.0,0.0,0.0,0.0,0.0,60516.0,13689.0,0.0,25921.0,0.0,0.0,1,1,0,1,0,0,105.0,399.0,,0.0,,,246.0,117.0,,161.0,,,105.0,399.0,,0.0,,,246.0,117.0,,161.0,,,0.20833333333333334,1.0,,0.0,,,0.4880952380952381,0.2932330827067669,,0.40350877192982454,,,-0.20833333333333334,-1.0,,0.0,,,-0.4880952380952381,0.2932330827067669,,-0.40350877192982454,,,SCP,ML,,SCP,,,syntetos-boylan,ADIDA,,syntetos-boylan,,,ML,SCP,,ML,,,ADIDA,syntetos-boylan,,ADIDA,,,57.31707317073172,70.67669172932331,,100.0,,,399.0,399.0,238.0,0.0,-161.0,0.0,161.0,0.0,25921.0,1,0.0,161.0,0.0,161.0,0.0,0.40350877192982454,0.0,-0.40350877192982454,SCP,syntetos-boylan,ML,ADIDA,100.0,903.0,399.0,774.0,-504.0,-129.0,504.0,363.0,170226.0,74205.0,2,252.0,181.5,291.7413237784459,192.62009240990412,0.5581395348837209,0.4019933554817276,-0.5581395348837209,-0.14285714285714285,ML,ADIDA,SCP,syntetos-boylan,27.97619047619047,1302.0,798.0,1012.0,-504.0,-290.0,504.0,524.0,170226.0,100126.0,3,168.0,174.66666666666666,238.20579338042978,182.68917136309238,0.3870967741935484,0.402457757296467,-0.3870967741935484,-0.2227342549923195,SCP,syntetos-boylan,ML,ADIDA,3.8167938931297773,2026-07-14 13:03:02.206,0,,"
"22281,66,66,10592,1,165,CONSUMIBLES DOMESTICOS,""289"",LIDER ALIMENT,Enrique Malonda Escriva,,SeasonalNaive,smooth_insuficient,smooth_insuficient_insuficient,insuficient,x11 seasonal,x11 seasonal,success,smooth_insuficient,COMPARABLE,1,1,1,576.0,0.0,1152.0,576.0,576.0,576.0,536.0,0.0,0.0,650.0,0.0,0.0,0.0,1152.0,576.0,782.0,0.0,0.0,-40.0,0.0,-1152.0,74.0,-576.0,-576.0,-576.0,1152.0,-576.0,206.0,-576.0,-576.0,40.0,0.0,1152.0,74.0,576.0,576.0,576.0,1152.0,576.0,206.0,576.0,576.0,1600.0,0.0,1327104.0,5476.0,331776.0,331776.0,331776.0,1327104.0,331776.0,42436.0,331776.0,331776.0,1,0,1,1,1,1,40.0,,1152.0,74.0,576.0,576.0,576.0,,576.0,206.0,576.0,576.0,40.0,,1152.0,74.0,576.0,576.0,576.0,,576.0,206.0,576.0,576.0,0.06944444444444445,,1.0,0.1284722222222222,1.0,1.0,1.0,,0.5,0.3576388888888889,1.0,1.0,-0.06944444444444445,,-1.0,0.1284722222222222,-1.0,-1.0,-1.0,,-0.5,0.3576388888888889,-1.0,-1.0,SCP,,ML,SCP,TIE,TIE,x11 seasonal,,SeasonalNaive,x11 seasonal,,,ML,,SCP,ML,,,SeasonalNaive,,x11 seasonal,SeasonalNaive,,,93.05555555555556,,50.0,64.07766990291263,0.0,0.0,1728.0,650.0,782.0,-1078.0,-946.0,1226.0,1358.0,669028.0,705988.0,3,408.6666666666667,452.6666666666667,472.23864023746864,485.10754821310843,0.7094907407407407,0.7858796296296297,-0.6238425925925926,-0.5474537037037037,SCP,x11 seasonal,ML,SeasonalNaive,9.720176730486015,1728.0,536.0,1728.0,-1192.0,0.0,1192.0,2304.0,1328704.0,1990656.0,2,596.0,1152.0,815.0779103864857,997.6612651596733,0.6898148148148148,1.3333333333333333,-0.6898148148148148,0.0,SCP,x11 seasonal,ML,SeasonalNaive,48.26388888888889,3456.0,1186.0,2510.0,-2270.0,-946.0,2418.0,3662.0,1997732.0,2696644.0,5,483.6,732.4,632.0968280255803,734.3900870790673,0.6996527777777778,1.0596064814814814,-0.6568287037037037,-0.27372685185185186,SCP,x11 seasonal,ML,SeasonalNaive,33.97050791916985,2026-07-14 13:03:02.206,0,,"
"22282,66,66,10592,1,233,CONSUMIBLES DOMESTICOS,""2673"",AHORRAMAS (GRUPO IFA),Enrique Malonda Escriva,,,,,,preserve current forecast,preserve current forecast,success,,NOT_COMPARABLE_MISSING_SCP_AND_ML,1,0,0,0.0,0.0,0.0,0.0,0.0,0.0,,,,,,,,,,,,,,,,,,,,,,,,,,,,,,,,,,,,,,,,,,,,,,,,,,,,,,,,,,,,,,,,,,,,,,,,,,,,,,,,,,,,,,,,,,,,,,,,,,,,,,,,,,,,,,,,,,,,,,,,,,,,,,,,,,,,,,,,,,,,,,,,,,,,,,,,,,,,,,,,,,,,,,,,,,,,,,,,,,,,,,,,,,,,,,,,,,,,,,,,,,2026-07-14 13:03:02.206,1,MissingHistory,NoForecastRowsMaterialized"
"22283,66,66,10592,1,266,CONSUMIBLES DOMESTICOS,""2681"",ALIMERKA S.A.U.,Enrique Malonda Escriva,,,,,,preserve current forecast,preserve current forecast,success,,NOT_COMPARABLE_MISSING_SCP_AND_ML,1,0,0,3200.0,0.0,0.0,0.0,0.0,3200.0,,,,,,,,,,,,,,,,,,,,,,,,,,,,,,,,,,,,,,,,,,,,,,,,,,,,,,,,,,,,,,,,,,,,,,,,,,,,,,,,,,,,,,,,,,,,,,,,,,,,,,,,,,,,,,,,,,,,,,,,,,,,,,,,,,,,,,,,,,,,,,,,,,,,,,,,,,,,,,,,,,,,,,,,,,,,,,,,,,,,,,,,,,,,,,,,,,,,,,,,,,2026-07-14 13:03:02.206,1,MissingHistory,NoForecastRowsMaterialized"
"22284,66,66,10592,1,517,CONSUMIBLES DOMESTICOS,""2814"",LA ARDOSA S.L,Enrique Malonda Escriva,,SeasonalNaive,intermittent_insuficient,intermittent_insuficient_insuficient,insuficient,preserve current forecast,preserve current forecast,success,intermittent_insuficient,COMPARABLE,1,1,1,800.0,1680.0,0.0,0.0,1680.0,0.0,1200.0,0.0,1200.0,1200.0,0.0,0.0,0.0,1680.0,1200.0,0.0,1200.0,600.0,400.0,-1680.0,1200.0,1200.0,-1680.0,0.0,-800.0,0.0,1200.0,0.0,-480.0,600.0,400.0,1680.0,1200.0,1200.0,1680.0,0.0,800.0,0.0,1200.0,0.0,480.0,600.0,160000.0,2822400.0,1440000.0,1440000.0,2822400.0,0.0,640000.0,0.0,1440000.0,0.0,230400.0,360000.0,1,1,0,0,1,0,400.0,1680.0,,,1680.0,,800.0,0.0,,,480.0,,400.0,1680.0,,,1680.0,,800.0,0.0,,,480.0,,0.5,1.0,,,1.0,,1.0,0.0,,,0.2857142857142857,,0.5,-1.0,,,-1.0,,-1.0,0.0,,,-0.2857142857142857,,SCP,ML,,,ML,,preserve current forecast,SeasonalNaive,,,SeasonalNaive,,ML,SCP,,,SCP,,SeasonalNaive,preserve current forecast,,,preserve current forecast,,50.0,100.0,,,71.42857142857143,,1680.0,1200.0,1800.0,-480.0,120.0,2880.0,1080.0,4262400.0,590400.0,1,2880.0,1080.0,2064.5580640902303,768.3749084919418,1.7142857142857142,0.6428571428571429,-0.2857142857142857,0.07142857142857142,ML,SeasonalNaive,SCP,preserve current forecast,62.499999999999986,2480.0,2400.0,2880.0,-80.0,400.0,3280.0,2000.0,4422400.0,2080000.0,2,1640.0,1000.0,1487.0104236352884,1019.803902718557,1.3225806451612903,0.8064516129032258,-0.03225806451612903,0.16129032258064516,ML,SeasonalNaive,SCP,preserve current forecast,39.02439024390244,4160.0,3600.0,4680.0,-560.0,520.0,6160.0,3080.0,8684800.0,2670400.0,3,2053.3333333333335,1026.6666666666667,1701.4503617012556,943.4687770845061,1.4807692307692308,0.7403846153846154,-0.1346153846153846,0.125,ML,SeasonalNaive,SCP,preserve current forecast,50.0,2026-07-14 13:03:02.206,0,,"
"22285,66,66,10592,1,565,CONSUMIBLES DOMESTICOS,""2832"",""CENTROS COMERCIALES CARREFOUR, S.A."",Enrique Malonda Escriva,,MovingAverage12M,smooth_insuficient,smooth_insuficient_insuficient,insuficient,x11 seasonal,x11 seasonal,success,smooth_insuficient,COMPARABLE,1,1,1,3600.0,4800.0,2400.0,3600.0,3600.0,1200.0,2547.0,0.0,0.0,4327.0,0.0,0.0,2621.0,2621.0,2621.0,4800.0,0.0,0.0,-1053.0,-4800.0,-2400.0,727.0,-3600.0,-1200.0,-979.0,-2179.0,221.0,1200.0,-3600.0,-1200.0,1053.0,4800.0,2400.0,727.0,3600.0,1200.0,979.0,2179.0,221.0,1200.0,3600.0,1200.0,1108809.0,23040000,5760000.0,528529.0,12960000,1440000.0,958441.0,4748041.0,48841.0,1440000.0,12960000,1440000.0,1,1,1,1,1,1,1053.0,4800.0,2400.0,727.0,3600.0,1200.0,979.0,2179.0,221.0,1200.0,3600.0,1200.0,1053.0,4800.0,2400.0,727.0,3600.0,1200.0,979.0,2179.0,221.0,1200.0,3600.0,1200.0,0.2925,1.0,1.0,0.20194444444444445,1.0,1.0,0.27194444444444443,0.45395833333333335,0.09208333333333334,0.3333333333333333,1.0,1.0,-0.2925,-1.0,-1.0,0.20194444444444445,-1.0,-1.0,-0.27194444444444443,-0.45395833333333335,0.09208333333333334,0.3333333333333333,-1.0,-1.0,ML,ML,ML,SCP,TIE,TIE,MovingAverage12M,MovingAverage12M,MovingAverage12M,x11 seasonal,,,SCP,SCP,SCP,ML,,,x11 seasonal,x11 seasonal,x11 seasonal,MovingAverage12M,,,7.027540360873692,54.604166666666664,90.79166666666667,39.416666666666664,0.0,0.0,8400.0,4327.0,4800.0,-4073.0,-3600.0,5527.0,6000.0,14928529,15840000,3,1842.3333333333333,2000.0,2230.7344829300805,2297.8250586152117,0.6579761904761905,0.7142857142857143,-0.48488095238095236,-0.42857142857142855,SCP,x11 seasonal,ML,MovingAverage12M,7.883333333333333,10800.0,2547.0,7863.0,-8253.0,-2937.0,8253.0,3379.0,29908809,5755323.0,3,2751.0,1126.3333333333333,3157.4678145628027,1385.0779761443036,0.7641666666666667,0.31287037037037035,-0.7641666666666667,-0.27194444444444443,ML,MovingAverage12M,SCP,x11 seasonal,59.057312492426995,19200.0,6874.0,12663.0,-12326.0,-6537.0,13780.0,9379.0,44837338,21595323,6,2296.6666666666665,1563.1666666666667,2733.6586595013405,1897.1611686938988,0.7177083333333333,0.4884895833333333,-0.6419791666666667,-0.34046875,ML,MovingAverage12M,SCP,x11 seasonal,31.937590711175616,2026-07-14 13:03:02.206,0,,"
"22286,66,66,10592,1,567,CONSUMIBLES DOMESTICOS,""2832"",CONSUM S COOP V,José Luís Sabater _,,SeasonalNaive,smooth_insuficient,smooth_insuficient_insuficient,insuficient,x11 seasonal,x11 seasonal,success,smooth_insuficient,COMPARABLE,1,1,1,6450.0,6150.0,5700.0,6900.0,5550.0,5700.0,5146.0,0.0,0.0,2978.0,0.0,0.0,5550.0,3300.0,6300.0,5985.0,0.0,0.0,-1304.0,-6150.0,-5700.0,-3922.0,-5550.0,-5700.0,-900.0,-2850.0,600.0,-915.0,-5550.0,-5700.0,1304.0,6150.0,5700.0,3922.0,5550.0,5700.0,900.0,2850.0,600.0,915.0,5550.0,5700.0,1700416.0,37822500,32490000,15382084,30802500,32490000,810000.0,8122500.0,360000.0,837225.0,30802500,32490000,1,1,1,1,1,1,1304.0,6150.0,5700.0,3922.0,5550.0,5700.0,900.0,2850.0,600.0,915.0,5550.0,5700.0,1304.0,6150.0,5700.0,3922.0,5550.0,5700.0,900.0,2850.0,600.0,915.0,5550.0,5700.0,0.20217054263565892,1.0,1.0,0.5684057971014492,1.0,1.0,0.13953488372093023,0.4634146341463415,0.10526315789473684,0.13260869565217392,1.0,1.0,-0.20217054263565892,-1.0,-1.0,-0.5684057971014492,-1.0,-1.0,-0.13953488372093023,-0.4634146341463415,0.10526315789473684,-0.13260869565217392,-1.0,-1.0,ML,ML,ML,ML,TIE,TIE,SeasonalNaive,SeasonalNaive,SeasonalNaive,SeasonalNaive,,,SCP,SCP,SCP,SCP,,,x11 seasonal,x11 seasonal,x11 seasonal,x11 seasonal,,,30.981595092024545,53.65853658536586,89.47368421052632,76.6700662927078,0.0,0.0,18150.0,2978.0,5985.0,-15172.0,-12165.0,15172.0,12165.0,78674584,64129725,3,5057.333333333333,4055.0,5121.021512680193,4623.480831581332,0.8359228650137741,0.6702479338842975,-0.8359228650137741,-0.6702479338842975,ML,SeasonalNaive,SCP,x11 seasonal,19.819404165568155,18300.0,5146.0,15150.0,-13154.0,-3150.0,13154.0,4350.0,72012916,9292500.0,3,4384.666666666667,1450.0,4899.418877105052,1759.9715906798042,0.7187978142076503,0.23770491803278687,-0.7187978142076503,-0.1721311475409836,ML,SeasonalNaive,SCP,x11 seasonal,66.9302113425574,36450.0,8124.0,21135.0,-28326.0,-15315.0,28326.0,16515.0,150687500,73422225,6,4721.0,2752.5,5011.445233995213,3498.1477241534553,0.777119341563786,0.45308641975308644,-0.777119341563786,-0.42016460905349795,ML,SeasonalNaive,SCP,x11 seasonal,41.69667443338276,2026-07-14 13:03:02.206,0,,"
"22287,66,66,10592,1,581,CONSUMIBLES DOMESTICOS,""2832"",PRIMAPRIX S.L.U,Enrique Malonda Escriva,,,,,,preserve current forecast,preserve current forecast,success,,NOT_COMPARABLE_MISSING_SCP_AND_ML,1,0,0,0.0,0.0,0.0,0.0,0.0,0.0,,,,,,,,,,,,,,,,,,,,,,,,,,,,,,,,,,,,,,,,,,,,,,,,,,,,,,,,,,,,,,,,,,,,,,,,,,,,,,,,,,,,,,,,,,,,,,,,,,,,,,,,,,,,,,,,,,,,,,,,,,,,,,,,,,,,,,,,,,,,,,,,,,,,,,,,,,,,,,,,,,,,,,,,,,,,,,,,,,,,,,,,,,,,,,,,,,,,,,,,,,2026-07-14 13:03:02.206,1,MissingHistory,NoForecastRowsMaterialized"
"22288,66,66,10592,1,444,CONSUMIBLES DOMESTICOS,""2772"",""CENTROS COMERCIALES CARREFOUR, S.A."",Enrique Malonda Escriva,,AutoTheta,smooth_insuficient,smooth_insuficient_insuficient,insuficient,x11 lineal,x11 lineal,success,smooth_insuficient,COMPARABLE,1,1,1,0.0,1820.0,910.0,1820.0,1820.0,910.0,1502.0,0.0,0.0,1532.0,0.0,0.0,1795.0,1755.0,1718.0,1416.0,0.0,0.0,1502.0,-1820.0,-910.0,-288.0,-1820.0,-910.0,1795.0,-65.0,808.0,-404.0,-1820.0,-910.0,1502.0,1820.0,910.0,288.0,1820.0,910.0,1795.0,65.0,808.0,404.0,1820.0,910.0,2256004.0,3312400.0,828100.0,82944.0,3312400.0,828100.0,3222025.0,4225.0,652864.0,163216.0,3312400.0,828100.0,0,1,1,1,1,1,,1820.0,910.0,288.0,1820.0,910.0,,65.0,808.0,404.0,1820.0,910.0,,1820.0,910.0,288.0,1820.0,910.0,,65.0,808.0,404.0,1820.0,910.0,,1.0,1.0,0.15824175824175823,1.0,1.0,,0.03571428571428571,0.8879120879120879,0.22197802197802197,1.0,1.0,,-1.0,-1.0,-0.15824175824175823,-1.0,-1.0,,-0.03571428571428571,0.8879120879120879,-0.22197802197802197,-1.0,-1.0,,ML,ML,SCP,TIE,TIE,,AutoTheta,AutoTheta,x11 lineal,,,,SCP,SCP,ML,,,,x11 lineal,x11 lineal,AutoTheta,,,,96.42857142857143,11.208791208791213,28.71287128712871,0.0,0.0,4550.0,1532.0,1416.0,-3018.0,-3134.0,3018.0,3134.0,4223444.0,4303716.0,3,1006.0,1044.6666666666667,1186.5136605478535,1197.7361980002108,0.6632967032967033,0.6887912087912088,-0.6632967032967033,-0.6887912087912088,SCP,x11 lineal,ML,AutoTheta,3.70134014039566,2730.0,1502.0,5268.0,-1228.0,2538.0,4232.0,2668.0,6396504.0,3879114.0,2,2116.0,1334.0,1788.3657344066958,1392.6797909067252,1.5501831501831502,0.9772893772893773,-0.44981684981684983,0.9296703296703297,ML,AutoTheta,SCP,x11 lineal,36.95652173913044,7280.0,3034.0,6684.0,-4246.0,-596.0,7250.0,5802.0,10619948,8182830.0,5,1450.0,1160.4,1457.391368164365,1279.2833931541518,0.9958791208791209,0.796978021978022,-0.5832417582417583,-0.08186813186813187,ML,AutoTheta,SCP,x11 lineal,19.972413793103446,2026-07-14 13:03:02.206,0,,"
"22289,66,66,10592,1,505,CONSUMIBLES DOMESTICOS,""2814"",CASALMA S.L,Enrique Malonda Escriva,,CrostonClassic,intermittent_insuficient,intermittent_insuficient_insuficient,insuficient,preserve current forecast,preserve current forecast,success,intermittent_insuficient,COMPARABLE,1,1,1,240.0,0.0,240.0,240.0,0.0,0.0,0.0,240.0,0.0,240.0,0.0,240.0,279.0,0.0,139.0,0.0,240.0,240.0,-240.0,240.0,-240.0,0.0,0.0,240.0,39.0,0.0,-101.0,-240.0,240.0,240.0,240.0,240.0,240.0,0.0,0.0,240.0,39.0,0.0,101.0,240.0,240.0,240.0,57600.0,57600.0,57600.0,0.0,0.0,57600.0,1521.0,0.0,10201.0,57600.0,57600.0,57600.0,1,0,1,1,0,0,240.0,,240.0,0.0,,,39.0,,101.0,240.0,,,240.0,,240.0,0.0,,,39.0,,101.0,240.0,,,1.0,,1.0,0.0,,,0.1625,,0.42083333333333334,1.0,,,-1.0,,-1.0,0.0,,,0.1625,,-0.42083333333333334,-1.0,,,ML,,ML,SCP,,,CrostonClassic,,CrostonClassic,preserve current forecast,,,SCP,,SCP,ML,,,preserve current forecast,,preserve current forecast,CrostonClassic,,,83.75,,57.91666666666666,100.0,,,240.0,480.0,480.0,240.0,240.0,240.0,720.0,57600.0,172800.0,1,240.0,720.0,240.0,415.69219381653056,1.0,3.0,1.0,1.0,SCP,preserve current forecast,ML,CrostonClassic,66.66666666666666,480.0,240.0,418.0,-240.0,-62.0,720.0,140.0,172800.0,11722.0,2,360.0,70.0,293.9387691339814,76.55716818169282,1.5,0.2916666666666667,-0.5,-0.12916666666666668,ML,CrostonClassic,SCP,preserve current forecast,80.55555555555554,720.0,720.0,898.0,0.0,178.0,960.0,860.0,230400.0,184522.0,3,320.0,286.6666666666667,277.1281292110204,248.00672033905317,1.3333333333333333,1.1944444444444444,0.0,0.24722222222222223,ML,CrostonClassic,SCP,preserve current forecast,10.416666666666663,2026-07-14 13:03:02.206,0,,"
"22290,66,66,10592,1,569,CONSUMIBLES DOMESTICOS,""2832"",CORP. ALIMENTARIA GUISSONA,Enrique Malonda Escriva,,SeasonalNaive,intermittent_insuficient,intermittent_insuficient_insuficient,insuficient,syntetos-boylan,syntetos-boylan,success,intermittent_insuficient,COMPARABLE,1,1,1,2400.0,0.0,1200.0,2400.0,0.0,1200.0,1200.0,0.0,0.0,0.0,0.0,0.0,1200.0,0.0,1200.0,1200.0,0.0,0.0,-1200.0,0.0,-1200.0,-2400.0,0.0,-1200.0,-1200.0,0.0,0.0,-1200.0,0.0,-1200.0,1200.0,0.0,1200.0,2400.0,0.0,1200.0,1200.0,0.0,0.0,1200.0,0.0,1200.0,1440000.0,0.0,1440000.0,5760000.0,0.0,1440000.0,1440000.0,0.0,0.0,1440000.0,0.0,1440000.0,1,0,1,1,0,1,1200.0,,1200.0,2400.0,,1200.0,1200.0,,0.0,1200.0,,1200.0,1200.0,,1200.0,2400.0,,1200.0,1200.0,,0.0,1200.0,,1200.0,0.5,,1.0,1.0,,1.0,0.5,,0.0,0.5,,1.0,-0.5,,-1.0,-1.0,,-1.0,-0.5,,0.0,-0.5,,-1.0,TIE,,ML,ML,,TIE,,,SeasonalNaive,SeasonalNaive,,,,,SCP,SCP,,,,,syntetos-boylan,syntetos-boylan,,,0.0,,100.0,50.0,,0.0,3600.0,0.0,1200.0,-3600.0,-2400.0,3600.0,2400.0,7200000.0,2880000.0,2,1800.0,1200.0,1897.3665961010277,1200.0,1.0,0.6666666666666666,-1.0,-0.6666666666666666,ML,SeasonalNaive,SCP,syntetos-boylan,33.333333333333336,3600.0,1200.0,2400.0,-2400.0,-1200.0,2400.0,1200.0,2880000.0,1440000.0,2,1200.0,600.0,1200.0,848.5281374238571,0.6666666666666666,0.3333333333333333,-0.6666666666666666,-0.3333333333333333,ML,SeasonalNaive,SCP,syntetos-boylan,50.0,7200.0,1200.0,3600.0,-6000.0,-3600.0,6000.0,3600.0,10080000,4320000.0,4,1500.0,900.0,1587.4507866387544,1039.2304845413264,0.8333333333333334,0.5,-0.8333333333333334,-0.5,ML,SeasonalNaive,SCP,syntetos-boylan,40.0,2026-07-14 13:03:02.206,0,,NoForecastRowsMaterialized"
"22291,66,66,10592,1,596,CONSUMIBLES DOMESTICOS,""2857"",""FAMILY CASH, S.L."",José Navalón _,,AutoTheta,smooth_insuficient,smooth_insuficient_insuficient,insuficient,x11 seasonal,x11 seasonal,success,smooth_insuficient,COMPARABLE,1,1,1,1824.0,3648.0,1824.0,5472.0,1824.0,7296.0,6053.0,0.0,0.0,5037.0,0.0,0.0,5396.0,5379.0,5360.0,5160.0,0.0,0.0,4229.0,-3648.0,-1824.0,-435.0,-1824.0,-7296.0,3572.0,1731.0,3536.0,-312.0,-1824.0,-7296.0,4229.0,3648.0,1824.0,435.0,1824.0,7296.0,3572.0,1731.0,3536.0,312.0,1824.0,7296.0,17884441,13307904,3326976.0,189225.0,3326976.0,53231616,12759184,2996361.0,12503296,97344.0,3326976.0,53231616,1,1,1,1,1,1,4229.0,3648.0,1824.0,435.0,1824.0,7296.0,3572.0,1731.0,3536.0,312.0,1824.0,7296.0,4229.0,3648.0,1824.0,435.0,1824.0,7296.0,3572.0,1731.0,3536.0,312.0,1824.0,7296.0,2.318530701754386,1.0,1.0,0.07949561403508772,1.0,1.0,1.9583333333333333,0.4745065789473684,1.9385964912280702,0.05701754385964912,1.0,1.0,2.318530701754386,-1.0,-1.0,-0.07949561403508772,-1.0,-1.0,1.9583333333333333,0.4745065789473684,1.9385964912280702,-0.05701754385964912,-1.0,-1.0,ML,ML,SCP,ML,TIE,TIE,AutoTheta,AutoTheta,x11 seasonal,AutoTheta,,,SCP,SCP,ML,SCP,,,x11 seasonal,x11 seasonal,AutoTheta,x11 seasonal,,,15.535587609363924,52.549342105263165,48.41628959276018,28.27586206896552,0.0,0.0,14592.0,5037.0,5160.0,-9555.0,-9432.0,9555.0,9432.0,56747817,56655936,3,3185.0,3144.0,4349.245796687053,4345.723415036903,0.6548108552631579,0.6463815789473685,-0.6548108552631579,-0.6463815789473685,ML,AutoTheta,SCP,x11 seasonal,1.2872841444269874,7296.0,6053.0,16135.0,-1243.0,8839.0,9701.0,8839.0,34519321,28258841,3,3233.6666666666665,2946.3333333333335,3392.1144339973753,3069.1389128983174,1.3296326754385965,1.211485745614035,-0.17036732456140352,1.211485745614035,ML,AutoTheta,SCP,x11 seasonal,8.885681888465108,21888.0,11090.0,21295.0,-10798.0,-593.0,19256.0,18271.0,91267138,84914777,6,3209.3333333333335,3045.1666666666665,3900.152518385232,3761.975921418601,0.8797514619883041,0.8347496345029239,-0.4933296783625731,-0.027092470760233918,ML,AutoTheta,SCP,x11 seasonal,5.1152887411715895,2026-07-14 13:03:02.206,0,,"
"22292,66,66,10592,1,614,CONSUMIBLES DOMESTICOS,""2867"",UNIALCO S.L.( UVESCO),Enrique Malonda Escriva,,AutoTheta,smooth_insuficient,smooth_insuficient_insuficient,insuficient,x11 lineal,x11 lineal,success,smooth_insuficient,COMPARABLE,1,1,1,5472.0,5064.0,5472.0,7296.0,7296.0,7296.0,7551.0,6378.0,8503.0,7907.0,7819.0,8660.0,7559.0,7498.0,7437.0,7672.0,7547.0,7423.0,2079.0,1314.0,3031.0,611.0,523.0,1364.0,2087.0,2434.0,1965.0,376.0,251.0,127.0,2079.0,1314.0,3031.0,611.0,523.0,1364.0,2087.0,2434.0,1965.0,376.0,251.0,127.0,4322241.0,1726596.0,9186961.0,373321.0,273529.0,1860496.0,4355569.0,5924356.0,3861225.0,141376.0,63001.0,16129.0,1,1,1,1,1,1,2079.0,1314.0,3031.0,611.0,523.0,1364.0,2087.0,2434.0,1965.0,376.0,251.0,127.0,2079.0,1314.0,3031.0,611.0,523.0,1364.0,2087.0,2434.0,1965.0,376.0,251.0,127.0,0.37993421052631576,0.259478672985782,0.5539108187134503,0.08374451754385964,0.07168311403508772,0.18695175438596492,0.38139619883040937,0.4806477093206951,0.35910087719298245,0.051535087719298246,0.034402412280701754,0.017406798245614034,0.37993421052631576,0.259478672985782,0.5539108187134503,0.08374451754385964,0.07168311403508772,0.18695175438596492,0.38139619883040937,0.4806477093206951,0.35910087719298245,0.051535087719298246,0.034402412280701754,0.017406798245614034,SCP,SCP,ML,ML,ML,ML,x11 lineal,x11 lineal,AutoTheta,AutoTheta,AutoTheta,AutoTheta,ML,ML,SCP,SCP,SCP,SCP,AutoTheta,AutoTheta,x11 lineal,x11 lineal,x11 lineal,x11 lineal,0.38332534738860696,46.014790468364836,35.169910920488284,38.46153846153846,52.00764818355641,90.68914956011731,21888.0,24386.0,22642.0,2498.0,754.0,2498.0,754.0,2507346.0,220506.0,3,832.6666666666666,251.33333333333334,914.2111353511289,271.1125227649951,0.11412646198830409,0.03444809941520468,0.11412646198830409,0.03444809941520468,ML,AutoTheta,SCP,x11 lineal,69.8158526821457,16008.0,22432.0,22494.0,6424.0,6486.0,6424.0,6486.0,15235798,14141150,3,2141.3333333333335,2162.0,2253.574789824676,2171.109547366661,0.4012993503248376,0.4051724137931034,0.4012993503248376,0.4051724137931034,SCP,x11 lineal,ML,AutoTheta,0.9559050262102887,37896.0,46818.0,45136.0,8922.0,7240.0,8922.0,7240.0,17743144,14361656,6,1487.0,1206.6666666666667,1719.6484136784084,1547.1293848070152,0.23543381887270423,0.1910491872493139,0.23543381887270423,0.1910491872493139,ML,AutoTheta,SCP,x11 lineal,18.852275274602103,2026-07-14 13:03:02.206,0,,"
"22293,66,66,10592,1,644,CONSUMIBLES DOMESTICOS,""2891"",BUBBLES BIDCO SPAIN SL (ACQUA & SAPONE)A,Enrique Malonda Escriva,,,,,,preserve current forecast,preserve current forecast,success,,NOT_COMPARABLE_MISSING_SCP_AND_ML,1,0,0,0.0,0.0,0.0,0.0,0.0,0.0,,,,,,,,,,,,,,,,,,,,,,,,,,,,,,,,,,,,,,,,,,,,,,,,,,,,,,,,,,,,,,,,,,,,,,,,,,,,,,,,,,,,,,,,,,,,,,,,,,,,,,,,,,,,,,,,,,,,,,,,,,,,,,,,,,,,,,,,,,,,,,,,,,,,,,,,,,,,,,,,,,,,,,,,,,,,,,,,,,,,,,,,,,,,,,,,,,,,,,,,,,2026-07-14 13:03:02.206,1,MissingHistory,NoForecastRowsMaterialized"
"22294,66,66,10592,1,694,CONSUMIBLES DOMESTICOS,""3408"",""SUPER JAROCAL, S.L."",Enrique Malonda Escriva,,,,,,preserve current forecast,preserve current forecast,success,,NOT_COMPARABLE_MISSING_SCP_AND_ML,1,0,0,0.0,0.0,0.0,0.0,0.0,0.0,,,,,,,,,,,,,,,,,,,,,,,,,,,,,,,,,,,,,,,,,,,,,,,,,,,,,,,,,,,,,,,,,,,,,,,,,,,,,,,,,,,,,,,,,,,,,,,,,,,,,,,,,,,,,,,,,,,,,,,,,,,,,,,,,,,,,,,,,,,,,,,,,,,,,,,,,,,,,,,,,,,,,,,,,,,,,,,,,,,,,,,,,,,,,,,,,,,,,,,,,,2026-07-14 13:03:02.206,1,MissingHistory,NoForecastRowsMaterialized"
"22295,66,66,10592,1,705,CONSUMIBLES DOMESTICOS,""3412"",COVIRAN,José Luís Sabater _,,HistoricAverage,smooth_insuficient,smooth_insuficient_insuficient,insuficient,x11 seasonal,x11 seasonal,success,smooth_insuficient,COMPARABLE,1,1,1,46452.0,42336.0,38752.0,48384.0,28224.0,40320.0,32739.0,0.0,0.0,28769.0,0.0,0.0,39086.0,39086.0,39087.0,36960.0,0.0,0.0,-13713.0,-42336.0,-38752.0,-19615.0,-28224.0,-40320.0,-7366.0,-3250.0,335.0,-11424.0,-28224.0,-40320.0,13713.0,42336.0,38752.0,19615.0,28224.0,40320.0,7366.0,3250.0,335.0,11424.0,28224.0,40320.0,188046369,1792336896,1501717504,384748225,796594176,1625702400,54257956,10562500,112225.0,130507776,796594176,1625702400,1,1,1,1,1,1,13713.0,42336.0,38752.0,19615.0,28224.0,40320.0,7366.0,3250.0,335.0,11424.0,28224.0,40320.0,13713.0,42336.0,38752.0,19615.0,28224.0,40320.0,7366.0,3250.0,335.0,11424.0,28224.0,40320.0,0.29520795660036164,1.0,1.0,0.40540261243386244,1.0,1.0,0.15857228967536383,0.0767668178382464,0.008644715111478117,0.2361111111111111,1.0,1.0,-0.29520795660036164,-1.0,-1.0,-0.40540261243386244,-1.0,-1.0,-0.15857228967536383,-0.0767668178382464,0.008644715111478117,-0.2361111111111111,-1.0,-1.0,ML,ML,ML,ML,TIE,TIE,HistoricAverage,HistoricAverage,HistoricAverage,HistoricAverage,,,SCP,SCP,SCP,SCP,,,x11 seasonal,x11 seasonal,x11 seasonal,x11 seasonal,,,46.28454750966235,92.32331821617537,99.13552848885219,41.758858016823865,0.0,0.0,116928.0,28769.0,36960.0,-88159.0,-79968.0,88159.0,79968.0,2807044801,2552804352,3,29386.333333333332,26656.0,30588.913029614723,29170.78648236965,0.7539597016967706,0.6839080459770115,-0.7539597016967706,-0.6839080459770115,ML,HistoricAverage,SCP,x11 seasonal,9.291167095815512,127540.0,32739.0,117259.0,-94801.0,-10281.0,94801.0,10951.0,3482100769,64932681,3,31600.333333333332,3650.3333333333335,34069.05129781769,4652.3356499719575,0.7433040614709111,0.0858632585855418,-0.7433040614709111,-0.08061000470440646,ML,HistoricAverage,SCP,x11 seasonal,88.44843408824802,244468.0,61508.0,154219.0,-182960.0,-90249.0,182960.0,90919.0,6289145570,2617737033,6,30493.333333333332,15153.166666666666,32375.77687613586,20887.54426685914,0.7484006086686192,0.37190552546754585,-0.7484006086686192,-0.3691648804751542,ML,HistoricAverage,SCP,x11 seasonal,50.30662439877569,2026-07-14 13:03:02.206,0,,"
"22296,66,66,10592,1,803,CONSUMIBLES DOMESTICOS,""3451"",BUBBLES BIDCO SPAIN SL (ACQUA & SAPONE)A,Enrique Malonda Escriva,,,,,,preserve current forecast,preserve current forecast,success,,NOT_COMPARABLE_MISSING_SCP_AND_ML,1,0,0,0.0,0.0,0.0,0.0,0.0,0.0,,,,,,,,,,,,,,,,,,,,,,,,,,,,,,,,,,,,,,,,,,,,,,,,,,,,,,,,,,,,,,,,,,,,,,,,,,,,,,,,,,,,,,,,,,,,,,,,,,,,,,,,,,,,,,,,,,,,,,,,,,,,,,,,,,,,,,,,,,,,,,,,,,,,,,,,,,,,,,,,,,,,,,,,,,,,,,,,,,,,,,,,,,,,,,,,,,,,,,,,,,2026-07-14 13:03:02.206,1,MissingHistory,NoForecastRowsMaterialized"
"22297,66,66,10592,1,733,CONSUMIBLES DOMESTICOS,""3414"",""SUPER JAROCAL, S.L."",Enrique Malonda Escriva,,,,,,preserve current forecast,preserve current forecast,success,,NOT_COMPARABLE_MISSING_SCP_AND_ML,1,0,0,0.0,0.0,0.0,0.0,0.0,0.0,,,,,,,,,,,,,,,,,,,,,,,,,,,,,,,,,,,,,,,,,,,,,,,,,,,,,,,,,,,,,,,,,,,,,,,,,,,,,,,,,,,,,,,,,,,,,,,,,,,,,,,,,,,,,,,,,,,,,,,,,,,,,,,,,,,,,,,,,,,,,,,,,,,,,,,,,,,,,,,,,,,,,,,,,,,,,,,,,,,,,,,,,,,,,,,,,,,,,,,,,,2026-07-14 13:03:02.206,1,MissingHistory,NoForecastRowsMaterialized"
"22298,66,66,10592,1,866,CONSUMIBLES DOMESTICOS,""3457"",LIDER ALIMENT,Enrique Malonda Escriva,,,,,,preserve current forecast,preserve current forecast,success,,NOT_COMPARABLE_MISSING_SCP_AND_ML,1,0,0,0.0,0.0,0.0,0.0,0.0,0.0,,,,,,,,,,,,,,,,,,,,,,,,,,,,,,,,,,,,,,,,,,,,,,,,,,,,,,,,,,,,,,,,,,,,,,,,,,,,,,,,,,,,,,,,,,,,,,,,,,,,,,,,,,,,,,,,,,,,,,,,,,,,,,,,,,,,,,,,,,,,,,,,,,,,,,,,,,,,,,,,,,,,,,,,,,,,,,,,,,,,,,,,,,,,,,,,,,,,,,,,,,2026-07-14 13:03:02.206,1,MissingHistory,NoForecastRowsMaterialized"
"22299,66,66,10592,1,917,CONSUMIBLES DOMESTICOS,""3540"",""CENTROS COMERCIALES CARREFOUR, S.A."",Enrique Malonda Escriva,,,,,,preserve current forecast,preserve current forecast,success,,NOT_COMPARABLE_MISSING_SCP_AND_ML,1,0,0,0.0,0.0,0.0,0.0,0.0,0.0,,,,,,,,,,,,,,,,,,,,,,,,,,,,,,,,,,,,,,,,,,,,,,,,,,,,,,,,,,,,,,,,,,,,,,,,,,,,,,,,,,,,,,,,,,,,,,,,,,,,,,,,,,,,,,,,,,,,,,,,,,,,,,,,,,,,,,,,,,,,,,,,,,,,,,,,,,,,,,,,,,,,,,,,,,,,,,,,,,,,,,,,,,,,,,,,,,,,,,,,,,2026-07-14 13:03:02.206,1,MissingHistory,NoForecastRowsMaterialized"
"22300,66,66,10592,1,934,CONSUMIBLES DOMESTICOS,""3541"",HIPER USERA S.L,Enrique Malonda Escriva,,,,,,preserve current forecast,preserve current forecast,success,,NOT_COMPARABLE_ML_EXCLUDED,1,1,0,0.0,0.0,0.0,3024.0,432.0,864.0,888.0,0.0,0.0,681.0,0.0,0.0,,,,,,,,,,,,,,,,,,,,,,,,,,,,,,,,,,,,,,,,,,,,,,,,,,,,,,,,,,,,,,,,,,,,,,,,,,,,,,,,,,,,,,,,,,,,,,,,,,,,,,,,,,,,,,,,,,,,,,,,,,,,,,,,,,,,,,,,,,,,,,,,,,,,,,,,,,,,,,,,,,,,,,,,,,,,,,,,,,,,,,,,,,,,,,,,,,,,2026-07-14 13:03:02.206,1,MissingHistory,"
"22301,66,66,10592,1,951,CONSUMIBLES DOMESTICOS,""3575"",""BON PREU, S.A.U."",Enrique Malonda Escriva,,MovingAverage12M,smooth_insuficient,smooth_insuficient_insuficient,insuficient,x11 seasonal,x11 seasonal,success,smooth_insuficient,COMPARABLE,1,1,1,2136.0,7296.0,5472.0,9120.0,3648.0,7296.0,6737.0,0.0,0.0,8147.0,0.0,0.0,7448.0,7448.0,7448.0,7498.0,0.0,0.0,4601.0,-7296.0,-5472.0,-973.0,-3648.0,-7296.0,5312.0,152.0,1976.0,-1622.0,-3648.0,-7296.0,4601.0,7296.0,5472.0,973.0,3648.0,7296.0,5312.0,152.0,1976.0,1622.0,3648.0,7296.0,21169201,53231616,29942784,946729.0,13307904,53231616,28217344,23104.0,3904576.0,2630884.0,13307904,53231616,1,1,1,1,1,1,4601.0,7296.0,5472.0,973.0,3648.0,7296.0,5312.0,152.0,1976.0,1622.0,3648.0,7296.0,4601.0,7296.0,5472.0,973.0,3648.0,7296.0,5312.0,152.0,1976.0,1622.0,3648.0,7296.0,2.1540262172284645,1.0,1.0,0.10668859649122807,1.0,1.0,2.48689138576779,0.020833333333333332,0.3611111111111111,0.17785087719298245,1.0,1.0,2.1540262172284645,-1.0,-1.0,-0.10668859649122807,-1.0,-1.0,2.48689138576779,0.020833333333333332,0.3611111111111111,-0.17785087719298245,-1.0,-1.0,SCP,ML,ML,SCP,TIE,TIE,x11 seasonal,MovingAverage12M,MovingAverage12M,x11 seasonal,,,ML,SCP,SCP,ML,,,MovingAverage12M,x11 seasonal,x11 seasonal,MovingAverage12M,,,13.384789156626494,97.91666666666666,63.888888888888886,40.01233045622688,0.0,0.0,20064.0,8147.0,7498.0,-11917.0,-12566.0,11917.0,12566.0,67486249,69170404,3,3972.3333333333335,4188.666666666667,4742.933304752802,4801.749819944114,0.5939493620414673,0.6262958532695375,-0.5939493620414673,-0.6262958532695375,SCP,x11 seasonal,ML,MovingAverage12M,5.164730224415093,14904.0,6737.0,22344.0,-8167.0,7440.0,17369.0,7440.0,104343601,32145024,3,5789.666666666667,2480.0,5897.558845262448,3273.378682645807,1.1653918411164788,0.499194847020934,-0.5479736983360172,0.499194847020934,ML,MovingAverage12M,SCP,x11 seasonal,57.165064194829874,34968.0,14884.0,29842.0,-20084.0,-5126.0,29286.0,20006.0,171829850,101315428,6,4881.0,3334.3333333333335,5351.477210390915,4109.246240695083,0.8375085792724777,0.57212308396248,-0.5743536948066804,-0.14659116906886296,ML,MovingAverage12M,SCP,x11 seasonal,31.687495731748953,2026-07-14 13:03:02.206,0,,"
"22302,66,66,10592,1,969,CONSUMIBLES DOMESTICOS,""3585"",ALIMERKA S.A.U.,Enrique Malonda Escriva,,MovingAverage3M,smooth_recentRelease,smooth_recentRelease_recentRelease,recentRelease,x11 lineal,x11 lineal,success,smooth_recentRelease,COMPARABLE,1,1,1,6144.0,4608.0,4608.0,4608.0,4608.0,9216.0,5802.0,0.0,0.0,5654.0,0.0,0.0,4877.0,4877.0,4877.0,5931.0,0.0,0.0,-342.0,-4608.0,-4608.0,1046.0,-4608.0,-9216.0,-1267.0,269.0,269.0,1323.0,-4608.0,-9216.0,342.0,4608.0,4608.0,1046.0,4608.0,9216.0,1267.0,269.0,269.0,1323.0,4608.0,9216.0,116964.0,21233664,21233664,1094116.0,21233664,84934656,1605289.0,72361.0,72361.0,1750329.0,21233664,84934656,1,1,1,1,1,1,342.0,4608.0,4608.0,1046.0,4608.0,9216.0,1267.0,269.0,269.0,1323.0,4608.0,9216.0,342.0,4608.0,4608.0,1046.0,4608.0,9216.0,1267.0,269.0,269.0,1323.0,4608.0,9216.0,0.0556640625,1.0,1.0,0.2269965277777778,1.0,1.0,0.20621744791666666,0.05837673611111111,0.05837673611111111,0.287109375,1.0,1.0,-0.0556640625,-1.0,-1.0,0.2269965277777778,-1.0,-1.0,-0.20621744791666666,0.05837673611111111,0.05837673611111111,0.287109375,-1.0,-1.0,SCP,ML,ML,SCP,TIE,TIE,x11 lineal,MovingAverage3M,MovingAverage3M,x11 lineal,,,ML,SCP,SCP,ML,,,MovingAverage3M,x11 lineal,x11 lineal,MovingAverage3M,,,73.00710339384372,94.16232638888889,94.16232638888889,20.937263794406647,0.0,0.0,18432.0,5654.0,5931.0,-12778.0,-12501.0,14870.0,15147.0,107262436,107918649,3,4956.666666666667,5049.0,5979.477011690348,5997.739824300484,0.8067491319444444,0.82177734375,-0.6932508680555556,-0.67822265625,SCP,x11 lineal,ML,MovingAverage3M,1.828744965999871,15360.0,5802.0,14631.0,-9558.0,-729.0,9558.0,1805.0,42584292,1750011.0,3,3186.0,601.6666666666666,3767.593927163595,763.7650162189939,0.622265625,0.11751302083333333,-0.622265625,-0.0474609375,ML,MovingAverage3M,SCP,x11 lineal,81.1152960870475,33792.0,11456.0,20562.0,-22336.0,-13230.0,24428.0,16952.0,149846728,109668660,6,4071.3333333333335,2825.3333333333335,4997.444813769,4275.2906333955825,0.7228929924242424,0.501657196969697,-0.6609848484848485,-0.3915127840909091,ML,MovingAverage3M,SCP,x11 lineal,30.604224660225967,2026-07-14 13:03:02.206,0,,"
"22303,66,66,10592,1,985,CONSUMIBLES DOMESTICOS,""3644"",JUAN FORNES - SUPERMERCADOS MAS Y MAS,Enrique Malonda Escriva,,,,,,preserve current forecast,preserve current forecast,success,,NOT_COMPARABLE_MISSING_SCP_AND_ML,1,0,0,0.0,0.0,0.0,0.0,0.0,0.0,,,,,,,,,,,,,,,,,,,,,,,,,,,,,,,,,,,,,,,,,,,,,,,,,,,,,,,,,,,,,,,,,,,,,,,,,,,,,,,,,,,,,,,,,,,,,,,,,,,,,,,,,,,,,,,,,,,,,,,,,,,,,,,,,,,,,,,,,,,,,,,,,,,,,,,,,,,,,,,,,,,,,,,,,,,,,,,,,,,,,,,,,,,,,,,,,,,,,,,,,,2026-07-14 13:03:02.206,1,MissingHistory,NoForecastRowsMaterialized"
"22304,66,66,10592,1,1099,CONSUMIBLES DOMESTICOS,""4145"",""SUPER JAROCAL, S.L."",Enrique Malonda Escriva,,CrostonClassic,intermittent_insuficient,intermittent_insuficient_insuficient,insuficient,seasonal discrete,seasonal discrete,success,intermittent_insuficient,COMPARABLE,1,1,1,0.0,10776.0,600.0,1440.0,960.0,1704.0,864.0,0.0,0.0,3072.0,0.0,0.0,2974.0,0.0,1486.0,1109.0,0.0,0.0,864.0,-10776.0,-600.0,1632.0,-960.0,-1704.0,2974.0,-10776.0,886.0,-331.0,-960.0,-1704.0,864.0,10776.0,600.0,1632.0,960.0,1704.0,2974.0,10776.0,886.0,331.0,960.0,1704.0,746496.0,116122176,360000.0,2663424.0,921600.0,2903616.0,8844676.0,116122176,784996.0,109561.0,921600.0,2903616.0,0,1,1,1,1,1,,10776.0,600.0,1632.0,960.0,1704.0,,10776.0,886.0,331.0,960.0,1704.0,,10776.0,600.0,1632.0,960.0,1704.0,,10776.0,886.0,331.0,960.0,1704.0,,1.0,1.0,1.1333333333333333,1.0,1.0,,1.0,1.4766666666666666,0.2298611111111111,1.0,1.0,,-1.0,-1.0,1.1333333333333333,-1.0,-1.0,,-1.0,1.4766666666666666,-0.2298611111111111,-1.0,-1.0,,TIE,SCP,ML,TIE,TIE,,,seasonal discrete,CrostonClassic,,,,,ML,SCP,,,,,CrostonClassic,seasonal discrete,,,,0.0,32.27990970654627,79.71813725490196,0.0,0.0,4104.0,3072.0,1109.0,-1032.0,-2995.0,4296.0,2995.0,6488640.0,3934777.0,3,1432.0,998.3333333333334,1470.673315185939,1145.247717017298,1.0467836257309941,0.729775828460039,-0.25146198830409355,-0.729775828460039,ML,CrostonClassic,SCP,seasonal discrete,30.283985102420857,11376.0,864.0,4460.0,-10512.0,-6916.0,12240.0,14636.0,117228672,125751848,2,6120.0,7318.0,7656.0,7929.434027722281,1.0759493670886076,1.2865682137834036,-0.9240506329113924,-0.6079465541490858,SCP,seasonal discrete,ML,CrostonClassic,16.370593058212624,15480.0,3936.0,5569.0,-11544.0,-9911.0,16536.0,17631.0,123717312,129686625,5,3307.2,3526.2,4974.280088615839,5092.870016012583,1.0682170542635658,1.138953488372093,-0.7457364341085271,-0.6402454780361757,SCP,seasonal discrete,ML,CrostonClassic,6.210651693040678,2026-07-14 13:03:02.206,0,,"
"22305,66,66,10592,1,1151,FILM ALIMENTARIO PROFESIONAL,""2818"",""SUPER JAROCAL, S.L."",Enrique Malonda Escriva,,,,,,preserve current forecast,preserve current forecast,success,,NOT_COMPARABLE_ML_EXCLUDED,1,1,0,0.0,0.0,0.0,90.0,0.0,144.0,60.0,189.0,0.0,0.0,0.0,523.0,,,,,,,,,,,,,,,,,,,,,,,,,,,,,,,,,,,,,,,,,,,,,,,,,,,,,,,,,,,,,,,,,,,,,,,,,,,,,,,,,,,,,,,,,,,,,,,,,,,,,,,,,,,,,,,,,,,,,,,,,,,,,,,,,,,,,,,,,,,,,,,,,,,,,,,,,,,,,,,,,,,,,,,,,,,,,,,,,,,,,,,,,,,,,,,,,,,,2026-07-14 13:03:02.206,1,MissingHistory,"
"22306,66,66,10592,1,1026,CONSUMIBLES DOMESTICOS,""3747"",VEGALSA,Enrique Malonda Escriva,,MovingAverage12M,smooth_insuficient,smooth_insuficient_insuficient,insuficient,x11 seasonal,x11 seasonal,success,smooth_insuficient,COMPARABLE,1,1,1,4480.0,11200.0,6720.0,8960.0,4480.0,6720.0,5330.0,0.0,0.0,5911.0,0.0,0.0,5414.0,5413.0,5413.0,5474.0,0.0,0.0,850.0,-11200.0,-6720.0,-3049.0,-4480.0,-6720.0,934.0,-5787.0,-1307.0,-3486.0,-4480.0,-6720.0,850.0,11200.0,6720.0,3049.0,4480.0,6720.0,934.0,5787.0,1307.0,3486.0,4480.0,6720.0,722500.0,125440000,45158400,9296401.0,20070400,45158400,872356.0,33489369,1708249.0,12152196,20070400,45158400,1,1,1,1,1,1,850.0,11200.0,6720.0,3049.0,4480.0,6720.0,934.0,5787.0,1307.0,3486.0,4480.0,6720.0,850.0,11200.0,6720.0,3049.0,4480.0,6720.0,934.0,5787.0,1307.0,3486.0,4480.0,6720.0,0.18973214285714285,1.0,1.0,0.34029017857142857,1.0,1.0,0.20848214285714287,0.5166964285714286,0.19449404761904762,0.3890625,1.0,1.0,0.18973214285714285,-1.0,-1.0,-0.34029017857142857,-1.0,-1.0,0.20848214285714287,-0.5166964285714286,-0.19449404761904762,-0.3890625,-1.0,-1.0,SCP,ML,ML,SCP,TIE,TIE,x11 seasonal,MovingAverage12M,MovingAverage12M,x11 seasonal,,,ML,SCP,SCP,ML,,,MovingAverage12M,x11 seasonal,x11 seasonal,MovingAverage12M,,,8.993576017130628,48.33035714285714,80.55059523809524,12.535857716580603,0.0,0.0,20160.0,5911.0,5474.0,-14249.0,-14686.0,14249.0,14686.0,74525201,77380996,3,4749.666666666667,4895.333333333333,4984.148238833459,5078.746433258244,0.7067956349206349,0.7284722222222222,-0.7067956349206349,-0.7284722222222222,SCP,x11 seasonal,ML,MovingAverage12M,2.975623042353259,22400.0,5330.0,16240.0,-17070.0,-6160.0,18770.0,8028.0,171320900,36069974,3,6256.666666666667,2676.0,7556.915155449786,3467.466606424158,0.8379464285714285,0.3583928571428571,-0.7620535714285714,-0.275,ML,MovingAverage12M,SCP,x11 seasonal,57.22962173681406,42560.0,11241.0,21714.0,-31319.0,-20846.0,33019.0,22714.0,245846101,113450970,6,5503.166666666667,3785.6666666666665,6401.121008594249,4348.38993191733,0.7758223684210527,0.5336936090225564,-0.7358787593984962,-0.4898026315789474,ML,MovingAverage12M,SCP,x11 seasonal,31.209303734213645,2026-07-14 13:03:02.206,0,,"
"22307,66,66,10592,1,1041,CONSUMIBLES DOMESTICOS,""3760"",AHORRAMAS (GRUPO IFA),Enrique Malonda Escriva,,SeasonalNaive,smooth_insuficient,smooth_insuficient_insuficient,insuficient,x11 seasonal,x11 seasonal,success,smooth_insuficient,COMPARABLE,1,1,1,10752.0,12288.0,16896.0,29184.0,0.0,33792.0,13815.0,0.0,0.0,27430.0,0.0,0.0,9216.0,23040.0,16174.0,26612.0,0.0,0.0,3063.0,-12288.0,-16896.0,-1754.0,0.0,-33792.0,-1536.0,10752.0,-722.0,-2572.0,0.0,-33792.0,3063.0,12288.0,16896.0,1754.0,0.0,33792.0,1536.0,10752.0,722.0,2572.0,0.0,33792.0,9381969.0,150994944,285474816,3076516.0,0.0,1141899264,2359296.0,115605504,521284.0,6615184.0,0.0,1141899264,1,1,1,1,0,1,3063.0,12288.0,16896.0,1754.0,,33792.0,1536.0,10752.0,722.0,2572.0,,33792.0,3063.0,12288.0,16896.0,1754.0,,33792.0,1536.0,10752.0,722.0,2572.0,,33792.0,0.28487723214285715,1.0,1.0,0.06010142543859649,,1.0,0.14285714285714285,0.875,0.042732007575757576,0.08813048245614036,,1.0,0.28487723214285715,-1.0,-1.0,-0.06010142543859649,,-1.0,-0.14285714285714285,0.875,-0.042732007575757576,-0.08813048245614036,,-1.0,ML,ML,ML,SCP,,TIE,SeasonalNaive,SeasonalNaive,SeasonalNaive,x11 seasonal,,,SCP,SCP,SCP,ML,,,x11 seasonal,x11 seasonal,x11 seasonal,SeasonalNaive,,,49.853085210577866,12.5,95.72679924242425,31.804043545878695,,0.0,62976.0,27430.0,26612.0,-35546.0,-36364.0,35546.0,36364.0,1144975780,1148514448,2,17773.0,18182.0,23926.719164983737,23963.66466131589,0.5644372459349594,0.5774263211382114,-0.5644372459349594,-0.5774263211382114,SCP,x11 seasonal,ML,SeasonalNaive,2.2494775052249403,39936.0,13815.0,48430.0,-26121.0,8494.0,32247.0,13010.0,445851729,118486084,3,10749.0,4336.666666666667,12190.86719638927,6284.533501647782,0.8074669471153846,0.325771233974359,-0.6540715144230769,0.2126903044871795,ML,SeasonalNaive,SCP,x11 seasonal,59.65516172047012,102912.0,41245.0,75042.0,-61667.0,-27870.0,67793.0,49374.0,1590827509,1267000532,5,13558.6,9874.8,17837.194336554167,15918.545988877251,0.6587472792288557,0.47976912313432835,-0.5992206934079602,-0.27081389925373134,ML,SeasonalNaive,SCP,x11 seasonal,27.169471774371985,2026-07-14 13:03:02.206,0,,"
"22308,66,66,10592,1,1093,CONSUMIBLES DOMESTICOS,""4145"",FRAGADIS,Enrique Malonda Escriva,,,,,,average,average,success,,NOT_COMPARABLE_ML_EXCLUDED,1,1,0,864.0,0.0,3072.0,0.0,3840.0,384.0,1936.0,0.0,0.0,2701.0,0.0,0.0,,,,,,,,,,,,,,,,,,,,,,,,,,,,,,,,,,,,,,,,,,,,,,,,,,,,,,,,,,,,,,,,,,,,,,,,,,,,,,,,,,,,,,,,,,,,,,,,,,,,,,,,,,,,,,,,,,,,,,,,,,,,,,,,,,,,,,,,,,,,,,,,,,,,,,,,,,,,,,,,,,,,,,,,,,,,,,,,,,,,,,,,,,,,,,,,,,,,2026-07-14 13:03:02.206,1,ShortSeries,"
"22309,66,66,10592,1,1193,""LÁMINA INDUSTRIAL, SEMITUBO Y TUBO"",""3485"",PAYAN HERMANOS,José Mateos-Aparicio Martinez,,TSB,intermittent_insuficient,intermittent_insuficient_insuficient,insuficient,syntetos-boylan,syntetos-boylan,success,intermittent_insuficient,COMPARABLE,1,1,1,0.0,3.84,0.0,0.0,14.4,24.0,19.200000000000003,0.0,0.0,0.0,0.0,0.0,0.0,0.0,14.100000000000001,30.5,0.0,0.0,19.200000000000003,-3.84,0.0,0.0,-14.4,-24.0,0.0,-3.84,14.100000000000001,30.5,-14.4,-24.0,19.200000000000003,3.84,0.0,0.0,14.4,24.0,0.0,3.84,14.100000000000001,30.5,14.4,24.0,368.6400000000001,14.7456,0.0,0.0,207.36,576.0,0.0,14.7456,198.81000000000003,930.25,207.36,576.0,0,1,0,0,1,1,,3.84,,,14.4,24.0,,3.84,,,14.4,24.0,,3.84,,,14.4,24.0,,3.84,,,14.4,24.0,,1.0,,,1.0,1.0,,1.0,,,1.0,1.0,,-1.0,,,-1.0,-1.0,,-1.0,,,-1.0,-1.0,,TIE,,,TIE,TIE,,,,,,,,,,,,,,,,,,,,0.0,,,0.0,0.0,38.4,0.0,30.5,-38.4,-7.899999999999999,38.4,68.9,783.36,1713.6100000000001,2,19.2,34.45,19.790907002964772,29.27123161057628,1.0,1.7942708333333335,-1.0,-0.20572916666666663,SCP,syntetos-boylan,ML,TSB,44.26705370101597,3.84,19.200000000000003,14.100000000000001,15.360000000000003,10.260000000000002,23.040000000000003,17.94,383.3856000000001,213.55560000000003,1,23.040000000000003,17.94,19.580234932196298,14.613541665181648,6.000000000000001,4.671875000000001,4.000000000000001,2.6718750000000004,ML,TSB,SCP,syntetos-boylan,22.135416666666664,42.24,19.200000000000003,44.6,-23.04,2.3600000000000065,61.440000000000005,86.84,1166.7456000000002,1927.1656000000003,3,20.48,28.94666666666667,19.720933040807175,25.345384852736668,1.4545454545454546,2.055871212121212,-0.5454545454545454,0.05587121212121227,SCP,syntetos-boylan,ML,TSB,29.249193919852594,2026-07-14 13:03:02.206,0,,NoForecastRowsMaterialized"
"22310,66,66,10592,1,1310,SACO INDUSTRIAL,""35"",DOLZ ESPAÑA,José Mateos-Aparicio Martinez,,,,,,preserve current forecast,preserve current forecast,success,,NOT_COMPARABLE_MISSING_SCP_AND_ML,1,0,0,0.0,0.0,0.0,5.76,0.0,0.0,,,,,,,,,,,,,,,,,,,,,,,,,,,,,,,,,,,,,,,,,,,,,,,,,,,,,,,,,,,,,,,,,,,,,,,,,,,,,,,,,,,,,,,,,,,,,,,,,,,,,,,,,,,,,,,,,,,,,,,,,,,,,,,,,,,,,,,,,,,,,,,,,,,,,,,,,,,,,,,,,,,,,,,,,,,,,,,,,,,,,,,,,,,,,,,,,,,,,,,,,,2026-07-14 13:03:02.206,1,MissingHistory,NoForecastRowsMaterialized"
"22311,66,66,10592,1,1359,SACO INDUSTRIAL,""3502"",FAERCH BUÑOL S.L.U.,José Mateos-Aparicio Martinez,,SeasonalNaive,smooth_insuficient,smooth_insuficient_insuficient,insuficient,x11 seasonal,x11 seasonal,success,smooth_insuficient,COMPARABLE,1,1,1,26.08,75.6,0.0,25.2,25.2,25.2,0.0,0.0,0.0,41.099999999999994,0.0,0.0,0.0,50.4,28.200000000000003,31.5,0.0,0.0,-26.08,-75.6,0.0,15.899999999999995,-25.2,-25.2,-26.08,-25.199999999999996,28.200000000000003,6.300000000000001,-25.2,-25.2,26.08,75.6,0.0,15.899999999999995,25.2,25.2,26.08,25.199999999999996,28.200000000000003,6.300000000000001,25.2,25.2,680.1664,5715.359999999999,0.0,252.80999999999983,635.04,635.04,680.1664,635.0399999999997,795.2400000000001,39.69000000000001,635.04,635.04,1,1,0,1,1,1,26.08,75.6,,15.899999999999995,25.2,25.2,26.08,25.199999999999996,,6.300000000000001,25.2,25.2,26.08,75.6,,15.899999999999995,25.2,25.2,26.08,25.199999999999996,,6.300000000000001,25.2,25.2,1.0,1.0,,0.6309523809523808,1.0,1.0,1.0,0.3333333333333333,,0.25000000000000006,1.0,1.0,-1.0,-1.0,,0.6309523809523808,-1.0,-1.0,-1.0,-0.3333333333333333,,0.25000000000000006,-1.0,-1.0,TIE,ML,,ML,TIE,TIE,,SeasonalNaive,,SeasonalNaive,,,,SCP,,SCP,,,,x11 seasonal,,x11 seasonal,,,0.0,66.66666666666667,,60.377358490566024,0.0,0.0,75.6,41.099999999999994,31.5,-34.5,-44.099999999999994,66.3,56.7,1522.8899999999999,1309.77,3,22.099999999999998,18.900000000000002,22.53064579633704,20.89473617923902,0.876984126984127,0.7500000000000001,-0.4563492063492064,-0.5833333333333333,ML,SeasonalNaive,SCP,x11 seasonal,14.479638009049761,101.67999999999999,0.0,78.6,-101.67999999999999,-23.07999999999999,101.67999999999999,79.47999999999999,6395.526399999999,2110.4464,2,50.839999999999996,39.739999999999995,56.54876833318299,32.48419923593623,1.0,0.7816679779701022,-1.0,-0.22698662470495665,ML,SeasonalNaive,SCP,x11 seasonal,21.833202202989778,177.27999999999997,41.099999999999994,110.1,-136.18,-67.17999999999999,167.97999999999996,136.17999999999998,7918.416399999998,3420.2164,5,33.59599999999999,27.235999999999997,39.7955183406373,26.1542210742358,0.9475406137184115,0.7681633574007221,-0.7681633574007222,-0.3789485559566787,ML,SeasonalNaive,SCP,x11 seasonal,18.930825098225966,2026-07-14 13:03:02.206,0,,NoForecastRowsMaterialized"
"22312,66,66,10592,1,1410,SACO INDUSTRIAL,""3679"",""PROCAVI, S.L."",José Mateos-Aparicio Martinez,,TSB,intermittent_insuficient,intermittent_insuficient_insuficient,insuficient,seasonal discrete,seasonal discrete,success,intermittent_insuficient,COMPARABLE,1,1,1,45.0,23.5,53.0,0.0,46.4,0.0,64.6,0.0,0.0,48.2,0.0,0.0,37.0,36.9,37.0,45.2,0.0,0.0,19.599999999999994,-23.5,-53.0,48.2,-46.4,0.0,-8.0,13.399999999999999,-16.0,45.2,-46.4,0.0,19.599999999999994,23.5,53.0,48.2,46.4,0.0,8.0,13.399999999999999,16.0,45.2,46.4,0.0,384.1599999999998,552.25,2809.0,2323.2400000000002,2152.96,0.0,64.0,179.55999999999997,256.0,2043.0400000000002,2152.96,0.0,1,1,1,0,1,0,19.599999999999994,23.5,53.0,,46.4,,8.0,13.399999999999999,16.0,,46.4,,19.599999999999994,23.5,53.0,,46.4,,8.0,13.399999999999999,16.0,,46.4,,0.4355555555555554,1.0,1.0,,1.0,,0.17777777777777778,0.5702127659574467,0.3018867924528302,,1.0,,0.4355555555555554,-1.0,-1.0,,-1.0,,-0.17777777777777778,0.5702127659574467,-0.3018867924528302,,-1.0,,ML,ML,ML,,TIE,,TSB,TSB,TSB,,,,SCP,SCP,SCP,,,,seasonal discrete,seasonal discrete,seasonal discrete,,,,59.18367346938774,42.97872340425533,69.81132075471699,,0.0,,46.4,48.2,45.2,1.8000000000000043,-1.1999999999999957,94.6,91.6,4476.200000000001,4196.0,1,94.6,91.6,66.90440942120333,64.77653896280658,2.038793103448276,1.9741379310344827,0.038793103448275953,-0.02586206896551715,ML,TSB,SCP,seasonal discrete,3.1712473572938715,121.5,64.6,110.9,-56.900000000000006,-10.600000000000001,96.1,37.4,3745.41,499.55999999999995,3,32.03333333333333,12.466666666666667,35.333694966702815,12.904262861550828,0.7909465020576131,0.30781893004115224,-0.4683127572016461,-0.08724279835390948,ML,TSB,SCP,seasonal discrete,61.08220603537981,167.9,112.8,156.10000000000002,-55.1,-11.799999999999997,190.70000000000002,129.0,8221.61,4695.56,4,47.675000000000004,32.25,45.336547067459826,34.2620781623065,1.13579511614056,0.768314472900536,-0.32817153067301963,-0.07027992852888622,ML,TSB,SCP,seasonal discrete,32.354483481908765,2026-07-14 13:03:02.206,0,,"
"22313,66,66,10592,1,1412,SACO INDUSTRIAL,""3679"",UVESA,José Mateos-Aparicio Martinez,,,,,,preserve current forecast,preserve current forecast,success,,NOT_COMPARABLE_MISSING_SCP_AND_ML,1,0,0,0.0,0.0,0.0,0.0,22.5,0.0,,,,,,,,,,,,,,,,,,,,,,,,,,,,,,,,,,,,,,,,,,,,,,,,,,,,,,,,,,,,,,,,,,,,,,,,,,,,,,,,,,,,,,,,,,,,,,,,,,,,,,,,,,,,,,,,,,,,,,,,,,,,,,,,,,,,,,,,,,,,,,,,,,,,,,,,,,,,,,,,,,,,,,,,,,,,,,,,,,,,,,,,,,,,,,,,,,,,,,,,,,2026-07-14 13:03:02.206,1,MissingHistory,NoForecastRowsMaterialized"
"22314,66,66,10592,1,1662,MASCOTAS,""3433"",GRUPO EMPRESARIAL EL JAMON S.L (antiguo CASH LEPE) - BP,Enrique Malonda Escriva,,,,,,preserve current forecast,preserve current forecast,success,,NOT_COMPARABLE_MISSING_SCP_AND_ML,1,0,0,0.0,0.0,0.0,0.0,0.0,0.0,,,,,,,,,,,,,,,,,,,,,,,,,,,,,,,,,,,,,,,,,,,,,,,,,,,,,,,,,,,,,,,,,,,,,,,,,,,,,,,,,,,,,,,,,,,,,,,,,,,,,,,,,,,,,,,,,,,,,,,,,,,,,,,,,,,,,,,,,,,,,,,,,,,,,,,,,,,,,,,,,,,,,,,,,,,,,,,,,,,,,,,,,,,,,,,,,,,,,,,,,,2026-07-14 13:03:02.206,1,MissingHistory,NoForecastRowsMaterialized"
"22315,66,66,10592,1,72,CONSUMIBLES DOMESTICOS,""282"",AHORRAMAS (GRUPO IFA),Enrique Malonda Escriva,,HistoricAverage,smooth_insuficient,smooth_insuficient_insuficient,insuficient,x11 seasonal,x11 seasonal,success,smooth_insuficient,COMPARABLE,1,1,1,480.0,3360.0,1360.0,2400.0,2400.0,960.0,2714.0,0.0,0.0,3100.0,0.0,0.0,2304.0,2303.0,2304.0,2880.0,0.0,0.0,2234.0,-3360.0,-1360.0,700.0,-2400.0,-960.0,1824.0,-1057.0,944.0,480.0,-2400.0,-960.0,2234.0,3360.0,1360.0,700.0,2400.0,960.0,1824.0,1057.0,944.0,480.0,2400.0,960.0,4990756.0,11289600,1849600.0,490000.0,5760000.0,921600.0,3326976.0,1117249.0,891136.0,230400.0,5760000.0,921600.0,1,1,1,1,1,1,2234.0,3360.0,1360.0,700.0,2400.0,960.0,1824.0,1057.0,944.0,480.0,2400.0,960.0,2234.0,3360.0,1360.0,700.0,2400.0,960.0,1824.0,1057.0,944.0,480.0,2400.0,960.0,4.654166666666667,1.0,1.0,0.2916666666666667,1.0,1.0,3.8,0.3145833333333333,0.6941176470588235,0.2,1.0,1.0,4.654166666666667,-1.0,-1.0,0.2916666666666667,-1.0,-1.0,3.8,-0.3145833333333333,0.6941176470588235,0.2,-1.0,-1.0,ML,ML,ML,ML,TIE,TIE,HistoricAverage,HistoricAverage,HistoricAverage,HistoricAverage,,,SCP,SCP,SCP,SCP,,,x11 seasonal,x11 seasonal,x11 seasonal,x11 seasonal,,,18.352730528200542,68.54166666666667,30.58823529411765,31.428571428571427,0.0,0.0,5760.0,3100.0,2880.0,-2660.0,-2880.0,4060.0,3840.0,7171600.0,6912000.0,3,1353.3333333333333,1280.0,1546.1349660793956,1517.893276880822,0.7048611111111112,0.6666666666666666,-0.4618055555555556,-0.5,ML,HistoricAverage,SCP,x11 seasonal,5.418719211822673,5200.0,2714.0,6911.0,-2486.0,1711.0,6954.0,3825.0,18129956,5335361.0,3,2318.0,1275.0,2458.3162259291757,1333.5867675808224,1.3373076923076923,0.7355769230769231,-0.47807692307692307,0.32903846153846156,ML,HistoricAverage,SCP,x11 seasonal,44.99568593615185,10960.0,5814.0,9791.0,-5146.0,-1169.0,11014.0,7665.0,25301556,12247361,6,1835.6666666666667,1277.5,2053.5155222203703,1428.715098727991,1.00492700729927,0.6993613138686131,-0.4695255474452555,-0.10666058394160584,ML,HistoricAverage,SCP,x11 seasonal,30.406755039041215,2026-07-14 13:03:02.206,0,,"
"22316,66,66,10592,1,75,CONSUMIBLES DOMESTICOS,""283"",CASALMA S.L,Enrique Malonda Escriva,,,,,,preserve current forecast,preserve current forecast,success,,NOT_COMPARABLE_ML_EXCLUDED,1,1,0,0.0,0.0,0.0,0.0,0.0,0.0,0.0,0.0,0.0,87.0,0.0,0.0,,,,,,,,,,,,,,,,,,,,,,,,,,,,,,,,,,,,,,,,,,,,,,,,,,,,,,,,,,,,,,,,,,,,,,,,,,,,,,,,,,,,,,,,,,,,,,,,,,,,,,,,,,,,,,,,,,,,,,,,,,,,,,,,,,,,,,,,,,,,,,,,,,,,,,,,,,,,,,,,,,,,,,,,,,,,,,,,,,,,,,,,,,,,,,,,,,,,2026-07-14 13:03:02.206,1,MissingHistory,NoForecastRowsMaterialized"
"22317,66,66,10592,1,272,CONSUMIBLES DOMESTICOS,""2681"",FRAGADIS,Enrique Malonda Escriva,,,,,,preserve current forecast,preserve current forecast,success,,NOT_COMPARABLE_ML_EXCLUDED,1,1,0,3840.0,3200.0,0.0,3200.0,6400.0,1600.0,3385.0,0.0,0.0,2911.0,0.0,0.0,,,,,,,,,,,,,,,,,,,,,,,,,,,,,,,,,,,,,,,,,,,,,,,,,,,,,,,,,,,,,,,,,,,,,,,,,,,,,,,,,,,,,,,,,,,,,,,,,,,,,,,,,,,,,,,,,,,,,,,,,,,,,,,,,,,,,,,,,,,,,,,,,,,,,,,,,,,,,,,,,,,,,,,,,,,,,,,,,,,,,,,,,,,,,,,,,,,,2026-07-14 13:03:02.206,1,MissingHistory,"
"22318,66,66,10592,1,306,CONSUMIBLES DOMESTICOS,""2695"",COVIRAN,José Luís Sabater _,,AutoTheta,smooth_insuficient,smooth_insuficient_insuficient,insuficient,x11 lineal,x11 lineal,success,smooth_insuficient,COMPARABLE,1,1,1,24516.0,7560.0,9072.0,9072.0,9072.0,10584.0,9679.0,0.0,0.0,7984.0,0.0,0.0,8964.0,8889.0,8813.0,7685.0,0.0,0.0,-14837.0,-7560.0,-9072.0,-1088.0,-9072.0,-10584.0,-15552.0,1329.0,-259.0,-1387.0,-9072.0,-10584.0,14837.0,7560.0,9072.0,1088.0,9072.0,10584.0,15552.0,1329.0,259.0,1387.0,9072.0,10584.0,220136569,57153600,82301184,1183744.0,82301184,112021056,241864704,1766241.0,67081.0,1923769.0,82301184,112021056,1,1,1,1,1,1,14837.0,7560.0,9072.0,1088.0,9072.0,10584.0,15552.0,1329.0,259.0,1387.0,9072.0,10584.0,14837.0,7560.0,9072.0,1088.0,9072.0,10584.0,15552.0,1329.0,259.0,1387.0,9072.0,10584.0,0.6051966062979279,1.0,1.0,0.11992945326278659,1.0,1.0,0.6343612334801763,0.1757936507936508,0.02854938271604938,0.15288800705467373,1.0,1.0,-0.6051966062979279,-1.0,-1.0,-0.11992945326278659,-1.0,-1.0,-0.6343612334801763,0.1757936507936508,-0.02854938271604938,-0.15288800705467373,-1.0,-1.0,SCP,ML,ML,SCP,TIE,TIE,x11 lineal,AutoTheta,AutoTheta,x11 lineal,,,ML,SCP,SCP,ML,,,AutoTheta,x11 lineal,x11 lineal,AutoTheta,,,4.597479423868312,82.42063492063491,97.14506172839506,21.557317952415296,0.0,0.0,28728.0,7984.0,7685.0,-20744.0,-21043.0,20744.0,21043.0,195505984,196246009,3,6914.666666666667,7014.333333333333,8072.710903614308,8087.974798015467,0.72208298524088,0.7324909495962127,-0.72208298524088,-0.7324909495962127,SCP,x11 lineal,ML,AutoTheta,1.4209000617782606,41148.0,9679.0,26666.0,-31469.0,-14482.0,31469.0,17140.0,359591353,243698026,3,10489.666666666666,5713.333333333333,10948.232018610737,9012.917137826871,0.7647759307864295,0.4165451540779625,-0.7647759307864295,-0.3519490619228152,ML,AutoTheta,SCP,x11 lineal,45.53369983158028,69876.0,17663.0,34351.0,-52213.0,-35525.0,52213.0,38183.0,555097337,439944035,6,8702.166666666666,6363.833333333333,9618.535378805514,8562.943759790398,0.7472236533287538,0.5464394069494534,-0.7472236533287538,-0.5084005953403171,ML,AutoTheta,SCP,x11 lineal,26.87070269856166,2026-07-14 13:03:02.206,0,,"
"22319,66,66,10592,1,423,CONSUMIBLES DOMESTICOS,""2762"",HERMANOS AYALA SOUSA S.L,Enrique Malonda Escriva,,,,,,preserve current forecast,preserve current forecast,success,,NOT_COMPARABLE_MISSING_SCP_AND_ML,1,0,0,0.0,0.0,0.0,0.0,0.0,0.0,,,,,,,,,,,,,,,,,,,,,,,,,,,,,,,,,,,,,,,,,,,,,,,,,,,,,,,,,,,,,,,,,,,,,,,,,,,,,,,,,,,,,,,,,,,,,,,,,,,,,,,,,,,,,,,,,,,,,,,,,,,,,,,,,,,,,,,,,,,,,,,,,,,,,,,,,,,,,,,,,,,,,,,,,,,,,,,,,,,,,,,,,,,,,,,,,,,,,,,,,,2026-07-14 13:03:02.206,1,MissingHistory,NoForecastRowsMaterialized"
"22320,66,66,10592,1,492,CONSUMIBLES DOMESTICOS,""2790"",SUPER DEZA,Enrique Malonda Escriva,,,,,,preserve current forecast,preserve current forecast,success,,NOT_COMPARABLE_ML_EXCLUDED,1,1,0,0.0,0.0,0.0,0.0,864.0,0.0,0.0,0.0,0.0,288.0,0.0,0.0,,,,,,,,,,,,,,,,,,,,,,,,,,,,,,,,,,,,,,,,,,,,,,,,,,,,,,,,,,,,,,,,,,,,,,,,,,,,,,,,,,,,,,,,,,,,,,,,,,,,,,,,,,,,,,,,,,,,,,,,,,,,,,,,,,,,,,,,,,,,,,,,,,,,,,,,,,,,,,,,,,,,,,,,,,,,,,,,,,,,,,,,,,,,,,,,,,,,2026-07-14 13:03:02.206,1,MissingHistory,NoForecastRowsMaterialized"
"22321,66,66,10592,1,509,CONSUMIBLES DOMESTICOS,""2814"",COVIRAN,José Luís Sabater _,,,,,,preserve current forecast,preserve current forecast,success,,NOT_COMPARABLE_MISSING_SCP_AND_ML,1,0,0,0.0,0.0,0.0,0.0,0.0,0.0,,,,,,,,,,,,,,,,,,,,,,,,,,,,,,,,,,,,,,,,,,,,,,,,,,,,,,,,,,,,,,,,,,,,,,,,,,,,,,,,,,,,,,,,,,,,,,,,,,,,,,,,,,,,,,,,,,,,,,,,,,,,,,,,,,,,,,,,,,,,,,,,,,,,,,,,,,,,,,,,,,,,,,,,,,,,,,,,,,,,,,,,,,,,,,,,,,,,,,,,,,2026-07-14 13:03:02.206,1,MissingHistory,NoForecastRowsMaterialized"
"22322,66,66,10592,1,523,CONSUMIBLES DOMESTICOS,""2814"",""SUPER JAROCAL, S.L."",Enrique Malonda Escriva,,MovingAverage12M,intermittent_insuficient,intermittent_insuficient_insuficient,insuficient,preserve current forecast,preserve current forecast,success,intermittent_insuficient,COMPARABLE,1,1,1,0.0,0.0,300.0,400.0,540.0,480.0,440.0,1550.0,313.0,0.0,1000.0,1000.0,495.0,495.0,495.0,373.0,747.0,0.0,440.0,1550.0,13.0,-400.0,460.0,520.0,495.0,495.0,195.0,-27.0,207.0,-480.0,440.0,1550.0,13.0,400.0,460.0,520.0,495.0,495.0,195.0,27.0,207.0,480.0,193600.0,2402500.0,169.0,160000.0,211600.0,270400.0,245025.0,245025.0,38025.0,729.0,42849.0,230400.0,0,0,1,1,1,1,,,13.0,400.0,460.0,520.0,,,195.0,27.0,207.0,480.0,,,13.0,400.0,460.0,520.0,,,195.0,27.0,207.0,480.0,,,0.043333333333333335,1.0,0.8518518518518519,1.0833333333333333,,,0.65,0.0675,0.38333333333333336,1.0,,,0.043333333333333335,-1.0,0.8518518518518519,1.0833333333333333,,,0.65,-0.0675,0.38333333333333336,-1.0,,,SCP,ML,ML,ML,,,preserve current forecast,MovingAverage12M,MovingAverage12M,MovingAverage12M,,,ML,SCP,SCP,SCP,,,MovingAverage12M,preserve current forecast,preserve current forecast,preserve current forecast,,,93.33333333333333,93.25,54.99999999999999,7.692307692307685,1420.0,2000.0,1120.0,580.0,-300.0,1380.0,714.0,642000.0,273978.0,3,460.0,238.0,462.6013402488151,302.2019192526745,0.971830985915493,0.5028169014084507,0.4084507042253521,-0.2112676056338028,ML,MovingAverage12M,SCP,preserve current forecast,48.2608695652174,300.0,2303.0,1485.0,2003.0,1185.0,2003.0,1185.0,2596269.0,528075.0,1,2003.0,1185.0,1611.2942003246956,726.6876908273595,6.676666666666667,3.95,6.676666666666667,3.95,ML,MovingAverage12M,SCP,preserve current forecast,40.83874188716924,1720.0,4303.0,2605.0,2583.0,885.0,3383.0,1899.0,3238269.0,802053.0,4,845.75,474.75,899.759551213545,447.78705876789246,1.966860465116279,1.1040697674418605,1.5017441860465117,0.5145348837209303,ML,MovingAverage12M,SCP,preserve current forecast,43.8663907774165,2026-07-14 13:03:02.206,0,,"
"22323,66,66,10592,1,525,CONSUMIBLES DOMESTICOS,""2814"",""TRANSGOURMET IBERICA S.A. -GM FOOD IBERICA, S.A.U."",Enrique Malonda Escriva,,,,,,preserve current forecast,preserve current forecast,success,,NOT_COMPARABLE_ML_EXCLUDED,1,1,0,0.0,240.0,960.0,240.0,480.0,1440.0,520.0,520.0,520.0,0.0,0.0,0.0,,,,,,,,,,,,,,,,,,,,,,,,,,,,,,,,,,,,,,,,,,,,,,,,,,,,,,,,,,,,,,,,,,,,,,,,,,,,,,,,,,,,,,,,,,,,,,,,,,,,,,,,,,,,,,,,,,,,,,,,,,,,,,,,,,,,,,,,,,,,,,,,,,,,,,,,,,,,,,,,,,,,,,,,,,,,,,,,,,,,,,,,,,,,,,,,,,,,2026-07-14 13:03:02.206,1,ShortSeries,NoForecastRowsMaterialized"
"22324,66,66,10592,1,1079,CONSUMIBLES DOMESTICOS,""4033"",""FAMILY CASH, S.L."",José Navalón _,,SeasonalNaive,smooth_insuficient,smooth_insuficient_insuficient,insuficient,x11 seasonal,x11 seasonal,success,smooth_insuficient,COMPARABLE,1,1,1,6336.0,14080.0,14784.0,9152.0,4928.0,23936.0,11357.0,0.0,0.0,9835.0,0.0,0.0,17680.0,8840.0,14144.0,11377.0,0.0,0.0,5021.0,-14080.0,-14784.0,683.0,-4928.0,-23936.0,11344.0,-5240.0,-640.0,2225.0,-4928.0,-23936.0,5021.0,14080.0,14784.0,683.0,4928.0,23936.0,11344.0,5240.0,640.0,2225.0,4928.0,23936.0,25210441,198246400,218566656,466489.0,24285184,572932096,128686336,27457600,409600.0,4950625.0,24285184,572932096,1,1,1,1,1,1,5021.0,14080.0,14784.0,683.0,4928.0,23936.0,11344.0,5240.0,640.0,2225.0,4928.0,23936.0,5021.0,14080.0,14784.0,683.0,4928.0,23936.0,11344.0,5240.0,640.0,2225.0,4928.0,23936.0,0.7924558080808081,1.0,1.0,0.0746284965034965,1.0,1.0,1.7904040404040404,0.3721590909090909,0.04329004329004329,0.24311625874125875,1.0,1.0,0.7924558080808081,-1.0,-1.0,0.0746284965034965,-1.0,-1.0,1.7904040404040404,-0.3721590909090909,-0.04329004329004329,0.24311625874125875,-1.0,-1.0,SCP,ML,ML,SCP,TIE,TIE,x11 seasonal,SeasonalNaive,SeasonalNaive,x11 seasonal,,,ML,SCP,SCP,ML,,,SeasonalNaive,x11 seasonal,x11 seasonal,SeasonalNaive,,,55.73871650211566,62.78409090909092,95.67099567099568,69.30337078651685,0.0,0.0,38016.0,9835.0,11377.0,-28181.0,-26639.0,29547.0,31089.0,597683769,602167905,3,9849.0,10363.0,14114.81218436859,14167.661592514129,0.7772253787878788,0.8177872474747475,-0.7412931397306397,-0.7007312710437711,SCP,x11 seasonal,ML,SeasonalNaive,4.959953681366405,35200.0,11357.0,40664.0,-23843.0,5464.0,33885.0,17224.0,442023497,156553536,3,11295.0,5741.333333333333,12138.41693412558,7223.884827431843,0.9626420454545455,0.4893181818181818,-0.6773579545454546,0.1552272727272727,ML,SeasonalNaive,SCP,x11 seasonal,49.16924893020511,73216.0,21192.0,52041.0,-52024.0,-21175.0,63432.0,48313.0,1039707266,758721441,6,10572.0,8052.166666666667,13163.758746396614,11245.157780129188,0.866368006993007,0.6598694274475524,-0.7105550699300699,-0.28921274038461536,ML,SeasonalNaive,SCP,x11 seasonal,23.8349728843486,2026-07-14 13:03:02.206,0,,"
"22325,66,66,10592,1,1088,CONSUMIBLES DOMESTICOS,""4142"",""FAMILY CASH, S.L."",José Navalón _,,HistoricAverage,smooth_insuficient,smooth_insuficient_insuficient,insuficient,x11 seasonal,x11 seasonal,success,smooth_insuficient,COMPARABLE,1,1,1,750.0,2250.0,2250.0,3000.0,750.0,1500.0,1917.0,0.0,0.0,1537.0,0.0,0.0,1495.0,1495.0,1494.0,1462.0,0.0,0.0,1167.0,-2250.0,-2250.0,-1463.0,-750.0,-1500.0,745.0,-755.0,-756.0,-1538.0,-750.0,-1500.0,1167.0,2250.0,2250.0,1463.0,750.0,1500.0,745.0,755.0,756.0,1538.0,750.0,1500.0,1361889.0,5062500.0,5062500.0,2140369.0,562500.0,2250000.0,555025.0,570025.0,571536.0,2365444.0,562500.0,2250000.0,1,1,1,1,1,1,1167.0,2250.0,2250.0,1463.0,750.0,1500.0,745.0,755.0,756.0,1538.0,750.0,1500.0,1167.0,2250.0,2250.0,1463.0,750.0,1500.0,745.0,755.0,756.0,1538.0,750.0,1500.0,1.556,1.0,1.0,0.4876666666666667,1.0,1.0,0.9933333333333333,0.33555555555555555,0.336,0.5126666666666667,1.0,1.0,1.556,-1.0,-1.0,-0.4876666666666667,-1.0,-1.0,0.9933333333333333,-0.33555555555555555,-0.336,-0.5126666666666667,-1.0,-1.0,ML,ML,ML,SCP,TIE,TIE,HistoricAverage,HistoricAverage,HistoricAverage,x11 seasonal,,,SCP,SCP,SCP,ML,,,x11 seasonal,x11 seasonal,x11 seasonal,HistoricAverage,,,36.161096829477295,66.44444444444444,66.39999999999999,4.8764629388816685,0.0,0.0,5250.0,1537.0,1462.0,-3713.0,-3788.0,3713.0,3788.0,4952869.0,5177944.0,3,1237.6666666666667,1262.6666666666667,1284.8954561882977,1313.7660877543358,0.7072380952380952,0.7215238095238096,-0.7072380952380952,-0.7215238095238096,SCP,x11 seasonal,ML,HistoricAverage,1.9799366420274633,5250.0,1917.0,4484.0,-3333.0,-766.0,5667.0,2256.0,11486889,1696586.0,3,1889.0,752.0,1956.773620018422,752.0164005303785,1.0794285714285714,0.4297142857142857,-0.6348571428571429,-0.1459047619047619,ML,HistoricAverage,SCP,x11 seasonal,60.19057702488089,10500.0,3454.0,5946.0,-7046.0,-4554.0,9380.0,6044.0,16439758,6874530.0,6,1563.3333333333333,1007.3333333333334,1655.2823525509677,1070.39945814635,0.8933333333333333,0.5756190476190476,-0.671047619047619,-0.4337142857142857,ML,HistoricAverage,SCP,x11 seasonal,35.565031982942436,2026-07-14 13:03:02.206,0,,"
"22326,66,66,10592,1,1095,CONSUMIBLES DOMESTICOS,""4145"",LIDER ALIMENT,Enrique Malonda Escriva,,SeasonalNaive,smooth_insuficient,smooth_insuficient_insuficient,insuficient,x11 seasonal,x11 seasonal,success,smooth_insuficient,COMPARABLE,1,1,1,2304.0,768.0,1536.0,1536.0,768.0,1536.0,1570.0,0.0,0.0,1901.0,0.0,0.0,1872.0,1536.0,1536.0,768.0,0.0,0.0,-734.0,-768.0,-1536.0,365.0,-768.0,-1536.0,-432.0,768.0,0.0,-768.0,-768.0,-1536.0,734.0,768.0,1536.0,365.0,768.0,1536.0,432.0,768.0,0.0,768.0,768.0,1536.0,538756.0,589824.0,2359296.0,133225.0,589824.0,2359296.0,186624.0,589824.0,0.0,589824.0,589824.0,2359296.0,1,1,1,1,1,1,734.0,768.0,1536.0,365.0,768.0,1536.0,432.0,768.0,0.0,768.0,768.0,1536.0,734.0,768.0,1536.0,365.0,768.0,1536.0,432.0,768.0,0.0,768.0,768.0,1536.0,0.3185763888888889,1.0,1.0,0.23763020833333334,1.0,1.0,0.1875,1.0,0.0,0.5,1.0,1.0,-0.3185763888888889,-1.0,-1.0,0.23763020833333334,-1.0,-1.0,-0.1875,1.0,0.0,-0.5,-1.0,-1.0,ML,TIE,ML,SCP,TIE,TIE,SeasonalNaive,,SeasonalNaive,x11 seasonal,,,SCP,,SCP,ML,,,x11 seasonal,,x11 seasonal,SeasonalNaive,,,41.14441416893733,0.0,100.0,52.47395833333333,0.0,0.0,3840.0,1901.0,768.0,-1939.0,-3072.0,2669.0,3072.0,3082345.0,3538944.0,3,889.6666666666666,1024.0,1013.6312610280592,1086.116015902537,0.6950520833333333,0.8,-0.5049479166666667,-0.8,SCP,x11 seasonal,ML,SeasonalNaive,13.118489583333337,4608.0,1570.0,4944.0,-3038.0,336.0,3038.0,1200.0,3487876.0,776448.0,3,1012.6666666666666,400.0,1078.2510530174934,508.7396190587087,0.6592881944444444,0.2604166666666667,-0.6592881944444444,0.07291666666666667,ML,SeasonalNaive,SCP,x11 seasonal,60.500329163923624,8448.0,3471.0,5712.0,-4977.0,-2736.0,5707.0,4272.0,6570221.0,4315392.0,6,951.1666666666666,712.0,1046.4400763222582,848.0754683399349,0.6755445075757576,0.5056818181818182,-0.5891335227272727,-0.32386363636363635,ML,SeasonalNaive,SCP,x11 seasonal,25.144559313124226,2026-07-14 13:03:02.206,0,,"
"22327,66,66,10592,1,1097,CONSUMIBLES DOMESTICOS,""4145"",SUPER DEZA,Enrique Malonda Escriva,,,,,,preserve current forecast,preserve current forecast,success,,NOT_COMPARABLE_MISSING_SCP_AND_ML,1,0,0,0.0,0.0,0.0,0.0,0.0,0.0,,,,,,,,,,,,,,,,,,,,,,,,,,,,,,,,,,,,,,,,,,,,,,,,,,,,,,,,,,,,,,,,,,,,,,,,,,,,,,,,,,,,,,,,,,,,,,,,,,,,,,,,,,,,,,,,,,,,,,,,,,,,,,,,,,,,,,,,,,,,,,,,,,,,,,,,,,,,,,,,,,,,,,,,,,,,,,,,,,,,,,,,,,,,,,,,,,,,,,,,,,2026-07-14 13:03:02.206,1,MissingHistory,NoForecastRowsMaterialized"
"22328,66,66,10592,1,1131,CONSUMIBLES DOMESTICOS,""4958"",""DIA RETAIL ESPAÑA, S.A."",Enrique Malonda Escriva,,AutoTheta,smooth_insuficient,smooth_insuficient_insuficient,insuficient,x11 seasonal,x11 seasonal,success,smooth_insuficient,COMPARABLE,1,1,1,60960.0,63840.0,52440.0,206688.0,11400.0,18240.0,17386.0,0.0,0.0,19539.0,15923.0,14422.0,51774.0,51775.0,51774.0,18218.0,0.0,0.0,-43574.0,-63840.0,-52440.0,-187149.0,4523.0,-3818.0,-9186.0,-12065.0,-666.0,-188470.0,-11400.0,-18240.0,43574.0,63840.0,52440.0,187149.0,4523.0,3818.0,9186.0,12065.0,666.0,188470.0,11400.0,18240.0,1898693476,4075545600,2749953600,35024748201,20457529,14577124,84382596,145564225,443556.0,35520940900,129960000,332697600,1,1,1,1,1,1,43574.0,63840.0,52440.0,187149.0,4523.0,3818.0,9186.0,12065.0,666.0,188470.0,11400.0,18240.0,43574.0,63840.0,52440.0,187149.0,4523.0,3818.0,9186.0,12065.0,666.0,188470.0,11400.0,18240.0,0.7147965879265092,1.0,1.0,0.9054662099396191,0.3967543859649123,0.2093201754385965,0.15068897637795275,0.18898809523809523,0.012700228832951944,0.9118574856788977,1.0,1.0,-0.7147965879265092,-1.0,-1.0,-0.9054662099396191,0.3967543859649123,-0.2093201754385965,-0.15068897637795275,-0.18898809523809523,-0.012700228832951944,-0.9118574856788977,-1.0,-1.0,ML,ML,ML,SCP,SCP,SCP,AutoTheta,AutoTheta,AutoTheta,x11 seasonal,x11 seasonal,x11 seasonal,SCP,SCP,SCP,ML,ML,ML,x11 seasonal,x11 seasonal,x11 seasonal,AutoTheta,AutoTheta,AutoTheta,78.91862119612614,81.10119047619048,98.7299771167048,0.700907306202582,60.32456140350877,79.06798245614036,236328.0,49884.0,18218.0,-186444.0,-218110.0,195490.0,218110.0,35059782854,35983598500,3,65163.333333333336,72703.33333333333,108104.55256216857,109519.55457055755,0.8271977928980062,0.9229122236891101,-0.7889204833959581,-0.9229122236891101,SCP,x11 seasonal,ML,AutoTheta,10.370913759112371,177240.0,17386.0,155323.0,-159854.0,-21917.0,159854.0,21917.0,8724192676,230390377,3,53284.666666666664,7305.666666666667,53926.47054400402,8763.377906568525,0.9019070187316632,0.12365718799368089,-0.9019070187316632,-0.12365718799368089,ML,AutoTheta,SCP,x11 seasonal,86.28936404469079,413568.0,67270.0,173541.0,-346298.0,-240027.0,355344.0,240027.0,43783975530,36213988877,6,59224.0,40004.5,85424.40667045924,77689.54120622243,0.8592154131847726,0.5803809772516249,-0.8373423475704116,-0.5803809772516249,ML,AutoTheta,SCP,x11 seasonal,32.452215318114284,2026-07-14 13:03:02.206,0,,"
"22329,66,66,10592,1,1147,FILM ALIMENTARIO PROFESIONAL,""2818"",CASALMA S.L,Enrique Malonda Escriva,,,,,,preserve current forecast,preserve current forecast,success,,NOT_COMPARABLE_ML_EXCLUDED,1,1,0,0.0,0.0,0.0,0.0,0.0,72.0,0.0,0.0,0.0,21.0,0.0,0.0,,,,,,,,,,,,,,,,,,,,,,,,,,,,,,,,,,,,,,,,,,,,,,,,,,,,,,,,,,,,,,,,,,,,,,,,,,,,,,,,,,,,,,,,,,,,,,,,,,,,,,,,,,,,,,,,,,,,,,,,,,,,,,,,,,,,,,,,,,,,,,,,,,,,,,,,,,,,,,,,,,,,,,,,,,,,,,,,,,,,,,,,,,,,,,,,,,,,2026-07-14 13:03:02.206,1,MissingHistory,NoForecastRowsMaterialized"
"22330,66,66,10592,1,1190,""LÁMINA INDUSTRIAL, SEMITUBO Y TUBO"",""3482"",ELPOZO ALIMENTACION S.A.,José Mateos-Aparicio Martinez,,CrostonSBA,intermittent_insuficient,intermittent_insuficient_insuficient,insuficient,seasonal discrete,seasonal discrete,success,intermittent_insuficient,COMPARABLE,1,1,1,0.0,-35.02000000000044,2246.8,-16.59999999999991,7920.58,3096.6,2169.2,0.0,0.0,2004.1,0.0,0.0,2995.4,2995.3,2995.4,2922.0,0.0,0.0,2169.2,35.02000000000044,-2246.8,2020.6999999999998,-7920.58,-3096.6,2995.4,3030.3200000000006,748.5999999999999,2938.6,-7920.58,-3096.6,2169.2,35.02000000000044,2246.8,2020.6999999999998,7920.58,3096.6,2995.4,3030.3200000000006,748.5999999999999,2938.6,7920.58,3096.6,4705428.64,1226.4004000000307,5048110.240000001,4083228.4899999993,62735587.5364,9588931.559999999,8972421.16,9182839.302400004,560401.9599999998,8635369.959999999,62735587.5364,9588931.559999999,0,0,1,0,1,1,,,2246.8,,7920.58,3096.6,,,748.5999999999999,,7920.58,3096.6,,,2246.8,,7920.58,3096.6,,,748.5999999999999,,7920.58,3096.6,,,1.0,,1.0,1.0,,,0.3331849741855082,,1.0,1.0,,,-1.0,,-1.0,-1.0,,,0.3331849741855082,,-1.0,-1.0,,,ML,,TIE,TIE,,,CrostonSBA,,,,,,SCP,,,,,,seasonal discrete,,,,,,66.68150258144918,,0.0,0.0,11000.58,2004.1,2922.0,-8996.48,-8078.58,13037.880000000001,13955.78,76407747.58639999,80959889.05639999,2,6518.9400000000005,6977.89,6180.9282307109825,6362.38512888052,1.185199325853728,1.2686403807799225,-0.8178186968323488,-0.7343776419061541,SCP,seasonal discrete,ML,CrostonSBA,6.577203137338062,2211.7799999999997,2169.2,8986.1,-42.57999999999993,6774.320000000001,4451.02,6774.320000000001,9754765.2804,18715662.422400005,1,4451.02,6774.320000000001,3123.2619615395697,4326.160240028102,2.012415339681162,3.062836267621554,-0.019251462622864812,3.062836267621554,SCP,seasonal discrete,ML,CrostonSBA,34.29569314706125,13212.36,4173.299999999999,11908.1,-9039.06,-1304.259999999998,17488.899999999998,20730.1,86162512.8668,99675551.4788,3,5829.633333333332,6910.033333333333,5359.182551683294,5764.129060514404,1.3236772234483467,1.568992973246263,-0.6841366720252854,-0.09871514248779158,SCP,seasonal discrete,ML,CrostonSBA,15.635235720039937,2026-07-14 13:03:02.206,0,,"
"22331,66,66,10592,1,1247,MASCOTAS,""3433"",JUAN FORNES - SUPERMERCADOS MAS Y MAS,Enrique Malonda Escriva,,SeasonalNaive,smooth_insuficient,smooth_insuficient_insuficient,insuficient,x11 seasonal,x11 seasonal,success,smooth_insuficient,COMPARABLE,1,1,1,1568.0,784.0,392.0,1568.0,1176.0,784.0,986.0,0.0,0.0,1038.0,0.0,0.0,1176.0,1176.0,784.0,1176.0,0.0,0.0,-582.0,-784.0,-392.0,-530.0,-1176.0,-784.0,-392.0,392.0,392.0,-392.0,-1176.0,-784.0,582.0,784.0,392.0,530.0,1176.0,784.0,392.0,392.0,392.0,392.0,1176.0,784.0,338724.0,614656.0,153664.0,280900.0,1382976.0,614656.0,153664.0,153664.0,153664.0,153664.0,1382976.0,614656.0,1,1,1,1,1,1,582.0,784.0,392.0,530.0,1176.0,784.0,392.0,392.0,392.0,392.0,1176.0,784.0,582.0,784.0,392.0,530.0,1176.0,784.0,392.0,392.0,392.0,392.0,1176.0,784.0,0.3711734693877551,1.0,1.0,0.3380102040816326,1.0,1.0,0.25,0.5,1.0,0.25,1.0,1.0,-0.3711734693877551,-1.0,-1.0,-0.3380102040816326,-1.0,-1.0,-0.25,0.5,1.0,-0.25,-1.0,-1.0,ML,ML,TIE,ML,TIE,TIE,SeasonalNaive,SeasonalNaive,,SeasonalNaive,,,SCP,SCP,,SCP,,,x11 seasonal,x11 seasonal,,x11 seasonal,,,32.64604810996563,50.0,0.0,26.0377358490566,0.0,0.0,3528.0,1038.0,1176.0,-2490.0,-2352.0,2490.0,2352.0,2278532.0,2151296.0,3,830.0,784.0,871.4990916040398,846.8167845919604,0.70578231292517,0.6666666666666666,-0.70578231292517,-0.6666666666666666,ML,SeasonalNaive,SCP,x11 seasonal,5.542168674698794,2744.0,986.0,3136.0,-1758.0,392.0,1758.0,1176.0,1107044.0,460992.0,3,586.0,392.0,607.4657740701666,392.0,0.64067055393586,0.42857142857142855,-0.64067055393586,0.14285714285714285,ML,SeasonalNaive,SCP,x11 seasonal,33.105802047781566,6272.0,2024.0,4312.0,-4248.0,-1960.0,4248.0,3528.0,3385576.0,2612288.0,6,708.0,588.0,751.1741919599385,659.8343226396557,0.6772959183673469,0.5625,-0.6772959183673469,-0.3125,ML,SeasonalNaive,SCP,x11 seasonal,16.94915254237288,2026-07-14 13:03:02.206,0,,"
"22332,66,66,10592,1,1299,SACO INDUSTRIAL,""26"",UVESA,José Mateos-Aparicio Martinez,,HistoricAverage,lumpy_insuficient,lumpy_insuficient_insuficient,insuficient,syntetos-boylan,syntetos-boylan,success,lumpy_insuficient,COMPARABLE,1,1,1,0.0,4.5,0.0,1.5,0.0,1.5,2.9,0.0,0.0,1.5,0.0,0.0,1.6,1.5,1.6,2.1,0.0,0.0,2.9,-4.5,0.0,0.0,0.0,-1.5,1.6,-3.0,1.6,0.6000000000000001,0.0,-1.5,2.9,4.5,0.0,0.0,0.0,1.5,1.6,3.0,1.6,0.6000000000000001,0.0,1.5,8.41,20.25,0.0,0.0,0.0,2.25,2.5600000000000005,9.0,2.5600000000000005,0.3600000000000001,0.0,2.25,0,1,0,1,0,1,,4.5,,0.0,,1.5,,3.0,,0.6000000000000001,,1.5,,4.5,,0.0,,1.5,,3.0,,0.6000000000000001,,1.5,,1.0,,0.0,,1.0,,0.6666666666666666,,0.4000000000000001,,1.0,,-1.0,,0.0,,-1.0,,-0.6666666666666666,,0.4000000000000001,,-1.0,,ML,,SCP,,TIE,,HistoricAverage,,syntetos-boylan,,,,SCP,,ML,,,,syntetos-boylan,,HistoricAverage,,,,33.333333333333336,,100.0,,0.0,3.0,1.5,2.1,-1.5,-0.8999999999999999,1.5,2.1,2.25,2.6100000000000003,2,0.75,1.05,1.0606601717798212,1.1423659658795864,0.5,0.7000000000000001,-0.5,-0.3,SCP,syntetos-boylan,ML,HistoricAverage,28.57142857142858,4.5,2.9,4.7,-1.6,0.20000000000000018,7.4,6.199999999999999,28.66,14.120000000000001,1,7.4,6.199999999999999,5.3535035257296695,3.7576588456111875,1.6444444444444446,1.3777777777777775,-0.35555555555555557,0.04444444444444448,ML,HistoricAverage,SCP,syntetos-boylan,16.21621621621624,7.5,4.4,6.800000000000001,-3.1,-0.6999999999999997,8.9,8.299999999999999,30.91,16.73,3,2.966666666666667,2.766666666666666,3.2098805792947083,2.361496700541135,1.1866666666666668,1.1066666666666665,-0.41333333333333333,-0.0933333333333333,ML,HistoricAverage,SCP,syntetos-boylan,6.74157303370789,2026-07-14 13:03:02.206,0,,"
"22333,66,66,10592,1,1022,CONSUMIBLES DOMESTICOS,""3747"",PRIMAPRIX S.L.U,Enrique Malonda Escriva,,SeasonalNaive,smooth_insuficient,smooth_insuficient_insuficient,insuficient,seasonal discrete,seasonal discrete,success,smooth_insuficient,COMPARABLE,1,1,1,0.0,26880.0,8960.0,21245.0,0.0,0.0,6357.0,0.0,0.0,9917.0,0.0,0.0,8960.0,13440.0,17920.0,8960.0,0.0,0.0,6357.0,-26880.0,-8960.0,-11328.0,0.0,0.0,8960.0,-13440.0,8960.0,-12285.0,0.0,0.0,6357.0,26880.0,8960.0,11328.0,0.0,0.0,8960.0,13440.0,8960.0,12285.0,0.0,0.0,40411449,722534400,80281600,128323584,0.0,0.0,80281600,180633600,80281600,150921225,0.0,0.0,0,1,1,1,0,0,,26880.0,8960.0,11328.0,,,,13440.0,8960.0,12285.0,,,,26880.0,8960.0,11328.0,,,,13440.0,8960.0,12285.0,,,,1.0,1.0,0.5332078136032008,,,,0.5,1.0,0.5782537067545305,,,,-1.0,-1.0,-0.5332078136032008,,,,-0.5,1.0,-0.5782537067545305,,,,ML,TIE,SCP,,,,SeasonalNaive,,seasonal discrete,,,,SCP,,ML,,,,seasonal discrete,,SeasonalNaive,,,,50.0,0.0,7.789987789987782,,,21245.0,9917.0,8960.0,-11328.0,-12285.0,11328.0,12285.0,128323584,150921225,1,11328.0,12285.0,11328.0,12285.0,0.5332078136032008,0.5782537067545305,-0.5332078136032008,-0.5782537067545305,SCP,seasonal discrete,ML,SeasonalNaive,7.789987789987782,35840.0,6357.0,40320.0,-29483.0,4480.0,42197.0,31360.0,843227449,341196800,2,21098.5,15680.0,20533.234633150227,13061.332244453473,1.1773716517857142,0.875,-0.8226283482142858,0.125,ML,SeasonalNaive,SCP,seasonal discrete,25.681920515676467,57085.0,16274.0,49280.0,-40811.0,-7805.0,53525.0,43645.0,971551033,492118025,3,17841.666666666668,14548.333333333334,17995.8424179957,12807.784416778206,0.9376368573180345,0.7645616186388718,-0.7149163528072173,-0.1367259350091968,ML,SeasonalNaive,SCP,seasonal discrete,18.458664175618868,2026-07-14 13:03:02.206,0,,"
"22334,66,66,10592,1,1056,CONSUMIBLES DOMESTICOS,""3772"",HERMANOS AYALA SOUSA S.L,Enrique Malonda Escriva,,AutoTheta,smooth_insuficient,smooth_insuficient_insuficient,insuficient,seasonal discrete,seasonal discrete,success,smooth_insuficient,COMPARABLE,1,1,1,0.0,26880.0,11760.0,21245.0,3360.0,20160.0,11760.0,0.0,0.0,0.0,0.0,0.0,14302.0,14063.0,21787.0,0.0,0.0,0.0,11760.0,-26880.0,-11760.0,-21245.0,-3360.0,-20160.0,14302.0,-12817.0,10027.0,-21245.0,-3360.0,-20160.0,11760.0,26880.0,11760.0,21245.0,3360.0,20160.0,14302.0,12817.0,10027.0,21245.0,3360.0,20160.0,138297600,722534400,138297600,451350025,11289600,406425600,204547204,164275489,100540729,451350025,11289600,406425600,0,1,1,1,1,1,,26880.0,11760.0,21245.0,3360.0,20160.0,,12817.0,10027.0,21245.0,3360.0,20160.0,,26880.0,11760.0,21245.0,3360.0,20160.0,,12817.0,10027.0,21245.0,3360.0,20160.0,,1.0,1.0,1.0,1.0,1.0,,0.47682291666666665,0.8526360544217687,1.0,1.0,1.0,,-1.0,-1.0,-1.0,-1.0,-1.0,,-0.47682291666666665,0.8526360544217687,-1.0,-1.0,-1.0,,ML,ML,TIE,TIE,TIE,,AutoTheta,AutoTheta,,,,,SCP,SCP,,,,,seasonal discrete,seasonal discrete,,,,,52.317708333333336,14.736394557823129,0.0,0.0,0.0,44765.0,0.0,0.0,-44765.0,-44765.0,44765.0,44765.0,869065225,869065225,3,14921.666666666666,14921.666666666666,17020.23526081039,17020.23526081039,1.0,1.0,-1.0,-1.0,TIE,,,,0.0,38640.0,11760.0,50152.0,-26880.0,11512.0,50400.0,37146.0,999129600,469363422,2,25200.0,18573.0,22350.946288692117,15319.324756659478,1.3043478260869565,0.9613354037267081,-0.6956521739130435,0.2979296066252588,ML,AutoTheta,SCP,seasonal discrete,26.297619047619047,83405.0,11760.0,50152.0,-71645.0,-33253.0,95165.0,81911.0,1868194825,1338428647,5,19033.0,16382.2,19329.74301432898,16361.104162005693,1.140998741082669,0.9820874048318446,-0.8590012589173311,-0.3986931239134344,ML,AutoTheta,SCP,seasonal discrete,13.927389271265698,2026-07-14 13:03:02.206,0,,NoForecastRowsMaterialized"
"22335,66,66,10592,1,1070,CONSUMIBLES DOMESTICOS,""3780"",VEGALSA,Enrique Malonda Escriva,,,,,,average,average,success,,NOT_COMPARABLE_ML_EXCLUDED,1,1,0,2304.0,1536.0,1536.0,1152.0,1152.0,1536.0,1152.0,0.0,1152.0,1152.0,1152.0,768.0,,,,,,,,,,,,,,,,,,,,,,,,,,,,,,,,,,,,,,,,,,,,,,,,,,,,,,,,,,,,,,,,,,,,,,,,,,,,,,,,,,,,,,,,,,,,,,,,,,,,,,,,,,,,,,,,,,,,,,,,,,,,,,,,,,,,,,,,,,,,,,,,,,,,,,,,,,,,,,,,,,,,,,,,,,,,,,,,,,,,,,,,,,,,,,,,,,,,2026-07-14 13:03:02.206,1,ShortSeries,"
"22336,66,66,10592,1,1104,CONSUMIBLES DOMESTICOS,""4163"",""FAMILY CASH, S.L."",José Navalón _,,MovingAverage12M,smooth_insuficient,smooth_insuficient_insuficient,insuficient,x11 seasonal,x11 seasonal,success,smooth_insuficient,COMPARABLE,1,1,1,-420.0,1190.0,4900.0,7350.0,210.0,2345.0,3492.0,0.0,0.0,2958.0,0.0,0.0,3428.0,3428.0,3428.0,3419.0,0.0,0.0,3912.0,-1190.0,-4900.0,-4392.0,-210.0,-2345.0,3848.0,2238.0,-1472.0,-3931.0,-210.0,-2345.0,3912.0,1190.0,4900.0,4392.0,210.0,2345.0,3848.0,2238.0,1472.0,3931.0,210.0,2345.0,15303744,1416100.0,24010000,19289664,44100.0,5499025.0,14807104,5008644.0,2166784.0,15452761,44100.0,5499025.0,0,1,1,1,1,1,,1190.0,4900.0,4392.0,210.0,2345.0,,2238.0,1472.0,3931.0,210.0,2345.0,,1190.0,4900.0,4392.0,210.0,2345.0,,2238.0,1472.0,3931.0,210.0,2345.0,,1.0,1.0,0.5975510204081632,1.0,1.0,,1.880672268907563,0.3004081632653061,0.5348299319727892,1.0,1.0,,-1.0,-1.0,-0.5975510204081632,-1.0,-1.0,,1.880672268907563,-0.3004081632653061,-0.5348299319727892,-1.0,-1.0,,SCP,ML,ML,TIE,TIE,,x11 seasonal,MovingAverage12M,MovingAverage12M,,,,ML,SCP,SCP,,,,MovingAverage12M,x11 seasonal,x11 seasonal,,,,46.82752457551385,69.95918367346938,10.49635701275044,0.0,0.0,9905.0,2958.0,3419.0,-6947.0,-6486.0,6947.0,6486.0,24832789,20995886,3,2315.6666666666665,2162.0,2877.0812177158527,2645.4921407304664,0.7013629480060576,0.6548207975769813,-0.7013629480060576,-0.6548207975769813,ML,MovingAverage12M,SCP,x11 seasonal,6.635957967467979,5670.0,3492.0,10284.0,-2178.0,4614.0,10002.0,7558.0,40729844,21982532,2,5001.0,3779.0,4512.75104564832,3315.307828844857,1.764021164021164,1.3329805996472663,-0.38412698412698415,0.8137566137566138,ML,MovingAverage12M,SCP,x11 seasonal,24.43511297740452,15575.0,6450.0,13703.0,-9125.0,-1872.0,16949.0,14044.0,65562633,42978418,5,3389.8,2808.8,3621.1222845963102,2931.8396272647656,1.0882182985553772,0.9017014446227929,-0.5858747993579454,-0.12019261637239165,ML,MovingAverage12M,SCP,x11 seasonal,17.139654256888317,2026-07-14 13:03:02.206,0,,"
"22337,66,66,10592,1,1122,CONSUMIBLES DOMESTICOS,""4217"",CONSUM S COOP V,José Luís Sabater _,,,,,,average,average,success,,NOT_COMPARABLE_ML_EXCLUDED,1,1,0,10800.0,8640.0,4320.0,8640.0,17280.0,0.0,8640.0,0.0,0.0,0.0,0.0,0.0,,,,,,,,,,,,,,,,,,,,,,,,,,,,,,,,,,,,,,,,,,,,,,,,,,,,,,,,,,,,,,,,,,,,,,,,,,,,,,,,,,,,,,,,,,,,,,,,,,,,,,,,,,,,,,,,,,,,,,,,,,,,,,,,,,,,,,,,,,,,,,,,,,,,,,,,,,,,,,,,,,,,,,,,,,,,,,,,,,,,,,,,,,,,,,,,,,,,2026-07-14 13:03:02.206,1,ShortSeries,NoForecastRowsMaterialized"
"22338,66,66,10592,1,1204,""LÁMINA INDUSTRIAL, SEMITUBO Y TUBO"",""3731"",PAYAN HERMANOS,José Mateos-Aparicio Martinez,,CrostonClassic,intermittent_insuficient,intermittent_insuficient_insuficient,insuficient,syntetos-boylan,syntetos-boylan,success,intermittent_insuficient,NOT_COMPARABLE_MISSING_SCP,1,0,1,0.0,32.0,0.0,0.0,25.0,0.0,,,,,,,0.0,26.299999999999997,0.0,13.3,0.0,0.0,,,,,,,,,,,,,,,,,,,,,,,,,,,,,,,,,,,,,,,,,,,,,,,,,,,,,,,,,,,,,,,,,,,,,,,,,,,,,,,,,,,,,,,,,,,,,,,,,,,,,,,,,,,,,,,,,,,,,,,,,,,,,,,,,,,,,,,,,,,,,,,,,,,,,,,,,,,,,,,,,,,,,,,,,,,,,,,,,,,,,,,,,,,,,,2026-07-14 13:03:02.206,0,,NoForecastRowsMaterialized"
"22339,66,66,10592,1,1297,SACO INDUSTRIAL,""26"",""PROCAVI, S.L."",José Mateos-Aparicio Martinez,,MovingAverage3M,intermittent_insuficient,intermittent_insuficient_insuficient,insuficient,seasonal discrete,seasonal discrete,success,intermittent_insuficient,COMPARABLE,1,1,1,0.0,2.1,2.1,0.0,0.0,3.45,0.5,0.0,0.0,0.0,0.0,0.0,1.5,0.0,0.7,0.0,0.0,0.0,0.5,-2.1,-2.1,0.0,0.0,-3.45,1.5,-2.1,-1.4000000000000001,0.0,0.0,-3.45,0.5,2.1,2.1,0.0,0.0,3.45,1.5,2.1,1.4000000000000001,0.0,0.0,3.45,0.25,4.41,4.41,0.0,0.0,11.902500000000002,2.25,4.41,1.9600000000000004,0.0,0.0,11.902500000000002,0,1,1,0,0,1,,2.1,2.1,,,3.45,,2.1,1.4000000000000001,,,3.45,,2.1,2.1,,,3.45,,2.1,1.4000000000000001,,,3.45,,1.0,1.0,,,1.0,,1.0,0.6666666666666667,,,1.0,,-1.0,-1.0,,,-1.0,,-1.0,-0.6666666666666667,,,-1.0,,TIE,ML,,,TIE,,,MovingAverage3M,,,,,,SCP,,,,,,seasonal discrete,,,,,0.0,33.33333333333333,,,0.0,3.45,0.0,0.0,-3.45,-3.45,3.45,3.45,11.902500000000002,11.902500000000002,1,3.45,3.45,3.45,3.45,1.0,1.0,-1.0,-1.0,TIE,,,,0.0,4.2,0.5,2.2,-3.7,-2.0,4.7,5.0,9.07,8.620000000000001,2,2.35,2.5,2.1295539439046856,2.0760539492026697,1.119047619047619,1.1904761904761905,-0.8809523809523809,-0.47619047619047616,SCP,seasonal discrete,ML,MovingAverage3M,5.999999999999997,7.65,0.5,2.2,-7.15,-5.45,8.15,8.45,20.972500000000004,20.5225,3,2.716666666666667,2.8166666666666664,2.644018406390798,2.6154986777540787,1.065359477124183,1.1045751633986927,-0.934640522875817,-0.7124183006535948,SCP,seasonal discrete,ML,MovingAverage3M,3.550295857988153,2026-07-14 13:03:02.206,0,,NoForecastRowsMaterialized"
"22340,66,66,10592,1,1322,SACO INDUSTRIAL,""48"",FAERCH BUÑOL S.L.U.,José Mateos-Aparicio Martinez,,SeasonalNaive,smooth_insuficient,smooth_insuficient_insuficient,insuficient,seasonal discrete,seasonal discrete,success,smooth_insuficient,COMPARABLE,1,1,1,3.965,3.6,4.0,7.8,2.0,4.0,1.3,0.0,0.0,8.2,0.0,0.0,0.0,0.0,0.0,8.200000000000001,0.0,0.0,-2.665,-3.6,-4.0,0.39999999999999947,-2.0,-4.0,-3.965,-3.6,-4.0,0.40000000000000124,-2.0,-4.0,2.665,3.6,4.0,0.39999999999999947,2.0,4.0,3.965,3.6,4.0,0.40000000000000124,2.0,4.0,7.102225,12.96,16.0,0.1599999999999996,4.0,16.0,15.721224999999999,12.96,16.0,0.160000000000001,4.0,16.0,1,1,1,1,1,1,2.665,3.6,4.0,0.39999999999999947,2.0,4.0,3.965,3.6,4.0,0.40000000000000124,2.0,4.0,2.665,3.6,4.0,0.39999999999999947,2.0,4.0,3.965,3.6,4.0,0.40000000000000124,2.0,4.0,0.6721311475409837,1.0,1.0,0.05128205128205122,1.0,1.0,1.0,1.0,1.0,0.05128205128205144,1.0,1.0,-0.6721311475409837,-1.0,-1.0,0.05128205128205122,-1.0,-1.0,-1.0,-1.0,-1.0,0.05128205128205144,-1.0,-1.0,SCP,TIE,TIE,TIE,TIE,TIE,seasonal discrete,,,,,,ML,,,,,,SeasonalNaive,,,,,,32.78688524590163,0.0,0.0,0.0,0.0,0.0,13.8,8.2,8.200000000000001,-5.6000000000000005,-5.599999999999999,6.3999999999999995,6.400000000000001,20.16,20.16,3,2.1333333333333333,2.1333333333333337,2.592296279363144,2.592296279363144,0.46376811594202894,0.46376811594202905,-0.4057971014492754,-0.4057971014492753,TIE,,,,0.0,11.565,1.3,0.0,-10.265,-11.565,10.265,11.565,36.062225,44.681225,3,3.421666666666667,3.855,3.467094124287177,3.8592410739245957,0.8875918720276698,1.0,-0.8875918720276698,-1.0,SCP,seasonal discrete,ML,SeasonalNaive,11.240812797233025,25.365,9.5,8.200000000000001,-15.865000000000002,-17.165,16.665,17.965,56.222224999999995,64.84122500000001,6,2.7775,2.9941666666666666,3.0611061453881883,3.2873805428233185,0.6570076877587226,0.7082594125763848,-0.6254681647940076,-0.6767198896116696,SCP,seasonal discrete,ML,SeasonalNaive,7.236292791539108,2026-07-14 13:03:02.206,0,,"
"22341,66,66,10592,1,1329,SACO INDUSTRIAL,""50"",FLORETTE MURCIA S.L.U.,José Mateos-Aparicio Martinez,,SeasonalNaive,intermittent_insuficient,intermittent_insuficient_insuficient,insuficient,syntetos-boylan,syntetos-boylan,success,intermittent_insuficient,NOT_COMPARABLE_MISSING_SCP,1,0,1,1.92,0.0,0.0,1.92,0.0,0.0,,,,,,,0.0,0.0,0.0,0.0,0.0,0.0,,,,,,,,,,,,,,,,,,,,,,,,,,,,,,,,,,,,,,,,,,,,,,,,,,,,,,,,,,,,,,,,,,,,,,,,,,,,,,,,,,,,,,,,,,,,,,,,,,,,,,,,,,,,,,,,,,,,,,,,,,,,,,,,,,,,,,,,,,,,,,,,,,,,,,,,,,,,,,,,,,,,,,,,,,,,,,,,,,,,,,,,,,,,,,2026-07-14 13:03:02.206,0,,NoForecastRowsMaterialized"
"22342,66,66,10592,1,587,CONSUMIBLES DOMESTICOS,""2839"",CONSUM S COOP V,José Luís Sabater _,,MovingAverage12M,smooth_insuficient,smooth_insuficient_insuficient,insuficient,x11 seasonal,x11 seasonal,success,smooth_insuficient,COMPARABLE,1,1,1,36864.0,35328.0,35296.0,8432.0,19968.0,18432.0,17696.0,0.0,0.0,20134.0,0.0,0.0,18688.0,18688.0,18688.0,18816.0,0.0,0.0,-19168.0,-35328.0,-35296.0,11702.0,-19968.0,-18432.0,-18176.0,-16640.0,-16608.0,10384.0,-19968.0,-18432.0,19168.0,35328.0,35296.0,11702.0,19968.0,18432.0,18176.0,16640.0,16608.0,10384.0,19968.0,18432.0,367412224,1248067584,1245807616,136936804,398721024,339738624,330366976,276889600,275825664,107827456,398721024,339738624,1,1,1,1,1,1,19168.0,35328.0,35296.0,11702.0,19968.0,18432.0,18176.0,16640.0,16608.0,10384.0,19968.0,18432.0,19168.0,35328.0,35296.0,11702.0,19968.0,18432.0,18176.0,16640.0,16608.0,10384.0,19968.0,18432.0,0.5199652777777778,1.0,1.0,1.38780834914611,1.0,1.0,0.4930555555555556,0.47101449275362317,0.47053490480507704,1.2314990512333965,1.0,1.0,-0.5199652777777778,-1.0,-1.0,1.38780834914611,-1.0,-1.0,-0.4930555555555556,-0.47101449275362317,-0.47053490480507704,1.2314990512333965,-1.0,-1.0,ML,ML,ML,ML,TIE,TIE,MovingAverage12M,MovingAverage12M,MovingAverage12M,MovingAverage12M,,,SCP,SCP,SCP,SCP,,,x11 seasonal,x11 seasonal,x11 seasonal,x11 seasonal,,,5.175292153589313,52.89855072463768,52.94650951949229,11.263031960348656,0.0,0.0,46832.0,20134.0,18816.0,-26698.0,-28016.0,50102.0,48784.0,875396452,846287104,3,16700.666666666668,16261.333333333334,17082.119813809215,16795.704847767876,1.0698240519303042,1.0416809019473865,-0.5700802869832593,-0.598223436966177,ML,MovingAverage12M,SCP,x11 seasonal,2.630633507644406,107488.0,17696.0,56064.0,-89792.0,-51424.0,89792.0,51424.0,2861287424,883082240,3,29930.666666666668,17141.333333333332,30883.04510029195,17156.94456092537,0.835367668949092,0.4784161952962191,-0.835367668949092,-0.4784161952962191,ML,MovingAverage12M,SCP,x11 seasonal,42.72986457590876,154320.0,37830.0,74880.0,-116490.0,-79440.0,139894.0,100208.0,3736683876,1729369344,6,23315.666666666668,16701.333333333332,24955.573445625327,16977.285530967547,0.906518921721099,0.6493519958527735,-0.7548600311041991,-0.5147744945567652,ML,MovingAverage12M,SCP,x11 seasonal,28.368621956624303,2026-07-14 13:03:02.206,0,,"
"22343,66,66,10592,1,646,CONSUMIBLES DOMESTICOS,""2891"",""CENTROS COMERCIALES CARREFOUR, S.A."",Enrique Malonda Escriva,,,,,,preserve current forecast,preserve current forecast,success,,NOT_COMPARABLE_MISSING_SCP_AND_ML,1,0,0,0.0,0.0,0.0,0.0,0.0,0.0,,,,,,,,,,,,,,,,,,,,,,,,,,,,,,,,,,,,,,,,,,,,,,,,,,,,,,,,,,,,,,,,,,,,,,,,,,,,,,,,,,,,,,,,,,,,,,,,,,,,,,,,,,,,,,,,,,,,,,,,,,,,,,,,,,,,,,,,,,,,,,,,,,,,,,,,,,,,,,,,,,,,,,,,,,,,,,,,,,,,,,,,,,,,,,,,,,,,,,,,,,2026-07-14 13:03:02.206,1,MissingHistory,NoForecastRowsMaterialized"
"22344,66,66,10592,1,739,CONSUMIBLES DOMESTICOS,""3423"",""FAMILY CASH, S.L."",José Navalón _,,TSB,intermittent_insuficient,intermittent_insuficient_insuficient,insuficient,seasonal discrete,seasonal discrete,success,intermittent_insuficient,COMPARABLE,1,1,1,1680.0,2850.0,1680.0,3360.0,1680.0,1680.0,1504.0,0.0,0.0,2001.0,0.0,0.0,1708.0,1709.0,1708.0,1120.0,0.0,0.0,-176.0,-2850.0,-1680.0,-1359.0,-1680.0,-1680.0,28.0,-1141.0,28.0,-2240.0,-1680.0,-1680.0,176.0,2850.0,1680.0,1359.0,1680.0,1680.0,28.0,1141.0,28.0,2240.0,1680.0,1680.0,30976.0,8122500.0,2822400.0,1846881.0,2822400.0,2822400.0,784.0,1301881.0,784.0,5017600.0,2822400.0,2822400.0,1,1,1,1,1,1,176.0,2850.0,1680.0,1359.0,1680.0,1680.0,28.0,1141.0,28.0,2240.0,1680.0,1680.0,176.0,2850.0,1680.0,1359.0,1680.0,1680.0,28.0,1141.0,28.0,2240.0,1680.0,1680.0,0.10476190476190476,1.0,1.0,0.4044642857142857,1.0,1.0,0.016666666666666666,0.40035087719298246,0.016666666666666666,0.6666666666666666,1.0,1.0,-0.10476190476190476,-1.0,-1.0,-0.4044642857142857,-1.0,-1.0,0.016666666666666666,-0.40035087719298246,0.016666666666666666,-0.6666666666666666,-1.0,-1.0,ML,ML,ML,SCP,TIE,TIE,TSB,TSB,TSB,seasonal discrete,,,SCP,SCP,SCP,ML,,,seasonal discrete,seasonal discrete,seasonal discrete,TSB,,,84.0909090909091,59.96491228070175,98.33333333333333,39.33035714285714,0.0,0.0,6720.0,2001.0,1120.0,-4719.0,-5600.0,4719.0,5600.0,7491681.0,10662400,3,1573.0,1866.6666666666667,1580.2616871898147,1885.240921827588,0.7022321428571429,0.8333333333333334,-0.7022321428571429,-0.8333333333333334,SCP,seasonal discrete,ML,TSB,15.732142857142861,6210.0,1504.0,5125.0,-4706.0,-1085.0,4706.0,1197.0,10975876,1303449.0,3,1568.6666666666667,399.0,1912.7533383406585,659.153244701109,0.7578099838969404,0.1927536231884058,-0.7578099838969404,-0.1747181964573269,ML,TSB,SCP,seasonal discrete,74.56438589035274,12930.0,3505.0,6245.0,-9425.0,-6685.0,9425.0,6797.0,18467557,11965849,6,1570.8333333333333,1132.8333333333333,1754.4019398834084,1412.1997616012638,0.7289249806651199,0.525676720804331,-0.7289249806651199,-0.517014694508894,ML,TSB,SCP,seasonal discrete,27.883289124668437,2026-07-14 13:03:02.206,0,,"
"22345,66,66,10592,1,769,CONSUMIBLES DOMESTICOS,""3449"",""EXCLUSIVAS DITAYO, S.L - BP"",José Luís Sabater _,,,,,,preserve current forecast,preserve current forecast,success,,NOT_COMPARABLE_MISSING_SCP_AND_ML,1,0,0,0.0,0.0,0.0,0.0,0.0,0.0,,,,,,,,,,,,,,,,,,,,,,,,,,,,,,,,,,,,,,,,,,,,,,,,,,,,,,,,,,,,,,,,,,,,,,,,,,,,,,,,,,,,,,,,,,,,,,,,,,,,,,,,,,,,,,,,,,,,,,,,,,,,,,,,,,,,,,,,,,,,,,,,,,,,,,,,,,,,,,,,,,,,,,,,,,,,,,,,,,,,,,,,,,,,,,,,,,,,,,,,,,2026-07-14 13:03:02.206,1,MissingHistory,NoForecastRowsMaterialized"
"22346,66,66,10592,1,798,CONSUMIBLES DOMESTICOS,""3450"",VEGALSA,Enrique Malonda Escriva,,AutoTheta,smooth_insuficient,smooth_insuficient_insuficient,insuficient,x11 seasonal,x11 seasonal,success,smooth_insuficient,COMPARABLE,1,1,1,1593.0,837.0,837.0,1512.0,972.0,351.0,1294.0,0.0,0.0,1507.0,0.0,0.0,1552.0,1544.0,1534.0,1566.0,0.0,0.0,-299.0,-837.0,-837.0,-5.0,-972.0,-351.0,-41.0,707.0,697.0,54.0,-972.0,-351.0,299.0,837.0,837.0,5.0,972.0,351.0,41.0,707.0,697.0,54.0,972.0,351.0,89401.0,700569.0,700569.0,25.0,944784.0,123201.0,1681.0,499849.0,485809.0,2916.0,944784.0,123201.0,1,1,1,1,1,1,299.0,837.0,837.0,5.0,972.0,351.0,41.0,707.0,697.0,54.0,972.0,351.0,299.0,837.0,837.0,5.0,972.0,351.0,41.0,707.0,697.0,54.0,972.0,351.0,0.1876961707470182,1.0,1.0,0.0033068783068783067,1.0,1.0,0.02573760200878845,0.8446833930704899,0.8327359617682198,0.03571428571428571,1.0,1.0,-0.1876961707470182,-1.0,-1.0,-0.0033068783068783067,-1.0,-1.0,-0.02573760200878845,0.8446833930704899,0.8327359617682198,0.03571428571428571,-1.0,-1.0,ML,ML,ML,SCP,TIE,TIE,AutoTheta,AutoTheta,AutoTheta,x11 seasonal,,,SCP,SCP,SCP,ML,,,x11 seasonal,x11 seasonal,x11 seasonal,AutoTheta,,,86.28762541806022,15.53166069295101,16.726403823178014,90.74074074074075,0.0,0.0,2835.0,1507.0,1566.0,-1328.0,-1269.0,1328.0,1377.0,1068010.0,1070901.0,3,442.6666666666667,459.0,596.660148940193,597.467153908899,0.46843033509700177,0.4857142857142857,-0.46843033509700177,-0.44761904761904764,SCP,x11 seasonal,ML,AutoTheta,3.558460421205517,3267.0,1294.0,4630.0,-1973.0,1363.0,1973.0,1445.0,1490539.0,987339.0,3,657.6666666666666,481.6666666666667,704.8732746624271,573.6837107675274,0.6039179675543311,0.4423018059381696,-0.6039179675543311,0.4172023262932354,ML,AutoTheta,SCP,x11 seasonal,26.76127724277749,6102.0,2801.0,6196.0,-3301.0,94.0,3301.0,2822.0,2558549.0,2058240.0,6,550.1666666666666,470.3333333333333,653.0121234198745,585.69616696714,0.5409701737135365,0.46247132087840054,-0.5409701737135365,0.015404785316289742,ML,AutoTheta,SCP,x11 seasonal,14.510754316873667,2026-07-14 13:03:02.206,0,,"
"22347,66,66,10592,1,837,CONSUMIBLES DOMESTICOS,""3456"",ALDI SAN ISIDRO SUPERMERCADOS S.L.U,Enrique Malonda Escriva,,,,,,average,average,success,,NOT_COMPARABLE_ML_EXCLUDED,1,1,0,1008.0,1512.0,1008.0,2016.0,1008.0,1512.0,1478.0,0.0,0.0,1176.0,0.0,0.0,,,,,,,,,,,,,,,,,,,,,,,,,,,,,,,,,,,,,,,,,,,,,,,,,,,,,,,,,,,,,,,,,,,,,,,,,,,,,,,,,,,,,,,,,,,,,,,,,,,,,,,,,,,,,,,,,,,,,,,,,,,,,,,,,,,,,,,,,,,,,,,,,,,,,,,,,,,,,,,,,,,,,,,,,,,,,,,,,,,,,,,,,,,,,,,,,,,,2026-07-14 13:03:02.206,1,ShortSeries,"
"22348,66,66,10592,1,939,CONSUMIBLES DOMESTICOS,""3542"",AHORRAMAS (GRUPO IFA),Enrique Malonda Escriva,,MovingAverage3M,smooth_insuficient,smooth_insuficient_insuficient,insuficient,x11 lineal,x11 lineal,success,smooth_insuficient,COMPARABLE,1,1,1,17280.0,23112.0,23016.0,23040.0,28800.0,21120.0,31310.0,30796.0,28855.0,35155.0,35877.0,29159.0,24320.0,24320.0,24320.0,35842.0,35185.0,34530.0,14030.0,7684.0,5839.0,12115.0,7077.0,8039.0,7040.0,1208.0,1304.0,12802.0,6385.0,13410.0,14030.0,7684.0,5839.0,12115.0,7077.0,8039.0,7040.0,1208.0,1304.0,12802.0,6385.0,13410.0,196840900,59043856,34093921,146773225,50083929,64625521,49561600,1459264.0,1700416.0,163891204,40768225,179828100,1,1,1,1,1,1,14030.0,7684.0,5839.0,12115.0,7077.0,8039.0,7040.0,1208.0,1304.0,12802.0,6385.0,13410.0,14030.0,7684.0,5839.0,12115.0,7077.0,8039.0,7040.0,1208.0,1304.0,12802.0,6385.0,13410.0,0.8119212962962963,0.3324679820006923,0.2536930830726451,0.5258246527777778,0.24572916666666667,0.3806344696969697,0.4074074074074074,0.05226722049151956,0.05665623913799096,0.5556423611111111,0.22170138888888888,0.6349431818181818,0.8119212962962963,0.3324679820006923,0.2536930830726451,0.5258246527777778,0.24572916666666667,0.3806344696969697,0.4074074074074074,0.05226722049151956,0.05665623913799096,0.5556423611111111,0.22170138888888888,0.6349431818181818,ML,ML,ML,SCP,ML,SCP,MovingAverage3M,MovingAverage3M,MovingAverage3M,x11 lineal,MovingAverage3M,x11 lineal,SCP,SCP,SCP,ML,SCP,ML,x11 lineal,x11 lineal,x11 lineal,MovingAverage3M,x11 lineal,MovingAverage3M,49.82181040627228,84.2790213430505,77.66740880287722,5.3663490079675,9.778154585276251,40.05219985085757,72960.0,100191.0,105557.0,27231.0,32597.0,27231.0,32597.0,261482675,384487529,3,9077.0,10865.666666666666,9335.999767923448,11320.888201314712,0.37323190789473687,0.44677905701754383,0.37323190789473687,0.44677905701754383,SCP,x11 lineal,ML,MovingAverage3M,16.46163757400987,63408.0,90961.0,72960.0,27553.0,9552.0,27553.0,9552.0,289978677,52721280,3,9184.333333333334,3184.0,9831.559337155017,4192.106868866776,0.43453507443855666,0.1506434519303558,0.43453507443855666,0.1506434519303558,ML,MovingAverage3M,SCP,x11 lineal,65.33226871846986,136368.0,191152.0,178517.0,54784.0,42149.0,54784.0,42149.0,551461352,437208809,6,9130.666666666666,7024.833333333333,9586.982076406179,8536.283432111033,0.4017364777660448,0.30908277601783407,0.4017364777660448,0.30908277601783407,ML,MovingAverage3M,SCP,x11 lineal,23.063303154205613,2026-07-14 13:03:02.206,0,,"
"22349,66,66,10592,1,1053,CONSUMIBLES DOMESTICOS,""3771"",DINOSOL (HIPERDINO),Enrique Malonda Escriva,,SeasonalNaive,smooth_insuficient,smooth_insuficient_insuficient,insuficient,x11 lineal,x11 lineal,success,smooth_insuficient,COMPARABLE,1,1,1,0.0,2304.0,2304.0,3456.0,3456.0,2304.0,2286.0,0.0,0.0,3047.0,0.0,0.0,1152.0,2304.0,2304.0,2456.0,0.0,0.0,2286.0,-2304.0,-2304.0,-409.0,-3456.0,-2304.0,1152.0,0.0,0.0,-1000.0,-3456.0,-2304.0,2286.0,2304.0,2304.0,409.0,3456.0,2304.0,1152.0,0.0,0.0,1000.0,3456.0,2304.0,5225796.0,5308416.0,5308416.0,167281.0,11943936,5308416.0,1327104.0,0.0,0.0,1000000.0,11943936,5308416.0,0,1,1,1,1,1,,2304.0,2304.0,409.0,3456.0,2304.0,,0.0,0.0,1000.0,3456.0,2304.0,,2304.0,2304.0,409.0,3456.0,2304.0,,0.0,0.0,1000.0,3456.0,2304.0,,1.0,1.0,0.11834490740740741,1.0,1.0,,0.0,0.0,0.28935185185185186,1.0,1.0,,-1.0,-1.0,-0.11834490740740741,-1.0,-1.0,,0.0,0.0,-0.28935185185185186,-1.0,-1.0,,ML,ML,SCP,TIE,TIE,,SeasonalNaive,SeasonalNaive,x11 lineal,,,,SCP,SCP,ML,,,,x11 lineal,x11 lineal,SeasonalNaive,,,,100.0,100.0,59.099999999999994,0.0,0.0,9216.0,3047.0,2456.0,-6169.0,-6760.0,6169.0,6760.0,17419633,18252352,3,2056.3333333333335,2253.3333333333335,2409.6772259647832,2466.6003594691488,0.6693793402777778,0.7335069444444444,-0.6693793402777778,-0.7335069444444444,SCP,x11 lineal,ML,SeasonalNaive,8.742603550295854,4608.0,2286.0,5760.0,-2322.0,1152.0,6894.0,1152.0,15842628,1327104.0,2,3447.0,576.0,2814.4829009962027,814.5870119269027,1.49609375,0.25,-0.50390625,0.25,ML,SeasonalNaive,SCP,x11 lineal,83.28981723237598,13824.0,5333.0,8216.0,-8491.0,-5608.0,13063.0,7912.0,33262261,19579456,5,2612.6,1582.4,2579.234809008284,1978.8610865849073,0.9449508101851852,0.5723379629629629,-0.6142216435185185,-0.4056712962962963,ML,SeasonalNaive,SCP,x11 lineal,39.43198346474777,2026-07-14 13:03:02.206,0,,"
"22350,66,66,10592,1,1162,FILM ALIMENTARIO PROFESIONAL,""4008"",HERMANOS AYALA SOUSA S.L,Enrique Malonda Escriva,,MovingAverage3M,smooth_insuficient,smooth_insuficient_insuficient,insuficient,x11 lineal,x11 lineal,success,smooth_insuficient,COMPARABLE,1,1,1,288.0,288.0,0.0,864.0,288.0,576.0,447.0,0.0,0.0,225.0,0.0,0.0,576.0,576.0,1056.0,0.0,0.0,0.0,159.0,-288.0,0.0,-639.0,-288.0,-576.0,288.0,288.0,1056.0,-864.0,-288.0,-576.0,159.0,288.0,0.0,639.0,288.0,576.0,288.0,288.0,1056.0,864.0,288.0,576.0,25281.0,82944.0,0.0,408321.0,82944.0,331776.0,82944.0,82944.0,1115136.0,746496.0,82944.0,331776.0,1,1,0,1,1,1,159.0,288.0,,639.0,288.0,576.0,288.0,288.0,,864.0,288.0,576.0,159.0,288.0,,639.0,288.0,576.0,288.0,288.0,,864.0,288.0,576.0,0.5520833333333334,1.0,,0.7395833333333334,1.0,1.0,1.0,1.0,,1.0,1.0,1.0,0.5520833333333334,-1.0,,-0.7395833333333334,-1.0,-1.0,1.0,1.0,,-1.0,-1.0,-1.0,SCP,TIE,,SCP,TIE,TIE,x11 lineal,,,x11 lineal,,,ML,,,ML,,,MovingAverage3M,,,MovingAverage3M,,,44.791666666666664,0.0,,26.041666666666664,0.0,0.0,1728.0,225.0,0.0,-1503.0,-1728.0,1503.0,1728.0,823041.0,1161216.0,3,501.0,576.0,523.7814429702527,622.1511070471546,0.8697916666666666,1.0,-0.8697916666666666,-1.0,SCP,x11 lineal,ML,MovingAverage3M,13.020833333333337,576.0,447.0,2208.0,-129.0,1632.0,447.0,1632.0,108225.0,1281024.0,2,223.5,816.0,232.62093628906234,800.3199360255873,0.7760416666666666,2.8333333333333335,-0.22395833333333334,2.8333333333333335,SCP,x11 lineal,ML,MovingAverage3M,72.61029411764707,2304.0,672.0,2208.0,-1632.0,-96.0,1950.0,3360.0,931266.0,2442240.0,5,390.0,672.0,431.5706199453341,698.8905493709298,0.8463541666666666,1.4583333333333333,-0.7083333333333334,-0.041666666666666664,SCP,x11 lineal,ML,MovingAverage3M,41.964285714285715,2026-07-14 13:03:02.206,0,,"
"22351,66,66,10592,1,748,CONSUMIBLES DOMESTICOS,""3428"",CONSUM S COOP V,José Luís Sabater _,,MovingAverage3M,smooth_insuficient,smooth_insuficient_insuficient,insuficient,x11 seasonal,x11 seasonal,success,smooth_insuficient,COMPARABLE,1,1,1,18200.0,11200.0,12600.0,12600.0,11200.0,11200.0,12055.0,0.0,0.0,12224.0,0.0,0.0,11666.0,11667.0,11667.0,12133.0,0.0,0.0,-6145.0,-11200.0,-12600.0,-376.0,-11200.0,-11200.0,-6534.0,467.0,-933.0,-467.0,-11200.0,-11200.0,6145.0,11200.0,12600.0,376.0,11200.0,11200.0,6534.0,467.0,933.0,467.0,11200.0,11200.0,37761025,125440000,158760000,141376.0,125440000,125440000,42693156,218089.0,870489.0,218089.0,125440000,125440000,1,1,1,1,1,1,6145.0,11200.0,12600.0,376.0,11200.0,11200.0,6534.0,467.0,933.0,467.0,11200.0,11200.0,6145.0,11200.0,12600.0,376.0,11200.0,11200.0,6534.0,467.0,933.0,467.0,11200.0,11200.0,0.33763736263736266,1.0,1.0,0.029841269841269842,1.0,1.0,0.359010989010989,0.04169642857142857,0.07404761904761904,0.03706349206349206,1.0,1.0,-0.33763736263736266,-1.0,-1.0,-0.029841269841269842,-1.0,-1.0,-0.359010989010989,0.04169642857142857,-0.07404761904761904,-0.03706349206349206,-1.0,-1.0,SCP,ML,ML,SCP,TIE,TIE,x11 seasonal,MovingAverage3M,MovingAverage3M,x11 seasonal,,,ML,SCP,SCP,ML,,,MovingAverage3M,x11 seasonal,x11 seasonal,MovingAverage3M,,,5.953474135292305,95.83035714285715,92.5952380952381,19.486081370449675,0.0,0.0,35000.0,12224.0,12133.0,-22776.0,-22867.0,22776.0,22867.0,251021376,251098089,3,7592.0,7622.333333333333,9147.337973421558,9148.735595698457,0.6507428571428572,0.6533428571428571,-0.6507428571428572,-0.6533428571428571,SCP,x11 seasonal,ML,MovingAverage3M,0.3979533826037423,42000.0,12055.0,35000.0,-29945.0,-7000.0,29945.0,7934.0,321961025,43781734,3,9981.666666666666,2644.6666666666665,10359.553159604264,3820.1978133773823,0.7129761904761904,0.1889047619047619,-0.7129761904761904,-0.16666666666666666,ML,MovingAverage3M,SCP,x11 seasonal,73.50475872432793,77000.0,24279.0,47133.0,-52721.0,-29867.0,52721.0,30801.0,572982401,294879823,6,8786.833333333334,5133.5,9772.26006783146,7010.466258863718,0.6846883116883117,0.400012987012987,-0.6846883116883117,-0.3878831168831169,ML,MovingAverage3M,SCP,x11 seasonal,41.577360065249145,2026-07-14 13:03:02.206,0,,"
"22352,66,66,10592,1,783,CONSUMIBLES DOMESTICOS,""3449"",""TRANSGOURMET IBERICA S.A. -GM FOOD IBERICA, S.A.U."",Enrique Malonda Escriva,,,,,,preserve current forecast,preserve current forecast,success,,NOT_COMPARABLE_ML_EXCLUDED,1,1,0,0.0,2730.0,390.0,0.0,390.0,0.0,130.0,130.0,130.0,0.0,0.0,0.0,,,,,,,,,,,,,,,,,,,,,,,,,,,,,,,,,,,,,,,,,,,,,,,,,,,,,,,,,,,,,,,,,,,,,,,,,,,,,,,,,,,,,,,,,,,,,,,,,,,,,,,,,,,,,,,,,,,,,,,,,,,,,,,,,,,,,,,,,,,,,,,,,,,,,,,,,,,,,,,,,,,,,,,,,,,,,,,,,,,,,,,,,,,,,,,,,,,,2026-07-14 13:03:02.206,1,ShortSeries,NoForecastRowsMaterialized"
"22353,66,66,10592,1,883,CONSUMIBLES DOMESTICOS,""3460"",PRIMAPRIX S.L.U,Enrique Malonda Escriva,,,,,,preserve current forecast,preserve current forecast,success,,NOT_COMPARABLE_ML_EXCLUDED,1,1,0,0.0,0.0,0.0,0.0,3798.0,0.0,2306.0,0.0,0.0,11664.0,0.0,0.0,,,,,,,,,,,,,,,,,,,,,,,,,,,,,,,,,,,,,,,,,,,,,,,,,,,,,,,,,,,,,,,,,,,,,,,,,,,,,,,,,,,,,,,,,,,,,,,,,,,,,,,,,,,,,,,,,,,,,,,,,,,,,,,,,,,,,,,,,,,,,,,,,,,,,,,,,,,,,,,,,,,,,,,,,,,,,,,,,,,,,,,,,,,,,,,,,,,,2026-07-14 13:03:02.206,1,MissingHistory,"
"22354,66,66,10592,1,983,CONSUMIBLES DOMESTICOS,""3644"",CONSUM S COOP V,José Luís Sabater _,,MovingAverage12M,smooth_insuficient,smooth_insuficient_insuficient,insuficient,x11 seasonal,x11 seasonal,success,smooth_insuficient,COMPARABLE,1,1,1,1920.0,1200.0,1680.0,2160.0,720.0,2880.0,2061.0,0.0,0.0,1252.0,0.0,0.0,1529.0,1530.0,1529.0,1461.0,0.0,0.0,141.0,-1200.0,-1680.0,-908.0,-720.0,-2880.0,-391.0,330.0,-151.0,-699.0,-720.0,-2880.0,141.0,1200.0,1680.0,908.0,720.0,2880.0,391.0,330.0,151.0,699.0,720.0,2880.0,19881.0,1440000.0,2822400.0,824464.0,518400.0,8294400.0,152881.0,108900.0,22801.0,488601.0,518400.0,8294400.0,1,1,1,1,1,1,141.0,1200.0,1680.0,908.0,720.0,2880.0,391.0,330.0,151.0,699.0,720.0,2880.0,141.0,1200.0,1680.0,908.0,720.0,2880.0,391.0,330.0,151.0,699.0,720.0,2880.0,0.0734375,1.0,1.0,0.4203703703703704,1.0,1.0,0.20364583333333333,0.275,0.08988095238095238,0.3236111111111111,1.0,1.0,0.0734375,-1.0,-1.0,-0.4203703703703704,-1.0,-1.0,-0.20364583333333333,0.275,-0.08988095238095238,-0.3236111111111111,-1.0,-1.0,SCP,ML,ML,ML,TIE,TIE,x11 seasonal,MovingAverage12M,MovingAverage12M,MovingAverage12M,,,ML,SCP,SCP,SCP,,,MovingAverage12M,x11 seasonal,x11 seasonal,x11 seasonal,,,63.93861892583119,72.5,91.01190476190476,23.017621145374452,0.0,0.0,5760.0,1252.0,1461.0,-4508.0,-4299.0,4508.0,4299.0,9637264.0,9301401.0,3,1502.6666666666667,1433.0,1792.322887577273,1760.8143002599677,0.7826388888888889,0.7463541666666667,-0.7826388888888889,-0.7463541666666667,ML,MovingAverage12M,SCP,x11 seasonal,4.6362023070097615,4800.0,2061.0,4588.0,-2739.0,-212.0,3021.0,872.0,4282281.0,284582.0,3,1007.0,290.6666666666667,1194.7497645950805,307.99458869705273,0.629375,0.18166666666666667,-0.570625,-0.04416666666666667,ML,MovingAverage12M,SCP,x11 seasonal,71.13538563389606,10560.0,3313.0,6049.0,-7247.0,-4511.0,7529.0,5171.0,13919545,9585983.0,6,1254.8333333333333,861.8333333333334,1523.1297274581264,1263.9872757798369,0.7129734848484849,0.4896780303030303,-0.6862689393939394,-0.4271780303030303,ML,MovingAverage12M,SCP,x11 seasonal,31.31890025235755,2026-07-14 13:03:02.206,0,,"
"22355,66,66,10592,1,1033,CONSUMIBLES DOMESTICOS,""3754"",HIPER USERA S.L,Enrique Malonda Escriva,,SeasonalNaive,smooth_insuficient,smooth_insuficient_insuficient,insuficient,seasonal discrete,seasonal discrete,success,smooth_insuficient,COMPARABLE,1,1,1,720.0,0.0,0.0,1440.0,720.0,1440.0,620.0,0.0,0.0,627.0,0.0,0.0,432.0,318.0,0.0,480.0,0.0,0.0,-100.0,0.0,0.0,-813.0,-720.0,-1440.0,-288.0,318.0,0.0,-960.0,-720.0,-1440.0,100.0,0.0,0.0,813.0,720.0,1440.0,288.0,318.0,0.0,960.0,720.0,1440.0,10000.0,0.0,0.0,660969.0,518400.0,2073600.0,82944.0,101124.0,0.0,921600.0,518400.0,2073600.0,1,0,0,1,1,1,100.0,,,813.0,720.0,1440.0,288.0,,,960.0,720.0,1440.0,100.0,,,813.0,720.0,1440.0,288.0,,,960.0,720.0,1440.0,0.1388888888888889,,,0.5645833333333333,1.0,1.0,0.4,,,0.6666666666666666,1.0,1.0,-0.1388888888888889,,,-0.5645833333333333,-1.0,-1.0,-0.4,,,-0.6666666666666666,-1.0,-1.0,SCP,,,SCP,TIE,TIE,seasonal discrete,,,seasonal discrete,,,ML,,,ML,,,SeasonalNaive,,,SeasonalNaive,,,65.27777777777779,,,15.312499999999996,0.0,0.0,3600.0,627.0,480.0,-2973.0,-3120.0,2973.0,3120.0,3252969.0,3513600.0,3,991.0,1040.0,1041.3083116925554,1082.2199406774946,0.8258333333333333,0.8666666666666667,-0.8258333333333333,-0.8666666666666667,SCP,seasonal discrete,ML,SeasonalNaive,4.711538461538468,720.0,620.0,750.0,-100.0,30.0,100.0,606.0,10000.0,184068.0,1,100.0,606.0,100.0,429.0314673773941,0.1388888888888889,0.8416666666666667,-0.1388888888888889,0.041666666666666664,SCP,seasonal discrete,ML,SeasonalNaive,83.49834983498349,4320.0,1247.0,1230.0,-3073.0,-3090.0,3073.0,3726.0,3262969.0,3697668.0,4,768.25,931.5,903.1845049600885,961.4660680440054,0.7113425925925926,0.8625,-0.7113425925925926,-0.7152777777777778,SCP,seasonal discrete,ML,SeasonalNaive,17.525496511003762,2026-07-14 13:03:02.206,0,,"
"22356,66,66,10592,1,1134,CONSUMIBLES DOMESTICOS,""4963"",CONSUM S COOP V,José Luís Sabater _,,AutoTheta,smooth_insuficient,smooth_insuficient_insuficient,insuficient,x11 lineal,x11 lineal,success,smooth_insuficient,COMPARABLE,1,1,1,10944.0,5453.0,8208.0,12108.0,11520.0,11520.0,11545.0,0.0,0.0,12513.0,0.0,0.0,12190.0,12115.0,12041.0,11520.0,0.0,0.0,601.0,-5453.0,-8208.0,405.0,-11520.0,-11520.0,1246.0,6662.0,3833.0,-588.0,-11520.0,-11520.0,601.0,5453.0,8208.0,405.0,11520.0,11520.0,1246.0,6662.0,3833.0,588.0,11520.0,11520.0,361201.0,29735209,67371264,164025.0,132710400,132710400,1552516.0,44382244,14691889,345744.0,132710400,132710400,1,1,1,1,1,1,601.0,5453.0,8208.0,405.0,11520.0,11520.0,1246.0,6662.0,3833.0,588.0,11520.0,11520.0,601.0,5453.0,8208.0,405.0,11520.0,11520.0,1246.0,6662.0,3833.0,588.0,11520.0,11520.0,0.05491593567251462,1.0,1.0,0.03344895936570862,1.0,1.0,0.11385233918128655,1.2217128186319457,0.4669834307992203,0.048562933597621406,1.0,1.0,0.05491593567251462,-1.0,-1.0,0.03344895936570862,-1.0,-1.0,0.11385233918128655,1.2217128186319457,0.4669834307992203,-0.048562933597621406,-1.0,-1.0,SCP,SCP,ML,SCP,TIE,TIE,x11 lineal,x11 lineal,AutoTheta,x11 lineal,,,ML,ML,SCP,ML,,,AutoTheta,AutoTheta,x11 lineal,AutoTheta,,,51.76565008025682,18.147703392374662,53.301656920077974,31.122448979591834,0.0,0.0,35148.0,12513.0,11520.0,-22635.0,-23628.0,23445.0,23628.0,265584825,265766544,3,7815.0,7876.0,9408.946540394414,9412.164894433161,0.6670365312393308,0.6722430863776033,-0.6439911232502561,-0.6722430863776033,SCP,x11 lineal,ML,AutoTheta,0.774504824784163,24605.0,11545.0,36346.0,-13060.0,11741.0,14262.0,11741.0,97467674,60626649,3,4754.0,3913.6666666666665,5699.931987898335,4495.429123009282,0.5796382849014428,0.47717943507417193,-0.5307864255232676,0.47717943507417193,ML,AutoTheta,SCP,x11 lineal,17.676342728930017,59753.0,24058.0,47866.0,-35695.0,-11887.0,37707.0,35369.0,363052499,326393193,6,6284.5,5894.833333333333,7778.737033306456,7375.558656806954,0.6310478134989038,0.5919200709587803,-0.597375863973357,-0.19893561829531572,ML,AutoTheta,SCP,x11 lineal,6.200440236560853,2026-07-14 13:03:02.206,0,,"
"22357,66,66,10592,1,1169,FILM ALIMENTARIO PROFESIONAL,""4009"",LA ARDOSA S.L,Enrique Malonda Escriva,,,,,,preserve current forecast,preserve current forecast,success,,NOT_COMPARABLE_MISSING_SCP_AND_ML,1,0,0,0.0,0.0,0.0,0.0,0.0,0.0,,,,,,,,,,,,,,,,,,,,,,,,,,,,,,,,,,,,,,,,,,,,,,,,,,,,,,,,,,,,,,,,,,,,,,,,,,,,,,,,,,,,,,,,,,,,,,,,,,,,,,,,,,,,,,,,,,,,,,,,,,,,,,,,,,,,,,,,,,,,,,,,,,,,,,,,,,,,,,,,,,,,,,,,,,,,,,,,,,,,,,,,,,,,,,,,,,,,,,,,,,2026-07-14 13:03:02.206,1,MissingHistory,NoForecastRowsMaterialized"
"22358,66,66,10592,1,1234,MASCOTAS,""2736"",""EXCLUSIVAS DITAYO, S.L - BP"",José Luís Sabater _,,,,,,preserve current forecast,preserve current forecast,success,,NOT_COMPARABLE_MISSING_SCP_AND_ML,1,0,0,0.0,0.0,0.0,0.0,0.0,0.0,,,,,,,,,,,,,,,,,,,,,,,,,,,,,,,,,,,,,,,,,,,,,,,,,,,,,,,,,,,,,,,,,,,,,,,,,,,,,,,,,,,,,,,,,,,,,,,,,,,,,,,,,,,,,,,,,,,,,,,,,,,,,,,,,,,,,,,,,,,,,,,,,,,,,,,,,,,,,,,,,,,,,,,,,,,,,,,,,,,,,,,,,,,,,,,,,,,,,,,,,,2026-07-14 13:03:02.206,1,MissingHistory,NoForecastRowsMaterialized"
"22359,66,66,10592,1,1266,PAPEL ALIMENTARIO,""3384"",ROSCRIS BENIOPA,José Mateos-Aparicio Martinez,,,,,,average,average,success,,NOT_COMPARABLE_MISSING_SCP_AND_ML,1,0,0,0.0,-146.0,145.0,60.0,0.0,0.0,,,,,,,,,,,,,,,,,,,,,,,,,,,,,,,,,,,,,,,,,,,,,,,,,,,,,,,,,,,,,,,,,,,,,,,,,,,,,,,,,,,,,,,,,,,,,,,,,,,,,,,,,,,,,,,,,,,,,,,,,,,,,,,,,,,,,,,,,,,,,,,,,,,,,,,,,,,,,,,,,,,,,,,,,,,,,,,,,,,,,,,,,,,,,,,,,,,,,,,,,,2026-07-14 13:03:02.206,1,ShortSeries,NoForecastRowsMaterialized"
"22360,66,66,10592,1,1085,CONSUMIBLES DOMESTICOS,""4137"",""FAMILY CASH, S.L."",José Navalón _,,SeasonalNaive,smooth_insuficient,smooth_insuficient_insuficient,insuficient,x11 seasonal,x11 seasonal,success,smooth_insuficient,COMPARABLE,1,1,1,2376.0,7128.0,2376.0,9504.0,2376.0,4752.0,6582.0,0.0,0.0,4916.0,0.0,0.0,4752.0,2376.0,4752.0,4752.0,0.0,0.0,4206.0,-7128.0,-2376.0,-4588.0,-2376.0,-4752.0,2376.0,-4752.0,2376.0,-4752.0,-2376.0,-4752.0,4206.0,7128.0,2376.0,4588.0,2376.0,4752.0,2376.0,4752.0,2376.0,4752.0,2376.0,4752.0,17690436,50808384,5645376.0,21049744,5645376.0,22581504,5645376.0,22581504,5645376.0,22581504,5645376.0,22581504,1,1,1,1,1,1,4206.0,7128.0,2376.0,4588.0,2376.0,4752.0,2376.0,4752.0,2376.0,4752.0,2376.0,4752.0,4206.0,7128.0,2376.0,4588.0,2376.0,4752.0,2376.0,4752.0,2376.0,4752.0,2376.0,4752.0,1.77020202020202,1.0,1.0,0.48274410774410775,1.0,1.0,1.0,0.6666666666666666,1.0,0.5,1.0,1.0,1.77020202020202,-1.0,-1.0,-0.48274410774410775,-1.0,-1.0,1.0,-0.6666666666666666,1.0,-0.5,-1.0,-1.0,ML,ML,TIE,SCP,TIE,TIE,SeasonalNaive,SeasonalNaive,,x11 seasonal,,,SCP,SCP,,ML,,,x11 seasonal,x11 seasonal,,SeasonalNaive,,,43.509272467902996,33.333333333333336,0.0,3.4511784511784493,0.0,0.0,16632.0,4916.0,4752.0,-11716.0,-11880.0,11716.0,11880.0,49276624,50808384,3,3905.3333333333335,3960.0,4052.8436107668076,4115.352718783653,0.7044252044252044,0.7142857142857143,-0.7044252044252044,-0.7142857142857143,SCP,x11 seasonal,ML,SeasonalNaive,1.3804713804713864,11880.0,6582.0,11880.0,-5298.0,0.0,13710.0,9504.0,74144196,33872256,3,4570.0,3168.0,4971.391354540498,3360.1714241984737,1.154040404040404,0.8,-0.44595959595959594,0.0,ML,SeasonalNaive,SCP,x11 seasonal,30.678336980306337,28512.0,11498.0,16632.0,-17014.0,-11880.0,25426.0,21384.0,123420820,84680640,6,4237.666666666667,3564.0,4535.431254761411,3756.7858602800347,0.8917648709315376,0.75,-0.5967312008978676,-0.4166666666666667,ML,SeasonalNaive,SCP,x11 seasonal,15.897113191221578,2026-07-14 13:03:02.206,0,,"
"22361,66,66,10592,1,1116,CONSUMIBLES DOMESTICOS,""4188"",""FAMILY CASH, S.L."",José Navalón _,,SeasonalNaive,smooth_insuficient,smooth_insuficient_insuficient,insuficient,x11 seasonal,x11 seasonal,success,smooth_insuficient,COMPARABLE,1,1,1,1440.0,4320.0,4320.0,5760.0,1440.0,4320.0,4253.0,0.0,0.0,3918.0,0.0,0.0,4320.0,3621.0,2880.0,3869.0,0.0,0.0,2813.0,-4320.0,-4320.0,-1842.0,-1440.0,-4320.0,2880.0,-699.0,-1440.0,-1891.0,-1440.0,-4320.0,2813.0,4320.0,4320.0,1842.0,1440.0,4320.0,2880.0,699.0,1440.0,1891.0,1440.0,4320.0,7912969.0,18662400,18662400,3392964.0,2073600.0,18662400,8294400.0,488601.0,2073600.0,3575881.0,2073600.0,18662400,1,1,1,1,1,1,2813.0,4320.0,4320.0,1842.0,1440.0,4320.0,2880.0,699.0,1440.0,1891.0,1440.0,4320.0,2813.0,4320.0,4320.0,1842.0,1440.0,4320.0,2880.0,699.0,1440.0,1891.0,1440.0,4320.0,1.9534722222222223,1.0,1.0,0.31979166666666664,1.0,1.0,2.0,0.16180555555555556,0.3333333333333333,0.32829861111111114,1.0,1.0,1.9534722222222223,-1.0,-1.0,-0.31979166666666664,-1.0,-1.0,2.0,-0.16180555555555556,-0.3333333333333333,-0.32829861111111114,-1.0,-1.0,SCP,ML,ML,SCP,TIE,TIE,x11 seasonal,SeasonalNaive,SeasonalNaive,x11 seasonal,,,ML,SCP,SCP,ML,,,SeasonalNaive,x11 seasonal,x11 seasonal,SeasonalNaive,,,2.326388888888886,83.81944444444444,66.66666666666667,2.5912215758857906,0.0,0.0,11520.0,3918.0,3869.0,-7602.0,-7651.0,7602.0,7651.0,24128964,24311881,3,2534.0,2550.3333333333335,2836.016219981825,2846.7455687738116,0.6598958333333333,0.6641493055555555,-0.6598958333333333,-0.6641493055555555,SCP,x11 seasonal,ML,SeasonalNaive,0.6404391582799549,10080.0,4253.0,10821.0,-5827.0,741.0,11453.0,5019.0,45237769,10856601,3,3817.6666666666665,1673.0,3883.2018146541564,1902.3319899533835,1.1362103174603175,0.4979166666666667,-0.5780753968253968,0.07351190476190476,ML,SeasonalNaive,SCP,x11 seasonal,56.17742076311883,21600.0,8171.0,14690.0,-13429.0,-6910.0,19055.0,12670.0,69366733,35168482,6,3175.8333333333335,2111.6666666666665,3400.1650205051324,2421.0356599328866,0.882175925925926,0.586574074074074,-0.621712962962963,-0.3199074074074074,ML,SeasonalNaive,SCP,x11 seasonal,33.50826554710051,2026-07-14 13:03:02.206,0,,"
"22362,66,66,10592,1,1218,MASCOTAS,""2697"",""BON PREU, S.A.U."",Enrique Malonda Escriva,,CrostonClassic,intermittent_insuficient,intermittent_insuficient_insuficient,insuficient,syntetos-boylan,syntetos-boylan,success,intermittent_insuficient,NOT_COMPARABLE_MISSING_SCP,1,0,1,0.0,912.0,0.0,912.0,0.0,0.0,,,,,,,535.0,535.0,535.0,532.0,0.0,0.0,,,,,,,,,,,,,,,,,,,,,,,,,,,,,,,,,,,,,,,,,,,,,,,,,,,,,,,,,,,,,,,,,,,,,,,,,,,,,,,,,,,,,,,,,,,,,,,,,,,,,,,,,,,,,,,,,,,,,,,,,,,,,,,,,,,,,,,,,,,,,,,,,,,,,,,,,,,,,,,,,,,,,,,,,,,,,,,,,,,,,,,,,,,,,,2026-07-14 13:03:02.206,0,,NoForecastRowsMaterialized"
"22363,66,66,10592,1,1253,PAPEL ALIMENTARIO,""3380"",""FAMILY CASH, S.L."",José Navalón _,,SeasonalNaive,smooth_insuficient,smooth_insuficient_insuficient,insuficient,seasonal discrete,seasonal discrete,success,smooth_insuficient,COMPARABLE,1,1,1,0.0,0.0,888.0,0.0,256.0,512.0,47.0,0.0,0.0,157.0,0.0,0.0,64.0,0.0,320.0,0.0,0.0,0.0,47.0,0.0,-888.0,157.0,-256.0,-512.0,64.0,0.0,-568.0,0.0,-256.0,-512.0,47.0,0.0,888.0,157.0,256.0,512.0,64.0,0.0,568.0,0.0,256.0,512.0,2209.0,0.0,788544.0,24649.0,65536.0,262144.0,4096.0,0.0,322624.0,0.0,65536.0,262144.0,0,0,1,0,1,1,,,888.0,,256.0,512.0,,,568.0,,256.0,512.0,,,888.0,,256.0,512.0,,,568.0,,256.0,512.0,,,1.0,,1.0,1.0,,,0.6396396396396397,,1.0,1.0,,,-1.0,,-1.0,-1.0,,,-0.6396396396396397,,-1.0,-1.0,,,ML,,TIE,TIE,,,SeasonalNaive,,,,,,SCP,,,,,,seasonal discrete,,,,,,36.03603603603604,,0.0,0.0,768.0,157.0,0.0,-611.0,-768.0,925.0,768.0,352329.0,327680.0,2,462.5,384.0,419.7195492230496,404.7715405015526,1.2044270833333333,1.0,-0.7955729166666666,-1.0,ML,SeasonalNaive,SCP,seasonal discrete,16.97297297297297,888.0,47.0,384.0,-841.0,-504.0,935.0,632.0,790753.0,326720.0,1,935.0,632.0,889.2429364352578,571.59426169268,1.052927927927928,0.7117117117117117,-0.9470720720720721,-0.5675675675675675,ML,SeasonalNaive,SCP,seasonal discrete,32.40641711229947,1656.0,204.0,384.0,-1452.0,-1272.0,1860.0,1400.0,1143082.0,654400.0,3,620.0,466.6666666666667,617.2741152302867,467.0474636836532,1.1231884057971016,0.8454106280193237,-0.8768115942028986,-0.7681159420289855,ML,SeasonalNaive,SCP,seasonal discrete,24.731182795698935,2026-07-14 13:03:02.206,0,,"
"22364,66,66,10592,1,1269,PAPEL ALIMENTARIO,""4153"",CONSUM S COOP V,José Luís Sabater _,,,,,,average,average,success,,NOT_COMPARABLE_ML_EXCLUDED,1,1,0,5760.0,10710.0,10240.0,9600.0,11510.0,6400.0,9703.4,0.0,0.0,0.0,0.0,0.0,,,,,,,,,,,,,,,,,,,,,,,,,,,,,,,,,,,,,,,,,,,,,,,,,,,,,,,,,,,,,,,,,,,,,,,,,,,,,,,,,,,,,,,,,,,,,,,,,,,,,,,,,,,,,,,,,,,,,,,,,,,,,,,,,,,,,,,,,,,,,,,,,,,,,,,,,,,,,,,,,,,,,,,,,,,,,,,,,,,,,,,,,,,,,,,,,,,,2026-07-14 13:03:02.206,1,ShortSeries,NoForecastRowsMaterialized"
"22365,66,66,10592,1,1302,SACO INDUSTRIAL,""27"",""PROCAVI, S.L."",José Mateos-Aparicio Martinez,,,,,,preserve current forecast,preserve current forecast,success,,NOT_COMPARABLE_ML_EXCLUDED,1,1,0,0.0,0.0,0.0,2.4,2.4,0.0,2.4,0.0,0.0,0.0,0.0,0.0,,,,,,,,,,,,,,,,,,,,,,,,,,,,,,,,,,,,,,,,,,,,,,,,,,,,,,,,,,,,,,,,,,,,,,,,,,,,,,,,,,,,,,,,,,,,,,,,,,,,,,,,,,,,,,,,,,,,,,,,,,,,,,,,,,,,,,,,,,,,,,,,,,,,,,,,,,,,,,,,,,,,,,,,,,,,,,,,,,,,,,,,,,,,,,,,,,,,2026-07-14 13:03:02.206,1,MissingHistory,NoForecastRowsMaterialized"
"22366,66,66,10592,1,1768,CONSUMIBLES DOMESTICOS,""5918"",CONSUM S COOP V,José Luís Sabater _,,MovingAverage3M,smooth_insuficient,smooth_insuficient_insuficient,insuficient,x11 lineal,x11 lineal,success,smooth_insuficient,COMPARABLE,1,1,1,15750.0,18340.0,19600.0,17640.0,17640.0,21560.0,19347.0,0.0,0.0,0.0,0.0,0.0,18946.0,18947.0,18947.0,21975.0,0.0,0.0,3597.0,-18340.0,-19600.0,-17640.0,-17640.0,-21560.0,3196.0,607.0,-653.0,4335.0,-17640.0,-21560.0,3597.0,18340.0,19600.0,17640.0,17640.0,21560.0,3196.0,607.0,653.0,4335.0,17640.0,21560.0,12938409,336355600,384160000,311169600,311169600,464833600,10214416,368449.0,426409.0,18792225,311169600,464833600,1,1,1,1,1,1,3597.0,18340.0,19600.0,17640.0,17640.0,21560.0,3196.0,607.0,653.0,4335.0,17640.0,21560.0,3597.0,18340.0,19600.0,17640.0,17640.0,21560.0,3196.0,607.0,653.0,4335.0,17640.0,21560.0,0.22838095238095238,1.0,1.0,1.0,1.0,1.0,0.20292063492063492,0.033097055616139584,0.03331632653061224,0.2457482993197279,1.0,1.0,0.22838095238095238,-1.0,-1.0,-1.0,-1.0,-1.0,0.20292063492063492,0.033097055616139584,-0.03331632653061224,0.2457482993197279,-1.0,-1.0,ML,ML,ML,ML,TIE,TIE,MovingAverage3M,MovingAverage3M,MovingAverage3M,MovingAverage3M,,,SCP,SCP,SCP,SCP,,,x11 lineal,x11 lineal,x11 lineal,x11 lineal,,,11.148179038087296,96.69029443838603,96.66836734693878,75.42517006802721,0.0,0.0,56840.0,0.0,21975.0,-56840.0,-34865.0,56840.0,43535.0,1087172800,794795425,3,18946.666666666668,14511.666666666666,19036.56831819573,16276.725970948008,1.0,0.7659218859957776,-1.0,-0.6133884588318086,ML,MovingAverage3M,SCP,x11 lineal,23.40781140042224,53690.0,19347.0,56840.0,-34343.0,3150.0,41537.0,4456.0,733454009,11009274,3,13845.666666666666,1485.3333333333333,15636.005553422736,1915.661243539682,0.7736449990687279,0.08299497113056435,-0.6396535667722109,0.05867014341590613,ML,MovingAverage3M,SCP,x11 lineal,89.27221513349545,110530.0,19347.0,78815.0,-91183.0,-31715.0,98377.0,47991.0,1820626809,805804699,6,16396.166666666668,7998.5,17419.466165758353,11588.821474449705,0.8900479507825929,0.43418981272052837,-0.8249615489007509,-0.28693567357278565,ML,MovingAverage3M,SCP,x11 lineal,51.217256065950366,2026-07-14 13:03:02.206,0,,NoForecastRowsMaterialized"
"22367,66,66,10592,1,1821,CONSUMIBLES DOMESTICOS,""5998"",GRUPO DISTRIBUIDOR GARAU SL,José Luís Sabater _,,,,,,preserve current forecast,preserve current forecast,success,,NOT_COMPARABLE_MISSING_SCP_AND_ML,1,0,0,8448.0,0.0,0.0,0.0,0.0,0.0,,,,,,,,,,,,,,,,,,,,,,,,,,,,,,,,,,,,,,,,,,,,,,,,,,,,,,,,,,,,,,,,,,,,,,,,,,,,,,,,,,,,,,,,,,,,,,,,,,,,,,,,,,,,,,,,,,,,,,,,,,,,,,,,,,,,,,,,,,,,,,,,,,,,,,,,,,,,,,,,,,,,,,,,,,,,,,,,,,,,,,,,,,,,,,,,,,,,,,,,,,2026-07-14 13:03:02.206,1,MissingHistory,NoForecastRowsMaterialized"
"22368,66,66,10592,1,2306,SACO INDUSTRIAL,""3677"",UVESA,José Mateos-Aparicio Martinez,,,,,,preserve current forecast,preserve current forecast,success,,NOT_COMPARABLE_MISSING_SCP_AND_ML,1,0,0,0.0,0.0,0.0,0.0,0.0,0.0,,,,,,,,,,,,,,,,,,,,,,,,,,,,,,,,,,,,,,,,,,,,,,,,,,,,,,,,,,,,,,,,,,,,,,,,,,,,,,,,,,,,,,,,,,,,,,,,,,,,,,,,,,,,,,,,,,,,,,,,,,,,,,,,,,,,,,,,,,,,,,,,,,,,,,,,,,,,,,,,,,,,,,,,,,,,,,,,,,,,,,,,,,,,,,,,,,,,,,,,,,2026-07-14 13:03:02.206,1,MissingHistory,NoForecastRowsMaterialized"
"22369,66,66,10592,1,913,CONSUMIBLES DOMESTICOS,""3540"",ALIMERKA S.A.U.,Enrique Malonda Escriva,,MovingAverage3M,smooth_insuficient,smooth_insuficient_insuficient,insuficient,x11 lineal,x11 lineal,success,smooth_insuficient,COMPARABLE,1,1,1,2280.0,2280.0,2280.0,2280.0,2280.0,2280.0,1881.0,0.0,0.0,3233.0,0.0,0.0,2280.0,2280.0,2280.0,3420.0,0.0,0.0,-399.0,-2280.0,-2280.0,953.0,-2280.0,-2280.0,0.0,0.0,0.0,1140.0,-2280.0,-2280.0,399.0,2280.0,2280.0,953.0,2280.0,2280.0,0.0,0.0,0.0,1140.0,2280.0,2280.0,159201.0,5198400.0,5198400.0,908209.0,5198400.0,5198400.0,0.0,0.0,0.0,1299600.0,5198400.0,5198400.0,1,1,1,1,1,1,399.0,2280.0,2280.0,953.0,2280.0,2280.0,0.0,0.0,0.0,1140.0,2280.0,2280.0,399.0,2280.0,2280.0,953.0,2280.0,2280.0,0.0,0.0,0.0,1140.0,2280.0,2280.0,0.175,1.0,1.0,0.4179824561403509,1.0,1.0,0.0,0.0,0.0,0.5,1.0,1.0,-0.175,-1.0,-1.0,0.4179824561403509,-1.0,-1.0,0.0,0.0,0.0,0.5,-1.0,-1.0,ML,ML,ML,SCP,TIE,TIE,MovingAverage3M,MovingAverage3M,MovingAverage3M,x11 lineal,,,SCP,SCP,SCP,ML,,,x11 lineal,x11 lineal,x11 lineal,MovingAverage3M,,,100.0,100.0,100.0,16.403508771929822,0.0,0.0,6840.0,3233.0,3420.0,-3607.0,-3420.0,5513.0,5700.0,11305009,11696400,3,1837.6666666666667,1900.0,1941.2203206574295,1974.5379206285202,0.8059941520467836,0.8333333333333334,-0.5273391812865497,-0.5,SCP,x11 lineal,ML,MovingAverage3M,3.280701754385973,6840.0,1881.0,6840.0,-4959.0,0.0,4959.0,0.0,10556001,0.0,3,1653.0,0.0,1875.811024597094,0.0,0.725,0.0,-0.725,0.0,ML,MovingAverage3M,SCP,x11 lineal,100.0,13680.0,5114.0,10260.0,-8566.0,-3420.0,10472.0,5700.0,21861010,11696400,6,1745.3333333333333,950.0,1908.7958682548185,1396.2091533864116,0.7654970760233918,0.4166666666666667,-0.6261695906432748,-0.25,ML,MovingAverage3M,SCP,x11 lineal,45.56913674560733,2026-07-14 13:03:02.206,0,,"
"22370,66,66,10592,1,915,CONSUMIBLES DOMESTICOS,""3540"",BUBBLES BIDCO SPAIN SL (ACQUA & SAPONE)A,Enrique Malonda Escriva,,,,,,preserve current forecast,preserve current forecast,success,,NOT_COMPARABLE_MISSING_SCP_AND_ML,1,0,0,0.0,0.0,0.0,0.0,0.0,0.0,,,,,,,,,,,,,,,,,,,,,,,,,,,,,,,,,,,,,,,,,,,,,,,,,,,,,,,,,,,,,,,,,,,,,,,,,,,,,,,,,,,,,,,,,,,,,,,,,,,,,,,,,,,,,,,,,,,,,,,,,,,,,,,,,,,,,,,,,,,,,,,,,,,,,,,,,,,,,,,,,,,,,,,,,,,,,,,,,,,,,,,,,,,,,,,,,,,,,,,,,,2026-07-14 13:03:02.206,1,MissingHistory,NoForecastRowsMaterialized"
"22371,66,66,10592,1,972,CONSUMIBLES DOMESTICOS,""3586"",""FAMILY CASH, S.L."",José Navalón _,,SeasonalNaive,smooth_insuficient,smooth_insuficient_insuficient,insuficient,x11 seasonal,x11 seasonal,success,smooth_insuficient,COMPARABLE,1,1,1,2280.0,4416.0,4560.0,4560.0,6840.0,4560.0,5673.0,0.0,0.0,6369.0,0.0,0.0,4560.0,2280.0,6840.0,4560.0,0.0,0.0,3393.0,-4416.0,-4560.0,1809.0,-6840.0,-4560.0,2280.0,-2136.0,2280.0,0.0,-6840.0,-4560.0,3393.0,4416.0,4560.0,1809.0,6840.0,4560.0,2280.0,2136.0,2280.0,0.0,6840.0,4560.0,11512449,19501056,20793600,3272481.0,46785600,20793600,5198400.0,4562496.0,5198400.0,0.0,46785600,20793600,1,1,1,1,1,1,3393.0,4416.0,4560.0,1809.0,6840.0,4560.0,2280.0,2136.0,2280.0,0.0,6840.0,4560.0,3393.0,4416.0,4560.0,1809.0,6840.0,4560.0,2280.0,2136.0,2280.0,0.0,6840.0,4560.0,1.4881578947368421,1.0,1.0,0.39671052631578946,1.0,1.0,1.0,0.483695652173913,0.5,0.0,1.0,1.0,1.4881578947368421,-1.0,-1.0,0.39671052631578946,-1.0,-1.0,1.0,-0.483695652173913,0.5,0.0,-1.0,-1.0,ML,ML,ML,ML,TIE,TIE,SeasonalNaive,SeasonalNaive,SeasonalNaive,SeasonalNaive,,,SCP,SCP,SCP,SCP,,,x11 seasonal,x11 seasonal,x11 seasonal,x11 seasonal,,,32.802829354553495,51.63043478260869,50.0,100.0,0.0,0.0,15960.0,6369.0,4560.0,-9591.0,-11400.0,13209.0,11400.0,70851681,67579200,3,4403.0,3800.0,4859.7558580653,4746.198478782782,0.8276315789473684,0.7142857142857143,-0.6009398496240601,-0.7142857142857143,ML,SeasonalNaive,SCP,x11 seasonal,13.695207812854864,11256.0,5673.0,13680.0,-5583.0,2424.0,12369.0,6696.0,51807105,14959296,3,4123.0,2232.0,4155.6028443536325,2233.0320194748665,1.0988805970149254,0.5948827292110874,-0.49600213219616207,0.21535181236673773,ML,SeasonalNaive,SCP,x11 seasonal,45.86466165413533,27216.0,12042.0,18240.0,-15174.0,-8976.0,25578.0,18096.0,122658786,82538496,6,4263.0,3016.0,4521.408077137033,3708.9642759131557,0.9398148148148148,0.6649029982363316,-0.5575396825396826,-0.3298059964726631,ML,SeasonalNaive,SCP,x11 seasonal,29.2517006802721,2026-07-14 13:03:02.206,0,,"
"22372,66,66,10592,1,1156,FILM ALIMENTARIO PROFESIONAL,""3538"",MERCADONA S.A.,Xaro Andrés Sanchis,,HistoricAverage,smooth_insuficient,smooth_insuficient_insuficient,insuficient,x11 seasonal,x11 seasonal,success,smooth_insuficient,COMPARABLE,1,1,1,435.0,290.0,1450.0,580.0,290.0,145.0,287.0,0.0,0.0,583.0,0.0,0.0,450.0,449.0,449.0,465.0,0.0,0.0,-148.0,-290.0,-1450.0,3.0,-290.0,-145.0,15.0,159.0,-1001.0,-115.0,-290.0,-145.0,148.0,290.0,1450.0,3.0,290.0,145.0,15.0,159.0,1001.0,115.0,290.0,145.0,21904.0,84100.0,2102500.0,9.0,84100.0,21025.0,225.0,25281.0,1002001.0,13225.0,84100.0,21025.0,1,1,1,1,1,1,148.0,290.0,1450.0,3.0,290.0,145.0,15.0,159.0,1001.0,115.0,290.0,145.0,148.0,290.0,1450.0,3.0,290.0,145.0,15.0,159.0,1001.0,115.0,290.0,145.0,0.34022988505747126,1.0,1.0,0.005172413793103448,1.0,1.0,0.034482758620689655,0.5482758620689655,0.6903448275862069,0.19827586206896552,1.0,1.0,-0.34022988505747126,-1.0,-1.0,0.005172413793103448,-1.0,-1.0,0.034482758620689655,0.5482758620689655,-0.6903448275862069,-0.19827586206896552,-1.0,-1.0,ML,ML,ML,SCP,TIE,TIE,HistoricAverage,HistoricAverage,HistoricAverage,x11 seasonal,,,SCP,SCP,SCP,ML,,,x11 seasonal,x11 seasonal,x11 seasonal,HistoricAverage,,,89.86486486486486,45.17241379310345,30.965517241379313,97.39130434782608,0.0,0.0,1015.0,583.0,465.0,-432.0,-550.0,438.0,550.0,105134.0,118350.0,3,146.0,183.33333333333334,187.20220796418687,198.62024066041204,0.4315270935960591,0.541871921182266,-0.42561576354679803,-0.541871921182266,SCP,x11 seasonal,ML,HistoricAverage,20.363636363636363,2175.0,287.0,1348.0,-1888.0,-827.0,1888.0,1175.0,2208504.0,1027507.0,3,629.3333333333334,391.6666666666667,858.0023309991645,585.2369890337874,0.8680459770114942,0.5402298850574713,-0.8680459770114942,-0.38022988505747124,ML,HistoricAverage,SCP,x11 seasonal,37.764830508474574,3190.0,870.0,1813.0,-2320.0,-1377.0,2326.0,1725.0,2313638.0,1145857.0,6,387.6666666666667,287.5,620.9720874027538,437.0081997705154,0.729153605015674,0.5407523510971787,-0.7272727272727273,-0.4316614420062696,ML,HistoricAverage,SCP,x11 seasonal,25.83834909716251,2026-07-14 13:03:02.206,0,,"
"22373,66,66,10592,1,1165,FILM ALIMENTARIO PROFESIONAL,""4009"",ALIMERKA S.A.U.,Enrique Malonda Escriva,,,intermittent_obsolete,intermittent_obsolete_obsolete,obsolete,preserve current forecast,preserve current forecast,success,intermittent_obsolete,NOT_COMPARABLE_MISSING_SCP,1,0,1,0.0,0.0,288.0,0.0,0.0,0.0,,,,,,,0.0,0.0,0.0,0.0,0.0,0.0,,,,,,,,,,,,,,,,,,,,,,,,,,,,,,,,,,,,,,,,,,,,,,,,,,,,,,,,,,,,,,,,,,,,,,,,,,,,,,,,,,,,,,,,,,,,,,,,,,,,,,,,,,,,,,,,,,,,,,,,,,,,,,,,,,,,,,,,,,,,,,,,,,,,,,,,,,,,,,,,,,,,,,,,,,,,,,,,,,,,,,,,,,,,,,2026-07-14 13:03:02.206,0,,NoForecastRowsMaterialized"
"22374,66,66,10592,1,1238,MASCOTAS,""2736"",JUAN FORNES - SUPERMERCADOS MAS Y MAS,Enrique Malonda Escriva,,MovingAverage3M,smooth_insuficient,smooth_insuficient_insuficient,insuficient,seasonal discrete,seasonal discrete,success,smooth_insuficient,NOT_COMPARABLE_MISSING_SCP,1,0,1,0.0,0.0,2992.0,0.0,0.0,0.0,,,,,,,0.0,0.0,0.0,0.0,0.0,0.0,,,,,,,,,,,,,,,,,,,,,,,,,,,,,,,,,,,,,,,,,,,,,,,,,,,,,,,,,,,,,,,,,,,,,,,,,,,,,,,,,,,,,,,,,,,,,,,,,,,,,,,,,,,,,,,,,,,,,,,,,,,,,,,,,,,,,,,,,,,,,,,,,,,,,,,,,,,,,,,,,,,,,,,,,,,,,,,,,,,,,,,,,,,,,,2026-07-14 13:03:02.206,0,,NoForecastRowsMaterialized"
"22375,66,66,10592,1,1240,MASCOTAS,""2736"",""MARKANT ESPAÑA, S.A"",Enrique Malonda Escriva,,,,,,preserve current forecast,preserve current forecast,success,,NOT_COMPARABLE_MISSING_SCP_AND_ML,1,0,0,0.0,0.0,0.0,0.0,0.0,0.0,,,,,,,,,,,,,,,,,,,,,,,,,,,,,,,,,,,,,,,,,,,,,,,,,,,,,,,,,,,,,,,,,,,,,,,,,,,,,,,,,,,,,,,,,,,,,,,,,,,,,,,,,,,,,,,,,,,,,,,,,,,,,,,,,,,,,,,,,,,,,,,,,,,,,,,,,,,,,,,,,,,,,,,,,,,,,,,,,,,,,,,,,,,,,,,,,,,,,,,,,,2026-07-14 13:03:02.206,1,MissingHistory,NoForecastRowsMaterialized"
"22376,66,66,10592,1,1256,PAPEL ALIMENTARIO,""3381"",""FAMILY CASH, S.L."",José Navalón _,,,,,,preserve current forecast,preserve current forecast,success,,NOT_COMPARABLE_MISSING_SCP_AND_ML,1,0,0,0.0,0.0,0.0,0.0,0.0,0.0,,,,,,,,,,,,,,,,,,,,,,,,,,,,,,,,,,,,,,,,,,,,,,,,,,,,,,,,,,,,,,,,,,,,,,,,,,,,,,,,,,,,,,,,,,,,,,,,,,,,,,,,,,,,,,,,,,,,,,,,,,,,,,,,,,,,,,,,,,,,,,,,,,,,,,,,,,,,,,,,,,,,,,,,,,,,,,,,,,,,,,,,,,,,,,,,,,,,,,,,,,2026-07-14 13:03:02.206,1,MissingHistory,NoForecastRowsMaterialized"
"22377,66,66,10592,1,1304,SACO INDUSTRIAL,""27"",UVESA,José Mateos-Aparicio Martinez,,,,,,preserve current forecast,preserve current forecast,success,,NOT_COMPARABLE_MISSING_SCP_AND_ML,1,0,0,0.0,0.0,0.0,0.0,0.0,0.0,,,,,,,,,,,,,,,,,,,,,,,,,,,,,,,,,,,,,,,,,,,,,,,,,,,,,,,,,,,,,,,,,,,,,,,,,,,,,,,,,,,,,,,,,,,,,,,,,,,,,,,,,,,,,,,,,,,,,,,,,,,,,,,,,,,,,,,,,,,,,,,,,,,,,,,,,,,,,,,,,,,,,,,,,,,,,,,,,,,,,,,,,,,,,,,,,,,,,,,,,,2026-07-14 13:03:02.206,1,MissingHistory,NoForecastRowsMaterialized"
"22378,66,66,10592,1,811,CONSUMIBLES DOMESTICOS,""3451"",COVIRAN,José Luís Sabater _,,,,,,preserve current forecast,preserve current forecast,success,,NOT_COMPARABLE_MISSING_SCP_AND_ML,1,0,0,0.0,0.0,0.0,0.0,0.0,0.0,,,,,,,,,,,,,,,,,,,,,,,,,,,,,,,,,,,,,,,,,,,,,,,,,,,,,,,,,,,,,,,,,,,,,,,,,,,,,,,,,,,,,,,,,,,,,,,,,,,,,,,,,,,,,,,,,,,,,,,,,,,,,,,,,,,,,,,,,,,,,,,,,,,,,,,,,,,,,,,,,,,,,,,,,,,,,,,,,,,,,,,,,,,,,,,,,,,,,,,,,,2026-07-14 13:03:02.206,1,MissingHistory,NoForecastRowsMaterialized"
"22379,66,66,10592,1,847,CONSUMIBLES DOMESTICOS,""3456"",CORP. ALIMENTARIA GUISSONA,Enrique Malonda Escriva,,,,,,average,average,success,,NOT_COMPARABLE_ML_EXCLUDED,1,1,0,1008.0,1512.0,1008.0,1134.0,1008.0,504.0,924.0,0.0,0.0,924.0,0.0,0.0,,,,,,,,,,,,,,,,,,,,,,,,,,,,,,,,,,,,,,,,,,,,,,,,,,,,,,,,,,,,,,,,,,,,,,,,,,,,,,,,,,,,,,,,,,,,,,,,,,,,,,,,,,,,,,,,,,,,,,,,,,,,,,,,,,,,,,,,,,,,,,,,,,,,,,,,,,,,,,,,,,,,,,,,,,,,,,,,,,,,,,,,,,,,,,,,,,,,2026-07-14 13:03:02.206,1,ShortSeries,"
"22380,66,66,10592,1,870,CONSUMIBLES DOMESTICOS,""3457"",VEGALSA,Enrique Malonda Escriva,,,,,,average,average,success,,NOT_COMPARABLE_ML_EXCLUDED,1,1,0,1134.0,1134.0,1134.0,1701.0,1134.0,1071.0,1372.0,0.0,0.0,1401.0,0.0,0.0,,,,,,,,,,,,,,,,,,,,,,,,,,,,,,,,,,,,,,,,,,,,,,,,,,,,,,,,,,,,,,,,,,,,,,,,,,,,,,,,,,,,,,,,,,,,,,,,,,,,,,,,,,,,,,,,,,,,,,,,,,,,,,,,,,,,,,,,,,,,,,,,,,,,,,,,,,,,,,,,,,,,,,,,,,,,,,,,,,,,,,,,,,,,,,,,,,,,2026-07-14 13:03:02.206,1,ShortSeries,"
"22381,66,66,10592,1,879,CONSUMIBLES DOMESTICOS,""3460"",BUBBLES BIDCO SPAIN SL (ACQUA & SAPONE)A,Enrique Malonda Escriva,,,,,,preserve current forecast,preserve current forecast,success,,NOT_COMPARABLE_MISSING_SCP_AND_ML,1,0,0,0.0,0.0,0.0,0.0,0.0,0.0,,,,,,,,,,,,,,,,,,,,,,,,,,,,,,,,,,,,,,,,,,,,,,,,,,,,,,,,,,,,,,,,,,,,,,,,,,,,,,,,,,,,,,,,,,,,,,,,,,,,,,,,,,,,,,,,,,,,,,,,,,,,,,,,,,,,,,,,,,,,,,,,,,,,,,,,,,,,,,,,,,,,,,,,,,,,,,,,,,,,,,,,,,,,,,,,,,,,,,,,,,2026-07-14 13:03:02.206,1,MissingHistory,NoForecastRowsMaterialized"
"22382,66,66,10592,1,895,CONSUMIBLES DOMESTICOS,""3465"",""IFA RETAIL, S.A."",Enrique Malonda Escriva,,HistoricAverage,smooth_insuficient,smooth_insuficient_insuficient,insuficient,x11 lineal,x11 lineal,success,smooth_insuficient,COMPARABLE,1,1,1,5049.0,5940.0,7425.0,9207.0,5643.0,4131.0,9693.0,0.0,0.0,8193.0,0.0,0.0,6758.0,6759.0,6758.0,6852.0,0.0,0.0,4644.0,-5940.0,-7425.0,-1014.0,-5643.0,-4131.0,1709.0,819.0,-667.0,-2355.0,-5643.0,-4131.0,4644.0,5940.0,7425.0,1014.0,5643.0,4131.0,1709.0,819.0,667.0,2355.0,5643.0,4131.0,21566736,35283600,55130625,1028196.0,31843449,17065161,2920681.0,670761.0,444889.0,5546025.0,31843449,17065161,1,1,1,1,1,1,4644.0,5940.0,7425.0,1014.0,5643.0,4131.0,1709.0,819.0,667.0,2355.0,5643.0,4131.0,4644.0,5940.0,7425.0,1014.0,5643.0,4131.0,1709.0,819.0,667.0,2355.0,5643.0,4131.0,0.9197860962566845,1.0,1.0,0.11013359400456174,1.0,1.0,0.3384828678946326,0.13787878787878788,0.08983164983164983,0.25578364288041705,1.0,1.0,0.9197860962566845,-1.0,-1.0,-0.11013359400456174,-1.0,-1.0,0.3384828678946326,0.13787878787878788,-0.08983164983164983,-0.25578364288041705,-1.0,-1.0,ML,ML,ML,SCP,TIE,TIE,HistoricAverage,HistoricAverage,HistoricAverage,x11 lineal,,,SCP,SCP,SCP,ML,,,x11 lineal,x11 lineal,x11 lineal,HistoricAverage,,,63.19982773471145,86.2121212121212,91.01683501683502,56.94267515923567,0.0,0.0,18981.0,8193.0,6852.0,-10788.0,-12129.0,10788.0,12129.0,49936806,54454635,3,3596.0,4043.0,4079.902204710304,4260.463003008006,0.5683578315157263,0.6390074284811127,-0.5683578315157263,-0.6390074284811127,SCP,x11 lineal,ML,HistoricAverage,11.056146425921343,18414.0,9693.0,20275.0,-8721.0,1861.0,18009.0,3195.0,111980961,4036331.0,3,6003.0,1065.0,6109.581573233964,1159.932612985197,0.9780058651026393,0.17350928641251223,-0.4736070381231672,0.10106440751602042,ML,HistoricAverage,SCP,x11 lineal,82.25887056471764,37395.0,17886.0,27127.0,-19509.0,-10268.0,28797.0,15324.0,161917767,58490966,6,4799.5,2554.0,5194.833442950794,3122.2578902668074,0.7700762133975131,0.4097874047332531,-0.5217007621339751,-0.27458216339082764,ML,HistoricAverage,SCP,x11 lineal,46.786123554536935,2026-07-14 13:03:02.206,0,,"
"22383,66,66,10592,1,945,CONSUMIBLES DOMESTICOS,""3555"",CONSUM S COOP V,José Luís Sabater _,,SeasonalNaive,smooth_insuficient,smooth_insuficient_insuficient,insuficient,x11 seasonal,x11 seasonal,success,smooth_insuficient,COMPARABLE,1,1,1,46056.0,16896.0,15360.0,15360.0,13824.0,13824.0,16342.0,0.0,0.0,17188.0,0.0,0.0,18432.0,15360.0,19968.0,17842.0,0.0,0.0,-29714.0,-16896.0,-15360.0,1828.0,-13824.0,-13824.0,-27624.0,-1536.0,4608.0,2482.0,-13824.0,-13824.0,29714.0,16896.0,15360.0,1828.0,13824.0,13824.0,27624.0,1536.0,4608.0,2482.0,13824.0,13824.0,882921796,285474816,235929600,3341584.0,191102976,191102976,763085376,2359296.0,21233664,6160324.0,191102976,191102976,1,1,1,1,1,1,29714.0,16896.0,15360.0,1828.0,13824.0,13824.0,27624.0,1536.0,4608.0,2482.0,13824.0,13824.0,29714.0,16896.0,15360.0,1828.0,13824.0,13824.0,27624.0,1536.0,4608.0,2482.0,13824.0,13824.0,0.6451710960569741,1.0,1.0,0.11901041666666666,1.0,1.0,0.5997915581031787,0.09090909090909091,0.3,0.16158854166666667,1.0,1.0,-0.6451710960569741,-1.0,-1.0,0.11901041666666666,-1.0,-1.0,-0.5997915581031787,-0.09090909090909091,0.3,0.16158854166666667,-1.0,-1.0,ML,ML,ML,SCP,TIE,TIE,SeasonalNaive,SeasonalNaive,SeasonalNaive,x11 seasonal,,,SCP,SCP,SCP,ML,,,x11 seasonal,x11 seasonal,x11 seasonal,SeasonalNaive,,,7.03372147809113,90.9090909090909,70.0,26.349717969379537,0.0,0.0,43008.0,17188.0,17842.0,-25820.0,-25166.0,29476.0,30130.0,385547536,388366276,3,9825.333333333334,10043.333333333334,11336.4829349024,11377.848009765878,0.6853608630952381,0.7005673363095238,-0.6003534226190477,-0.5851469494047619,SCP,x11 seasonal,ML,SeasonalNaive,2.170594092266841,78312.0,16342.0,53760.0,-61970.0,-24552.0,61970.0,33768.0,1404326212,786678336,3,20656.666666666668,11256.0,21635.820699324842,16193.397172922056,0.7913218919195015,0.43119828378792524,-0.7913218919195015,-0.31351517008887525,ML,SeasonalNaive,SCP,x11 seasonal,45.50911731482976,121320.0,33530.0,71602.0,-87790.0,-49718.0,91446.0,63898.0,1789873748,1175044612,6,15241.0,10649.666666666666,17271.71940871358,13994.312011194643,0.7537586547972305,0.5266897461259479,-0.7236234751071546,-0.4098087701945269,ML,SeasonalNaive,SCP,x11 seasonal,30.12488244428406,2026-07-14 13:03:02.206,0,,"
"22384,66,66,10592,1,963,CONSUMIBLES DOMESTICOS,""3581"",""IFA RETAIL, S.A."",Enrique Malonda Escriva,,HistoricAverage,smooth_insuficient,smooth_insuficient_insuficient,insuficient,x11 lineal,x11 lineal,success,smooth_insuficient,COMPARABLE,1,1,1,23208.0,31488.0,30720.0,31488.0,30720.0,41088.0,35503.0,0.0,0.0,32065.0,0.0,0.0,30686.0,30686.0,30686.0,29884.0,0.0,0.0,12295.0,-31488.0,-30720.0,577.0,-30720.0,-41088.0,7478.0,-802.0,-34.0,-1604.0,-30720.0,-41088.0,12295.0,31488.0,30720.0,577.0,30720.0,41088.0,7478.0,802.0,34.0,1604.0,30720.0,41088.0,151167025,991494144,943718400,332929.0,943718400,1688223744,55920484,643204.0,1156.0,2572816.0,943718400,1688223744,1,1,1,1,1,1,12295.0,31488.0,30720.0,577.0,30720.0,41088.0,7478.0,802.0,34.0,1604.0,30720.0,41088.0,12295.0,31488.0,30720.0,577.0,30720.0,41088.0,7478.0,802.0,34.0,1604.0,30720.0,41088.0,0.5297742157876594,1.0,1.0,0.01832444105691057,1.0,1.0,0.32221647707687007,0.025470020325203253,0.0011067708333333333,0.050940040650406505,1.0,1.0,0.5297742157876594,-1.0,-1.0,0.01832444105691057,-1.0,-1.0,0.32221647707687007,-0.025470020325203253,-0.0011067708333333333,-0.050940040650406505,-1.0,-1.0,ML,ML,ML,SCP,TIE,TIE,HistoricAverage,HistoricAverage,HistoricAverage,x11 lineal,,,SCP,SCP,SCP,ML,,,x11 lineal,x11 lineal,x11 lineal,HistoricAverage,,,39.17852785685237,97.45299796747967,99.88932291666667,64.02743142144638,0.0,0.0,103296.0,32065.0,29884.0,-71231.0,-73412.0,72385.0,73412.0,2632275073,2634514960,3,24128.333333333332,24470.666666666668,29621.360946677203,29633.96114820517,0.7007531753407683,0.7106954770755886,-0.689581397149938,-0.7106954770755886,SCP,x11 lineal,ML,HistoricAverage,1.398953849506882,85416.0,35503.0,92058.0,-49913.0,6642.0,74503.0,8314.0,2086379569,56564844,3,24834.333333333332,2771.3333333333335,26371.572883188695,4342.228460134266,0.8722370516062564,0.09733539383722019,-0.5843518778683151,0.07776060691205394,ML,HistoricAverage,SCP,x11 lineal,88.84071782344336,188712.0,67568.0,121942.0,-121144.0,-66770.0,146888.0,81726.0,4718654642,2691079804,6,24481.333333333332,13621.0,28043.581089677784,21178.132605748477,0.778371274746704,0.4330726185934122,-0.6419517571749545,-0.35381957692144644,ML,HistoricAverage,SCP,x11 lineal,44.36169053973095,2026-07-14 13:03:02.206,0,,"
"22385,66,66,10592,1,1065,CONSUMIBLES DOMESTICOS,""3778"",UNIALCO S.L.( UVESCO),Enrique Malonda Escriva,,HistoricAverage,smooth_insuficient,smooth_insuficient_insuficient,insuficient,x11 lineal,x11 lineal,success,smooth_insuficient,COMPARABLE,1,1,1,3744.0,6912.0,6912.0,6888.0,12120.0,7680.0,0.0,0.0,0.0,7952.0,7951.0,7952.0,0.0,0.0,7600.0,7716.0,7716.0,7717.0,-3744.0,-6912.0,-6912.0,1064.0,-4169.0,272.0,-3744.0,-6912.0,688.0,828.0,-4404.0,37.0,3744.0,6912.0,6912.0,1064.0,4169.0,272.0,3744.0,6912.0,688.0,828.0,4404.0,37.0,14017536,47775744,47775744,1132096.0,17380561,73984.0,14017536,47775744,473344.0,685584.0,19395216,1369.0,1,1,1,1,1,1,3744.0,6912.0,6912.0,1064.0,4169.0,272.0,3744.0,6912.0,688.0,828.0,4404.0,37.0,3744.0,6912.0,6912.0,1064.0,4169.0,272.0,3744.0,6912.0,688.0,828.0,4404.0,37.0,1.0,1.0,1.0,0.15447154471544716,0.34397689768976897,0.035416666666666666,1.0,1.0,0.09953703703703703,0.12020905923344948,0.36336633663366336,0.0048177083333333336,-1.0,-1.0,-1.0,0.15447154471544716,-0.34397689768976897,0.035416666666666666,-1.0,-1.0,0.09953703703703703,0.12020905923344948,-0.36336633663366336,0.0048177083333333336,TIE,TIE,ML,ML,SCP,ML,,,HistoricAverage,HistoricAverage,x11 lineal,HistoricAverage,,,SCP,SCP,ML,SCP,,,x11 lineal,x11 lineal,HistoricAverage,x11 lineal,0.0,0.0,90.0462962962963,22.180451127819552,5.33605812897366,86.39705882352942,26688.0,23855.0,23149.0,-2833.0,-3539.0,5505.0,5269.0,18586641,20082169,3,1835.0,1756.3333333333333,2489.0855750656706,2587.2874469863864,0.2062724820143885,0.19742955635491607,-0.10615257793764989,-0.1326064148681055,ML,HistoricAverage,SCP,x11 lineal,4.287011807447775,17568.0,0.0,7600.0,-17568.0,-9968.0,17568.0,11344.0,109569024,62266624,3,5856.0,3781.3333333333335,6043.4268424462625,4555.824989322277,1.0,0.6457194899817851,-1.0,-0.5673952641165756,ML,HistoricAverage,SCP,x11 lineal,35.428051001821494,44256.0,23855.0,30749.0,-20401.0,-13507.0,23073.0,16613.0,128155665,82348793,6,3845.5,2768.8333333333335,4621.609838573568,3704.699560468208,0.5213530368763557,0.3753841287057122,-0.46097704266088213,-0.3052015545914678,ML,HistoricAverage,SCP,x11 lineal,27.99809300914489,2026-07-14 13:03:02.206,0,,NoForecastRowsMaterialized"
"22386,66,66,10592,1,1113,CONSUMIBLES DOMESTICOS,""4174"",CONSUM S COOP V,José Luís Sabater _,,MovingAverage3M,smooth_insuficient,smooth_insuficient_insuficient,insuficient,x11 seasonal,x11 seasonal,success,smooth_insuficient,COMPARABLE,1,1,1,21000.0,17250.0,18750.0,13500.0,7500.0,9000.0,20704.0,0.0,0.0,29381.0,0.0,0.0,10000.0,10000.0,10000.0,31487.0,0.0,0.0,-296.0,-17250.0,-18750.0,15881.0,-7500.0,-9000.0,-11000.0,-7250.0,-8750.0,17987.0,-7500.0,-9000.0,296.0,17250.0,18750.0,15881.0,7500.0,9000.0,11000.0,7250.0,8750.0,17987.0,7500.0,9000.0,87616.0,297562500,351562500,252206161,56250000,81000000,121000000,52562500,76562500,323532169,56250000,81000000,1,1,1,1,1,1,296.0,17250.0,18750.0,15881.0,7500.0,9000.0,11000.0,7250.0,8750.0,17987.0,7500.0,9000.0,296.0,17250.0,18750.0,15881.0,7500.0,9000.0,11000.0,7250.0,8750.0,17987.0,7500.0,9000.0,0.014095238095238095,1.0,1.0,1.1763703703703703,1.0,1.0,0.5238095238095238,0.42028985507246375,0.4666666666666667,1.3323703703703704,1.0,1.0,-0.014095238095238095,-1.0,-1.0,1.1763703703703703,-1.0,-1.0,-0.5238095238095238,-0.42028985507246375,-0.4666666666666667,1.3323703703703704,-1.0,-1.0,SCP,ML,ML,SCP,TIE,TIE,x11 seasonal,MovingAverage3M,MovingAverage3M,x11 seasonal,,,ML,SCP,SCP,ML,,,MovingAverage3M,x11 seasonal,x11 seasonal,MovingAverage3M,,,97.30909090909093,57.971014492753625,53.333333333333336,11.708456107188535,0.0,0.0,30000.0,29381.0,31487.0,-619.0,1487.0,32381.0,34487.0,389456161,460782169,3,10793.666666666666,11495.666666666666,11393.801838426598,12393.306916772994,1.0793666666666666,1.1495666666666666,-0.020633333333333333,0.04956666666666667,SCP,x11 seasonal,ML,MovingAverage3M,6.1066488821874945,57000.0,20704.0,30000.0,-36296.0,-27000.0,36296.0,27000.0,649212616,250125000,3,12098.666666666666,9000.0,14710.683374110577,9130.991183874838,0.6367719298245614,0.47368421052631576,-0.6367719298245614,-0.47368421052631576,ML,MovingAverage3M,SCP,x11 seasonal,25.611637646021606,87000.0,50085.0,61487.0,-36915.0,-25513.0,68677.0,61487.0,1038668777,710907169,6,11446.166666666666,10247.833333333334,13157.182936834668,10885.059860499927,0.7893908045977012,0.7067471264367816,-0.4243103448275862,-0.2932528735632184,ML,MovingAverage3M,SCP,x11 seasonal,10.4692983094777,2026-07-14 13:03:02.206,0,,"
"22387,66,66,10592,1,1340,SACO INDUSTRIAL,""52"",FLORETTE MURCIA S.L.U.,José Mateos-Aparicio Martinez,,HistoricAverage,smooth_insuficient,smooth_insuficient_insuficient,insuficient,seasonal discrete,seasonal discrete,success,smooth_insuficient,COMPARABLE,1,1,1,4.8,7.199999999999999,4.8,4.8,0.0,4.8,5.1,0.0,0.0,2.7,0.0,0.0,3.6,3.5,3.6,4.8,0.0,0.0,0.2999999999999998,-7.199999999999999,-4.8,-2.0999999999999996,0.0,-4.8,-1.1999999999999997,-3.6999999999999993,-1.1999999999999997,0.0,0.0,-4.8,0.2999999999999998,7.199999999999999,4.8,2.0999999999999996,0.0,4.8,1.1999999999999997,3.6999999999999993,1.1999999999999997,0.0,0.0,4.8,0.0899999999999999,51.83999999999999,23.04,4.409999999999998,0.0,23.04,1.4399999999999993,13.689999999999994,1.4399999999999993,0.0,0.0,23.04,1,1,1,1,0,1,0.2999999999999998,7.199999999999999,4.8,2.0999999999999996,,4.8,1.1999999999999997,3.6999999999999993,1.1999999999999997,0.0,,4.8,0.2999999999999998,7.199999999999999,4.8,2.0999999999999996,,4.8,1.1999999999999997,3.6999999999999993,1.1999999999999997,0.0,,4.8,0.062499999999999965,1.0,1.0,0.43749999999999994,,1.0,0.24999999999999994,0.5138888888888888,0.24999999999999994,0.0,,1.0,0.062499999999999965,-1.0,-1.0,-0.43749999999999994,,-1.0,-0.24999999999999994,-0.5138888888888888,-0.24999999999999994,0.0,,-1.0,SCP,ML,ML,ML,,TIE,seasonal discrete,HistoricAverage,HistoricAverage,HistoricAverage,,,ML,SCP,SCP,SCP,,,HistoricAverage,seasonal discrete,seasonal discrete,seasonal discrete,,,75.00000000000001,48.611111111111114,75.0,100.0,,0.0,9.6,2.7,4.8,-6.8999999999999995,-4.8,6.8999999999999995,4.8,27.449999999999996,23.04,2,3.4499999999999997,2.4,3.7047267105685404,3.394112549695428,0.71875,0.5,-0.71875,-0.5,ML,HistoricAverage,SCP,seasonal discrete,30.434782608695656,16.8,5.1,10.7,-11.7,-6.099999999999998,12.3,6.099999999999998,74.97,16.569999999999993,3,4.1000000000000005,2.0333333333333328,4.998999899979995,2.350177298276309,0.7321428571428572,0.36309523809523797,-0.6964285714285714,-0.36309523809523797,ML,HistoricAverage,SCP,seasonal discrete,50.40650406504067,26.400000000000002,7.8,15.5,-18.599999999999998,-10.899999999999999,19.2,10.899999999999999,102.41999999999999,39.60999999999999,5,3.84,2.1799999999999997,4.525925319755066,2.8146047679914137,0.7272727272727272,0.4128787878787878,-0.7045454545454544,-0.4128787878787878,ML,HistoricAverage,SCP,seasonal discrete,43.22916666666667,2026-07-14 13:03:02.206,0,,"
"22388,66,66,10592,1,1356,SACO INDUSTRIAL,""3501"",FAERCH BUÑOL S.L.U.,José Mateos-Aparicio Martinez,,HistoricAverage,smooth_insuficient,smooth_insuficient_insuficient,insuficient,x11 seasonal,x11 seasonal,success,smooth_insuficient,COMPARABLE,1,1,1,19.2,33.6,25.2,25.2,25.2,8.4,5.699999999999999,0.0,0.0,15.0,0.0,0.0,18.7,18.6,18.6,14.5,0.0,0.0,-13.5,-33.6,-25.2,-10.2,-25.2,-8.4,-0.5,-15.0,-6.599999999999998,-10.7,-25.2,-8.4,13.5,33.6,25.2,10.2,25.2,8.4,0.5,15.0,6.599999999999998,10.7,25.2,8.4,182.25,1128.96,635.04,104.03999999999999,635.04,70.56,0.25,225.0,43.559999999999974,114.48999999999998,635.04,70.56,1,1,1,1,1,1,13.5,33.6,25.2,10.2,25.2,8.4,0.5,15.0,6.599999999999998,10.7,25.2,8.4,13.5,33.6,25.2,10.2,25.2,8.4,0.5,15.0,6.599999999999998,10.7,25.2,8.4,0.703125,1.0,1.0,0.40476190476190477,1.0,1.0,0.026041666666666668,0.4464285714285714,0.2619047619047618,0.4246031746031746,1.0,1.0,-0.703125,-1.0,-1.0,-0.40476190476190477,-1.0,-1.0,-0.026041666666666668,-0.4464285714285714,-0.2619047619047618,-0.4246031746031746,-1.0,-1.0,ML,ML,ML,SCP,TIE,TIE,HistoricAverage,HistoricAverage,HistoricAverage,x11 seasonal,,,SCP,SCP,SCP,ML,,,x11 seasonal,x11 seasonal,x11 seasonal,HistoricAverage,,,96.2962962962963,55.35714285714286,73.80952380952381,4.672897196261679,0.0,0.0,58.8,15.0,14.5,-43.8,-44.3,43.8,44.3,809.6399999999999,820.0899999999999,3,14.6,14.766666666666666,16.42802483562768,16.533702952857634,0.7448979591836734,0.7534013605442177,-0.7448979591836734,-0.7534013605442177,SCP,x11 seasonal,ML,HistoricAverage,1.1286681715575706,78.0,5.699999999999999,55.900000000000006,-72.3,-22.099999999999998,72.3,22.099999999999998,1946.25,268.80999999999995,3,24.099999999999998,7.366666666666666,25.470571253900058,9.465903725124893,0.9269230769230768,0.2833333333333333,-0.9269230769230768,-0.2833333333333333,ML,HistoricAverage,SCP,x11 seasonal,69.43291839557399,136.8,20.7,70.4,-116.10000000000001,-66.4,116.10000000000001,66.4,2755.89,1088.8999999999999,6,19.35,11.066666666666668,21.43163549522061,13.471575013090835,0.8486842105263158,0.48538011695906436,-0.8486842105263158,-0.48538011695906436,ML,HistoricAverage,SCP,x11 seasonal,42.80792420327304,2026-07-14 13:03:02.206,0,,"
"22389,66,66,10592,1,1390,SACO INDUSTRIAL,""3652"",PAYAN HERMANOS,José Mateos-Aparicio Martinez,,MovingAverage3M,intermittent_insuficient,intermittent_insuficient_insuficient,insuficient,syntetos-boylan,syntetos-boylan,success,intermittent_insuficient,COMPARABLE,1,1,1,36.0,72.0,0.0,0.0,36.0,0.0,0.0,0.0,0.0,72.0,0.0,0.0,0.0,12.0,12.0,32.0,0.0,0.0,-36.0,-72.0,0.0,72.0,-36.0,0.0,-36.0,-60.0,12.0,32.0,-36.0,0.0,36.0,72.0,0.0,72.0,36.0,0.0,36.0,60.0,12.0,32.0,36.0,0.0,1296.0,5184.0,0.0,5184.0,1296.0,0.0,1296.0,3600.0,144.0,1024.0,1296.0,0.0,1,1,0,0,1,0,36.0,72.0,,,36.0,,36.0,60.0,,,36.0,,36.0,72.0,,,36.0,,36.0,60.0,,,36.0,,1.0,1.0,,,1.0,,1.0,0.8333333333333334,,,1.0,,-1.0,-1.0,,,-1.0,,-1.0,-0.8333333333333334,,,-1.0,,TIE,ML,,,TIE,,,MovingAverage3M,,,,,,SCP,,,,,,syntetos-boylan,,,,,0.0,16.666666666666664,,,0.0,,36.0,72.0,32.0,36.0,-4.0,108.0,68.0,6480.0,2320.0,1,108.0,68.0,80.49844718999243,48.16637831516918,3.0,1.8888888888888888,1.0,-0.1111111111111111,ML,MovingAverage3M,SCP,syntetos-boylan,37.03703703703704,108.0,0.0,24.0,-108.0,-84.0,108.0,108.0,6480.0,5040.0,2,54.0,54.0,56.92099788303083,50.19960159204453,1.0,1.0,-1.0,-0.7777777777777778,TIE,,,,0.0,144.0,72.0,56.0,-72.0,-88.0,216.0,176.0,12960.0,7360.0,3,72.0,58.666666666666664,65.72670690061993,49.53113498935123,1.5,1.2222222222222223,-0.5,-0.6111111111111112,ML,MovingAverage3M,SCP,syntetos-boylan,18.518518518518512,2026-07-14 13:03:02.206,0,,NoForecastRowsMaterialized"
"22390,66,66,10592,1,1454,SACO INDUSTRIAL,""3694"",FLORETTE MURCIA S.L.U.,José Mateos-Aparicio Martinez,,TSB,intermittent_insuficient,intermittent_insuficient_insuficient,insuficient,seasonal discrete,seasonal discrete,success,intermittent_insuficient,COMPARABLE,1,1,1,0.0,22.5,5.25,22.5,0.0,22.5,29.1,0.0,0.0,40.2,0.0,0.0,42.3,0.0,21.1,36.0,0.0,0.0,29.1,-22.5,-5.25,17.700000000000003,0.0,-22.5,42.3,-22.5,15.850000000000001,13.5,0.0,-22.5,29.1,22.5,5.25,17.700000000000003,0.0,22.5,42.3,22.5,15.850000000000001,13.5,0.0,22.5,846.8100000000001,506.25,27.5625,313.2900000000001,0.0,506.25,1789.2899999999997,506.25,251.22250000000005,182.25,0.0,506.25,0,1,1,1,0,1,,22.5,5.25,17.700000000000003,,22.5,,22.5,15.850000000000001,13.5,,22.5,,22.5,5.25,17.700000000000003,,22.5,,22.5,15.850000000000001,13.5,,22.5,,1.0,1.0,0.7866666666666668,,1.0,,1.0,3.0190476190476194,0.6,,1.0,,-1.0,-1.0,0.7866666666666668,,-1.0,,-1.0,3.0190476190476194,0.6,,-1.0,,TIE,SCP,ML,,TIE,,,seasonal discrete,TSB,,,,,ML,SCP,,,,,TSB,seasonal discrete,,,,0.0,66.87697160883282,23.728813559322052,,0.0,45.0,40.2,36.0,-4.799999999999997,-9.0,40.2,36.0,819.5400000000001,688.5,2,20.1,18.0,20.242776489404807,18.553975315279473,0.8933333333333334,0.8,-0.1066666666666666,-0.2,ML,TSB,SCP,seasonal discrete,10.447761194029855,27.75,29.1,63.4,1.3500000000000014,35.65,56.85,80.65,1380.6225,2546.7625,2,28.425,40.325,26.27377494765455,35.684467909722294,2.0486486486486486,2.9063063063063064,0.0486486486486487,1.2846846846846847,SCP,seasonal discrete,ML,TSB,29.51022938623683,72.75,69.30000000000001,99.4,-3.4499999999999957,26.65,97.05000000000001,116.65,2200.1625,3235.2625,4,24.262500000000003,29.1625,23.452944911034095,28.43968398206984,1.3340206185567012,1.6034364261168386,-0.04742268041237108,0.3663230240549828,SCP,seasonal discrete,ML,TSB,16.802400342906125,2026-07-14 13:03:02.206,0,,"
"22391,66,66,10592,1,1740,CONSUMIBLES DOMESTICOS,""3541"","""",Manolo PLS Cerrato,,,,,,preserve current forecast,preserve current forecast,success,,NOT_COMPARABLE_MISSING_SCP_AND_ML,1,0,0,0.0,240.0,0.0,0.0,0.0,0.0,,,,,,,,,,,,,,,,,,,,,,,,,,,,,,,,,,,,,,,,,,,,,,,,,,,,,,,,,,,,,,,,,,,,,,,,,,,,,,,,,,,,,,,,,,,,,,,,,,,,,,,,,,,,,,,,,,,,,,,,,,,,,,,,,,,,,,,,,,,,,,,,,,,,,,,,,,,,,,,,,,,,,,,,,,,,,,,,,,,,,,,,,,,,,,,,,,,,,,,,,,2026-07-14 13:03:02.206,1,MissingHistory,NoForecastRowsMaterialized"
"22392,66,66,10592,1,2335,SACO INDUSTRIAL,""3660"",JAMONES ARROYO S.L - BP,José Mateos-Aparicio Martinez,,,,,,preserve current forecast,preserve current forecast,success,,NOT_COMPARABLE_MISSING_SCP_AND_ML,1,0,0,0.0,0.0,0.0,0.0,0.0,0.0,,,,,,,,,,,,,,,,,,,,,,,,,,,,,,,,,,,,,,,,,,,,,,,,,,,,,,,,,,,,,,,,,,,,,,,,,,,,,,,,,,,,,,,,,,,,,,,,,,,,,,,,,,,,,,,,,,,,,,,,,,,,,,,,,,,,,,,,,,,,,,,,,,,,,,,,,,,,,,,,,,,,,,,,,,,,,,,,,,,,,,,,,,,,,,,,,,,,,,,,,,2026-07-14 13:03:02.206,1,MissingHistory,NoForecastRowsMaterialized"
"22393,66,66,10592,1,2383,CONSUMIBLES DOMESTICOS,""3449"",CARO RUIZ S.A - BP,ENRIQUE MALONDA ESCRIVA,,,,,,preserve current forecast,preserve current forecast,success,,NOT_COMPARABLE_MISSING_SCP_AND_ML,1,0,0,0.0,0.0,0.0,0.0,0.0,0.0,,,,,,,,,,,,,,,,,,,,,,,,,,,,,,,,,,,,,,,,,,,,,,,,,,,,,,,,,,,,,,,,,,,,,,,,,,,,,,,,,,,,,,,,,,,,,,,,,,,,,,,,,,,,,,,,,,,,,,,,,,,,,,,,,,,,,,,,,,,,,,,,,,,,,,,,,,,,,,,,,,,,,,,,,,,,,,,,,,,,,,,,,,,,,,,,,,,,,,,,,,2026-07-14 13:03:02.206,1,MissingHistory,NoForecastRowsMaterialized"
"22394,66,66,10592,1,2415,CONSUMIBLES DOMESTICOS,""3747"",PRIMAPRIX FRANCE - BP,ENRIQUE MALONDA ESCRIVA,,,,,,preserve current forecast,preserve current forecast,success,,NOT_COMPARABLE_MISSING_SCP_AND_ML,1,0,0,0.0,0.0,0.0,0.0,0.0,0.0,,,,,,,,,,,,,,,,,,,,,,,,,,,,,,,,,,,,,,,,,,,,,,,,,,,,,,,,,,,,,,,,,,,,,,,,,,,,,,,,,,,,,,,,,,,,,,,,,,,,,,,,,,,,,,,,,,,,,,,,,,,,,,,,,,,,,,,,,,,,,,,,,,,,,,,,,,,,,,,,,,,,,,,,,,,,,,,,,,,,,,,,,,,,,,,,,,,,,,,,,,2026-07-14 13:03:02.206,1,MissingHistory,NoForecastRowsMaterialized"
"22395,66,66,10592,1,2485,CONSUMIBLES DOMESTICOS,""3465"",RIOS FARIAS SA - BP,ENRIQUE MALONDA ESCRIVA,,,,,,preserve current forecast,preserve current forecast,success,,NOT_COMPARABLE_MISSING_SCP_AND_ML,1,0,0,0.0,0.0,0.0,0.0,0.0,0.0,,,,,,,,,,,,,,,,,,,,,,,,,,,,,,,,,,,,,,,,,,,,,,,,,,,,,,,,,,,,,,,,,,,,,,,,,,,,,,,,,,,,,,,,,,,,,,,,,,,,,,,,,,,,,,,,,,,,,,,,,,,,,,,,,,,,,,,,,,,,,,,,,,,,,,,,,,,,,,,,,,,,,,,,,,,,,,,,,,,,,,,,,,,,,,,,,,,,,,,,,,2026-07-14 13:03:02.206,1,MissingHistory,NoForecastRowsMaterialized"
"22396,66,66,10592,1,1014,CONSUMIBLES DOMESTICOS,""3747"",CORP. ALIMENTARIA GUISSONA,Enrique Malonda Escriva,,MovingAverage3M,smooth_insuficient,smooth_insuficient_insuficient,insuficient,seasonal discrete,seasonal discrete,success,smooth_insuficient,COMPARABLE,1,1,1,1680.0,3360.0,1680.0,3360.0,1680.0,3360.0,1134.0,0.0,0.0,3520.0,0.0,0.0,2800.0,2800.0,2800.0,3360.0,0.0,0.0,-546.0,-3360.0,-1680.0,160.0,-1680.0,-3360.0,1120.0,-560.0,1120.0,0.0,-1680.0,-3360.0,546.0,3360.0,1680.0,160.0,1680.0,3360.0,1120.0,560.0,1120.0,0.0,1680.0,3360.0,298116.0,11289600,2822400.0,25600.0,2822400.0,11289600,1254400.0,313600.0,1254400.0,0.0,2822400.0,11289600,1,1,1,1,1,1,546.0,3360.0,1680.0,160.0,1680.0,3360.0,1120.0,560.0,1120.0,0.0,1680.0,3360.0,546.0,3360.0,1680.0,160.0,1680.0,3360.0,1120.0,560.0,1120.0,0.0,1680.0,3360.0,0.325,1.0,1.0,0.047619047619047616,1.0,1.0,0.6666666666666666,0.16666666666666666,0.6666666666666666,0.0,1.0,1.0,-0.325,-1.0,-1.0,0.047619047619047616,-1.0,-1.0,0.6666666666666666,-0.16666666666666666,0.6666666666666666,0.0,-1.0,-1.0,SCP,ML,ML,ML,TIE,TIE,seasonal discrete,MovingAverage3M,MovingAverage3M,MovingAverage3M,,,ML,SCP,SCP,SCP,,,MovingAverage3M,seasonal discrete,seasonal discrete,seasonal discrete,,,51.24999999999999,83.33333333333334,33.333333333333336,100.0,0.0,0.0,8400.0,3520.0,3360.0,-4880.0,-5040.0,5200.0,5040.0,14137600,14112000,3,1733.3333333333333,1680.0,2170.837012152993,2168.8706738761534,0.6190476190476191,0.6,-0.580952380952381,-0.6,ML,MovingAverage3M,SCP,seasonal discrete,3.0769230769230838,6720.0,1134.0,8400.0,-5586.0,1680.0,5586.0,2800.0,14410116,2822400.0,3,1862.0,933.3333333333334,2191.6596451091577,969.9484522385712,0.83125,0.4166666666666667,-0.83125,0.25,ML,MovingAverage3M,SCP,seasonal discrete,49.874686716791985,15120.0,4654.0,11760.0,-10466.0,-3360.0,10786.0,7840.0,28547716,16934400,6,1797.6666666666667,1306.6666666666667,2181.2731756170906,1680.0,0.7133597883597883,0.5185185185185185,-0.6921957671957671,-0.2222222222222222,ML,MovingAverage3M,SCP,seasonal discrete,27.313183756721678,2026-07-14 13:03:02.206,0,,"
"22397,66,66,10592,1,1082,CONSUMIBLES DOMESTICOS,""4121"",""FAMILY CASH, S.L."",José Navalón _,,MovingAverage3M,smooth_insuficient,smooth_insuficient_insuficient,insuficient,x11 seasonal,x11 seasonal,success,smooth_insuficient,COMPARABLE,1,1,1,2160.0,4320.0,6480.0,6480.0,2160.0,6460.0,4166.0,0.0,0.0,4879.0,0.0,0.0,5033.0,5034.0,5033.0,4320.0,0.0,0.0,2006.0,-4320.0,-6480.0,-1601.0,-2160.0,-6460.0,2873.0,714.0,-1447.0,-2160.0,-2160.0,-6460.0,2006.0,4320.0,6480.0,1601.0,2160.0,6460.0,2873.0,714.0,1447.0,2160.0,2160.0,6460.0,4024036.0,18662400,41990400,2563201.0,4665600.0,41731600,8254129.0,509796.0,2093809.0,4665600.0,4665600.0,41731600,1,1,1,1,1,1,2006.0,4320.0,6480.0,1601.0,2160.0,6460.0,2873.0,714.0,1447.0,2160.0,2160.0,6460.0,2006.0,4320.0,6480.0,1601.0,2160.0,6460.0,2873.0,714.0,1447.0,2160.0,2160.0,6460.0,0.9287037037037037,1.0,1.0,0.2470679012345679,1.0,1.0,1.3300925925925926,0.16527777777777777,0.22330246913580246,0.3333333333333333,1.0,1.0,0.9287037037037037,-1.0,-1.0,-0.2470679012345679,-1.0,-1.0,1.3300925925925926,0.16527777777777777,-0.22330246913580246,-0.3333333333333333,-1.0,-1.0,SCP,ML,ML,SCP,TIE,TIE,x11 seasonal,MovingAverage3M,MovingAverage3M,x11 seasonal,,,ML,SCP,SCP,ML,,,MovingAverage3M,x11 seasonal,x11 seasonal,MovingAverage3M,,,30.17751479289941,83.47222222222223,77.66975308641976,25.879629629629626,0.0,0.0,15100.0,4879.0,4320.0,-10221.0,-10780.0,10221.0,10780.0,48960401,51062800,3,3407.0,3593.3333333333335,4039.818519026154,4125.643384168502,0.6768874172185431,0.713907284768212,-0.6768874172185431,-0.713907284768212,SCP,x11 seasonal,ML,MovingAverage3M,5.185528756957333,12960.0,4166.0,15100.0,-8794.0,2140.0,12806.0,5034.0,64676836,10857734,3,4268.666666666667,1678.0,4643.161135835513,1902.4312514954822,0.9881172839506173,0.38842592592592595,-0.6785493827160494,0.16512345679012347,ML,MovingAverage3M,SCP,x11 seasonal,60.6903014212088,28060.0,9045.0,19420.0,-19015.0,-8640.0,23027.0,15814.0,113637237,61920534,6,3837.8333333333335,2635.6666666666665,4351.9581225007205,3212.4895330568784,0.8206343549536707,0.5635780470420527,-0.6776550249465432,-0.30791161796151106,ML,MovingAverage3M,SCP,x11 seasonal,31.32409779823685,2026-07-14 13:03:02.206,0,,"
"22398,66,66,10592,1,1171,FILM ALIMENTARIO PROFESIONAL,""4009"",""SUPER JAROCAL, S.L."",Enrique Malonda Escriva,,,,,,preserve current forecast,preserve current forecast,success,,NOT_COMPARABLE_ML_EXCLUDED,1,1,0,0.0,0.0,0.0,0.0,0.0,96.0,180.0,0.0,180.0,0.0,0.0,240.0,,,,,,,,,,,,,,,,,,,,,,,,,,,,,,,,,,,,,,,,,,,,,,,,,,,,,,,,,,,,,,,,,,,,,,,,,,,,,,,,,,,,,,,,,,,,,,,,,,,,,,,,,,,,,,,,,,,,,,,,,,,,,,,,,,,,,,,,,,,,,,,,,,,,,,,,,,,,,,,,,,,,,,,,,,,,,,,,,,,,,,,,,,,,,,,,,,,,2026-07-14 13:03:02.206,1,MissingHistory,"
"22399,66,66,10592,1,1262,PAPEL ALIMENTARIO,""3384"",AHORRAMAS (GRUPO IFA),Enrique Malonda Escriva,,HistoricAverage,smooth_insuficient,smooth_insuficient_insuficient,insuficient,seasonal discrete,seasonal discrete,success,smooth_insuficient,COMPARABLE,1,1,1,128.0,-4.0,169.0,300.0,420.0,180.0,350.0,0.0,0.0,521.0,0.0,0.0,325.0,651.0,0.0,406.0,0.0,0.0,222.0,4.0,-169.0,221.0,-420.0,-180.0,197.0,655.0,-169.0,106.0,-420.0,-180.0,222.0,4.0,169.0,221.0,420.0,180.0,197.0,655.0,169.0,106.0,420.0,180.0,49284.0,16.0,28561.0,48841.0,176400.0,32400.0,38809.0,429025.0,28561.0,11236.0,176400.0,32400.0,1,0,1,1,1,1,222.0,,169.0,221.0,420.0,180.0,197.0,,169.0,106.0,420.0,180.0,222.0,,169.0,221.0,420.0,180.0,197.0,,169.0,106.0,420.0,180.0,1.734375,,1.0,0.7366666666666667,1.0,1.0,1.5390625,,1.0,0.35333333333333333,1.0,1.0,1.734375,,-1.0,0.7366666666666667,-1.0,-1.0,1.5390625,,-1.0,0.35333333333333333,-1.0,-1.0,ML,,TIE,ML,TIE,TIE,HistoricAverage,,,HistoricAverage,,,SCP,,,SCP,,,seasonal discrete,,,seasonal discrete,,,11.26126126126126,,0.0,52.03619909502263,0.0,0.0,900.0,521.0,406.0,-379.0,-494.0,821.0,706.0,257641.0,220036.0,3,273.6666666666667,235.33333333333334,293.0534649741124,270.82343571658146,0.9122222222222223,0.7844444444444445,-0.4211111111111111,-0.5488888888888889,ML,HistoricAverage,SCP,seasonal discrete,14.007308160779536,293.0,350.0,976.0,57.0,683.0,395.0,1021.0,77861.0,496395.0,2,197.5,510.5,197.30813465237566,498.1942392280344,1.348122866894198,3.484641638225256,0.1945392491467577,2.3310580204778155,SCP,seasonal discrete,ML,HistoricAverage,61.31243878550441,1193.0,871.0,1382.0,-322.0,189.0,1216.0,1727.0,335502.0,716431.0,5,243.2,345.4,259.0374490300582,378.53163672274474,1.019279128248114,1.4476110645431686,-0.269907795473596,0.1584241408214585,SCP,seasonal discrete,ML,HistoricAverage,29.588882455124498,2026-07-14 13:03:02.206,0,,"
"22400,66,66,10592,1,1264,PAPEL ALIMENTARIO,""3384"",""FAMILY CASH, S.L."",José Navalón _,,,,,,preserve current forecast,preserve current forecast,success,,NOT_COMPARABLE_MISSING_SCP_AND_ML,1,0,0,0.0,0.0,0.0,0.0,0.0,0.0,,,,,,,,,,,,,,,,,,,,,,,,,,,,,,,,,,,,,,,,,,,,,,,,,,,,,,,,,,,,,,,,,,,,,,,,,,,,,,,,,,,,,,,,,,,,,,,,,,,,,,,,,,,,,,,,,,,,,,,,,,,,,,,,,,,,,,,,,,,,,,,,,,,,,,,,,,,,,,,,,,,,,,,,,,,,,,,,,,,,,,,,,,,,,,,,,,,,,,,,,,2026-07-14 13:03:02.206,1,MissingHistory,NoForecastRowsMaterialized"
"22401,66,66,10592,1,1312,SACO INDUSTRIAL,""35"",FAERCH BUÑOL S.L.U.,José Mateos-Aparicio Martinez,,MovingAverage3M,intermittent_insuficient,intermittent_insuficient_insuficient,insuficient,syntetos-boylan,syntetos-boylan,success,intermittent_insuficient,NOT_COMPARABLE_MISSING_SCP,1,0,1,0.0,3.84,0.0,0.0,0.0,0.0,,,,,,,0.0,0.0,0.0,0.6000000000000001,0.0,0.0,,,,,,,,,,,,,,,,,,,,,,,,,,,,,,,,,,,,,,,,,,,,,,,,,,,,,,,,,,,,,,,,,,,,,,,,,,,,,,,,,,,,,,,,,,,,,,,,,,,,,,,,,,,,,,,,,,,,,,,,,,,,,,,,,,,,,,,,,,,,,,,,,,,,,,,,,,,,,,,,,,,,,,,,,,,,,,,,,,,,,,,,,,,,,,2026-07-14 13:03:02.206,0,,NoForecastRowsMaterialized"
"22402,66,66,10592,1,1316,SACO INDUSTRIAL,""35"",UVESA,José Mateos-Aparicio Martinez,,,,,,preserve current forecast,preserve current forecast,success,,NOT_COMPARABLE_ML_EXCLUDED,1,1,0,0.0,0.0,0.0,0.0,0.0,0.0,0.0,0.0,0.0,2.3,0.0,0.0,,,,,,,,,,,,,,,,,,,,,,,,,,,,,,,,,,,,,,,,,,,,,,,,,,,,,,,,,,,,,,,,,,,,,,,,,,,,,,,,,,,,,,,,,,,,,,,,,,,,,,,,,,,,,,,,,,,,,,,,,,,,,,,,,,,,,,,,,,,,,,,,,,,,,,,,,,,,,,,,,,,,,,,,,,,,,,,,,,,,,,,,,,,,,,,,,,,,2026-07-14 13:03:02.206,1,MissingHistory,NoForecastRowsMaterialized"
"22403,66,66,10592,1,1371,SACO INDUSTRIAL,""3511"",""PROCAVI, S.L."",José Mateos-Aparicio Martinez,,MovingAverage12M,intermittent_insuficient,intermittent_insuficient_insuficient,insuficient,seasonal discrete,seasonal discrete,success,intermittent_insuficient,COMPARABLE,1,1,1,12.6,12.9,16.8,0.0,1.8,0.0,0.0,0.0,0.0,21.200000000000003,0.0,0.0,0.0,0.0,10.9,15.0,0.0,0.0,-12.6,-12.9,-16.8,21.200000000000003,-1.8,0.0,-12.6,-12.9,-5.9,15.0,-1.8,0.0,12.6,12.9,16.8,21.200000000000003,1.8,0.0,12.6,12.9,5.9,15.0,1.8,0.0,158.76,166.41,282.24,449.4400000000001,3.24,0.0,158.76,166.41,34.81,225.0,3.24,0.0,1,1,1,0,1,0,12.6,12.9,16.8,,1.8,,12.6,12.9,5.9,,1.8,,12.6,12.9,16.8,,1.8,,12.6,12.9,5.9,,1.8,,1.0,1.0,1.0,,1.0,,1.0,1.0,0.3511904761904762,,1.0,,-1.0,-1.0,-1.0,,-1.0,,-1.0,-1.0,-0.3511904761904762,,-1.0,,TIE,TIE,ML,,TIE,,,,MovingAverage12M,,,,,,SCP,,,,,,seasonal discrete,,,,0.0,0.0,64.88095238095238,,0.0,,1.8,21.200000000000003,15.0,19.400000000000002,13.2,23.000000000000004,16.8,452.6800000000001,228.24,1,23.000000000000004,16.8,21.276277869965888,15.107613974417006,12.777777777777779,9.333333333333334,10.777777777777779,7.333333333333333,ML,MovingAverage12M,SCP,seasonal discrete,26.956521739130434,42.300000000000004,0.0,10.9,-42.300000000000004,-31.4,42.300000000000004,31.4,607.41,359.98,3,14.100000000000001,10.466666666666667,14.22919533916096,10.954146855567226,1.0,0.7423167848699762,-1.0,-0.7423167848699762,ML,MovingAverage12M,SCP,seasonal discrete,25.76832151300238,44.099999999999994,21.200000000000003,25.9,-22.899999999999995,-18.2,65.3,48.199999999999996,1060.0900000000001,588.22,4,16.325,12.049999999999999,16.279511663437574,12.126623602635648,1.4807256235827666,1.09297052154195,-0.5192743764172335,-0.41269841269841273,ML,MovingAverage12M,SCP,seasonal discrete,26.186830015313944,2026-07-14 13:03:02.206,0,,NoForecastRowsMaterialized"
"22404,66,66,10592,1,1423,SACO INDUSTRIAL,""3683"",UVESA,José Mateos-Aparicio Martinez,,MovingAverage3M,intermittent_insuficient,intermittent_insuficient_insuficient,insuficient,seasonal discrete,seasonal discrete,success,intermittent_insuficient,COMPARABLE,1,1,1,32.65,27.5,22.5,45.0,0.0,0.0,14.3,0.0,0.0,2.5,0.0,0.0,15.0,15.1,14.899999999999999,0.0,0.0,0.0,-18.349999999999998,-27.5,-22.5,-42.5,0.0,0.0,-17.65,-12.4,-7.600000000000001,-45.0,0.0,0.0,18.349999999999998,27.5,22.5,42.5,0.0,0.0,17.65,12.4,7.600000000000001,45.0,0.0,0.0,336.7224999999999,756.25,506.25,1806.25,0.0,0.0,311.5224999999999,153.76000000000002,57.76000000000002,2025.0,0.0,0.0,1,1,1,1,0,0,18.349999999999998,27.5,22.5,42.5,,,17.65,12.4,7.600000000000001,45.0,,,18.349999999999998,27.5,22.5,42.5,,,17.65,12.4,7.600000000000001,45.0,,,0.562021439509954,1.0,1.0,0.9444444444444444,,,0.5405819295558958,0.4509090909090909,0.33777777777777784,1.0,,,-0.562021439509954,-1.0,-1.0,-0.9444444444444444,,,-0.5405819295558958,-0.4509090909090909,-0.33777777777777784,-1.0,,,ML,ML,ML,SCP,,,MovingAverage3M,MovingAverage3M,MovingAverage3M,seasonal discrete,,,SCP,SCP,SCP,ML,,,seasonal discrete,seasonal discrete,seasonal discrete,MovingAverage3M,,,3.8147138964577656,54.90909090909091,66.22222222222221,5.555555555555558,,,45.0,2.5,0.0,-42.5,-45.0,42.5,45.0,1806.25,2025.0,1,42.5,45.0,42.5,45.0,0.9444444444444444,1.0,-0.9444444444444444,-1.0,SCP,seasonal discrete,ML,MovingAverage3M,5.555555555555558,82.65,14.3,45.0,-68.35,-37.65,68.35,37.65,1599.2224999999999,523.0425,3,22.78333333333333,12.549999999999999,23.088398962826908,13.20407134182484,0.8269812462189956,0.45553539019963696,-0.8269812462189956,-0.45553539019963696,ML,MovingAverage3M,SCP,seasonal discrete,44.91587417702999,127.65,16.8,45.0,-110.85,-82.65,110.85,82.65,3405.4725,2548.0425,4,27.7125,20.6625,29.178213190666764,25.239069416283954,0.8683901292596944,0.6474735605170387,-0.8683901292596944,-0.6474735605170387,ML,MovingAverage3M,SCP,seasonal discrete,25.439783491204327,2026-07-14 13:03:02.206,0,,"
"22405,66,66,10592,1,1331,SACO INDUSTRIAL,""50"",UVESA,José Mateos-Aparicio Martinez,,,,,,preserve current forecast,preserve current forecast,success,,NOT_COMPARABLE_ML_EXCLUDED,1,1,0,0.0,0.0,0.0,0.0,0.0,0.0,0.0,0.0,0.0,0.2,0.0,0.0,,,,,,,,,,,,,,,,,,,,,,,,,,,,,,,,,,,,,,,,,,,,,,,,,,,,,,,,,,,,,,,,,,,,,,,,,,,,,,,,,,,,,,,,,,,,,,,,,,,,,,,,,,,,,,,,,,,,,,,,,,,,,,,,,,,,,,,,,,,,,,,,,,,,,,,,,,,,,,,,,,,,,,,,,,,,,,,,,,,,,,,,,,,,,,,,,,,,2026-07-14 13:03:02.206,1,MissingHistory,NoForecastRowsMaterialized"
"22406,66,66,10592,1,1558,UNYKOS,""2561"",CONSUM S COOP V,José Luís Sabater _,,SeasonalNaive,smooth_insuficient,smooth_insuficient_insuficient,insuficient,x11 seasonal,x11 seasonal,success,smooth_insuficient,COMPARABLE,1,1,1,8320.0,7680.0,15040.0,12480.0,18560.0,15680.0,5086.0,0.0,0.0,11082.0,0.0,0.0,1280.0,0.0,15680.0,12000.0,0.0,0.0,-3234.0,-7680.0,-15040.0,-1398.0,-18560.0,-15680.0,-7040.0,-7680.0,640.0,-480.0,-18560.0,-15680.0,3234.0,7680.0,15040.0,1398.0,18560.0,15680.0,7040.0,7680.0,640.0,480.0,18560.0,15680.0,10458756,58982400,226201600,1954404.0,344473600,245862400,49561600,58982400,409600.0,230400.0,344473600,245862400,1,1,1,1,1,1,3234.0,7680.0,15040.0,1398.0,18560.0,15680.0,7040.0,7680.0,640.0,480.0,18560.0,15680.0,3234.0,7680.0,15040.0,1398.0,18560.0,15680.0,7040.0,7680.0,640.0,480.0,18560.0,15680.0,0.3887019230769231,1.0,1.0,0.11201923076923077,1.0,1.0,0.8461538461538461,1.0,0.0425531914893617,0.038461538461538464,1.0,1.0,-0.3887019230769231,-1.0,-1.0,-0.11201923076923077,-1.0,-1.0,-0.8461538461538461,-1.0,0.0425531914893617,-0.038461538461538464,-1.0,-1.0,SCP,TIE,ML,ML,TIE,TIE,x11 seasonal,,SeasonalNaive,SeasonalNaive,,,ML,,SCP,SCP,,,SeasonalNaive,,x11 seasonal,x11 seasonal,,,54.0625,0.0,95.74468085106383,65.66523605150213,0.0,0.0,46720.0,11082.0,12000.0,-35638.0,-34720.0,35638.0,34720.0,592290404,590566400,3,11879.333333333334,11573.333333333334,14050.983405679,14030.5191160793,0.7627996575342466,0.7431506849315068,-0.7627996575342466,-0.7431506849315068,ML,SeasonalNaive,SCP,x11 seasonal,2.575902126943159,31040.0,5086.0,16960.0,-25954.0,-14080.0,25954.0,15360.0,295642756,108953600,3,8651.333333333334,5120.0,9927.113645634028,6026.430673845561,0.8361469072164949,0.4948453608247423,-0.8361469072164949,-0.4536082474226804,ML,SeasonalNaive,SCP,x11 seasonal,40.818370964013255,77760.0,16168.0,28960.0,-61592.0,-48800.0,61592.0,50080.0,887933160,699520000,6,10265.333333333334,8346.666666666666,12165.067200800824,10797.53058188152,0.7920781893004115,0.6440329218106996,-0.7920781893004115,-0.6275720164609053,ML,SeasonalNaive,SCP,x11 seasonal,18.690739057020387,2026-07-14 13:03:02.206,0,,"
"22407,66,66,10592,1,1581,UNYKOS,""2571"",JUAN FORNES - SUPERMERCADOS MAS Y MAS,Enrique Malonda Escriva,,,,,,preserve current forecast,preserve current forecast,success,,NOT_COMPARABLE_ML_EXCLUDED,1,1,0,0.0,0.0,0.0,0.0,0.0,66.0,66.0,0.0,0.0,0.0,0.0,0.0,,,,,,,,,,,,,,,,,,,,,,,,,,,,,,,,,,,,,,,,,,,,,,,,,,,,,,,,,,,,,,,,,,,,,,,,,,,,,,,,,,,,,,,,,,,,,,,,,,,,,,,,,,,,,,,,,,,,,,,,,,,,,,,,,,,,,,,,,,,,,,,,,,,,,,,,,,,,,,,,,,,,,,,,,,,,,,,,,,,,,,,,,,,,,,,,,,,,2026-07-14 13:03:02.206,1,MissingHistory,NoForecastRowsMaterialized"
"22408,66,66,10592,1,1672,""LÁMINA INDUSTRIAL, SEMITUBO Y TUBO"",""3485"",DISPORAVE - BP,José Mateos-Aparicio Martinez,,,,,,preserve current forecast,preserve current forecast,success,,NOT_COMPARABLE_MISSING_SCP_AND_ML,1,0,0,0.0,0.0,0.0,0.0,0.0,0.0,,,,,,,,,,,,,,,,,,,,,,,,,,,,,,,,,,,,,,,,,,,,,,,,,,,,,,,,,,,,,,,,,,,,,,,,,,,,,,,,,,,,,,,,,,,,,,,,,,,,,,,,,,,,,,,,,,,,,,,,,,,,,,,,,,,,,,,,,,,,,,,,,,,,,,,,,,,,,,,,,,,,,,,,,,,,,,,,,,,,,,,,,,,,,,,,,,,,,,,,,,2026-07-14 13:03:02.206,1,MissingHistory,NoForecastRowsMaterialized"
"22409,66,66,10592,1,1806,CONSUMIBLES DOMESTICOS,""6029"",GRUPO DISTRIBUIDOR GARAU SL,José Luís Sabater _,,,,,,preserve current forecast,preserve current forecast,success,,NOT_COMPARABLE_MISSING_SCP_AND_ML,1,0,0,4800.0,0.0,0.0,0.0,0.0,0.0,,,,,,,,,,,,,,,,,,,,,,,,,,,,,,,,,,,,,,,,,,,,,,,,,,,,,,,,,,,,,,,,,,,,,,,,,,,,,,,,,,,,,,,,,,,,,,,,,,,,,,,,,,,,,,,,,,,,,,,,,,,,,,,,,,,,,,,,,,,,,,,,,,,,,,,,,,,,,,,,,,,,,,,,,,,,,,,,,,,,,,,,,,,,,,,,,,,,,,,,,,2026-07-14 13:03:02.206,1,MissingHistory,NoForecastRowsMaterialized"
"22410,66,66,10592,1,1815,CONSUMIBLES DOMESTICOS,""6032"",GRUPO DISTRIBUIDOR GARAU SL,José Luís Sabater _,,,,,,preserve current forecast,preserve current forecast,success,,NOT_COMPARABLE_MISSING_SCP_AND_ML,1,0,0,6855.0,0.0,0.0,0.0,0.0,0.0,,,,,,,,,,,,,,,,,,,,,,,,,,,,,,,,,,,,,,,,,,,,,,,,,,,,,,,,,,,,,,,,,,,,,,,,,,,,,,,,,,,,,,,,,,,,,,,,,,,,,,,,,,,,,,,,,,,,,,,,,,,,,,,,,,,,,,,,,,,,,,,,,,,,,,,,,,,,,,,,,,,,,,,,,,,,,,,,,,,,,,,,,,,,,,,,,,,,,,,,,,2026-07-14 13:03:02.206,1,MissingHistory,NoForecastRowsMaterialized"
"22411,66,66,10592,1,2469,SACO INDUSTRIAL,""3704"",KING REGAL S.A - BP,José Mateos-Aparicio Martinez,,,,,,preserve current forecast,preserve current forecast,success,,NOT_COMPARABLE_MISSING_SCP_AND_ML,1,0,0,0.0,0.0,0.0,0.0,0.0,0.0,,,,,,,,,,,,,,,,,,,,,,,,,,,,,,,,,,,,,,,,,,,,,,,,,,,,,,,,,,,,,,,,,,,,,,,,,,,,,,,,,,,,,,,,,,,,,,,,,,,,,,,,,,,,,,,,,,,,,,,,,,,,,,,,,,,,,,,,,,,,,,,,,,,,,,,,,,,,,,,,,,,,,,,,,,,,,,,,,,,,,,,,,,,,,,,,,,,,,,,,,,2026-07-14 13:03:02.206,1,MissingHistory,NoForecastRowsMaterialized"
"22412,66,66,10592,1,1350,SACO INDUSTRIAL,""3489"",LA COMARCA MEATS SLU,José Mateos-Aparicio Martinez,,,,,,average,average,success,,NOT_COMPARABLE_ML_EXCLUDED,1,1,0,0.0,106.5,106.92,84.78,72.0,0.0,44.7,0.0,0.0,32.1,0.0,0.0,,,,,,,,,,,,,,,,,,,,,,,,,,,,,,,,,,,,,,,,,,,,,,,,,,,,,,,,,,,,,,,,,,,,,,,,,,,,,,,,,,,,,,,,,,,,,,,,,,,,,,,,,,,,,,,,,,,,,,,,,,,,,,,,,,,,,,,,,,,,,,,,,,,,,,,,,,,,,,,,,,,,,,,,,,,,,,,,,,,,,,,,,,,,,,,,,,,,2026-07-14 13:03:02.206,1,ShortSeries,"
"22413,66,66,10592,1,1450,SACO INDUSTRIAL,""3694"",FAERCH BUÑOL S.L.U.,José Mateos-Aparicio Martinez,,SeasonalNaive,intermittent_insuficient,intermittent_insuficient_insuficient,insuficient,seasonal discrete,seasonal discrete,success,intermittent_insuficient,COMPARABLE,1,1,1,0.0,22.5,0.0,22.5,22.5,45.0,6.9,0.0,0.0,0.0,0.0,0.0,0.0,0.0,22.5,18.0,0.0,0.0,6.9,-22.5,0.0,-22.5,-22.5,-45.0,0.0,-22.5,22.5,-4.5,-22.5,-45.0,6.9,22.5,0.0,22.5,22.5,45.0,0.0,22.5,22.5,4.5,22.5,45.0,47.61000000000001,506.25,0.0,506.25,506.25,2025.0,0.0,506.25,506.25,20.25,506.25,2025.0,0,1,0,1,1,1,,22.5,,22.5,22.5,45.0,,22.5,,4.5,22.5,45.0,,22.5,,22.5,22.5,45.0,,22.5,,4.5,22.5,45.0,,1.0,,1.0,1.0,1.0,,1.0,,0.2,1.0,1.0,,-1.0,,-1.0,-1.0,-1.0,,-1.0,,-0.2,-1.0,-1.0,,TIE,,ML,TIE,TIE,,,,SeasonalNaive,,,,,,SCP,,,,,,seasonal discrete,,,,0.0,,80.0,0.0,0.0,90.0,0.0,18.0,-90.0,-72.0,90.0,72.0,3037.5,2551.5,3,30.0,24.0,31.81980515339464,29.16333314283537,1.0,0.8,-1.0,-0.8,ML,SeasonalNaive,SCP,seasonal discrete,19.999999999999996,22.5,6.9,22.5,-15.6,0.0,29.4,45.0,553.86,1012.5,1,29.4,45.0,23.534230388946227,31.81980515339464,1.3066666666666666,2.0,-0.6933333333333334,0.0,SCP,seasonal discrete,ML,SeasonalNaive,34.66666666666667,112.5,6.9,40.5,-105.6,-72.0,119.4,117.0,3591.36,3564.0,4,29.85,29.25,29.963978374041055,29.8496231131986,1.0613333333333335,1.04,-0.9386666666666666,-0.64,ML,SeasonalNaive,SCP,seasonal discrete,2.0100502512562897,2026-07-14 13:03:02.206,0,,NoForecastRowsMaterialized"
"22414,66,66,10592,1,1502,SACO INDUSTRIAL,""3708"",""HIJOS DE JUAN PUJANTE, S.A."",José Mateos-Aparicio Martinez,,,,,,average,average,success,,NOT_COMPARABLE_ML_EXCLUDED,1,1,0,22.5,0.0,0.0,0.0,0.0,0.0,0.0,0.0,0.0,45.8,0.0,0.0,,,,,,,,,,,,,,,,,,,,,,,,,,,,,,,,,,,,,,,,,,,,,,,,,,,,,,,,,,,,,,,,,,,,,,,,,,,,,,,,,,,,,,,,,,,,,,,,,,,,,,,,,,,,,,,,,,,,,,,,,,,,,,,,,,,,,,,,,,,,,,,,,,,,,,,,,,,,,,,,,,,,,,,,,,,,,,,,,,,,,,,,,,,,,,,,,,,,2026-07-14 13:03:02.206,1,ShortSeries,NoForecastRowsMaterialized"
"22415,66,66,10592,1,1552,UNYKOS,""2557"",PRIMAPRIX S.L.U,Enrique Malonda Escriva,,CrostonSBA,intermittent_insuficient,intermittent_insuficient_insuficient,insuficient,preserve current forecast,preserve current forecast,success,intermittent_insuficient,COMPARABLE,1,1,1,6912.0,24192.0,0.0,3456.0,0.0,5760.0,5952.0,0.0,5952.0,3645.0,3644.0,3645.0,4165.0,4164.0,4165.0,3802.0,3801.0,3802.0,-960.0,-24192.0,5952.0,189.0,3644.0,-2115.0,-2747.0,-20028.0,4165.0,346.0,3801.0,-1958.0,960.0,24192.0,5952.0,189.0,3644.0,2115.0,2747.0,20028.0,4165.0,346.0,3801.0,1958.0,921600.0,585252864,35426304,35721.0,13278736,4473225.0,7546009.0,401120784,17347225,119716.0,14447601,3833764.0,1,1,0,1,0,1,960.0,24192.0,,189.0,,2115.0,2747.0,20028.0,,346.0,,1958.0,960.0,24192.0,,189.0,,2115.0,2747.0,20028.0,,346.0,,1958.0,0.1388888888888889,1.0,,0.0546875,,0.3671875,0.39742476851851855,0.8278769841269841,,0.10011574074074074,,0.33993055555555557,-0.1388888888888889,-1.0,,0.0546875,,-0.3671875,-0.39742476851851855,-0.8278769841269841,,0.10011574074074074,,-0.33993055555555557,SCP,ML,,SCP,,ML,preserve current forecast,CrostonSBA,,preserve current forecast,,CrostonSBA,ML,SCP,,ML,,SCP,CrostonSBA,preserve current forecast,,CrostonSBA,,preserve current forecast,65.05278485620677,17.212301587301592,,45.3757225433526,,7.4231678486997605,9216.0,10934.0,11405.0,1718.0,2189.0,5948.0,6105.0,17787682,18401081,2,2974.0,3052.5,2982.254348642986,3033.2392750984877,0.6453993055555556,0.6624348958333334,0.18641493055555555,0.2375217013888889,SCP,preserve current forecast,ML,CrostonSBA,2.5716625716625736,31104.0,11904.0,12494.0,-19200.0,-18610.0,31104.0,26940.0,621600768,426014018,2,15552.0,13470.0,17629.531587651443,14594.759641734427,1.0,0.8661265432098766,-0.6172839506172839,-0.598315329218107,ML,CrostonSBA,SCP,preserve current forecast,13.387345679012341,40320.0,22838.0,23899.0,-17482.0,-16421.0,37052.0,33045.0,639388450,444415099,4,9263.0,8261.25,12643.065787221072,10540.577533987405,0.9189484126984127,0.8195684523809523,-0.4335813492063492,-0.4072668650793651,ML,CrostonSBA,SCP,preserve current forecast,10.814530929504482,2026-07-14 13:03:02.206,0,,"
"22416,66,66,10592,1,1584,UNYKOS,""2573"",CONSUM S COOP V,José Luís Sabater _,,ADIDA,lumpy_insuficient,lumpy_insuficient_insuficient,insuficient,seasonal discrete,seasonal discrete,success,lumpy_insuficient,COMPARABLE,1,1,1,7296.0,1536.0,1536.0,28224.0,168.0,11904.0,1229.0,0.0,0.0,8064.0,0.0,0.0,2216.0,2215.0,2216.0,1562.0,0.0,0.0,-6067.0,-1536.0,-1536.0,-20160.0,-168.0,-11904.0,-5080.0,679.0,680.0,-26662.0,-168.0,-11904.0,6067.0,1536.0,1536.0,20160.0,168.0,11904.0,5080.0,679.0,680.0,26662.0,168.0,11904.0,36808489,2359296.0,2359296.0,406425600,28224.0,141705216,25806400,461041.0,462400.0,710862244,28224.0,141705216,1,1,1,1,1,1,6067.0,1536.0,1536.0,20160.0,168.0,11904.0,5080.0,679.0,680.0,26662.0,168.0,11904.0,6067.0,1536.0,1536.0,20160.0,168.0,11904.0,5080.0,679.0,680.0,26662.0,168.0,11904.0,0.8315515350877193,1.0,1.0,0.7142857142857143,1.0,1.0,0.6962719298245614,0.4420572916666667,0.4427083333333333,0.9446570294784581,1.0,1.0,-0.8315515350877193,-1.0,-1.0,-0.7142857142857143,-1.0,-1.0,-0.6962719298245614,0.4420572916666667,0.4427083333333333,-0.9446570294784581,-1.0,-1.0,ML,ML,ML,SCP,TIE,TIE,ADIDA,ADIDA,ADIDA,seasonal discrete,,,SCP,SCP,SCP,ML,,,seasonal discrete,seasonal discrete,seasonal discrete,ADIDA,,,16.26833690456568,55.79427083333333,55.72916666666667,24.38676768434476,0.0,0.0,40296.0,8064.0,1562.0,-32232.0,-38734.0,32232.0,38734.0,548159040,852595684,3,10744.0,12911.333333333334,13517.384362368335,16858.189740696755,0.7998808814770697,0.9612368473297598,-0.7998808814770697,-0.9612368473297598,SCP,seasonal discrete,ML,ADIDA,16.786285950327876,10368.0,1229.0,6647.0,-9139.0,-3721.0,9139.0,6439.0,41527081,26729841,3,3046.3333333333335,2146.3333333333335,3720.5322647886464,2984.9534334726227,0.8814621913580247,0.621045524691358,-0.8814621913580247,-0.35889274691358025,ML,ADIDA,SCP,seasonal discrete,29.543713754240073,50664.0,9293.0,8209.0,-41371.0,-42455.0,41371.0,45173.0,589686121,879325525,6,6895.166666666667,7528.833333333333,9913.678437727676,12105.959448414927,0.8165758724143376,0.8916192957524081,-0.8165758724143376,-0.8379717353544923,SCP,seasonal discrete,ML,ADIDA,8.416531999203066,2026-07-14 13:03:02.206,0,,"
"22417,66,66,10592,1,1652,CONSUMIBLES DOMESTICOS,""283"","""",(Sin Definir) (Sin Definir),,,,,,preserve current forecast,preserve current forecast,success,,NOT_COMPARABLE_MISSING_SCP_AND_ML,1,0,0,0.0,0.0,42.0,0.0,0.0,0.0,,,,,,,,,,,,,,,,,,,,,,,,,,,,,,,,,,,,,,,,,,,,,,,,,,,,,,,,,,,,,,,,,,,,,,,,,,,,,,,,,,,,,,,,,,,,,,,,,,,,,,,,,,,,,,,,,,,,,,,,,,,,,,,,,,,,,,,,,,,,,,,,,,,,,,,,,,,,,,,,,,,,,,,,,,,,,,,,,,,,,,,,,,,,,,,,,,,,,,,,,,2026-07-14 13:03:02.206,1,MissingHistory,NoForecastRowsMaterialized"
"22418,66,66,10592,1,1738,CONSUMIBLES DOMESTICOS,""3539"","""",Manolo PLS Cerrato,,,,,,preserve current forecast,preserve current forecast,success,,NOT_COMPARABLE_MISSING_SCP_AND_ML,1,0,0,0.0,240.0,0.0,0.0,0.0,0.0,,,,,,,,,,,,,,,,,,,,,,,,,,,,,,,,,,,,,,,,,,,,,,,,,,,,,,,,,,,,,,,,,,,,,,,,,,,,,,,,,,,,,,,,,,,,,,,,,,,,,,,,,,,,,,,,,,,,,,,,,,,,,,,,,,,,,,,,,,,,,,,,,,,,,,,,,,,,,,,,,,,,,,,,,,,,,,,,,,,,,,,,,,,,,,,,,,,,,,,,,,2026-07-14 13:03:02.206,1,MissingHistory,NoForecastRowsMaterialized"
"22419,66,66,10592,1,2322,BOLSA BASURA PROFESIONALES,""2659"",DISVALL LOGISTIC S.L - BP,ENRIQUE MALONDA ESCRIVA,,,,,,preserve current forecast,preserve current forecast,success,,NOT_COMPARABLE_MISSING_SCP_AND_ML,1,0,0,0.0,0.0,0.0,0.0,0.0,0.0,,,,,,,,,,,,,,,,,,,,,,,,,,,,,,,,,,,,,,,,,,,,,,,,,,,,,,,,,,,,,,,,,,,,,,,,,,,,,,,,,,,,,,,,,,,,,,,,,,,,,,,,,,,,,,,,,,,,,,,,,,,,,,,,,,,,,,,,,,,,,,,,,,,,,,,,,,,,,,,,,,,,,,,,,,,,,,,,,,,,,,,,,,,,,,,,,,,,,,,,,,2026-07-14 13:03:02.206,1,MissingHistory,NoForecastRowsMaterialized"
"22420,66,66,10592,1,2373,CONSUMIBLES DOMESTICOS,""4772"",JUAN FORNES - SUPERMERCADOS MAS Y MAS,ENRIQUE MALONDA ESCRIVA,,,,,,preserve current forecast,preserve current forecast,success,,NOT_COMPARABLE_MISSING_SCP_AND_ML,1,0,0,0.0,0.0,0.0,0.0,0.0,0.0,,,,,,,,,,,,,,,,,,,,,,,,,,,,,,,,,,,,,,,,,,,,,,,,,,,,,,,,,,,,,,,,,,,,,,,,,,,,,,,,,,,,,,,,,,,,,,,,,,,,,,,,,,,,,,,,,,,,,,,,,,,,,,,,,,,,,,,,,,,,,,,,,,,,,,,,,,,,,,,,,,,,,,,,,,,,,,,,,,,,,,,,,,,,,,,,,,,,,,,,,,2026-07-14 13:03:02.206,1,MissingHistory,NoForecastRowsMaterialized"
"22421,66,66,10592,1,1187,""LÁMINA INDUSTRIAL, SEMITUBO Y TUBO"",""3481"",ELPOZO ALIMENTACION S.A.,José Mateos-Aparicio Martinez,,HistoricAverage,intermittent_recentRelease,intermittent_recentRelease_recentRelease,recentRelease,seasonal discrete,seasonal discrete,success,intermittent_recentRelease,COMPARABLE,1,1,1,3832.46,2506.2,405.6,5016.58,0.0,0.0,1576.5,0.0,0.0,1393.4,0.0,0.0,1480.1999999999998,1480.1999999999998,1480.1000000000001,1741.3999999999999,0.0,0.0,-2255.96,-2506.2,-405.6,-3623.18,0.0,0.0,-2352.26,-1026.0,1074.5,-3275.1800000000003,0.0,0.0,2255.96,2506.2,405.6,3623.18,0.0,0.0,2352.26,1026.0,1074.5,3275.1800000000003,0.0,0.0,5089355.521600001,6281038.4399999995,164511.36000000002,13127433.312399998,0.0,0.0,5533127.107600001,1052676.0,1154550.25,10726804.032400003,0.0,0.0,1,1,1,1,0,0,2255.96,2506.2,405.6,3623.18,,,2352.26,1026.0,1074.5,3275.1800000000003,,,2255.96,2506.2,405.6,3623.18,,,2352.26,1026.0,1074.5,3275.1800000000003,,,0.5886454131289042,1.0,1.0,0.7222410486825686,,,0.6137728769510967,0.40938472587981806,2.649161735700197,0.6528710795003768,,,-0.5886454131289042,-1.0,-1.0,-0.7222410486825686,,,-0.6137728769510967,-0.40938472587981806,2.649161735700197,-0.6528710795003768,,,SCP,ML,SCP,ML,,,seasonal discrete,HistoricAverage,seasonal discrete,HistoricAverage,,,ML,SCP,ML,SCP,,,HistoricAverage,seasonal discrete,HistoricAverage,seasonal discrete,,,4.0939351942387345,59.0615274120182,62.25221033038623,9.604822283187682,,,5016.58,1393.4,1741.3999999999999,-3623.18,-3275.1800000000003,3623.18,3275.1800000000003,13127433.312399998,10726804.032400003,1,3623.18,3275.1800000000003,3623.18,3275.1800000000003,0.7222410486825686,0.6528710795003768,-0.7222410486825686,-0.6528710795003768,ML,HistoricAverage,SCP,seasonal discrete,9.604822283187682,6744.26,1576.5,4440.5,-5167.76,-2303.76,5167.76,4452.76,11534905.321600001,7740353.357600001,3,1722.5866666666668,1484.2533333333333,1960.8591077722372,1606.2745051412187,0.766245666685448,0.6602295878272784,-0.766245666685448,-0.34158825430810796,ML,HistoricAverage,SCP,seasonal discrete,13.835781847454204,11760.84,2969.9,6181.9,-8790.94,-5578.9400000000005,8790.94,7727.9400000000005,24662338.633999996,18467157.390000004,4,2197.735,1931.9850000000001,2483.059535834773,2148.671530853425,0.7474755204560218,0.6570908200434663,-0.7474755204560218,-0.4743657765941889,ML,HistoricAverage,SCP,seasonal discrete,12.091994712738337,2026-07-14 13:03:02.206,0,,"
"22422,66,66,10592,1,1214,""LÁMINA INDUSTRIAL, SEMITUBO Y TUBO"",""3736"",ELPOZO ALIMENTACION S.A.,José Mateos-Aparicio Martinez,,TSB,intermittent_insuficient,intermittent_insuficient_insuficient,insuficient,seasonal discrete,seasonal discrete,success,intermittent_insuficient,COMPARABLE,1,1,1,0.0,11602.56,7283.54,9185.46,568.8,8877.12,2993.2,0.0,0.0,11686.099999999999,0.0,0.0,14726.2,0.0,7363.1,6298.5,0.0,0.0,2993.2,-11602.56,-7283.54,2500.6399999999994,-568.8,-8877.12,14726.2,-11602.56,79.5600000000004,-2886.959999999999,-568.8,-8877.12,2993.2,11602.56,7283.54,2500.6399999999994,568.8,8877.12,14726.2,11602.56,79.5600000000004,2886.959999999999,568.8,8877.12,8959246.239999998,134619398.55359998,53049954.9316,6253200.409599997,323533.43999999994,78803259.49440001,216860966.44000003,134619398.55359998,6329.793600000064,8334538.0415999945,323533.43999999994,78803259.49440001,0,1,1,1,1,1,,11602.56,7283.54,2500.6399999999994,568.8,8877.12,,11602.56,79.5600000000004,2886.959999999999,568.8,8877.12,,11602.56,7283.54,2500.6399999999994,568.8,8877.12,,11602.56,79.5600000000004,2886.959999999999,568.8,8877.12,,1.0,1.0,0.27223895156040084,1.0,1.0,,1.0,0.010923259843427839,0.3142967254770038,1.0,1.0,,-1.0,-1.0,0.27223895156040084,-1.0,-1.0,,-1.0,0.010923259843427839,-0.3142967254770038,-1.0,-1.0,,TIE,ML,SCP,TIE,TIE,,,TSB,seasonal discrete,,,,,SCP,ML,,,,,seasonal discrete,TSB,,,,0.0,98.90767401565722,13.381550142710674,0.0,0.0,18631.379999999997,11686.099999999999,6298.5,-6945.280000000001,-12332.88,11946.56,12332.88,85379993.34400001,87461330.976,3,3982.1866666666665,4110.96,5334.791259396504,5399.423764810464,0.6412063948027469,0.6619413054749568,-0.3727732459968076,-0.6619413054749568,SCP,seasonal discrete,ML,TSB,3.132439462639691,18886.1,2993.2,22089.300000000003,-15892.899999999998,3203.2000000000007,21879.3,26408.32,196628599.7252,351486694.7872,2,10939.65,13204.16,9915.356769304875,13256.822673385957,1.1584869295407734,1.3982939834057853,-0.8415130704592266,0.16960621832988287,SCP,seasonal discrete,ML,TSB,17.149973947604394,37517.479999999996,14679.3,28387.800000000003,-22838.18,-9129.679999999998,33825.86,38741.200000000004,282008593.0692,438948025.76320004,5,6765.1720000000005,7748.240000000001,7510.107763130965,9369.610725779381,0.9016026662771595,1.0326173293088983,-0.608734381946762,-0.24334470225612168,SCP,seasonal discrete,ML,TSB,12.687629706875367,2026-07-14 13:03:02.206,0,,"
"22423,66,66,10592,1,1230,MASCOTAS,""2736"",BUBBLES BIDCO SPAIN SL (ACQUA & SAPONE)A,Enrique Malonda Escriva,,,,,,average,average,success,,NOT_COMPARABLE_MISSING_SCP_AND_ML,1,0,0,66.0,0.0,0.0,0.0,0.0,0.0,,,,,,,,,,,,,,,,,,,,,,,,,,,,,,,,,,,,,,,,,,,,,,,,,,,,,,,,,,,,,,,,,,,,,,,,,,,,,,,,,,,,,,,,,,,,,,,,,,,,,,,,,,,,,,,,,,,,,,,,,,,,,,,,,,,,,,,,,,,,,,,,,,,,,,,,,,,,,,,,,,,,,,,,,,,,,,,,,,,,,,,,,,,,,,,,,,,,,,,,,,2026-07-14 13:03:02.206,1,ShortSeries,NoForecastRowsMaterialized"
"22424,66,66,10592,1,1289,SACO INDUSTRIAL,""26"",FLORETTE HORTICOLA NAVARRA S.L.U.,José Mateos-Aparicio Martinez,,MovingAverage3M,smooth_insuficient,smooth_insuficient_insuficient,insuficient,x11 seasonal,x11 seasonal,success,smooth_insuficient,COMPARABLE,1,1,1,16.35,10.35,0.0,10.35,10.35,13.8,7.6000000000000005,0.0,0.0,8.8,0.0,0.0,11.6,11.5,11.5,10.3,0.0,0.0,-8.75,-10.35,0.0,-1.549999999999999,-10.35,-13.8,-4.750000000000002,1.1500000000000004,11.5,-0.049999999999998934,-10.35,-13.8,8.75,10.35,0.0,1.549999999999999,10.35,13.8,4.750000000000002,1.1500000000000004,11.5,0.049999999999998934,10.35,13.8,76.5625,107.12249999999999,0.0,2.4024999999999967,107.12249999999999,190.44000000000003,22.562500000000018,1.322500000000001,132.25,0.0024999999999998934,107.12249999999999,190.44000000000003,1,1,0,1,1,1,8.75,10.35,,1.549999999999999,10.35,13.8,4.750000000000002,1.1500000000000004,,0.049999999999998934,10.35,13.8,8.75,10.35,,1.549999999999999,10.35,13.8,4.750000000000002,1.1500000000000004,,0.049999999999998934,10.35,13.8,0.5351681957186544,1.0,,0.1497584541062801,1.0,1.0,0.2905198776758411,0.11111111111111115,,0.004830917874396033,1.0,1.0,-0.5351681957186544,-1.0,,-0.1497584541062801,-1.0,-1.0,-0.2905198776758411,0.11111111111111115,,-0.004830917874396033,-1.0,-1.0,ML,ML,,ML,TIE,TIE,MovingAverage3M,MovingAverage3M,,MovingAverage3M,,,SCP,SCP,,SCP,,,x11 seasonal,x11 seasonal,,x11 seasonal,,,45.71428571428569,88.88888888888889,,96.77419354838716,0.0,0.0,34.5,8.8,10.3,-25.699999999999996,-24.199999999999996,25.699999999999996,24.199999999999996,299.965,297.565,3,8.566666666666665,8.066666666666665,9.999416649651785,9.959333980409198,0.7449275362318839,0.7014492753623187,-0.7449275362318839,-0.7014492753623187,ML,MovingAverage3M,SCP,x11 seasonal,5.836575875486378,26.700000000000003,7.6000000000000005,34.6,-19.1,7.899999999999999,19.1,17.400000000000002,183.685,156.13500000000002,2,9.55,8.700000000000001,9.583449274660977,8.83558147492286,0.7153558052434457,0.651685393258427,-0.7153558052434457,0.295880149812734,ML,MovingAverage3M,SCP,x11 seasonal,8.900523560209415,61.2,16.400000000000002,44.900000000000006,-44.8,-16.3,44.8,41.60000000000001,483.65,453.70000000000005,5,8.959999999999999,8.320000000000002,9.835141076771597,9.525754563287887,0.7320261437908496,0.6797385620915034,-0.7320261437908496,-0.26633986928104575,ML,MovingAverage3M,SCP,x11 seasonal,7.1428571428571175,2026-07-14 13:03:02.206,0,,"
"22425,66,66,10592,1,1380,SACO INDUSTRIAL,""3524"",ELPOZO ALIMENTACION S.A.,José Mateos-Aparicio Martinez,,HistoricAverage,smooth_insuficient,smooth_insuficient_insuficient,insuficient,seasonal discrete,seasonal discrete,success,smooth_insuficient,COMPARABLE,1,1,1,6452.6,-13.88000000000011,9047.4,2749.25,4335.9,0.0,445.5,0.0,0.0,3698.7999999999997,0.0,0.0,2965.1000000000004,2965.0,2965.1000000000004,4784.700000000001,0.0,0.0,-6007.1,13.88000000000011,-9047.4,949.5499999999997,-4335.9,0.0,-3487.5,2978.88,-6082.299999999999,2035.4500000000007,-4335.9,0.0,6007.1,13.88000000000011,9047.4,949.5499999999997,4335.9,0.0,3487.5,2978.88,6082.299999999999,2035.4500000000007,4335.9,0.0,36085250.410000004,192.65440000000302,81855446.75999999,901645.2024999994,18800028.81,0.0,12162656.25,8873726.0544,36994373.28999999,4143056.702500003,18800028.81,0.0,1,0,1,1,1,0,6007.1,,9047.4,949.5499999999997,4335.9,,3487.5,,6082.299999999999,2035.4500000000007,4335.9,,6007.1,,9047.4,949.5499999999997,4335.9,,3487.5,,6082.299999999999,2035.4500000000007,4335.9,,0.9309580634162973,,1.0,0.34538510502864406,1.0,,0.5404798065895917,,0.6722704865486216,0.7403655542420663,1.0,,-0.9309580634162973,,-1.0,0.34538510502864406,-1.0,,-0.5404798065895917,,-0.6722704865486216,0.7403655542420663,-1.0,,ML,,ML,SCP,TIE,,HistoricAverage,,HistoricAverage,seasonal discrete,,,SCP,,SCP,ML,,,seasonal discrete,,seasonal discrete,HistoricAverage,,,41.94369995505319,,32.772951345137834,53.349382200496244,0.0,,7085.15,3698.7999999999997,4784.700000000001,-3386.35,-2300.449999999999,5285.449999999999,6371.35,19701674.0125,22943085.512500003,2,2642.7249999999995,3185.675,3138.604308645803,3386.96660099417,0.7459898520144245,0.8992540736611082,-0.4779503609662463,-0.3246861393195626,SCP,seasonal discrete,ML,HistoricAverage,17.043483720090737,15486.12,445.5,8895.2,-15040.62,-6590.919999999999,15068.38,12548.68,117940889.82440001,58030755.59439999,2,7534.19,6274.34,7679.221634527812,5386.592410531912,0.973024876470026,0.8103178846605864,-0.9712323035079155,-0.42560176467701394,ML,HistoricAverage,SCP,seasonal discrete,16.721771019844194,22571.269999999997,4144.299999999999,13679.900000000001,-18426.97,-8891.369999999999,20353.83,18920.03,137642563.8369,80973841.10689999,4,5088.4575,4730.0075,5866.058383550661,4499.27330540444,0.9017582971627208,0.8382350660817934,-0.8163904822369323,-0.39392422313852965,ML,HistoricAverage,SCP,seasonal discrete,7.044374449427964,2026-07-14 13:03:02.206,0,,"
"22426,66,66,10592,1,1407,SACO INDUSTRIAL,""3678"",UVESA,José Mateos-Aparicio Martinez,,,,,,preserve current forecast,preserve current forecast,success,,NOT_COMPARABLE_MISSING_SCP_AND_ML,1,0,0,0.0,0.0,0.0,0.0,0.0,0.0,,,,,,,,,,,,,,,,,,,,,,,,,,,,,,,,,,,,,,,,,,,,,,,,,,,,,,,,,,,,,,,,,,,,,,,,,,,,,,,,,,,,,,,,,,,,,,,,,,,,,,,,,,,,,,,,,,,,,,,,,,,,,,,,,,,,,,,,,,,,,,,,,,,,,,,,,,,,,,,,,,,,,,,,,,,,,,,,,,,,,,,,,,,,,,,,,,,,,,,,,,2026-07-14 13:03:02.206,1,MissingHistory,NoForecastRowsMaterialized"
"22427,66,66,10592,1,1457,SACO INDUSTRIAL,""3695"",ALIMERKA S.A.U.,Enrique Malonda Escriva,,,,,,preserve current forecast,preserve current forecast,success,,NOT_COMPARABLE_MISSING_SCP_AND_ML,1,0,0,0.0,0.0,0.0,0.0,0.0,0.0,,,,,,,,,,,,,,,,,,,,,,,,,,,,,,,,,,,,,,,,,,,,,,,,,,,,,,,,,,,,,,,,,,,,,,,,,,,,,,,,,,,,,,,,,,,,,,,,,,,,,,,,,,,,,,,,,,,,,,,,,,,,,,,,,,,,,,,,,,,,,,,,,,,,,,,,,,,,,,,,,,,,,,,,,,,,,,,,,,,,,,,,,,,,,,,,,,,,,,,,,,2026-07-14 13:03:02.206,1,MissingHistory,NoForecastRowsMaterialized"
"22428,66,66,10592,1,1530,SACO INDUSTRIAL,""4248"",SEDIASA ALIMENTACION S.A,José Mateos-Aparicio Martinez,,,,,,average,average,success,,NOT_COMPARABLE_MISSING_SCP_AND_ML,1,0,0,0.0,0.0,1893.4,2195.7,0.0,0.0,,,,,,,,,,,,,,,,,,,,,,,,,,,,,,,,,,,,,,,,,,,,,,,,,,,,,,,,,,,,,,,,,,,,,,,,,,,,,,,,,,,,,,,,,,,,,,,,,,,,,,,,,,,,,,,,,,,,,,,,,,,,,,,,,,,,,,,,,,,,,,,,,,,,,,,,,,,,,,,,,,,,,,,,,,,,,,,,,,,,,,,,,,,,,,,,,,,,,,,,,,2026-07-14 13:03:02.206,1,ShortSeries,NoForecastRowsMaterialized"
"22429,66,66,10592,1,1539,UNYKOS,""2537"",""DIA RETAIL ESPAÑA, S.A."",Enrique Malonda Escriva,,,,,,preserve current forecast,preserve current forecast,success,,NOT_COMPARABLE_ML_EXCLUDED,1,1,0,0.0,0.0,0.0,0.0,60384.0,92800.0,0.0,0.0,0.0,49628.0,42918.0,41307.0,,,,,,,,,,,,,,,,,,,,,,,,,,,,,,,,,,,,,,,,,,,,,,,,,,,,,,,,,,,,,,,,,,,,,,,,,,,,,,,,,,,,,,,,,,,,,,,,,,,,,,,,,,,,,,,,,,,,,,,,,,,,,,,,,,,,,,,,,,,,,,,,,,,,,,,,,,,,,,,,,,,,,,,,,,,,,,,,,,,,,,,,,,,,,,,,,,,,2026-07-14 13:03:02.206,1,MissingHistory,NoForecastRowsMaterialized"
"22430,66,66,10592,1,1338,SACO INDUSTRIAL,""52"",FLORETTE HORTICOLA NAVARRA S.L.U.,José Mateos-Aparicio Martinez,,TSB,intermittent_insuficient,intermittent_insuficient_insuficient,insuficient,syntetos-boylan,syntetos-boylan,success,intermittent_insuficient,COMPARABLE,1,1,1,0.0,1.2,0.675,0.0,1.2,1.2,1.2,0.0,0.0,2.4,0.0,0.0,0.9,0.9,0.9,1.0,0.0,0.0,1.2,-1.2,-0.675,2.4,-1.2,-1.2,0.9,-0.29999999999999993,0.22499999999999998,1.0,-1.2,-1.2,1.2,1.2,0.675,2.4,1.2,1.2,0.9,0.29999999999999993,0.22499999999999998,1.0,1.2,1.2,1.44,1.44,0.45562500000000006,5.76,1.44,1.44,0.81,0.08999999999999996,0.05062499999999999,1.0,1.44,1.44,0,1,1,0,1,1,,1.2,0.675,,1.2,1.2,,0.29999999999999993,0.22499999999999998,,1.2,1.2,,1.2,0.675,,1.2,1.2,,0.29999999999999993,0.22499999999999998,,1.2,1.2,,1.0,1.0,,1.0,1.0,,0.24999999999999994,0.33333333333333326,,1.0,1.0,,-1.0,-1.0,,-1.0,-1.0,,-0.24999999999999994,0.33333333333333326,,-1.0,-1.0,,ML,ML,,TIE,TIE,,TSB,TSB,,,,,SCP,SCP,,,,,syntetos-boylan,syntetos-boylan,,,,,75.0,66.66666666666667,,0.0,0.0,2.4,2.4,1.0,0.0,-1.4,4.8,3.4,8.64,3.88,2,2.4,1.7,2.078460969082653,1.3928388277184118,2.0,1.4166666666666667,0.0,-0.5833333333333334,ML,TSB,SCP,syntetos-boylan,29.166666666666664,1.875,1.2,2.7,-0.675,0.8250000000000001,3.075,1.4249999999999998,3.335625,0.950625,2,1.5375,0.7124999999999999,1.2914381518291922,0.6894291116568838,1.6400000000000001,0.7599999999999999,-0.36000000000000004,0.44000000000000006,ML,TSB,SCP,syntetos-boylan,53.658536585365866,4.275,3.5999999999999996,3.7,-0.675,-0.5749999999999997,7.875,4.825,11.975624999999999,4.8306249999999995,4,1.96875,1.20625,1.7302907992588992,1.0989341427037382,1.8421052631578947,1.1286549707602338,-0.15789473684210525,-0.13450292397660812,ML,TSB,SCP,syntetos-boylan,38.730158730158735,2026-07-14 13:03:02.206,0,,"
"22431,66,66,10592,1,1374,SACO INDUSTRIAL,""3522"",ELPOZO ALIMENTACION S.A.,José Mateos-Aparicio Martinez,,SeasonalNaive,intermittent_insuficient,intermittent_insuficient_insuficient,insuficient,seasonal discrete,seasonal discrete,success,intermittent_insuficient,COMPARABLE,1,1,1,5487.28,0.0,5127.45,0.0,0.0,0.0,0.0,0.0,0.0,2637.5,0.0,0.0,3140.7000000000003,589.3000000000001,1981.5000000000002,3126.8999999999996,0.0,0.0,-5487.28,0.0,-5127.45,2637.5,0.0,0.0,-2346.5799999999995,589.3000000000001,-3145.95,3126.8999999999996,0.0,0.0,5487.28,0.0,5127.45,2637.5,0.0,0.0,2346.5799999999995,589.3000000000001,3145.95,3126.8999999999996,0.0,0.0,30110241.798399996,0.0,26290743.502499998,6956406.25,0.0,0.0,5506437.696399998,347274.4900000001,9897001.402499998,9777503.609999998,0.0,0.0,1,0,1,0,0,0,5487.28,,5127.45,,,,2346.5799999999995,,3145.95,,,,5487.28,,5127.45,,,,2346.5799999999995,,3145.95,,,,1.0,,1.0,,,,0.42763992360513764,,0.6135505953251617,,,,-1.0,,-1.0,,,,-0.42763992360513764,,-0.6135505953251617,,,,ML,,ML,,,,SeasonalNaive,,SeasonalNaive,,,,SCP,,SCP,,,,seasonal discrete,,seasonal discrete,,,,57.23600763948624,,38.644940467483835,,,,0.0,2637.5,3126.8999999999996,2637.5,3126.8999999999996,2637.5,3126.8999999999996,6956406.25,9777503.609999998,0,,,,,,,,,,,,,,10614.73,0.0,5711.5,-10614.73,-4903.23,10614.73,6081.83,56400985.3009,15750713.588899996,2,5307.365,3040.915,5310.413604461521,2806.3066109122856,1.0,0.5729613471091587,-1.0,-0.4619269637569679,ML,SeasonalNaive,SCP,seasonal discrete,42.70386528908413,10614.73,2637.5,8838.400000000001,-7977.23,-1776.33,13252.23,9208.73,63357391.5509,25528217.19889999,2,6626.115,4604.365,5628.383051592171,3572.6892671277747,1.2484754675813705,0.867542556428661,-0.7515245324186296,-0.16734575443746566,ML,SeasonalNaive,SCP,seasonal discrete,30.511845930835797,2026-07-14 13:03:02.206,0,,NoForecastRowsMaterialized"
"22432,66,66,10592,1,1397,SACO INDUSTRIAL,""3660"",CORP. ALIMENTARIA GUISSONA,Enrique Malonda Escriva,,,,,,average,average,success,,NOT_COMPARABLE_ML_EXCLUDED,1,1,0,51.0,76.5,51.0,51.0,48.75,69.0,51.9,0.0,0.0,47.0,0.0,0.0,,,,,,,,,,,,,,,,,,,,,,,,,,,,,,,,,,,,,,,,,,,,,,,,,,,,,,,,,,,,,,,,,,,,,,,,,,,,,,,,,,,,,,,,,,,,,,,,,,,,,,,,,,,,,,,,,,,,,,,,,,,,,,,,,,,,,,,,,,,,,,,,,,,,,,,,,,,,,,,,,,,,,,,,,,,,,,,,,,,,,,,,,,,,,,,,,,,,2026-07-14 13:03:02.206,1,ShortSeries,"
"22433,66,66,10592,1,1433,SACO INDUSTRIAL,""3688"",UVESA,José Mateos-Aparicio Martinez,,SeasonalNaive,smooth_insuficient,smooth_insuficient_insuficient,insuficient,x11 seasonal,x11 seasonal,success,smooth_insuficient,COMPARABLE,1,1,1,72.0,5.0,72.85,36.0,18.0,35.0,45.8,0.0,0.0,35.4,0.0,0.0,54.0,0.0,37.8,36.0,0.0,0.0,-26.200000000000003,-5.0,-72.85,-0.6000000000000014,-18.0,-35.0,-18.0,-5.0,-35.05,0.0,-18.0,-35.0,26.200000000000003,5.0,72.85,0.6000000000000014,18.0,35.0,18.0,5.0,35.05,0.0,18.0,35.0,686.4400000000002,25.0,5307.1224999999995,0.3600000000000017,324.0,1225.0,324.0,25.0,1228.5024999999998,0.0,324.0,1225.0,1,1,1,1,1,1,26.200000000000003,5.0,72.85,0.6000000000000014,18.0,35.0,18.0,5.0,35.05,0.0,18.0,35.0,26.200000000000003,5.0,72.85,0.6000000000000014,18.0,35.0,18.0,5.0,35.05,0.0,18.0,35.0,0.36388888888888893,1.0,1.0,0.016666666666666705,1.0,1.0,0.25,1.0,0.48112560054907344,0.0,1.0,1.0,-0.36388888888888893,-1.0,-1.0,-0.016666666666666705,-1.0,-1.0,-0.25,-1.0,-0.48112560054907344,0.0,-1.0,-1.0,ML,TIE,ML,ML,TIE,TIE,SeasonalNaive,,SeasonalNaive,SeasonalNaive,,,SCP,,SCP,SCP,,,x11 seasonal,,x11 seasonal,x11 seasonal,,,31.29770992366413,0.0,51.88743994509266,100.0,0.0,0.0,89.0,35.4,36.0,-53.6,-53.0,53.6,53.0,1549.36,1549.0,3,17.866666666666667,17.666666666666668,22.725609636120506,22.72296928953902,0.6022471910112359,0.5955056179775281,-0.6022471910112359,-0.5955056179775281,ML,SeasonalNaive,SCP,x11 seasonal,1.1194029850746186,149.85,45.8,91.8,-104.05,-58.05,104.05,58.05,6018.5625,1577.5024999999998,3,34.68333333333333,19.349999999999998,44.79048448052332,22.93107425888867,0.694361027694361,0.38738738738738737,-0.694361027694361,-0.38738738738738737,ML,SeasonalNaive,SCP,x11 seasonal,44.20951465641519,238.85,81.19999999999999,127.8,-157.65,-111.05,157.65,111.05,7567.9225,3126.5024999999996,6,26.275000000000002,18.508333333333333,35.51507309110692,22.827258924364966,0.6600376805526481,0.46493615239690184,-0.6600376805526481,-0.46493615239690184,ML,SeasonalNaive,SCP,x11 seasonal,29.55915001585791,2026-07-14 13:03:02.206,0,,"
"22434,66,66,10592,1,1499,SACO INDUSTRIAL,""3707"",UVESA,José Mateos-Aparicio Martinez,,,,,,preserve current forecast,preserve current forecast,success,,NOT_COMPARABLE_MISSING_SCP_AND_ML,1,0,0,0.0,0.0,0.0,0.0,0.0,0.0,,,,,,,,,,,,,,,,,,,,,,,,,,,,,,,,,,,,,,,,,,,,,,,,,,,,,,,,,,,,,,,,,,,,,,,,,,,,,,,,,,,,,,,,,,,,,,,,,,,,,,,,,,,,,,,,,,,,,,,,,,,,,,,,,,,,,,,,,,,,,,,,,,,,,,,,,,,,,,,,,,,,,,,,,,,,,,,,,,,,,,,,,,,,,,,,,,,,,,,,,,2026-07-14 13:03:02.206,1,MissingHistory,NoForecastRowsMaterialized"
"22435,66,66,10592,1,1513,SACO INDUSTRIAL,""4171"",FRESCOS Y ELABORADOS DELISANO S.A.U,José Mateos-Aparicio Martinez,,,,,,average,average,success,,NOT_COMPARABLE_MISSING_SCP_AND_ML,1,0,0,0.0,0.0,6.9,0.0,0.0,13.2,,,,,,,,,,,,,,,,,,,,,,,,,,,,,,,,,,,,,,,,,,,,,,,,,,,,,,,,,,,,,,,,,,,,,,,,,,,,,,,,,,,,,,,,,,,,,,,,,,,,,,,,,,,,,,,,,,,,,,,,,,,,,,,,,,,,,,,,,,,,,,,,,,,,,,,,,,,,,,,,,,,,,,,,,,,,,,,,,,,,,,,,,,,,,,,,,,,,,,,,,,2026-07-14 13:03:02.206,1,ShortSeries,NoForecastRowsMaterialized"
"22436,66,66,10592,1,1574,UNYKOS,""2567"",JUAN FORNES - SUPERMERCADOS MAS Y MAS,Enrique Malonda Escriva,,HistoricAverage,smooth_insuficient,smooth_insuficient_insuficient,insuficient,seasonal discrete,seasonal discrete,success,smooth_insuficient,COMPARABLE,1,1,1,960.0,0.0,0.0,240.0,360.0,240.0,388.0,0.0,0.0,220.0,0.0,0.0,295.0,296.0,295.0,310.0,0.0,0.0,-572.0,0.0,0.0,-20.0,-360.0,-240.0,-665.0,296.0,295.0,70.0,-360.0,-240.0,572.0,0.0,0.0,20.0,360.0,240.0,665.0,296.0,295.0,70.0,360.0,240.0,327184.0,0.0,0.0,400.0,129600.0,57600.0,442225.0,87616.0,87025.0,4900.0,129600.0,57600.0,1,0,0,1,1,1,572.0,,,20.0,360.0,240.0,665.0,,,70.0,360.0,240.0,572.0,,,20.0,360.0,240.0,665.0,,,70.0,360.0,240.0,0.5958333333333333,,,0.08333333333333333,1.0,1.0,0.6927083333333334,,,0.2916666666666667,1.0,1.0,-0.5958333333333333,,,-0.08333333333333333,-1.0,-1.0,-0.6927083333333334,,,0.2916666666666667,-1.0,-1.0,SCP,,,SCP,TIE,TIE,seasonal discrete,,,seasonal discrete,,,ML,,,ML,,,HistoricAverage,,,HistoricAverage,,,13.984962406015045,,,71.42857142857144,0.0,0.0,840.0,220.0,310.0,-620.0,-530.0,620.0,670.0,187600.0,192100.0,3,206.66666666666666,223.33333333333334,250.06665778014735,253.04808502206322,0.7380952380952381,0.7976190476190477,-0.7380952380952381,-0.6309523809523809,SCP,seasonal discrete,ML,HistoricAverage,7.46268656716418,960.0,388.0,886.0,-572.0,-74.0,572.0,1256.0,327184.0,616866.0,1,572.0,1256.0,572.0,785.4081741362259,0.5958333333333333,1.3083333333333333,-0.5958333333333333,-0.07708333333333334,SCP,seasonal discrete,ML,HistoricAverage,54.45859872611465,1800.0,608.0,1196.0,-1192.0,-604.0,1192.0,1926.0,514784.0,808966.0,4,298.0,481.5,358.7422473029905,449.7126860563309,0.6622222222222223,1.07,-0.6622222222222223,-0.33555555555555555,SCP,seasonal discrete,ML,HistoricAverage,38.110072689511945,2026-07-14 13:03:02.206,0,,"
"22437,66,66,10592,1,1656,CONSUMIBLES DOMESTICOS,""3449"","""",(Sin Definir) (Sin Definir),,,,,,preserve current forecast,preserve current forecast,success,,NOT_COMPARABLE_MISSING_SCP_AND_ML,1,0,0,0.0,0.0,30.0,0.0,0.0,0.0,,,,,,,,,,,,,,,,,,,,,,,,,,,,,,,,,,,,,,,,,,,,,,,,,,,,,,,,,,,,,,,,,,,,,,,,,,,,,,,,,,,,,,,,,,,,,,,,,,,,,,,,,,,,,,,,,,,,,,,,,,,,,,,,,,,,,,,,,,,,,,,,,,,,,,,,,,,,,,,,,,,,,,,,,,,,,,,,,,,,,,,,,,,,,,,,,,,,,,,,,,2026-07-14 13:03:02.206,1,MissingHistory,NoForecastRowsMaterialized"
"22438,66,66,10592,1,1765,CONSUMIBLES DOMESTICOS,""5921"",CONSUM S COOP V,José Luís Sabater _,,HistoricAverage,smooth_insuficient,smooth_insuficient_insuficient,insuficient,x11 seasonal,x11 seasonal,success,smooth_insuficient,COMPARABLE,1,1,1,44160.0,45440.0,53120.0,44800.0,42240.0,40960.0,46510.0,0.0,0.0,0.0,0.0,0.0,46080.0,46080.0,46080.0,42880.0,38400.0,47360.0,2350.0,-45440.0,-53120.0,-44800.0,-42240.0,-40960.0,1920.0,640.0,-7040.0,-1920.0,-3840.0,6400.0,2350.0,45440.0,53120.0,44800.0,42240.0,40960.0,1920.0,640.0,7040.0,1920.0,3840.0,6400.0,5522500.0,2064793600,2821734400,2007040000,1784217600,1677721600,3686400.0,409600.0,49561600,3686400.0,14745600,40960000,1,1,1,1,1,1,2350.0,45440.0,53120.0,44800.0,42240.0,40960.0,1920.0,640.0,7040.0,1920.0,3840.0,6400.0,2350.0,45440.0,53120.0,44800.0,42240.0,40960.0,1920.0,640.0,7040.0,1920.0,3840.0,6400.0,0.05321557971014493,1.0,1.0,1.0,1.0,1.0,0.043478260869565216,0.014084507042253521,0.13253012048192772,0.04285714285714286,0.09090909090909091,0.15625,0.05321557971014493,-1.0,-1.0,-1.0,-1.0,-1.0,0.043478260869565216,0.014084507042253521,-0.13253012048192772,-0.04285714285714286,-0.09090909090909091,0.15625,ML,ML,ML,ML,ML,ML,HistoricAverage,HistoricAverage,HistoricAverage,HistoricAverage,HistoricAverage,HistoricAverage,SCP,SCP,SCP,SCP,SCP,SCP,x11 seasonal,x11 seasonal,x11 seasonal,x11 seasonal,x11 seasonal,x11 seasonal,18.297872340425535,98.59154929577466,86.74698795180723,95.71428571428572,90.9090909090909,84.375,128000.0,0.0,128640.0,-128000.0,640.0,128000.0,12160.0,5468979200,59392000,3,42666.666666666664,4053.3333333333335,42696.52288731094,4449.419437784365,1.0,0.095,-1.0,0.005,ML,HistoricAverage,SCP,x11 seasonal,90.5,142720.0,46510.0,138240.0,-96210.0,-4480.0,100910.0,9600.0,4892050500,53657600,3,33636.666666666664,3200.0,40381.722350588265,4229.168555007789,0.7070487668161435,0.06726457399103139,-0.6741171524663677,-0.03139013452914798,ML,HistoricAverage,SCP,x11 seasonal,90.48657219304332,270720.0,46510.0,266880.0,-224210.0,-3840.0,228910.0,21760.0,10361029700,113049600,6,38151.666666666664,3626.6666666666665,41555.243752543836,4340.691189200172,0.845559988179669,0.08037825059101655,-0.8281988770685579,-0.014184397163120567,ML,HistoricAverage,SCP,x11 seasonal,90.49408064304748,2026-07-14 13:03:02.206,0,,NoForecastRowsMaterialized"
"22439,66,66,10592,1,1154,FILM ALIMENTARIO PROFESIONAL,""3538"",IRMADONA SUPERMERCADOS S.A,Xaro Andrés Sanchis,,HistoricAverage,intermittent_recentRelease,intermittent_recentRelease_recentRelease,recentRelease,syntetos-boylan,syntetos-boylan,success,intermittent_recentRelease,COMPARABLE,1,1,1,0.0,0.0,145.0,0.0,0.0,0.0,0.0,0.0,0.0,26.0,0.0,0.0,24.0,24.0,25.0,48.0,0.0,0.0,0.0,0.0,-145.0,26.0,0.0,0.0,24.0,24.0,-120.0,48.0,0.0,0.0,0.0,0.0,145.0,26.0,0.0,0.0,24.0,24.0,120.0,48.0,0.0,0.0,0.0,0.0,21025.0,676.0,0.0,0.0,576.0,576.0,14400.0,2304.0,0.0,0.0,0,0,1,0,0,0,,,145.0,,,,,,120.0,,,,,,145.0,,,,,,120.0,,,,,,1.0,,,,,,0.8275862068965517,,,,,,-1.0,,,,,,-0.8275862068965517,,,,,,ML,,,,,,HistoricAverage,,,,,,SCP,,,,,,syntetos-boylan,,,,,,17.24137931034483,,,,0.0,26.0,48.0,26.0,48.0,26.0,48.0,676.0,2304.0,0,,,,,,,,,,,,,,145.0,0.0,73.0,-145.0,-72.0,145.0,168.0,21025.0,15552.0,1,145.0,168.0,145.0,124.70765814495917,1.0,1.1586206896551725,-1.0,-0.496551724137931,SCP,syntetos-boylan,ML,HistoricAverage,13.690476190476197,145.0,26.0,121.0,-119.0,-24.0,171.0,216.0,21701.0,17856.0,1,171.0,216.0,147.31259280862582,133.62634470792054,1.1793103448275861,1.4896551724137932,-0.8206896551724138,-0.16551724137931034,SCP,syntetos-boylan,ML,HistoricAverage,20.833333333333343,2026-07-14 13:03:02.206,0,,NoForecastRowsMaterialized"
"22440,66,66,10592,1,1174,FILM ALIMENTARIO PROFESIONAL,""4141"",""FAMILY CASH, S.L."",José Navalón _,,HistoricAverage,smooth_insuficient,smooth_insuficient_insuficient,insuficient,x11 seasonal,x11 seasonal,success,smooth_insuficient,COMPARABLE,1,1,1,288.0,288.0,576.0,576.0,288.0,288.0,372.0,0.0,0.0,451.0,0.0,0.0,465.0,465.0,465.0,288.0,0.0,0.0,84.0,-288.0,-576.0,-125.0,-288.0,-288.0,177.0,177.0,-111.0,-288.0,-288.0,-288.0,84.0,288.0,576.0,125.0,288.0,288.0,177.0,177.0,111.0,288.0,288.0,288.0,7056.0,82944.0,331776.0,15625.0,82944.0,82944.0,31329.0,31329.0,12321.0,82944.0,82944.0,82944.0,1,1,1,1,1,1,84.0,288.0,576.0,125.0,288.0,288.0,177.0,177.0,111.0,288.0,288.0,288.0,84.0,288.0,576.0,125.0,288.0,288.0,177.0,177.0,111.0,288.0,288.0,288.0,0.2916666666666667,1.0,1.0,0.2170138888888889,1.0,1.0,0.6145833333333334,0.6145833333333334,0.19270833333333334,0.5,1.0,1.0,0.2916666666666667,-1.0,-1.0,-0.2170138888888889,-1.0,-1.0,0.6145833333333334,0.6145833333333334,-0.19270833333333334,-0.5,-1.0,-1.0,SCP,ML,ML,SCP,TIE,TIE,x11 seasonal,HistoricAverage,HistoricAverage,x11 seasonal,,,ML,SCP,SCP,ML,,,HistoricAverage,x11 seasonal,x11 seasonal,HistoricAverage,,,52.54237288135594,38.541666666666664,80.72916666666666,56.59722222222222,0.0,0.0,1152.0,451.0,288.0,-701.0,-864.0,701.0,864.0,181513.0,248832.0,3,233.66666666666666,288.0,245.97628611988867,288.0,0.6085069444444444,0.75,-0.6085069444444444,-0.75,SCP,x11 seasonal,ML,HistoricAverage,18.865740740740744,1152.0,372.0,1395.0,-780.0,243.0,948.0,465.0,421776.0,74979.0,3,316.0,155.0,374.9559974183637,158.09174551506476,0.8229166666666666,0.4036458333333333,-0.6770833333333334,0.2109375,ML,HistoricAverage,SCP,x11 seasonal,50.9493670886076,2304.0,823.0,1683.0,-1481.0,-621.0,1649.0,1329.0,603289.0,323811.0,6,274.8333333333333,221.5,317.0933090853017,232.31121367682618,0.7157118055555556,0.5768229166666666,-0.6427951388888888,-0.26953125,ML,HistoricAverage,SCP,x11 seasonal,19.405700424499706,2026-07-14 13:03:02.206,0,,"
"22441,66,66,10592,1,1181,""LÁMINA INDUSTRIAL, SEMITUBO Y TUBO"",""3478"",""HIJOS DE JUAN PUJANTE, S.A."",José Mateos-Aparicio Martinez,,,,,,average,average,success,,NOT_COMPARABLE_ML_EXCLUDED,1,1,0,0.0,0.0,253.2,0.0,0.0,0.0,0.0,0.0,0.0,72.5,0.0,0.0,,,,,,,,,,,,,,,,,,,,,,,,,,,,,,,,,,,,,,,,,,,,,,,,,,,,,,,,,,,,,,,,,,,,,,,,,,,,,,,,,,,,,,,,,,,,,,,,,,,,,,,,,,,,,,,,,,,,,,,,,,,,,,,,,,,,,,,,,,,,,,,,,,,,,,,,,,,,,,,,,,,,,,,,,,,,,,,,,,,,,,,,,,,,,,,,,,,,2026-07-14 13:03:02.206,1,ShortSeries,NoForecastRowsMaterialized"
"22442,66,66,10592,1,1222,MASCOTAS,""2697"",JUAN FORNES - SUPERMERCADOS MAS Y MAS,Enrique Malonda Escriva,,AutoTheta,smooth_insuficient,smooth_insuficient_insuficient,insuficient,x11 seasonal,x11 seasonal,success,smooth_insuficient,COMPARABLE,1,1,1,60.0,276.0,120.0,216.0,168.0,108.0,122.0,0.0,0.0,163.0,0.0,0.0,169.0,167.0,166.0,157.0,0.0,0.0,62.0,-276.0,-120.0,-53.0,-168.0,-108.0,109.0,-109.0,46.0,-59.0,-168.0,-108.0,62.0,276.0,120.0,53.0,168.0,108.0,109.0,109.0,46.0,59.0,168.0,108.0,3844.0,76176.0,14400.0,2809.0,28224.0,11664.0,11881.0,11881.0,2116.0,3481.0,28224.0,11664.0,1,1,1,1,1,1,62.0,276.0,120.0,53.0,168.0,108.0,109.0,109.0,46.0,59.0,168.0,108.0,62.0,276.0,120.0,53.0,168.0,108.0,109.0,109.0,46.0,59.0,168.0,108.0,1.0333333333333334,1.0,1.0,0.24537037037037038,1.0,1.0,1.8166666666666667,0.39492753623188404,0.38333333333333336,0.27314814814814814,1.0,1.0,1.0333333333333334,-1.0,-1.0,-0.24537037037037038,-1.0,-1.0,1.8166666666666667,-0.39492753623188404,0.38333333333333336,-0.27314814814814814,-1.0,-1.0,SCP,ML,ML,SCP,TIE,TIE,x11 seasonal,AutoTheta,AutoTheta,x11 seasonal,,,ML,SCP,SCP,ML,,,AutoTheta,x11 seasonal,x11 seasonal,AutoTheta,,,43.11926605504586,60.507246376811594,61.66666666666667,10.169491525423723,0.0,0.0,492.0,163.0,157.0,-329.0,-335.0,329.0,335.0,42697.0,43369.0,3,109.66666666666667,111.66666666666667,119.299343390202,120.23449310964526,0.6686991869918699,0.6808943089430894,-0.6686991869918699,-0.6808943089430894,SCP,x11 seasonal,ML,AutoTheta,1.7910447761194044,456.0,122.0,502.0,-334.0,46.0,458.0,264.0,94420.0,25878.0,3,152.66666666666666,88.0,177.4072527641791,92.87626176801045,1.0043859649122806,0.5789473684210527,-0.7324561403508771,0.10087719298245613,ML,AutoTheta,SCP,x11 seasonal,42.35807860262008,948.0,285.0,659.0,-663.0,-289.0,787.0,599.0,137117.0,69247.0,6,131.16666666666666,99.83333333333333,151.17153612149787,107.42982205452388,0.830168776371308,0.6318565400843882,-0.6993670886075949,-0.3048523206751055,ML,AutoTheta,SCP,x11 seasonal,23.888182973316393,2026-07-14 13:03:02.206,0,,"
"22443,66,66,10592,1,1249,MASCOTAS,""3433"",VEGALSA,Enrique Malonda Escriva,,,,,,preserve current forecast,preserve current forecast,success,,NOT_COMPARABLE_MISSING_SCP_AND_ML,1,0,0,0.0,0.0,0.0,0.0,0.0,0.0,,,,,,,,,,,,,,,,,,,,,,,,,,,,,,,,,,,,,,,,,,,,,,,,,,,,,,,,,,,,,,,,,,,,,,,,,,,,,,,,,,,,,,,,,,,,,,,,,,,,,,,,,,,,,,,,,,,,,,,,,,,,,,,,,,,,,,,,,,,,,,,,,,,,,,,,,,,,,,,,,,,,,,,,,,,,,,,,,,,,,,,,,,,,,,,,,,,,,,,,,,2026-07-14 13:03:02.206,1,MissingHistory,NoForecastRowsMaterialized"
"22444,66,66,10592,1,1272,PAPEL ALIMENTARIO,""4154"",CONSUM S COOP V,José Luís Sabater _,,,,,,average,average,success,,NOT_COMPARABLE_ML_EXCLUDED,1,1,0,3200.0,12800.0,8960.0,8320.0,8937.0,6400.0,8205.699999999999,0.0,0.0,0.0,0.0,0.0,,,,,,,,,,,,,,,,,,,,,,,,,,,,,,,,,,,,,,,,,,,,,,,,,,,,,,,,,,,,,,,,,,,,,,,,,,,,,,,,,,,,,,,,,,,,,,,,,,,,,,,,,,,,,,,,,,,,,,,,,,,,,,,,,,,,,,,,,,,,,,,,,,,,,,,,,,,,,,,,,,,,,,,,,,,,,,,,,,,,,,,,,,,,,,,,,,,,2026-07-14 13:03:02.206,1,ShortSeries,NoForecastRowsMaterialized"
"22445,66,66,10592,1,1347,SACO INDUSTRIAL,""56"",FLORETTE HORTICOLA NAVARRA S.L.U.,José Mateos-Aparicio Martinez,,,,,,preserve current forecast,preserve current forecast,success,,NOT_COMPARABLE_ML_EXCLUDED,1,1,0,0.0,0.0,0.0,3.4,0.0,2.8,8.0,0.0,0.0,3.8,0.0,0.0,,,,,,,,,,,,,,,,,,,,,,,,,,,,,,,,,,,,,,,,,,,,,,,,,,,,,,,,,,,,,,,,,,,,,,,,,,,,,,,,,,,,,,,,,,,,,,,,,,,,,,,,,,,,,,,,,,,,,,,,,,,,,,,,,,,,,,,,,,,,,,,,,,,,,,,,,,,,,,,,,,,,,,,,,,,,,,,,,,,,,,,,,,,,,,,,,,,,2026-07-14 13:03:02.206,1,MissingHistory,"
"22446,66,66,10592,1,1399,SACO INDUSTRIAL,""3660"",UVESA,José Mateos-Aparicio Martinez,,MovingAverage3M,intermittent_insuficient,intermittent_insuficient_insuficient,insuficient,syntetos-boylan,syntetos-boylan,success,intermittent_insuficient,NOT_COMPARABLE_MISSING_SCP,1,0,1,0.0,0.0,10.2,0.0,0.0,0.0,,,,,,,0.0,0.0,0.0,0.0,0.0,0.0,,,,,,,,,,,,,,,,,,,,,,,,,,,,,,,,,,,,,,,,,,,,,,,,,,,,,,,,,,,,,,,,,,,,,,,,,,,,,,,,,,,,,,,,,,,,,,,,,,,,,,,,,,,,,,,,,,,,,,,,,,,,,,,,,,,,,,,,,,,,,,,,,,,,,,,,,,,,,,,,,,,,,,,,,,,,,,,,,,,,,,,,,,,,,,2026-07-14 13:03:02.206,0,,NoForecastRowsMaterialized"
"22447,66,66,10592,1,1742,CONSUMIBLES DOMESTICOS,""3747"","""",Manolo PLS Cerrato,,,,,,preserve current forecast,preserve current forecast,success,,NOT_COMPARABLE_MISSING_SCP_AND_ML,1,0,0,0.0,350.0,0.0,0.0,0.0,0.0,,,,,,,,,,,,,,,,,,,,,,,,,,,,,,,,,,,,,,,,,,,,,,,,,,,,,,,,,,,,,,,,,,,,,,,,,,,,,,,,,,,,,,,,,,,,,,,,,,,,,,,,,,,,,,,,,,,,,,,,,,,,,,,,,,,,,,,,,,,,,,,,,,,,,,,,,,,,,,,,,,,,,,,,,,,,,,,,,,,,,,,,,,,,,,,,,,,,,,,,,,2026-07-14 13:03:02.206,1,MissingHistory,NoForecastRowsMaterialized"
"22448,66,66,10592,1,1430,SACO INDUSTRIAL,""3686"",UVESA,José Mateos-Aparicio Martinez,,SeasonalNaive,intermittent_insuficient,intermittent_insuficient_insuficient,insuficient,syntetos-boylan,syntetos-boylan,success,intermittent_insuficient,COMPARABLE,1,1,1,10.6,0.0,18.0,0.0,9.0,0.0,0.0,0.0,0.0,9.0,0.0,0.0,0.0,0.0,0.0,5.6,0.0,0.0,-10.6,0.0,-18.0,9.0,-9.0,0.0,-10.6,0.0,-18.0,5.6,-9.0,0.0,10.6,0.0,18.0,9.0,9.0,0.0,10.6,0.0,18.0,5.6,9.0,0.0,112.36,0.0,324.0,81.0,81.0,0.0,112.36,0.0,324.0,31.359999999999996,81.0,0.0,1,0,1,0,1,0,10.6,,18.0,,9.0,,10.6,,18.0,,9.0,,10.6,,18.0,,9.0,,10.6,,18.0,,9.0,,1.0,,1.0,,1.0,,1.0,,1.0,,1.0,,-1.0,,-1.0,,-1.0,,-1.0,,-1.0,,-1.0,,TIE,,TIE,,TIE,,,,,,,,,,,,,,,,,,,,0.0,,0.0,,0.0,,9.0,9.0,5.6,0.0,-3.4000000000000004,18.0,14.6,162.0,112.36,1,18.0,14.6,12.727922061357855,10.6,2.0,1.6222222222222222,0.0,-0.3777777777777778,ML,SeasonalNaive,SCP,syntetos-boylan,18.88888888888889,28.6,0.0,0.0,-28.6,-28.6,28.6,28.6,436.36,436.36,2,14.3,14.3,14.770917371646219,14.770917371646219,1.0,1.0,-1.0,-1.0,TIE,,,,0.0,37.6,9.0,5.6,-28.6,-32.0,46.6,43.2,598.36,548.72,3,15.533333333333333,14.4,14.122794813114483,13.52429911923966,1.2393617021276595,1.148936170212766,-0.7606382978723404,-0.851063829787234,ML,SeasonalNaive,SCP,syntetos-boylan,7.296137339055781,2026-07-14 13:03:02.206,0,,NoForecastRowsMaterialized"
"22449,66,66,10592,1,1489,SACO INDUSTRIAL,""3703"",UVESA,José Mateos-Aparicio Martinez,,MovingAverage3M,smooth_insuficient,smooth_insuficient_insuficient,insuficient,x11 seasonal,x11 seasonal,success,smooth_insuficient,COMPARABLE,1,1,1,108.0,67.5,0.0,147.15,36.0,101.25,81.99999999999999,0.0,0.0,43.4,0.0,0.0,94.8,94.8,94.8,49.3,0.0,0.0,-26.000000000000014,-67.5,0.0,-103.75,-36.0,-101.25,-13.200000000000003,27.299999999999997,94.8,-97.85000000000001,-36.0,-101.25,26.000000000000014,67.5,0.0,103.75,36.0,101.25,13.200000000000003,27.299999999999997,94.8,97.85000000000001,36.0,101.25,676.0000000000007,4556.25,0.0,10764.0625,1296.0,10251.5625,174.24000000000007,745.2899999999998,8987.039999999999,9574.622500000001,1296.0,10251.5625,1,1,0,1,1,1,26.000000000000014,67.5,,103.75,36.0,101.25,13.200000000000003,27.299999999999997,,97.85000000000001,36.0,101.25,26.000000000000014,67.5,,103.75,36.0,101.25,13.200000000000003,27.299999999999997,,97.85000000000001,36.0,101.25,0.24074074074074087,1.0,,0.7050628610261638,1.0,1.0,0.12222222222222225,0.4044444444444444,,0.6649677200135916,1.0,1.0,-0.24074074074074087,-1.0,,-0.7050628610261638,-1.0,-1.0,-0.12222222222222225,0.4044444444444444,,-0.6649677200135916,-1.0,-1.0,ML,ML,,ML,TIE,TIE,MovingAverage3M,MovingAverage3M,,MovingAverage3M,,,SCP,SCP,,SCP,,,x11 seasonal,x11 seasonal,,x11 seasonal,,,49.23076923076925,59.555555555555564,,5.686746987951802,0.0,0.0,284.4,43.4,49.3,-241.0,-235.10000000000002,241.0,235.10000000000002,22311.625,21122.185,3,80.33333333333333,78.36666666666667,86.23925053786897,83.90904798252292,0.8473980309423348,0.8266526019690578,-0.8473980309423348,-0.8266526019690578,ML,MovingAverage3M,SCP,x11 seasonal,2.4481327800829815,175.5,81.99999999999999,284.4,-93.50000000000001,108.89999999999999,93.50000000000001,135.3,5232.250000000001,9906.569999999998,2,46.75000000000001,67.65,51.148069367279156,70.37957800384994,0.5327635327635328,0.770940170940171,-0.5327635327635328,0.6205128205128204,SCP,x11 seasonal,ML,MovingAverage3M,30.894308943089428,459.9,125.39999999999998,333.7,-334.5,-126.20000000000002,334.5,370.40000000000003,27543.875,31028.755,5,66.9,74.08000000000001,74.22112233050643,78.77658916200929,0.7273320287018917,0.8053924766253534,-0.7273320287018917,-0.274407479886932,SCP,x11 seasonal,ML,MovingAverage3M,9.692224622030244,2026-07-14 13:03:02.206,0,,"
"22450,66,66,10592,1,1548,UNYKOS,""2557"",AHORRAMAS (GRUPO IFA),Enrique Malonda Escriva,,TSB,intermittent_insuficient,intermittent_insuficient_insuficient,insuficient,syntetos-boylan,syntetos-boylan,success,intermittent_insuficient,NOT_COMPARABLE_MISSING_SCP,1,0,1,0.0,0.0,3456.0,2304.0,0.0,0.0,,,,,,,1601.0,1602.0,2817.0,0.0,0.0,0.0,,,,,,,,,,,,,,,,,,,,,,,,,,,,,,,,,,,,,,,,,,,,,,,,,,,,,,,,,,,,,,,,,,,,,,,,,,,,,,,,,,,,,,,,,,,,,,,,,,,,,,,,,,,,,,,,,,,,,,,,,,,,,,,,,,,,,,,,,,,,,,,,,,,,,,,,,,,,,,,,,,,,,,,,,,,,,,,,,,,,,,,,,,,,,,2026-07-14 13:03:02.206,0,,NoForecastRowsMaterialized"
"22451,66,66,10592,1,1564,UNYKOS,""2561"",LIDER ALIMENT,Enrique Malonda Escriva,,,,,,preserve current forecast,preserve current forecast,success,,NOT_COMPARABLE_MISSING_SCP_AND_ML,1,0,0,0.0,0.0,0.0,0.0,0.0,0.0,,,,,,,,,,,,,,,,,,,,,,,,,,,,,,,,,,,,,,,,,,,,,,,,,,,,,,,,,,,,,,,,,,,,,,,,,,,,,,,,,,,,,,,,,,,,,,,,,,,,,,,,,,,,,,,,,,,,,,,,,,,,,,,,,,,,,,,,,,,,,,,,,,,,,,,,,,,,,,,,,,,,,,,,,,,,,,,,,,,,,,,,,,,,,,,,,,,,,,,,,,2026-07-14 13:03:02.206,1,MissingHistory,NoForecastRowsMaterialized"
"22452,66,66,10592,1,1598,UNYKOS,""2606"",""TRANSGOURMET IBERICA S.A. -GM FOOD IBERICA, S.A.U."",Enrique Malonda Escriva,,,,,,preserve current forecast,preserve current forecast,success,,NOT_COMPARABLE_ML_EXCLUDED,1,1,0,0.0,0.0,0.0,0.0,0.0,8064.0,1344.0,1344.0,1344.0,0.0,0.0,0.0,,,,,,,,,,,,,,,,,,,,,,,,,,,,,,,,,,,,,,,,,,,,,,,,,,,,,,,,,,,,,,,,,,,,,,,,,,,,,,,,,,,,,,,,,,,,,,,,,,,,,,,,,,,,,,,,,,,,,,,,,,,,,,,,,,,,,,,,,,,,,,,,,,,,,,,,,,,,,,,,,,,,,,,,,,,,,,,,,,,,,,,,,,,,,,,,,,,,2026-07-14 13:03:02.206,1,MissingHistory,NoForecastRowsMaterialized"
"22453,66,66,10592,1,1600,UNYKOS,""2606"",VEGALSA,Enrique Malonda Escriva,,,,,,preserve current forecast,preserve current forecast,success,,NOT_COMPARABLE_MISSING_SCP_AND_ML,1,0,0,0.0,0.0,0.0,0.0,0.0,0.0,,,,,,,,,,,,,,,,,,,,,,,,,,,,,,,,,,,,,,,,,,,,,,,,,,,,,,,,,,,,,,,,,,,,,,,,,,,,,,,,,,,,,,,,,,,,,,,,,,,,,,,,,,,,,,,,,,,,,,,,,,,,,,,,,,,,,,,,,,,,,,,,,,,,,,,,,,,,,,,,,,,,,,,,,,,,,,,,,,,,,,,,,,,,,,,,,,,,,,,,,,2026-07-14 13:03:02.206,1,MissingHistory,NoForecastRowsMaterialized"
"22454,66,66,10592,1,1630,CONSUMIBLES DOMESTICOS,""3754"","""",Manolo PLS Cerrato,,,,,,average,average,success,,NOT_COMPARABLE_MISSING_SCP_AND_ML,1,0,0,0.0,240.0,1104.0,0.0,0.0,0.0,,,,,,,,,,,,,,,,,,,,,,,,,,,,,,,,,,,,,,,,,,,,,,,,,,,,,,,,,,,,,,,,,,,,,,,,,,,,,,,,,,,,,,,,,,,,,,,,,,,,,,,,,,,,,,,,,,,,,,,,,,,,,,,,,,,,,,,,,,,,,,,,,,,,,,,,,,,,,,,,,,,,,,,,,,,,,,,,,,,,,,,,,,,,,,,,,,,,,,,,,,2026-07-14 13:03:02.206,1,ShortSeries,NoForecastRowsMaterialized"
"22455,66,66,10592,1,1698,CONSUMIBLES DOMESTICOS,""2681"",CASALMA S.L,Enrique Malonda Escriva,,,,,,preserve current forecast,preserve current forecast,success,,NOT_COMPARABLE_MISSING_SCP_AND_ML,1,0,0,0.0,400.0,0.0,0.0,0.0,0.0,,,,,,,,,,,,,,,,,,,,,,,,,,,,,,,,,,,,,,,,,,,,,,,,,,,,,,,,,,,,,,,,,,,,,,,,,,,,,,,,,,,,,,,,,,,,,,,,,,,,,,,,,,,,,,,,,,,,,,,,,,,,,,,,,,,,,,,,,,,,,,,,,,,,,,,,,,,,,,,,,,,,,,,,,,,,,,,,,,,,,,,,,,,,,,,,,,,,,,,,,,2026-07-14 13:03:02.206,1,MissingHistory,NoForecastRowsMaterialized"
"22456,66,66,10592,1,2350,SACO INDUSTRIAL,""26"",""IMPORTADORA TUDELANA, S.A. (IMPOTUSA) - BP"",José Mateos-Aparicio Martinez,,,,,,preserve current forecast,preserve current forecast,success,,NOT_COMPARABLE_MISSING_SCP_AND_ML,1,0,0,0.0,0.0,0.0,0.0,0.0,0.0,,,,,,,,,,,,,,,,,,,,,,,,,,,,,,,,,,,,,,,,,,,,,,,,,,,,,,,,,,,,,,,,,,,,,,,,,,,,,,,,,,,,,,,,,,,,,,,,,,,,,,,,,,,,,,,,,,,,,,,,,,,,,,,,,,,,,,,,,,,,,,,,,,,,,,,,,,,,,,,,,,,,,,,,,,,,,,,,,,,,,,,,,,,,,,,,,,,,,,,,,,2026-07-14 13:03:02.206,1,MissingHistory,NoForecastRowsMaterialized"
"22457,66,66,10592,1,1232,MASCOTAS,""2736"",CONSUM S COOP V,José Luís Sabater _,,MovingAverage3M,smooth_insuficient,smooth_insuficient_insuficient,insuficient,x11 lineal,x11 lineal,success,smooth_insuficient,COMPARABLE,1,1,1,32912.0,29920.0,35904.0,35904.0,29920.0,34320.0,30892.0,0.0,0.0,28012.0,0.0,0.0,33382.0,33381.0,33382.0,33264.0,0.0,0.0,-2020.0,-29920.0,-35904.0,-7892.0,-29920.0,-34320.0,470.0,3461.0,-2522.0,-2640.0,-29920.0,-34320.0,2020.0,29920.0,35904.0,7892.0,29920.0,34320.0,470.0,3461.0,2522.0,2640.0,29920.0,34320.0,4080400.0,895206400,1289097216,62283664,895206400,1177862400,220900.0,11978521,6360484.0,6969600.0,895206400,1177862400,1,1,1,1,1,1,2020.0,29920.0,35904.0,7892.0,29920.0,34320.0,470.0,3461.0,2522.0,2640.0,29920.0,34320.0,2020.0,29920.0,35904.0,7892.0,29920.0,34320.0,470.0,3461.0,2522.0,2640.0,29920.0,34320.0,0.06137578998541565,1.0,1.0,0.2198083778966132,1.0,1.0,0.014280505590666018,0.11567513368983957,0.07024286987522281,0.07352941176470588,1.0,1.0,-0.06137578998541565,-1.0,-1.0,-0.2198083778966132,-1.0,-1.0,0.014280505590666018,0.11567513368983957,-0.07024286987522281,-0.07352941176470588,-1.0,-1.0,ML,ML,ML,ML,TIE,TIE,MovingAverage3M,MovingAverage3M,MovingAverage3M,MovingAverage3M,,,SCP,SCP,SCP,SCP,,,x11 lineal,x11 lineal,x11 lineal,x11 lineal,,,76.73267326732673,88.43248663101603,92.97571301247773,66.54840344652814,0.0,0.0,100144.0,28012.0,33264.0,-72132.0,-66880.0,72132.0,66880.0,2135352464,2080038400,3,24044.0,22293.333333333332,26679.283248743144,26331.46660050164,0.7202827927783991,0.6678383128295254,-0.7202827927783991,-0.6678383128295254,ML,MovingAverage3M,SCP,x11 lineal,7.281095768868195,98736.0,30892.0,100145.0,-67844.0,1409.0,67844.0,6453.0,2188384016,18559905,3,22614.666666666668,2151.0,27008.54195743759,2487.2947151473627,0.6871252633284719,0.0653561011181332,-0.6871252633284719,0.01427037757251661,ML,MovingAverage3M,SCP,x11 lineal,90.48847355698368,198880.0,58904.0,133409.0,-139976.0,-65471.0,139976.0,73333.0,4323736480,2098598305,6,23329.333333333332,12222.166666666666,26844.417420884118,18702.04224587964,0.703821399839099,0.36872988736926793,-0.703821399839099,-0.3291985116653258,ML,MovingAverage3M,SCP,x11 lineal,47.61030462364977,2026-07-14 13:03:02.206,0,,"
"22458,66,66,10592,1,1282,SACO INDUSTRIAL,""25"",FLORETTE HORTICOLA NAVARRA S.L.U.,José Mateos-Aparicio Martinez,,,,,,preserve current forecast,preserve current forecast,success,,NOT_COMPARABLE_ML_EXCLUDED,1,1,0,0.0,0.0,0.0,3.0,0.0,0.0,0.0,0.0,0.0,6.700000000000001,0.0,0.0,,,,,,,,,,,,,,,,,,,,,,,,,,,,,,,,,,,,,,,,,,,,,,,,,,,,,,,,,,,,,,,,,,,,,,,,,,,,,,,,,,,,,,,,,,,,,,,,,,,,,,,,,,,,,,,,,,,,,,,,,,,,,,,,,,,,,,,,,,,,,,,,,,,,,,,,,,,,,,,,,,,,,,,,,,,,,,,,,,,,,,,,,,,,,,,,,,,,2026-07-14 13:03:02.206,1,MissingHistory,NoForecastRowsMaterialized"
"22459,66,66,10592,1,1291,SACO INDUSTRIAL,""26"",FLORETTE MURCIA S.L.U.,José Mateos-Aparicio Martinez,,HistoricAverage,smooth_insuficient,smooth_insuficient_insuficient,insuficient,x11 seasonal,x11 seasonal,success,smooth_insuficient,COMPARABLE,1,1,1,3.45,10.350000000000001,1.5,8.4,3.45,3.45,6.0,0.0,0.0,5.7,0.0,0.0,6.2,6.1,6.2,6.2,0.0,0.0,2.55,-10.350000000000001,-1.5,-2.7,-3.45,-3.45,2.75,-4.250000000000002,4.7,-2.2,-3.45,-3.45,2.55,10.350000000000001,1.5,2.7,3.45,3.45,2.75,4.250000000000002,4.7,2.2,3.45,3.45,6.5024999999999995,107.12250000000003,2.25,7.290000000000001,11.902500000000002,11.902500000000002,7.5625,18.062500000000014,22.090000000000003,4.840000000000001,11.902500000000002,11.902500000000002,1,1,1,1,1,1,2.55,10.350000000000001,1.5,2.7,3.45,3.45,2.75,4.250000000000002,4.7,2.2,3.45,3.45,2.55,10.350000000000001,1.5,2.7,3.45,3.45,2.75,4.250000000000002,4.7,2.2,3.45,3.45,0.7391304347826086,1.0,1.0,0.32142857142857145,1.0,1.0,0.7971014492753623,0.4106280193236716,3.1333333333333333,0.2619047619047619,1.0,1.0,0.7391304347826086,-1.0,-1.0,-0.32142857142857145,-1.0,-1.0,0.7971014492753623,-0.4106280193236716,3.1333333333333333,-0.2619047619047619,-1.0,-1.0,SCP,ML,SCP,ML,TIE,TIE,x11 seasonal,HistoricAverage,x11 seasonal,HistoricAverage,,,ML,SCP,ML,SCP,,,HistoricAverage,x11 seasonal,HistoricAverage,x11 seasonal,,,7.272727272727278,58.93719806763285,68.08510638297872,18.51851851851852,0.0,0.0,15.3,5.7,6.2,-9.600000000000001,-9.100000000000001,9.600000000000001,9.100000000000001,31.095000000000006,28.645000000000003,3,3.2000000000000006,3.0333333333333337,3.21947200640105,3.0900377559721393,0.627450980392157,0.5947712418300655,-0.627450980392157,-0.5947712418300655,ML,HistoricAverage,SCP,x11 seasonal,5.208333333333331,15.3,6.0,18.5,-9.3,3.1999999999999984,14.400000000000002,11.700000000000003,115.87500000000003,47.71500000000002,3,4.800000000000001,3.900000000000001,6.214901447328027,3.9881073205218547,0.9411764705882354,0.7647058823529413,-0.607843137254902,0.20915032679738552,ML,HistoricAverage,SCP,x11 seasonal,18.749999999999993,30.6,11.7,24.7,-18.9,-5.900000000000002,24.0,20.8,146.97000000000003,76.36000000000003,6,4.0,3.466666666666667,4.949242366261729,3.567445397853578,0.7843137254901961,0.6797385620915033,-0.6176470588235293,-0.19281045751633993,ML,HistoricAverage,SCP,x11 seasonal,13.333333333333327,2026-07-14 13:03:02.206,0,,"
"22460,66,66,10592,1,1307,SACO INDUSTRIAL,""34"",UVESA,José Mateos-Aparicio Martinez,,,,,,preserve current forecast,preserve current forecast,success,,NOT_COMPARABLE_MISSING_SCP_AND_ML,1,0,0,0.0,0.0,0.0,0.0,24.0,0.0,,,,,,,,,,,,,,,,,,,,,,,,,,,,,,,,,,,,,,,,,,,,,,,,,,,,,,,,,,,,,,,,,,,,,,,,,,,,,,,,,,,,,,,,,,,,,,,,,,,,,,,,,,,,,,,,,,,,,,,,,,,,,,,,,,,,,,,,,,,,,,,,,,,,,,,,,,,,,,,,,,,,,,,,,,,,,,,,,,,,,,,,,,,,,,,,,,,,,,,,,,2026-07-14 13:03:02.206,1,MissingHistory,NoForecastRowsMaterialized"
"22461,66,66,10592,1,1441,SACO INDUSTRIAL,""3692"",PAYAN HERMANOS,José Mateos-Aparicio Martinez,,MovingAverage12M,intermittent_insuficient,intermittent_insuficient_insuficient,insuficient,syntetos-boylan,syntetos-boylan,success,intermittent_insuficient,NOT_COMPARABLE_MISSING_SCP,1,0,1,0.0,7.5,0.0,0.0,0.0,7.5,,,,,,,3.0999999999999996,0.0,1.6,3.7,0.0,0.0,,,,,,,,,,,,,,,,,,,,,,,,,,,,,,,,,,,,,,,,,,,,,,,,,,,,,,,,,,,,,,,,,,,,,,,,,,,,,,,,,,,,,,,,,,,,,,,,,,,,,,,,,,,,,,,,,,,,,,,,,,,,,,,,,,,,,,,,,,,,,,,,,,,,,,,,,,,,,,,,,,,,,,,,,,,,,,,,,,,,,,,,,,,,,,2026-07-14 13:03:02.206,0,,NoForecastRowsMaterialized"
"22462,66,66,10592,1,1482,SACO INDUSTRIAL,""3702"",CORP. ALIMENTARIA GUISSONA,Enrique Malonda Escriva,,,,,,preserve current forecast,preserve current forecast,success,,NOT_COMPARABLE_ML_EXCLUDED,1,1,0,0.0,0.0,0.0,16.5,0.0,0.0,16.5,0.0,0.0,0.0,0.0,0.0,,,,,,,,,,,,,,,,,,,,,,,,,,,,,,,,,,,,,,,,,,,,,,,,,,,,,,,,,,,,,,,,,,,,,,,,,,,,,,,,,,,,,,,,,,,,,,,,,,,,,,,,,,,,,,,,,,,,,,,,,,,,,,,,,,,,,,,,,,,,,,,,,,,,,,,,,,,,,,,,,,,,,,,,,,,,,,,,,,,,,,,,,,,,,,,,,,,,2026-07-14 13:03:02.206,1,MissingHistory,NoForecastRowsMaterialized"
"22463,66,66,10592,1,1550,UNYKOS,""2557"",JUAN FORNES - SUPERMERCADOS MAS Y MAS,Enrique Malonda Escriva,,,,,,preserve current forecast,preserve current forecast,success,,NOT_COMPARABLE_MISSING_SCP_AND_ML,1,0,0,0.0,0.0,0.0,0.0,0.0,0.0,,,,,,,,,,,,,,,,,,,,,,,,,,,,,,,,,,,,,,,,,,,,,,,,,,,,,,,,,,,,,,,,,,,,,,,,,,,,,,,,,,,,,,,,,,,,,,,,,,,,,,,,,,,,,,,,,,,,,,,,,,,,,,,,,,,,,,,,,,,,,,,,,,,,,,,,,,,,,,,,,,,,,,,,,,,,,,,,,,,,,,,,,,,,,,,,,,,,,,,,,,2026-07-14 13:03:02.206,1,MissingHistory,NoForecastRowsMaterialized"
"22464,66,66,10592,1,1757,CONSUMIBLES DOMESTICOS,""5915"",CONSUM S COOP V,José Luís Sabater _,,SeasonalNaive,smooth_insuficient,smooth_insuficient_insuficient,insuficient,x11 seasonal,x11 seasonal,success,smooth_insuficient,COMPARABLE,1,1,1,33088.0,41664.0,57792.0,51072.0,41664.0,44352.0,42355.0,0.0,0.0,0.0,0.0,0.0,49728.0,55104.0,62496.0,56896.0,0.0,0.0,9267.0,-41664.0,-57792.0,-51072.0,-41664.0,-44352.0,16640.0,13440.0,4704.0,5824.0,-41664.0,-44352.0,9267.0,41664.0,57792.0,51072.0,41664.0,44352.0,16640.0,13440.0,4704.0,5824.0,41664.0,44352.0,85877289,1735888896,3339915264,2608349184,1735888896,1967099904,276889600,180633600,22127616,33918976,1735888896,1967099904,1,1,1,1,1,1,9267.0,41664.0,57792.0,51072.0,41664.0,44352.0,16640.0,13440.0,4704.0,5824.0,41664.0,44352.0,9267.0,41664.0,57792.0,51072.0,41664.0,44352.0,16640.0,13440.0,4704.0,5824.0,41664.0,44352.0,0.2800713249516441,1.0,1.0,1.0,1.0,1.0,0.5029013539651838,0.3225806451612903,0.08139534883720931,0.11403508771929824,1.0,1.0,0.2800713249516441,-1.0,-1.0,-1.0,-1.0,-1.0,0.5029013539651838,0.3225806451612903,0.08139534883720931,0.11403508771929824,-1.0,-1.0,SCP,ML,ML,ML,TIE,TIE,x11 seasonal,SeasonalNaive,SeasonalNaive,SeasonalNaive,,,ML,SCP,SCP,SCP,,,SeasonalNaive,x11 seasonal,x11 seasonal,x11 seasonal,,,44.30889423076923,67.74193548387098,91.86046511627907,88.59649122807018,0.0,0.0,137088.0,0.0,56896.0,-137088.0,-80192.0,137088.0,91840.0,6311337984,3736907776,3,45696.0,30613.333333333332,45866.97426253447,35293.567761467995,1.0,0.6699346405228758,-1.0,-0.5849673202614379,ML,SeasonalNaive,SCP,x11 seasonal,33.00653594771242,132544.0,42355.0,167328.0,-90189.0,34784.0,108723.0,34784.0,5161681449,479650816,3,36241.0,11594.666666666666,41479.63937885671,12644.508900441066,0.8202785490101401,0.2624336069531627,-0.6804457387735393,0.2624336069531627,ML,SeasonalNaive,SCP,x11 seasonal,68.0067694967946,269632.0,42355.0,224224.0,-227277.0,-45408.0,245811.0,126624.0,11473019433,4216558592,6,40968.5,21104.0,43728.36499916273,26509.61646899731,0.9116536612864942,0.46961784951341085,-0.842915529314028,-0.16840731070496084,ML,SeasonalNaive,SCP,x11 seasonal,48.4872524012351,2026-07-14 13:03:02.206,0,,NoForecastRowsMaterialized"
"22465,66,66,10592,1,2375,CONSUMIBLES DOMESTICOS,""3456"",ALDI SAGUNTO SUPERMERCADOS S.L.U - BP,ENRIQUE MALONDA ESCRIVA,,,,,,preserve current forecast,preserve current forecast,success,,NOT_COMPARABLE_MISSING_SCP_AND_ML,1,0,0,0.0,0.0,0.0,0.0,0.0,0.0,,,,,,,,,,,,,,,,,,,,,,,,,,,,,,,,,,,,,,,,,,,,,,,,,,,,,,,,,,,,,,,,,,,,,,,,,,,,,,,,,,,,,,,,,,,,,,,,,,,,,,,,,,,,,,,,,,,,,,,,,,,,,,,,,,,,,,,,,,,,,,,,,,,,,,,,,,,,,,,,,,,,,,,,,,,,,,,,,,,,,,,,,,,,,,,,,,,,,,,,,,2026-07-14 13:03:02.206,1,MissingHistory,NoForecastRowsMaterialized"
"22466,66,66,10592,1,438,CONSUMIBLES DOMESTICOS,""2767"",""BON PREU, S.A.U."",Enrique Malonda Escriva,,AutoTheta,smooth_insuficient,smooth_insuficient_insuficient,insuficient,x11 lineal,x11 lineal,success,smooth_insuficient,COMPARABLE,1,1,1,5040.0,10080.0,8400.0,11760.0,8400.0,8400.0,10196.0,0.0,0.0,9224.0,0.0,0.0,10548.0,10403.0,10255.0,10080.0,0.0,0.0,5156.0,-10080.0,-8400.0,-2536.0,-8400.0,-8400.0,5508.0,323.0,1855.0,-1680.0,-8400.0,-8400.0,5156.0,10080.0,8400.0,2536.0,8400.0,8400.0,5508.0,323.0,1855.0,1680.0,8400.0,8400.0,26584336,101606400,70560000,6431296.0,70560000,70560000,30338064,104329.0,3441025.0,2822400.0,70560000,70560000,1,1,1,1,1,1,5156.0,10080.0,8400.0,2536.0,8400.0,8400.0,5508.0,323.0,1855.0,1680.0,8400.0,8400.0,5156.0,10080.0,8400.0,2536.0,8400.0,8400.0,5508.0,323.0,1855.0,1680.0,8400.0,8400.0,1.023015873015873,1.0,1.0,0.21564625850340136,1.0,1.0,1.0928571428571427,0.03204365079365079,0.22083333333333333,0.14285714285714285,1.0,1.0,1.023015873015873,-1.0,-1.0,-0.21564625850340136,-1.0,-1.0,1.0928571428571427,0.03204365079365079,0.22083333333333333,-0.14285714285714285,-1.0,-1.0,SCP,ML,ML,ML,TIE,TIE,x11 lineal,AutoTheta,AutoTheta,AutoTheta,,,ML,SCP,SCP,SCP,,,AutoTheta,x11 lineal,x11 lineal,x11 lineal,,,6.390704429920115,96.79563492063492,77.91666666666667,33.753943217665615,0.0,0.0,28560.0,9224.0,10080.0,-19336.0,-18480.0,19336.0,18480.0,147551296,143942400,3,6445.333333333333,6160.0,7013.113811520054,6926.817451037669,0.67703081232493,0.6470588235294118,-0.67703081232493,-0.6470588235294118,ML,AutoTheta,SCP,x11 lineal,4.4269755895738525,23520.0,10196.0,31206.0,-13324.0,7686.0,23636.0,7686.0,198750736,33883418,3,7878.666666666667,2562.0,8139.425368742767,3360.7250209838153,1.0049319727891157,0.3267857142857143,-0.5664965986394558,0.3267857142857143,ML,AutoTheta,SCP,x11 lineal,67.48180741242173,52080.0,19420.0,41286.0,-32660.0,-10794.0,42972.0,26166.0,346302032,177825818,6,7162.0,4361.0,7597.170876933948,5444.045952536893,0.8251152073732719,0.5024193548387097,-0.6271121351766513,-0.20725806451612902,ML,AutoTheta,SCP,x11 lineal,39.109187377827425,2026-07-14 13:03:02.206,0,,"
"22467,66,66,10592,1,513,CONSUMIBLES DOMESTICOS,""2814"",HIPER USERA S.L,Enrique Malonda Escriva,,,,,,preserve current forecast,preserve current forecast,success,,NOT_COMPARABLE_MISSING_SCP_AND_ML,1,0,0,0.0,0.0,0.0,0.0,0.0,0.0,,,,,,,,,,,,,,,,,,,,,,,,,,,,,,,,,,,,,,,,,,,,,,,,,,,,,,,,,,,,,,,,,,,,,,,,,,,,,,,,,,,,,,,,,,,,,,,,,,,,,,,,,,,,,,,,,,,,,,,,,,,,,,,,,,,,,,,,,,,,,,,,,,,,,,,,,,,,,,,,,,,,,,,,,,,,,,,,,,,,,,,,,,,,,,,,,,,,,,,,,,2026-07-14 13:03:02.206,1,MissingHistory,NoForecastRowsMaterialized"
"22468,66,66,10592,1,554,CONSUMIBLES DOMESTICOS,""2829"",""CENTROS COMERCIALES CARREFOUR, S.A."",Enrique Malonda Escriva,,,,,,preserve current forecast,preserve current forecast,success,,NOT_COMPARABLE_MISSING_SCP_AND_ML,1,0,0,0.0,0.0,0.0,0.0,0.0,0.0,,,,,,,,,,,,,,,,,,,,,,,,,,,,,,,,,,,,,,,,,,,,,,,,,,,,,,,,,,,,,,,,,,,,,,,,,,,,,,,,,,,,,,,,,,,,,,,,,,,,,,,,,,,,,,,,,,,,,,,,,,,,,,,,,,,,,,,,,,,,,,,,,,,,,,,,,,,,,,,,,,,,,,,,,,,,,,,,,,,,,,,,,,,,,,,,,,,,,,,,,,2026-07-14 13:03:02.206,1,MissingHistory,NoForecastRowsMaterialized"
"22469,66,66,10592,1,563,CONSUMIBLES DOMESTICOS,""2832"",BUBBLES BIDCO SPAIN SL (ACQUA & SAPONE)A,Enrique Malonda Escriva,,,,,,average,average,success,,NOT_COMPARABLE_ML_EXCLUDED,1,1,0,120.0,0.0,45.0,150.0,0.0,0.0,150.0,0.0,0.0,0.0,0.0,0.0,,,,,,,,,,,,,,,,,,,,,,,,,,,,,,,,,,,,,,,,,,,,,,,,,,,,,,,,,,,,,,,,,,,,,,,,,,,,,,,,,,,,,,,,,,,,,,,,,,,,,,,,,,,,,,,,,,,,,,,,,,,,,,,,,,,,,,,,,,,,,,,,,,,,,,,,,,,,,,,,,,,,,,,,,,,,,,,,,,,,,,,,,,,,,,,,,,,,2026-07-14 13:03:02.206,1,ShortSeries,NoForecastRowsMaterialized"
"22470,66,66,10592,1,579,CONSUMIBLES DOMESTICOS,""2832"",""IFA RETAIL, S.A."",Enrique Malonda Escriva,,,,,,preserve current forecast,preserve current forecast,success,,NOT_COMPARABLE_MISSING_SCP_AND_ML,1,0,0,0.0,0.0,0.0,0.0,0.0,0.0,,,,,,,,,,,,,,,,,,,,,,,,,,,,,,,,,,,,,,,,,,,,,,,,,,,,,,,,,,,,,,,,,,,,,,,,,,,,,,,,,,,,,,,,,,,,,,,,,,,,,,,,,,,,,,,,,,,,,,,,,,,,,,,,,,,,,,,,,,,,,,,,,,,,,,,,,,,,,,,,,,,,,,,,,,,,,,,,,,,,,,,,,,,,,,,,,,,,,,,,,,2026-07-14 13:03:02.206,1,MissingHistory,NoForecastRowsMaterialized"
"22471,66,66,10592,1,688,CONSUMIBLES DOMESTICOS,""3408"",FLORETTE HORTICOLA NAVARRA S.L.U.,José Mateos-Aparicio Martinez,,,,,,average,average,success,,NOT_COMPARABLE_MISSING_SCP_AND_ML,1,0,0,240.0,0.0,0.0,0.0,0.0,0.0,,,,,,,,,,,,,,,,,,,,,,,,,,,,,,,,,,,,,,,,,,,,,,,,,,,,,,,,,,,,,,,,,,,,,,,,,,,,,,,,,,,,,,,,,,,,,,,,,,,,,,,,,,,,,,,,,,,,,,,,,,,,,,,,,,,,,,,,,,,,,,,,,,,,,,,,,,,,,,,,,,,,,,,,,,,,,,,,,,,,,,,,,,,,,,,,,,,,,,,,,,2026-07-14 13:03:02.206,1,ShortSeries,NoForecastRowsMaterialized"
"22472,66,66,10592,1,731,CONSUMIBLES DOMESTICOS,""3414"",SUPER DEZA,Enrique Malonda Escriva,,,,,,preserve current forecast,preserve current forecast,success,,NOT_COMPARABLE_MISSING_SCP_AND_ML,1,0,0,0.0,0.0,0.0,0.0,0.0,0.0,,,,,,,,,,,,,,,,,,,,,,,,,,,,,,,,,,,,,,,,,,,,,,,,,,,,,,,,,,,,,,,,,,,,,,,,,,,,,,,,,,,,,,,,,,,,,,,,,,,,,,,,,,,,,,,,,,,,,,,,,,,,,,,,,,,,,,,,,,,,,,,,,,,,,,,,,,,,,,,,,,,,,,,,,,,,,,,,,,,,,,,,,,,,,,,,,,,,,,,,,,2026-07-14 13:03:02.206,1,MissingHistory,NoForecastRowsMaterialized"
"22473,66,66,10592,1,786,CONSUMIBLES DOMESTICOS,""3450"",BUBBLES BIDCO SPAIN SL (ACQUA & SAPONE)A,Enrique Malonda Escriva,,,,,,preserve current forecast,preserve current forecast,success,,NOT_COMPARABLE_MISSING_SCP_AND_ML,1,0,0,0.0,0.0,0.0,0.0,0.0,0.0,,,,,,,,,,,,,,,,,,,,,,,,,,,,,,,,,,,,,,,,,,,,,,,,,,,,,,,,,,,,,,,,,,,,,,,,,,,,,,,,,,,,,,,,,,,,,,,,,,,,,,,,,,,,,,,,,,,,,,,,,,,,,,,,,,,,,,,,,,,,,,,,,,,,,,,,,,,,,,,,,,,,,,,,,,,,,,,,,,,,,,,,,,,,,,,,,,,,,,,,,,2026-07-14 13:03:02.206,1,MissingHistory,NoForecastRowsMaterialized"
"22474,66,66,10592,1,845,CONSUMIBLES DOMESTICOS,""3456"",CONSUM S COOP V,José Luís Sabater _,,,,,,average,average,success,,NOT_COMPARABLE_ML_EXCLUDED,1,1,0,11592.0,11088.0,10080.0,13104.0,12096.0,17640.0,10735.0,0.0,0.0,6899.0,0.0,0.0,,,,,,,,,,,,,,,,,,,,,,,,,,,,,,,,,,,,,,,,,,,,,,,,,,,,,,,,,,,,,,,,,,,,,,,,,,,,,,,,,,,,,,,,,,,,,,,,,,,,,,,,,,,,,,,,,,,,,,,,,,,,,,,,,,,,,,,,,,,,,,,,,,,,,,,,,,,,,,,,,,,,,,,,,,,,,,,,,,,,,,,,,,,,,,,,,,,,2026-07-14 13:03:02.206,1,ShortSeries,"
"22475,66,66,10592,1,1541,UNYKOS,""2537"",HNOS MARTIN,Enrique Malonda Escriva,,,,,,preserve current forecast,preserve current forecast,success,,NOT_COMPARABLE_ML_EXCLUDED,1,1,0,0.0,0.0,0.0,0.0,23520.0,16800.0,3206.0,3440.0,4805.0,1806.0,9645.0,14126.0,,,,,,,,,,,,,,,,,,,,,,,,,,,,,,,,,,,,,,,,,,,,,,,,,,,,,,,,,,,,,,,,,,,,,,,,,,,,,,,,,,,,,,,,,,,,,,,,,,,,,,,,,,,,,,,,,,,,,,,,,,,,,,,,,,,,,,,,,,,,,,,,,,,,,,,,,,,,,,,,,,,,,,,,,,,,,,,,,,,,,,,,,,,,,,,,,,,,2026-07-14 13:03:02.206,1,MissingHistory,"
"22476,66,66,10592,1,1555,UNYKOS,""2560"",CONSUM S COOP V,José Luís Sabater _,,HistoricAverage,smooth_insuficient,smooth_insuficient_insuficient,insuficient,x11 seasonal,x11 seasonal,success,smooth_insuficient,COMPARABLE,1,1,1,4200.0,3150.0,3570.0,6510.0,5250.0,2730.0,3837.0,0.0,0.0,2942.0,0.0,0.0,3901.0,3901.0,3902.0,2310.0,0.0,0.0,-363.0,-3150.0,-3570.0,-3568.0,-5250.0,-2730.0,-299.0,751.0,332.0,-4200.0,-5250.0,-2730.0,363.0,3150.0,3570.0,3568.0,5250.0,2730.0,299.0,751.0,332.0,4200.0,5250.0,2730.0,131769.0,9922500.0,12744900,12730624,27562500,7452900.0,89401.0,564001.0,110224.0,17640000,27562500,7452900.0,1,1,1,1,1,1,363.0,3150.0,3570.0,3568.0,5250.0,2730.0,299.0,751.0,332.0,4200.0,5250.0,2730.0,363.0,3150.0,3570.0,3568.0,5250.0,2730.0,299.0,751.0,332.0,4200.0,5250.0,2730.0,0.08642857142857142,1.0,1.0,0.5480798771121351,1.0,1.0,0.07119047619047619,0.2384126984126984,0.09299719887955182,0.6451612903225806,1.0,1.0,-0.08642857142857142,-1.0,-1.0,-0.5480798771121351,-1.0,-1.0,-0.07119047619047619,0.2384126984126984,0.09299719887955182,-0.6451612903225806,-1.0,-1.0,ML,ML,ML,SCP,TIE,TIE,HistoricAverage,HistoricAverage,HistoricAverage,x11 seasonal,,,SCP,SCP,SCP,ML,,,x11 seasonal,x11 seasonal,x11 seasonal,HistoricAverage,,,17.63085399449035,76.15873015873017,90.70028011204482,15.047619047619055,0.0,0.0,14490.0,2942.0,2310.0,-11548.0,-12180.0,11548.0,12180.0,47746024,52655400,3,3849.3333333333335,4060.0,3989.4036312879316,4189.4868420846005,0.7969634230503796,0.8405797101449275,-0.7969634230503796,-0.8405797101449275,SCP,x11 seasonal,ML,HistoricAverage,5.1888341543513885,10920.0,3837.0,11704.0,-7083.0,784.0,7083.0,1382.0,22799169,763626.0,3,2361.0,460.6666666666667,2756.759510729944,504.52155553553905,0.6486263736263737,0.12655677655677655,-0.6486263736263737,0.07179487179487179,ML,HistoricAverage,SCP,x11 seasonal,80.4884935761683,25410.0,6779.0,14014.0,-18631.0,-11396.0,18631.0,13562.0,70545193,53419026,6,3105.1666666666665,2260.3333333333335,3428.92580361061,2983.8181915123446,0.7332152695789059,0.5337268791814246,-0.7332152695789059,-0.4484848484848485,ML,HistoricAverage,SCP,x11 seasonal,27.20734260104128,2026-07-14 13:03:02.206,0,,"
"22477,66,66,10592,1,1589,UNYKOS,""2574"",""DIA RETAIL ESPAÑA, S.A."",Enrique Malonda Escriva,,,,,,preserve current forecast,preserve current forecast,success,,NOT_COMPARABLE_MISSING_SCP_AND_ML,1,0,0,0.0,0.0,0.0,0.0,0.0,0.0,,,,,,,,,,,,,,,,,,,,,,,,,,,,,,,,,,,,,,,,,,,,,,,,,,,,,,,,,,,,,,,,,,,,,,,,,,,,,,,,,,,,,,,,,,,,,,,,,,,,,,,,,,,,,,,,,,,,,,,,,,,,,,,,,,,,,,,,,,,,,,,,,,,,,,,,,,,,,,,,,,,,,,,,,,,,,,,,,,,,,,,,,,,,,,,,,,,,,,,,,,2026-07-14 13:03:02.206,1,MissingHistory,NoForecastRowsMaterialized"
"22478,66,66,10592,1,1664,CONSUMIBLES DOMESTICOS,""3780"",""CENTROS COMERCIALES CARREFOUR, S.A."",Enrique Malonda Escriva,,HistoricAverage,smooth_insuficient,smooth_insuficient_insuficient,insuficient,x11 seasonal,x11 seasonal,success,smooth_insuficient,COMPARABLE,1,1,1,3000.0,3072.0,13440.0,6720.0,4480.0,8960.0,4182.0,0.0,6321.0,9260.0,7429.0,10348.0,6806.0,6806.0,6807.0,6817.0,0.0,0.0,1182.0,-3072.0,-7119.0,2540.0,2949.0,1388.0,3806.0,3734.0,-6633.0,97.0,-4480.0,-8960.0,1182.0,3072.0,7119.0,2540.0,2949.0,1388.0,3806.0,3734.0,6633.0,97.0,4480.0,8960.0,1397124.0,9437184.0,50680161,6451600.0,8696601.0,1926544.0,14485636,13942756,43996689,9409.0,20070400,80281600,1,1,1,1,1,1,1182.0,3072.0,7119.0,2540.0,2949.0,1388.0,3806.0,3734.0,6633.0,97.0,4480.0,8960.0,1182.0,3072.0,7119.0,2540.0,2949.0,1388.0,3806.0,3734.0,6633.0,97.0,4480.0,8960.0,0.394,1.0,0.5296875,0.37797619047619047,0.6582589285714285,0.1549107142857143,1.2686666666666666,1.2154947916666667,0.4935267857142857,0.01443452380952381,1.0,1.0,0.394,-1.0,-0.5296875,0.37797619047619047,0.6582589285714285,0.1549107142857143,1.2686666666666666,1.2154947916666667,-0.4935267857142857,0.01443452380952381,-1.0,-1.0,SCP,SCP,ML,ML,SCP,SCP,x11 seasonal,x11 seasonal,HistoricAverage,HistoricAverage,x11 seasonal,x11 seasonal,ML,ML,SCP,SCP,ML,ML,HistoricAverage,HistoricAverage,x11 seasonal,x11 seasonal,HistoricAverage,HistoricAverage,68.94377299001576,17.728976968398506,6.8268015170670004,96.18110236220471,34.174107142857146,84.50892857142858,20160.0,27037.0,6817.0,6877.0,-13343.0,6877.0,13537.0,17074745,100361409,3,2292.3333333333335,4512.333333333333,2385.7035999190402,5783.926261632318,0.34112103174603176,0.6714781746031746,0.34112103174603176,-0.6618551587301588,SCP,x11 seasonal,ML,HistoricAverage,49.19849301913274,19512.0,10503.0,20419.0,-9009.0,907.0,11373.0,14173.0,61514469,72425081,3,3791.0,4724.333333333333,4528.225148996017,4913.419752745196,0.5828720787207872,0.7263735137351374,-0.4617158671586716,0.04648421484214842,SCP,x11 seasonal,ML,HistoricAverage,19.75587384463417,39672.0,37540.0,27236.0,-2132.0,-12436.0,18250.0,27710.0,78589214,172786490,6,3041.6666666666665,4618.333333333333,3619.1438674544747,5366.353355243515,0.4600221818915104,0.6984775156281509,-0.05374067352288768,-0.31347045775357935,SCP,x11 seasonal,ML,HistoricAverage,34.13929989173584,2026-07-14 13:03:02.206,0,,"
"22479,66,66,10592,1,2318,SACO INDUSTRIAL,""50"",""FORMATGERIA GRANJA RINYA, S.L. - BP"",José Mateos-Aparicio Martinez,,,,,,preserve current forecast,preserve current forecast,success,,NOT_COMPARABLE_MISSING_SCP_AND_ML,1,0,0,0.0,0.0,0.0,0.0,0.0,0.0,,,,,,,,,,,,,,,,,,,,,,,,,,,,,,,,,,,,,,,,,,,,,,,,,,,,,,,,,,,,,,,,,,,,,,,,,,,,,,,,,,,,,,,,,,,,,,,,,,,,,,,,,,,,,,,,,,,,,,,,,,,,,,,,,,,,,,,,,,,,,,,,,,,,,,,,,,,,,,,,,,,,,,,,,,,,,,,,,,,,,,,,,,,,,,,,,,,,,,,,,,2026-07-14 13:03:02.206,1,MissingHistory,NoForecastRowsMaterialized"
"22480,66,66,10592,1,2441,BOLSA BASURA PROFESIONALES,""2660"",CLIENTES CONTADO - BP,Agente Directo,,,,,,preserve current forecast,preserve current forecast,success,,NOT_COMPARABLE_MISSING_SCP_AND_ML,1,0,0,0.0,0.0,0.0,0.0,0.0,0.0,,,,,,,,,,,,,,,,,,,,,,,,,,,,,,,,,,,,,,,,,,,,,,,,,,,,,,,,,,,,,,,,,,,,,,,,,,,,,,,,,,,,,,,,,,,,,,,,,,,,,,,,,,,,,,,,,,,,,,,,,,,,,,,,,,,,,,,,,,,,,,,,,,,,,,,,,,,,,,,,,,,,,,,,,,,,,,,,,,,,,,,,,,,,,,,,,,,,,,,,,,2026-07-14 13:03:02.206,1,MissingHistory,NoForecastRowsMaterialized"
"22481,66,66,10592,1,2457,CONSUMIBLES DOMESTICOS,""2790"",""FORMULA ADECUADA PARA CATALUÑA, S.A. (F.A.C.S.A) - BP"",ENRIQUE MALONDA ESCRIVA,,,,,,preserve current forecast,preserve current forecast,success,,NOT_COMPARABLE_MISSING_SCP_AND_ML,1,0,0,0.0,0.0,0.0,0.0,0.0,0.0,,,,,,,,,,,,,,,,,,,,,,,,,,,,,,,,,,,,,,,,,,,,,,,,,,,,,,,,,,,,,,,,,,,,,,,,,,,,,,,,,,,,,,,,,,,,,,,,,,,,,,,,,,,,,,,,,,,,,,,,,,,,,,,,,,,,,,,,,,,,,,,,,,,,,,,,,,,,,,,,,,,,,,,,,,,,,,,,,,,,,,,,,,,,,,,,,,,,,,,,,,2026-07-14 13:03:02.206,1,MissingHistory,NoForecastRowsMaterialized"
"22482,66,66,10592,1,2459,CONSUMIBLES DOMESTICOS,""3403"",GRUPO SADA P.A. S.A. - BP,José Mateos-Aparicio Martinez,,,,,,preserve current forecast,preserve current forecast,success,,NOT_COMPARABLE_MISSING_SCP_AND_ML,1,0,0,0.0,0.0,0.0,0.0,0.0,0.0,,,,,,,,,,,,,,,,,,,,,,,,,,,,,,,,,,,,,,,,,,,,,,,,,,,,,,,,,,,,,,,,,,,,,,,,,,,,,,,,,,,,,,,,,,,,,,,,,,,,,,,,,,,,,,,,,,,,,,,,,,,,,,,,,,,,,,,,,,,,,,,,,,,,,,,,,,,,,,,,,,,,,,,,,,,,,,,,,,,,,,,,,,,,,,,,,,,,,,,,,,2026-07-14 13:03:02.206,1,MissingHistory,NoForecastRowsMaterialized"
"22483,66,66,10592,1,2475,CONSUMIBLES DOMESTICOS,""2759"",RIOS FARIAS SA - BP,ENRIQUE MALONDA ESCRIVA,,,,,,preserve current forecast,preserve current forecast,success,,NOT_COMPARABLE_MISSING_SCP_AND_ML,1,0,0,0.0,0.0,0.0,0.0,0.0,0.0,,,,,,,,,,,,,,,,,,,,,,,,,,,,,,,,,,,,,,,,,,,,,,,,,,,,,,,,,,,,,,,,,,,,,,,,,,,,,,,,,,,,,,,,,,,,,,,,,,,,,,,,,,,,,,,,,,,,,,,,,,,,,,,,,,,,,,,,,,,,,,,,,,,,,,,,,,,,,,,,,,,,,,,,,,,,,,,,,,,,,,,,,,,,,,,,,,,,,,,,,,2026-07-14 13:03:02.206,1,MissingHistory,NoForecastRowsMaterialized"
"22484,66,66,10592,1,2425,CONSUMIBLES DOMESTICOS,""3540"",PRIMAPRIX FRANCE - BP,ENRIQUE MALONDA ESCRIVA,,,,,,preserve current forecast,preserve current forecast,success,,NOT_COMPARABLE_MISSING_SCP_AND_ML,1,0,0,0.0,0.0,0.0,0.0,0.0,0.0,,,,,,,,,,,,,,,,,,,,,,,,,,,,,,,,,,,,,,,,,,,,,,,,,,,,,,,,,,,,,,,,,,,,,,,,,,,,,,,,,,,,,,,,,,,,,,,,,,,,,,,,,,,,,,,,,,,,,,,,,,,,,,,,,,,,,,,,,,,,,,,,,,,,,,,,,,,,,,,,,,,,,,,,,,,,,,,,,,,,,,,,,,,,,,,,,,,,,,,,,,2026-07-14 13:03:02.206,1,MissingHistory,NoForecastRowsMaterialized"
"22485,66,66,10592,1,1710,BOLSA BASURA PROFESIONALES,""4594"",FLORETTE HORTICOLA NAVARRA S.L.U.,José Mateos-Aparicio Martinez,,,,,,average,average,success,,NOT_COMPARABLE_MISSING_SCP_AND_ML,1,0,0,540.0,450.0,0.0,0.0,0.0,0.0,,,,,,,,,,,,,,,,,,,,,,,,,,,,,,,,,,,,,,,,,,,,,,,,,,,,,,,,,,,,,,,,,,,,,,,,,,,,,,,,,,,,,,,,,,,,,,,,,,,,,,,,,,,,,,,,,,,,,,,,,,,,,,,,,,,,,,,,,,,,,,,,,,,,,,,,,,,,,,,,,,,,,,,,,,,,,,,,,,,,,,,,,,,,,,,,,,,,,,,,,,2026-07-14 13:03:02.206,1,ShortSeries,NoForecastRowsMaterialized"
"22486,66,66,10592,1,2461,SACO INDUSTRIAL,""35"",DELIBREADS - BP,José Mateos-Aparicio Martinez,,,,,,preserve current forecast,preserve current forecast,success,,NOT_COMPARABLE_MISSING_SCP_AND_ML,1,0,0,0.0,0.0,0.0,0.0,0.0,0.0,,,,,,,,,,,,,,,,,,,,,,,,,,,,,,,,,,,,,,,,,,,,,,,,,,,,,,,,,,,,,,,,,,,,,,,,,,,,,,,,,,,,,,,,,,,,,,,,,,,,,,,,,,,,,,,,,,,,,,,,,,,,,,,,,,,,,,,,,,,,,,,,,,,,,,,,,,,,,,,,,,,,,,,,,,,,,,,,,,,,,,,,,,,,,,,,,,,,,,,,,,2026-07-14 13:03:02.206,1,MissingHistory,NoForecastRowsMaterialized"
"22487,66,66,10592,1,2463,SACO INDUSTRIAL,""3692"",GRUPO SADA P.A. S.A. - BP,José Mateos-Aparicio Martinez,,,,,,preserve current forecast,preserve current forecast,success,,NOT_COMPARABLE_MISSING_SCP_AND_ML,1,0,0,0.0,0.0,0.0,0.0,0.0,0.0,,,,,,,,,,,,,,,,,,,,,,,,,,,,,,,,,,,,,,,,,,,,,,,,,,,,,,,,,,,,,,,,,,,,,,,,,,,,,,,,,,,,,,,,,,,,,,,,,,,,,,,,,,,,,,,,,,,,,,,,,,,,,,,,,,,,,,,,,,,,,,,,,,,,,,,,,,,,,,,,,,,,,,,,,,,,,,,,,,,,,,,,,,,,,,,,,,,,,,,,,,2026-07-14 13:03:02.206,1,MissingHistory,NoForecastRowsMaterialized"
"22488,66,66,10592,1,2481,CONSUMIBLES DOMESTICOS,""2889"",RIOS FARIAS SA - BP,ENRIQUE MALONDA ESCRIVA,,,,,,preserve current forecast,preserve current forecast,success,,NOT_COMPARABLE_MISSING_SCP_AND_ML,1,0,0,0.0,0.0,0.0,0.0,0.0,0.0,,,,,,,,,,,,,,,,,,,,,,,,,,,,,,,,,,,,,,,,,,,,,,,,,,,,,,,,,,,,,,,,,,,,,,,,,,,,,,,,,,,,,,,,,,,,,,,,,,,,,,,,,,,,,,,,,,,,,,,,,,,,,,,,,,,,,,,,,,,,,,,,,,,,,,,,,,,,,,,,,,,,,,,,,,,,,,,,,,,,,,,,,,,,,,,,,,,,,,,,,,2026-07-14 13:03:02.206,1,MissingHistory,NoForecastRowsMaterialized"
"22489,66,66,10592,1,2513,CONSUMIBLES DOMESTICOS,""3540"",""EXCLUSIVAS DITAYO, S.L - BP"",José Luís Sabater _,,,,,,preserve current forecast,preserve current forecast,success,,NOT_COMPARABLE_MISSING_SCP_AND_ML,1,0,0,0.0,0.0,0.0,0.0,0.0,0.0,,,,,,,,,,,,,,,,,,,,,,,,,,,,,,,,,,,,,,,,,,,,,,,,,,,,,,,,,,,,,,,,,,,,,,,,,,,,,,,,,,,,,,,,,,,,,,,,,,,,,,,,,,,,,,,,,,,,,,,,,,,,,,,,,,,,,,,,,,,,,,,,,,,,,,,,,,,,,,,,,,,,,,,,,,,,,,,,,,,,,,,,,,,,,,,,,,,,,,,,,,2026-07-14 13:03:02.206,1,MissingHistory,NoForecastRowsMaterialized"
"22490,66,66,10592,1,2515,FILM ALIMENTARIO PROFESIONAL,""2818"",""EXCLUSIVAS DITAYO, S.L - BP"",José Luís Sabater _,,,,,,preserve current forecast,preserve current forecast,success,,NOT_COMPARABLE_MISSING_SCP_AND_ML,1,0,0,0.0,0.0,0.0,0.0,0.0,0.0,,,,,,,,,,,,,,,,,,,,,,,,,,,,,,,,,,,,,,,,,,,,,,,,,,,,,,,,,,,,,,,,,,,,,,,,,,,,,,,,,,,,,,,,,,,,,,,,,,,,,,,,,,,,,,,,,,,,,,,,,,,,,,,,,,,,,,,,,,,,,,,,,,,,,,,,,,,,,,,,,,,,,,,,,,,,,,,,,,,,,,,,,,,,,,,,,,,,,,,,,,2026-07-14 13:03:02.206,1,MissingHistory,NoForecastRowsMaterialized"
"22491,66,66,10592,1,1031,CONSUMIBLES DOMESTICOS,""3754"",""CENTROS COMERCIALES CARREFOUR, S.A."",Enrique Malonda Escriva,,MovingAverage3M,smooth_insuficient,smooth_insuficient_insuficient,insuficient,seasonal discrete,seasonal discrete,success,smooth_insuficient,COMPARABLE,1,1,1,9120.0,9120.0,2280.0,9120.0,6840.0,9120.0,5806.0,0.0,0.0,0.0,0.0,0.0,8360.0,8360.0,18048.0,0.0,0.0,0.0,-3314.0,-9120.0,-2280.0,-9120.0,-6840.0,-9120.0,-760.0,-760.0,15768.0,-9120.0,-6840.0,-9120.0,3314.0,9120.0,2280.0,9120.0,6840.0,9120.0,760.0,760.0,15768.0,9120.0,6840.0,9120.0,10982596,83174400,5198400.0,83174400,46785600,83174400,577600.0,577600.0,248629824,83174400,46785600,83174400,1,1,1,1,1,1,3314.0,9120.0,2280.0,9120.0,6840.0,9120.0,760.0,760.0,15768.0,9120.0,6840.0,9120.0,3314.0,9120.0,2280.0,9120.0,6840.0,9120.0,760.0,760.0,15768.0,9120.0,6840.0,9120.0,0.36337719298245613,1.0,1.0,1.0,1.0,1.0,0.08333333333333333,0.08333333333333333,6.91578947368421,1.0,1.0,1.0,-0.36337719298245613,-1.0,-1.0,-1.0,-1.0,-1.0,-0.08333333333333333,-0.08333333333333333,6.91578947368421,-1.0,-1.0,-1.0,ML,ML,SCP,TIE,TIE,TIE,MovingAverage3M,MovingAverage3M,seasonal discrete,,,,SCP,SCP,ML,,,,seasonal discrete,seasonal discrete,MovingAverage3M,,,,77.06698853349427,91.66666666666666,85.54033485540334,0.0,0.0,0.0,25080.0,0.0,0.0,-25080.0,-25080.0,25080.0,25080.0,213134400,213134400,3,8360.0,8360.0,8428.807744871157,8428.807744871157,1.0,1.0,-1.0,-1.0,TIE,,,,0.0,20520.0,5806.0,34768.0,-14714.0,14248.0,14714.0,17288.0,99355396,249785024,3,4904.666666666667,5762.666666666667,5754.86449304702,9124.78354081162,0.717056530214425,0.8424951267056531,-0.717056530214425,0.6943469785575048,SCP,seasonal discrete,ML,MovingAverage3M,14.888940305414167,45600.0,5806.0,34768.0,-39794.0,-10832.0,39794.0,42368.0,312489796,462919424,6,6632.333333333333,7061.333333333333,7216.760538265536,8783.691554997438,0.8726754385964912,0.9291228070175439,-0.8726754385964912,-0.2375438596491228,SCP,seasonal discrete,ML,MovingAverage3M,6.075339879154084,2026-07-14 13:03:02.206,0,,NoForecastRowsMaterialized"
"22492,66,66,10592,1,1047,CONSUMIBLES DOMESTICOS,""3764"",""DIA RETAIL ESPAÑA, S.A."",Enrique Malonda Escriva,,AutoTheta,smooth_insuficient,smooth_insuficient_insuficient,insuficient,x11 seasonal,x11 seasonal,success,smooth_insuficient,COMPARABLE,1,1,1,44800.0,38080.0,24640.0,62720.0,38080.0,56000.0,20366.0,41169.0,40563.0,11145.0,9300.0,12449.0,62795.0,62795.0,62795.0,29818.0,30013.0,30260.0,-24434.0,3089.0,15923.0,-51575.0,-28780.0,-43551.0,17995.0,24715.0,38155.0,-32902.0,-8067.0,-25740.0,24434.0,3089.0,15923.0,51575.0,28780.0,43551.0,17995.0,24715.0,38155.0,32902.0,8067.0,25740.0,597020356,9541921.0,253541929,2659980625,828288400,1896689601,323820025,610831225,1455804025,1082541604,65076489,662547600,1,1,1,1,1,1,24434.0,3089.0,15923.0,51575.0,28780.0,43551.0,17995.0,24715.0,38155.0,32902.0,8067.0,25740.0,24434.0,3089.0,15923.0,51575.0,28780.0,43551.0,17995.0,24715.0,38155.0,32902.0,8067.0,25740.0,0.5454017857142858,0.0811186974789916,0.6462256493506493,0.8223054846938775,0.7557773109243697,0.7776964285714286,0.4016741071428571,0.6490283613445378,1.5484983766233766,0.5245854591836735,0.21184348739495798,0.45964285714285713,-0.5454017857142858,0.0811186974789916,0.6462256493506493,-0.8223054846938775,-0.7557773109243697,-0.7776964285714286,0.4016741071428571,0.6490283613445378,1.5484983766233766,-0.5245854591836735,-0.21184348739495798,-0.45964285714285713,ML,SCP,SCP,ML,ML,ML,AutoTheta,x11 seasonal,x11 seasonal,AutoTheta,AutoTheta,AutoTheta,SCP,ML,ML,SCP,SCP,SCP,x11 seasonal,AutoTheta,AutoTheta,x11 seasonal,x11 seasonal,x11 seasonal,26.352623393631834,87.50151729718795,58.26759271393003,36.20552593310712,71.97011813759555,40.89687952056211,156800.0,32894.0,90091.0,-123906.0,-66709.0,123906.0,66709.0,5384958626,1810165693,3,41302.0,22236.333333333332,42367.27756968421,24563.968822918934,0.7902168367346939,0.42544005102040816,-0.7902168367346939,-0.42544005102040816,ML,AutoTheta,SCP,x11 seasonal,46.161606379029266,107520.0,102098.0,188385.0,-5422.0,80865.0,43446.0,80865.0,860104206,2390455275,3,14482.0,26955.0,16932.259211339755,28227.9723855611,0.4040736607142857,0.7520926339285714,-0.05042782738095238,0.7520926339285714,SCP,x11 seasonal,ML,AutoTheta,46.27341866073085,264320.0,134992.0,278476.0,-129328.0,14156.0,167352.0,147574.0,6245062832,4200620968,6,27892.0,24595.666666666668,32262.11098693533,26459.468903715104,0.6331416464891041,0.5583156779661017,-0.48928571428571427,0.05355629539951574,ML,AutoTheta,SCP,x11 seasonal,11.81820354701467,2026-07-14 13:03:02.206,0,,"
"22493,66,66,10592,1,1138,FILM ALIMENTARIO PROFESIONAL,""259"",""IFA RETAIL, S.A."",Enrique Malonda Escriva,,MovingAverage3M,smooth_insuficient,smooth_insuficient_insuficient,insuficient,x11 lineal,x11 lineal,success,smooth_insuficient,COMPARABLE,1,1,1,216.0,1080.0,216.0,432.0,432.0,432.0,412.0,0.0,0.0,521.0,0.0,0.0,432.0,432.0,432.0,431.0,0.0,0.0,196.0,-1080.0,-216.0,89.0,-432.0,-432.0,216.0,-648.0,216.0,-1.0,-432.0,-432.0,196.0,1080.0,216.0,89.0,432.0,432.0,216.0,648.0,216.0,1.0,432.0,432.0,38416.0,1166400.0,46656.0,7921.0,186624.0,186624.0,46656.0,419904.0,46656.0,1.0,186624.0,186624.0,1,1,1,1,1,1,196.0,1080.0,216.0,89.0,432.0,432.0,216.0,648.0,216.0,1.0,432.0,432.0,196.0,1080.0,216.0,89.0,432.0,432.0,216.0,648.0,216.0,1.0,432.0,432.0,0.9074074074074074,1.0,1.0,0.20601851851851852,1.0,1.0,1.0,0.6,1.0,0.0023148148148148147,1.0,1.0,0.9074074074074074,-1.0,-1.0,0.20601851851851852,-1.0,-1.0,1.0,-0.6,1.0,-0.0023148148148148147,-1.0,-1.0,SCP,ML,TIE,ML,TIE,TIE,x11 lineal,MovingAverage3M,,MovingAverage3M,,,ML,SCP,,SCP,,,MovingAverage3M,x11 lineal,,x11 lineal,,,9.259259259259256,40.0,0.0,98.87640449438202,0.0,0.0,1296.0,521.0,431.0,-775.0,-865.0,953.0,865.0,381169.0,373249.0,3,317.6666666666667,288.3333333333333,356.449622433989,352.7269954700566,0.7353395061728395,0.6674382716049383,-0.5979938271604939,-0.6674382716049383,ML,MovingAverage3M,SCP,x11 lineal,9.23399790136411,1512.0,412.0,1296.0,-1100.0,-216.0,1492.0,1080.0,1251472.0,513216.0,3,497.3333333333333,360.0,645.8771813071997,413.60851055073806,0.9867724867724867,0.7142857142857143,-0.7275132275132276,-0.14285714285714285,ML,MovingAverage3M,SCP,x11 lineal,27.613941018766752,2808.0,933.0,1727.0,-1875.0,-1081.0,2445.0,1945.0,1632641.0,886465.0,6,407.5,324.1666666666667,521.6386041440312,384.37503387533724,0.8707264957264957,0.6926638176638177,-0.6677350427350427,-0.38497150997151,ML,MovingAverage3M,SCP,x11 lineal,20.449897750511248,2026-07-14 13:03:02.206,0,,"
"22494,66,66,10592,1,1206,""LÁMINA INDUSTRIAL, SEMITUBO Y TUBO"",""3731"",""PROCAVI, S.L."",José Mateos-Aparicio Martinez,,HistoricAverage,intermittent_recentRelease,intermittent_recentRelease_recentRelease,recentRelease,syntetos-boylan,syntetos-boylan,success,intermittent_recentRelease,COMPARABLE,1,1,1,32.0,0.0,26.7,0.0,22.89,0.0,7.2,0.0,0.0,6.8,0.0,0.0,7.9,7.9,7.9,8.0,0.0,0.0,-24.8,0.0,-26.7,6.8,-22.89,0.0,-24.1,7.9,-18.799999999999997,8.0,-22.89,0.0,24.8,0.0,26.7,6.8,22.89,0.0,24.1,7.9,18.799999999999997,8.0,22.89,0.0,615.0400000000001,0.0,712.89,46.239999999999995,523.9521,0.0,580.8100000000001,62.410000000000004,353.4399999999999,64.0,523.9521,0.0,1,0,1,0,1,0,24.8,,26.7,,22.89,,24.1,,18.799999999999997,,22.89,,24.8,,26.7,,22.89,,24.1,,18.799999999999997,,22.89,,0.775,,1.0,,1.0,,0.753125,,0.7041198501872659,,1.0,,-0.775,,-1.0,,-1.0,,-0.753125,,-0.7041198501872659,,-1.0,,ML,,ML,,TIE,,HistoricAverage,,HistoricAverage,,,,SCP,,SCP,,,,syntetos-boylan,,syntetos-boylan,,,,2.8225806451612874,,29.588014981273414,,0.0,,22.89,6.8,8.0,-16.09,-14.89,29.69,30.89,570.1921,587.9521,1,29.69,30.89,23.878695525509762,24.24772360449533,1.2970729576234163,1.3494975972040193,-0.7029270423765837,-0.6505024027959808,SCP,syntetos-boylan,ML,HistoricAverage,3.884752347037881,58.7,7.2,23.700000000000003,-51.5,-35.0,51.5,50.8,1327.93,996.66,2,25.75,25.4,25.76751831279062,22.323306206742764,0.877342419080068,0.8654173764906302,-0.877342419080068,-0.596252129471891,ML,HistoricAverage,SCP,syntetos-boylan,1.359223300970875,81.59,14.0,31.700000000000003,-67.59,-49.89,81.19,81.69,1898.1221,1584.6120999999998,3,27.063333333333333,27.23,25.15367501314006,22.982689862880136,0.99509743841157,1.0012256403971074,-0.8284103444049516,-0.6114719941169261,SCP,syntetos-boylan,ML,HistoricAverage,0.6120700208103793,2026-07-14 13:03:02.206,0,,"
"22495,66,66,10592,1,1365,SACO INDUSTRIAL,""3504"",FAERCH BUÑOL S.L.U.,José Mateos-Aparicio Martinez,,MovingAverage12M,smooth_insuficient,smooth_insuficient_insuficient,insuficient,x11 seasonal,x11 seasonal,success,smooth_insuficient,COMPARABLE,1,1,1,22.4,39.199999999999996,0.0,22.4,27.95,17.6,11.1,0.0,0.0,20.5,0.0,0.0,29.5,29.6,29.5,30.799999999999997,0.0,0.0,-11.299999999999999,-39.199999999999996,0.0,-1.8999999999999986,-27.95,-17.6,7.100000000000001,-9.599999999999994,29.5,8.399999999999999,-27.95,-17.6,11.299999999999999,39.199999999999996,0.0,1.8999999999999986,27.95,17.6,7.100000000000001,9.599999999999994,29.5,8.399999999999999,27.95,17.6,127.68999999999997,1536.6399999999996,0.0,3.6099999999999945,781.2025,309.76000000000005,50.41000000000002,92.1599999999999,870.25,70.55999999999997,781.2025,309.76000000000005,1,1,0,1,1,1,11.299999999999999,39.199999999999996,,1.8999999999999986,27.95,17.6,7.100000000000001,9.599999999999994,,8.399999999999999,27.95,17.6,11.299999999999999,39.199999999999996,,1.8999999999999986,27.95,17.6,7.100000000000001,9.599999999999994,,8.399999999999999,27.95,17.6,0.5044642857142857,1.0,,0.08482142857142852,1.0,1.0,0.3169642857142858,0.24489795918367335,,0.37499999999999994,1.0,1.0,-0.5044642857142857,-1.0,,-0.08482142857142852,-1.0,-1.0,0.3169642857142858,-0.24489795918367335,,0.37499999999999994,-1.0,-1.0,ML,ML,,SCP,TIE,TIE,MovingAverage12M,MovingAverage12M,,x11 seasonal,,,SCP,SCP,,ML,,,x11 seasonal,x11 seasonal,,MovingAverage12M,,,37.168141592920335,75.51020408163266,,77.38095238095238,0.0,0.0,67.94999999999999,20.5,30.799999999999997,-47.449999999999996,-37.15,47.449999999999996,53.949999999999996,1094.5725,1161.5225,3,15.816666666666665,17.98333333333333,19.10124341502406,19.676741769578282,0.6983075791022811,0.7939661515820456,-0.6983075791022811,-0.5467255334805005,SCP,x11 seasonal,ML,MovingAverage12M,12.048192771084333,61.599999999999994,11.1,88.6,-50.49999999999999,27.000000000000007,50.49999999999999,46.199999999999996,1664.3299999999997,1012.8199999999998,2,25.249999999999996,23.099999999999998,28.84727023480731,22.503555274667153,0.8198051948051948,0.75,-0.8198051948051948,0.4383116883116885,ML,MovingAverage12M,SCP,x11 seasonal,8.51485148514851,129.55,31.6,119.39999999999999,-97.94999999999999,-10.149999999999995,97.94999999999999,100.15,2758.9024999999997,2174.3425,5,19.589999999999996,20.03,23.490008514259845,20.85350090512382,0.7560787340795059,0.77306059436511,-0.7560787340795059,-0.07834812813585483,SCP,x11 seasonal,ML,MovingAverage12M,2.1967049425861336,2026-07-14 13:03:02.206,0,,"
"22496,66,66,10592,1,1388,SACO INDUSTRIAL,""3652"",DOLZ ESPAÑA,José Mateos-Aparicio Martinez,,,,,,preserve current forecast,preserve current forecast,success,,NOT_COMPARABLE_MISSING_SCP_AND_ML,1,0,0,0.0,0.0,0.0,0.0,0.0,9.6,,,,,,,,,,,,,,,,,,,,,,,,,,,,,,,,,,,,,,,,,,,,,,,,,,,,,,,,,,,,,,,,,,,,,,,,,,,,,,,,,,,,,,,,,,,,,,,,,,,,,,,,,,,,,,,,,,,,,,,,,,,,,,,,,,,,,,,,,,,,,,,,,,,,,,,,,,,,,,,,,,,,,,,,,,,,,,,,,,,,,,,,,,,,,,,,,,,,,,,,,,2026-07-14 13:03:02.206,1,MissingHistory,NoForecastRowsMaterialized"
"22497,66,66,10592,1,1415,SACO INDUSTRIAL,""3680"",PAYAN HERMANOS,José Mateos-Aparicio Martinez,,,,,,preserve current forecast,preserve current forecast,success,,NOT_COMPARABLE_MISSING_SCP_AND_ML,1,0,0,0.0,0.0,0.0,0.0,0.0,0.0,,,,,,,,,,,,,,,,,,,,,,,,,,,,,,,,,,,,,,,,,,,,,,,,,,,,,,,,,,,,,,,,,,,,,,,,,,,,,,,,,,,,,,,,,,,,,,,,,,,,,,,,,,,,,,,,,,,,,,,,,,,,,,,,,,,,,,,,,,,,,,,,,,,,,,,,,,,,,,,,,,,,,,,,,,,,,,,,,,,,,,,,,,,,,,,,,,,,,,,,,,2026-07-14 13:03:02.206,1,MissingHistory,NoForecastRowsMaterialized"
"22498,66,66,10592,1,1463,SACO INDUSTRIAL,""3695"",""FAMILY CASH, S.L."",José Navalón _,,SeasonalNaive,smooth_insuficient,smooth_insuficient_insuficient,insuficient,x11 seasonal,x11 seasonal,success,smooth_insuficient,COMPARABLE,1,1,1,66.0,121.0,165.0,77.0,110.0,166.98000000000002,104.8,0.0,0.0,60.900000000000006,0.0,0.0,98.9,0.0,187.1,87.6,0.0,0.0,38.8,-121.0,-165.0,-16.099999999999994,-110.0,-166.98000000000002,32.900000000000006,-121.0,22.099999999999994,10.599999999999994,-110.0,-166.98000000000002,38.8,121.0,165.0,16.099999999999994,110.0,166.98000000000002,32.900000000000006,121.0,22.099999999999994,10.599999999999994,110.0,166.98000000000002,1505.4399999999998,14641.0,27225.0,259.2099999999998,12100.0,27882.320400000008,1082.4100000000003,14641.0,488.40999999999974,112.35999999999989,12100.0,27882.320400000008,1,1,1,1,1,1,38.8,121.0,165.0,16.099999999999994,110.0,166.98000000000002,32.900000000000006,121.0,22.099999999999994,10.599999999999994,110.0,166.98000000000002,38.8,121.0,165.0,16.099999999999994,110.0,166.98000000000002,32.900000000000006,121.0,22.099999999999994,10.599999999999994,110.0,166.98000000000002,0.5878787878787879,1.0,1.0,0.20909090909090902,1.0,1.0,0.4984848484848486,1.0,0.1339393939393939,0.1376623376623376,1.0,1.0,0.5878787878787879,-1.0,-1.0,-0.20909090909090902,-1.0,-1.0,0.4984848484848486,-1.0,0.1339393939393939,0.1376623376623376,-1.0,-1.0,ML,TIE,ML,ML,TIE,TIE,SeasonalNaive,,SeasonalNaive,SeasonalNaive,,,SCP,,SCP,SCP,,,x11 seasonal,,x11 seasonal,x11 seasonal,,,15.206185567010294,0.0,86.60606060606061,34.16149068322982,0.0,0.0,353.98,60.900000000000006,87.6,-293.08000000000004,-266.38,293.08000000000004,287.58000000000004,40241.53040000001,40094.68040000001,3,97.69333333333334,95.86000000000001,115.8181482612577,115.60663245102623,0.8279563817164812,0.8124187807220747,-0.8279563817164812,-0.7525283914345443,ML,SeasonalNaive,SCP,x11 seasonal,1.8766207178927283,352.0,104.8,286.0,-247.2,-66.0,324.8,176.0,43371.44,16211.82,3,108.26666666666667,58.666666666666664,120.23787534161882,73.5114956996523,0.9227272727272727,0.5,-0.7022727272727273,-0.1875,ML,SeasonalNaive,SCP,x11 seasonal,45.812807881773395,705.98,165.7,373.6,-540.28,-332.38,617.88,463.58000000000004,83612.9704,56306.500400000004,6,102.98,77.26333333333334,118.04869786095342,96.87319925208072,0.8752089294314286,0.656647497096235,-0.7652908014391342,-0.4708065384288507,ML,SeasonalNaive,SCP,x11 seasonal,24.972486566970925,2026-07-14 13:03:02.206,0,,"
"22499,66,66,10592,1,1465,SACO INDUSTRIAL,""3695"",UVESA,José Mateos-Aparicio Martinez,,MovingAverage12M,intermittent_insuficient,intermittent_insuficient_insuficient,insuficient,seasonal discrete,seasonal discrete,success,intermittent_insuficient,COMPARABLE,1,1,1,33.0,14.02,0.0,99.0,0.0,107.8,10.0,0.0,0.0,102.29999999999998,0.0,0.0,44.400000000000006,44.599999999999994,44.5,43.9,0.0,0.0,-23.0,-14.02,0.0,3.299999999999983,0.0,-107.8,11.400000000000006,30.579999999999995,44.5,-55.1,0.0,-107.8,23.0,14.02,0.0,3.299999999999983,0.0,107.8,11.400000000000006,30.579999999999995,44.5,55.1,0.0,107.8,529.0,196.5604,0.0,10.889999999999887,0.0,11620.84,129.96000000000012,935.1363999999996,1980.25,3036.01,0.0,11620.84,1,1,0,1,0,1,23.0,14.02,,3.299999999999983,,107.8,11.400000000000006,30.579999999999995,,55.1,,107.8,23.0,14.02,,3.299999999999983,,107.8,11.400000000000006,30.579999999999995,,55.1,,107.8,0.696969696969697,1.0,,0.03333333333333316,,1.0,0.3454545454545456,2.1811697574893008,,0.5565656565656566,,1.0,-0.696969696969697,-1.0,,0.03333333333333316,,-1.0,0.3454545454545456,2.1811697574893008,,-0.5565656565656566,,-1.0,ML,SCP,,SCP,,TIE,MovingAverage12M,seasonal discrete,,seasonal discrete,,,SCP,ML,,ML,,,seasonal discrete,MovingAverage12M,,MovingAverage12M,,,50.43478260869563,54.15304120340091,,94.01088929219605,,0.0,206.8,102.29999999999998,43.9,-104.50000000000001,-162.9,111.09999999999998,162.9,11631.73,14656.85,2,55.54999999999999,81.45,76.26181875617706,85.60622056836758,0.5372340425531914,0.7877176015473888,-0.5053191489361702,-0.7877176015473888,SCP,seasonal discrete,ML,MovingAverage12M,31.7986494782075,47.019999999999996,10.0,133.5,-37.019999999999996,86.48,37.019999999999996,86.48,725.5604,3045.3463999999994,2,18.509999999999998,43.24,19.04678975575674,39.021445385838796,0.7873245427477669,1.839217354317312,-0.7873245427477669,1.839217354317312,SCP,seasonal discrete,ML,MovingAverage12M,57.19241443108234,253.82,112.29999999999998,177.4,-141.52,-76.41999999999999,148.11999999999998,249.38,12357.2904,17702.1964,4,37.029999999999994,62.345,55.581675037731635,66.52480063855886,0.5835631549917264,0.9825072886297376,-0.5575604759278229,-0.3010795051611378,SCP,seasonal discrete,ML,MovingAverage12M,40.60469965514476,2026-07-14 13:03:02.206,0,,"
"22500,66,66,10592,1,2511,CONSUMIBLES DOMESTICOS,""289"",""EXCLUSIVAS DITAYO, S.L - BP"",José Luís Sabater _,,,,,,preserve current forecast,preserve current forecast,success,,NOT_COMPARABLE_MISSING_SCP_AND_ML,1,0,0,0.0,0.0,0.0,0.0,0.0,0.0,,,,,,,,,,,,,,,,,,,,,,,,,,,,,,,,,,,,,,,,,,,,,,,,,,,,,,,,,,,,,,,,,,,,,,,,,,,,,,,,,,,,,,,,,,,,,,,,,,,,,,,,,,,,,,,,,,,,,,,,,,,,,,,,,,,,,,,,,,,,,,,,,,,,,,,,,,,,,,,,,,,,,,,,,,,,,,,,,,,,,,,,,,,,,,,,,,,,,,,,,,2026-07-14 13:03:02.206,1,MissingHistory,NoForecastRowsMaterialized"
"22501,66,66,10592,1,2525,CONSUMIBLES DOMESTICOS,""2671"",DYP MIGUEZ SL.  - BP,ENRIQUE MALONDA ESCRIVA,,,,,,preserve current forecast,preserve current forecast,success,,NOT_COMPARABLE_MISSING_SCP_AND_ML,1,0,0,0.0,0.0,0.0,0.0,0.0,0.0,,,,,,,,,,,,,,,,,,,,,,,,,,,,,,,,,,,,,,,,,,,,,,,,,,,,,,,,,,,,,,,,,,,,,,,,,,,,,,,,,,,,,,,,,,,,,,,,,,,,,,,,,,,,,,,,,,,,,,,,,,,,,,,,,,,,,,,,,,,,,,,,,,,,,,,,,,,,,,,,,,,,,,,,,,,,,,,,,,,,,,,,,,,,,,,,,,,,,,,,,,2026-07-14 13:03:02.206,1,MissingHistory,NoForecastRowsMaterialized"
"22502,66,66,10592,1,2543,CONSUMIBLES DOMESTICOS,""3747"",DYP MIGUEZ SL.  - BP,ENRIQUE MALONDA ESCRIVA,,,,,,preserve current forecast,preserve current forecast,success,,NOT_COMPARABLE_MISSING_SCP_AND_ML,1,0,0,0.0,0.0,0.0,0.0,0.0,0.0,,,,,,,,,,,,,,,,,,,,,,,,,,,,,,,,,,,,,,,,,,,,,,,,,,,,,,,,,,,,,,,,,,,,,,,,,,,,,,,,,,,,,,,,,,,,,,,,,,,,,,,,,,,,,,,,,,,,,,,,,,,,,,,,,,,,,,,,,,,,,,,,,,,,,,,,,,,,,,,,,,,,,,,,,,,,,,,,,,,,,,,,,,,,,,,,,,,,,,,,,,2026-07-14 13:03:02.206,1,MissingHistory,NoForecastRowsMaterialized"
"22503,66,66,10592,1,2561,CONSUMIBLES DOMESTICOS,""3458"",""CENTROS COMERCIALES CARREFOUR, S.A."",ENRIQUE MALONDA ESCRIVA,,,,,,preserve current forecast,preserve current forecast,success,,NOT_COMPARABLE_MISSING_SCP_AND_ML,1,0,0,0.0,0.0,0.0,0.0,0.0,0.0,,,,,,,,,,,,,,,,,,,,,,,,,,,,,,,,,,,,,,,,,,,,,,,,,,,,,,,,,,,,,,,,,,,,,,,,,,,,,,,,,,,,,,,,,,,,,,,,,,,,,,,,,,,,,,,,,,,,,,,,,,,,,,,,,,,,,,,,,,,,,,,,,,,,,,,,,,,,,,,,,,,,,,,,,,,,,,,,,,,,,,,,,,,,,,,,,,,,,,,,,,2026-07-14 13:03:02.206,1,MissingHistory,NoForecastRowsMaterialized"
"22504,66,66,10592,1,1712,CONSUMIBLES DOMESTICOS,""2681"",""FAMILY CASH, S.L."",José Navalón _,,,,,,preserve current forecast,preserve current forecast,success,,NOT_COMPARABLE_MISSING_SCP_AND_ML,1,0,0,0.0,3200.0,0.0,0.0,0.0,0.0,,,,,,,,,,,,,,,,,,,,,,,,,,,,,,,,,,,,,,,,,,,,,,,,,,,,,,,,,,,,,,,,,,,,,,,,,,,,,,,,,,,,,,,,,,,,,,,,,,,,,,,,,,,,,,,,,,,,,,,,,,,,,,,,,,,,,,,,,,,,,,,,,,,,,,,,,,,,,,,,,,,,,,,,,,,,,,,,,,,,,,,,,,,,,,,,,,,,,,,,,,2026-07-14 13:03:02.206,1,MissingHistory,NoForecastRowsMaterialized"
"22505,66,66,10592,1,1812,CONSUMIBLES DOMESTICOS,""6031"",GRUPO DISTRIBUIDOR GARAU SL,José Luís Sabater _,,,,,,preserve current forecast,preserve current forecast,success,,NOT_COMPARABLE_MISSING_SCP_AND_ML,1,0,0,3840.0,0.0,0.0,0.0,0.0,0.0,,,,,,,,,,,,,,,,,,,,,,,,,,,,,,,,,,,,,,,,,,,,,,,,,,,,,,,,,,,,,,,,,,,,,,,,,,,,,,,,,,,,,,,,,,,,,,,,,,,,,,,,,,,,,,,,,,,,,,,,,,,,,,,,,,,,,,,,,,,,,,,,,,,,,,,,,,,,,,,,,,,,,,,,,,,,,,,,,,,,,,,,,,,,,,,,,,,,,,,,,,2026-07-14 13:03:02.206,1,MissingHistory,NoForecastRowsMaterialized"
"22506,66,66,10592,1,2379,MASCOTAS,""2736"",COVIRAN,José Luís Sabater _,,,,,,preserve current forecast,preserve current forecast,success,,NOT_COMPARABLE_MISSING_SCP_AND_ML,1,0,0,14960.0,0.0,0.0,0.0,0.0,0.0,,,,,,,,,,,,,,,,,,,,,,,,,,,,,,,,,,,,,,,,,,,,,,,,,,,,,,,,,,,,,,,,,,,,,,,,,,,,,,,,,,,,,,,,,,,,,,,,,,,,,,,,,,,,,,,,,,,,,,,,,,,,,,,,,,,,,,,,,,,,,,,,,,,,,,,,,,,,,,,,,,,,,,,,,,,,,,,,,,,,,,,,,,,,,,,,,,,,,,,,,,2026-07-14 13:03:02.206,1,MissingHistory,NoForecastRowsMaterialized"
"22507,66,66,10592,1,2429,CONSUMIBLES DOMESTICOS,""3417"","""",(Sin Definir) (Sin Definir),,,,,,preserve current forecast,preserve current forecast,success,,NOT_COMPARABLE_MISSING_SCP_AND_ML,1,0,0,84.0,0.0,0.0,0.0,0.0,0.0,,,,,,,,,,,,,,,,,,,,,,,,,,,,,,,,,,,,,,,,,,,,,,,,,,,,,,,,,,,,,,,,,,,,,,,,,,,,,,,,,,,,,,,,,,,,,,,,,,,,,,,,,,,,,,,,,,,,,,,,,,,,,,,,,,,,,,,,,,,,,,,,,,,,,,,,,,,,,,,,,,,,,,,,,,,,,,,,,,,,,,,,,,,,,,,,,,,,,,,,,,2026-07-14 13:03:02.206,1,MissingHistory,NoForecastRowsMaterialized"
"22508,66,66,10592,1,2445,SACO INDUSTRIAL,""52"",SOCIEDAD GESTORA AVICOLA 2021 SL (SGA) - BP,José Mateos-Aparicio Martinez,,,,,,preserve current forecast,preserve current forecast,success,,NOT_COMPARABLE_MISSING_SCP_AND_ML,1,0,0,0.0,0.0,0.0,0.0,0.0,0.0,,,,,,,,,,,,,,,,,,,,,,,,,,,,,,,,,,,,,,,,,,,,,,,,,,,,,,,,,,,,,,,,,,,,,,,,,,,,,,,,,,,,,,,,,,,,,,,,,,,,,,,,,,,,,,,,,,,,,,,,,,,,,,,,,,,,,,,,,,,,,,,,,,,,,,,,,,,,,,,,,,,,,,,,,,,,,,,,,,,,,,,,,,,,,,,,,,,,,,,,,,2026-07-14 13:03:02.206,1,MissingHistory,NoForecastRowsMaterialized"
"22509,66,66,10592,1,2465,SACO INDUSTRIAL,""3698"",GRUPO SADA P.A. S.A. - BP,José Mateos-Aparicio Martinez,,,,,,preserve current forecast,preserve current forecast,success,,NOT_COMPARABLE_MISSING_SCP_AND_ML,1,0,0,0.0,0.0,0.0,0.0,0.0,0.0,,,,,,,,,,,,,,,,,,,,,,,,,,,,,,,,,,,,,,,,,,,,,,,,,,,,,,,,,,,,,,,,,,,,,,,,,,,,,,,,,,,,,,,,,,,,,,,,,,,,,,,,,,,,,,,,,,,,,,,,,,,,,,,,,,,,,,,,,,,,,,,,,,,,,,,,,,,,,,,,,,,,,,,,,,,,,,,,,,,,,,,,,,,,,,,,,,,,,,,,,,2026-07-14 13:03:02.206,1,MissingHistory,NoForecastRowsMaterialized"
"22510,66,66,10592,1,2479,CONSUMIBLES DOMESTICOS,""2888"",RIOS FARIAS SA - BP,ENRIQUE MALONDA ESCRIVA,,,,,,preserve current forecast,preserve current forecast,success,,NOT_COMPARABLE_MISSING_SCP_AND_ML,1,0,0,0.0,0.0,0.0,0.0,0.0,0.0,,,,,,,,,,,,,,,,,,,,,,,,,,,,,,,,,,,,,,,,,,,,,,,,,,,,,,,,,,,,,,,,,,,,,,,,,,,,,,,,,,,,,,,,,,,,,,,,,,,,,,,,,,,,,,,,,,,,,,,,,,,,,,,,,,,,,,,,,,,,,,,,,,,,,,,,,,,,,,,,,,,,,,,,,,,,,,,,,,,,,,,,,,,,,,,,,,,,,,,,,,2026-07-14 13:03:02.206,1,MissingHistory,NoForecastRowsMaterialized"
"22511,66,66,10592,1,2531,CONSUMIBLES DOMESTICOS,""2814"",DYP MIGUEZ SL.  - BP,ENRIQUE MALONDA ESCRIVA,,,,,,preserve current forecast,preserve current forecast,success,,NOT_COMPARABLE_MISSING_SCP_AND_ML,1,0,0,0.0,0.0,0.0,0.0,0.0,0.0,,,,,,,,,,,,,,,,,,,,,,,,,,,,,,,,,,,,,,,,,,,,,,,,,,,,,,,,,,,,,,,,,,,,,,,,,,,,,,,,,,,,,,,,,,,,,,,,,,,,,,,,,,,,,,,,,,,,,,,,,,,,,,,,,,,,,,,,,,,,,,,,,,,,,,,,,,,,,,,,,,,,,,,,,,,,,,,,,,,,,,,,,,,,,,,,,,,,,,,,,,2026-07-14 13:03:02.206,1,MissingHistory,NoForecastRowsMaterialized"
"22512,66,66,10592,1,2547,FILM ALIMENTARIO PROFESIONAL,""2818"",DYP MIGUEZ SL.  - BP,ENRIQUE MALONDA ESCRIVA,,,,,,preserve current forecast,preserve current forecast,success,,NOT_COMPARABLE_MISSING_SCP_AND_ML,1,0,0,0.0,0.0,0.0,0.0,0.0,0.0,,,,,,,,,,,,,,,,,,,,,,,,,,,,,,,,,,,,,,,,,,,,,,,,,,,,,,,,,,,,,,,,,,,,,,,,,,,,,,,,,,,,,,,,,,,,,,,,,,,,,,,,,,,,,,,,,,,,,,,,,,,,,,,,,,,,,,,,,,,,,,,,,,,,,,,,,,,,,,,,,,,,,,,,,,,,,,,,,,,,,,,,,,,,,,,,,,,,,,,,,,2026-07-14 13:03:02.206,1,MissingHistory,NoForecastRowsMaterialized"
"22513,66,66,10592,1,1497,SACO INDUSTRIAL,""3707"",""HIJOS DE JUAN PUJANTE, S.A."",José Mateos-Aparicio Martinez,,,,,,average,average,success,,NOT_COMPARABLE_ML_EXCLUDED,1,1,0,18.0,9.0,18.0,45.0,18.0,27.6,23.5,0.0,0.0,9.7,0.0,0.0,,,,,,,,,,,,,,,,,,,,,,,,,,,,,,,,,,,,,,,,,,,,,,,,,,,,,,,,,,,,,,,,,,,,,,,,,,,,,,,,,,,,,,,,,,,,,,,,,,,,,,,,,,,,,,,,,,,,,,,,,,,,,,,,,,,,,,,,,,,,,,,,,,,,,,,,,,,,,,,,,,,,,,,,,,,,,,,,,,,,,,,,,,,,,,,,,,,,2026-07-14 13:03:02.206,1,ShortSeries,"
"22514,66,66,10592,1,1572,UNYKOS,""2567"",CONSUM S COOP V,José Luís Sabater _,,SeasonalNaive,smooth_insuficient,smooth_insuficient_insuficient,insuficient,x11 seasonal,x11 seasonal,success,smooth_insuficient,COMPARABLE,1,1,1,13248.0,0.0,0.0,1536.0,4752.0,3600.0,4128.0,0.0,0.0,3617.0,0.0,0.0,4752.0,5040.0,1632.0,3541.0,0.0,0.0,-9120.0,0.0,0.0,2081.0,-4752.0,-3600.0,-8496.0,5040.0,1632.0,2005.0,-4752.0,-3600.0,9120.0,0.0,0.0,2081.0,4752.0,3600.0,8496.0,5040.0,1632.0,2005.0,4752.0,3600.0,83174400,0.0,0.0,4330561.0,22581504,12960000,72182016,25401600,2663424.0,4020025.0,22581504,12960000,1,0,0,1,1,1,9120.0,,,2081.0,4752.0,3600.0,8496.0,,,2005.0,4752.0,3600.0,9120.0,,,2081.0,4752.0,3600.0,8496.0,,,2005.0,4752.0,3600.0,0.6884057971014492,,,1.3548177083333333,1.0,1.0,0.6413043478260869,,,1.3053385416666667,1.0,1.0,-0.6884057971014492,,,1.3548177083333333,-1.0,-1.0,-0.6413043478260869,,,1.3053385416666667,-1.0,-1.0,ML,,,ML,TIE,TIE,SeasonalNaive,,,SeasonalNaive,,,SCP,,,SCP,,,x11 seasonal,,,x11 seasonal,,,6.842105263157894,,,3.6520903411821135,0.0,0.0,9888.0,3617.0,3541.0,-6271.0,-6347.0,10433.0,10357.0,39872065,39561529,3,3477.6666666666665,3452.3333333333335,3645.63963294966,3631.415197045545,1.0551173139158576,1.0474312297734627,-0.634203074433657,-0.6418891585760518,ML,SeasonalNaive,SCP,x11 seasonal,0.7284577782037849,13248.0,4128.0,11424.0,-9120.0,-1824.0,9120.0,15168.0,83174400,100247040,1,9120.0,15168.0,9120.0,10012.344380813118,0.6884057971014492,1.144927536231884,-0.6884057971014492,-0.13768115942028986,SCP,x11 seasonal,ML,SeasonalNaive,39.87341772151899,23136.0,7745.0,14965.0,-15391.0,-8171.0,19553.0,25525.0,123046465,139808569,4,4888.25,6381.25,5546.315556295008,5912.03368139932,0.8451331258644537,1.103258990318119,-0.6652403181189488,-0.3531725449515906,SCP,x11 seasonal,ML,SeasonalNaive,23.39666993143976,2026-07-14 13:03:02.206,0,,"
"22515,66,66,10592,1,1606,UNYKOS,""4013"",""IFA RETAIL, S.A."",Enrique Malonda Escriva,,,,,,average,average,success,,NOT_COMPARABLE_ML_EXCLUDED,1,1,0,10368.0,7680.0,9024.0,0.0,10176.0,96.0,3087.0,0.0,0.0,1768.0,0.0,0.0,,,,,,,,,,,,,,,,,,,,,,,,,,,,,,,,,,,,,,,,,,,,,,,,,,,,,,,,,,,,,,,,,,,,,,,,,,,,,,,,,,,,,,,,,,,,,,,,,,,,,,,,,,,,,,,,,,,,,,,,,,,,,,,,,,,,,,,,,,,,,,,,,,,,,,,,,,,,,,,,,,,,,,,,,,,,,,,,,,,,,,,,,,,,,,,,,,,,2026-07-14 13:03:02.206,1,ShortSeries,"
"22516,66,66,10592,1,1724,SACO INDUSTRIAL,""50"",FLORETTE HORTICOLA NAVARRA S.L.U.,José Mateos-Aparicio Martinez,,,,,,preserve current forecast,preserve current forecast,success,,NOT_COMPARABLE_MISSING_SCP_AND_ML,1,0,0,0.0,3.84,0.0,0.0,0.0,0.0,,,,,,,,,,,,,,,,,,,,,,,,,,,,,,,,,,,,,,,,,,,,,,,,,,,,,,,,,,,,,,,,,,,,,,,,,,,,,,,,,,,,,,,,,,,,,,,,,,,,,,,,,,,,,,,,,,,,,,,,,,,,,,,,,,,,,,,,,,,,,,,,,,,,,,,,,,,,,,,,,,,,,,,,,,,,,,,,,,,,,,,,,,,,,,,,,,,,,,,,,,2026-07-14 13:03:02.206,1,MissingHistory,NoForecastRowsMaterialized"
"22517,66,66,10592,1,1824,CONSUMIBLES DOMESTICOS,""6033"",GRUPO DISTRIBUIDOR GARAU SL,José Luís Sabater _,,,,,,preserve current forecast,preserve current forecast,success,,NOT_COMPARABLE_MISSING_SCP_AND_ML,1,0,0,2880.0,0.0,0.0,0.0,0.0,0.0,,,,,,,,,,,,,,,,,,,,,,,,,,,,,,,,,,,,,,,,,,,,,,,,,,,,,,,,,,,,,,,,,,,,,,,,,,,,,,,,,,,,,,,,,,,,,,,,,,,,,,,,,,,,,,,,,,,,,,,,,,,,,,,,,,,,,,,,,,,,,,,,,,,,,,,,,,,,,,,,,,,,,,,,,,,,,,,,,,,,,,,,,,,,,,,,,,,,,,,,,,2026-07-14 13:03:02.206,1,MissingHistory,NoForecastRowsMaterialized"
"22518,66,66,10592,1,1842,BOLSA BASURA PROFESIONALES,""4561"",FLORETTE HORTICOLA NAVARRA S.L.U.,José Mateos-Aparicio Martinez,,,,,,preserve current forecast,preserve current forecast,success,,NOT_COMPARABLE_MISSING_SCP_AND_ML,1,0,0,1296.0,0.0,0.0,0.0,0.0,0.0,,,,,,,,,,,,,,,,,,,,,,,,,,,,,,,,,,,,,,,,,,,,,,,,,,,,,,,,,,,,,,,,,,,,,,,,,,,,,,,,,,,,,,,,,,,,,,,,,,,,,,,,,,,,,,,,,,,,,,,,,,,,,,,,,,,,,,,,,,,,,,,,,,,,,,,,,,,,,,,,,,,,,,,,,,,,,,,,,,,,,,,,,,,,,,,,,,,,,,,,,,2026-07-14 13:03:02.206,1,MissingHistory,NoForecastRowsMaterialized"
"22519,66,66,10592,1,2267,SACO INDUSTRIAL,""4221"",GRUPO SADA P.A. S.A. - BP,José Mateos-Aparicio Martinez,,,,,,preserve current forecast,preserve current forecast,success,,NOT_COMPARABLE_MISSING_SCP_AND_ML,1,0,0,0.0,0.0,0.0,0.0,0.0,0.0,,,,,,,,,,,,,,,,,,,,,,,,,,,,,,,,,,,,,,,,,,,,,,,,,,,,,,,,,,,,,,,,,,,,,,,,,,,,,,,,,,,,,,,,,,,,,,,,,,,,,,,,,,,,,,,,,,,,,,,,,,,,,,,,,,,,,,,,,,,,,,,,,,,,,,,,,,,,,,,,,,,,,,,,,,,,,,,,,,,,,,,,,,,,,,,,,,,,,,,,,,2026-07-14 13:03:02.206,1,MissingHistory,NoForecastRowsMaterialized"
"22520,66,66,10592,1,2333,SACO INDUSTRIAL,""3652"",""ALBERAVE, S.A.U. (SOLA RICCA EXTREMADURA) - BP"",José Mateos-Aparicio Martinez,,,,,,preserve current forecast,preserve current forecast,success,,NOT_COMPARABLE_MISSING_SCP_AND_ML,1,0,0,0.0,0.0,0.0,0.0,0.0,0.0,,,,,,,,,,,,,,,,,,,,,,,,,,,,,,,,,,,,,,,,,,,,,,,,,,,,,,,,,,,,,,,,,,,,,,,,,,,,,,,,,,,,,,,,,,,,,,,,,,,,,,,,,,,,,,,,,,,,,,,,,,,,,,,,,,,,,,,,,,,,,,,,,,,,,,,,,,,,,,,,,,,,,,,,,,,,,,,,,,,,,,,,,,,,,,,,,,,,,,,,,,2026-07-14 13:03:02.206,1,MissingHistory,NoForecastRowsMaterialized"
"22521,66,66,10592,1,2449,CONSUMIBLES DOMESTICOS,""3644"","""",(Sin Definir) (Sin Definir),,,,,,preserve current forecast,preserve current forecast,success,,NOT_COMPARABLE_MISSING_SCP_AND_ML,1,0,0,64.0,0.0,0.0,0.0,0.0,0.0,,,,,,,,,,,,,,,,,,,,,,,,,,,,,,,,,,,,,,,,,,,,,,,,,,,,,,,,,,,,,,,,,,,,,,,,,,,,,,,,,,,,,,,,,,,,,,,,,,,,,,,,,,,,,,,,,,,,,,,,,,,,,,,,,,,,,,,,,,,,,,,,,,,,,,,,,,,,,,,,,,,,,,,,,,,,,,,,,,,,,,,,,,,,,,,,,,,,,,,,,,2026-07-14 13:03:02.206,1,MissingHistory,NoForecastRowsMaterialized"
"22522,66,66,10592,1,2427,BOLSA BASURA PROFESIONALES,""2659"","""",José Mateos-Aparicio Martinez,,,,,,preserve current forecast,preserve current forecast,success,,NOT_COMPARABLE_MISSING_SCP_AND_ML,1,0,0,0.0,0.0,0.0,0.0,0.0,0.0,,,,,,,,,,,,,,,,,,,,,,,,,,,,,,,,,,,,,,,,,,,,,,,,,,,,,,,,,,,,,,,,,,,,,,,,,,,,,,,,,,,,,,,,,,,,,,,,,,,,,,,,,,,,,,,,,,,,,,,,,,,,,,,,,,,,,,,,,,,,,,,,,,,,,,,,,,,,,,,,,,,,,,,,,,,,,,,,,,,,,,,,,,,,,,,,,,,,,,,,,,2026-07-14 13:03:02.206,1,MissingHistory,NoForecastRowsMaterialized"
"22523,66,66,10592,1,2493,CONSUMIBLES DOMESTICOS,""3763"",RIOS FARIAS SA - BP,ENRIQUE MALONDA ESCRIVA,,,,,,preserve current forecast,preserve current forecast,success,,NOT_COMPARABLE_MISSING_SCP_AND_ML,1,0,0,0.0,0.0,0.0,0.0,0.0,0.0,,,,,,,,,,,,,,,,,,,,,,,,,,,,,,,,,,,,,,,,,,,,,,,,,,,,,,,,,,,,,,,,,,,,,,,,,,,,,,,,,,,,,,,,,,,,,,,,,,,,,,,,,,,,,,,,,,,,,,,,,,,,,,,,,,,,,,,,,,,,,,,,,,,,,,,,,,,,,,,,,,,,,,,,,,,,,,,,,,,,,,,,,,,,,,,,,,,,,,,,,,2026-07-14 13:03:02.206,1,MissingHistory,NoForecastRowsMaterialized"
"22524,66,66,10592,1,2541,CONSUMIBLES DOMESTICOS,""3540"",DYP MIGUEZ SL.  - BP,ENRIQUE MALONDA ESCRIVA,,,,,,preserve current forecast,preserve current forecast,success,,NOT_COMPARABLE_MISSING_SCP_AND_ML,1,0,0,0.0,0.0,0.0,0.0,0.0,0.0,,,,,,,,,,,,,,,,,,,,,,,,,,,,,,,,,,,,,,,,,,,,,,,,,,,,,,,,,,,,,,,,,,,,,,,,,,,,,,,,,,,,,,,,,,,,,,,,,,,,,,,,,,,,,,,,,,,,,,,,,,,,,,,,,,,,,,,,,,,,,,,,,,,,,,,,,,,,,,,,,,,,,,,,,,,,,,,,,,,,,,,,,,,,,,,,,,,,,,,,,,2026-07-14 13:03:02.206,1,MissingHistory,NoForecastRowsMaterialized"
"22525,66,66,10592,1,541,CONSUMIBLES DOMESTICOS,""2828"",BUBBLES BIDCO SPAIN SL (ACQUA & SAPONE)A,Enrique Malonda Escriva,,,,,,preserve current forecast,preserve current forecast,success,,NOT_COMPARABLE_MISSING_SCP_AND_ML,1,0,0,0.0,0.0,0.0,0.0,0.0,0.0,,,,,,,,,,,,,,,,,,,,,,,,,,,,,,,,,,,,,,,,,,,,,,,,,,,,,,,,,,,,,,,,,,,,,,,,,,,,,,,,,,,,,,,,,,,,,,,,,,,,,,,,,,,,,,,,,,,,,,,,,,,,,,,,,,,,,,,,,,,,,,,,,,,,,,,,,,,,,,,,,,,,,,,,,,,,,,,,,,,,,,,,,,,,,,,,,,,,,,,,,,2026-07-14 13:03:02.206,1,MissingHistory,NoForecastRowsMaterialized"
"22526,66,66,10592,1,656,CONSUMIBLES DOMESTICOS,""3395"",""CENTROS COMERCIALES CARREFOUR, S.A."",Enrique Malonda Escriva,,MovingAverage12M,smooth_insuficient,smooth_insuficient_insuficient,insuficient,x11 lineal,x11 lineal,success,smooth_insuficient,COMPARABLE,1,1,1,11600.0,8800.0,9188.0,11600.0,10800.0,14800.0,12646.0,0.0,0.0,10460.0,0.0,0.0,11767.0,11766.0,11767.0,11567.0,0.0,0.0,1046.0,-8800.0,-9188.0,-1140.0,-10800.0,-14800.0,167.0,2966.0,2579.0,-33.0,-10800.0,-14800.0,1046.0,8800.0,9188.0,1140.0,10800.0,14800.0,167.0,2966.0,2579.0,33.0,10800.0,14800.0,1094116.0,77440000,84419344,1299600.0,116640000,219040000,27889.0,8797156.0,6651241.0,1089.0,116640000,219040000,1,1,1,1,1,1,1046.0,8800.0,9188.0,1140.0,10800.0,14800.0,167.0,2966.0,2579.0,33.0,10800.0,14800.0,1046.0,8800.0,9188.0,1140.0,10800.0,14800.0,167.0,2966.0,2579.0,33.0,10800.0,14800.0,0.09017241379310345,1.0,1.0,0.09827586206896552,1.0,1.0,0.01439655172413793,0.33704545454545454,0.2806922072268176,0.0028448275862068967,1.0,1.0,0.09017241379310345,-1.0,-1.0,-0.09827586206896552,-1.0,-1.0,0.01439655172413793,0.33704545454545454,0.2806922072268176,-0.0028448275862068967,-1.0,-1.0,ML,ML,ML,ML,TIE,TIE,MovingAverage12M,MovingAverage12M,MovingAverage12M,MovingAverage12M,,,SCP,SCP,SCP,SCP,,,x11 lineal,x11 lineal,x11 lineal,x11 lineal,,,84.03441682600383,66.29545454545455,71.93077927731824,97.10526315789474,0.0,0.0,37200.0,10460.0,11567.0,-26740.0,-25633.0,26740.0,25633.0,336979600,335681089,3,8913.333333333334,8544.333333333334,10598.421266081723,10577.981675789259,0.7188172043010753,0.6890591397849463,-0.7188172043010753,-0.6890591397849463,ML,MovingAverage12M,SCP,x11 lineal,4.139865370231865,29588.0,12646.0,35300.0,-16942.0,5712.0,19034.0,5712.0,162953460,15476286,3,6344.666666666667,1904.0,7370.062414932454,2271.290822417948,0.6433013383804245,0.19305123698796808,-0.5725969987832905,0.19305123698796808,ML,MovingAverage12M,SCP,x11 lineal,69.99054323841546,66788.0,23106.0,46867.0,-43682.0,-19921.0,45774.0,31345.0,499933060,351157375,6,7629.0,5224.166666666667,9128.098195498702,7650.243732500728,0.6853626399952087,0.4693208360783374,-0.6540396478409295,-0.2982721446966521,ML,MovingAverage12M,SCP,x11 lineal,31.522261545855727,2026-07-14 13:03:02.206,0,,"
"22527,66,66,10592,1,710,CONSUMIBLES DOMESTICOS,""3413"",CASALMA S.L,Enrique Malonda Escriva,,TSB,intermittent_insuficient,intermittent_insuficient_insuficient,insuficient,seasonal discrete,seasonal discrete,success,intermittent_insuficient,COMPARABLE,1,1,1,1600.0,1200.0,800.0,400.0,800.0,800.0,1360.0,0.0,0.0,800.0,0.0,0.0,745.0,745.0,746.0,754.0,0.0,0.0,-240.0,-1200.0,-800.0,400.0,-800.0,-800.0,-855.0,-455.0,-54.0,354.0,-800.0,-800.0,240.0,1200.0,800.0,400.0,800.0,800.0,855.0,455.0,54.0,354.0,800.0,800.0,57600.0,1440000.0,640000.0,160000.0,640000.0,640000.0,731025.0,207025.0,2916.0,125316.0,640000.0,640000.0,1,1,1,1,1,1,240.0,1200.0,800.0,400.0,800.0,800.0,855.0,455.0,54.0,354.0,800.0,800.0,240.0,1200.0,800.0,400.0,800.0,800.0,855.0,455.0,54.0,354.0,800.0,800.0,0.15,1.0,1.0,1.0,1.0,1.0,0.534375,0.37916666666666665,0.0675,0.885,1.0,1.0,-0.15,-1.0,-1.0,1.0,-1.0,-1.0,-0.534375,-0.37916666666666665,-0.0675,0.885,-1.0,-1.0,SCP,ML,ML,ML,TIE,TIE,seasonal discrete,TSB,TSB,TSB,,,ML,SCP,SCP,SCP,,,TSB,seasonal discrete,seasonal discrete,seasonal discrete,,,71.9298245614035,62.083333333333336,93.25,11.5,0.0,0.0,2000.0,800.0,754.0,-1200.0,-1246.0,2000.0,1954.0,1440000.0,1405316.0,3,666.6666666666666,651.3333333333334,692.8203230275509,684.425793396674,1.0,0.977,-0.6,-0.623,ML,TSB,SCP,seasonal discrete,2.300000000000002,3600.0,1360.0,2236.0,-2240.0,-1364.0,2240.0,1364.0,2137600.0,940966.0,3,746.6666666666666,454.6666666666667,844.1168955383688,560.0494025827841,0.6222222222222222,0.3788888888888889,-0.6222222222222222,-0.3788888888888889,ML,TSB,SCP,seasonal discrete,39.107142857142854,5600.0,2160.0,2990.0,-3440.0,-2610.0,4240.0,3318.0,3577600.0,2346282.0,6,706.6666666666666,553.0,772.1830525637471,625.3375088702101,0.7571428571428571,0.5925,-0.6142857142857143,-0.4660714285714286,ML,TSB,SCP,seasonal discrete,21.74528301886792,2026-07-14 13:03:02.206,0,,"
"22528,66,66,10592,1,777,CONSUMIBLES DOMESTICOS,""3449"",LA ARDOSA S.L,Enrique Malonda Escriva,,MovingAverage3M,intermittent_insuficient,intermittent_insuficient_insuficient,insuficient,preserve current forecast,preserve current forecast,success,intermittent_insuficient,COMPARABLE,1,1,1,900.0,0.0,1200.0,0.0,1200.0,0.0,0.0,1200.0,1200.0,576.0,577.0,577.0,400.0,400.0,400.0,450.0,450.0,450.0,-900.0,1200.0,0.0,576.0,-623.0,577.0,-500.0,400.0,-800.0,450.0,-750.0,450.0,900.0,1200.0,0.0,576.0,623.0,577.0,500.0,400.0,800.0,450.0,750.0,450.0,810000.0,1440000.0,0.0,331776.0,388129.0,332929.0,250000.0,160000.0,640000.0,202500.0,562500.0,202500.0,1,0,1,0,1,0,900.0,,0.0,,623.0,,500.0,,800.0,,750.0,,900.0,,0.0,,623.0,,500.0,,800.0,,750.0,,1.0,,0.0,,0.5191666666666667,,0.5555555555555556,,0.6666666666666666,,0.625,,-1.0,,0.0,,-0.5191666666666667,,-0.5555555555555556,,-0.6666666666666666,,-0.625,,ML,,SCP,,SCP,,MovingAverage3M,,preserve current forecast,,preserve current forecast,,SCP,,ML,,ML,,preserve current forecast,,MovingAverage3M,,MovingAverage3M,,44.44444444444444,,100.0,,16.933333333333334,,1200.0,1730.0,1350.0,530.0,150.0,1776.0,1650.0,1052834.0,967500.0,1,1776.0,1650.0,1026.0769951616692,983.6157786453001,1.48,1.375,0.44166666666666665,0.125,ML,MovingAverage3M,SCP,preserve current forecast,7.094594594594593,2100.0,2400.0,1200.0,300.0,-900.0,2100.0,1700.0,2250000.0,1050000.0,2,1050.0,850.0,1060.6601717798212,724.568837309472,1.0,0.8095238095238095,0.14285714285714285,-0.42857142857142855,ML,MovingAverage3M,SCP,preserve current forecast,19.047619047619047,3300.0,4130.0,2550.0,830.0,-750.0,3876.0,3350.0,3302834.0,2017500.0,3,1292.0,1116.6666666666667,1049.2591036853894,820.0609733428363,1.1745454545454546,1.0151515151515151,0.2515151515151515,-0.22727272727272727,ML,MovingAverage3M,SCP,preserve current forecast,13.570691434468527,2026-07-14 13:03:02.206,0,,"
"22529,66,66,10592,1,925,CONSUMIBLES DOMESTICOS,""3540"",""SUPER JAROCAL, S.L."",Enrique Malonda Escriva,,,,,,preserve current forecast,preserve current forecast,success,,NOT_COMPARABLE_MISSING_SCP_AND_ML,1,0,0,0.0,0.0,0.0,0.0,0.0,0.0,,,,,,,,,,,,,,,,,,,,,,,,,,,,,,,,,,,,,,,,,,,,,,,,,,,,,,,,,,,,,,,,,,,,,,,,,,,,,,,,,,,,,,,,,,,,,,,,,,,,,,,,,,,,,,,,,,,,,,,,,,,,,,,,,,,,,,,,,,,,,,,,,,,,,,,,,,,,,,,,,,,,,,,,,,,,,,,,,,,,,,,,,,,,,,,,,,,,,,,,,,2026-07-14 13:03:02.206,1,MissingHistory,NoForecastRowsMaterialized"
"22530,66,66,10592,1,942,CONSUMIBLES DOMESTICOS,""3554"",CONSUM S COOP V,José Luís Sabater _,,AutoTheta,smooth_insuficient,smooth_insuficient_insuficient,insuficient,x11 lineal,x11 lineal,success,smooth_insuficient,COMPARABLE,1,1,1,14952.0,9120.0,7296.0,9120.0,5472.0,7296.0,8101.0,0.0,0.0,8637.0,0.0,0.0,8393.0,8494.0,8596.0,9812.0,0.0,0.0,-6851.0,-9120.0,-7296.0,-483.0,-5472.0,-7296.0,-6559.0,-626.0,1300.0,692.0,-5472.0,-7296.0,6851.0,9120.0,7296.0,483.0,5472.0,7296.0,6559.0,626.0,1300.0,692.0,5472.0,7296.0,46936201,83174400,53231616,233289.0,29942784,53231616,43020481,391876.0,1690000.0,478864.0,29942784,53231616,1,1,1,1,1,1,6851.0,9120.0,7296.0,483.0,5472.0,7296.0,6559.0,626.0,1300.0,692.0,5472.0,7296.0,6851.0,9120.0,7296.0,483.0,5472.0,7296.0,6559.0,626.0,1300.0,692.0,5472.0,7296.0,0.4581995719636169,1.0,1.0,0.05296052631578947,1.0,1.0,0.4386704119850187,0.06864035087719299,0.17817982456140352,0.07587719298245614,1.0,1.0,-0.4581995719636169,-1.0,-1.0,-0.05296052631578947,-1.0,-1.0,-0.4386704119850187,-0.06864035087719299,0.17817982456140352,0.07587719298245614,-1.0,-1.0,ML,ML,ML,SCP,TIE,TIE,AutoTheta,AutoTheta,AutoTheta,x11 lineal,,,SCP,SCP,SCP,ML,,,x11 lineal,x11 lineal,x11 lineal,AutoTheta,,,4.262151510728358,93.1359649122807,82.18201754385966,30.202312138728328,0.0,0.0,21888.0,8637.0,9812.0,-13251.0,-12076.0,13251.0,13460.0,83407689,83653264,3,4417.0,4486.666666666667,5272.81357531252,5280.570171234668,0.6054002192982456,0.6149488304093568,-0.6054002192982456,-0.55171783625731,SCP,x11 lineal,ML,AutoTheta,1.552748885586932,31368.0,8101.0,25483.0,-23267.0,-5885.0,23267.0,8485.0,183342217,45102357,3,7755.666666666667,2828.3333333333335,7817.548997821078,3877.3855882540233,0.7417431777607754,0.270498597296608,-0.7417431777607754,-0.18761157867890843,ML,AutoTheta,SCP,x11 lineal,63.532041088236554,53256.0,16738.0,35295.0,-36518.0,-17961.0,36518.0,21945.0,266749906,128755621,6,6086.333333333333,3657.5,6667.707077149285,4632.415154826548,0.6857067748234941,0.4120662460567823,-0.6857067748234941,-0.33725777377196936,ML,AutoTheta,SCP,x11 lineal,39.90634755463059,2026-07-14 13:03:02.206,0,,"
"22531,66,66,10592,1,960,CONSUMIBLES DOMESTICOS,""3580"",""IFA RETAIL, S.A."",Enrique Malonda Escriva,,AutoTheta,smooth_insuficient,smooth_insuficient_insuficient,insuficient,x11 lineal,x11 lineal,success,smooth_insuficient,COMPARABLE,1,1,1,20808.0,21432.0,23256.0,30096.0,19560.0,30096.0,32549.0,0.0,0.0,19756.0,0.0,0.0,26976.0,26826.0,26678.0,24928.0,0.0,0.0,11741.0,-21432.0,-23256.0,-10340.0,-19560.0,-30096.0,6168.0,5394.0,3422.0,-5168.0,-19560.0,-30096.0,11741.0,21432.0,23256.0,10340.0,19560.0,30096.0,6168.0,5394.0,3422.0,5168.0,19560.0,30096.0,137851081,459330624,540841536,106915600,382593600,905769216,38044224,29095236,11710084,26708224,382593600,905769216,1,1,1,1,1,1,11741.0,21432.0,23256.0,10340.0,19560.0,30096.0,6168.0,5394.0,3422.0,5168.0,19560.0,30096.0,11741.0,21432.0,23256.0,10340.0,19560.0,30096.0,6168.0,5394.0,3422.0,5168.0,19560.0,30096.0,0.5642541330257593,1.0,1.0,0.3435672514619883,1.0,1.0,0.2964244521337947,0.25167973124300114,0.14714482284141728,0.1717171717171717,1.0,1.0,0.5642541330257593,-1.0,-1.0,-0.3435672514619883,-1.0,-1.0,0.2964244521337947,0.25167973124300114,0.14714482284141728,-0.1717171717171717,-1.0,-1.0,ML,ML,ML,ML,TIE,TIE,AutoTheta,AutoTheta,AutoTheta,AutoTheta,,,SCP,SCP,SCP,SCP,,,x11 lineal,x11 lineal,x11 lineal,x11 lineal,,,47.466144280725665,74.83202687569988,85.28551771585828,50.01934235976789,0.0,0.0,79752.0,19756.0,24928.0,-59996.0,-54824.0,59996.0,54824.0,1395278416,1315071040,3,19998.666666666668,18274.666666666668,21566.010417630176,20936.977177552,0.7522820744307352,0.687431036212258,-0.7522820744307352,-0.687431036212258,ML,AutoTheta,SCP,x11 lineal,8.62057470498033,65496.0,32549.0,80480.0,-32947.0,14984.0,56429.0,14984.0,1138023241,78849544,3,18809.666666666668,4994.666666666667,19476.680423864156,5126.712526886341,0.8615640649810675,0.22877732991327715,-0.5030383534872359,0.22877732991327715,ML,AutoTheta,SCP,x11 lineal,73.44627762320792,145248.0,52305.0,105408.0,-92943.0,-39840.0,116425.0,69808.0,2533301657,1393920584,6,19404.166666666668,11634.666666666666,20547.918211666438,15242.05029952773,0.8015600903282661,0.4806124697069839,-0.6398917713152676,-0.2742894910773298,ML,AutoTheta,SCP,x11 lineal,40.04036933648272,2026-07-14 13:03:02.206,0,,"
"22532,66,66,10592,1,1125,CONSUMIBLES DOMESTICOS,""4729"",""FAMILY CASH, S.L."",José Navalón _,,AutoTheta,smooth_insuficient,smooth_insuficient_insuficient,insuficient,x11 lineal,x11 lineal,success,smooth_insuficient,COMPARABLE,1,1,1,6336.0,10560.0,10560.0,14784.0,9504.0,11264.0,12138.0,0.0,0.0,12446.0,8764.0,11898.0,13324.0,13157.0,12989.0,13370.0,0.0,0.0,5802.0,-10560.0,-10560.0,-2338.0,-740.0,634.0,6988.0,2597.0,2429.0,-1414.0,-9504.0,-11264.0,5802.0,10560.0,10560.0,2338.0,740.0,634.0,6988.0,2597.0,2429.0,1414.0,9504.0,11264.0,33663204,111513600,111513600,5466244.0,547600.0,401956.0,48832144,6744409.0,5900041.0,1999396.0,90326016,126877696,1,1,1,1,1,1,5802.0,10560.0,10560.0,2338.0,740.0,634.0,6988.0,2597.0,2429.0,1414.0,9504.0,11264.0,5802.0,10560.0,10560.0,2338.0,740.0,634.0,6988.0,2597.0,2429.0,1414.0,9504.0,11264.0,0.915719696969697,1.0,1.0,0.1581439393939394,0.07786195286195287,0.05628551136363636,1.1029040404040404,0.24592803030303031,0.2300189393939394,0.09564393939393939,1.0,1.0,0.915719696969697,-1.0,-1.0,-0.1581439393939394,-0.07786195286195287,0.05628551136363636,1.1029040404040404,0.24592803030303031,0.2300189393939394,-0.09564393939393939,-1.0,-1.0,SCP,ML,ML,ML,SCP,SCP,x11 lineal,AutoTheta,AutoTheta,AutoTheta,x11 lineal,x11 lineal,ML,SCP,SCP,SCP,ML,ML,AutoTheta,x11 lineal,x11 lineal,x11 lineal,AutoTheta,AutoTheta,16.97195191757298,75.40719696969697,76.99810606060606,39.52095808383233,92.21380471380472,94.37144886363636,35552.0,33108.0,13370.0,-2444.0,-22182.0,3712.0,22182.0,6415800.0,219203108,3,1237.3333333333333,7394.0,1462.3952953972466,8547.964826007807,0.10441044104410441,0.6239311431143114,-0.06874437443744374,-0.6239311431143114,SCP,x11 lineal,ML,AutoTheta,83.26571093679561,27456.0,12138.0,39470.0,-15318.0,12014.0,26922.0,12014.0,256690404,61476594,3,8974.0,4004.6666666666665,9250.052324176335,4526.83090030984,0.9805506993006993,0.43757284382284384,-0.5579108391608392,0.43757284382284384,ML,AutoTheta,SCP,x11 lineal,55.37478642002823,63008.0,45246.0,52840.0,-17762.0,-10168.0,30634.0,34196.0,263106204,280679702,6,5105.666666666667,5699.333333333333,6622.011325873734,6839.587000202084,0.48619222955815133,0.5427247333671915,-0.28190071102082276,-0.16137633316404265,SCP,x11 lineal,ML,AutoTheta,10.416422973447197,2026-07-14 13:03:02.206,0,,"
"22533,66,66,10592,1,1141,FILM ALIMENTARIO PROFESIONAL,""2816"",""FAMILY CASH, S.L."",José Navalón _,,SeasonalNaive,smooth_insuficient,smooth_insuficient_insuficient,insuficient,x11 lineal,x11 lineal,success,smooth_insuficient,COMPARABLE,1,1,1,480.0,960.0,1440.0,960.0,1440.0,960.0,1106.0,0.0,0.0,1041.0,0.0,0.0,960.0,960.0,1440.0,1184.0,0.0,0.0,626.0,-960.0,-1440.0,81.0,-1440.0,-960.0,480.0,0.0,0.0,224.0,-1440.0,-960.0,626.0,960.0,1440.0,81.0,1440.0,960.0,480.0,0.0,0.0,224.0,1440.0,960.0,391876.0,921600.0,2073600.0,6561.0,2073600.0,921600.0,230400.0,0.0,0.0,50176.0,2073600.0,921600.0,1,1,1,1,1,1,626.0,960.0,1440.0,81.0,1440.0,960.0,480.0,0.0,0.0,224.0,1440.0,960.0,626.0,960.0,1440.0,81.0,1440.0,960.0,480.0,0.0,0.0,224.0,1440.0,960.0,1.3041666666666667,1.0,1.0,0.084375,1.0,1.0,1.0,0.0,0.0,0.23333333333333334,1.0,1.0,1.3041666666666667,-1.0,-1.0,0.084375,-1.0,-1.0,1.0,0.0,0.0,0.23333333333333334,-1.0,-1.0,ML,ML,ML,SCP,TIE,TIE,SeasonalNaive,SeasonalNaive,SeasonalNaive,x11 lineal,,,SCP,SCP,SCP,ML,,,x11 lineal,x11 lineal,x11 lineal,SeasonalNaive,,,23.322683706070286,100.0,100.0,63.83928571428571,0.0,0.0,3360.0,1041.0,1184.0,-2319.0,-2176.0,2481.0,2624.0,3001761.0,3045376.0,3,827.0,874.6666666666666,1000.2934569415117,1007.5342839493519,0.7383928571428572,0.780952380952381,-0.6901785714285714,-0.6476190476190476,SCP,x11 lineal,ML,SeasonalNaive,5.449695121951215,2880.0,1106.0,3360.0,-1774.0,480.0,3026.0,480.0,3387076.0,230400.0,3,1008.6666666666666,160.0,1062.5560377379318,277.1281292110204,1.0506944444444444,0.16666666666666666,-0.6159722222222223,0.16666666666666666,ML,SeasonalNaive,SCP,x11 lineal,84.13747521480502,6240.0,2147.0,4544.0,-4093.0,-1696.0,5507.0,3104.0,6388837.0,3275776.0,6,917.8333333333334,517.3333333333334,1031.8944551971713,738.8928654863753,0.8825320512820513,0.49743589743589745,-0.6559294871794872,-0.2717948717948718,ML,SeasonalNaive,SCP,x11 lineal,43.6353731614309,2026-07-14 13:03:02.206,0,,"
"22534,66,66,10592,1,2451,CONSUMIBLES DOMESTICOS,""2814"",COMERBAL-NOVAVENDA - BP,José Navalón _,,,,,,preserve current forecast,preserve current forecast,success,,NOT_COMPARABLE_MISSING_SCP_AND_ML,1,0,0,0.0,0.0,0.0,0.0,0.0,0.0,,,,,,,,,,,,,,,,,,,,,,,,,,,,,,,,,,,,,,,,,,,,,,,,,,,,,,,,,,,,,,,,,,,,,,,,,,,,,,,,,,,,,,,,,,,,,,,,,,,,,,,,,,,,,,,,,,,,,,,,,,,,,,,,,,,,,,,,,,,,,,,,,,,,,,,,,,,,,,,,,,,,,,,,,,,,,,,,,,,,,,,,,,,,,,,,,,,,,,,,,,2026-07-14 13:03:02.206,1,MissingHistory,NoForecastRowsMaterialized"
"22535,66,66,10592,1,2501,SACO INDUSTRIAL,""3698"",PAYAN HERMANOS,José Mateos-Aparicio Martinez,,,,,,preserve current forecast,preserve current forecast,success,,NOT_COMPARABLE_MISSING_SCP_AND_ML,1,0,0,0.0,0.0,0.0,0.0,0.0,0.0,,,,,,,,,,,,,,,,,,,,,,,,,,,,,,,,,,,,,,,,,,,,,,,,,,,,,,,,,,,,,,,,,,,,,,,,,,,,,,,,,,,,,,,,,,,,,,,,,,,,,,,,,,,,,,,,,,,,,,,,,,,,,,,,,,,,,,,,,,,,,,,,,,,,,,,,,,,,,,,,,,,,,,,,,,,,,,,,,,,,,,,,,,,,,,,,,,,,,,,,,,2026-07-14 13:03:02.206,1,MissingHistory,NoForecastRowsMaterialized"
"22536,66,66,10592,1,2533,CONSUMIBLES DOMESTICOS,""2827"",DYP MIGUEZ SL.  - BP,ENRIQUE MALONDA ESCRIVA,,,,,,preserve current forecast,preserve current forecast,success,,NOT_COMPARABLE_MISSING_SCP_AND_ML,1,0,0,0.0,0.0,0.0,0.0,0.0,0.0,,,,,,,,,,,,,,,,,,,,,,,,,,,,,,,,,,,,,,,,,,,,,,,,,,,,,,,,,,,,,,,,,,,,,,,,,,,,,,,,,,,,,,,,,,,,,,,,,,,,,,,,,,,,,,,,,,,,,,,,,,,,,,,,,,,,,,,,,,,,,,,,,,,,,,,,,,,,,,,,,,,,,,,,,,,,,,,,,,,,,,,,,,,,,,,,,,,,,,,,,,2026-07-14 13:03:02.206,1,MissingHistory,NoForecastRowsMaterialized"
"22537,66,66,10592,1,1208,""LÁMINA INDUSTRIAL, SEMITUBO Y TUBO"",""3731"",UVESA,José Mateos-Aparicio Martinez,,TSB,intermittent_insuficient,intermittent_insuficient_insuficient,insuficient,syntetos-boylan,syntetos-boylan,success,intermittent_insuficient,NOT_COMPARABLE_MISSING_SCP,1,0,1,60.0,0.0,0.0,60.0,0.0,0.0,,,,,,,16.6,16.7,16.7,16.0,0.0,0.0,,,,,,,,,,,,,,,,,,,,,,,,,,,,,,,,,,,,,,,,,,,,,,,,,,,,,,,,,,,,,,,,,,,,,,,,,,,,,,,,,,,,,,,,,,,,,,,,,,,,,,,,,,,,,,,,,,,,,,,,,,,,,,,,,,,,,,,,,,,,,,,,,,,,,,,,,,,,,,,,,,,,,,,,,,,,,,,,,,,,,,,,,,,,,,2026-07-14 13:03:02.206,0,,NoForecastRowsMaterialized"
"22538,66,66,10592,1,1211,""LÁMINA INDUSTRIAL, SEMITUBO Y TUBO"",""3735"",ELPOZO ALIMENTACION S.A.,José Mateos-Aparicio Martinez,,CrostonSBA,intermittent_insuficient,intermittent_insuficient_insuficient,insuficient,seasonal discrete,seasonal discrete,success,intermittent_insuficient,NOT_COMPARABLE_MISSING_SCP,1,0,1,5541.93,7456.7,2526.45,4152.55,1063.35,4201.65,,,,,,,3956.9,12026.9,0.0,0.0,0.0,0.0,,,,,,,,,,,,,,,,,,,,,,,,,,,,,,,,,,,,,,,,,,,,,,,,,,,,,,,,,,,,,,,,,,,,,,,,,,,,,,,,,,,,,,,,,,,,,,,,,,,,,,,,,,,,,,,,,,,,,,,,,,,,,,,,,,,,,,,,,,,,,,,,,,,,,,,,,,,,,,,,,,,,,,,,,,,,,,,,,,,,,,,,,,,,,,2026-07-14 13:03:02.206,0,,NoForecastRowsMaterialized"
"22539,66,66,10592,1,1325,SACO INDUSTRIAL,""50"",CARNICAS SERRANO,José Mateos-Aparicio Martinez,,,,,,preserve current forecast,preserve current forecast,success,,NOT_COMPARABLE_MISSING_SCP_AND_ML,1,0,0,0.0,0.0,0.0,0.0,0.0,0.0,,,,,,,,,,,,,,,,,,,,,,,,,,,,,,,,,,,,,,,,,,,,,,,,,,,,,,,,,,,,,,,,,,,,,,,,,,,,,,,,,,,,,,,,,,,,,,,,,,,,,,,,,,,,,,,,,,,,,,,,,,,,,,,,,,,,,,,,,,,,,,,,,,,,,,,,,,,,,,,,,,,,,,,,,,,,,,,,,,,,,,,,,,,,,,,,,,,,,,,,,,2026-07-14 13:03:02.206,1,MissingHistory,NoForecastRowsMaterialized"
"22540,66,66,10592,1,1543,UNYKOS,""2537"",LA ARDOSA S.L,Enrique Malonda Escriva,,,,,,preserve current forecast,preserve current forecast,success,,NOT_COMPARABLE_ML_EXCLUDED,1,1,0,0.0,0.0,0.0,3360.0,6720.0,3360.0,0.0,0.0,4474.0,3360.0,0.0,3360.0,,,,,,,,,,,,,,,,,,,,,,,,,,,,,,,,,,,,,,,,,,,,,,,,,,,,,,,,,,,,,,,,,,,,,,,,,,,,,,,,,,,,,,,,,,,,,,,,,,,,,,,,,,,,,,,,,,,,,,,,,,,,,,,,,,,,,,,,,,,,,,,,,,,,,,,,,,,,,,,,,,,,,,,,,,,,,,,,,,,,,,,,,,,,,,,,,,,,2026-07-14 13:03:02.206,1,MissingHistory,"
"22541,66,66,10592,1,1560,UNYKOS,""2561"",""DIA RETAIL ESPAÑA, S.A."",Enrique Malonda Escriva,,SeasonalNaive,smooth_insuficient,smooth_insuficient_insuficient,insuficient,x11 seasonal,x11 seasonal,success,smooth_insuficient,COMPARABLE,1,1,1,14400.0,17280.0,14400.0,25920.0,17280.0,25920.0,17126.0,0.0,0.0,20212.0,0.0,0.0,11520.0,25920.0,20160.0,20160.0,0.0,0.0,2726.0,-17280.0,-14400.0,-5708.0,-17280.0,-25920.0,-2880.0,8640.0,5760.0,-5760.0,-17280.0,-25920.0,2726.0,17280.0,14400.0,5708.0,17280.0,25920.0,2880.0,8640.0,5760.0,5760.0,17280.0,25920.0,7431076.0,298598400,207360000,32581264,298598400,671846400,8294400.0,74649600,33177600,33177600,298598400,671846400,1,1,1,1,1,1,2726.0,17280.0,14400.0,5708.0,17280.0,25920.0,2880.0,8640.0,5760.0,5760.0,17280.0,25920.0,2726.0,17280.0,14400.0,5708.0,17280.0,25920.0,2880.0,8640.0,5760.0,5760.0,17280.0,25920.0,0.18930555555555556,1.0,1.0,0.22021604938271605,1.0,1.0,0.2,0.5,0.4,0.2222222222222222,1.0,1.0,0.18930555555555556,-1.0,-1.0,-0.22021604938271605,-1.0,-1.0,-0.2,0.5,0.4,-0.2222222222222222,-1.0,-1.0,SCP,ML,ML,SCP,TIE,TIE,x11 seasonal,SeasonalNaive,SeasonalNaive,x11 seasonal,,,ML,SCP,SCP,ML,,,SeasonalNaive,x11 seasonal,x11 seasonal,SeasonalNaive,,,5.347222222222225,50.0,60.0,0.9027777777777718,0.0,0.0,69120.0,20212.0,20160.0,-48908.0,-48960.0,48908.0,48960.0,1003026064,1003622400,3,16302.666666666666,16320.0,18285.021775577225,18290.456527927345,0.7075810185185185,0.7083333333333334,-0.7075810185185185,-0.7083333333333334,SCP,x11 seasonal,ML,SeasonalNaive,0.10620915032680353,46080.0,17126.0,57600.0,-28954.0,11520.0,34406.0,17280.0,513389476,116121600,3,11468.666666666666,5760.0,13081.659884484588,6221.511070471546,0.7466579861111111,0.375,-0.6283420138888889,0.25,ML,SeasonalNaive,SCP,x11 seasonal,49.77620182526303,115200.0,37338.0,77760.0,-77862.0,-37440.0,83314.0,66240.0,1516415540,1119744000,6,13885.666666666666,11040.0,15897.670374408111,13661.039491927399,0.7232118055555555,0.575,-0.6758854166666667,-0.325,ML,SeasonalNaive,SCP,x11 seasonal,20.493554504645083,2026-07-14 13:03:02.206,0,,"
"22542,66,66,10592,1,1579,UNYKOS,""2571"",CONSUM S COOP V,José Luís Sabater _,,MovingAverage12M,smooth_insuficient,smooth_insuficient_insuficient,insuficient,x11 seasonal,x11 seasonal,success,smooth_insuficient,COMPARABLE,1,1,1,0.0,0.0,432.0,1122.0,594.0,396.0,1018.0,0.0,0.0,779.0,0.0,0.0,886.0,886.0,887.0,330.0,0.0,0.0,1018.0,0.0,-432.0,-343.0,-594.0,-396.0,886.0,886.0,455.0,-792.0,-594.0,-396.0,1018.0,0.0,432.0,343.0,594.0,396.0,886.0,886.0,455.0,792.0,594.0,396.0,1036324.0,0.0,186624.0,117649.0,352836.0,156816.0,784996.0,784996.0,207025.0,627264.0,352836.0,156816.0,0,0,1,1,1,1,,,432.0,343.0,594.0,396.0,,,455.0,792.0,594.0,396.0,,,432.0,343.0,594.0,396.0,,,455.0,792.0,594.0,396.0,,,1.0,0.3057040998217469,1.0,1.0,,,1.0532407407407407,0.7058823529411765,1.0,1.0,,,-1.0,-0.3057040998217469,-1.0,-1.0,,,1.0532407407407407,-0.7058823529411765,-1.0,-1.0,,,SCP,SCP,TIE,TIE,,,x11 seasonal,x11 seasonal,,,,,ML,ML,,,,,MovingAverage12M,MovingAverage12M,,,,,5.054945054945051,56.69191919191919,0.0,0.0,2112.0,779.0,330.0,-1333.0,-1782.0,1333.0,1782.0,627301.0,1136916.0,3,444.3333333333333,594.0,457.2748990851492,615.6070175038618,0.631155303030303,0.84375,-0.631155303030303,-0.84375,SCP,x11 seasonal,ML,MovingAverage12M,25.19640852974187,432.0,1018.0,2659.0,586.0,2227.0,1450.0,2227.0,1222948.0,1777017.0,1,1450.0,2227.0,1105.8697934205454,1333.0480111383836,3.3564814814814814,5.155092592592593,1.3564814814814814,5.155092592592593,SCP,x11 seasonal,ML,MovingAverage12M,34.88998652896273,2544.0,1797.0,2989.0,-747.0,445.0,2783.0,4009.0,1850249.0,2913933.0,4,695.75,1002.25,680.1192910070997,853.5123021960492,1.0939465408805031,1.5758647798742138,-0.2936320754716981,0.17492138364779874,SCP,x11 seasonal,ML,MovingAverage12M,30.581192317286103,2026-07-14 13:03:02.206,0,,"
"22543,66,66,10592,1,1594,UNYKOS,""2606"",CORP. ALIMENTARIA GUISSONA,Enrique Malonda Escriva,,,,,,preserve current forecast,preserve current forecast,success,,NOT_COMPARABLE_MISSING_SCP_AND_ML,1,0,0,0.0,10752.0,10752.0,0.0,16128.0,0.0,,,,,,,,,,,,,,,,,,,,,,,,,,,,,,,,,,,,,,,,,,,,,,,,,,,,,,,,,,,,,,,,,,,,,,,,,,,,,,,,,,,,,,,,,,,,,,,,,,,,,,,,,,,,,,,,,,,,,,,,,,,,,,,,,,,,,,,,,,,,,,,,,,,,,,,,,,,,,,,,,,,,,,,,,,,,,,,,,,,,,,,,,,,,,,,,,,,,,,,,,,2026-07-14 13:03:02.206,1,ShortSeries,NoForecastRowsMaterialized"
"22544,66,66,10592,1,1596,UNYKOS,""2606"",JUAN FORNES - SUPERMERCADOS MAS Y MAS,Enrique Malonda Escriva,,,,,,preserve current forecast,preserve current forecast,success,,NOT_COMPARABLE_ML_EXCLUDED,1,1,0,0.0,0.0,0.0,9408.0,6720.0,10752.0,0.0,0.0,578.0,10892.0,8652.0,5964.0,,,,,,,,,,,,,,,,,,,,,,,,,,,,,,,,,,,,,,,,,,,,,,,,,,,,,,,,,,,,,,,,,,,,,,,,,,,,,,,,,,,,,,,,,,,,,,,,,,,,,,,,,,,,,,,,,,,,,,,,,,,,,,,,,,,,,,,,,,,,,,,,,,,,,,,,,,,,,,,,,,,,,,,,,,,,,,,,,,,,,,,,,,,,,,,,,,,,2026-07-14 13:03:02.206,1,MissingHistory,"
"22545,66,66,10592,1,1626,CONSUMIBLES DOMESTICOS,""2827"","""",Manolo PLS Cerrato,,,,,,average,average,success,,NOT_COMPARABLE_MISSING_SCP_AND_ML,1,0,0,0.0,480.0,2280.0,0.0,0.0,0.0,,,,,,,,,,,,,,,,,,,,,,,,,,,,,,,,,,,,,,,,,,,,,,,,,,,,,,,,,,,,,,,,,,,,,,,,,,,,,,,,,,,,,,,,,,,,,,,,,,,,,,,,,,,,,,,,,,,,,,,,,,,,,,,,,,,,,,,,,,,,,,,,,,,,,,,,,,,,,,,,,,,,,,,,,,,,,,,,,,,,,,,,,,,,,,,,,,,,,,,,,,2026-07-14 13:03:02.206,1,ShortSeries,NoForecastRowsMaterialized"
"22546,66,66,10592,1,1797,CONSUMIBLES DOMESTICOS,""5995"",GRUPO DISTRIBUIDOR GARAU SL,José Luís Sabater _,,,,,,preserve current forecast,preserve current forecast,success,,NOT_COMPARABLE_MISSING_SCP_AND_ML,1,0,0,42240.0,0.0,0.0,0.0,0.0,0.0,,,,,,,,,,,,,,,,,,,,,,,,,,,,,,,,,,,,,,,,,,,,,,,,,,,,,,,,,,,,,,,,,,,,,,,,,,,,,,,,,,,,,,,,,,,,,,,,,,,,,,,,,,,,,,,,,,,,,,,,,,,,,,,,,,,,,,,,,,,,,,,,,,,,,,,,,,,,,,,,,,,,,,,,,,,,,,,,,,,,,,,,,,,,,,,,,,,,,,,,,,2026-07-14 13:03:02.206,1,MissingHistory,NoForecastRowsMaterialized"
"22547,66,66,10592,1,2292,CONSUMIBLES DOMESTICOS,""2815"",""EXCLUSIVAS DITAYO, S.L - BP"",José Luís Sabater _,,,,,,preserve current forecast,preserve current forecast,success,,NOT_COMPARABLE_MISSING_SCP_AND_ML,1,0,0,0.0,0.0,0.0,0.0,0.0,0.0,,,,,,,,,,,,,,,,,,,,,,,,,,,,,,,,,,,,,,,,,,,,,,,,,,,,,,,,,,,,,,,,,,,,,,,,,,,,,,,,,,,,,,,,,,,,,,,,,,,,,,,,,,,,,,,,,,,,,,,,,,,,,,,,,,,,,,,,,,,,,,,,,,,,,,,,,,,,,,,,,,,,,,,,,,,,,,,,,,,,,,,,,,,,,,,,,,,,,,,,,,2026-07-14 13:03:02.206,1,MissingHistory,NoForecastRowsMaterialized"
"22548,66,66,10592,1,2324,FILM ALIMENTARIO PROFESIONAL,""4009"",DISVALL LOGISTIC S.L - BP,ENRIQUE MALONDA ESCRIVA,,,,,,preserve current forecast,preserve current forecast,success,,NOT_COMPARABLE_MISSING_SCP_AND_ML,1,0,0,0.0,0.0,0.0,0.0,0.0,0.0,,,,,,,,,,,,,,,,,,,,,,,,,,,,,,,,,,,,,,,,,,,,,,,,,,,,,,,,,,,,,,,,,,,,,,,,,,,,,,,,,,,,,,,,,,,,,,,,,,,,,,,,,,,,,,,,,,,,,,,,,,,,,,,,,,,,,,,,,,,,,,,,,,,,,,,,,,,,,,,,,,,,,,,,,,,,,,,,,,,,,,,,,,,,,,,,,,,,,,,,,,2026-07-14 13:03:02.206,1,MissingHistory,NoForecastRowsMaterialized"
"22549,66,66,10592,1,2358,SACO INDUSTRIAL,""3704"",""IMPORTADORA TUDELANA, S.A. (IMPOTUSA) - BP"",José Mateos-Aparicio Martinez,,,,,,preserve current forecast,preserve current forecast,success,,NOT_COMPARABLE_MISSING_SCP_AND_ML,1,0,0,0.0,0.0,0.0,0.0,0.0,0.0,,,,,,,,,,,,,,,,,,,,,,,,,,,,,,,,,,,,,,,,,,,,,,,,,,,,,,,,,,,,,,,,,,,,,,,,,,,,,,,,,,,,,,,,,,,,,,,,,,,,,,,,,,,,,,,,,,,,,,,,,,,,,,,,,,,,,,,,,,,,,,,,,,,,,,,,,,,,,,,,,,,,,,,,,,,,,,,,,,,,,,,,,,,,,,,,,,,,,,,,,,2026-07-14 13:03:02.206,1,MissingHistory,NoForecastRowsMaterialized"
"22550,66,66,10592,1,2467,SACO INDUSTRIAL,""3703"",GRUPO SADA P.A. S.A. - BP,José Mateos-Aparicio Martinez,,,,,,preserve current forecast,preserve current forecast,success,,NOT_COMPARABLE_MISSING_SCP_AND_ML,1,0,0,0.0,0.0,0.0,0.0,0.0,0.0,,,,,,,,,,,,,,,,,,,,,,,,,,,,,,,,,,,,,,,,,,,,,,,,,,,,,,,,,,,,,,,,,,,,,,,,,,,,,,,,,,,,,,,,,,,,,,,,,,,,,,,,,,,,,,,,,,,,,,,,,,,,,,,,,,,,,,,,,,,,,,,,,,,,,,,,,,,,,,,,,,,,,,,,,,,,,,,,,,,,,,,,,,,,,,,,,,,,,,,,,,2026-07-14 13:03:02.206,1,MissingHistory,NoForecastRowsMaterialized"
"22551,66,66,10592,1,2519,""LÁMINA INDUSTRIAL, SEMITUBO Y TUBO"",""3716"",""IMPORTADORA TUDELANA, S.A. (IMPOTUSA) - BP"",José Mateos-Aparicio Martinez,,,,,,preserve current forecast,preserve current forecast,success,,NOT_COMPARABLE_MISSING_SCP_AND_ML,1,0,0,0.0,0.0,0.0,0.0,0.0,0.0,,,,,,,,,,,,,,,,,,,,,,,,,,,,,,,,,,,,,,,,,,,,,,,,,,,,,,,,,,,,,,,,,,,,,,,,,,,,,,,,,,,,,,,,,,,,,,,,,,,,,,,,,,,,,,,,,,,,,,,,,,,,,,,,,,,,,,,,,,,,,,,,,,,,,,,,,,,,,,,,,,,,,,,,,,,,,,,,,,,,,,,,,,,,,,,,,,,,,,,,,,2026-07-14 13:03:02.206,1,MissingHistory,NoForecastRowsMaterialized"
"22552,66,66,10592,1,2549,""LÁMINA INDUSTRIAL, SEMITUBO Y TUBO"",""3720"",SEDIASA ALIMENTACION S.A,José Mateos-Aparicio Martinez,,,,,,preserve current forecast,preserve current forecast,success,,NOT_COMPARABLE_MISSING_SCP_AND_ML,1,0,0,0.0,0.0,0.0,0.0,0.0,0.0,,,,,,,,,,,,,,,,,,,,,,,,,,,,,,,,,,,,,,,,,,,,,,,,,,,,,,,,,,,,,,,,,,,,,,,,,,,,,,,,,,,,,,,,,,,,,,,,,,,,,,,,,,,,,,,,,,,,,,,,,,,,,,,,,,,,,,,,,,,,,,,,,,,,,,,,,,,,,,,,,,,,,,,,,,,,,,,,,,,,,,,,,,,,,,,,,,,,,,,,,,2026-07-14 13:03:02.206,1,MissingHistory,NoForecastRowsMaterialized"
"22553,66,66,10592,1,1762,CONSUMIBLES DOMESTICOS,""5916"",CONSUM S COOP V,José Luís Sabater _,,SeasonalNaive,smooth_insuficient,smooth_insuficient_insuficient,insuficient,x11 seasonal,x11 seasonal,success,smooth_insuficient,COMPARABLE,1,1,1,16800.0,21675.0,23100.0,19950.0,17850.0,17850.0,17522.0,0.0,0.0,0.0,0.0,0.0,18900.0,19950.0,19950.0,21199.0,0.0,0.0,722.0,-21675.0,-23100.0,-19950.0,-17850.0,-17850.0,2100.0,-1725.0,-3150.0,1249.0,-17850.0,-17850.0,722.0,21675.0,23100.0,19950.0,17850.0,17850.0,2100.0,1725.0,3150.0,1249.0,17850.0,17850.0,521284.0,469805625,533610000,398002500,318622500,318622500,4410000.0,2975625.0,9922500.0,1560001.0,318622500,318622500,1,1,1,1,1,1,722.0,21675.0,23100.0,19950.0,17850.0,17850.0,2100.0,1725.0,3150.0,1249.0,17850.0,17850.0,722.0,21675.0,23100.0,19950.0,17850.0,17850.0,2100.0,1725.0,3150.0,1249.0,17850.0,17850.0,0.04297619047619047,1.0,1.0,1.0,1.0,1.0,0.125,0.07958477508650519,0.13636363636363635,0.06260651629072682,1.0,1.0,0.04297619047619047,-1.0,-1.0,-1.0,-1.0,-1.0,0.125,-0.07958477508650519,-0.13636363636363635,0.06260651629072682,-1.0,-1.0,SCP,ML,ML,ML,TIE,TIE,x11 seasonal,SeasonalNaive,SeasonalNaive,SeasonalNaive,,,ML,SCP,SCP,SCP,,,SeasonalNaive,x11 seasonal,x11 seasonal,x11 seasonal,,,65.61904761904762,92.04152249134948,86.36363636363636,93.73934837092732,0.0,0.0,55650.0,0.0,21199.0,-55650.0,-34451.0,55650.0,36949.0,1035247500,638805001,3,18550.0,12316.333333333334,18576.39631360184,14592.292497525306,1.0,0.6639532794249775,-1.0,-0.6190655884995507,ML,SeasonalNaive,SCP,x11 seasonal,33.60467205750225,61575.0,17522.0,58800.0,-44053.0,-2775.0,45497.0,6975.0,1003936909,17308125,3,15165.666666666666,2325.0,18293.322178689505,2401.9523309174974,0.7388875355257816,0.11327649208282582,-0.7154364596021112,-0.04506699147381242,ML,SeasonalNaive,SCP,x11 seasonal,84.66931885618831,117225.0,17522.0,79999.0,-99703.0,-37226.0,101147.0,43924.0,2039184409,656113126,6,16857.833333333332,7320.666666666667,18435.402576745284,10457.159636663613,0.8628449562806568,0.3746982298997654,-0.8505267647686073,-0.31756024738750266,ML,SeasonalNaive,SCP,x11 seasonal,56.57409512887184,2026-07-14 13:03:02.206,0,,NoForecastRowsMaterialized"
"22554,66,66,10592,1,2361,CONSUMIBLES DOMESTICOS,""4772"",ALIMERKA S.A.U.,ENRIQUE MALONDA ESCRIVA,,SeasonalNaive,intermittent_insuficient,intermittent_insuficient_insuficient,insuficient,syntetos-boylan,syntetos-boylan,success,intermittent_insuficient,NOT_COMPARABLE_MISSING_SCP,1,0,1,3200.0,0.0,0.0,0.0,0.0,3200.0,,,,,,,0.0,0.0,0.0,0.0,0.0,0.0,,,,,,,,,,,,,,,,,,,,,,,,,,,,,,,,,,,,,,,,,,,,,,,,,,,,,,,,,,,,,,,,,,,,,,,,,,,,,,,,,,,,,,,,,,,,,,,,,,,,,,,,,,,,,,,,,,,,,,,,,,,,,,,,,,,,,,,,,,,,,,,,,,,,,,,,,,,,,,,,,,,,,,,,,,,,,,,,,,,,,,,,,,,,,,2026-07-14 13:03:02.206,0,,NoForecastRowsMaterialized"
"22555,66,66,10592,1,2381,CONSUMIBLES DOMESTICOS,""2814"",CARO RUIZ S.A - BP,ENRIQUE MALONDA ESCRIVA,,,,,,preserve current forecast,preserve current forecast,success,,NOT_COMPARABLE_MISSING_SCP_AND_ML,1,0,0,0.0,0.0,0.0,0.0,0.0,0.0,,,,,,,,,,,,,,,,,,,,,,,,,,,,,,,,,,,,,,,,,,,,,,,,,,,,,,,,,,,,,,,,,,,,,,,,,,,,,,,,,,,,,,,,,,,,,,,,,,,,,,,,,,,,,,,,,,,,,,,,,,,,,,,,,,,,,,,,,,,,,,,,,,,,,,,,,,,,,,,,,,,,,,,,,,,,,,,,,,,,,,,,,,,,,,,,,,,,,,,,,,2026-07-14 13:03:02.206,1,MissingHistory,NoForecastRowsMaterialized"
"22556,66,66,10592,1,2529,CONSUMIBLES DOMESTICOS,""2758"",DYP MIGUEZ SL.  - BP,ENRIQUE MALONDA ESCRIVA,,,,,,preserve current forecast,preserve current forecast,success,,NOT_COMPARABLE_MISSING_SCP_AND_ML,1,0,0,0.0,0.0,0.0,0.0,0.0,0.0,,,,,,,,,,,,,,,,,,,,,,,,,,,,,,,,,,,,,,,,,,,,,,,,,,,,,,,,,,,,,,,,,,,,,,,,,,,,,,,,,,,,,,,,,,,,,,,,,,,,,,,,,,,,,,,,,,,,,,,,,,,,,,,,,,,,,,,,,,,,,,,,,,,,,,,,,,,,,,,,,,,,,,,,,,,,,,,,,,,,,,,,,,,,,,,,,,,,,,,,,,2026-07-14 13:03:02.206,1,MissingHistory,NoForecastRowsMaterialized"
"22557,66,66,10592,1,575,CONSUMIBLES DOMESTICOS,""2832"",""FAMILY CASH, S.L."",José Navalón _,,AutoTheta,smooth_insuficient,smooth_insuficient_insuficient,insuficient,x11 seasonal,x11 seasonal,success,smooth_insuficient,COMPARABLE,1,1,1,1200.0,2400.0,4800.0,3600.0,3600.0,3600.0,2953.0,0.0,0.0,2264.0,0.0,0.0,3580.0,3580.0,3580.0,2043.0,0.0,0.0,1753.0,-2400.0,-4800.0,-1336.0,-3600.0,-3600.0,2380.0,1180.0,-1220.0,-1557.0,-3600.0,-3600.0,1753.0,2400.0,4800.0,1336.0,3600.0,3600.0,2380.0,1180.0,1220.0,1557.0,3600.0,3600.0,3073009.0,5760000.0,23040000,1784896.0,12960000,12960000,5664400.0,1392400.0,1488400.0,2424249.0,12960000,12960000,1,1,1,1,1,1,1753.0,2400.0,4800.0,1336.0,3600.0,3600.0,2380.0,1180.0,1220.0,1557.0,3600.0,3600.0,1753.0,2400.0,4800.0,1336.0,3600.0,3600.0,2380.0,1180.0,1220.0,1557.0,3600.0,3600.0,1.4608333333333334,1.0,1.0,0.3711111111111111,1.0,1.0,1.9833333333333334,0.49166666666666664,0.25416666666666665,0.4325,1.0,1.0,1.4608333333333334,-1.0,-1.0,-0.3711111111111111,-1.0,-1.0,1.9833333333333334,0.49166666666666664,-0.25416666666666665,-0.4325,-1.0,-1.0,SCP,ML,ML,SCP,TIE,TIE,x11 seasonal,AutoTheta,AutoTheta,x11 seasonal,,,ML,SCP,SCP,ML,,,AutoTheta,x11 seasonal,x11 seasonal,AutoTheta,,,26.344537815126046,50.83333333333333,74.58333333333333,14.193962748876043,0.0,0.0,10800.0,2264.0,2043.0,-8536.0,-8757.0,8536.0,8757.0,27704896,28344249,3,2845.3333333333335,2919.0,3038.908576007731,3073.7734139002505,0.7903703703703704,0.8108333333333333,-0.7903703703703704,-0.8108333333333333,SCP,x11 seasonal,ML,AutoTheta,2.5236953294507183,8400.0,2953.0,10740.0,-5447.0,2340.0,8953.0,4780.0,31873009,8545200.0,3,2984.3333333333335,1593.3333333333333,3259.49939919205,1687.7203559831823,1.0658333333333334,0.569047619047619,-0.648452380952381,0.2785714285714286,ML,AutoTheta,SCP,x11 seasonal,46.61007483525076,19200.0,5217.0,12783.0,-13983.0,-6417.0,17489.0,13537.0,59577905,36889449,6,2914.8333333333335,2256.1666666666665,3151.1348484844843,2479.5647803596503,0.9108854166666667,0.7050520833333334,-0.72828125,-0.33421875,ML,AutoTheta,SCP,x11 seasonal,22.597061009777573,2026-07-14 13:03:02.206,0,,"
"22558,66,66,10592,1,590,CONSUMIBLES DOMESTICOS,""2854"",AHORRAMAS (GRUPO IFA),Enrique Malonda Escriva,,SeasonalNaive,smooth_insuficient,smooth_insuficient_insuficient,insuficient,x11 seasonal,x11 seasonal,success,smooth_insuficient,COMPARABLE,1,1,1,38760.0,50160.0,50160.0,54720.0,72960.0,50160.0,49786.0,0.0,0.0,49262.0,0.0,0.0,43320.0,63840.0,43320.0,45600.0,0.0,0.0,11026.0,-50160.0,-50160.0,-5458.0,-72960.0,-50160.0,4560.0,13680.0,-6840.0,-9120.0,-72960.0,-50160.0,11026.0,50160.0,50160.0,5458.0,72960.0,50160.0,4560.0,13680.0,6840.0,9120.0,72960.0,50160.0,121572676,2516025600,2516025600,29789764,5323161600,2516025600,20793600,187142400,46785600,83174400,5323161600,2516025600,1,1,1,1,1,1,11026.0,50160.0,50160.0,5458.0,72960.0,50160.0,4560.0,13680.0,6840.0,9120.0,72960.0,50160.0,11026.0,50160.0,50160.0,5458.0,72960.0,50160.0,4560.0,13680.0,6840.0,9120.0,72960.0,50160.0,0.28446852425180597,1.0,1.0,0.09974415204678362,1.0,1.0,0.11764705882352941,0.2727272727272727,0.13636363636363635,0.16666666666666666,1.0,1.0,0.28446852425180597,-1.0,-1.0,-0.09974415204678362,-1.0,-1.0,0.11764705882352941,0.2727272727272727,-0.13636363636363635,-0.16666666666666666,-1.0,-1.0,ML,ML,ML,SCP,TIE,TIE,SeasonalNaive,SeasonalNaive,SeasonalNaive,x11 seasonal,,,SCP,SCP,SCP,ML,,,x11 seasonal,x11 seasonal,x11 seasonal,SeasonalNaive,,,58.64320696535461,72.72727272727273,86.36363636363636,40.15350877192982,0.0,0.0,177840.0,49262.0,45600.0,-128578.0,-132240.0,128578.0,132240.0,7868976964,7922361600,3,42859.333333333336,44080.0,51215.157144475634,51388.59017330598,0.7229982006297796,0.7435897435897436,-0.7229982006297796,-0.7435897435897436,SCP,x11 seasonal,ML,SeasonalNaive,2.769207501512402,139080.0,49786.0,150480.0,-89294.0,11400.0,111346.0,25080.0,5153623876,254721600,3,37115.333333333336,8360.0,41447.251119143395,9214.510296266428,0.8005895887259131,0.18032786885245902,-0.6420333620937589,0.08196721311475409,ML,SeasonalNaive,SCP,x11 seasonal,77.47561654662046,316920.0,99048.0,196080.0,-217872.0,-120840.0,239924.0,157320.0,13022600840,8177083200,6,39987.333333333336,26220.0,46587.91123599913,36916.7604212504,0.757049097564054,0.49640287769784175,-0.6874668686103749,-0.381294964028777,ML,SeasonalNaive,SCP,x11 seasonal,34.42923592470949,2026-07-14 13:03:02.206,0,,"
"22559,66,66,10592,1,626,CONSUMIBLES DOMESTICOS,""2877"",""IFA RETAIL, S.A."",Enrique Malonda Escriva,,HistoricAverage,smooth_insuficient,smooth_insuficient_insuficient,insuficient,x11 seasonal,x11 seasonal,success,smooth_insuficient,COMPARABLE,1,1,1,0.0,5472.0,7296.0,1824.0,9120.0,5160.0,3103.0,0.0,0.0,4682.0,0.0,0.0,4933.0,4933.0,4933.0,4965.0,0.0,0.0,3103.0,-5472.0,-7296.0,2858.0,-9120.0,-5160.0,4933.0,-539.0,-2363.0,3141.0,-9120.0,-5160.0,3103.0,5472.0,7296.0,2858.0,9120.0,5160.0,4933.0,539.0,2363.0,3141.0,9120.0,5160.0,9628609.0,29942784,53231616,8168164.0,83174400,26625600,24334489,290521.0,5583769.0,9865881.0,83174400,26625600,0,1,1,1,1,1,,5472.0,7296.0,2858.0,9120.0,5160.0,,539.0,2363.0,3141.0,9120.0,5160.0,,5472.0,7296.0,2858.0,9120.0,5160.0,,539.0,2363.0,3141.0,9120.0,5160.0,,1.0,1.0,1.5668859649122806,1.0,1.0,,0.09850146198830409,0.32387609649122806,1.7220394736842106,1.0,1.0,,-1.0,-1.0,1.5668859649122806,-1.0,-1.0,,-0.09850146198830409,-0.32387609649122806,1.7220394736842106,-1.0,-1.0,,ML,ML,SCP,TIE,TIE,,HistoricAverage,HistoricAverage,x11 seasonal,,,,SCP,SCP,ML,,,,x11 seasonal,x11 seasonal,HistoricAverage,,,,90.14985380116958,67.61239035087719,9.0098694683222,0.0,0.0,16104.0,4682.0,4965.0,-11422.0,-11139.0,17138.0,17421.0,117968164,119665881,3,5712.666666666667,5807.0,6270.783151515713,6315.744374181083,1.064207650273224,1.0817809239940388,-0.7092647789369101,-0.6916915052160953,SCP,x11 seasonal,ML,HistoricAverage,1.6244762068767613,12768.0,3103.0,14799.0,-9665.0,2031.0,15871.0,7835.0,92803009,30208779,2,7935.5,3917.5,6811.864979577913,3886.436606970452,1.2430294486215538,0.6136434837092731,-0.7569705513784462,0.15906954887218044,ML,HistoricAverage,SCP,x11 seasonal,50.633230420263374,28872.0,7785.0,19764.0,-21087.0,-9108.0,33009.0,25256.0,210771173,149874660,5,6601.8,5051.2,6492.629251697651,5474.93671196298,1.1432876142975894,0.8747575505680244,-0.7303615960099751,-0.31546134663341646,ML,HistoricAverage,SCP,x11 seasonal,23.487533702929504,2026-07-14 13:03:02.206,0,,"
"22560,66,66,10592,1,773,CONSUMIBLES DOMESTICOS,""3449"",HIPER USERA S.L,Enrique Malonda Escriva,,,,,,preserve current forecast,preserve current forecast,success,,NOT_COMPARABLE_ML_EXCLUDED,1,1,0,0.0,0.0,0.0,3120.0,780.0,1170.0,974.0,990.0,324.0,737.0,454.0,731.0,,,,,,,,,,,,,,,,,,,,,,,,,,,,,,,,,,,,,,,,,,,,,,,,,,,,,,,,,,,,,,,,,,,,,,,,,,,,,,,,,,,,,,,,,,,,,,,,,,,,,,,,,,,,,,,,,,,,,,,,,,,,,,,,,,,,,,,,,,,,,,,,,,,,,,,,,,,,,,,,,,,,,,,,,,,,,,,,,,,,,,,,,,,,,,,,,,,,2026-07-14 13:03:02.206,1,MissingHistory,"
"22561,66,66,10592,1,790,CONSUMIBLES DOMESTICOS,""3450"",""EXCLUSIVAS DITAYO, S.L - BP"",José Luís Sabater _,,,,,,preserve current forecast,preserve current forecast,success,,NOT_COMPARABLE_MISSING_SCP_AND_ML,1,0,0,0.0,0.0,0.0,0.0,0.0,0.0,,,,,,,,,,,,,,,,,,,,,,,,,,,,,,,,,,,,,,,,,,,,,,,,,,,,,,,,,,,,,,,,,,,,,,,,,,,,,,,,,,,,,,,,,,,,,,,,,,,,,,,,,,,,,,,,,,,,,,,,,,,,,,,,,,,,,,,,,,,,,,,,,,,,,,,,,,,,,,,,,,,,,,,,,,,,,,,,,,,,,,,,,,,,,,,,,,,,,,,,,,2026-07-14 13:03:02.206,1,MissingHistory,NoForecastRowsMaterialized"
"22562,66,66,10592,1,843,CONSUMIBLES DOMESTICOS,""3456"",BUBBLES BIDCO SPAIN SL (ACQUA & SAPONE)A,Enrique Malonda Escriva,,,,,,average,average,success,,NOT_COMPARABLE_ML_EXCLUDED,1,1,0,63.0,0.0,140.0,63.0,126.0,0.0,84.0,0.0,0.0,0.0,0.0,0.0,,,,,,,,,,,,,,,,,,,,,,,,,,,,,,,,,,,,,,,,,,,,,,,,,,,,,,,,,,,,,,,,,,,,,,,,,,,,,,,,,,,,,,,,,,,,,,,,,,,,,,,,,,,,,,,,,,,,,,,,,,,,,,,,,,,,,,,,,,,,,,,,,,,,,,,,,,,,,,,,,,,,,,,,,,,,,,,,,,,,,,,,,,,,,,,,,,,,2026-07-14 13:03:02.206,1,ShortSeries,NoForecastRowsMaterialized"
"22563,66,66,10592,1,1024,CONSUMIBLES DOMESTICOS,""3747"",""SUPER JAROCAL, S.L."",Enrique Malonda Escriva,,,,,,preserve current forecast,preserve current forecast,success,,NOT_COMPARABLE_MISSING_SCP_AND_ML,1,0,0,0.0,0.0,0.0,0.0,0.0,0.0,,,,,,,,,,,,,,,,,,,,,,,,,,,,,,,,,,,,,,,,,,,,,,,,,,,,,,,,,,,,,,,,,,,,,,,,,,,,,,,,,,,,,,,,,,,,,,,,,,,,,,,,,,,,,,,,,,,,,,,,,,,,,,,,,,,,,,,,,,,,,,,,,,,,,,,,,,,,,,,,,,,,,,,,,,,,,,,,,,,,,,,,,,,,,,,,,,,,,,,,,,2026-07-14 13:03:02.206,1,MissingHistory,NoForecastRowsMaterialized"
"22564,66,66,10592,1,1044,CONSUMIBLES DOMESTICOS,""3763"",""IFA RETAIL, S.A."",Enrique Malonda Escriva,,SeasonalNaive,smooth_insuficient,smooth_insuficient_insuficient,insuficient,x11 seasonal,x11 seasonal,success,smooth_insuficient,COMPARABLE,1,1,1,36995.0,52430.0,57750.0,65660.0,64540.0,69090.0,50879.0,0.0,0.0,50265.0,0.0,0.0,47460.0,46830.0,56070.0,52754.0,0.0,0.0,13884.0,-52430.0,-57750.0,-15395.0,-64540.0,-69090.0,10465.0,-5600.0,-1680.0,-12906.0,-64540.0,-69090.0,13884.0,52430.0,57750.0,15395.0,64540.0,69090.0,10465.0,5600.0,1680.0,12906.0,64540.0,69090.0,192765456,2748904900,3335062500,237006025,4165411600,4773428100,109516225,31360000,2822400.0,166564836,4165411600,4773428100,1,1,1,1,1,1,13884.0,52430.0,57750.0,15395.0,64540.0,69090.0,10465.0,5600.0,1680.0,12906.0,64540.0,69090.0,13884.0,52430.0,57750.0,15395.0,64540.0,69090.0,10465.0,5600.0,1680.0,12906.0,64540.0,69090.0,0.37529395864305987,1.0,1.0,0.23446542796222966,1.0,1.0,0.282876064333018,0.1068090787716956,0.02909090909090909,0.19655802619555285,1.0,1.0,0.37529395864305987,-1.0,-1.0,-0.23446542796222966,-1.0,-1.0,0.282876064333018,-0.1068090787716956,-0.02909090909090909,-0.19655802619555285,-1.0,-1.0,ML,ML,ML,ML,TIE,TIE,SeasonalNaive,SeasonalNaive,SeasonalNaive,SeasonalNaive,,,SCP,SCP,SCP,SCP,,,x11 seasonal,x11 seasonal,x11 seasonal,x11 seasonal,,,24.625468164794004,89.31909212283044,97.0909090909091,16.167586878856767,0.0,0.0,199290.0,50265.0,52754.0,-149025.0,-146536.0,149025.0,146536.0,9175845725,9105404536,3,49675.0,48845.333333333336,55304.748816595005,55092.05791521436,0.7477796176426313,0.73529028049576,-0.7477796176426313,-0.73529028049576,ML,SeasonalNaive,SCP,x11 seasonal,1.6701895655091428,147175.0,50879.0,150360.0,-96296.0,3185.0,124064.0,17745.0,6276732856,143698625,3,41354.666666666664,5915.0,45741.056889115855,6920.949477251417,0.8429692542891116,0.12057074910820452,-0.6542959062340751,0.02164090368608799,ML,SeasonalNaive,SCP,x11 seasonal,85.69689837503223,346465.0,101144.0,203114.0,-245321.0,-143351.0,273089.0,164281.0,15452578581,9249103161,6,45514.833333333336,27380.166666666668,50748.692234381764,39262.159817055406,0.7882152598386561,0.47416333540184435,-0.7080686360815667,-0.41375319296321417,ML,SeasonalNaive,SCP,x11 seasonal,39.843421009268035,2026-07-14 13:03:02.206,0,,"
"22565,66,66,10592,1,1076,CONSUMIBLES DOMESTICOS,""4029"",""FAMILY CASH, S.L."",José Navalón _,,AutoTheta,smooth_insuficient,smooth_insuficient_insuficient,insuficient,x11 lineal,x11 lineal,success,smooth_insuficient,COMPARABLE,1,1,1,3360.0,5040.0,5040.0,6720.0,5040.0,6720.0,6304.0,0.0,0.0,5886.0,0.0,0.0,6668.0,6557.0,6448.0,6409.0,0.0,0.0,2944.0,-5040.0,-5040.0,-834.0,-5040.0,-6720.0,3308.0,1517.0,1408.0,-311.0,-5040.0,-6720.0,2944.0,5040.0,5040.0,834.0,5040.0,6720.0,3308.0,1517.0,1408.0,311.0,5040.0,6720.0,8667136.0,25401600,25401600,695556.0,25401600,45158400,10942864,2301289.0,1982464.0,96721.0,25401600,45158400,1,1,1,1,1,1,2944.0,5040.0,5040.0,834.0,5040.0,6720.0,3308.0,1517.0,1408.0,311.0,5040.0,6720.0,2944.0,5040.0,5040.0,834.0,5040.0,6720.0,3308.0,1517.0,1408.0,311.0,5040.0,6720.0,0.8761904761904762,1.0,1.0,0.12410714285714286,1.0,1.0,0.9845238095238096,0.3009920634920635,0.27936507936507937,0.04627976190476191,1.0,1.0,0.8761904761904762,-1.0,-1.0,-0.12410714285714286,-1.0,-1.0,0.9845238095238096,0.3009920634920635,0.27936507936507937,-0.04627976190476191,-1.0,-1.0,SCP,ML,ML,ML,TIE,TIE,x11 lineal,AutoTheta,AutoTheta,AutoTheta,,,ML,SCP,SCP,SCP,,,AutoTheta,x11 lineal,x11 lineal,x11 lineal,,,11.00362756952842,69.90079365079364,72.06349206349206,62.70983213429256,0.0,0.0,18480.0,5886.0,6409.0,-12594.0,-12071.0,12594.0,12071.0,71255556,70656721,3,4198.0,4023.6666666666665,4873.587179891214,4853.06504524031,0.6814935064935065,0.6531926406926407,-0.6814935064935065,-0.6531926406926407,ML,AutoTheta,SCP,x11 lineal,4.152771160870252,13440.0,6304.0,19673.0,-7136.0,6233.0,13024.0,6233.0,59470336,15226617,3,4341.333333333333,2077.6666666666665,4452.352786261813,2252.8956922147995,0.969047619047619,0.46376488095238094,-0.530952380952381,0.46376488095238094,ML,AutoTheta,SCP,x11 lineal,52.14219901719901,31920.0,12190.0,26082.0,-19730.0,-5838.0,25618.0,18304.0,130725892,85883338,6,4269.666666666667,3050.6666666666665,4667.724142091804,3783.370146663774,0.8025689223057644,0.5734335839598997,-0.6181077694235589,-0.18289473684210528,ML,AutoTheta,SCP,x11 lineal,28.550238113826214,2026-07-14 13:03:02.206,0,,"
"22566,66,66,10592,1,250,CONSUMIBLES DOMESTICOS,""2674"",""SUPER JAROCAL, S.L."",Enrique Malonda Escriva,,,,,,preserve current forecast,preserve current forecast,success,,NOT_COMPARABLE_MISSING_SCP_AND_ML,1,0,0,0.0,0.0,0.0,0.0,0.0,0.0,,,,,,,,,,,,,,,,,,,,,,,,,,,,,,,,,,,,,,,,,,,,,,,,,,,,,,,,,,,,,,,,,,,,,,,,,,,,,,,,,,,,,,,,,,,,,,,,,,,,,,,,,,,,,,,,,,,,,,,,,,,,,,,,,,,,,,,,,,,,,,,,,,,,,,,,,,,,,,,,,,,,,,,,,,,,,,,,,,,,,,,,,,,,,,,,,,,,,,,,,,2026-07-14 13:03:02.206,1,MissingHistory,NoForecastRowsMaterialized"
"22567,66,66,10592,1,297,CONSUMIBLES DOMESTICOS,""2690"",""SUPER JAROCAL, S.L."",Enrique Malonda Escriva,,,,,,preserve current forecast,preserve current forecast,success,,NOT_COMPARABLE_MISSING_SCP_AND_ML,1,0,0,0.0,0.0,0.0,0.0,0.0,0.0,,,,,,,,,,,,,,,,,,,,,,,,,,,,,,,,,,,,,,,,,,,,,,,,,,,,,,,,,,,,,,,,,,,,,,,,,,,,,,,,,,,,,,,,,,,,,,,,,,,,,,,,,,,,,,,,,,,,,,,,,,,,,,,,,,,,,,,,,,,,,,,,,,,,,,,,,,,,,,,,,,,,,,,,,,,,,,,,,,,,,,,,,,,,,,,,,,,,,,,,,,2026-07-14 13:03:02.206,1,MissingHistory,NoForecastRowsMaterialized"
"22568,66,66,10592,1,364,CONSUMIBLES DOMESTICOS,""2748"",""IFA RETAIL, S.A."",Enrique Malonda Escriva,,AutoTheta,smooth_insuficient,smooth_insuficient_insuficient,insuficient,x11 seasonal,x11 seasonal,success,smooth_insuficient,COMPARABLE,1,1,1,6732.0,15444.0,4752.0,6072.0,6732.0,8316.0,8131.0,0.0,0.0,6172.0,0.0,0.0,7070.0,6971.0,6871.0,6598.0,0.0,0.0,1399.0,-15444.0,-4752.0,100.0,-6732.0,-8316.0,338.0,-8473.0,2119.0,526.0,-6732.0,-8316.0,1399.0,15444.0,4752.0,100.0,6732.0,8316.0,338.0,8473.0,2119.0,526.0,6732.0,8316.0,1957201.0,238517136,22581504,10000.0,45319824,69155856,114244.0,71791729,4490161.0,276676.0,45319824,69155856,1,1,1,1,1,1,1399.0,15444.0,4752.0,100.0,6732.0,8316.0,338.0,8473.0,2119.0,526.0,6732.0,8316.0,1399.0,15444.0,4752.0,100.0,6732.0,8316.0,338.0,8473.0,2119.0,526.0,6732.0,8316.0,0.2078134284016637,1.0,1.0,0.016469038208168644,1.0,1.0,0.05020796197266786,0.5486272986272986,0.44591750841750843,0.08662714097496706,1.0,1.0,0.2078134284016637,-1.0,-1.0,0.016469038208168644,-1.0,-1.0,0.05020796197266786,-0.5486272986272986,0.44591750841750843,0.08662714097496706,-1.0,-1.0,ML,ML,ML,SCP,TIE,TIE,AutoTheta,AutoTheta,AutoTheta,x11 seasonal,,,SCP,SCP,SCP,ML,,,x11 seasonal,x11 seasonal,x11 seasonal,AutoTheta,,,75.8398856325947,45.137270137270136,55.408249158249156,80.98859315589354,0.0,0.0,21120.0,6172.0,6598.0,-14948.0,-14522.0,15148.0,15574.0,114485680,114752356,3,5049.333333333333,5191.333333333333,6177.531330016331,6184.721928537559,0.7172348484848485,0.737405303030303,-0.7077651515151515,-0.687594696969697,SCP,x11 seasonal,ML,AutoTheta,2.7353281109541507,26928.0,8131.0,20912.0,-18797.0,-6016.0,21595.0,10930.0,263055841,76396134,3,7198.333333333333,3643.3333333333335,9364.04188015695,5046.323215966255,0.8019533571004159,0.4058972073677956,-0.6980466428995841,-0.22341057635175282,ML,AutoTheta,SCP,x11 seasonal,49.386432044454736,48048.0,14303.0,27510.0,-33745.0,-20538.0,36743.0,26504.0,377541521,191148490,6,6123.833333333333,4417.333333333333,7932.438895657081,5644.29638366614,0.7647144522144522,0.5516150516150516,-0.7023185148185148,-0.42744755244755245,ML,AutoTheta,SCP,x11 seasonal,27.866532400729387,2026-07-14 13:03:02.206,0,,"
"22569,66,66,10592,1,465,CONSUMIBLES DOMESTICOS,""2789"",CONSUM S COOP V,José Luís Sabater _,,HistoricAverage,smooth_insuficient,smooth_insuficient_insuficient,insuficient,x11 lineal,x11 lineal,success,smooth_insuficient,COMPARABLE,1,1,1,13230.0,10290.0,7350.0,11760.0,8820.0,10290.0,11734.0,9820.0,9897.0,11085.0,9820.0,9410.0,10279.0,10280.0,10279.0,10278.0,10277.0,10278.0,-1496.0,-470.0,2547.0,-675.0,1000.0,-880.0,-2951.0,-10.0,2929.0,-1482.0,1457.0,-12.0,1496.0,470.0,2547.0,675.0,1000.0,880.0,2951.0,10.0,2929.0,1482.0,1457.0,12.0,2238016.0,220900.0,6487209.0,455625.0,1000000.0,774400.0,8708401.0,100.0,8579041.0,2196324.0,2122849.0,144.0,1,1,1,1,1,1,1496.0,470.0,2547.0,675.0,1000.0,880.0,2951.0,10.0,2929.0,1482.0,1457.0,12.0,1496.0,470.0,2547.0,675.0,1000.0,880.0,2951.0,10.0,2929.0,1482.0,1457.0,12.0,0.11307634164777022,0.0456754130223518,0.34653061224489795,0.05739795918367347,0.11337868480725624,0.08551992225461613,0.22305366591080877,0.0009718172983479,0.39850340136054424,0.12602040816326532,0.16519274376417234,0.0011661807580174927,-0.11307634164777022,-0.0456754130223518,0.34653061224489795,-0.05739795918367347,0.11337868480725624,-0.08551992225461613,-0.22305366591080877,-0.0009718172983479,0.39850340136054424,-0.12602040816326532,0.16519274376417234,-0.0011661807580174927,SCP,ML,SCP,SCP,SCP,ML,x11 lineal,HistoricAverage,x11 lineal,x11 lineal,x11 lineal,HistoricAverage,ML,SCP,ML,ML,ML,SCP,HistoricAverage,x11 lineal,HistoricAverage,HistoricAverage,HistoricAverage,x11 lineal,49.30532023043036,97.87234042553192,13.041993854557877,54.45344129554657,31.365820178448867,98.63636363636363,30870.0,30315.0,30833.0,-555.0,-37.0,2555.0,2951.0,2230025.0,4319317.0,3,851.6666666666666,983.6666666666666,862.1726431908326,1199.9051351391631,0.08276643990929705,0.09559442824748947,-0.017978620019436346,-0.001198574667962423,SCP,x11 lineal,ML,HistoricAverage,13.419179939003726,30870.0,31451.0,30838.0,581.0,-32.0,4513.0,5890.0,8946125.0,17287542,3,1504.3333333333333,1963.3333333333333,1726.8589017828488,2400.523692863705,0.14619371558147068,0.19080012957563977,0.018820861678004536,-0.0010366051182377713,SCP,x11 lineal,ML,HistoricAverage,23.378607809847196,61740.0,61766.0,61671.0,26.0,-69.0,7068.0,8841.0,11176150,21606859,6,1178.0,1473.5,1364.8046258225631,1897.6678230572036,0.11448007774538387,0.1431972789115646,0.0004211208292841,-0.0011175898931000971,SCP,x11 lineal,ML,HistoricAverage,20.054292500848312,2026-07-14 13:03:02.206,0,,"
"22570,66,66,10592,1,500,CONSUMIBLES DOMESTICOS,""2812"",CONSUM S COOP V,José Luís Sabater _,,SeasonalNaive,smooth_insuficient,smooth_insuficient_insuficient,insuficient,x11 lineal,x11 lineal,success,smooth_insuficient,COMPARABLE,1,1,1,23520.0,21840.0,20160.0,25200.0,15120.0,10080.0,19791.0,0.0,0.0,21871.0,0.0,0.0,20160.0,16386.0,18480.0,20006.0,0.0,0.0,-3729.0,-21840.0,-20160.0,-3329.0,-15120.0,-10080.0,-3360.0,-5454.0,-1680.0,-5194.0,-15120.0,-10080.0,3729.0,21840.0,20160.0,3329.0,15120.0,10080.0,3360.0,5454.0,1680.0,5194.0,15120.0,10080.0,13905441,476985600,406425600,11082241,228614400,101606400,11289600,29746116,2822400.0,26977636,228614400,101606400,1,1,1,1,1,1,3729.0,21840.0,20160.0,3329.0,15120.0,10080.0,3360.0,5454.0,1680.0,5194.0,15120.0,10080.0,3729.0,21840.0,20160.0,3329.0,15120.0,10080.0,3360.0,5454.0,1680.0,5194.0,15120.0,10080.0,0.15854591836734694,1.0,1.0,0.1321031746031746,1.0,1.0,0.14285714285714285,0.24972527472527473,0.08333333333333333,0.2061111111111111,1.0,1.0,-0.15854591836734694,-1.0,-1.0,-0.1321031746031746,-1.0,-1.0,-0.14285714285714285,-0.24972527472527473,-0.08333333333333333,-0.2061111111111111,-1.0,-1.0,ML,ML,ML,SCP,TIE,TIE,SeasonalNaive,SeasonalNaive,SeasonalNaive,x11 lineal,,,SCP,SCP,SCP,ML,,,x11 lineal,x11 lineal,x11 lineal,SeasonalNaive,,,9.895414320193085,75.02747252747253,91.66666666666666,35.90681555641124,0.0,0.0,50400.0,21871.0,20006.0,-28529.0,-30394.0,28529.0,30394.0,341303041,357198436,3,9509.666666666666,10131.333333333334,10666.193338456476,10911.743459838732,0.5660515873015873,0.6030555555555556,-0.5660515873015873,-0.6030555555555556,SCP,x11 lineal,ML,SeasonalNaive,6.136079489372899,65520.0,19791.0,55026.0,-45729.0,-10494.0,45729.0,10494.0,897316641,43858116,3,15243.0,3498.0,17294.668166807944,3823.528736651524,0.6979395604395604,0.16016483516483518,-0.6979395604395604,-0.16016483516483518,ML,SeasonalNaive,SCP,x11 lineal,77.05176146427868,115920.0,41662.0,75032.0,-74258.0,-40888.0,74258.0,40888.0,1238619682,401056552,6,12376.333333333334,6814.666666666667,14367.902201318975,8175.742086603923,0.6405969634230504,0.35272601794340924,-0.6405969634230504,-0.35272601794340924,ML,SeasonalNaive,SCP,x11 lineal,44.937919146758595,2026-07-14 13:03:02.206,0,,"
"22571,66,66,10592,1,534,CONSUMIBLES DOMESTICOS,""2827"",""CENTROS COMERCIALES CARREFOUR, S.A."",Enrique Malonda Escriva,,HistoricAverage,smooth_insuficient,smooth_insuficient_insuficient,insuficient,x11 seasonal,x11 seasonal,success,smooth_insuficient,COMPARABLE,1,1,1,15960.0,6840.0,9120.0,11400.0,6840.0,9120.0,7574.0,0.0,0.0,13788.0,0.0,0.0,8278.0,8278.0,8278.0,10336.0,0.0,0.0,-8386.0,-6840.0,-9120.0,2388.0,-6840.0,-9120.0,-7682.0,1438.0,-842.0,-1064.0,-6840.0,-9120.0,8386.0,6840.0,9120.0,2388.0,6840.0,9120.0,7682.0,1438.0,842.0,1064.0,6840.0,9120.0,70324996,46785600,83174400,5702544.0,46785600,83174400,59013124,2067844.0,708964.0,1132096.0,46785600,83174400,1,1,1,1,1,1,8386.0,6840.0,9120.0,2388.0,6840.0,9120.0,7682.0,1438.0,842.0,1064.0,6840.0,9120.0,8386.0,6840.0,9120.0,2388.0,6840.0,9120.0,7682.0,1438.0,842.0,1064.0,6840.0,9120.0,0.525438596491228,1.0,1.0,0.2094736842105263,1.0,1.0,0.481328320802005,0.21023391812865497,0.09232456140350877,0.09333333333333334,1.0,1.0,-0.525438596491228,-1.0,-1.0,0.2094736842105263,-1.0,-1.0,-0.481328320802005,0.21023391812865497,-0.09232456140350877,-0.09333333333333334,-1.0,-1.0,ML,ML,ML,ML,TIE,TIE,HistoricAverage,HistoricAverage,HistoricAverage,HistoricAverage,,,SCP,SCP,SCP,SCP,,,x11 seasonal,x11 seasonal,x11 seasonal,x11 seasonal,,,8.394943954209394,78.9766081871345,90.76754385964912,55.44388609715243,0.0,0.0,27360.0,13788.0,10336.0,-13572.0,-17024.0,18348.0,17024.0,135662544,131092096,3,6116.0,5674.666666666667,6724.644823334538,6610.398273427505,0.6706140350877193,0.6222222222222222,-0.49605263157894736,-0.6222222222222222,ML,HistoricAverage,SCP,x11 seasonal,7.216045345541751,31920.0,7574.0,24834.0,-24346.0,-7086.0,24346.0,9962.0,200284996,61789932,3,8115.333333333333,3320.6666666666665,8170.7811948022045,4538.352564532641,0.762719298245614,0.3120927318295739,-0.762719298245614,-0.22199248120300752,ML,HistoricAverage,SCP,x11 seasonal,59.08157397519099,59280.0,21362.0,35170.0,-37918.0,-24110.0,42694.0,26986.0,335947540,192882028,6,7115.666666666667,4497.666666666667,7482.730562212344,5669.832860558296,0.7202091767881241,0.45522941970310393,-0.6396423751686909,-0.4067139001349528,ML,HistoricAverage,SCP,x11 seasonal,36.79205508970816,2026-07-14 13:03:02.206,0,,"
"22572,66,66,10592,1,649,CONSUMIBLES DOMESTICOS,""3390"",IRMADONA SUPERMERCADOS S.A,Xaro Andrés Sanchis,,HistoricAverage,smooth_insuficient,smooth_insuficient_insuficient,insuficient,x11 lineal,x11 lineal,success,smooth_insuficient,COMPARABLE,1,1,1,31500.0,29400.0,31500.0,27300.0,25200.0,25200.0,32247.0,0.0,0.0,38363.0,0.0,0.0,24974.0,24974.0,24974.0,30373.0,0.0,0.0,747.0,-29400.0,-31500.0,11063.0,-25200.0,-25200.0,-6526.0,-4426.0,-6526.0,3073.0,-25200.0,-25200.0,747.0,29400.0,31500.0,11063.0,25200.0,25200.0,6526.0,4426.0,6526.0,3073.0,25200.0,25200.0,558009.0,864360000,992250000,122389969,635040000,635040000,42588676,19589476,42588676,9443329.0,635040000,635040000,1,1,1,1,1,1,747.0,29400.0,31500.0,11063.0,25200.0,25200.0,6526.0,4426.0,6526.0,3073.0,25200.0,25200.0,747.0,29400.0,31500.0,11063.0,25200.0,25200.0,6526.0,4426.0,6526.0,3073.0,25200.0,25200.0,0.023714285714285716,1.0,1.0,0.40523809523809523,1.0,1.0,0.20717460317460318,0.15054421768707482,0.20717460317460318,0.11256410256410257,1.0,1.0,0.023714285714285716,-1.0,-1.0,0.40523809523809523,-1.0,-1.0,-0.20717460317460318,-0.15054421768707482,-0.20717460317460318,0.11256410256410257,-1.0,-1.0,SCP,ML,ML,ML,TIE,TIE,x11 lineal,HistoricAverage,HistoricAverage,HistoricAverage,,,ML,SCP,SCP,SCP,,,HistoricAverage,x11 lineal,x11 lineal,x11 lineal,,,88.55347839411584,84.94557823129252,79.28253968253969,72.22272439663743,0.0,0.0,77700.0,38363.0,30373.0,-39337.0,-47327.0,61463.0,53473.0,1392469969,1279523329,3,20487.666666666668,17824.333333333332,21544.295215516642,20652.06469903998,0.7910296010296011,0.6881981981981982,-0.5062676962676963,-0.6090990990990991,ML,HistoricAverage,SCP,x11 lineal,12.999690870930488,92400.0,32247.0,74922.0,-60153.0,-17478.0,61647.0,17478.0,1857168009,104766828,3,20549.0,5826.0,24880.836059103804,5909.50725526249,0.6671753246753247,0.18915584415584416,-0.6510064935064935,-0.18915584415584416,ML,HistoricAverage,SCP,x11 lineal,71.64825538955667,170100.0,70610.0,105295.0,-99490.0,-64805.0,123110.0,70951.0,3249637978,1384290157,6,20518.333333333332,11825.166666666666,23272.43712348723,15189.306309593821,0.7237507348618459,0.4171134626690182,-0.584891240446796,-0.38098177542621986,ML,HistoricAverage,SCP,x11 lineal,42.36780115344001,2026-07-14 13:03:02.206,0,,"
"22573,66,66,10592,1,767,CONSUMIBLES DOMESTICOS,""3449"",COVIRAN,José Luís Sabater _,,,,,,preserve current forecast,preserve current forecast,success,,NOT_COMPARABLE_MISSING_SCP_AND_ML,1,0,0,0.0,0.0,0.0,0.0,0.0,0.0,,,,,,,,,,,,,,,,,,,,,,,,,,,,,,,,,,,,,,,,,,,,,,,,,,,,,,,,,,,,,,,,,,,,,,,,,,,,,,,,,,,,,,,,,,,,,,,,,,,,,,,,,,,,,,,,,,,,,,,,,,,,,,,,,,,,,,,,,,,,,,,,,,,,,,,,,,,,,,,,,,,,,,,,,,,,,,,,,,,,,,,,,,,,,,,,,,,,,,,,,,2026-07-14 13:03:02.206,1,MissingHistory,NoForecastRowsMaterialized"
"22574,66,66,10592,1,801,CONSUMIBLES DOMESTICOS,""3451"","""",(Sin Definir) (Sin Definir),,,,,,preserve current forecast,preserve current forecast,success,,NOT_COMPARABLE_MISSING_SCP_AND_ML,1,0,0,0.0,0.0,0.0,30.0,0.0,0.0,,,,,,,,,,,,,,,,,,,,,,,,,,,,,,,,,,,,,,,,,,,,,,,,,,,,,,,,,,,,,,,,,,,,,,,,,,,,,,,,,,,,,,,,,,,,,,,,,,,,,,,,,,,,,,,,,,,,,,,,,,,,,,,,,,,,,,,,,,,,,,,,,,,,,,,,,,,,,,,,,,,,,,,,,,,,,,,,,,,,,,,,,,,,,,,,,,,,,,,,,,2026-07-14 13:03:02.206,1,MissingHistory,NoForecastRowsMaterialized"
"22575,66,66,10592,1,821,CONSUMIBLES DOMESTICOS,""3451"",""TRANSGOURMET IBERICA S.A. -GM FOOD IBERICA, S.A.U."",Enrique Malonda Escriva,,,,,,preserve current forecast,preserve current forecast,success,,NOT_COMPARABLE_ML_EXCLUDED,1,1,0,0.0,0.0,0.0,0.0,3120.0,0.0,947.9496756716771,1115.1682119022496,1056.9385421259074,0.0,0.0,0.0,,,,,,,,,,,,,,,,,,,,,,,,,,,,,,,,,,,,,,,,,,,,,,,,,,,,,,,,,,,,,,,,,,,,,,,,,,,,,,,,,,,,,,,,,,,,,,,,,,,,,,,,,,,,,,,,,,,,,,,,,,,,,,,,,,,,,,,,,,,,,,,,,,,,,,,,,,,,,,,,,,,,,,,,,,,,,,,,,,,,,,,,,,,,,,,,,,,,2026-07-14 13:03:02.206,1,MissingHistory,NoForecastRowsMaterialized"
"22576,66,66,10592,1,823,CONSUMIBLES DOMESTICOS,""3451"",VEGALSA,Enrique Malonda Escriva,,HistoricAverage,smooth_insuficient,smooth_insuficient_insuficient,insuficient,x11 seasonal,x11 seasonal,success,smooth_insuficient,COMPARABLE,1,1,1,2010.0,1080.0,1560.0,1890.0,1290.0,1710.0,1303.0,0.0,0.0,1634.0,0.0,0.0,1590.0,1590.0,1590.0,1535.0,0.0,0.0,-707.0,-1080.0,-1560.0,-256.0,-1290.0,-1710.0,-420.0,510.0,30.0,-355.0,-1290.0,-1710.0,707.0,1080.0,1560.0,256.0,1290.0,1710.0,420.0,510.0,30.0,355.0,1290.0,1710.0,499849.0,1166400.0,2433600.0,65536.0,1664100.0,2924100.0,176400.0,260100.0,900.0,126025.0,1664100.0,2924100.0,1,1,1,1,1,1,707.0,1080.0,1560.0,256.0,1290.0,1710.0,420.0,510.0,30.0,355.0,1290.0,1710.0,707.0,1080.0,1560.0,256.0,1290.0,1710.0,420.0,510.0,30.0,355.0,1290.0,1710.0,0.3517412935323383,1.0,1.0,0.13544973544973546,1.0,1.0,0.208955223880597,0.4722222222222222,0.019230769230769232,0.18783068783068782,1.0,1.0,-0.3517412935323383,-1.0,-1.0,-0.13544973544973546,-1.0,-1.0,-0.208955223880597,0.4722222222222222,0.019230769230769232,-0.18783068783068782,-1.0,-1.0,ML,ML,ML,SCP,TIE,TIE,HistoricAverage,HistoricAverage,HistoricAverage,x11 seasonal,,,SCP,SCP,SCP,ML,,,x11 seasonal,x11 seasonal,x11 seasonal,HistoricAverage,,,40.59405940594059,52.77777777777778,98.07692307692307,27.88732394366196,0.0,0.0,4890.0,1634.0,1535.0,-3256.0,-3355.0,3256.0,3355.0,4653736.0,4714225.0,3,1085.3333333333333,1118.3333333333333,1245.4899972835324,1253.558268822528,0.6658486707566462,0.6860940695296524,-0.6658486707566462,-0.6860940695296524,SCP,x11 seasonal,ML,HistoricAverage,2.9508196721311464,4650.0,1303.0,4770.0,-3347.0,120.0,3347.0,960.0,4099849.0,437400.0,3,1115.6666666666667,320.0,1169.0236667122413,381.8376618407357,0.7197849462365591,0.2064516129032258,-0.7197849462365591,0.025806451612903226,ML,HistoricAverage,SCP,x11 seasonal,71.31759784881983,9540.0,2937.0,6305.0,-6603.0,-3235.0,6603.0,4315.0,8753585.0,5151625.0,6,1100.5,719.1666666666666,1207.8620920176827,926.6089610330059,0.6921383647798742,0.4523060796645702,-0.6921383647798742,-0.3390985324947589,ML,HistoricAverage,SCP,x11 seasonal,34.65091625018931,2026-07-14 13:03:02.206,0,,"
"22577,66,66,10592,1,855,CONSUMIBLES DOMESTICOS,""3456"",JUAN FORNES - SUPERMERCADOS MAS Y MAS,Enrique Malonda Escriva,,,,,,average,average,success,,NOT_COMPARABLE_ML_EXCLUDED,1,1,0,504.0,392.0,504.0,504.0,504.0,1008.0,504.0,0.0,0.0,0.0,0.0,0.0,,,,,,,,,,,,,,,,,,,,,,,,,,,,,,,,,,,,,,,,,,,,,,,,,,,,,,,,,,,,,,,,,,,,,,,,,,,,,,,,,,,,,,,,,,,,,,,,,,,,,,,,,,,,,,,,,,,,,,,,,,,,,,,,,,,,,,,,,,,,,,,,,,,,,,,,,,,,,,,,,,,,,,,,,,,,,,,,,,,,,,,,,,,,,,,,,,,,2026-07-14 13:03:02.206,1,ShortSeries,NoForecastRowsMaterialized"
"22578,66,66,10592,1,862,CONSUMIBLES DOMESTICOS,""3457"",""BON PREU, S.A.U."",Enrique Malonda Escriva,,,,,,average,average,success,,NOT_COMPARABLE_ML_EXCLUDED,1,1,0,1008.0,2016.0,1008.0,2016.0,1512.0,2520.0,1803.0,0.0,0.0,1416.0,0.0,0.0,,,,,,,,,,,,,,,,,,,,,,,,,,,,,,,,,,,,,,,,,,,,,,,,,,,,,,,,,,,,,,,,,,,,,,,,,,,,,,,,,,,,,,,,,,,,,,,,,,,,,,,,,,,,,,,,,,,,,,,,,,,,,,,,,,,,,,,,,,,,,,,,,,,,,,,,,,,,,,,,,,,,,,,,,,,,,,,,,,,,,,,,,,,,,,,,,,,,2026-07-14 13:03:02.206,1,ShortSeries,"
"22579,66,66,10592,1,898,CONSUMIBLES DOMESTICOS,""3467"",""BON PREU, S.A.U."",Enrique Malonda Escriva,,HistoricAverage,smooth_insuficient,smooth_insuficient_insuficient,insuficient,x11 lineal,x11 lineal,success,smooth_insuficient,COMPARABLE,1,1,1,2730.0,10920.0,8190.0,13650.0,8190.0,8190.0,11456.0,0.0,0.0,10774.0,0.0,0.0,9409.0,9409.0,9410.0,9327.0,0.0,0.0,8726.0,-10920.0,-8190.0,-2876.0,-8190.0,-8190.0,6679.0,-1511.0,1220.0,-4323.0,-8190.0,-8190.0,8726.0,10920.0,8190.0,2876.0,8190.0,8190.0,6679.0,1511.0,1220.0,4323.0,8190.0,8190.0,76143076,119246400,67076100,8271376.0,67076100,67076100,44609041,2283121.0,1488400.0,18688329,67076100,67076100,1,1,1,1,1,1,8726.0,10920.0,8190.0,2876.0,8190.0,8190.0,6679.0,1511.0,1220.0,4323.0,8190.0,8190.0,8726.0,10920.0,8190.0,2876.0,8190.0,8190.0,6679.0,1511.0,1220.0,4323.0,8190.0,8190.0,3.1963369963369965,1.0,1.0,0.2106959706959707,1.0,1.0,2.4465201465201467,0.13836996336996338,0.14896214896214896,0.3167032967032967,1.0,1.0,3.1963369963369965,-1.0,-1.0,-0.2106959706959707,-1.0,-1.0,2.4465201465201467,-0.13836996336996338,0.14896214896214896,-0.3167032967032967,-1.0,-1.0,ML,ML,ML,SCP,TIE,TIE,HistoricAverage,HistoricAverage,HistoricAverage,x11 lineal,,,SCP,SCP,SCP,ML,,,x11 lineal,x11 lineal,x11 lineal,HistoricAverage,,,23.45862938345175,86.16300366300366,85.1037851037851,33.472125838538055,0.0,0.0,30030.0,10774.0,9327.0,-19256.0,-20703.0,19256.0,20703.0,142423576,152840529,3,6418.666666666667,6901.0,6890.176001622407,7137.705723830312,0.6412254412254412,0.6894105894105894,-0.6412254412254412,-0.6894105894105894,SCP,x11 lineal,ML,HistoricAverage,6.989325218567358,21840.0,11456.0,28228.0,-10384.0,6388.0,27836.0,9410.0,262465576,48380562,3,9278.666666666666,3136.6666666666665,9353.530100092335,4015.8254444136387,1.2745421245421245,0.4308608058608059,-0.47545787545787543,0.2924908424908425,ML,HistoricAverage,SCP,x11 lineal,66.19485558269866,51870.0,22230.0,37555.0,-29640.0,-14315.0,47092.0,30113.0,404889152,201221091,6,7848.666666666667,5018.833333333333,8214.71395322645,5791.100802092811,0.9078850973587815,0.5805475226527859,-0.5714285714285714,-0.2759784075573549,ML,HistoricAverage,SCP,x11 lineal,36.05495625583963,2026-07-14 13:03:02.206,0,,"
"22580,66,66,10592,1,921,CONSUMIBLES DOMESTICOS,""3540"",LA ARDOSA S.L,Enrique Malonda Escriva,,MovingAverage3M,intermittent_insuficient,intermittent_insuficient_insuficient,insuficient,syntetos-boylan,syntetos-boylan,success,intermittent_insuficient,NOT_COMPARABLE_MISSING_SCP,1,0,1,0.0,0.0,2280.0,0.0,0.0,2280.0,,,,,,,2280.0,0.0,0.0,0.0,0.0,0.0,,,,,,,,,,,,,,,,,,,,,,,,,,,,,,,,,,,,,,,,,,,,,,,,,,,,,,,,,,,,,,,,,,,,,,,,,,,,,,,,,,,,,,,,,,,,,,,,,,,,,,,,,,,,,,,,,,,,,,,,,,,,,,,,,,,,,,,,,,,,,,,,,,,,,,,,,,,,,,,,,,,,,,,,,,,,,,,,,,,,,,,,,,,,,,2026-07-14 13:03:02.206,0,,NoForecastRowsMaterialized"
"22581,66,66,10592,1,928,CONSUMIBLES DOMESTICOS,""3541"",BUBBLES BIDCO SPAIN SL (ACQUA & SAPONE)A,Enrique Malonda Escriva,,,,,,preserve current forecast,preserve current forecast,success,,NOT_COMPARABLE_MISSING_SCP_AND_ML,1,0,0,0.0,0.0,0.0,0.0,0.0,0.0,,,,,,,,,,,,,,,,,,,,,,,,,,,,,,,,,,,,,,,,,,,,,,,,,,,,,,,,,,,,,,,,,,,,,,,,,,,,,,,,,,,,,,,,,,,,,,,,,,,,,,,,,,,,,,,,,,,,,,,,,,,,,,,,,,,,,,,,,,,,,,,,,,,,,,,,,,,,,,,,,,,,,,,,,,,,,,,,,,,,,,,,,,,,,,,,,,,,,,,,,,2026-07-14 13:03:02.206,1,MissingHistory,NoForecastRowsMaterialized"
"22582,66,66,10592,1,930,CONSUMIBLES DOMESTICOS,""3541"",CASALMA S.L,Enrique Malonda Escriva,,SeasonalNaive,smooth_insuficient,smooth_insuficient_insuficient,insuficient,seasonal discrete,seasonal discrete,success,smooth_insuficient,COMPARABLE,1,1,1,456.0,456.0,0.0,456.0,456.0,0.0,446.0,0.0,0.0,532.0,0.0,0.0,456.0,456.0,0.0,456.0,0.0,0.0,-10.0,-456.0,0.0,76.0,-456.0,0.0,0.0,0.0,0.0,0.0,-456.0,0.0,10.0,456.0,0.0,76.0,456.0,0.0,0.0,0.0,0.0,0.0,456.0,0.0,100.0,207936.0,0.0,5776.0,207936.0,0.0,0.0,0.0,0.0,0.0,207936.0,0.0,1,1,0,1,1,0,10.0,456.0,,76.0,456.0,,0.0,0.0,,0.0,456.0,,10.0,456.0,,76.0,456.0,,0.0,0.0,,0.0,456.0,,0.021929824561403508,1.0,,0.16666666666666666,1.0,,0.0,0.0,,0.0,1.0,,-0.021929824561403508,-1.0,,0.16666666666666666,-1.0,,0.0,0.0,,0.0,-1.0,,ML,ML,,ML,TIE,,SeasonalNaive,SeasonalNaive,,SeasonalNaive,,,SCP,SCP,,SCP,,,seasonal discrete,seasonal discrete,,seasonal discrete,,,100.0,100.0,,100.0,0.0,,912.0,532.0,456.0,-380.0,-456.0,532.0,456.0,213712.0,207936.0,2,266.0,228.0,326.88836014761984,322.44069222106566,0.5833333333333334,0.5,-0.4166666666666667,-0.5,ML,SeasonalNaive,SCP,seasonal discrete,14.28571428571429,912.0,446.0,912.0,-466.0,0.0,466.0,0.0,208036.0,0.0,2,233.0,0.0,322.51821653977936,0.0,0.5109649122807017,0.0,-0.5109649122807017,0.0,ML,SeasonalNaive,SCP,seasonal discrete,100.0,1824.0,978.0,1368.0,-846.0,-456.0,998.0,456.0,421748.0,207936.0,4,249.5,114.0,324.71064041697184,228.0,0.5471491228070176,0.25,-0.46381578947368424,-0.25,ML,SeasonalNaive,SCP,seasonal discrete,54.30861723446894,2026-07-14 13:03:02.206,0,,"
"22583,66,66,10592,1,948,CONSUMIBLES DOMESTICOS,""3573"",""IFA RETAIL, S.A."",Enrique Malonda Escriva,,HistoricAverage,smooth_insuficient,smooth_insuficient_insuficient,insuficient,x11 seasonal,x11 seasonal,success,smooth_insuficient,COMPARABLE,1,1,1,1824.0,5472.0,3648.0,3648.0,3648.0,5472.0,4275.0,0.0,0.0,3869.0,0.0,0.0,3781.0,3781.0,3781.0,4256.0,0.0,0.0,2451.0,-5472.0,-3648.0,221.0,-3648.0,-5472.0,1957.0,-1691.0,133.0,608.0,-3648.0,-5472.0,2451.0,5472.0,3648.0,221.0,3648.0,5472.0,1957.0,1691.0,133.0,608.0,3648.0,5472.0,6007401.0,29942784,13307904,48841.0,13307904,29942784,3829849.0,2859481.0,17689.0,369664.0,13307904,29942784,1,1,1,1,1,1,2451.0,5472.0,3648.0,221.0,3648.0,5472.0,1957.0,1691.0,133.0,608.0,3648.0,5472.0,2451.0,5472.0,3648.0,221.0,3648.0,5472.0,1957.0,1691.0,133.0,608.0,3648.0,5472.0,1.34375,1.0,1.0,0.060581140350877194,1.0,1.0,1.0729166666666667,0.3090277777777778,0.036458333333333336,0.16666666666666666,1.0,1.0,1.34375,-1.0,-1.0,0.060581140350877194,-1.0,-1.0,1.0729166666666667,-0.3090277777777778,0.036458333333333336,0.16666666666666666,-1.0,-1.0,ML,ML,ML,SCP,TIE,TIE,HistoricAverage,HistoricAverage,HistoricAverage,x11 seasonal,,,SCP,SCP,SCP,ML,,,x11 seasonal,x11 seasonal,x11 seasonal,HistoricAverage,,,20.155038759689916,69.09722222222221,96.35416666666666,63.651315789473685,0.0,0.0,12768.0,3869.0,4256.0,-8899.0,-8512.0,9341.0,9728.0,43299529,43620352,3,3113.6666666666665,3242.6666666666665,3799.1020430271856,3813.150578371294,0.7315946115288221,0.7619047619047619,-0.6969768170426065,-0.6666666666666666,SCP,x11 seasonal,ML,HistoricAverage,3.9782072368420933,10944.0,4275.0,11343.0,-6669.0,399.0,11571.0,3781.0,49258089,6707019.0,3,3857.0,1260.3333333333333,4052.081317051769,1495.216706701741,1.0572916666666667,0.3454861111111111,-0.609375,0.036458333333333336,ML,HistoricAverage,SCP,x11 seasonal,67.32348111658456,23712.0,8144.0,15599.0,-15568.0,-8113.0,20912.0,13509.0,92557618,50327371,6,3485.3333333333335,2251.5,3927.6290133701104,2896.186314218522,0.8819163292847504,0.5697115384615384,-0.6565452091767882,-0.3421474358974359,ML,HistoricAverage,SCP,x11 seasonal,35.40072685539404,2026-07-14 13:03:02.206,0,,"
"22584,66,66,10592,1,851,CONSUMIBLES DOMESTICOS,""3456"",HERMANOS AYALA SOUSA S.L,Enrique Malonda Escriva,,,,,,average,average,success,,NOT_COMPARABLE_ML_EXCLUDED,1,1,0,-3528.0,4032.0,0.0,504.0,0.0,0.0,504.0,0.0,0.0,0.0,0.0,0.0,,,,,,,,,,,,,,,,,,,,,,,,,,,,,,,,,,,,,,,,,,,,,,,,,,,,,,,,,,,,,,,,,,,,,,,,,,,,,,,,,,,,,,,,,,,,,,,,,,,,,,,,,,,,,,,,,,,,,,,,,,,,,,,,,,,,,,,,,,,,,,,,,,,,,,,,,,,,,,,,,,,,,,,,,,,,,,,,,,,,,,,,,,,,,,,,,,,,2026-07-14 13:03:02.206,1,ShortSeries,NoForecastRowsMaterialized"
"22585,66,66,10592,1,868,CONSUMIBLES DOMESTICOS,""3457"",""SUPER JAROCAL, S.L."",Enrique Malonda Escriva,,,,,,average,average,success,,NOT_COMPARABLE_ML_EXCLUDED,1,1,0,0.0,0.0,238.0,0.0,0.0,105.0,31.0,0.0,0.0,0.0,0.0,0.0,,,,,,,,,,,,,,,,,,,,,,,,,,,,,,,,,,,,,,,,,,,,,,,,,,,,,,,,,,,,,,,,,,,,,,,,,,,,,,,,,,,,,,,,,,,,,,,,,,,,,,,,,,,,,,,,,,,,,,,,,,,,,,,,,,,,,,,,,,,,,,,,,,,,,,,,,,,,,,,,,,,,,,,,,,,,,,,,,,,,,,,,,,,,,,,,,,,,2026-07-14 13:03:02.206,1,ShortSeries,NoForecastRowsMaterialized"
"22586,66,66,10592,1,1035,CONSUMIBLES DOMESTICOS,""3754"",LA ARDOSA S.L,Enrique Malonda Escriva,,SeasonalNaive,intermittent_insuficient,intermittent_insuficient_insuficient,insuficient,syntetos-boylan,syntetos-boylan,success,intermittent_insuficient,COMPARABLE,1,1,1,0.0,0.0,2280.0,0.0,0.0,2280.0,0.0,0.0,0.0,658.0,0.0,0.0,0.0,0.0,2280.0,760.0,0.0,0.0,0.0,0.0,-2280.0,658.0,0.0,-2280.0,0.0,0.0,0.0,760.0,0.0,-2280.0,0.0,0.0,2280.0,658.0,0.0,2280.0,0.0,0.0,0.0,760.0,0.0,2280.0,0.0,0.0,5198400.0,432964.0,0.0,5198400.0,0.0,0.0,0.0,577600.0,0.0,5198400.0,0,0,1,0,0,1,,,2280.0,,,2280.0,,,0.0,,,2280.0,,,2280.0,,,2280.0,,,0.0,,,2280.0,,,1.0,,,1.0,,,0.0,,,1.0,,,-1.0,,,-1.0,,,0.0,,,-1.0,,,ML,,,TIE,,,SeasonalNaive,,,,,,SCP,,,,,,syntetos-boylan,,,,,,100.0,,,0.0,2280.0,658.0,760.0,-1622.0,-1520.0,2938.0,3040.0,5631364.0,5776000.0,1,2938.0,3040.0,2373.049514864787,2403.331021727968,1.28859649122807,1.3333333333333333,-0.7114035087719298,-0.6666666666666666,SCP,syntetos-boylan,ML,SeasonalNaive,3.355263157894739,2280.0,0.0,2280.0,-2280.0,0.0,2280.0,0.0,5198400.0,0.0,1,2280.0,0.0,2280.0,0.0,1.0,0.0,-1.0,0.0,ML,SeasonalNaive,SCP,syntetos-boylan,100.0,4560.0,658.0,3040.0,-3902.0,-1520.0,5218.0,3040.0,10829764,5776000.0,2,2609.0,1520.0,2326.989901138378,1699.4116628998402,1.1442982456140351,0.6666666666666666,-0.855701754385965,-0.3333333333333333,ML,SeasonalNaive,SCP,syntetos-boylan,41.74013031812956,2026-07-14 13:03:02.206,0,,NoForecastRowsMaterialized"
"22587,66,66,10592,1,1068,CONSUMIBLES DOMESTICOS,""3780"",BUBBLES BIDCO SPAIN SL (ACQUA & SAPONE)A,Enrique Malonda Escriva,,,,,,preserve current forecast,preserve current forecast,success,,NOT_COMPARABLE_MISSING_SCP_AND_ML,1,0,0,0.0,0.0,0.0,0.0,0.0,0.0,,,,,,,,,,,,,,,,,,,,,,,,,,,,,,,,,,,,,,,,,,,,,,,,,,,,,,,,,,,,,,,,,,,,,,,,,,,,,,,,,,,,,,,,,,,,,,,,,,,,,,,,,,,,,,,,,,,,,,,,,,,,,,,,,,,,,,,,,,,,,,,,,,,,,,,,,,,,,,,,,,,,,,,,,,,,,,,,,,,,,,,,,,,,,,,,,,,,,,,,,,2026-07-14 13:03:02.206,1,MissingHistory,NoForecastRowsMaterialized"
"22588,66,66,10592,1,1101,CONSUMIBLES DOMESTICOS,""4145"",VEGALSA,Enrique Malonda Escriva,,,,,,preserve current forecast,preserve current forecast,success,,NOT_COMPARABLE_MISSING_SCP_AND_ML,1,0,0,0.0,0.0,0.0,0.0,0.0,0.0,,,,,,,,,,,,,,,,,,,,,,,,,,,,,,,,,,,,,,,,,,,,,,,,,,,,,,,,,,,,,,,,,,,,,,,,,,,,,,,,,,,,,,,,,,,,,,,,,,,,,,,,,,,,,,,,,,,,,,,,,,,,,,,,,,,,,,,,,,,,,,,,,,,,,,,,,,,,,,,,,,,,,,,,,,,,,,,,,,,,,,,,,,,,,,,,,,,,,,,,,,2026-07-14 13:03:02.206,1,MissingHistory,NoForecastRowsMaterialized"
"22589,66,66,10592,1,1119,CONSUMIBLES DOMESTICOS,""4196"",CONSUM S COOP V,José Luís Sabater _,,,,,,average,average,success,,NOT_COMPARABLE_ML_EXCLUDED,1,1,0,17280.0,18720.0,18720.0,4320.0,28800.0,1440.0,12480.0,0.0,0.0,0.0,0.0,0.0,,,,,,,,,,,,,,,,,,,,,,,,,,,,,,,,,,,,,,,,,,,,,,,,,,,,,,,,,,,,,,,,,,,,,,,,,,,,,,,,,,,,,,,,,,,,,,,,,,,,,,,,,,,,,,,,,,,,,,,,,,,,,,,,,,,,,,,,,,,,,,,,,,,,,,,,,,,,,,,,,,,,,,,,,,,,,,,,,,,,,,,,,,,,,,,,,,,,2026-07-14 13:03:02.206,1,ShortSeries,NoForecastRowsMaterialized"
"22590,66,66,10592,1,1149,FILM ALIMENTARIO PROFESIONAL,""2818"",LA ARDOSA S.L,Enrique Malonda Escriva,,CrostonSBA,intermittent_insuficient,intermittent_insuficient_insuficient,insuficient,syntetos-boylan,syntetos-boylan,success,intermittent_insuficient,NOT_COMPARABLE_MISSING_SCP,1,0,1,114.0,0.0,0.0,480.0,480.0,0.0,,,,,,,516.0,0.0,502.0,0.0,0.0,0.0,,,,,,,,,,,,,,,,,,,,,,,,,,,,,,,,,,,,,,,,,,,,,,,,,,,,,,,,,,,,,,,,,,,,,,,,,,,,,,,,,,,,,,,,,,,,,,,,,,,,,,,,,,,,,,,,,,,,,,,,,,,,,,,,,,,,,,,,,,,,,,,,,,,,,,,,,,,,,,,,,,,,,,,,,,,,,,,,,,,,,,,,,,,,,,2026-07-14 13:03:02.206,0,,NoForecastRowsMaterialized"
"22591,66,66,10592,1,1167,FILM ALIMENTARIO PROFESIONAL,""4009"",CASALMA S.L,Enrique Malonda Escriva,,,,,,preserve current forecast,preserve current forecast,success,,NOT_COMPARABLE_MISSING_SCP_AND_ML,1,0,0,0.0,0.0,0.0,0.0,0.0,0.0,,,,,,,,,,,,,,,,,,,,,,,,,,,,,,,,,,,,,,,,,,,,,,,,,,,,,,,,,,,,,,,,,,,,,,,,,,,,,,,,,,,,,,,,,,,,,,,,,,,,,,,,,,,,,,,,,,,,,,,,,,,,,,,,,,,,,,,,,,,,,,,,,,,,,,,,,,,,,,,,,,,,,,,,,,,,,,,,,,,,,,,,,,,,,,,,,,,,,,,,,,2026-07-14 13:03:02.206,1,MissingHistory,NoForecastRowsMaterialized"
"22592,66,66,10592,1,1220,MASCOTAS,""2697"",CONSUM S COOP V,José Luís Sabater _,,HistoricAverage,smooth_insuficient,smooth_insuficient_insuficient,insuficient,x11 lineal,x11 lineal,success,smooth_insuficient,COMPARABLE,1,1,1,912.0,1824.0,1368.0,1368.0,1368.0,1368.0,1527.0,0.0,0.0,1850.0,0.0,0.0,1798.0,1796.0,1798.0,2008.0,0.0,0.0,615.0,-1824.0,-1368.0,482.0,-1368.0,-1368.0,886.0,-28.0,430.0,640.0,-1368.0,-1368.0,615.0,1824.0,1368.0,482.0,1368.0,1368.0,886.0,28.0,430.0,640.0,1368.0,1368.0,378225.0,3326976.0,1871424.0,232324.0,1871424.0,1871424.0,784996.0,784.0,184900.0,409600.0,1871424.0,1871424.0,1,1,1,1,1,1,615.0,1824.0,1368.0,482.0,1368.0,1368.0,886.0,28.0,430.0,640.0,1368.0,1368.0,615.0,1824.0,1368.0,482.0,1368.0,1368.0,886.0,28.0,430.0,640.0,1368.0,1368.0,0.6743421052631579,1.0,1.0,0.35233918128654973,1.0,1.0,0.9714912280701754,0.015350877192982455,0.31432748538011696,0.4678362573099415,1.0,1.0,0.6743421052631579,-1.0,-1.0,0.35233918128654973,-1.0,-1.0,0.9714912280701754,-0.015350877192982455,0.31432748538011696,0.4678362573099415,-1.0,-1.0,SCP,ML,ML,SCP,TIE,TIE,x11 lineal,HistoricAverage,HistoricAverage,x11 lineal,,,ML,SCP,SCP,ML,,,HistoricAverage,x11 lineal,x11 lineal,HistoricAverage,,,30.58690744920993,98.46491228070175,68.56725146198829,24.68749999999999,0.0,0.0,4104.0,1850.0,2008.0,-2254.0,-2096.0,3218.0,3376.0,3975172.0,4152448.0,3,1072.6666666666667,1125.3333333333333,1151.111347061323,1176.4987604470025,0.7841130604288499,0.8226120857699805,-0.5492202729044834,-0.5107212475633528,SCP,x11 lineal,ML,HistoricAverage,4.680094786729856,4104.0,1527.0,5392.0,-2577.0,1288.0,3807.0,1344.0,5576625.0,970680.0,3,1269.0,448.0,1363.4056623030433,568.8233469188831,0.9276315789473685,0.32748538011695905,-0.6279239766081871,0.3138401559454191,ML,HistoricAverage,SCP,x11 lineal,64.69661150512215,8208.0,3377.0,7400.0,-4831.0,-808.0,7025.0,4720.0,9551797.0,5123128.0,6,1170.8333333333333,786.6666666666666,1261.7314162160926,924.0425675620505,0.8558723196881092,0.5750487329434698,-0.5885721247563352,-0.09844054580896686,ML,HistoricAverage,SCP,x11 lineal,32.81138790035587,2026-07-14 13:03:02.206,0,,"
"22593,66,66,10592,1,1144,FILM ALIMENTARIO PROFESIONAL,""2817"",""IFA RETAIL, S.A."",Enrique Malonda Escriva,,MovingAverage3M,smooth_insuficient,smooth_insuficient_insuficient,insuficient,x11 seasonal,x11 seasonal,success,smooth_insuficient,COMPARABLE,1,1,1,1248.0,990.0,960.0,1824.0,1632.0,864.0,1644.0,0.0,0.0,1260.0,0.0,0.0,1440.0,1440.0,1440.0,1269.0,0.0,0.0,396.0,-990.0,-960.0,-564.0,-1632.0,-864.0,192.0,450.0,480.0,-555.0,-1632.0,-864.0,396.0,990.0,960.0,564.0,1632.0,864.0,192.0,450.0,480.0,555.0,1632.0,864.0,156816.0,980100.0,921600.0,318096.0,2663424.0,746496.0,36864.0,202500.0,230400.0,308025.0,2663424.0,746496.0,1,1,1,1,1,1,396.0,990.0,960.0,564.0,1632.0,864.0,192.0,450.0,480.0,555.0,1632.0,864.0,396.0,990.0,960.0,564.0,1632.0,864.0,192.0,450.0,480.0,555.0,1632.0,864.0,0.3173076923076923,1.0,1.0,0.3092105263157895,1.0,1.0,0.15384615384615385,0.45454545454545453,0.5,0.3042763157894737,1.0,1.0,0.3173076923076923,-1.0,-1.0,-0.3092105263157895,-1.0,-1.0,0.15384615384615385,0.45454545454545453,0.5,-0.3042763157894737,-1.0,-1.0,ML,ML,ML,ML,TIE,TIE,MovingAverage3M,MovingAverage3M,MovingAverage3M,MovingAverage3M,,,SCP,SCP,SCP,SCP,,,x11 seasonal,x11 seasonal,x11 seasonal,x11 seasonal,,,51.515151515151516,54.54545454545454,50.0,1.5957446808510731,0.0,0.0,4320.0,1260.0,1269.0,-3060.0,-3051.0,3060.0,3051.0,3728016.0,3717945.0,3,1020.0,1017.0,1114.7519903548052,1113.2452559970782,0.7083333333333334,0.70625,-0.7083333333333334,-0.70625,ML,MovingAverage3M,SCP,x11 seasonal,0.2941176470588225,3198.0,1644.0,4320.0,-1554.0,1122.0,2346.0,1122.0,2058516.0,469764.0,3,782.0,374.0,828.3549963632742,395.7120164968458,0.7335834896810507,0.350844277673546,-0.48592870544090055,0.350844277673546,ML,MovingAverage3M,SCP,x11 seasonal,52.17391304347826,7518.0,2904.0,5589.0,-4614.0,-1929.0,5406.0,4173.0,5786532.0,4187709.0,6,901.0,695.5,982.0498968993378,835.4349166751412,0.7190742218675179,0.5550678371907423,-0.6137270550678372,-0.25658419792498005,ML,MovingAverage3M,SCP,x11 seasonal,22.80799112097668,2026-07-14 13:03:02.206,0,,"
"22594,66,66,10592,1,1245,MASCOTAS,""3433"",CONSUM S COOP V,José Luís Sabater _,,MovingAverage3M,smooth_insuficient,smooth_insuficient_insuficient,insuficient,x11 lineal,x11 lineal,success,smooth_insuficient,COMPARABLE,1,1,1,9828.0,8498.0,9016.0,10192.0,11368.0,9800.0,7636.0,0.0,0.0,8542.0,0.0,0.0,10453.0,10453.0,10454.0,8000.0,0.0,0.0,-2192.0,-8498.0,-9016.0,-1650.0,-11368.0,-9800.0,625.0,1955.0,1438.0,-2192.0,-11368.0,-9800.0,2192.0,8498.0,9016.0,1650.0,11368.0,9800.0,625.0,1955.0,1438.0,2192.0,11368.0,9800.0,4804864.0,72216004,81288256,2722500.0,129231424,96040000,390625.0,3822025.0,2067844.0,4804864.0,129231424,96040000,1,1,1,1,1,1,2192.0,8498.0,9016.0,1650.0,11368.0,9800.0,625.0,1955.0,1438.0,2192.0,11368.0,9800.0,2192.0,8498.0,9016.0,1650.0,11368.0,9800.0,625.0,1955.0,1438.0,2192.0,11368.0,9800.0,0.22303622303622303,1.0,1.0,0.1618916797488226,1.0,1.0,0.0635938135938136,0.2300541303836197,0.15949423247559893,0.2150706436420722,1.0,1.0,-0.22303622303622303,-1.0,-1.0,-0.1618916797488226,-1.0,-1.0,0.0635938135938136,0.2300541303836197,0.15949423247559893,-0.2150706436420722,-1.0,-1.0,ML,ML,ML,SCP,TIE,TIE,MovingAverage3M,MovingAverage3M,MovingAverage3M,x11 lineal,,,SCP,SCP,SCP,ML,,,x11 lineal,x11 lineal,x11 lineal,MovingAverage3M,,,71.48722627737227,76.99458696163803,84.05057675244011,24.726277372262775,0.0,0.0,31360.0,8542.0,8000.0,-22818.0,-23360.0,22818.0,23360.0,227993924,230076288,3,7606.0,7786.666666666667,8717.68172547419,8757.40235457981,0.7276147959183673,0.7448979591836735,-0.7276147959183673,-0.7448979591836735,SCP,x11 lineal,ML,MovingAverage3M,2.3202054794520666,27342.0,7636.0,31360.0,-19706.0,4018.0,19706.0,4018.0,158309124,6280494.0,3,6568.666666666667,1339.3333333333333,7264.276151138529,1446.8925322911857,0.720722697681223,0.14695340501792115,-0.720722697681223,0.14695340501792115,ML,MovingAverage3M,SCP,x11 lineal,79.61027098345681,58702.0,16178.0,39360.0,-42524.0,-19342.0,42524.0,27378.0,386303048,236356782,6,7087.333333333333,4563.0,8023.954220540726,6276.368137705117,0.724404619944806,0.4663895608326803,-0.724404619944806,-0.32949473612483393,ML,MovingAverage3M,SCP,x11 lineal,35.61753362806886,2026-07-14 13:03:02.206,0,,"
"22595,66,66,10592,1,1278,PAPEL ALIMENTARIO,""4192"",CONSUM S COOP V,José Luís Sabater _,,,,,,average,average,success,,NOT_COMPARABLE_ML_EXCLUDED,1,1,0,0.0,560.0,240.0,393.0,320.0,250.0,369.0,0.0,0.0,0.0,0.0,0.0,,,,,,,,,,,,,,,,,,,,,,,,,,,,,,,,,,,,,,,,,,,,,,,,,,,,,,,,,,,,,,,,,,,,,,,,,,,,,,,,,,,,,,,,,,,,,,,,,,,,,,,,,,,,,,,,,,,,,,,,,,,,,,,,,,,,,,,,,,,,,,,,,,,,,,,,,,,,,,,,,,,,,,,,,,,,,,,,,,,,,,,,,,,,,,,,,,,,2026-07-14 13:03:02.206,1,ShortSeries,NoForecastRowsMaterialized"
"22596,66,66,10592,1,1293,SACO INDUSTRIAL,""26"",FRESCOS Y ELABORADOS DELISANO S.A.U,José Mateos-Aparicio Martinez,,,,,,preserve current forecast,preserve current forecast,success,,NOT_COMPARABLE_MISSING_SCP_AND_ML,1,0,0,0.0,0.0,0.0,0.0,0.0,3.45,,,,,,,,,,,,,,,,,,,,,,,,,,,,,,,,,,,,,,,,,,,,,,,,,,,,,,,,,,,,,,,,,,,,,,,,,,,,,,,,,,,,,,,,,,,,,,,,,,,,,,,,,,,,,,,,,,,,,,,,,,,,,,,,,,,,,,,,,,,,,,,,,,,,,,,,,,,,,,,,,,,,,,,,,,,,,,,,,,,,,,,,,,,,,,,,,,,,,,,,,,2026-07-14 13:03:02.206,1,MissingHistory,NoForecastRowsMaterialized"
"22597,66,66,10592,1,1295,SACO INDUSTRIAL,""26"",PAYAN HERMANOS,José Mateos-Aparicio Martinez,,TSB,intermittent_insuficient,intermittent_insuficient_insuficient,insuficient,syntetos-boylan,syntetos-boylan,success,intermittent_insuficient,COMPARABLE,1,1,1,0.75,0.75,0.0,0.0,0.0,2.4,0.0,0.0,0.0,2.2,0.0,0.0,1.2,1.2,1.2,2.0,0.0,0.0,-0.75,-0.75,0.0,2.2,0.0,-2.4,0.44999999999999996,0.44999999999999996,1.2,2.0,0.0,-2.4,0.75,0.75,0.0,2.2,0.0,2.4,0.44999999999999996,0.44999999999999996,1.2,2.0,0.0,2.4,0.5625,0.5625,0.0,4.840000000000001,0.0,5.76,0.20249999999999996,0.20249999999999996,1.44,4.0,0.0,5.76,1,1,0,0,0,1,0.75,0.75,,,,2.4,0.44999999999999996,0.44999999999999996,,,,2.4,0.75,0.75,,,,2.4,0.44999999999999996,0.44999999999999996,,,,2.4,1.0,1.0,,,,1.0,0.6,0.6,,,,1.0,-1.0,-1.0,,,,-1.0,0.6,0.6,,,,-1.0,ML,ML,,,,TIE,TSB,TSB,,,,,SCP,SCP,,,,,syntetos-boylan,syntetos-boylan,,,,,40.0,40.0,,,,0.0,2.4,2.2,2.0,-0.19999999999999973,-0.3999999999999999,4.6,4.4,10.600000000000001,9.76,1,4.6,4.4,3.2557641192199416,3.1240998703626617,1.9166666666666665,1.8333333333333335,-0.08333333333333323,-0.16666666666666663,ML,TSB,SCP,syntetos-boylan,4.347826086956506,1.5,0.0,3.5999999999999996,-1.5,2.0999999999999996,1.5,2.0999999999999996,1.125,1.8449999999999998,2,0.75,1.0499999999999998,0.75,0.9604686356149272,1.0,1.3999999999999997,-1.0,1.3999999999999997,SCP,syntetos-boylan,ML,TSB,28.57142857142855,3.9,2.2,5.6,-1.6999999999999997,1.6999999999999997,6.1,6.5,11.725000000000001,11.605,3,2.033333333333333,2.1666666666666665,1.9769505136278283,1.96680790453296,1.564102564102564,1.6666666666666667,-0.43589743589743585,0.43589743589743585,SCP,syntetos-boylan,ML,TSB,6.153846153846159,2026-07-14 13:03:02.206,0,,NoForecastRowsMaterialized"
"22598,66,66,10592,1,1362,SACO INDUSTRIAL,""3503"",FAERCH BUÑOL S.L.U.,José Mateos-Aparicio Martinez,,MovingAverage3M,smooth_insuficient,smooth_insuficient_insuficient,insuficient,seasonal discrete,seasonal discrete,success,smooth_insuficient,COMPARABLE,1,1,1,25.2,25.2,0.0,0.0,0.0,25.2,26.4,0.0,0.0,32.6,0.0,0.0,8.400000000000002,8.4,8.399999999999999,27.3,0.0,0.0,1.1999999999999993,-25.2,0.0,32.6,0.0,-25.2,-16.799999999999997,-16.799999999999997,8.399999999999999,27.3,0.0,-25.2,1.1999999999999993,25.2,0.0,32.6,0.0,25.2,16.799999999999997,16.799999999999997,8.399999999999999,27.3,0.0,25.2,1.4399999999999984,635.04,0.0,1062.76,0.0,635.04,282.2399999999999,282.2399999999999,70.55999999999997,745.2900000000001,0.0,635.04,1,1,0,0,0,1,1.1999999999999993,25.2,,,,25.2,16.799999999999997,16.799999999999997,,,,25.2,1.1999999999999993,25.2,,,,25.2,16.799999999999997,16.799999999999997,,,,25.2,0.047619047619047596,1.0,,,,1.0,0.6666666666666665,0.6666666666666665,,,,1.0,0.047619047619047596,-1.0,,,,-1.0,-0.6666666666666665,-0.6666666666666665,,,,-1.0,SCP,ML,,,,TIE,seasonal discrete,MovingAverage3M,,,,,ML,SCP,,,,,MovingAverage3M,seasonal discrete,,,,,92.85714285714286,33.33333333333335,,,,0.0,25.2,32.6,27.3,7.400000000000002,2.1000000000000014,57.8,52.5,1697.8,1380.33,1,57.8,52.5,41.204368700418165,37.15279262720368,2.2936507936507935,2.0833333333333335,0.2936507936507937,0.0833333333333334,ML,MovingAverage3M,SCP,seasonal discrete,9.169550173010368,50.4,26.4,25.2,-24.0,-25.199999999999996,26.4,41.99999999999999,636.48,635.0399999999997,2,13.2,20.999999999999996,17.839282496782207,17.819090885900994,0.5238095238095238,0.8333333333333333,-0.4761904761904762,-0.49999999999999994,SCP,seasonal discrete,ML,MovingAverage3M,37.14285714285713,75.6,59.0,52.5,-16.599999999999998,-23.099999999999994,84.2,94.5,2334.2799999999997,2015.37,3,28.066666666666666,31.5,27.894324392846176,25.918912014203066,1.113756613756614,1.25,-0.21957671957671956,-0.3055555555555555,SCP,seasonal discrete,ML,MovingAverage3M,10.899470899470884,2026-07-14 13:03:02.206,0,,"
"22599,66,66,10592,1,1392,SACO INDUSTRIAL,""3652"",UVESA,José Mateos-Aparicio Martinez,,,,,,preserve current forecast,preserve current forecast,success,,NOT_COMPARABLE_ML_EXCLUDED,1,1,0,0.0,0.0,0.0,0.0,0.0,372.0,207.60000000000002,0.0,0.0,318.99999999999994,0.0,0.0,,,,,,,,,,,,,,,,,,,,,,,,,,,,,,,,,,,,,,,,,,,,,,,,,,,,,,,,,,,,,,,,,,,,,,,,,,,,,,,,,,,,,,,,,,,,,,,,,,,,,,,,,,,,,,,,,,,,,,,,,,,,,,,,,,,,,,,,,,,,,,,,,,,,,,,,,,,,,,,,,,,,,,,,,,,,,,,,,,,,,,,,,,,,,,,,,,,,2026-07-14 13:03:02.206,1,MissingHistory,"
"22600,66,66,10592,1,1395,SACO INDUSTRIAL,""3660"",CASTEL PACKAGING SLU,José Mateos-Aparicio Martinez,,,,,,preserve current forecast,preserve current forecast,success,,NOT_COMPARABLE_ML_EXCLUDED,1,1,0,0.0,0.0,0.0,0.0,-22.5,112.5,45.0,0.0,0.0,82.5,0.0,0.0,,,,,,,,,,,,,,,,,,,,,,,,,,,,,,,,,,,,,,,,,,,,,,,,,,,,,,,,,,,,,,,,,,,,,,,,,,,,,,,,,,,,,,,,,,,,,,,,,,,,,,,,,,,,,,,,,,,,,,,,,,,,,,,,,,,,,,,,,,,,,,,,,,,,,,,,,,,,,,,,,,,,,,,,,,,,,,,,,,,,,,,,,,,,,,,,,,,,2026-07-14 13:03:02.206,1,MissingHistory,"
"22601,66,66,10592,1,1459,SACO INDUSTRIAL,""3695"",CASTEL PACKAGING SLU,José Mateos-Aparicio Martinez,,,,,,preserve current forecast,preserve current forecast,success,,NOT_COMPARABLE_ML_EXCLUDED,1,1,0,0.0,0.0,0.0,0.0,0.0,0.0,0.0,0.0,0.0,22.0,22.0,22.0,,,,,,,,,,,,,,,,,,,,,,,,,,,,,,,,,,,,,,,,,,,,,,,,,,,,,,,,,,,,,,,,,,,,,,,,,,,,,,,,,,,,,,,,,,,,,,,,,,,,,,,,,,,,,,,,,,,,,,,,,,,,,,,,,,,,,,,,,,,,,,,,,,,,,,,,,,,,,,,,,,,,,,,,,,,,,,,,,,,,,,,,,,,,,,,,,,,,2026-07-14 13:03:02.206,1,MissingHistory,NoForecastRowsMaterialized"
"22602,66,66,10592,1,2387,MASCOTAS,""2736"",CARO RUIZ S.A - BP,ENRIQUE MALONDA ESCRIVA,,,,,,preserve current forecast,preserve current forecast,success,,NOT_COMPARABLE_MISSING_SCP_AND_ML,1,0,0,0.0,0.0,0.0,0.0,0.0,0.0,,,,,,,,,,,,,,,,,,,,,,,,,,,,,,,,,,,,,,,,,,,,,,,,,,,,,,,,,,,,,,,,,,,,,,,,,,,,,,,,,,,,,,,,,,,,,,,,,,,,,,,,,,,,,,,,,,,,,,,,,,,,,,,,,,,,,,,,,,,,,,,,,,,,,,,,,,,,,,,,,,,,,,,,,,,,,,,,,,,,,,,,,,,,,,,,,,,,,,,,,,2026-07-14 13:03:02.206,1,MissingHistory,NoForecastRowsMaterialized"
"22603,66,66,10592,1,2405,CONSUMIBLES DOMESTICOS,""3540"",ALDI MASQUEFA SUPERMERCADOS S.L.U - BP,ENRIQUE MALONDA ESCRIVA,,,,,,preserve current forecast,preserve current forecast,success,,NOT_COMPARABLE_MISSING_SCP_AND_ML,1,0,0,0.0,0.0,0.0,0.0,0.0,0.0,,,,,,,,,,,,,,,,,,,,,,,,,,,,,,,,,,,,,,,,,,,,,,,,,,,,,,,,,,,,,,,,,,,,,,,,,,,,,,,,,,,,,,,,,,,,,,,,,,,,,,,,,,,,,,,,,,,,,,,,,,,,,,,,,,,,,,,,,,,,,,,,,,,,,,,,,,,,,,,,,,,,,,,,,,,,,,,,,,,,,,,,,,,,,,,,,,,,,,,,,,2026-07-14 13:03:02.206,1,MissingHistory,NoForecastRowsMaterialized"
"22604,66,66,10592,1,2473,CONSUMIBLES DOMESTICOS,""2740"",RIOS FARIAS SA - BP,ENRIQUE MALONDA ESCRIVA,,,,,,preserve current forecast,preserve current forecast,success,,NOT_COMPARABLE_MISSING_SCP_AND_ML,1,0,0,0.0,0.0,0.0,0.0,0.0,0.0,,,,,,,,,,,,,,,,,,,,,,,,,,,,,,,,,,,,,,,,,,,,,,,,,,,,,,,,,,,,,,,,,,,,,,,,,,,,,,,,,,,,,,,,,,,,,,,,,,,,,,,,,,,,,,,,,,,,,,,,,,,,,,,,,,,,,,,,,,,,,,,,,,,,,,,,,,,,,,,,,,,,,,,,,,,,,,,,,,,,,,,,,,,,,,,,,,,,,,,,,,2026-07-14 13:03:02.206,1,MissingHistory,NoForecastRowsMaterialized"
"22605,66,66,10592,1,2487,CONSUMIBLES DOMESTICOS,""3472"",RIOS FARIAS SA - BP,ENRIQUE MALONDA ESCRIVA,,,,,,preserve current forecast,preserve current forecast,success,,NOT_COMPARABLE_MISSING_SCP_AND_ML,1,0,0,0.0,0.0,0.0,0.0,0.0,0.0,,,,,,,,,,,,,,,,,,,,,,,,,,,,,,,,,,,,,,,,,,,,,,,,,,,,,,,,,,,,,,,,,,,,,,,,,,,,,,,,,,,,,,,,,,,,,,,,,,,,,,,,,,,,,,,,,,,,,,,,,,,,,,,,,,,,,,,,,,,,,,,,,,,,,,,,,,,,,,,,,,,,,,,,,,,,,,,,,,,,,,,,,,,,,,,,,,,,,,,,,,2026-07-14 13:03:02.206,1,MissingHistory,NoForecastRowsMaterialized"
"22606,66,66,10592,1,2505,CONSUMIBLES DOMESTICOS,""2758"",HERMANOS AYALA SOUSA S.L,ENRIQUE MALONDA ESCRIVA,,,,,,preserve current forecast,preserve current forecast,success,,NOT_COMPARABLE_MISSING_SCP_AND_ML,1,0,0,0.0,0.0,0.0,0.0,0.0,0.0,,,,,,,,,,,,,,,,,,,,,,,,,,,,,,,,,,,,,,,,,,,,,,,,,,,,,,,,,,,,,,,,,,,,,,,,,,,,,,,,,,,,,,,,,,,,,,,,,,,,,,,,,,,,,,,,,,,,,,,,,,,,,,,,,,,,,,,,,,,,,,,,,,,,,,,,,,,,,,,,,,,,,,,,,,,,,,,,,,,,,,,,,,,,,,,,,,,,,,,,,,2026-07-14 13:03:02.206,1,MissingHistory,NoForecastRowsMaterialized"
"22607,66,66,10592,1,2537,CONSUMIBLES DOMESTICOS,""2829"",DYP MIGUEZ SL.  - BP,ENRIQUE MALONDA ESCRIVA,,,,,,preserve current forecast,preserve current forecast,success,,NOT_COMPARABLE_MISSING_SCP_AND_ML,1,0,0,0.0,0.0,0.0,0.0,0.0,0.0,,,,,,,,,,,,,,,,,,,,,,,,,,,,,,,,,,,,,,,,,,,,,,,,,,,,,,,,,,,,,,,,,,,,,,,,,,,,,,,,,,,,,,,,,,,,,,,,,,,,,,,,,,,,,,,,,,,,,,,,,,,,,,,,,,,,,,,,,,,,,,,,,,,,,,,,,,,,,,,,,,,,,,,,,,,,,,,,,,,,,,,,,,,,,,,,,,,,,,,,,,2026-07-14 13:03:02.206,1,MissingHistory,NoForecastRowsMaterialized"
"22608,66,66,10592,1,987,CONSUMIBLES DOMESTICOS,""3644"",SUPER DEZA,Enrique Malonda Escriva,,ADIDA,intermittent_insuficient,intermittent_insuficient_insuficient,insuficient,syntetos-boylan,syntetos-boylan,success,intermittent_insuficient,NOT_COMPARABLE_MISSING_SCP,1,0,1,0.0,240.0,0.0,0.0,0.0,0.0,,,,,,,0.0,43.0,84.0,0.0,0.0,0.0,,,,,,,,,,,,,,,,,,,,,,,,,,,,,,,,,,,,,,,,,,,,,,,,,,,,,,,,,,,,,,,,,,,,,,,,,,,,,,,,,,,,,,,,,,,,,,,,,,,,,,,,,,,,,,,,,,,,,,,,,,,,,,,,,,,,,,,,,,,,,,,,,,,,,,,,,,,,,,,,,,,,,,,,,,,,,,,,,,,,,,,,,,,,,,2026-07-14 13:03:02.206,0,,NoForecastRowsMaterialized"
"22609,66,66,10592,1,1003,CONSUMIBLES DOMESTICOS,""3646"",BUBBLES BIDCO SPAIN SL (ACQUA & SAPONE)A,Enrique Malonda Escriva,,,,,,preserve current forecast,preserve current forecast,success,,NOT_COMPARABLE_MISSING_SCP_AND_ML,1,0,0,0.0,0.0,0.0,0.0,0.0,0.0,,,,,,,,,,,,,,,,,,,,,,,,,,,,,,,,,,,,,,,,,,,,,,,,,,,,,,,,,,,,,,,,,,,,,,,,,,,,,,,,,,,,,,,,,,,,,,,,,,,,,,,,,,,,,,,,,,,,,,,,,,,,,,,,,,,,,,,,,,,,,,,,,,,,,,,,,,,,,,,,,,,,,,,,,,,,,,,,,,,,,,,,,,,,,,,,,,,,,,,,,,2026-07-14 13:03:02.206,1,MissingHistory,NoForecastRowsMaterialized"
"22610,66,66,10592,1,1439,SACO INDUSTRIAL,""3692"",DOLZ ESPAÑA,José Mateos-Aparicio Martinez,,,,,,preserve current forecast,preserve current forecast,success,,NOT_COMPARABLE_ML_EXCLUDED,1,1,0,0.0,0.0,0.0,72.0,0.0,0.0,0.0,0.0,0.0,19.1,0.0,0.0,,,,,,,,,,,,,,,,,,,,,,,,,,,,,,,,,,,,,,,,,,,,,,,,,,,,,,,,,,,,,,,,,,,,,,,,,,,,,,,,,,,,,,,,,,,,,,,,,,,,,,,,,,,,,,,,,,,,,,,,,,,,,,,,,,,,,,,,,,,,,,,,,,,,,,,,,,,,,,,,,,,,,,,,,,,,,,,,,,,,,,,,,,,,,,,,,,,,2026-07-14 13:03:02.206,1,MissingHistory,NoForecastRowsMaterialized"
"22611,66,66,10592,1,1446,SACO INDUSTRIAL,""3694"",ALIMERKA S.A.U.,Enrique Malonda Escriva,,SeasonalNaive,intermittent_insuficient,intermittent_insuficient_insuficient,insuficient,syntetos-boylan,syntetos-boylan,success,intermittent_insuficient,NOT_COMPARABLE_MISSING_SCP,1,0,1,45.0,0.0,0.0,0.0,0.0,0.0,,,,,,,33.8,0.0,0.0,0.0,0.0,0.0,,,,,,,,,,,,,,,,,,,,,,,,,,,,,,,,,,,,,,,,,,,,,,,,,,,,,,,,,,,,,,,,,,,,,,,,,,,,,,,,,,,,,,,,,,,,,,,,,,,,,,,,,,,,,,,,,,,,,,,,,,,,,,,,,,,,,,,,,,,,,,,,,,,,,,,,,,,,,,,,,,,,,,,,,,,,,,,,,,,,,,,,,,,,,,2026-07-14 13:03:02.206,0,,NoForecastRowsMaterialized"
"22612,66,66,10592,1,1448,SACO INDUSTRIAL,""3694"",CASTEL PACKAGING SLU,José Mateos-Aparicio Martinez,,,,,,preserve current forecast,preserve current forecast,success,,NOT_COMPARABLE_MISSING_SCP_AND_ML,1,0,0,0.0,0.0,0.0,0.0,0.0,0.0,,,,,,,,,,,,,,,,,,,,,,,,,,,,,,,,,,,,,,,,,,,,,,,,,,,,,,,,,,,,,,,,,,,,,,,,,,,,,,,,,,,,,,,,,,,,,,,,,,,,,,,,,,,,,,,,,,,,,,,,,,,,,,,,,,,,,,,,,,,,,,,,,,,,,,,,,,,,,,,,,,,,,,,,,,,,,,,,,,,,,,,,,,,,,,,,,,,,,,,,,,2026-07-14 13:03:02.206,1,MissingHistory,NoForecastRowsMaterialized"
"22613,66,66,10592,1,1650,CONSUMIBLES DOMESTICOS,""2743"","""",(Sin Definir) (Sin Definir),,,,,,preserve current forecast,preserve current forecast,success,,NOT_COMPARABLE_MISSING_SCP_AND_ML,1,0,0,0.0,0.0,22.0,0.0,0.0,0.0,,,,,,,,,,,,,,,,,,,,,,,,,,,,,,,,,,,,,,,,,,,,,,,,,,,,,,,,,,,,,,,,,,,,,,,,,,,,,,,,,,,,,,,,,,,,,,,,,,,,,,,,,,,,,,,,,,,,,,,,,,,,,,,,,,,,,,,,,,,,,,,,,,,,,,,,,,,,,,,,,,,,,,,,,,,,,,,,,,,,,,,,,,,,,,,,,,,,,,,,,,2026-07-14 13:03:02.206,1,MissingHistory,NoForecastRowsMaterialized"
"22614,66,66,10592,1,1682,CONSUMIBLES DOMESTICOS,""2693"","""",(Sin Definir) (Sin Definir),,,,,,preserve current forecast,preserve current forecast,success,,NOT_COMPARABLE_MISSING_SCP_AND_ML,1,0,0,0.0,1296.0,0.0,0.0,0.0,0.0,,,,,,,,,,,,,,,,,,,,,,,,,,,,,,,,,,,,,,,,,,,,,,,,,,,,,,,,,,,,,,,,,,,,,,,,,,,,,,,,,,,,,,,,,,,,,,,,,,,,,,,,,,,,,,,,,,,,,,,,,,,,,,,,,,,,,,,,,,,,,,,,,,,,,,,,,,,,,,,,,,,,,,,,,,,,,,,,,,,,,,,,,,,,,,,,,,,,,,,,,,2026-07-14 13:03:02.206,1,MissingHistory,NoForecastRowsMaterialized"
"22615,66,66,10592,1,1700,SACO INDUSTRIAL,""3704"","""",José Mateos-Aparicio Martinez,,,,,,preserve current forecast,preserve current forecast,success,,NOT_COMPARABLE_MISSING_SCP_AND_ML,1,0,0,0.0,2.0,0.0,0.0,0.0,0.0,,,,,,,,,,,,,,,,,,,,,,,,,,,,,,,,,,,,,,,,,,,,,,,,,,,,,,,,,,,,,,,,,,,,,,,,,,,,,,,,,,,,,,,,,,,,,,,,,,,,,,,,,,,,,,,,,,,,,,,,,,,,,,,,,,,,,,,,,,,,,,,,,,,,,,,,,,,,,,,,,,,,,,,,,,,,,,,,,,,,,,,,,,,,,,,,,,,,,,,,,,2026-07-14 13:03:02.206,1,MissingHistory,NoForecastRowsMaterialized"
"22616,66,66,10592,1,2316,SACO INDUSTRIAL,""3695"",SURPAN S.L. - BP,José Mateos-Aparicio Martinez,,,,,,preserve current forecast,preserve current forecast,success,,NOT_COMPARABLE_MISSING_SCP_AND_ML,1,0,0,0.0,0.0,0.0,0.0,0.0,0.0,,,,,,,,,,,,,,,,,,,,,,,,,,,,,,,,,,,,,,,,,,,,,,,,,,,,,,,,,,,,,,,,,,,,,,,,,,,,,,,,,,,,,,,,,,,,,,,,,,,,,,,,,,,,,,,,,,,,,,,,,,,,,,,,,,,,,,,,,,,,,,,,,,,,,,,,,,,,,,,,,,,,,,,,,,,,,,,,,,,,,,,,,,,,,,,,,,,,,,,,,,2026-07-14 13:03:02.206,1,MissingHistory,NoForecastRowsMaterialized"
"22617,66,66,10592,1,2338,SACO INDUSTRIAL,""3676"",CARNICAS SERRANO,José Mateos-Aparicio Martinez,,ADIDA,lumpy_insuficient,lumpy_insuficient_insuficient,insuficient,syntetos-boylan,syntetos-boylan,success,lumpy_insuficient,NOT_COMPARABLE_MISSING_SCP,1,0,1,0.0,0.0,41.25,0.0,0.0,0.0,,,,,,,0.0,0.0,0.0,0.0,0.0,0.0,,,,,,,,,,,,,,,,,,,,,,,,,,,,,,,,,,,,,,,,,,,,,,,,,,,,,,,,,,,,,,,,,,,,,,,,,,,,,,,,,,,,,,,,,,,,,,,,,,,,,,,,,,,,,,,,,,,,,,,,,,,,,,,,,,,,,,,,,,,,,,,,,,,,,,,,,,,,,,,,,,,,,,,,,,,,,,,,,,,,,,,,,,,,,,2026-07-14 13:03:02.206,0,,NoForecastRowsMaterialized"
"22618,66,66,10592,1,2356,SACO INDUSTRIAL,""3695"",""IMPORTADORA TUDELANA, S.A. (IMPOTUSA) - BP"",José Mateos-Aparicio Martinez,,,,,,preserve current forecast,preserve current forecast,success,,NOT_COMPARABLE_MISSING_SCP_AND_ML,1,0,0,0.0,0.0,0.0,0.0,0.0,0.0,,,,,,,,,,,,,,,,,,,,,,,,,,,,,,,,,,,,,,,,,,,,,,,,,,,,,,,,,,,,,,,,,,,,,,,,,,,,,,,,,,,,,,,,,,,,,,,,,,,,,,,,,,,,,,,,,,,,,,,,,,,,,,,,,,,,,,,,,,,,,,,,,,,,,,,,,,,,,,,,,,,,,,,,,,,,,,,,,,,,,,,,,,,,,,,,,,,,,,,,,,2026-07-14 13:03:02.206,1,MissingHistory,NoForecastRowsMaterialized"
"22619,66,66,10592,1,2423,CONSUMIBLES DOMESTICOS,""3450"",PRIMAPRIX FRANCE - BP,ENRIQUE MALONDA ESCRIVA,,,,,,preserve current forecast,preserve current forecast,success,,NOT_COMPARABLE_MISSING_SCP_AND_ML,1,0,0,0.0,0.0,0.0,0.0,0.0,0.0,,,,,,,,,,,,,,,,,,,,,,,,,,,,,,,,,,,,,,,,,,,,,,,,,,,,,,,,,,,,,,,,,,,,,,,,,,,,,,,,,,,,,,,,,,,,,,,,,,,,,,,,,,,,,,,,,,,,,,,,,,,,,,,,,,,,,,,,,,,,,,,,,,,,,,,,,,,,,,,,,,,,,,,,,,,,,,,,,,,,,,,,,,,,,,,,,,,,,,,,,,2026-07-14 13:03:02.206,1,MissingHistory,NoForecastRowsMaterialized"
"22620,66,66,10592,1,2455,CONSUMIBLES DOMESTICOS,""3458"",""RETAIL DE IMPACTO, S.L - BP"",ENRIQUE MALONDA ESCRIVA,,,,,,preserve current forecast,preserve current forecast,success,,NOT_COMPARABLE_MISSING_SCP_AND_ML,1,0,0,0.0,0.0,0.0,0.0,0.0,0.0,,,,,,,,,,,,,,,,,,,,,,,,,,,,,,,,,,,,,,,,,,,,,,,,,,,,,,,,,,,,,,,,,,,,,,,,,,,,,,,,,,,,,,,,,,,,,,,,,,,,,,,,,,,,,,,,,,,,,,,,,,,,,,,,,,,,,,,,,,,,,,,,,,,,,,,,,,,,,,,,,,,,,,,,,,,,,,,,,,,,,,,,,,,,,,,,,,,,,,,,,,2026-07-14 13:03:02.206,1,MissingHistory,NoForecastRowsMaterialized"
"22621,66,66,10592,1,2522,BOLSA BASURA PROFESIONALES,""2659"","""",(Sin Definir) (Sin Definir),,,,,,preserve current forecast,preserve current forecast,success,,NOT_COMPARABLE_MISSING_SCP_AND_ML,1,0,0,0.0,0.0,0.0,0.0,0.0,0.0,,,,,,,,,,,,,,,,,,,,,,,,,,,,,,,,,,,,,,,,,,,,,,,,,,,,,,,,,,,,,,,,,,,,,,,,,,,,,,,,,,,,,,,,,,,,,,,,,,,,,,,,,,,,,,,,,,,,,,,,,,,,,,,,,,,,,,,,,,,,,,,,,,,,,,,,,,,,,,,,,,,,,,,,,,,,,,,,,,,,,,,,,,,,,,,,,,,,,,,,,,2026-07-14 13:03:02.206,1,MissingHistory,NoForecastRowsMaterialized"
"22622,66,66,10592,1,1284,SACO INDUSTRIAL,""25"",""PROCAVI, S.L."",José Mateos-Aparicio Martinez,,SeasonalNaive,intermittent_insuficient,intermittent_insuficient_insuficient,insuficient,seasonal discrete,seasonal discrete,success,intermittent_insuficient,COMPARABLE,1,1,1,2.5,1.8,3.7,0.0,3.0,0.0,1.4,0.0,0.0,1.2999999999999998,0.0,0.0,1.8,0.0,1.5,1.9000000000000001,0.0,0.0,-1.1,-1.8,-3.7,1.2999999999999998,-3.0,0.0,-0.7,-1.8,-2.2,1.9000000000000001,-3.0,0.0,1.1,1.8,3.7,1.2999999999999998,3.0,0.0,0.7,1.8,2.2,1.9000000000000001,3.0,0.0,1.2100000000000002,3.24,13.690000000000001,1.6899999999999995,9.0,0.0,0.48999999999999994,3.24,4.840000000000001,3.6100000000000003,9.0,0.0,1,1,1,0,1,0,1.1,1.8,3.7,,3.0,,0.7,1.8,2.2,,3.0,,1.1,1.8,3.7,,3.0,,0.7,1.8,2.2,,3.0,,0.44000000000000006,1.0,1.0,,1.0,,0.27999999999999997,1.0,0.5945945945945946,,1.0,,-0.44000000000000006,-1.0,-1.0,,-1.0,,-0.27999999999999997,-1.0,-0.5945945945945946,,-1.0,,ML,TIE,ML,,TIE,,SeasonalNaive,,SeasonalNaive,,,,SCP,,SCP,,,,seasonal discrete,,seasonal discrete,,,,36.36363636363638,0.0,40.54054054054054,,0.0,,3.0,1.2999999999999998,1.9000000000000001,-1.7000000000000002,-1.0999999999999999,4.3,4.9,10.69,12.61,1,4.3,4.9,3.269556544854363,3.5510561809129406,1.4333333333333333,1.6333333333333335,-0.5666666666666668,-0.36666666666666664,SCP,seasonal discrete,ML,SeasonalNaive,12.244897959183684,8.0,1.4,3.3,-6.6,-4.7,6.6,4.7,18.14,8.570000000000002,3,2.1999999999999997,1.5666666666666667,2.4589970855343988,1.6901676445449627,0.825,0.5875,-0.825,-0.5875,ML,SeasonalNaive,SCP,seasonal discrete,28.78787878787878,11.0,2.6999999999999997,5.2,-8.3,-5.8,10.9,9.600000000000001,28.83,21.18,4,2.725,2.4000000000000004,2.68467875173176,2.3010866998007704,0.990909090909091,0.8727272727272729,-0.7545454545454546,-0.5272727272727272,ML,SeasonalNaive,SCP,seasonal discrete,11.926605504587142,2026-07-14 13:03:02.206,0,,"
"22623,66,66,10592,1,1402,SACO INDUSTRIAL,""3675"",UVESA,José Mateos-Aparicio Martinez,,SeasonalNaive,intermittent_insuficient,intermittent_insuficient_insuficient,insuficient,syntetos-boylan,syntetos-boylan,success,intermittent_insuficient,COMPARABLE,1,1,1,19.1,0.0,0.0,10.5,0.0,0.0,0.0,0.0,0.0,16.4,0.0,0.0,13.5,0.0,0.0,9.5,0.0,0.0,-19.1,0.0,0.0,5.899999999999999,0.0,0.0,-5.600000000000001,0.0,0.0,-1.0,0.0,0.0,19.1,0.0,0.0,5.899999999999999,0.0,0.0,5.600000000000001,0.0,0.0,1.0,0.0,0.0,364.81000000000006,0.0,0.0,34.80999999999998,0.0,0.0,31.360000000000017,0.0,0.0,1.0,0.0,0.0,1,0,0,1,0,0,19.1,,,5.899999999999999,,,5.600000000000001,,,1.0,,,19.1,,,5.899999999999999,,,5.600000000000001,,,1.0,,,1.0,,,0.5619047619047618,,,0.29319371727748694,,,0.09523809523809523,,,-1.0,,,0.5619047619047618,,,-0.29319371727748694,,,-0.09523809523809523,,,ML,,,ML,,,SeasonalNaive,,,SeasonalNaive,,,SCP,,,SCP,,,syntetos-boylan,,,syntetos-boylan,,,70.6806282722513,,,83.05084745762711,,,10.5,16.4,9.5,5.899999999999999,-1.0,5.899999999999999,1.0,34.80999999999998,1.0,1,5.899999999999999,1.0,5.899999999999999,1.0,0.5619047619047618,0.09523809523809523,0.5619047619047618,-0.09523809523809523,ML,SeasonalNaive,SCP,syntetos-boylan,83.05084745762711,19.1,0.0,13.5,-19.1,-5.600000000000001,19.1,5.600000000000001,364.81000000000006,31.360000000000017,1,19.1,5.600000000000001,19.1,5.600000000000001,1.0,0.29319371727748694,-1.0,-0.29319371727748694,ML,SeasonalNaive,SCP,syntetos-boylan,70.6806282722513,29.6,16.4,23.0,-13.200000000000003,-6.600000000000001,25.0,6.600000000000001,399.62000000000006,32.360000000000014,2,12.5,3.3000000000000007,14.135416513141735,4.022437072223754,0.8445945945945945,0.222972972972973,-0.445945945945946,-0.222972972972973,ML,SeasonalNaive,SCP,syntetos-boylan,73.6,2026-07-14 13:03:02.206,0,,NoForecastRowsMaterialized"
"22624,66,66,10592,1,1470,SACO INDUSTRIAL,""3696"",UVESA,José Mateos-Aparicio Martinez,,SeasonalNaive,intermittent_insuficient,intermittent_insuficient_insuficient,insuficient,seasonal discrete,seasonal discrete,success,intermittent_insuficient,COMPARABLE,1,1,1,33.0,98.69999999999999,0.0,33.0,0.0,66.0,46.0,0.0,0.0,32.7,0.0,0.0,66.0,66.0,132.0,0.0,0.0,0.0,13.0,-98.69999999999999,0.0,-0.29999999999999716,0.0,-66.0,33.0,-32.69999999999999,132.0,-33.0,0.0,-66.0,13.0,98.69999999999999,0.0,0.29999999999999716,0.0,66.0,33.0,32.69999999999999,132.0,33.0,0.0,66.0,169.0,9741.689999999997,0.0,0.08999999999999829,0.0,4356.0,1089.0,1069.2899999999993,17424.0,1089.0,0.0,4356.0,1,1,0,1,0,1,13.0,98.69999999999999,,0.29999999999999716,,66.0,33.0,32.69999999999999,,33.0,,66.0,13.0,98.69999999999999,,0.29999999999999716,,66.0,33.0,32.69999999999999,,33.0,,66.0,0.3939393939393939,1.0,,0.009090909090909005,,1.0,1.0,0.3313069908814589,,1.0,,1.0,0.3939393939393939,-1.0,,-0.009090909090909005,,-1.0,1.0,-0.3313069908814589,,-1.0,,-1.0,SCP,ML,,SCP,,TIE,seasonal discrete,SeasonalNaive,,seasonal discrete,,,ML,SCP,,ML,,,SeasonalNaive,seasonal discrete,,SeasonalNaive,,,60.60606060606061,66.86930091185411,,99.0909090909091,,0.0,99.0,32.7,0.0,-66.3,-99.0,66.3,99.0,4356.09,5445.0,2,33.15,49.5,46.66952967408178,52.17758139277826,0.6696969696969697,1.0,-0.6696969696969697,-1.0,SCP,seasonal discrete,ML,SeasonalNaive,33.03030303030303,131.7,46.0,264.0,-85.69999999999999,132.3,111.69999999999999,197.7,9910.689999999997,19582.29,2,55.849999999999994,98.85,70.39421140974589,98.95021475469369,0.8481397114654518,1.501138952164009,-0.6507213363705391,1.0045558086560367,SCP,seasonal discrete,ML,SeasonalNaive,43.50025290844714,230.7,78.7,264.0,-152.0,33.30000000000001,178.0,296.7,14266.779999999997,25027.29,4,44.5,74.175,59.72181343529347,79.10007901386699,0.7715648027741656,1.2860858257477243,-0.658864325964456,0.14434330299089732,SCP,seasonal discrete,ML,SeasonalNaive,40.00674081563869,2026-07-14 13:03:02.206,0,,"
"22625,66,66,10592,1,1484,SACO INDUSTRIAL,""3702"",""HIJOS DE JUAN PUJANTE, S.A."",José Mateos-Aparicio Martinez,,,,,,preserve current forecast,preserve current forecast,success,,NOT_COMPARABLE_MISSING_SCP_AND_ML,1,0,0,0.0,0.0,0.0,0.0,0.0,0.0,,,,,,,,,,,,,,,,,,,,,,,,,,,,,,,,,,,,,,,,,,,,,,,,,,,,,,,,,,,,,,,,,,,,,,,,,,,,,,,,,,,,,,,,,,,,,,,,,,,,,,,,,,,,,,,,,,,,,,,,,,,,,,,,,,,,,,,,,,,,,,,,,,,,,,,,,,,,,,,,,,,,,,,,,,,,,,,,,,,,,,,,,,,,,,,,,,,,,,,,,,2026-07-14 13:03:02.206,1,MissingHistory,NoForecastRowsMaterialized"
"22626,66,66,10592,1,1534,UNYKOS,""308"",""IFA RETAIL, S.A."",Enrique Malonda Escriva,,MovingAverage12M,smooth_insuficient,smooth_insuficient_insuficient,insuficient,x11 seasonal,x11 seasonal,success,smooth_insuficient,COMPARABLE,1,1,1,2700.0,2250.0,1350.0,1350.0,1800.0,5850.0,820.0,0.0,0.0,1139.0,0.0,0.0,1690.0,1690.0,1691.0,1803.0,0.0,0.0,-1880.0,-2250.0,-1350.0,-211.0,-1800.0,-5850.0,-1010.0,-560.0,341.0,453.0,-1800.0,-5850.0,1880.0,2250.0,1350.0,211.0,1800.0,5850.0,1010.0,560.0,341.0,453.0,1800.0,5850.0,3534400.0,5062500.0,1822500.0,44521.0,3240000.0,34222500,1020100.0,313600.0,116281.0,205209.0,3240000.0,34222500,1,1,1,1,1,1,1880.0,2250.0,1350.0,211.0,1800.0,5850.0,1010.0,560.0,341.0,453.0,1800.0,5850.0,1880.0,2250.0,1350.0,211.0,1800.0,5850.0,1010.0,560.0,341.0,453.0,1800.0,5850.0,0.6962962962962963,1.0,1.0,0.1562962962962963,1.0,1.0,0.37407407407407406,0.24888888888888888,0.2525925925925926,0.33555555555555555,1.0,1.0,-0.6962962962962963,-1.0,-1.0,-0.1562962962962963,-1.0,-1.0,-0.37407407407407406,-0.24888888888888888,0.2525925925925926,0.33555555555555555,-1.0,-1.0,ML,ML,ML,SCP,TIE,TIE,MovingAverage12M,MovingAverage12M,MovingAverage12M,x11 seasonal,,,SCP,SCP,SCP,ML,,,x11 seasonal,x11 seasonal,x11 seasonal,MovingAverage12M,,,46.276595744680854,75.1111111111111,74.74074074074075,53.42163355408388,0.0,0.0,9000.0,1139.0,1803.0,-7861.0,-7197.0,7861.0,8103.0,37507021,37667709,3,2620.3333333333335,2701.0,3535.864863556487,3543.430964474968,0.8734444444444445,0.9003333333333333,-0.8734444444444445,-0.7996666666666666,SCP,x11 seasonal,ML,MovingAverage12M,2.98654819202764,6300.0,820.0,5071.0,-5480.0,-1229.0,5480.0,1911.0,10419400,1449981.0,3,1826.6666666666667,637.0,1863.6344419797927,695.2172322375216,0.8698412698412699,0.30333333333333334,-0.8698412698412699,-0.19507936507936507,ML,MovingAverage12M,SCP,x11 seasonal,65.12773722627738,15300.0,1959.0,6874.0,-13341.0,-8426.0,13341.0,10014.0,47926421,39117690,6,2223.5,1669.0,2826.2584512626113,2553.353677029487,0.8719607843137255,0.6545098039215687,-0.8719607843137255,-0.550718954248366,ML,MovingAverage12M,SCP,x11 seasonal,24.938160557679332,2026-07-14 13:03:02.206,0,,"
"22627,66,66,10592,1,1537,UNYKOS,""2537"",CORP. ALIMENTARIA GUISSONA,Enrique Malonda Escriva,,,,,,preserve current forecast,preserve current forecast,success,,NOT_COMPARABLE_ML_EXCLUDED,1,1,0,0.0,0.0,6720.0,0.0,16800.0,30240.0,16160.0,16160.0,16160.0,22400.0,22400.0,22400.0,,,,,,,,,,,,,,,,,,,,,,,,,,,,,,,,,,,,,,,,,,,,,,,,,,,,,,,,,,,,,,,,,,,,,,,,,,,,,,,,,,,,,,,,,,,,,,,,,,,,,,,,,,,,,,,,,,,,,,,,,,,,,,,,,,,,,,,,,,,,,,,,,,,,,,,,,,,,,,,,,,,,,,,,,,,,,,,,,,,,,,,,,,,,,,,,,,,,2026-07-14 13:03:02.206,1,ShortSeries,"
"22628,66,66,10592,1,1636,CONSUMIBLES DOMESTICOS,""3413"","""",(Sin Definir) (Sin Definir),,,,,,preserve current forecast,preserve current forecast,success,,NOT_COMPARABLE_MISSING_SCP_AND_ML,1,0,0,0.0,0.0,1240.0,0.0,0.0,0.0,,,,,,,,,,,,,,,,,,,,,,,,,,,,,,,,,,,,,,,,,,,,,,,,,,,,,,,,,,,,,,,,,,,,,,,,,,,,,,,,,,,,,,,,,,,,,,,,,,,,,,,,,,,,,,,,,,,,,,,,,,,,,,,,,,,,,,,,,,,,,,,,,,,,,,,,,,,,,,,,,,,,,,,,,,,,,,,,,,,,,,,,,,,,,,,,,,,,,,,,,,2026-07-14 13:03:02.206,1,MissingHistory,NoForecastRowsMaterialized"
"22629,66,66,10592,1,1654,CONSUMIBLES DOMESTICOS,""287"","""",(Sin Definir) (Sin Definir),,,,,,preserve current forecast,preserve current forecast,success,,NOT_COMPARABLE_MISSING_SCP_AND_ML,1,0,0,0.0,0.0,160.0,0.0,0.0,0.0,,,,,,,,,,,,,,,,,,,,,,,,,,,,,,,,,,,,,,,,,,,,,,,,,,,,,,,,,,,,,,,,,,,,,,,,,,,,,,,,,,,,,,,,,,,,,,,,,,,,,,,,,,,,,,,,,,,,,,,,,,,,,,,,,,,,,,,,,,,,,,,,,,,,,,,,,,,,,,,,,,,,,,,,,,,,,,,,,,,,,,,,,,,,,,,,,,,,,,,,,,2026-07-14 13:03:02.206,1,MissingHistory,NoForecastRowsMaterialized"
"22630,66,66,10592,1,1734,CONSUMIBLES DOMESTICOS,""2829"","""",Manolo PLS Cerrato,,,,,,preserve current forecast,preserve current forecast,success,,NOT_COMPARABLE_MISSING_SCP_AND_ML,1,0,0,0.0,120.0,0.0,0.0,0.0,0.0,,,,,,,,,,,,,,,,,,,,,,,,,,,,,,,,,,,,,,,,,,,,,,,,,,,,,,,,,,,,,,,,,,,,,,,,,,,,,,,,,,,,,,,,,,,,,,,,,,,,,,,,,,,,,,,,,,,,,,,,,,,,,,,,,,,,,,,,,,,,,,,,,,,,,,,,,,,,,,,,,,,,,,,,,,,,,,,,,,,,,,,,,,,,,,,,,,,,,,,,,,2026-07-14 13:03:02.206,1,MissingHistory,NoForecastRowsMaterialized"
"22631,66,66,10592,1,1840,BOLSA BASURA PROFESIONALES,""2660"",GRUPO SADA P.A. S.A. - BP,José Mateos-Aparicio Martinez,,,,,,preserve current forecast,preserve current forecast,success,,NOT_COMPARABLE_MISSING_SCP_AND_ML,1,0,0,0.0,0.0,0.0,0.0,0.0,0.0,,,,,,,,,,,,,,,,,,,,,,,,,,,,,,,,,,,,,,,,,,,,,,,,,,,,,,,,,,,,,,,,,,,,,,,,,,,,,,,,,,,,,,,,,,,,,,,,,,,,,,,,,,,,,,,,,,,,,,,,,,,,,,,,,,,,,,,,,,,,,,,,,,,,,,,,,,,,,,,,,,,,,,,,,,,,,,,,,,,,,,,,,,,,,,,,,,,,,,,,,,2026-07-14 13:03:02.206,1,MissingHistory,NoForecastRowsMaterialized"
"22632,66,66,10592,1,2340,SACO INDUSTRIAL,""3703"",JAMONES ARROYO S.L - BP,José Mateos-Aparicio Martinez,,,,,,preserve current forecast,preserve current forecast,success,,NOT_COMPARABLE_MISSING_SCP_AND_ML,1,0,0,0.0,0.0,0.0,0.0,0.0,0.0,,,,,,,,,,,,,,,,,,,,,,,,,,,,,,,,,,,,,,,,,,,,,,,,,,,,,,,,,,,,,,,,,,,,,,,,,,,,,,,,,,,,,,,,,,,,,,,,,,,,,,,,,,,,,,,,,,,,,,,,,,,,,,,,,,,,,,,,,,,,,,,,,,,,,,,,,,,,,,,,,,,,,,,,,,,,,,,,,,,,,,,,,,,,,,,,,,,,,,,,,,2026-07-14 13:03:02.206,1,MissingHistory,NoForecastRowsMaterialized"
"22633,66,66,10592,1,2342,SACO INDUSTRIAL,""52"",JAMONES ARROYO S.L - BP,José Mateos-Aparicio Martinez,,,,,,preserve current forecast,preserve current forecast,success,,NOT_COMPARABLE_MISSING_SCP_AND_ML,1,0,0,0.0,0.0,0.0,0.0,0.0,0.0,,,,,,,,,,,,,,,,,,,,,,,,,,,,,,,,,,,,,,,,,,,,,,,,,,,,,,,,,,,,,,,,,,,,,,,,,,,,,,,,,,,,,,,,,,,,,,,,,,,,,,,,,,,,,,,,,,,,,,,,,,,,,,,,,,,,,,,,,,,,,,,,,,,,,,,,,,,,,,,,,,,,,,,,,,,,,,,,,,,,,,,,,,,,,,,,,,,,,,,,,,2026-07-14 13:03:02.206,1,MissingHistory,NoForecastRowsMaterialized"
"22634,66,66,10592,1,2365,CONSUMIBLES DOMESTICOS,""4772"",CASALMA S.L,ENRIQUE MALONDA ESCRIVA,,,,,,preserve current forecast,preserve current forecast,success,,NOT_COMPARABLE_MISSING_SCP_AND_ML,1,0,0,0.0,400.0,0.0,0.0,0.0,0.0,,,,,,,,,,,,,,,,,,,,,,,,,,,,,,,,,,,,,,,,,,,,,,,,,,,,,,,,,,,,,,,,,,,,,,,,,,,,,,,,,,,,,,,,,,,,,,,,,,,,,,,,,,,,,,,,,,,,,,,,,,,,,,,,,,,,,,,,,,,,,,,,,,,,,,,,,,,,,,,,,,,,,,,,,,,,,,,,,,,,,,,,,,,,,,,,,,,,,,,,,,2026-07-14 13:03:02.206,1,MissingHistory,NoForecastRowsMaterialized"
"22635,66,66,10592,1,2367,CONSUMIBLES DOMESTICOS,""4772"",CORP. ALIMENTARIA GUISSONA,ENRIQUE MALONDA ESCRIVA,,TSB,intermittent_insuficient,intermittent_insuficient_insuficient,insuficient,seasonal discrete,seasonal discrete,success,intermittent_insuficient,NOT_COMPARABLE_MISSING_SCP,1,0,1,6400.0,2280.0,3200.0,6400.0,3200.0,0.0,,,,,,,3521.0,3521.0,3522.0,3063.0,0.0,0.0,,,,,,,,,,,,,,,,,,,,,,,,,,,,,,,,,,,,,,,,,,,,,,,,,,,,,,,,,,,,,,,,,,,,,,,,,,,,,,,,,,,,,,,,,,,,,,,,,,,,,,,,,,,,,,,,,,,,,,,,,,,,,,,,,,,,,,,,,,,,,,,,,,,,,,,,,,,,,,,,,,,,,,,,,,,,,,,,,,,,,,,,,,,,,,2026-07-14 13:03:02.206,0,,NoForecastRowsMaterialized"
"22636,66,66,10592,1,2385,CONSUMIBLES DOMESTICOS,""3451"",CARO RUIZ S.A - BP,ENRIQUE MALONDA ESCRIVA,,,,,,preserve current forecast,preserve current forecast,success,,NOT_COMPARABLE_MISSING_SCP_AND_ML,1,0,0,0.0,0.0,0.0,0.0,0.0,0.0,,,,,,,,,,,,,,,,,,,,,,,,,,,,,,,,,,,,,,,,,,,,,,,,,,,,,,,,,,,,,,,,,,,,,,,,,,,,,,,,,,,,,,,,,,,,,,,,,,,,,,,,,,,,,,,,,,,,,,,,,,,,,,,,,,,,,,,,,,,,,,,,,,,,,,,,,,,,,,,,,,,,,,,,,,,,,,,,,,,,,,,,,,,,,,,,,,,,,,,,,,2026-07-14 13:03:02.206,1,MissingHistory,NoForecastRowsMaterialized"
"22637,66,66,10592,1,2419,""LÁMINA INDUSTRIAL, SEMITUBO Y TUBO"",""3731"",PAASA (PRODUCTOS ALIMENTICIOS ALBACETE) - BP,José Mateos-Aparicio Martinez,,,,,,preserve current forecast,preserve current forecast,success,,NOT_COMPARABLE_MISSING_SCP_AND_ML,1,0,0,0.0,0.0,0.0,0.0,0.0,0.0,,,,,,,,,,,,,,,,,,,,,,,,,,,,,,,,,,,,,,,,,,,,,,,,,,,,,,,,,,,,,,,,,,,,,,,,,,,,,,,,,,,,,,,,,,,,,,,,,,,,,,,,,,,,,,,,,,,,,,,,,,,,,,,,,,,,,,,,,,,,,,,,,,,,,,,,,,,,,,,,,,,,,,,,,,,,,,,,,,,,,,,,,,,,,,,,,,,,,,,,,,2026-07-14 13:03:02.206,1,MissingHistory,NoForecastRowsMaterialized"
"22638,66,66,10592,1,2433,CONSUMIBLES DOMESTICOS,""3456"",ALDI PINTO SUPERMERCADOS S.L.U - BP,ENRIQUE MALONDA ESCRIVA,,,,,,preserve current forecast,preserve current forecast,success,,NOT_COMPARABLE_MISSING_SCP_AND_ML,1,0,0,0.0,0.0,0.0,0.0,0.0,0.0,,,,,,,,,,,,,,,,,,,,,,,,,,,,,,,,,,,,,,,,,,,,,,,,,,,,,,,,,,,,,,,,,,,,,,,,,,,,,,,,,,,,,,,,,,,,,,,,,,,,,,,,,,,,,,,,,,,,,,,,,,,,,,,,,,,,,,,,,,,,,,,,,,,,,,,,,,,,,,,,,,,,,,,,,,,,,,,,,,,,,,,,,,,,,,,,,,,,,,,,,,2026-07-14 13:03:02.206,1,MissingHistory,NoForecastRowsMaterialized"
"22639,66,66,10592,1,2435,CONSUMIBLES DOMESTICOS,""5995"","""",José Mateos-Aparicio Martinez,,,,,,preserve current forecast,preserve current forecast,success,,NOT_COMPARABLE_MISSING_SCP_AND_ML,1,0,0,0.0,0.0,0.0,0.0,0.0,0.0,,,,,,,,,,,,,,,,,,,,,,,,,,,,,,,,,,,,,,,,,,,,,,,,,,,,,,,,,,,,,,,,,,,,,,,,,,,,,,,,,,,,,,,,,,,,,,,,,,,,,,,,,,,,,,,,,,,,,,,,,,,,,,,,,,,,,,,,,,,,,,,,,,,,,,,,,,,,,,,,,,,,,,,,,,,,,,,,,,,,,,,,,,,,,,,,,,,,,,,,,,2026-07-14 13:03:02.206,1,MissingHistory,NoForecastRowsMaterialized"
"22640,66,66,10592,1,1479,SACO INDUSTRIAL,""3701"",UVESA,José Mateos-Aparicio Martinez,,,,,,preserve current forecast,preserve current forecast,success,,NOT_COMPARABLE_ML_EXCLUDED,1,1,0,0.0,0.0,0.0,36.0,0.0,0.0,37.400000000000006,0.0,0.0,27.0,0.0,0.0,,,,,,,,,,,,,,,,,,,,,,,,,,,,,,,,,,,,,,,,,,,,,,,,,,,,,,,,,,,,,,,,,,,,,,,,,,,,,,,,,,,,,,,,,,,,,,,,,,,,,,,,,,,,,,,,,,,,,,,,,,,,,,,,,,,,,,,,,,,,,,,,,,,,,,,,,,,,,,,,,,,,,,,,,,,,,,,,,,,,,,,,,,,,,,,,,,,,2026-07-14 13:03:02.206,1,MissingHistory,"
"22641,66,66,10592,1,1494,SACO INDUSTRIAL,""3704"",PAYAN HERMANOS,José Mateos-Aparicio Martinez,,SeasonalNaive,lumpy_insuficient,lumpy_insuficient_insuficient,insuficient,syntetos-boylan,syntetos-boylan,success,lumpy_insuficient,COMPARABLE,1,1,1,0.0,10.0,0.0,0.0,0.0,10.0,0.0,0.0,0.0,13.5,0.0,0.0,0.0,0.0,0.0,5.0,0.0,0.0,0.0,-10.0,0.0,13.5,0.0,-10.0,0.0,-10.0,0.0,5.0,0.0,-10.0,0.0,10.0,0.0,13.5,0.0,10.0,0.0,10.0,0.0,5.0,0.0,10.0,0.0,100.0,0.0,182.25,0.0,100.0,0.0,100.0,0.0,25.0,0.0,100.0,0,1,0,0,0,1,,10.0,,,,10.0,,10.0,,,,10.0,,10.0,,,,10.0,,10.0,,,,10.0,,1.0,,,,1.0,,1.0,,,,1.0,,-1.0,,,,-1.0,,-1.0,,,,-1.0,,TIE,,,,TIE,,,,,,,,,,,,,,,,,,,,0.0,,,,0.0,10.0,13.5,5.0,3.5,-5.0,23.5,15.0,282.25,125.0,1,23.5,15.0,16.80029761641144,11.180339887498949,2.35,1.5,0.35,-0.5,ML,SeasonalNaive,SCP,syntetos-boylan,36.17021276595745,10.0,0.0,0.0,-10.0,-10.0,10.0,10.0,100.0,100.0,1,10.0,10.0,10.0,10.0,1.0,1.0,-1.0,-1.0,TIE,,,,0.0,20.0,13.5,5.0,-6.5,-15.0,33.5,25.0,382.25,225.0,2,16.75,12.5,13.824796562698491,10.606601717798213,1.675,1.25,-0.325,-0.75,ML,SeasonalNaive,SCP,syntetos-boylan,25.37313432835821,2026-07-14 13:03:02.206,0,,"
"22642,66,66,10592,1,1562,UNYKOS,""2561"",JUAN FORNES - SUPERMERCADOS MAS Y MAS,Enrique Malonda Escriva,,AutoTheta,smooth_insuficient,smooth_insuficient_insuficient,insuficient,x11 seasonal,x11 seasonal,success,smooth_insuficient,COMPARABLE,1,1,1,960.0,1280.0,320.0,1920.0,320.0,1600.0,387.0,0.0,0.0,1480.0,0.0,0.0,1510.0,1501.0,1492.0,1357.0,0.0,0.0,-573.0,-1280.0,-320.0,-440.0,-320.0,-1600.0,550.0,221.0,1172.0,-563.0,-320.0,-1600.0,573.0,1280.0,320.0,440.0,320.0,1600.0,550.0,221.0,1172.0,563.0,320.0,1600.0,328329.0,1638400.0,102400.0,193600.0,102400.0,2560000.0,302500.0,48841.0,1373584.0,316969.0,102400.0,2560000.0,1,1,1,1,1,1,573.0,1280.0,320.0,440.0,320.0,1600.0,550.0,221.0,1172.0,563.0,320.0,1600.0,573.0,1280.0,320.0,440.0,320.0,1600.0,550.0,221.0,1172.0,563.0,320.0,1600.0,0.596875,1.0,1.0,0.22916666666666666,1.0,1.0,0.5729166666666666,0.17265625,3.6625,0.29322916666666665,1.0,1.0,-0.596875,-1.0,-1.0,-0.22916666666666666,-1.0,-1.0,0.5729166666666666,0.17265625,3.6625,-0.29322916666666665,-1.0,-1.0,ML,ML,SCP,SCP,TIE,TIE,AutoTheta,AutoTheta,x11 seasonal,x11 seasonal,,,SCP,SCP,ML,ML,,,x11 seasonal,x11 seasonal,AutoTheta,AutoTheta,,,4.013961605584655,82.734375,72.6962457337884,21.847246891651864,0.0,0.0,3840.0,1480.0,1357.0,-2360.0,-2483.0,2360.0,2483.0,2856000.0,2979369.0,3,786.6666666666666,827.6666666666666,975.7048734120374,996.5555679439054,0.6145833333333334,0.6466145833333333,-0.6145833333333334,-0.6466145833333333,SCP,x11 seasonal,ML,AutoTheta,4.9536850583970935,2560.0,387.0,4503.0,-2173.0,1943.0,2173.0,1943.0,2069129.0,1724925.0,3,724.3333333333334,647.6666666666666,830.4876077742922,758.2710597141368,0.848828125,0.758984375,-0.848828125,0.758984375,ML,AutoTheta,SCP,x11 seasonal,10.584445467096181,6400.0,1867.0,5860.0,-4533.0,-540.0,4533.0,4426.0,4925129.0,4704294.0,6,755.5,737.6666666666666,906.0103936121999,885.4654143443436,0.70828125,0.6915625,-0.70828125,-0.084375,ML,AutoTheta,SCP,x11 seasonal,2.3604676814471657,2026-07-14 13:03:02.206,0,,"
"22643,66,66,10592,1,1592,UNYKOS,""2606"",CONSUM S COOP V,José Luís Sabater _,,SeasonalNaive,erratic_insuficient,erratic_insuficient_insuficient,insuficient,x11 seasonal,x11 seasonal,success,erratic_insuficient,COMPARABLE,1,1,1,8064.0,4032.0,37632.0,37632.0,85968.0,80592.0,12327.0,18520.0,39173.0,44588.0,54577.0,57079.0,2688.0,22848.0,28224.0,55104.0,79296.0,81984.0,4263.0,14488.0,1541.0,6956.0,-31391.0,-23513.0,-5376.0,18816.0,-9408.0,17472.0,-6672.0,1392.0,4263.0,14488.0,1541.0,6956.0,31391.0,23513.0,5376.0,18816.0,9408.0,17472.0,6672.0,1392.0,18173169,209902144,2374681.0,48385936,985394881,552861169,28901376,354041856,88510464,305270784,44515584,1937664.0,1,1,1,1,1,1,4263.0,14488.0,1541.0,6956.0,31391.0,23513.0,5376.0,18816.0,9408.0,17472.0,6672.0,1392.0,4263.0,14488.0,1541.0,6956.0,31391.0,23513.0,5376.0,18816.0,9408.0,17472.0,6672.0,1392.0,0.5286458333333334,3.5932539682539684,0.04094919217687075,0.18484268707482993,0.36514749674297414,0.29175352392297005,0.6666666666666666,4.666666666666667,0.25,0.4642857142857143,0.07761027359017308,0.017272185824895772,0.5286458333333334,3.5932539682539684,0.04094919217687075,0.18484268707482993,-0.36514749674297414,-0.29175352392297005,-0.6666666666666666,4.666666666666667,-0.25,0.4642857142857143,-0.07761027359017308,0.017272185824895772,SCP,SCP,SCP,SCP,ML,ML,x11 seasonal,x11 seasonal,x11 seasonal,x11 seasonal,SeasonalNaive,SeasonalNaive,ML,ML,ML,ML,SCP,SCP,SeasonalNaive,SeasonalNaive,SeasonalNaive,SeasonalNaive,x11 seasonal,x11 seasonal,20.70312499999999,23.001700680272112,83.62032312925169,60.18772893772895,78.74550030263453,94.0798707098201,204192.0,156244.0,216384.0,-47948.0,12192.0,61860.0,25536.0,1586641986,351724032,3,20620.0,8512.0,22997.4055493223,10827.804209533899,0.3029501645510108,0.12505876821814763,-0.23481821031186334,0.059708509637987774,ML,SeasonalNaive,SCP,x11 seasonal,58.71968962172648,49728.0,70020.0,53760.0,20292.0,4032.0,20292.0,33600.0,230449994,471453696,3,6764.0,11200.0,8764.511661619641,12535.997447351367,0.40805984555984554,0.6756756756756757,0.40805984555984554,0.08108108108108109,SCP,x11 seasonal,ML,SeasonalNaive,39.607142857142854,253920.0,226264.0,270144.0,-27656.0,16224.0,82152.0,59136.0,1817091980,823177728,6,13692.0,9856.0,17402.547610431448,11713.081917241081,0.3235349716446125,0.2328922495274102,-0.10891619407687461,0.06389413988657845,ML,SeasonalNaive,SCP,x11 seasonal,28.01635991820041,2026-07-14 13:03:02.206,0,,"
"22644,66,66,10592,1,1628,CONSUMIBLES DOMESTICOS,""3540"","""",Manolo PLS Cerrato,,,,,,preserve current forecast,preserve current forecast,success,,NOT_COMPARABLE_MISSING_SCP_AND_ML,1,0,0,0.0,0.0,1104.0,0.0,0.0,0.0,,,,,,,,,,,,,,,,,,,,,,,,,,,,,,,,,,,,,,,,,,,,,,,,,,,,,,,,,,,,,,,,,,,,,,,,,,,,,,,,,,,,,,,,,,,,,,,,,,,,,,,,,,,,,,,,,,,,,,,,,,,,,,,,,,,,,,,,,,,,,,,,,,,,,,,,,,,,,,,,,,,,,,,,,,,,,,,,,,,,,,,,,,,,,,,,,,,,,,,,,,2026-07-14 13:03:02.206,1,MissingHistory,NoForecastRowsMaterialized"
"22645,66,66,10592,1,2295,SACO INDUSTRIAL,""3493"",""DISTRIBUCION Y DESPIECE ARUNCI, S.L. - BP"",José Mateos-Aparicio Martinez,,,,,,preserve current forecast,preserve current forecast,success,,NOT_COMPARABLE_MISSING_SCP_AND_ML,1,0,0,0.0,0.0,0.0,0.0,0.0,0.0,,,,,,,,,,,,,,,,,,,,,,,,,,,,,,,,,,,,,,,,,,,,,,,,,,,,,,,,,,,,,,,,,,,,,,,,,,,,,,,,,,,,,,,,,,,,,,,,,,,,,,,,,,,,,,,,,,,,,,,,,,,,,,,,,,,,,,,,,,,,,,,,,,,,,,,,,,,,,,,,,,,,,,,,,,,,,,,,,,,,,,,,,,,,,,,,,,,,,,,,,,2026-07-14 13:03:02.206,1,MissingHistory,NoForecastRowsMaterialized"
"22646,66,66,10592,1,2314,SACO INDUSTRIAL,""3694"",""FORMATGERIA GRANJA RINYA, S.L. - BP"",José Mateos-Aparicio Martinez,,,,,,preserve current forecast,preserve current forecast,success,,NOT_COMPARABLE_MISSING_SCP_AND_ML,1,0,0,0.0,0.0,0.0,0.0,0.0,0.0,,,,,,,,,,,,,,,,,,,,,,,,,,,,,,,,,,,,,,,,,,,,,,,,,,,,,,,,,,,,,,,,,,,,,,,,,,,,,,,,,,,,,,,,,,,,,,,,,,,,,,,,,,,,,,,,,,,,,,,,,,,,,,,,,,,,,,,,,,,,,,,,,,,,,,,,,,,,,,,,,,,,,,,,,,,,,,,,,,,,,,,,,,,,,,,,,,,,,,,,,,2026-07-14 13:03:02.206,1,MissingHistory,NoForecastRowsMaterialized"
"22647,66,66,10592,1,2363,CONSUMIBLES DOMESTICOS,""4772"",BUBBLES BIDCO SPAIN SL (ACQUA & SAPONE)A,ENRIQUE MALONDA ESCRIVA,,,,,,preserve current forecast,preserve current forecast,success,,NOT_COMPARABLE_MISSING_SCP_AND_ML,1,0,0,0.0,0.0,0.0,0.0,0.0,0.0,,,,,,,,,,,,,,,,,,,,,,,,,,,,,,,,,,,,,,,,,,,,,,,,,,,,,,,,,,,,,,,,,,,,,,,,,,,,,,,,,,,,,,,,,,,,,,,,,,,,,,,,,,,,,,,,,,,,,,,,,,,,,,,,,,,,,,,,,,,,,,,,,,,,,,,,,,,,,,,,,,,,,,,,,,,,,,,,,,,,,,,,,,,,,,,,,,,,,,,,,,2026-07-14 13:03:02.206,1,MissingHistory,NoForecastRowsMaterialized"
"22648,66,66,10592,1,2431,CONSUMIBLES DOMESTICOS,""3456"",ALDI DOS HERMANAS SUPERMERCADOS - BP,ENRIQUE MALONDA ESCRIVA,,,,,,preserve current forecast,preserve current forecast,success,,NOT_COMPARABLE_MISSING_SCP_AND_ML,1,0,0,0.0,0.0,0.0,0.0,0.0,0.0,,,,,,,,,,,,,,,,,,,,,,,,,,,,,,,,,,,,,,,,,,,,,,,,,,,,,,,,,,,,,,,,,,,,,,,,,,,,,,,,,,,,,,,,,,,,,,,,,,,,,,,,,,,,,,,,,,,,,,,,,,,,,,,,,,,,,,,,,,,,,,,,,,,,,,,,,,,,,,,,,,,,,,,,,,,,,,,,,,,,,,,,,,,,,,,,,,,,,,,,,,2026-07-14 13:03:02.206,1,MissingHistory,NoForecastRowsMaterialized"
"22649,66,66,10592,1,2391,CONSUMIBLES DOMESTICOS,""2671"",PRIMAPRIX FRANCE - BP,ENRIQUE MALONDA ESCRIVA,,,,,,preserve current forecast,preserve current forecast,success,,NOT_COMPARABLE_MISSING_SCP_AND_ML,1,0,0,0.0,0.0,0.0,0.0,0.0,0.0,,,,,,,,,,,,,,,,,,,,,,,,,,,,,,,,,,,,,,,,,,,,,,,,,,,,,,,,,,,,,,,,,,,,,,,,,,,,,,,,,,,,,,,,,,,,,,,,,,,,,,,,,,,,,,,,,,,,,,,,,,,,,,,,,,,,,,,,,,,,,,,,,,,,,,,,,,,,,,,,,,,,,,,,,,,,,,,,,,,,,,,,,,,,,,,,,,,,,,,,,,2026-07-14 13:03:02.206,1,MissingHistory,NoForecastRowsMaterialized"
"22650,66,66,10592,1,2443,SACO INDUSTRIAL,""3683"",SOCIEDAD GESTORA AVICOLA 2021 SL (SGA) - BP,José Mateos-Aparicio Martinez,,,,,,preserve current forecast,preserve current forecast,success,,NOT_COMPARABLE_MISSING_SCP_AND_ML,1,0,0,0.0,0.0,0.0,0.0,0.0,0.0,,,,,,,,,,,,,,,,,,,,,,,,,,,,,,,,,,,,,,,,,,,,,,,,,,,,,,,,,,,,,,,,,,,,,,,,,,,,,,,,,,,,,,,,,,,,,,,,,,,,,,,,,,,,,,,,,,,,,,,,,,,,,,,,,,,,,,,,,,,,,,,,,,,,,,,,,,,,,,,,,,,,,,,,,,,,,,,,,,,,,,,,,,,,,,,,,,,,,,,,,,2026-07-14 13:03:02.206,1,MissingHistory,NoForecastRowsMaterialized"
"22651,66,66,10592,1,2477,CONSUMIBLES DOMESTICOS,""2762"",RIOS FARIAS SA - BP,ENRIQUE MALONDA ESCRIVA,,,,,,preserve current forecast,preserve current forecast,success,,NOT_COMPARABLE_MISSING_SCP_AND_ML,1,0,0,0.0,0.0,0.0,0.0,0.0,0.0,,,,,,,,,,,,,,,,,,,,,,,,,,,,,,,,,,,,,,,,,,,,,,,,,,,,,,,,,,,,,,,,,,,,,,,,,,,,,,,,,,,,,,,,,,,,,,,,,,,,,,,,,,,,,,,,,,,,,,,,,,,,,,,,,,,,,,,,,,,,,,,,,,,,,,,,,,,,,,,,,,,,,,,,,,,,,,,,,,,,,,,,,,,,,,,,,,,,,,,,,,2026-07-14 13:03:02.206,1,MissingHistory,NoForecastRowsMaterialized"
"22652,66,66,10592,1,2507,CONSUMIBLES DOMESTICOS,""2790"",SUPSA SUPERMERCATS PUJOL S.L. - BP,ENRIQUE MALONDA ESCRIVA,,,,,,preserve current forecast,preserve current forecast,success,,NOT_COMPARABLE_MISSING_SCP_AND_ML,1,0,0,0.0,0.0,0.0,0.0,0.0,0.0,,,,,,,,,,,,,,,,,,,,,,,,,,,,,,,,,,,,,,,,,,,,,,,,,,,,,,,,,,,,,,,,,,,,,,,,,,,,,,,,,,,,,,,,,,,,,,,,,,,,,,,,,,,,,,,,,,,,,,,,,,,,,,,,,,,,,,,,,,,,,,,,,,,,,,,,,,,,,,,,,,,,,,,,,,,,,,,,,,,,,,,,,,,,,,,,,,,,,,,,,,2026-07-14 13:03:02.206,1,MissingHistory,NoForecastRowsMaterialized"
"22653,66,66,10592,1,2559,CONSUMIBLES DOMESTICOS,""3457"",""CENTROS COMERCIALES CARREFOUR, S.A."",ENRIQUE MALONDA ESCRIVA,,,,,,preserve current forecast,preserve current forecast,success,,NOT_COMPARABLE_MISSING_SCP_AND_ML,1,0,0,0.0,0.0,0.0,0.0,0.0,0.0,,,,,,,,,,,,,,,,,,,,,,,,,,,,,,,,,,,,,,,,,,,,,,,,,,,,,,,,,,,,,,,,,,,,,,,,,,,,,,,,,,,,,,,,,,,,,,,,,,,,,,,,,,,,,,,,,,,,,,,,,,,,,,,,,,,,,,,,,,,,,,,,,,,,,,,,,,,,,,,,,,,,,,,,,,,,,,,,,,,,,,,,,,,,,,,,,,,,,,,,,,2026-07-14 13:03:02.206,1,MissingHistory,NoForecastRowsMaterialized"
"22654,66,66,10592,1,1736,CONSUMIBLES DOMESTICOS,""2891"","""",Manolo PLS Cerrato,,,,,,preserve current forecast,preserve current forecast,success,,NOT_COMPARABLE_MISSING_SCP_AND_ML,1,0,0,0.0,480.0,0.0,0.0,0.0,0.0,,,,,,,,,,,,,,,,,,,,,,,,,,,,,,,,,,,,,,,,,,,,,,,,,,,,,,,,,,,,,,,,,,,,,,,,,,,,,,,,,,,,,,,,,,,,,,,,,,,,,,,,,,,,,,,,,,,,,,,,,,,,,,,,,,,,,,,,,,,,,,,,,,,,,,,,,,,,,,,,,,,,,,,,,,,,,,,,,,,,,,,,,,,,,,,,,,,,,,,,,,2026-07-14 13:03:02.206,1,MissingHistory,NoForecastRowsMaterialized"
"22655,66,66,10592,1,1752,BOLSA BASURA PROFESIONALES,""4594"",FLORETTE MURCIA S.L.U.,José Mateos-Aparicio Martinez,,,,,,preserve current forecast,preserve current forecast,success,,NOT_COMPARABLE_MISSING_SCP_AND_ML,1,0,0,0.0,270.0,0.0,0.0,0.0,0.0,,,,,,,,,,,,,,,,,,,,,,,,,,,,,,,,,,,,,,,,,,,,,,,,,,,,,,,,,,,,,,,,,,,,,,,,,,,,,,,,,,,,,,,,,,,,,,,,,,,,,,,,,,,,,,,,,,,,,,,,,,,,,,,,,,,,,,,,,,,,,,,,,,,,,,,,,,,,,,,,,,,,,,,,,,,,,,,,,,,,,,,,,,,,,,,,,,,,,,,,,,2026-07-14 13:03:02.206,1,MissingHistory,NoForecastRowsMaterialized"
"22656,66,66,10592,1,1818,CONSUMIBLES DOMESTICOS,""6034"",GRUPO DISTRIBUIDOR GARAU SL,José Luís Sabater _,,,,,,preserve current forecast,preserve current forecast,success,,NOT_COMPARABLE_MISSING_SCP_AND_ML,1,0,0,0.0,0.0,0.0,0.0,0.0,0.0,,,,,,,,,,,,,,,,,,,,,,,,,,,,,,,,,,,,,,,,,,,,,,,,,,,,,,,,,,,,,,,,,,,,,,,,,,,,,,,,,,,,,,,,,,,,,,,,,,,,,,,,,,,,,,,,,,,,,,,,,,,,,,,,,,,,,,,,,,,,,,,,,,,,,,,,,,,,,,,,,,,,,,,,,,,,,,,,,,,,,,,,,,,,,,,,,,,,,,,,,,2026-07-14 13:03:02.206,1,MissingHistory,NoForecastRowsMaterialized"
"22657,66,66,10592,1,2369,CONSUMIBLES DOMESTICOS,""4772"",""FAMILY CASH, S.L."",José Navalón _,,,,,,preserve current forecast,preserve current forecast,success,,NOT_COMPARABLE_MISSING_SCP_AND_ML,1,0,0,0.0,3200.0,0.0,0.0,0.0,0.0,,,,,,,,,,,,,,,,,,,,,,,,,,,,,,,,,,,,,,,,,,,,,,,,,,,,,,,,,,,,,,,,,,,,,,,,,,,,,,,,,,,,,,,,,,,,,,,,,,,,,,,,,,,,,,,,,,,,,,,,,,,,,,,,,,,,,,,,,,,,,,,,,,,,,,,,,,,,,,,,,,,,,,,,,,,,,,,,,,,,,,,,,,,,,,,,,,,,,,,,,,2026-07-14 13:03:02.206,1,MissingHistory,NoForecastRowsMaterialized"
"22658,66,66,10592,1,2421,UNYKOS,""2557"",PRIMAPRIX FRANCE - BP,ENRIQUE MALONDA ESCRIVA,,,,,,preserve current forecast,preserve current forecast,success,,NOT_COMPARABLE_MISSING_SCP_AND_ML,1,0,0,0.0,0.0,0.0,0.0,0.0,0.0,,,,,,,,,,,,,,,,,,,,,,,,,,,,,,,,,,,,,,,,,,,,,,,,,,,,,,,,,,,,,,,,,,,,,,,,,,,,,,,,,,,,,,,,,,,,,,,,,,,,,,,,,,,,,,,,,,,,,,,,,,,,,,,,,,,,,,,,,,,,,,,,,,,,,,,,,,,,,,,,,,,,,,,,,,,,,,,,,,,,,,,,,,,,,,,,,,,,,,,,,,2026-07-14 13:03:02.206,1,MissingHistory,NoForecastRowsMaterialized"
"22659,66,66,10592,1,2453,CONSUMIBLES DOMESTICOS,""3450"",COMERBAL-NOVAVENDA - BP,José Navalón _,,,,,,preserve current forecast,preserve current forecast,success,,NOT_COMPARABLE_MISSING_SCP_AND_ML,1,0,0,0.0,0.0,0.0,0.0,0.0,0.0,,,,,,,,,,,,,,,,,,,,,,,,,,,,,,,,,,,,,,,,,,,,,,,,,,,,,,,,,,,,,,,,,,,,,,,,,,,,,,,,,,,,,,,,,,,,,,,,,,,,,,,,,,,,,,,,,,,,,,,,,,,,,,,,,,,,,,,,,,,,,,,,,,,,,,,,,,,,,,,,,,,,,,,,,,,,,,,,,,,,,,,,,,,,,,,,,,,,,,,,,,2026-07-14 13:03:02.206,1,MissingHistory,NoForecastRowsMaterialized"
"22660,66,66,10592,1,2521,SACO INDUSTRIAL,""3660"",""IMPORTADORA TUDELANA, S.A. (IMPOTUSA) - BP"",José Mateos-Aparicio Martinez,,,,,,preserve current forecast,preserve current forecast,success,,NOT_COMPARABLE_MISSING_SCP_AND_ML,1,0,0,0.0,0.0,0.0,0.0,0.0,0.0,,,,,,,,,,,,,,,,,,,,,,,,,,,,,,,,,,,,,,,,,,,,,,,,,,,,,,,,,,,,,,,,,,,,,,,,,,,,,,,,,,,,,,,,,,,,,,,,,,,,,,,,,,,,,,,,,,,,,,,,,,,,,,,,,,,,,,,,,,,,,,,,,,,,,,,,,,,,,,,,,,,,,,,,,,,,,,,,,,,,,,,,,,,,,,,,,,,,,,,,,,2026-07-14 13:03:02.206,1,MissingHistory,NoForecastRowsMaterialized"
"22661,66,66,10592,1,2553,SACO INDUSTRIAL,""27"",SANTA RITA HARINAS S.L. - BP,José Mateos-Aparicio Martinez,,,,,,preserve current forecast,preserve current forecast,success,,NOT_COMPARABLE_MISSING_SCP_AND_ML,1,0,0,0.0,0.0,0.0,0.0,0.0,0.0,,,,,,,,,,,,,,,,,,,,,,,,,,,,,,,,,,,,,,,,,,,,,,,,,,,,,,,,,,,,,,,,,,,,,,,,,,,,,,,,,,,,,,,,,,,,,,,,,,,,,,,,,,,,,,,,,,,,,,,,,,,,,,,,,,,,,,,,,,,,,,,,,,,,,,,,,,,,,,,,,,,,,,,,,,,,,,,,,,,,,,,,,,,,,,,,,,,,,,,,,,2026-07-14 13:03:02.206,1,MissingHistory,NoForecastRowsMaterialized"
"22662,66,66,10592,1,2557,CONSUMIBLES DOMESTICOS,""3456"",""CENTROS COMERCIALES CARREFOUR, S.A."",ENRIQUE MALONDA ESCRIVA,,,,,,preserve current forecast,preserve current forecast,success,,NOT_COMPARABLE_MISSING_SCP_AND_ML,1,0,0,0.0,0.0,0.0,0.0,0.0,0.0,,,,,,,,,,,,,,,,,,,,,,,,,,,,,,,,,,,,,,,,,,,,,,,,,,,,,,,,,,,,,,,,,,,,,,,,,,,,,,,,,,,,,,,,,,,,,,,,,,,,,,,,,,,,,,,,,,,,,,,,,,,,,,,,,,,,,,,,,,,,,,,,,,,,,,,,,,,,,,,,,,,,,,,,,,,,,,,,,,,,,,,,,,,,,,,,,,,,,,,,,,2026-07-14 13:03:02.206,1,MissingHistory,NoForecastRowsMaterialized"
"22663,66,66,10592,1,584,CONSUMIBLES DOMESTICOS,""2838"",CONSUM S COOP V,José Luís Sabater _,,MovingAverage12M,smooth_insuficient,smooth_insuficient_insuficient,insuficient,x11 lineal,x11 lineal,success,smooth_insuficient,COMPARABLE,1,1,1,102144.0,80256.0,24312.0,80791.99999999999,45600.0,45600.0,47420.0,0.0,0.0,48791.0,0.0,0.0,51224.0,51224.0,51224.0,46774.0,0.0,0.0,-54724.0,-80256.0,-24312.0,-32000.999999999985,-45600.0,-45600.0,-50920.0,-29032.0,26912.0,-34017.999999999985,-45600.0,-45600.0,54724.0,80256.0,24312.0,32000.999999999985,45600.0,45600.0,50920.0,29032.0,26912.0,34017.999999999985,45600.0,45600.0,2994716176,6441025536,591073344,1024064000.999999,2079360000,2079360000,2592846400,842857024,724255744,1157224323.999999,2079360000,2079360000,1,1,1,1,1,1,54724.0,80256.0,24312.0,32000.999999999985,45600.0,45600.0,50920.0,29032.0,26912.0,34017.999999999985,45600.0,45600.0,54724.0,80256.0,24312.0,32000.999999999985,45600.0,45600.0,50920.0,29032.0,26912.0,34017.999999999985,45600.0,45600.0,0.5357534461152882,1.0,1.0,0.3960911971482324,1.0,1.0,0.49851190476190477,0.36174242424242425,1.106943073379401,0.42105654025150996,1.0,1.0,-0.5357534461152882,-1.0,-1.0,-0.3960911971482324,-1.0,-1.0,-0.49851190476190477,-0.36174242424242425,1.106943073379401,-0.42105654025150996,-1.0,-1.0,ML,ML,SCP,SCP,TIE,TIE,MovingAverage12M,MovingAverage12M,x11 lineal,x11 lineal,,,SCP,SCP,ML,ML,,,x11 lineal,x11 lineal,MovingAverage12M,MovingAverage12M,,,6.9512462539288,63.82575757575757,9.66111771700356,5.929213945558242,0.0,0.0,171992.0,48791.0,46774.0,-123200.99999999999,-125217.99999999999,123200.99999999999,125217.99999999999,5182784000.999999,5315944323.999999,3,41066.99999999999,41739.33333333333,41564.34369745298,42094.90992190544,0.716318200846551,0.7280454904879295,-0.716318200846551,-0.7280454904879295,SCP,x11 lineal,ML,MovingAverage12M,1.6107907808781379,206712.0,47420.0,153672.0,-159292.0,-53040.0,159292.0,106864.0,10026815056,4159959168,3,53097.333333333336,35621.333333333336,57812.383494657384,37237.79069708621,0.7705987073803165,0.5169704709934595,-0.7705987073803165,-0.25658887727853247,ML,MovingAverage12M,SCP,x11 lineal,32.913140647364585,378704.0,96211.0,200446.0,-282493.0,-178258.0,282493.0,232082.0,15209599057,9475903492,6,47082.166666666664,38680.333333333336,50348.11988710866,39740.62466377028,0.7459467024377878,0.6128321855591702,-0.7459467024377878,-0.47070535299336685,ML,MovingAverage12M,SCP,x11 lineal,17.845043947991638,2026-07-14 13:03:02.206,0,,"
"22664,66,66,10592,1,617,CONSUMIBLES DOMESTICOS,""2874"",""BON PREU, S.A.U."",Enrique Malonda Escriva,,HistoricAverage,smooth_insuficient,smooth_insuficient_insuficient,insuficient,x11 lineal,x11 lineal,success,smooth_insuficient,COMPARABLE,1,1,1,14592.0,29184.0,21888.0,36480.0,20064.0,27360.0,26562.0,0.0,0.0,29629.0,0.0,0.0,27927.0,27928.0,27927.0,28086.0,0.0,0.0,11970.0,-29184.0,-21888.0,-6851.0,-20064.0,-27360.0,13335.0,-1256.0,6039.0,-8394.0,-20064.0,-27360.0,11970.0,29184.0,21888.0,6851.0,20064.0,27360.0,13335.0,1256.0,6039.0,8394.0,20064.0,27360.0,143280900,851705856,479084544,46936201,402564096,748569600,177822225,1577536.0,36469521,70459236,402564096,748569600,1,1,1,1,1,1,11970.0,29184.0,21888.0,6851.0,20064.0,27360.0,13335.0,1256.0,6039.0,8394.0,20064.0,27360.0,11970.0,29184.0,21888.0,6851.0,20064.0,27360.0,13335.0,1256.0,6039.0,8394.0,20064.0,27360.0,0.8203125,1.0,1.0,0.1878015350877193,1.0,1.0,0.9138569078947368,0.04303728070175439,0.2759046052631579,0.23009868421052632,1.0,1.0,0.8203125,-1.0,-1.0,-0.1878015350877193,-1.0,-1.0,0.9138569078947368,-0.04303728070175439,0.2759046052631579,-0.23009868421052632,-1.0,-1.0,SCP,ML,ML,SCP,TIE,TIE,x11 lineal,HistoricAverage,HistoricAverage,x11 lineal,,,ML,SCP,SCP,ML,,,HistoricAverage,x11 lineal,x11 lineal,HistoricAverage,,,10.236220472440944,95.69627192982456,72.4095394736842,18.382177746009056,0.0,0.0,83904.0,29629.0,28086.0,-54275.0,-55818.0,54275.0,55818.0,1198069897,1221592932,3,18091.666666666668,18606.0,19983.90933559631,20179.13883197199,0.6468702326468345,0.6652602974828375,-0.6468702326468345,-0.6652602974828375,SCP,x11 lineal,ML,HistoricAverage,2.7643412519258987,65664.0,26562.0,83782.0,-39102.0,18118.0,63042.0,20630.0,1474071300,215869282,3,21014.0,6876.666666666667,22166.576190291544,8482.71344166083,0.9600694444444444,0.31417519493177387,-0.5954861111111112,0.2759198343079922,ML,HistoricAverage,SCP,x11 lineal,67.2757843977031,149568.0,56191.0,111868.0,-93377.0,-37700.0,117317.0,76448.0,2672141197,1437462214,6,19552.833333333332,12741.333333333334,21103.479953947564,15478.276249849874,0.784372325631151,0.5111253744116389,-0.6243113500213949,-0.2520592640136928,ML,HistoricAverage,SCP,x11 lineal,34.83638347383584,2026-07-14 13:03:02.206,0,,"
"22665,66,66,10592,1,699,CONSUMIBLES DOMESTICOS,""3409"",FRAGADIS,Enrique Malonda Escriva,,HistoricAverage,smooth_insuficient,smooth_insuficient_insuficient,insuficient,x11 lineal,x11 lineal,success,smooth_insuficient,COMPARABLE,1,1,1,0.0,6400.0,20800.0,12800.0,6400.0,6400.0,10333.0,0.0,0.0,6740.0,0.0,0.0,6515.0,6514.0,6514.0,5964.0,0.0,0.0,10333.0,-6400.0,-20800.0,-6060.0,-6400.0,-6400.0,6515.0,114.0,-14286.0,-6836.0,-6400.0,-6400.0,10333.0,6400.0,20800.0,6060.0,6400.0,6400.0,6515.0,114.0,14286.0,6836.0,6400.0,6400.0,106770889,40960000,432640000,36723600,40960000,40960000,42445225,12996.0,204089796,46730896,40960000,40960000,0,1,1,1,1,1,,6400.0,20800.0,6060.0,6400.0,6400.0,,114.0,14286.0,6836.0,6400.0,6400.0,,6400.0,20800.0,6060.0,6400.0,6400.0,,114.0,14286.0,6836.0,6400.0,6400.0,,1.0,1.0,0.4734375,1.0,1.0,,0.0178125,0.6868269230769231,0.5340625,1.0,1.0,,-1.0,-1.0,-0.4734375,-1.0,-1.0,,0.0178125,-0.6868269230769231,-0.5340625,-1.0,-1.0,,ML,ML,SCP,TIE,TIE,,HistoricAverage,HistoricAverage,x11 lineal,,,,SCP,SCP,ML,,,,x11 lineal,x11 lineal,HistoricAverage,,,,98.21875,31.317307692307693,11.351667641895842,0.0,0.0,25600.0,6740.0,5964.0,-18860.0,-19636.0,18860.0,19636.0,118643600,128650896,3,6286.666666666667,6545.333333333333,6288.709459552625,6548.559536264444,0.73671875,0.76703125,-0.73671875,-0.76703125,SCP,x11 lineal,ML,HistoricAverage,3.951925035648818,27200.0,10333.0,19543.0,-16867.0,-7657.0,37533.0,20915.0,580370889,246548017,2,18766.5,10457.5,17034.8303337603,11102.882891393569,1.379889705882353,0.7689338235294118,-0.6201102941176471,-0.28150735294117646,ML,HistoricAverage,SCP,x11 lineal,44.275704047105215,52800.0,17073.0,25507.0,-35727.0,-27293.0,56393.0,40551.0,699014489,375198913,5,11278.6,8110.2,11823.827544412174,8662.550582824899,1.0680492424242425,0.7680113636363637,-0.6766477272727273,-0.5169128787878788,ML,HistoricAverage,SCP,x11 lineal,28.09213909527778,2026-07-14 13:03:02.206,0,,"
"22666,66,66,10592,1,765,CONSUMIBLES DOMESTICOS,""3449"",""CENTROS COMERCIALES CARREFOUR, S.A."",Enrique Malonda Escriva,,CrostonSBA,intermittent_insuficient,intermittent_insuficient_insuficient,insuficient,preserve current forecast,preserve current forecast,success,intermittent_insuficient,COMPARABLE,1,1,1,2730.0,5460.0,2730.0,8190.0,2730.0,5460.0,2212.0,6602.0,5142.0,0.0,0.0,0.0,5590.0,5589.0,22635.0,0.0,0.0,0.0,-518.0,1142.0,2412.0,-8190.0,-2730.0,-5460.0,2860.0,129.0,19905.0,-8190.0,-2730.0,-5460.0,518.0,1142.0,2412.0,8190.0,2730.0,5460.0,2860.0,129.0,19905.0,8190.0,2730.0,5460.0,268324.0,1304164.0,5817744.0,67076100,7452900.0,29811600,8179600.0,16641.0,396209025,67076100,7452900.0,29811600,1,1,1,1,1,1,518.0,1142.0,2412.0,8190.0,2730.0,5460.0,2860.0,129.0,19905.0,8190.0,2730.0,5460.0,518.0,1142.0,2412.0,8190.0,2730.0,5460.0,2860.0,129.0,19905.0,8190.0,2730.0,5460.0,0.18974358974358974,0.20915750915750916,0.8835164835164835,1.0,1.0,1.0,1.0476190476190477,0.023626373626373626,7.291208791208791,1.0,1.0,1.0,-0.18974358974358974,0.20915750915750916,0.8835164835164835,-1.0,-1.0,-1.0,1.0476190476190477,0.023626373626373626,7.291208791208791,-1.0,-1.0,-1.0,SCP,ML,SCP,TIE,TIE,TIE,preserve current forecast,CrostonSBA,preserve current forecast,,,,ML,SCP,ML,,,,CrostonSBA,preserve current forecast,CrostonSBA,,,,81.8881118881119,88.70402802101576,87.88244159758855,0.0,0.0,0.0,16380.0,0.0,0.0,-16380.0,-16380.0,16380.0,16380.0,104340600,104340600,3,5460.0,5460.0,5897.474035551153,5897.474035551153,1.0,1.0,-1.0,-1.0,TIE,,,,0.0,10920.0,13956.0,33814.0,3036.0,22894.0,4072.0,22894.0,7390232.0,404405266,3,1357.3333333333333,7631.333333333333,1569.5256183530955,11610.415812249505,0.3728937728937729,2.0965201465201466,0.27802197802197803,2.0965201465201466,SCP,preserve current forecast,ML,CrostonSBA,82.21368044029003,27300.0,13956.0,33814.0,-13344.0,6514.0,20452.0,39274.0,111730832,508745866,6,3408.6666666666665,6545.666666666667,4315.298985392939,9208.201652150472,0.7491575091575091,1.4386080586080585,-0.4887912087912088,0.23860805860805862,SCP,preserve current forecast,ML,CrostonSBA,47.924835769211185,2026-07-14 13:03:02.206,0,,NoForecastRowsMaterialized"
"22667,66,66,10592,1,832,CONSUMIBLES DOMESTICOS,""3454"",CONSUM S COOP V,José Luís Sabater _,,HistoricAverage,smooth_insuficient,smooth_insuficient_insuficient,insuficient,x11 lineal,x11 lineal,success,smooth_insuficient,COMPARABLE,1,1,1,43254.0,36855.0,36855.0,44226.0,34398.0,39285.0,42735.0,0.0,0.0,40478.0,0.0,0.0,35577.0,35578.0,35577.0,38698.0,0.0,0.0,-519.0,-36855.0,-36855.0,-3748.0,-34398.0,-39285.0,-7677.0,-1277.0,-1278.0,-5528.0,-34398.0,-39285.0,519.0,36855.0,36855.0,3748.0,34398.0,39285.0,7677.0,1277.0,1278.0,5528.0,34398.0,39285.0,269361.0,1358291025,1358291025,14047504,1183222404,1543311225,58936329,1630729.0,1633284.0,30558784,1183222404,1543311225,1,1,1,1,1,1,519.0,36855.0,36855.0,3748.0,34398.0,39285.0,7677.0,1277.0,1278.0,5528.0,34398.0,39285.0,519.0,36855.0,36855.0,3748.0,34398.0,39285.0,7677.0,1277.0,1278.0,5528.0,34398.0,39285.0,0.011998890276043834,1.0,1.0,0.08474652919097364,1.0,1.0,0.17748647523928424,0.03464930131596798,0.03467643467643468,0.12499434721656943,1.0,1.0,-0.011998890276043834,-1.0,-1.0,-0.08474652919097364,-1.0,-1.0,-0.17748647523928424,-0.03464930131596798,-0.03467643467643468,-0.12499434721656943,-1.0,-1.0,SCP,ML,ML,SCP,TIE,TIE,x11 lineal,HistoricAverage,HistoricAverage,x11 lineal,,,ML,SCP,SCP,ML,,,HistoricAverage,x11 lineal,x11 lineal,HistoricAverage,,,93.23954669792887,96.5350698684032,96.53235653235653,32.19971056439942,0.0,0.0,117909.0,40478.0,38698.0,-77431.0,-79211.0,77431.0,79211.0,2740581133,2757092413,3,25810.333333333332,26403.666666666668,30224.60991201265,30315.520848788554,0.656701354434352,0.6717977423267096,-0.656701354434352,-0.6717977423267096,SCP,x11 lineal,ML,HistoricAverage,2.247162641552311,116964.0,42735.0,106732.0,-74229.0,-10232.0,74229.0,10232.0,2716851411,62200342,3,24743.0,3410.6666666666665,30093.47332894626,4553.399535877928,0.6346311685646866,0.08747990834786772,-0.6346311685646866,-0.08747990834786772,ML,HistoricAverage,SCP,x11 lineal,86.21563000983444,234873.0,83213.0,145430.0,-151660.0,-89443.0,151660.0,89443.0,5457432544,2819292755,6,25276.666666666668,14907.166666666666,30159.112895883834,21676.76465327179,0.6457106606549071,0.3808143124156459,-0.6457106606549071,-0.3808143124156459,ML,HistoricAverage,SCP,x11 lineal,41.02400105499143,2026-07-14 13:03:02.206,0,,"
"22668,66,66,10592,1,966,CONSUMIBLES DOMESTICOS,""3583"",UNIALCO S.L.( UVESCO),Enrique Malonda Escriva,,HistoricAverage,smooth_recentRelease,smooth_recentRelease_recentRelease,recentRelease,x11 lineal,x11 lineal,success,smooth_recentRelease,COMPARABLE,1,1,1,7680.0,8400.0,7680.0,10752.0,12288.0,7680.0,0.0,0.0,501.0,11094.0,11093.0,11094.0,0.0,0.0,10169.0,10145.0,10145.0,10146.0,-7680.0,-8400.0,-7179.0,342.0,-1195.0,3414.0,-7680.0,-8400.0,2489.0,-607.0,-2143.0,2466.0,7680.0,8400.0,7179.0,342.0,1195.0,3414.0,7680.0,8400.0,2489.0,607.0,2143.0,2466.0,58982400,70560000,51538041,116964.0,1428025.0,11655396,58982400,70560000,6195121.0,368449.0,4592449.0,6081156.0,1,1,1,1,1,1,7680.0,8400.0,7179.0,342.0,1195.0,3414.0,7680.0,8400.0,2489.0,607.0,2143.0,2466.0,7680.0,8400.0,7179.0,342.0,1195.0,3414.0,7680.0,8400.0,2489.0,607.0,2143.0,2466.0,1.0,1.0,0.934765625,0.03180803571428571,0.09724934895833333,0.44453125,1.0,1.0,0.3240885416666667,0.056454613095238096,0.17439778645833334,0.32109375,-1.0,-1.0,-0.934765625,0.03180803571428571,-0.09724934895833333,0.44453125,-1.0,-1.0,0.3240885416666667,-0.056454613095238096,-0.17439778645833334,0.32109375,TIE,TIE,ML,SCP,SCP,ML,,,HistoricAverage,x11 lineal,x11 lineal,HistoricAverage,,,SCP,ML,ML,SCP,,,x11 lineal,HistoricAverage,HistoricAverage,x11 lineal,0.0,0.0,65.32943306867251,43.65733113673806,44.23705086327579,27.76801405975395,30720.0,33281.0,30436.0,2561.0,-284.0,4951.0,5216.0,13200385,11042054,3,1650.3333333333333,1738.6666666666667,2097.648286375324,1918.5110546115357,0.16116536458333333,0.16979166666666667,0.08336588541666666,-0.009244791666666667,SCP,x11 lineal,ML,HistoricAverage,5.080521472392643,23760.0,501.0,10169.0,-23259.0,-13591.0,23259.0,18569.0,181080441,135737521,3,7753.0,6189.666666666667,7769.179300286485,6726.502830842587,0.9789141414141415,0.781523569023569,-0.9789141414141415,-0.5720117845117845,ML,HistoricAverage,SCP,x11 lineal,20.16423749946258,54480.0,33782.0,40605.0,-20698.0,-13875.0,28210.0,23785.0,194280826,146779575,6,4701.666666666667,3964.1666666666665,5690.3547926879455,4946.0350281816645,0.5178046989720999,0.43658223201174745,-0.3799192364170338,-0.25468061674008813,ML,HistoricAverage,SCP,x11 lineal,15.685926976249561,2026-07-14 13:03:02.206,0,,"
"22669,66,66,10592,1,1001,CONSUMIBLES DOMESTICOS,""3646"",AHORRAMAS (GRUPO IFA),Enrique Malonda Escriva,,SeasonalNaive,lumpy_insuficient,lumpy_insuficient_insuficient,insuficient,seasonal discrete,seasonal discrete,success,lumpy_insuficient,NOT_COMPARABLE_MISSING_SCP,1,0,1,1000.0,1200.0,1200.0,0.0,0.0,0.0,,,,,,,1000.0,1000.0,0.0,0.0,0.0,0.0,,,,,,,,,,,,,,,,,,,,,,,,,,,,,,,,,,,,,,,,,,,,,,,,,,,,,,,,,,,,,,,,,,,,,,,,,,,,,,,,,,,,,,,,,,,,,,,,,,,,,,,,,,,,,,,,,,,,,,,,,,,,,,,,,,,,,,,,,,,,,,,,,,,,,,,,,,,,,,,,,,,,,,,,,,,,,,,,,,,,,,,,,,,,,,2026-07-14 13:03:02.206,0,,NoForecastRowsMaterialized"
"22670,66,66,10592,1,1018,CONSUMIBLES DOMESTICOS,""3747"",""EXCLUSIVAS DITAYO, S.L - BP"",José Luís Sabater _,,,,,,preserve current forecast,preserve current forecast,success,,NOT_COMPARABLE_MISSING_SCP_AND_ML,1,0,0,0.0,0.0,0.0,0.0,0.0,0.0,,,,,,,,,,,,,,,,,,,,,,,,,,,,,,,,,,,,,,,,,,,,,,,,,,,,,,,,,,,,,,,,,,,,,,,,,,,,,,,,,,,,,,,,,,,,,,,,,,,,,,,,,,,,,,,,,,,,,,,,,,,,,,,,,,,,,,,,,,,,,,,,,,,,,,,,,,,,,,,,,,,,,,,,,,,,,,,,,,,,,,,,,,,,,,,,,,,,,,,,,,2026-07-14 13:03:02.206,1,MissingHistory,NoForecastRowsMaterialized"
"22671,66,66,10592,1,1050,CONSUMIBLES DOMESTICOS,""3765"",""BON PREU, S.A.U."",Enrique Malonda Escriva,,SeasonalNaive,smooth_insuficient,smooth_insuficient_insuficient,insuficient,x11 lineal,x11 lineal,success,smooth_insuficient,COMPARABLE,1,1,1,13824.0,23040.0,16896.0,32256.0,16896.0,26112.0,22081.0,0.0,0.0,25581.0,0.0,0.0,18433.0,21504.0,21664.0,22669.0,0.0,0.0,8257.0,-23040.0,-16896.0,-6675.0,-16896.0,-26112.0,4609.0,-1536.0,4768.0,-9587.0,-16896.0,-26112.0,8257.0,23040.0,16896.0,6675.0,16896.0,26112.0,4609.0,1536.0,4768.0,9587.0,16896.0,26112.0,68178049,530841600,285474816,44555625,285474816,681836544,21242881,2359296.0,22733824,91910569,285474816,681836544,1,1,1,1,1,1,8257.0,23040.0,16896.0,6675.0,16896.0,26112.0,4609.0,1536.0,4768.0,9587.0,16896.0,26112.0,8257.0,23040.0,16896.0,6675.0,16896.0,26112.0,4609.0,1536.0,4768.0,9587.0,16896.0,26112.0,0.5972945601851852,1.0,1.0,0.20693824404761904,1.0,1.0,0.3334056712962963,0.06666666666666667,0.2821969696969697,0.2972160218253968,1.0,1.0,0.5972945601851852,-1.0,-1.0,-0.20693824404761904,-1.0,-1.0,0.3334056712962963,-0.06666666666666667,0.2821969696969697,-0.2972160218253968,-1.0,-1.0,ML,ML,ML,SCP,TIE,TIE,SeasonalNaive,SeasonalNaive,SeasonalNaive,x11 lineal,,,SCP,SCP,SCP,ML,,,x11 lineal,x11 lineal,x11 lineal,SeasonalNaive,,,44.180695167736474,93.33333333333333,71.78030303030303,30.37446542192552,0.0,0.0,75264.0,25581.0,22669.0,-49683.0,-52595.0,49683.0,52595.0,1011866985,1059221929,3,16561.0,17531.666666666668,18365.429344287055,18790.262806393457,0.6601163903061225,0.6988068664965986,-0.6601163903061225,-0.6988068664965986,SCP,x11 lineal,ML,SeasonalNaive,5.5366479703393825,53760.0,22081.0,61601.0,-31679.0,7841.0,48193.0,10913.0,884494465,46336001,3,16064.333333333334,3637.6666666666665,17170.65777229671,3930.0551734888745,0.8964471726190476,0.20299479166666667,-0.589267113095238,0.1458519345238095,ML,SeasonalNaive,SCP,x11 lineal,77.35563256074533,129024.0,47662.0,84270.0,-81362.0,-44754.0,97876.0,63508.0,1896361450,1105557930,6,16312.666666666666,10584.666666666666,17778.083183140603,13574.227602335242,0.7585875496031746,0.492218501984127,-0.6305958581349206,-0.3468656994047619,ML,SeasonalNaive,SCP,x11 lineal,35.11381748334628,2026-07-14 13:03:02.206,0,,"
"22672,66,66,10592,1,1184,""LÁMINA INDUSTRIAL, SEMITUBO Y TUBO"",""3480"",CELEVANT INDUSTRIA CARNICA S.L.,José Mateos-Aparicio Martinez,,CrostonSBA,intermittent_insuficient,intermittent_insuficient_insuficient,insuficient,syntetos-boylan,syntetos-boylan,success,intermittent_insuficient,COMPARABLE,1,1,1,8.0,0.0,8.0,0.0,8.0,0.0,8.0,0.0,0.0,0.0,0.0,0.0,0.0,9.600000000000001,0.0,5.2,0.0,0.0,0.0,0.0,-8.0,0.0,-8.0,0.0,-8.0,9.600000000000001,-8.0,5.2,-8.0,0.0,0.0,0.0,8.0,0.0,8.0,0.0,8.0,9.600000000000001,8.0,5.2,8.0,0.0,0.0,0.0,64.0,0.0,64.0,0.0,64.0,92.16000000000003,64.0,27.040000000000003,64.0,0.0,1,0,1,0,1,0,0.0,,8.0,,8.0,,8.0,,8.0,,8.0,,0.0,,8.0,,8.0,,8.0,,8.0,,8.0,,0.0,,1.0,,1.0,,1.0,,1.0,,1.0,,0.0,,-1.0,,-1.0,,-1.0,,-1.0,,-1.0,,SCP,,TIE,,TIE,,syntetos-boylan,,,,,,ML,,,,,,CrostonSBA,,,,,,100.0,,0.0,,0.0,,8.0,0.0,5.2,-8.0,-2.8,8.0,13.2,64.0,91.04,1,8.0,13.2,8.0,9.54148835350125,1.0,1.65,-1.0,-0.35,SCP,syntetos-boylan,ML,CrostonSBA,39.39393939393939,16.0,8.0,9.600000000000001,-8.0,-6.399999999999999,8.0,25.6,64.0,220.16000000000003,2,4.0,12.8,5.656854249492381,10.491901638883201,0.5,1.6,-0.5,-0.3999999999999999,SCP,syntetos-boylan,ML,CrostonSBA,68.75,24.0,8.0,14.8,-16.0,-9.2,16.0,38.8,128.0,311.20000000000005,3,5.333333333333333,12.933333333333332,6.531972647421808,10.184956226382779,0.6666666666666666,1.6166666666666665,-0.6666666666666666,-0.3833333333333333,SCP,syntetos-boylan,ML,CrostonSBA,58.76288659793815,2026-07-14 13:03:02.206,0,,NoForecastRowsMaterialized"
"22673,66,66,10592,1,1201,""LÁMINA INDUSTRIAL, SEMITUBO Y TUBO"",""3720"",""PROCAVI, S.L."",José Mateos-Aparicio Martinez,,SeasonalNaive,intermittent_insuficient,intermittent_insuficient_insuficient,insuficient,syntetos-boylan,syntetos-boylan,success,intermittent_insuficient,NOT_COMPARABLE_MISSING_SCP,1,0,1,13.5,0.0,13.5,0.0,0.0,0.0,,,,,,,0.0,19.799999999999997,7.0,0.0,0.0,0.0,,,,,,,,,,,,,,,,,,,,,,,,,,,,,,,,,,,,,,,,,,,,,,,,,,,,,,,,,,,,,,,,,,,,,,,,,,,,,,,,,,,,,,,,,,,,,,,,,,,,,,,,,,,,,,,,,,,,,,,,,,,,,,,,,,,,,,,,,,,,,,,,,,,,,,,,,,,,,,,,,,,,,,,,,,,,,,,,,,,,,,,,,,,,,,2026-07-14 13:03:02.206,0,,NoForecastRowsMaterialized"
"22674,66,66,10592,1,1236,MASCOTAS,""2736"",FRAGADIS,Enrique Malonda Escriva,,,,,,preserve current forecast,preserve current forecast,success,,NOT_COMPARABLE_ML_EXCLUDED,1,1,0,0.0,0.0,0.0,0.0,528.0,2288.0,828.0,0.0,0.0,2112.0,0.0,0.0,,,,,,,,,,,,,,,,,,,,,,,,,,,,,,,,,,,,,,,,,,,,,,,,,,,,,,,,,,,,,,,,,,,,,,,,,,,,,,,,,,,,,,,,,,,,,,,,,,,,,,,,,,,,,,,,,,,,,,,,,,,,,,,,,,,,,,,,,,,,,,,,,,,,,,,,,,,,,,,,,,,,,,,,,,,,,,,,,,,,,,,,,,,,,,,,,,,,2026-07-14 13:03:02.206,1,MissingHistory,"
"22675,66,66,10592,1,1319,SACO INDUSTRIAL,""38"",UVESA,José Mateos-Aparicio Martinez,,HistoricAverage,smooth_insuficient,smooth_insuficient_insuficient,insuficient,x11 seasonal,x11 seasonal,success,smooth_insuficient,COMPARABLE,1,1,1,67.73,0.0,64.0,59.18,59.4,9.4,58.8,0.0,0.0,60.0,0.0,0.0,57.2,57.3,57.300000000000004,59.2,0.0,0.0,-8.930000000000007,0.0,-64.0,0.8200000000000003,-59.4,-9.4,-10.530000000000001,57.3,-6.699999999999996,0.020000000000003126,-59.4,-9.4,8.930000000000007,0.0,64.0,0.8200000000000003,59.4,9.4,10.530000000000001,57.3,6.699999999999996,0.020000000000003126,59.4,9.4,79.74490000000011,0.0,4096.0,0.6724000000000004,3528.3599999999997,88.36000000000001,110.88090000000003,3283.2899999999995,44.889999999999944,0.0004000000000001,3528.3599999999997,88.36000000000001,1,0,1,1,1,1,8.930000000000007,,64.0,0.8200000000000003,59.4,9.4,10.530000000000001,,6.699999999999996,0.020000000000003126,59.4,9.4,8.930000000000007,,64.0,0.8200000000000003,59.4,9.4,10.530000000000001,,6.699999999999996,0.020000000000003126,59.4,9.4,0.13184703971652156,,1.0,0.013856032443393044,1.0,1.0,0.15547024952015356,,0.10468749999999993,0.0003379520108145,1.0,1.0,-0.13184703971652156,,-1.0,0.013856032443393044,-1.0,-1.0,-0.15547024952015356,,-0.10468749999999993,0.0003379520108145,-1.0,-1.0,SCP,,ML,ML,TIE,TIE,x11 seasonal,,HistoricAverage,HistoricAverage,,,ML,,SCP,SCP,,,HistoricAverage,,x11 seasonal,x11 seasonal,,,15.194681861348483,,89.53125,97.56097560975572,0.0,0.0,127.97999999999999,60.0,59.2,-67.97999999999999,-68.78,69.62,68.82,3617.3923999999997,3616.7203999999997,3,23.206666666666667,22.939999999999998,34.72459455006879,34.721369020628586,0.543991248632599,0.5377402719174871,-0.5311767463666197,-0.5374277230817316,ML,HistoricAverage,SCP,x11 seasonal,1.1490950876185262,131.73000000000002,58.8,171.8,-72.93,40.07,72.93,74.53,4175.7449,3439.0608999999995,2,36.465,37.265,45.693242935909026,41.467221392323836,0.553632429970394,0.5657784862977301,-0.553632429970394,0.30418279814772636,SCP,x11 seasonal,ML,HistoricAverage,2.146786528914514,259.71000000000004,118.8,231.0,-140.91000000000003,-28.709999999999994,142.55,143.35000000000002,7793.137299999999,7055.781299999999,5,28.51,28.670000000000005,39.47945617659899,37.56535984121541,0.5488814446883061,0.5519618035501136,-0.5425667090216011,-0.11054637865311305,SCP,x11 seasonal,ML,HistoricAverage,0.5580746424834437,2026-07-14 13:03:02.206,0,,"
"22676,66,66,10592,1,1383,SACO INDUSTRIAL,""3532"",ELPOZO ALIMENTACION S.A.,José Mateos-Aparicio Martinez,,,,,,preserve current forecast,preserve current forecast,success,,NOT_COMPARABLE_ML_EXCLUDED,1,1,0,0.0,-12.440000000000055,0.0,98.61999999999989,2372.6,2397.12,3668.2000000000007,0.0,0.0,6204.799999999999,0.0,0.0,,,,,,,,,,,,,,,,,,,,,,,,,,,,,,,,,,,,,,,,,,,,,,,,,,,,,,,,,,,,,,,,,,,,,,,,,,,,,,,,,,,,,,,,,,,,,,,,,,,,,,,,,,,,,,,,,,,,,,,,,,,,,,,,,,,,,,,,,,,,,,,,,,,,,,,,,,,,,,,,,,,,,,,,,,,,,,,,,,,,,,,,,,,,,,,,,,,,2026-07-14 13:03:02.206,1,MissingHistory,"
"22677,66,66,10592,1,1417,SACO INDUSTRIAL,""3680"",UVESA,José Mateos-Aparicio Martinez,,,,,,preserve current forecast,preserve current forecast,success,,NOT_COMPARABLE_MISSING_SCP_AND_ML,1,0,0,0.0,0.0,0.0,0.0,0.0,0.0,,,,,,,,,,,,,,,,,,,,,,,,,,,,,,,,,,,,,,,,,,,,,,,,,,,,,,,,,,,,,,,,,,,,,,,,,,,,,,,,,,,,,,,,,,,,,,,,,,,,,,,,,,,,,,,,,,,,,,,,,,,,,,,,,,,,,,,,,,,,,,,,,,,,,,,,,,,,,,,,,,,,,,,,,,,,,,,,,,,,,,,,,,,,,,,,,,,,,,,,,,2026-07-14 13:03:02.206,1,MissingHistory,NoForecastRowsMaterialized"
"22678,66,66,10592,1,1420,SACO INDUSTRIAL,""3681"",UVESA,José Mateos-Aparicio Martinez,,CrostonSBA,intermittent_insuficient,intermittent_insuficient_insuficient,insuficient,seasonal discrete,seasonal discrete,success,intermittent_insuficient,COMPARABLE,1,1,1,9.6,0.0,0.0,0.0,0.0,0.0,0.0,0.0,0.0,33.9,0.0,0.0,19.299999999999997,19.2,19.3,19.6,0.0,0.0,-9.6,0.0,0.0,33.9,0.0,0.0,9.699999999999998,19.2,19.3,19.6,0.0,0.0,9.6,0.0,0.0,33.9,0.0,0.0,9.699999999999998,19.2,19.3,19.6,0.0,0.0,92.16,0.0,0.0,1149.2099999999998,0.0,0.0,94.08999999999995,368.64,372.49,384.1600000000001,0.0,0.0,1,0,0,0,0,0,9.6,,,,,,9.699999999999998,,,,,,9.6,,,,,,9.699999999999998,,,,,,1.0,,,,,,1.0104166666666665,,,,,,-1.0,,,,,,1.0104166666666665,,,,,,SCP,,,,,,seasonal discrete,,,,,,ML,,,,,,CrostonSBA,,,,,,1.030927835051532,,,,,,0.0,33.9,19.6,33.9,19.6,33.9,19.6,1149.2099999999998,384.1600000000001,0,,,,,,,,,,,,,,9.6,0.0,57.8,-9.6,48.199999999999996,9.6,48.199999999999996,92.16,835.2199999999999,1,9.6,48.199999999999996,9.6,28.90017300986276,1.0,5.020833333333333,-1.0,5.020833333333333,SCP,seasonal discrete,ML,CrostonSBA,80.08298755186722,9.6,33.9,77.4,24.299999999999997,67.80000000000001,43.5,67.80000000000001,1241.37,1219.38,1,43.5,67.80000000000001,35.23308104608508,34.91962199108118,4.53125,7.062500000000002,2.53125,7.062500000000002,SCP,seasonal discrete,ML,CrostonSBA,35.84070796460178,2026-07-14 13:03:02.206,0,,NoForecastRowsMaterialized"
"22679,66,66,10592,1,1468,SACO INDUSTRIAL,""3696"",DOLZ ESPAÑA,José Mateos-Aparicio Martinez,,HistoricAverage,intermittent_newRelease,intermittent_newRelease_newRelease,newRelease,seasonal discrete,seasonal discrete,success,intermittent_newRelease,NOT_COMPARABLE_MISSING_SCP,1,0,1,92.23,99.0,66.0,99.0,132.0,0.0,,,,,,,0.0,0.0,0.0,0.0,0.0,0.0,,,,,,,,,,,,,,,,,,,,,,,,,,,,,,,,,,,,,,,,,,,,,,,,,,,,,,,,,,,,,,,,,,,,,,,,,,,,,,,,,,,,,,,,,,,,,,,,,,,,,,,,,,,,,,,,,,,,,,,,,,,,,,,,,,,,,,,,,,,,,,,,,,,,,,,,,,,,,,,,,,,,,,,,,,,,,,,,,,,,,,,,,,,,,,2026-07-14 13:03:02.206,0,,NoForecastRowsMaterialized"
"22680,66,66,10592,1,1486,SACO INDUSTRIAL,""3702"",UVESA,José Mateos-Aparicio Martinez,,MovingAverage3M,intermittent_insuficient,intermittent_insuficient_insuficient,insuficient,seasonal discrete,seasonal discrete,success,intermittent_insuficient,COMPARABLE,1,1,1,36.0,0.0,0.0,0.0,0.0,0.0,0.0,0.0,0.0,45.60000000000001,0.0,0.0,0.0,0.0,0.0,33.8,0.0,0.0,-36.0,0.0,0.0,45.60000000000001,0.0,0.0,-36.0,0.0,0.0,33.8,0.0,0.0,36.0,0.0,0.0,45.60000000000001,0.0,0.0,36.0,0.0,0.0,33.8,0.0,0.0,1296.0,0.0,0.0,2079.3600000000006,0.0,0.0,1296.0,0.0,0.0,1142.4399999999998,0.0,0.0,1,0,0,0,0,0,36.0,,,,,,36.0,,,,,,36.0,,,,,,36.0,,,,,,1.0,,,,,,1.0,,,,,,-1.0,,,,,,-1.0,,,,,,TIE,,,,,,,,,,,,,,,,,,,,,,,,0.0,,,,,,0.0,45.60000000000001,33.8,45.60000000000001,33.8,45.60000000000001,33.8,2079.3600000000006,1142.4399999999998,0,,,,,,,,,,,,,,36.0,0.0,0.0,-36.0,-36.0,36.0,36.0,1296.0,1296.0,1,36.0,36.0,36.0,36.0,1.0,1.0,-1.0,-1.0,TIE,,,,0.0,36.0,45.60000000000001,33.8,9.600000000000009,-2.200000000000003,81.60000000000001,69.8,3375.3600000000006,2438.4399999999996,1,81.60000000000001,69.8,58.09784849716898,49.380562977754714,2.266666666666667,1.9388888888888889,0.2666666666666669,-0.06111111111111119,ML,MovingAverage3M,SCP,seasonal discrete,14.460784313725505,2026-07-14 13:03:02.206,0,,NoForecastRowsMaterialized"
"22681,66,66,10592,1,1334,SACO INDUSTRIAL,""52"",CARNICAS SERRANO,José Mateos-Aparicio Martinez,,CrostonSBA,intermittent_insuficient,intermittent_insuficient_insuficient,insuficient,preserve current forecast,preserve current forecast,success,intermittent_insuficient,COMPARABLE,1,1,1,4.8,4.8,0.0,4.8,3.6,2.4,0.0,0.0,2.4,0.0,0.0,0.0,0.0,0.0,11.399999999999999,0.0,0.0,0.0,-4.8,-4.8,2.4,-4.8,-3.6,-2.4,-4.8,-4.8,11.399999999999999,-4.8,-3.6,-2.4,4.8,4.8,2.4,4.8,3.6,2.4,4.8,4.8,11.399999999999999,4.8,3.6,2.4,23.04,23.04,5.76,23.04,12.96,5.76,23.04,23.04,129.95999999999998,23.04,12.96,5.76,1,1,0,1,1,1,4.8,4.8,,4.8,3.6,2.4,4.8,4.8,,4.8,3.6,2.4,4.8,4.8,,4.8,3.6,2.4,4.8,4.8,,4.8,3.6,2.4,1.0,1.0,,1.0,1.0,1.0,1.0,1.0,,1.0,1.0,1.0,-1.0,-1.0,,-1.0,-1.0,-1.0,-1.0,-1.0,,-1.0,-1.0,-1.0,TIE,TIE,,TIE,TIE,TIE,,,,,,,,,,,,,,,,,,,0.0,0.0,,0.0,0.0,0.0,10.8,0.0,0.0,-10.8,-10.8,10.8,10.8,41.76,41.76,3,3.6,3.6,3.730951621235526,3.730951621235526,1.0,1.0,-1.0,-1.0,TIE,,,,0.0,9.6,2.4,11.399999999999999,-7.199999999999999,1.799999999999999,12.0,21.0,51.839999999999996,176.03999999999996,2,6.0,10.5,5.091168824543142,9.381897462667133,1.25,2.1875,-0.75,0.1874999999999999,SCP,preserve current forecast,ML,CrostonSBA,42.857142857142854,20.4,2.4,11.399999999999999,-18.0,-9.000000000000002,22.8,31.8,93.60000000000001,217.79999999999995,5,4.5600000000000005,6.36,4.3266615305567875,6.599999999999999,1.1176470588235294,1.558823529411765,-0.8823529411764707,-0.4411764705882354,SCP,preserve current forecast,ML,CrostonSBA,28.30188679245284,2026-07-14 13:03:02.206,0,,NoForecastRowsMaterialized"
"22682,66,66,10592,1,1336,SACO INDUSTRIAL,""52"",FAERCH BUÑOL S.L.U.,José Mateos-Aparicio Martinez,,,,,,preserve current forecast,preserve current forecast,success,,NOT_COMPARABLE_MISSING_SCP_AND_ML,1,0,0,0.0,0.0,0.0,0.0,0.0,0.0,,,,,,,,,,,,,,,,,,,,,,,,,,,,,,,,,,,,,,,,,,,,,,,,,,,,,,,,,,,,,,,,,,,,,,,,,,,,,,,,,,,,,,,,,,,,,,,,,,,,,,,,,,,,,,,,,,,,,,,,,,,,,,,,,,,,,,,,,,,,,,,,,,,,,,,,,,,,,,,,,,,,,,,,,,,,,,,,,,,,,,,,,,,,,,,,,,,,,,,,,,2026-07-14 13:03:02.206,1,MissingHistory,NoForecastRowsMaterialized"
"22683,66,66,10592,1,1353,SACO INDUSTRIAL,""3491"",""PROCAVI, S.L."",José Mateos-Aparicio Martinez,,,,,,preserve current forecast,preserve current forecast,success,,NOT_COMPARABLE_MISSING_SCP_AND_ML,1,0,0,0.0,0.0,0.0,0.0,0.0,11.2,,,,,,,,,,,,,,,,,,,,,,,,,,,,,,,,,,,,,,,,,,,,,,,,,,,,,,,,,,,,,,,,,,,,,,,,,,,,,,,,,,,,,,,,,,,,,,,,,,,,,,,,,,,,,,,,,,,,,,,,,,,,,,,,,,,,,,,,,,,,,,,,,,,,,,,,,,,,,,,,,,,,,,,,,,,,,,,,,,,,,,,,,,,,,,,,,,,,,,,,,,2026-07-14 13:03:02.206,1,MissingHistory,NoForecastRowsMaterialized"
"22684,66,66,10592,1,1368,SACO INDUSTRIAL,""3509"",CELEVANT INDUSTRIA CARNICA S.L.,José Mateos-Aparicio Martinez,,MovingAverage12M,intermittent_insuficient,intermittent_insuficient_insuficient,insuficient,syntetos-boylan,syntetos-boylan,success,intermittent_insuficient,COMPARABLE,1,1,1,0.0,0.0,8.0,0.0,3.687,0.0,8.0,0.0,0.0,0.0,0.0,0.0,1.6,3.3,0.0,8.0,0.0,0.0,8.0,0.0,-8.0,0.0,-3.687,0.0,1.6,3.3,-8.0,8.0,-3.687,0.0,8.0,0.0,8.0,0.0,3.687,0.0,1.6,3.3,8.0,8.0,3.687,0.0,64.0,0.0,64.0,0.0,13.593969,0.0,2.5600000000000005,10.889999999999999,64.0,64.0,13.593969,0.0,0,0,1,0,1,0,,,8.0,,3.687,,,,8.0,,3.687,,,,8.0,,3.687,,,,8.0,,3.687,,,,1.0,,1.0,,,,1.0,,1.0,,,,-1.0,,-1.0,,,,-1.0,,-1.0,,,,TIE,,TIE,,,,,,,,,,,,,,,,,,,,,,0.0,,0.0,,3.687,0.0,8.0,-3.687,4.313000000000001,3.687,11.687,13.593969,77.593969,1,3.687,11.687,3.687,8.808743894562948,1.0,3.1697857336588013,-1.0,1.1697857336588013,SCP,syntetos-boylan,ML,MovingAverage12M,68.45212629417301,8.0,8.0,4.9,0.0,-3.1,16.0,12.9,128.0,77.45,1,16.0,12.9,11.313708498984761,8.80056816347672,2.0,1.6125,0.0,-0.3875,ML,MovingAverage12M,SCP,syntetos-boylan,19.374999999999996,11.687,8.0,12.9,-3.687,1.2130000000000005,19.687,24.587,141.593969,155.04396899999998,2,9.8435,12.2935,8.414094395714846,8.804656977986138,1.6845212629417303,2.10379053649354,-0.3154787370582699,0.10379053649353988,SCP,syntetos-boylan,ML,MovingAverage12M,19.92923089437507,2026-07-14 13:03:02.206,0,,NoForecastRowsMaterialized"
"22685,66,66,10592,1,1386,SACO INDUSTRIAL,""3652"",CASTEL PACKAGING SLU,José Mateos-Aparicio Martinez,,,,,,preserve current forecast,preserve current forecast,success,,NOT_COMPARABLE_ML_EXCLUDED,1,1,0,0.0,0.0,0.0,108.0,0.0,0.0,108.0,0.0,0.0,0.0,0.0,0.0,,,,,,,,,,,,,,,,,,,,,,,,,,,,,,,,,,,,,,,,,,,,,,,,,,,,,,,,,,,,,,,,,,,,,,,,,,,,,,,,,,,,,,,,,,,,,,,,,,,,,,,,,,,,,,,,,,,,,,,,,,,,,,,,,,,,,,,,,,,,,,,,,,,,,,,,,,,,,,,,,,,,,,,,,,,,,,,,,,,,,,,,,,,,,,,,,,,,2026-07-14 13:03:02.206,1,MissingHistory,NoForecastRowsMaterialized"
"22686,66,66,10592,1,1436,SACO INDUSTRIAL,""3689"",UVESA,José Mateos-Aparicio Martinez,,HistoricAverage,smooth_insuficient,smooth_insuficient_insuficient,insuficient,x11 seasonal,x11 seasonal,success,smooth_insuficient,COMPARABLE,1,1,1,45.0,0.0,57.75,33.55,21.13,27.0,18.0,0.0,0.0,12.399999999999999,0.0,0.0,17.0,17.2,17.0,15.8,0.0,0.0,-27.0,0.0,-57.75,-21.15,-21.13,-27.0,-28.0,17.2,-40.75,-17.749999999999996,-21.13,-27.0,27.0,0.0,57.75,21.15,21.13,27.0,28.0,17.2,40.75,17.749999999999996,21.13,27.0,729.0,0.0,3335.0625,447.32249999999993,446.47689999999994,729.0,784.0,295.84,1660.5625,315.0624999999999,446.47689999999994,729.0,1,0,1,1,1,1,27.0,,57.75,21.15,21.13,27.0,28.0,,40.75,17.749999999999996,21.13,27.0,27.0,,57.75,21.15,21.13,27.0,28.0,,40.75,17.749999999999996,21.13,27.0,0.6,,1.0,0.6304023845007451,1.0,1.0,0.6222222222222222,,0.7056277056277056,0.5290611028315946,1.0,1.0,-0.6,,-1.0,-0.6304023845007451,-1.0,-1.0,-0.6222222222222222,,-0.7056277056277056,-0.5290611028315946,-1.0,-1.0,SCP,,ML,ML,TIE,TIE,x11 seasonal,,HistoricAverage,HistoricAverage,,,ML,,SCP,SCP,,,HistoricAverage,,x11 seasonal,x11 seasonal,,,3.571428571428577,,29.43722943722944,16.07565011820332,0.0,0.0,81.67999999999999,12.399999999999999,15.8,-69.28,-65.88,69.28,65.88,1622.7993999999999,1490.5393999999997,3,23.093333333333334,21.959999999999997,23.257969243537435,22.29005308801813,0.8481880509304605,0.806562193927522,-0.8481880509304605,-0.806562193927522,ML,HistoricAverage,SCP,x11 seasonal,4.907621247113178,102.75,18.0,51.2,-84.75,-51.55,84.75,85.95,4064.0625,2740.4025,2,42.375,42.975,45.078057300642406,37.0162295486723,0.8248175182481752,0.8364963503649635,-0.8248175182481752,-0.5017031630170316,SCP,x11 seasonal,ML,HistoricAverage,1.3961605584642243,184.43,30.4,67.0,-154.03,-117.42999999999999,154.03,151.82999999999998,5686.8619,4230.9419,5,30.806,30.365999999999996,33.724951890254786,29.089317283153964,0.8351678143469067,0.8232391693325379,-0.8351678143469067,-0.6367185381987746,ML,HistoricAverage,SCP,x11 seasonal,1.4282931896384001,2026-07-14 13:03:02.206,0,,"
"22687,66,66,10592,1,1452,SACO INDUSTRIAL,""3694"",FLORETTE HORTICOLA NAVARRA S.L.U.,José Mateos-Aparicio Martinez,,,,,,preserve current forecast,preserve current forecast,success,,NOT_COMPARABLE_MISSING_SCP_AND_ML,1,0,0,0.0,0.0,0.0,0.0,0.0,0.0,,,,,,,,,,,,,,,,,,,,,,,,,,,,,,,,,,,,,,,,,,,,,,,,,,,,,,,,,,,,,,,,,,,,,,,,,,,,,,,,,,,,,,,,,,,,,,,,,,,,,,,,,,,,,,,,,,,,,,,,,,,,,,,,,,,,,,,,,,,,,,,,,,,,,,,,,,,,,,,,,,,,,,,,,,,,,,,,,,,,,,,,,,,,,,,,,,,,,,,,,,2026-07-14 13:03:02.206,1,MissingHistory,NoForecastRowsMaterialized"
"22688,66,66,10592,1,1567,UNYKOS,""2562"",CONSUM S COOP V,José Luís Sabater _,,MovingAverage12M,smooth_insuficient,smooth_insuficient_insuficient,insuficient,x11 seasonal,x11 seasonal,success,smooth_insuficient,COMPARABLE,1,1,1,1100.0,0.0,1320.0,1540.0,1980.0,1320.0,934.0,0.0,0.0,1623.0,0.0,0.0,1496.0,1495.0,1496.0,1295.0,0.0,0.0,-166.0,0.0,-1320.0,83.0,-1980.0,-1320.0,396.0,1495.0,176.0,-245.0,-1980.0,-1320.0,166.0,0.0,1320.0,83.0,1980.0,1320.0,396.0,1495.0,176.0,245.0,1980.0,1320.0,27556.0,0.0,1742400.0,6889.0,3920400.0,1742400.0,156816.0,2235025.0,30976.0,60025.0,3920400.0,1742400.0,1,0,1,1,1,1,166.0,,1320.0,83.0,1980.0,1320.0,396.0,,176.0,245.0,1980.0,1320.0,166.0,,1320.0,83.0,1980.0,1320.0,396.0,,176.0,245.0,1980.0,1320.0,0.1509090909090909,,1.0,0.05389610389610389,1.0,1.0,0.36,,0.13333333333333333,0.1590909090909091,1.0,1.0,-0.1509090909090909,,-1.0,0.05389610389610389,-1.0,-1.0,0.36,,0.13333333333333333,-0.1590909090909091,-1.0,-1.0,SCP,,ML,SCP,TIE,TIE,x11 seasonal,,MovingAverage12M,x11 seasonal,,,ML,,SCP,ML,,,MovingAverage12M,,x11 seasonal,MovingAverage12M,,,58.080808080808076,,86.66666666666667,66.12244897959184,0.0,0.0,4840.0,1623.0,1295.0,-3217.0,-3545.0,3383.0,3545.0,5669689.0,5722825.0,3,1127.6666666666667,1181.6666666666667,1374.7350047675855,1381.1619504364191,0.6989669421487603,0.7324380165289256,-0.6646694214876033,-0.7324380165289256,SCP,x11 seasonal,ML,MovingAverage12M,4.569816643159378,2420.0,934.0,4487.0,-1486.0,2067.0,1486.0,2067.0,1769956.0,2422817.0,2,743.0,1033.5,940.7326931705945,1100.6400410670149,0.6140495867768595,0.8541322314049586,-0.6140495867768595,0.8541322314049586,SCP,x11 seasonal,ML,MovingAverage12M,28.108369617803575,7260.0,2557.0,5782.0,-4703.0,-1478.0,4869.0,5612.0,7439645.0,8145642.0,5,973.8,1122.4,1219.8069519395272,1276.3731429327397,0.6706611570247933,0.7730027548209366,-0.6477961432506887,-0.20358126721763084,SCP,x11 seasonal,ML,MovingAverage12M,13.239486813970066,2026-07-14 13:03:02.206,0,,"
"22689,66,66,10592,1,1587,UNYKOS,""2574"",CONSUM S COOP V,José Luís Sabater _,,SeasonalNaive,smooth_insuficient,smooth_insuficient_insuficient,insuficient,seasonal discrete,seasonal discrete,success,smooth_insuficient,COMPARABLE,1,1,1,5280.0,2880.0,14880.0,8160.0,2400.0,0.0,1804.0,0.0,0.0,7820.0,0.0,0.0,2400.0,12000.0,2400.0,4080.0,0.0,0.0,-3476.0,-2880.0,-14880.0,-340.0,-2400.0,0.0,-2880.0,9120.0,-12480.0,-4080.0,-2400.0,0.0,3476.0,2880.0,14880.0,340.0,2400.0,0.0,2880.0,9120.0,12480.0,4080.0,2400.0,0.0,12082576,8294400.0,221414400,115600.0,5760000.0,0.0,8294400.0,83174400,155750400,16646400,5760000.0,0.0,1,1,1,1,1,0,3476.0,2880.0,14880.0,340.0,2400.0,,2880.0,9120.0,12480.0,4080.0,2400.0,,3476.0,2880.0,14880.0,340.0,2400.0,,2880.0,9120.0,12480.0,4080.0,2400.0,,0.6583333333333333,1.0,1.0,0.041666666666666664,1.0,,0.5454545454545454,3.1666666666666665,0.8387096774193549,0.5,1.0,,-0.6583333333333333,-1.0,-1.0,-0.041666666666666664,-1.0,,-0.5454545454545454,3.1666666666666665,-0.8387096774193549,-0.5,-1.0,,ML,SCP,ML,SCP,TIE,,SeasonalNaive,seasonal discrete,SeasonalNaive,seasonal discrete,,,SCP,ML,SCP,ML,,,seasonal discrete,SeasonalNaive,seasonal discrete,SeasonalNaive,,,17.146144994246264,68.42105263157895,16.129032258064512,91.66666666666666,0.0,,10560.0,7820.0,4080.0,-2740.0,-6480.0,2740.0,6480.0,5875600.0,22406400,2,1370.0,3240.0,1714.0011668607463,3347.118163435525,0.25946969696969696,0.6136363636363636,-0.25946969696969696,-0.6136363636363636,SCP,seasonal discrete,ML,SeasonalNaive,57.71604938271605,23040.0,1804.0,16800.0,-21236.0,-6240.0,21236.0,24480.0,241791376,247219200,3,7078.666666666667,8160.0,8977.590174057475,9077.797089602742,0.9217013888888889,1.0625,-0.9217013888888889,-0.2708333333333333,SCP,seasonal discrete,ML,SeasonalNaive,13.251633986928107,33600.0,9624.0,20880.0,-23976.0,-12720.0,23976.0,30960.0,247666976,269625600,5,4795.2,6192.0,7037.996533105143,7343.372522213483,0.7135714285714285,0.9214285714285714,-0.7135714285714285,-0.37857142857142856,SCP,seasonal discrete,ML,SeasonalNaive,22.558139534883722,2026-07-14 13:03:02.206,0,,"
"22690,66,66,10592,1,1504,SACO INDUSTRIAL,""3708"",UVESA,José Mateos-Aparicio Martinez,,,,,,preserve current forecast,preserve current forecast,success,,NOT_COMPARABLE_MISSING_SCP_AND_ML,1,0,0,0.0,0.0,0.0,0.0,0.0,0.0,,,,,,,,,,,,,,,,,,,,,,,,,,,,,,,,,,,,,,,,,,,,,,,,,,,,,,,,,,,,,,,,,,,,,,,,,,,,,,,,,,,,,,,,,,,,,,,,,,,,,,,,,,,,,,,,,,,,,,,,,,,,,,,,,,,,,,,,,,,,,,,,,,,,,,,,,,,,,,,,,,,,,,,,,,,,,,,,,,,,,,,,,,,,,,,,,,,,,,,,,,2026-07-14 13:03:02.206,1,MissingHistory,NoForecastRowsMaterialized"
"22691,66,66,10592,1,1569,UNYKOS,""2562"",JUAN FORNES - SUPERMERCADOS MAS Y MAS,Enrique Malonda Escriva,,SeasonalNaive,intermittent_insuficient,intermittent_insuficient_insuficient,insuficient,seasonal discrete,seasonal discrete,success,intermittent_insuficient,NOT_COMPARABLE_MISSING_SCP,1,0,1,0.0,0.0,220.0,220.0,0.0,220.0,,,,,,,0.0,129.0,220.0,197.0,0.0,0.0,,,,,,,,,,,,,,,,,,,,,,,,,,,,,,,,,,,,,,,,,,,,,,,,,,,,,,,,,,,,,,,,,,,,,,,,,,,,,,,,,,,,,,,,,,,,,,,,,,,,,,,,,,,,,,,,,,,,,,,,,,,,,,,,,,,,,,,,,,,,,,,,,,,,,,,,,,,,,,,,,,,,,,,,,,,,,,,,,,,,,,,,,,,,,,2026-07-14 13:03:02.206,0,,NoForecastRowsMaterialized"
"22692,66,66,10592,1,1634,SACO INDUSTRIAL,""3681"",""HIJOS DE JUAN PUJANTE, S.A."",José Mateos-Aparicio Martinez,,,,,,preserve current forecast,preserve current forecast,success,,NOT_COMPARABLE_MISSING_SCP_AND_ML,1,0,0,0.0,0.0,19.2,0.0,0.0,0.0,,,,,,,,,,,,,,,,,,,,,,,,,,,,,,,,,,,,,,,,,,,,,,,,,,,,,,,,,,,,,,,,,,,,,,,,,,,,,,,,,,,,,,,,,,,,,,,,,,,,,,,,,,,,,,,,,,,,,,,,,,,,,,,,,,,,,,,,,,,,,,,,,,,,,,,,,,,,,,,,,,,,,,,,,,,,,,,,,,,,,,,,,,,,,,,,,,,,,,,,,,2026-07-14 13:03:02.206,1,MissingHistory,NoForecastRowsMaterialized"
"22693,66,66,10592,1,2321,CONSUMIBLES DOMESTICOS,""2834"",""FAMILY CASH, S.L."",José Navalón _,,MovingAverage3M,intermittent_insuficient,intermittent_insuficient_insuficient,insuficient,seasonal discrete,seasonal discrete,success,intermittent_insuficient,COMPARABLE,1,1,1,2280.0,4560.0,4176.0,2280.0,2280.0,0.0,8.0,0.0,0.0,0.0,0.0,0.0,1520.0,1520.0,1520.0,0.0,0.0,0.0,-2272.0,-4560.0,-4176.0,-2280.0,-2280.0,0.0,-760.0,-3040.0,-2656.0,-2280.0,-2280.0,0.0,2272.0,4560.0,4176.0,2280.0,2280.0,0.0,760.0,3040.0,2656.0,2280.0,2280.0,0.0,5161984.0,20793600,17438976,5198400.0,5198400.0,0.0,577600.0,9241600.0,7054336.0,5198400.0,5198400.0,0.0,1,1,1,1,1,0,2272.0,4560.0,4176.0,2280.0,2280.0,,760.0,3040.0,2656.0,2280.0,2280.0,,2272.0,4560.0,4176.0,2280.0,2280.0,,760.0,3040.0,2656.0,2280.0,2280.0,,0.9964912280701754,1.0,1.0,1.0,1.0,,0.3333333333333333,0.6666666666666666,0.6360153256704981,1.0,1.0,,-0.9964912280701754,-1.0,-1.0,-1.0,-1.0,,-0.3333333333333333,-0.6666666666666666,-0.6360153256704981,-1.0,-1.0,,ML,ML,ML,TIE,TIE,,MovingAverage3M,MovingAverage3M,MovingAverage3M,,,,SCP,SCP,SCP,,,,seasonal discrete,seasonal discrete,seasonal discrete,,,,66.5492957746479,33.333333333333336,36.398467432950184,0.0,0.0,,4560.0,0.0,0.0,-4560.0,-4560.0,4560.0,4560.0,10396800,10396800,2,2280.0,2280.0,2280.0,2280.0,1.0,1.0,-1.0,-1.0,TIE,,,,0.0,11016.0,8.0,4560.0,-11008.0,-6456.0,11008.0,6456.0,43394560,16873536,3,3669.3333333333335,2152.0,3803.268769536717,2371.6053634616364,0.9992737835875091,0.5860566448801743,-0.9992737835875091,-0.5860566448801743,ML,MovingAverage3M,SCP,seasonal discrete,41.35174418604651,15576.0,8.0,4560.0,-15568.0,-11016.0,15568.0,11016.0,53791360,27270336,5,3113.6,2203.2,3279.98048774684,2335.3944420589855,0.9994863893168978,0.7072419106317411,-0.9994863893168978,-0.7072419106317411,ML,MovingAverage3M,SCP,seasonal discrete,29.239465570400824,2026-07-14 13:03:02.206,0,,NoForecastRowsMaterialized"
"22694,66,66,10592,1,2354,SACO INDUSTRIAL,""3677"",""IMPORTADORA TUDELANA, S.A. (IMPOTUSA) - BP"",José Mateos-Aparicio Martinez,,,,,,preserve current forecast,preserve current forecast,success,,NOT_COMPARABLE_MISSING_SCP_AND_ML,1,0,0,0.0,0.0,0.0,0.0,0.0,0.0,,,,,,,,,,,,,,,,,,,,,,,,,,,,,,,,,,,,,,,,,,,,,,,,,,,,,,,,,,,,,,,,,,,,,,,,,,,,,,,,,,,,,,,,,,,,,,,,,,,,,,,,,,,,,,,,,,,,,,,,,,,,,,,,,,,,,,,,,,,,,,,,,,,,,,,,,,,,,,,,,,,,,,,,,,,,,,,,,,,,,,,,,,,,,,,,,,,,,,,,,,2026-07-14 13:03:02.206,1,MissingHistory,NoForecastRowsMaterialized"
"22695,66,66,10592,1,2439,BOLSA BASURA PROFESIONALES,""2659"",CLIENTES CONTADO - BP,Agente Directo,,,,,,preserve current forecast,preserve current forecast,success,,NOT_COMPARABLE_MISSING_SCP_AND_ML,1,0,0,0.0,0.0,0.0,0.0,0.0,0.0,,,,,,,,,,,,,,,,,,,,,,,,,,,,,,,,,,,,,,,,,,,,,,,,,,,,,,,,,,,,,,,,,,,,,,,,,,,,,,,,,,,,,,,,,,,,,,,,,,,,,,,,,,,,,,,,,,,,,,,,,,,,,,,,,,,,,,,,,,,,,,,,,,,,,,,,,,,,,,,,,,,,,,,,,,,,,,,,,,,,,,,,,,,,,,,,,,,,,,,,,,2026-07-14 13:03:02.206,1,MissingHistory,NoForecastRowsMaterialized"
"22696,66,66,10592,1,2471,SACO INDUSTRIAL,""52"",WORLDWIDE FISHING COMPANY SL - BP,José Mateos-Aparicio Martinez,,,,,,preserve current forecast,preserve current forecast,success,,NOT_COMPARABLE_MISSING_SCP_AND_ML,1,0,0,0.0,0.0,0.0,0.0,0.0,0.0,,,,,,,,,,,,,,,,,,,,,,,,,,,,,,,,,,,,,,,,,,,,,,,,,,,,,,,,,,,,,,,,,,,,,,,,,,,,,,,,,,,,,,,,,,,,,,,,,,,,,,,,,,,,,,,,,,,,,,,,,,,,,,,,,,,,,,,,,,,,,,,,,,,,,,,,,,,,,,,,,,,,,,,,,,,,,,,,,,,,,,,,,,,,,,,,,,,,,,,,,,2026-07-14 13:03:02.206,1,MissingHistory,NoForecastRowsMaterialized"
"22697,66,66,10592,1,2503,SACO INDUSTRIAL,""48"",PLATOS TRADICIONALES - BP,José Mateos-Aparicio Martinez,,,,,,preserve current forecast,preserve current forecast,success,,NOT_COMPARABLE_MISSING_SCP_AND_ML,1,0,0,0.0,0.0,0.0,0.0,0.0,0.0,,,,,,,,,,,,,,,,,,,,,,,,,,,,,,,,,,,,,,,,,,,,,,,,,,,,,,,,,,,,,,,,,,,,,,,,,,,,,,,,,,,,,,,,,,,,,,,,,,,,,,,,,,,,,,,,,,,,,,,,,,,,,,,,,,,,,,,,,,,,,,,,,,,,,,,,,,,,,,,,,,,,,,,,,,,,,,,,,,,,,,,,,,,,,,,,,,,,,,,,,,2026-07-14 13:03:02.206,1,MissingHistory,NoForecastRowsMaterialized"
"22698,66,66,10592,1,2523,CONSUMIBLES DOMESTICOS,""5995"","""",(Sin Definir) (Sin Definir),,,,,,preserve current forecast,preserve current forecast,success,,NOT_COMPARABLE_MISSING_SCP_AND_ML,1,0,0,0.0,0.0,0.0,0.0,0.0,0.0,,,,,,,,,,,,,,,,,,,,,,,,,,,,,,,,,,,,,,,,,,,,,,,,,,,,,,,,,,,,,,,,,,,,,,,,,,,,,,,,,,,,,,,,,,,,,,,,,,,,,,,,,,,,,,,,,,,,,,,,,,,,,,,,,,,,,,,,,,,,,,,,,,,,,,,,,,,,,,,,,,,,,,,,,,,,,,,,,,,,,,,,,,,,,,,,,,,,,,,,,,2026-07-14 13:03:02.206,1,MissingHistory,NoForecastRowsMaterialized"
"22699,66,66,10592,1,2447,CONSUMIBLES DOMESTICOS,""3456"",ALDI MASQUEFA SUPERMERCADOS S.L.U - BP,ENRIQUE MALONDA ESCRIVA,,,,,,preserve current forecast,preserve current forecast,success,,NOT_COMPARABLE_MISSING_SCP_AND_ML,1,0,0,0.0,0.0,0.0,0.0,0.0,0.0,,,,,,,,,,,,,,,,,,,,,,,,,,,,,,,,,,,,,,,,,,,,,,,,,,,,,,,,,,,,,,,,,,,,,,,,,,,,,,,,,,,,,,,,,,,,,,,,,,,,,,,,,,,,,,,,,,,,,,,,,,,,,,,,,,,,,,,,,,,,,,,,,,,,,,,,,,,,,,,,,,,,,,,,,,,,,,,,,,,,,,,,,,,,,,,,,,,,,,,,,,2026-07-14 13:03:02.206,1,MissingHistory,NoForecastRowsMaterialized"
"22700,66,66,10592,1,2495,UNYKOS,""2557"","""",ENRIQUE MALONDA ESCRIVA,,,,,,preserve current forecast,preserve current forecast,success,,NOT_COMPARABLE_MISSING_SCP_AND_ML,1,0,0,0.0,0.0,0.0,0.0,0.0,0.0,,,,,,,,,,,,,,,,,,,,,,,,,,,,,,,,,,,,,,,,,,,,,,,,,,,,,,,,,,,,,,,,,,,,,,,,,,,,,,,,,,,,,,,,,,,,,,,,,,,,,,,,,,,,,,,,,,,,,,,,,,,,,,,,,,,,,,,,,,,,,,,,,,,,,,,,,,,,,,,,,,,,,,,,,,,,,,,,,,,,,,,,,,,,,,,,,,,,,,,,,,2026-07-14 13:03:02.206,1,MissingHistory,NoForecastRowsMaterialized"
"22701,66,66,10592,1,2545,CONSUMIBLES DOMESTICOS,""3754"",DYP MIGUEZ SL.  - BP,ENRIQUE MALONDA ESCRIVA,,,,,,preserve current forecast,preserve current forecast,success,,NOT_COMPARABLE_MISSING_SCP_AND_ML,1,0,0,0.0,0.0,0.0,0.0,0.0,0.0,,,,,,,,,,,,,,,,,,,,,,,,,,,,,,,,,,,,,,,,,,,,,,,,,,,,,,,,,,,,,,,,,,,,,,,,,,,,,,,,,,,,,,,,,,,,,,,,,,,,,,,,,,,,,,,,,,,,,,,,,,,,,,,,,,,,,,,,,,,,,,,,,,,,,,,,,,,,,,,,,,,,,,,,,,,,,,,,,,,,,,,,,,,,,,,,,,,,,,,,,,2026-07-14 13:03:02.206,1,MissingHistory,NoForecastRowsMaterialized"
"22702,66,66,10592,1,1603,UNYKOS,""2609"",CONSUM S COOP V,José Luís Sabater _,,AutoTheta,smooth_insuficient,smooth_insuficient_insuficient,insuficient,x11 lineal,x11 lineal,success,smooth_insuficient,COMPARABLE,1,1,1,5760.0,7680.0,5760.0,7680.0,11520.0,9600.0,6301.0,0.0,0.0,7682.0,0.0,0.0,10834.0,10566.0,10298.0,7680.0,0.0,0.0,541.0,-7680.0,-5760.0,2.0,-11520.0,-9600.0,5074.0,2886.0,4538.0,0.0,-11520.0,-9600.0,541.0,7680.0,5760.0,2.0,11520.0,9600.0,5074.0,2886.0,4538.0,0.0,11520.0,9600.0,292681.0,58982400,33177600,4.0,132710400,92160000,25745476,8328996.0,20593444,0.0,132710400,92160000,1,1,1,1,1,1,541.0,7680.0,5760.0,2.0,11520.0,9600.0,5074.0,2886.0,4538.0,0.0,11520.0,9600.0,541.0,7680.0,5760.0,2.0,11520.0,9600.0,5074.0,2886.0,4538.0,0.0,11520.0,9600.0,0.09392361111111111,1.0,1.0,0.0002604166666667,1.0,1.0,0.8809027777777778,0.37578125,0.7878472222222223,0.0,1.0,1.0,0.09392361111111111,-1.0,-1.0,0.0002604166666667,-1.0,-1.0,0.8809027777777778,0.37578125,0.7878472222222223,0.0,-1.0,-1.0,SCP,ML,ML,ML,TIE,TIE,x11 lineal,AutoTheta,AutoTheta,AutoTheta,,,ML,SCP,SCP,SCP,,,AutoTheta,x11 lineal,x11 lineal,x11 lineal,,,89.33780055183287,62.42187500000001,21.215277777777775,100.0,0.0,0.0,28800.0,7682.0,7680.0,-21118.0,-21120.0,21122.0,21120.0,224870404,224870400,3,7040.666666666667,7040.0,8657.759602422173,8657.759525419957,0.7334027777777777,0.7333333333333333,-0.7332638888888889,-0.7333333333333333,TIE,,,,0.0,19200.0,6301.0,31698.0,-12899.0,12498.0,13981.0,12498.0,92452681,54667916,3,4660.333333333333,4166.0,5551.356620983139,4268.798269614842,0.7281770833333333,0.6509375,-0.6718229166666667,0.6509375,ML,AutoTheta,SCP,x11 lineal,10.607252700092989,48000.0,13983.0,39378.0,-34017.0,-8622.0,35103.0,33618.0,317323085,279538316,6,5850.5,5603.0,7272.357309245286,6825.666219009931,0.7313125,0.700375,-0.7086875,-0.179625,ML,AutoTheta,SCP,x11 lineal,4.230407657465182,2026-07-14 13:03:02.206,0,,"
"22703,66,66,10592,1,1803,CONSUMIBLES DOMESTICOS,""6002"",GRUPO DISTRIBUIDOR GARAU SL,José Luís Sabater _,,,,,,average,average,success,,NOT_COMPARABLE_MISSING_SCP_AND_ML,1,0,0,62475.0,29700.0,0.0,0.0,0.0,0.0,,,,,,,,,,,,,,,,,,,,,,,,,,,,,,,,,,,,,,,,,,,,,,,,,,,,,,,,,,,,,,,,,,,,,,,,,,,,,,,,,,,,,,,,,,,,,,,,,,,,,,,,,,,,,,,,,,,,,,,,,,,,,,,,,,,,,,,,,,,,,,,,,,,,,,,,,,,,,,,,,,,,,,,,,,,,,,,,,,,,,,,,,,,,,,,,,,,,,,,,,,2026-07-14 13:03:02.206,1,ShortSeries,NoForecastRowsMaterialized"
"22704,66,66,10592,1,2304,SACO INDUSTRIAL,""3677"",PAYAN HERMANOS,José Mateos-Aparicio Martinez,,MovingAverage12M,lumpy_insuficient,lumpy_insuficient_insuficient,insuficient,syntetos-boylan,syntetos-boylan,success,lumpy_insuficient,COMPARABLE,1,1,1,1.6,4.799999999999999,0.0,0.0,0.0,0.0,0.0,0.0,0.0,1.6,0.0,0.0,0.1,0.1,0.2,0.5,0.0,0.0,-1.6,-4.799999999999999,0.0,1.6,0.0,0.0,-1.5,-4.699999999999999,0.2,0.5,0.0,0.0,1.6,4.799999999999999,0.0,1.6,0.0,0.0,1.5,4.699999999999999,0.2,0.5,0.0,0.0,2.5600000000000005,23.03999999999999,0.0,2.5600000000000005,0.0,0.0,2.25,22.089999999999993,0.04000000000000001,0.25,0.0,0.0,1,1,0,0,0,0,1.6,4.799999999999999,,,,,1.5,4.699999999999999,,,,,1.6,4.799999999999999,,,,,1.5,4.699999999999999,,,,,1.0,1.0,,,,,0.9375,0.9791666666666667,,,,,-1.0,-1.0,,,,,-0.9375,-0.9791666666666667,,,,,ML,ML,,,,,MovingAverage12M,MovingAverage12M,,,,,SCP,SCP,,,,,syntetos-boylan,syntetos-boylan,,,,,6.25,2.083333333333326,,,,,0.0,1.6,0.5,1.6,0.5,1.6,0.5,2.5600000000000005,0.25,0,,,,,,,,,,,,,,6.399999999999999,0.0,0.4,-6.399999999999999,-5.999999999999999,6.399999999999999,6.3999999999999995,25.599999999999987,24.379999999999992,2,3.1999999999999993,3.1999999999999997,3.5777087639996625,3.4914180500192176,1.0,1.0000000000000002,-1.0,-0.9375000000000001,TIE,,,,0.0,6.399999999999999,1.6,0.9,-4.799999999999999,-5.499999999999999,7.999999999999998,6.8999999999999995,28.15999999999999,24.629999999999992,2,3.999999999999999,3.4499999999999997,3.752332607858743,3.5092734290733167,1.25,1.0781250000000002,-0.75,-0.859375,ML,MovingAverage12M,SCP,syntetos-boylan,13.749999999999982,2026-07-14 13:03:02.206,0,,NoForecastRowsMaterialized"
"22705,66,66,10592,1,2371,CONSUMIBLES DOMESTICOS,""4772"",FRAGADIS,ENRIQUE MALONDA ESCRIVA,,,,,,average,average,success,,NOT_COMPARABLE_MISSING_SCP_AND_ML,1,0,0,3840.0,3200.0,0.0,3200.0,6400.0,1600.0,,,,,,,,,,,,,,,,,,,,,,,,,,,,,,,,,,,,,,,,,,,,,,,,,,,,,,,,,,,,,,,,,,,,,,,,,,,,,,,,,,,,,,,,,,,,,,,,,,,,,,,,,,,,,,,,,,,,,,,,,,,,,,,,,,,,,,,,,,,,,,,,,,,,,,,,,,,,,,,,,,,,,,,,,,,,,,,,,,,,,,,,,,,,,,,,,,,,,,,,,,2026-07-14 13:03:02.206,1,ShortSeries,NoForecastRowsMaterialized"
"22706,66,66,10592,1,2437,BOLSA BASURA PROFESIONALES,""199"",CLIENTES CONTADO - BP,Agente Directo,,,,,,preserve current forecast,preserve current forecast,success,,NOT_COMPARABLE_MISSING_SCP_AND_ML,1,0,0,0.0,0.0,0.0,0.0,0.0,0.0,,,,,,,,,,,,,,,,,,,,,,,,,,,,,,,,,,,,,,,,,,,,,,,,,,,,,,,,,,,,,,,,,,,,,,,,,,,,,,,,,,,,,,,,,,,,,,,,,,,,,,,,,,,,,,,,,,,,,,,,,,,,,,,,,,,,,,,,,,,,,,,,,,,,,,,,,,,,,,,,,,,,,,,,,,,,,,,,,,,,,,,,,,,,,,,,,,,,,,,,,,2026-07-14 13:03:02.206,1,MissingHistory,NoForecastRowsMaterialized"
"22707,66,66,10592,1,2489,CONSUMIBLES DOMESTICOS,""3580"",RIOS FARIAS SA - BP,ENRIQUE MALONDA ESCRIVA,,,,,,preserve current forecast,preserve current forecast,success,,NOT_COMPARABLE_MISSING_SCP_AND_ML,1,0,0,0.0,0.0,0.0,0.0,0.0,0.0,,,,,,,,,,,,,,,,,,,,,,,,,,,,,,,,,,,,,,,,,,,,,,,,,,,,,,,,,,,,,,,,,,,,,,,,,,,,,,,,,,,,,,,,,,,,,,,,,,,,,,,,,,,,,,,,,,,,,,,,,,,,,,,,,,,,,,,,,,,,,,,,,,,,,,,,,,,,,,,,,,,,,,,,,,,,,,,,,,,,,,,,,,,,,,,,,,,,,,,,,,2026-07-14 13:03:02.206,1,MissingHistory,NoForecastRowsMaterialized"
"22708,66,66,10592,1,2539,CONSUMIBLES DOMESTICOS,""3413"",DYP MIGUEZ SL.  - BP,ENRIQUE MALONDA ESCRIVA,,,,,,preserve current forecast,preserve current forecast,success,,NOT_COMPARABLE_MISSING_SCP_AND_ML,1,0,0,0.0,0.0,0.0,0.0,0.0,0.0,,,,,,,,,,,,,,,,,,,,,,,,,,,,,,,,,,,,,,,,,,,,,,,,,,,,,,,,,,,,,,,,,,,,,,,,,,,,,,,,,,,,,,,,,,,,,,,,,,,,,,,,,,,,,,,,,,,,,,,,,,,,,,,,,,,,,,,,,,,,,,,,,,,,,,,,,,,,,,,,,,,,,,,,,,,,,,,,,,,,,,,,,,,,,,,,,,,,,,,,,,2026-07-14 13:03:02.206,1,MissingHistory,NoForecastRowsMaterialized"
"22709,66,66,10592,1,2555,SACO INDUSTRIAL,""3652"",AVES INAVICO S.L. - BP,José Mateos-Aparicio Martinez,,,,,,preserve current forecast,preserve current forecast,success,,NOT_COMPARABLE_MISSING_SCP_AND_ML,1,0,0,0.0,0.0,0.0,0.0,0.0,0.0,,,,,,,,,,,,,,,,,,,,,,,,,,,,,,,,,,,,,,,,,,,,,,,,,,,,,,,,,,,,,,,,,,,,,,,,,,,,,,,,,,,,,,,,,,,,,,,,,,,,,,,,,,,,,,,,,,,,,,,,,,,,,,,,,,,,,,,,,,,,,,,,,,,,,,,,,,,,,,,,,,,,,,,,,,,,,,,,,,,,,,,,,,,,,,,,,,,,,,,,,,2026-07-14 13:03:02.206,1,MissingHistory,NoForecastRowsMaterialized"
"22710,66,66,10592,1,2483,CONSUMIBLES DOMESTICOS,""3456"",ALDI MIRANDA DEL EBRO SUPERMERCADOS S.L.U - BP,ENRIQUE MALONDA ESCRIVA,,,,,,preserve current forecast,preserve current forecast,success,,NOT_COMPARABLE_MISSING_SCP_AND_ML,1,0,0,0.0,0.0,0.0,0.0,0.0,0.0,,,,,,,,,,,,,,,,,,,,,,,,,,,,,,,,,,,,,,,,,,,,,,,,,,,,,,,,,,,,,,,,,,,,,,,,,,,,,,,,,,,,,,,,,,,,,,,,,,,,,,,,,,,,,,,,,,,,,,,,,,,,,,,,,,,,,,,,,,,,,,,,,,,,,,,,,,,,,,,,,,,,,,,,,,,,,,,,,,,,,,,,,,,,,,,,,,,,,,,,,,2026-07-14 13:03:02.206,1,MissingHistory,NoForecastRowsMaterialized"
"22711,66,66,10592,1,2499,CONSUMIBLES DOMESTICOS,""3585"",""IFA RETAIL, S.A."",ENRIQUE MALONDA ESCRIVA,,,,,,preserve current forecast,preserve current forecast,success,,NOT_COMPARABLE_MISSING_SCP_AND_ML,1,0,0,0.0,0.0,0.0,0.0,0.0,0.0,,,,,,,,,,,,,,,,,,,,,,,,,,,,,,,,,,,,,,,,,,,,,,,,,,,,,,,,,,,,,,,,,,,,,,,,,,,,,,,,,,,,,,,,,,,,,,,,,,,,,,,,,,,,,,,,,,,,,,,,,,,,,,,,,,,,,,,,,,,,,,,,,,,,,,,,,,,,,,,,,,,,,,,,,,,,,,,,,,,,,,,,,,,,,,,,,,,,,,,,,,2026-07-14 13:03:02.206,1,MissingHistory,NoForecastRowsMaterialized"
"22712,66,66,10592,1,2517,FILM ALIMENTARIO PROFESIONAL,""4009"",""EXCLUSIVAS DITAYO, S.L - BP"",José Luís Sabater _,,,,,,preserve current forecast,preserve current forecast,success,,NOT_COMPARABLE_MISSING_SCP_AND_ML,1,0,0,0.0,0.0,0.0,0.0,0.0,0.0,,,,,,,,,,,,,,,,,,,,,,,,,,,,,,,,,,,,,,,,,,,,,,,,,,,,,,,,,,,,,,,,,,,,,,,,,,,,,,,,,,,,,,,,,,,,,,,,,,,,,,,,,,,,,,,,,,,,,,,,,,,,,,,,,,,,,,,,,,,,,,,,,,,,,,,,,,,,,,,,,,,,,,,,,,,,,,,,,,,,,,,,,,,,,,,,,,,,,,,,,,2026-07-14 13:03:02.206,1,MissingHistory,NoForecastRowsMaterialized"
"22713,66,66,10592,1,2535,CONSUMIBLES DOMESTICOS,""2828"",DYP MIGUEZ SL.  - BP,ENRIQUE MALONDA ESCRIVA,,,,,,preserve current forecast,preserve current forecast,success,,NOT_COMPARABLE_MISSING_SCP_AND_ML,1,0,0,0.0,0.0,0.0,0.0,0.0,0.0,,,,,,,,,,,,,,,,,,,,,,,,,,,,,,,,,,,,,,,,,,,,,,,,,,,,,,,,,,,,,,,,,,,,,,,,,,,,,,,,,,,,,,,,,,,,,,,,,,,,,,,,,,,,,,,,,,,,,,,,,,,,,,,,,,,,,,,,,,,,,,,,,,,,,,,,,,,,,,,,,,,,,,,,,,,,,,,,,,,,,,,,,,,,,,,,,,,,,,,,,,2026-07-14 13:03:02.206,1,MissingHistory,NoForecastRowsMaterialized"
"22714,66,66,10592,1,2551,SACO INDUSTRIAL,""27"",OKIN - BP,José Mateos-Aparicio Martinez,,,,,,preserve current forecast,preserve current forecast,success,,NOT_COMPARABLE_MISSING_SCP_AND_ML,1,0,0,0.0,0.0,0.0,0.0,0.0,0.0,,,,,,,,,,,,,,,,,,,,,,,,,,,,,,,,,,,,,,,,,,,,,,,,,,,,,,,,,,,,,,,,,,,,,,,,,,,,,,,,,,,,,,,,,,,,,,,,,,,,,,,,,,,,,,,,,,,,,,,,,,,,,,,,,,,,,,,,,,,,,,,,,,,,,,,,,,,,,,,,,,,,,,,,,,,,,,,,,,,,,,,,,,,,,,,,,,,,,,,,,,2026-07-14 13:03:02.206,1,MissingHistory,NoForecastRowsMaterialized"
"22715,66,66,10592,1,356,CONSUMIBLES DOMESTICOS,""2743"",LIDER ALIMENT,Enrique Malonda Escriva,,,,,,preserve current forecast,preserve current forecast,success,,NOT_COMPARABLE_MISSING_SCP_AND_ML,1,0,0,0.0,0.0,0.0,0.0,0.0,0.0,,,,,,,,,,,,,,,,,,,,,,,,,,,,,,,,,,,,,,,,,,,,,,,,,,,,,,,,,,,,,,,,,,,,,,,,,,,,,,,,,,,,,,,,,,,,,,,,,,,,,,,,,,,,,,,,,,,,,,,,,,,,,,,,,,,,,,,,,,,,,,,,,,,,,,,,,,,,,,,,,,,,,,,,,,,,,,,,,,,,,,,,,,,,,,,,,,,,,,,,,,2026-07-14 13:03:02.206,1,MissingHistory,NoForecastRowsMaterialized"
"22716,66,66,10592,1,376,CONSUMIBLES DOMESTICOS,""2754"",COVIRAN,José Luís Sabater _,,HistoricAverage,smooth_insuficient,smooth_insuficient_insuficient,insuficient,x11 seasonal,x11 seasonal,success,smooth_insuficient,COMPARABLE,1,1,1,6720.0,6720.0,5040.0,1680.0,5040.0,0.0,2719.0,0.0,0.0,3214.0,0.0,0.0,3179.0,3179.0,3179.0,3328.0,0.0,0.0,-4001.0,-6720.0,-5040.0,1534.0,-5040.0,0.0,-3541.0,-3541.0,-1861.0,1648.0,-5040.0,0.0,4001.0,6720.0,5040.0,1534.0,5040.0,0.0,3541.0,3541.0,1861.0,1648.0,5040.0,0.0,16008001,45158400,25401600,2353156.0,25401600,0.0,12538681,12538681,3463321.0,2715904.0,25401600,0.0,1,1,1,1,1,0,4001.0,6720.0,5040.0,1534.0,5040.0,,3541.0,3541.0,1861.0,1648.0,5040.0,,4001.0,6720.0,5040.0,1534.0,5040.0,,3541.0,3541.0,1861.0,1648.0,5040.0,,0.5953869047619048,1.0,1.0,0.9130952380952381,1.0,,0.5269345238095238,0.5269345238095238,0.36924603174603177,0.9809523809523809,1.0,,-0.5953869047619048,-1.0,-1.0,0.9130952380952381,-1.0,,-0.5269345238095238,-0.5269345238095238,-0.36924603174603177,0.9809523809523809,-1.0,,ML,ML,ML,SCP,TIE,,HistoricAverage,HistoricAverage,HistoricAverage,x11 seasonal,,,SCP,SCP,SCP,ML,,,x11 seasonal,x11 seasonal,x11 seasonal,HistoricAverage,,,11.497125718570372,47.30654761904762,63.07539682539682,6.917475728155338,0.0,,6720.0,3214.0,3328.0,-3506.0,-3392.0,6574.0,6688.0,27754756,28117504,2,3287.0,3344.0,3725.2352945820753,3749.5002333644416,0.9782738095238095,0.9952380952380953,-0.5217261904761905,-0.5047619047619047,SCP,x11 seasonal,ML,HistoricAverage,1.7045454545454597,18480.0,2719.0,9537.0,-15761.0,-8943.0,15761.0,8943.0,86568001,28540683,3,5253.666666666667,2981.0,5371.778135155372,3084.4061016668993,0.8528679653679654,0.48392857142857143,-0.8528679653679654,-0.48392857142857143,ML,HistoricAverage,SCP,x11 seasonal,43.25867647991879,25200.0,5933.0,12865.0,-19267.0,-12335.0,22335.0,15631.0,114322757,56658187,5,4467.0,3126.2,4781.689178522585,3366.249753063489,0.8863095238095238,0.6202777777777778,-0.7645634920634921,-0.48948412698412697,ML,HistoricAverage,SCP,x11 seasonal,30.015670472352802,2026-07-14 13:03:02.206,0,,"
"22717,66,66,10592,1,408,CONSUMIBLES DOMESTICOS,""2758"",VEGALSA,Enrique Malonda Escriva,,HistoricAverage,smooth_insuficient,smooth_insuficient_insuficient,insuficient,x11 lineal,x11 lineal,success,smooth_insuficient,COMPARABLE,1,1,1,1494.0,1098.0,1296.0,1926.0,1332.0,1548.0,1815.0,0.0,0.0,1852.0,0.0,0.0,1537.0,1537.0,1537.0,1728.0,0.0,0.0,321.0,-1098.0,-1296.0,-74.0,-1332.0,-1548.0,43.0,439.0,241.0,-198.0,-1332.0,-1548.0,321.0,1098.0,1296.0,74.0,1332.0,1548.0,43.0,439.0,241.0,198.0,1332.0,1548.0,103041.0,1205604.0,1679616.0,5476.0,1774224.0,2396304.0,1849.0,192721.0,58081.0,39204.0,1774224.0,2396304.0,1,1,1,1,1,1,321.0,1098.0,1296.0,74.0,1332.0,1548.0,43.0,439.0,241.0,198.0,1332.0,1548.0,321.0,1098.0,1296.0,74.0,1332.0,1548.0,43.0,439.0,241.0,198.0,1332.0,1548.0,0.21485943775100402,1.0,1.0,0.03842159916926272,1.0,1.0,0.028781793842034806,0.3998178506375228,0.18595679012345678,0.102803738317757,1.0,1.0,0.21485943775100402,-1.0,-1.0,-0.03842159916926272,-1.0,-1.0,0.028781793842034806,0.3998178506375228,0.18595679012345678,-0.102803738317757,-1.0,-1.0,ML,ML,ML,SCP,TIE,TIE,HistoricAverage,HistoricAverage,HistoricAverage,x11 lineal,,,SCP,SCP,SCP,ML,,,x11 lineal,x11 lineal,x11 lineal,HistoricAverage,,,86.6043613707165,60.01821493624773,81.40432098765432,62.626262626262616,0.0,0.0,4806.0,1852.0,1728.0,-2954.0,-3078.0,2954.0,3078.0,4176004.0,4209732.0,3,984.6666666666666,1026.0,1179.8310613529943,1184.5860036316485,0.6146483562213899,0.6404494382022472,-0.6146483562213899,-0.6404494382022472,SCP,x11 lineal,ML,HistoricAverage,4.028589993502278,3888.0,1815.0,4611.0,-2073.0,723.0,2715.0,723.0,2988261.0,252651.0,3,905.0,241.0,998.0415823000562,290.2016540269886,0.6983024691358025,0.18595679012345678,-0.533179012345679,0.18595679012345678,ML,HistoricAverage,SCP,x11 lineal,73.37016574585635,8694.0,3667.0,6339.0,-5027.0,-2355.0,5669.0,3801.0,7164265.0,4462383.0,6,944.8333333333334,633.5,1092.723280005815,862.3981099237174,0.6520588911893259,0.43719806763285024,-0.5782148608235564,-0.27087646652864045,ML,HistoricAverage,SCP,x11 lineal,32.9511377668019,2026-07-14 13:03:02.206,0,,"
"22718,66,66,10592,1,490,CONSUMIBLES DOMESTICOS,""2790"",LIDER ALIMENT,Enrique Malonda Escriva,,,,,,preserve current forecast,preserve current forecast,success,,NOT_COMPARABLE_MISSING_SCP_AND_ML,1,0,0,0.0,0.0,0.0,0.0,0.0,0.0,,,,,,,,,,,,,,,,,,,,,,,,,,,,,,,,,,,,,,,,,,,,,,,,,,,,,,,,,,,,,,,,,,,,,,,,,,,,,,,,,,,,,,,,,,,,,,,,,,,,,,,,,,,,,,,,,,,,,,,,,,,,,,,,,,,,,,,,,,,,,,,,,,,,,,,,,,,,,,,,,,,,,,,,,,,,,,,,,,,,,,,,,,,,,,,,,,,,,,,,,,2026-07-14 13:03:02.206,1,MissingHistory,NoForecastRowsMaterialized"
"22719,66,66,10592,1,558,CONSUMIBLES DOMESTICOS,""2829"",""SUPER JAROCAL, S.L."",Enrique Malonda Escriva,,,,,,preserve current forecast,preserve current forecast,success,,NOT_COMPARABLE_MISSING_SCP_AND_ML,1,0,0,0.0,0.0,0.0,0.0,0.0,0.0,,,,,,,,,,,,,,,,,,,,,,,,,,,,,,,,,,,,,,,,,,,,,,,,,,,,,,,,,,,,,,,,,,,,,,,,,,,,,,,,,,,,,,,,,,,,,,,,,,,,,,,,,,,,,,,,,,,,,,,,,,,,,,,,,,,,,,,,,,,,,,,,,,,,,,,,,,,,,,,,,,,,,,,,,,,,,,,,,,,,,,,,,,,,,,,,,,,,,,,,,,2026-07-14 13:03:02.206,1,MissingHistory,NoForecastRowsMaterialized"
"22720,66,66,10592,1,593,CONSUMIBLES DOMESTICOS,""2856"",""FAMILY CASH, S.L."",José Navalón _,,SeasonalNaive,smooth_insuficient,smooth_insuficient_insuficient,insuficient,x11 seasonal,x11 seasonal,success,smooth_insuficient,COMPARABLE,1,1,1,4560.0,9120.0,9120.0,18240.0,13680.0,15960.0,14000.0,0.0,0.0,14531.0,0.0,0.0,13680.0,9120.0,20520.0,13680.0,0.0,0.0,9440.0,-9120.0,-9120.0,-3709.0,-13680.0,-15960.0,9120.0,0.0,11400.0,-4560.0,-13680.0,-15960.0,9440.0,9120.0,9120.0,3709.0,13680.0,15960.0,9120.0,0.0,11400.0,4560.0,13680.0,15960.0,89113600,83174400,83174400,13756681,187142400,254721600,83174400,0.0,129960000,20793600,187142400,254721600,1,1,1,1,1,1,9440.0,9120.0,9120.0,3709.0,13680.0,15960.0,9120.0,0.0,11400.0,4560.0,13680.0,15960.0,9440.0,9120.0,9120.0,3709.0,13680.0,15960.0,9120.0,0.0,11400.0,4560.0,13680.0,15960.0,2.0701754385964914,1.0,1.0,0.20334429824561404,1.0,1.0,2.0,0.0,1.25,0.25,1.0,1.0,2.0701754385964914,-1.0,-1.0,-0.20334429824561404,-1.0,-1.0,2.0,0.0,1.25,-0.25,-1.0,-1.0,ML,ML,SCP,SCP,TIE,TIE,SeasonalNaive,SeasonalNaive,x11 seasonal,x11 seasonal,,,SCP,SCP,ML,ML,,,x11 seasonal,x11 seasonal,SeasonalNaive,SeasonalNaive,,,3.389830508474587,100.0,20.0,18.662280701754387,0.0,0.0,47880.0,14531.0,13680.0,-33349.0,-34200.0,33349.0,34200.0,455620681,462657600,3,11116.333333333334,11400.0,12323.699133512362,12418.502325159825,0.6965121136173767,0.7142857142857143,-0.6965121136173767,-0.7142857142857143,SCP,x11 seasonal,ML,SeasonalNaive,2.4883040935672573,22800.0,14000.0,43320.0,-8800.0,20520.0,27680.0,20520.0,255462400,213134400,3,9226.666666666666,6840.0,9227.899724928384,8428.807744871157,1.2140350877192982,0.9,-0.38596491228070173,0.9,ML,SeasonalNaive,SCP,x11 seasonal,25.867052023121385,70680.0,28531.0,57000.0,-42149.0,-13680.0,61029.0,54720.0,711083081,675792000,6,10171.5,9120.0,10886.406516079276,10612.822433264395,0.8634550084889644,0.7741935483870968,-0.596335597057159,-0.1935483870967742,ML,SeasonalNaive,SCP,x11 seasonal,10.337708302610242,2026-07-14 13:03:02.206,0,,"
"22721,66,66,10592,1,623,CONSUMIBLES DOMESTICOS,""2876"",""IFA RETAIL, S.A."",Enrique Malonda Escriva,,AutoTheta,smooth_insuficient,smooth_insuficient_insuficient,insuficient,x11 seasonal,x11 seasonal,success,smooth_insuficient,COMPARABLE,1,1,1,0.0,23712.0,12792.0,9120.0,10944.0,14592.0,10091.0,0.0,0.0,11161.0,0.0,0.0,10295.0,10444.0,10593.0,10944.0,0.0,0.0,10091.0,-23712.0,-12792.0,2041.0,-10944.0,-14592.0,10295.0,-13268.0,-2199.0,1824.0,-10944.0,-14592.0,10091.0,23712.0,12792.0,2041.0,10944.0,14592.0,10295.0,13268.0,2199.0,1824.0,10944.0,14592.0,101828281,562258944,163635264,4165681.0,119771136,212926464,105987025,176039824,4835601.0,3326976.0,119771136,212926464,0,1,1,1,1,1,,23712.0,12792.0,2041.0,10944.0,14592.0,,13268.0,2199.0,1824.0,10944.0,14592.0,,23712.0,12792.0,2041.0,10944.0,14592.0,,13268.0,2199.0,1824.0,10944.0,14592.0,,1.0,1.0,0.2237938596491228,1.0,1.0,,0.5595479082321188,0.17190431519699811,0.2,1.0,1.0,,-1.0,-1.0,0.2237938596491228,-1.0,-1.0,,-0.5595479082321188,-0.17190431519699811,0.2,-1.0,-1.0,,ML,ML,ML,TIE,TIE,,AutoTheta,AutoTheta,AutoTheta,,,,SCP,SCP,SCP,,,,x11 seasonal,x11 seasonal,x11 seasonal,,,,44.04520917678813,82.80956848030019,10.63204311611954,0.0,0.0,34656.0,11161.0,10944.0,-23495.0,-23712.0,27577.0,27360.0,336863281,336024576,3,9192.333333333334,9120.0,10596.591920675879,10583.39227280176,0.7957352262234534,0.7894736842105263,-0.6779489843028624,-0.6842105263157895,ML,AutoTheta,SCP,x11 seasonal,0.786887623744425,36504.0,10091.0,31332.0,-26413.0,-5172.0,46595.0,25762.0,827722489,286862450,2,23297.5,12881.0,20343.579933236924,11976.277593643194,1.276435459127767,0.7057308788078018,-0.7235645408722332,-0.14168310322156477,ML,AutoTheta,SCP,x11 seasonal,44.71080588045929,71160.0,21252.0,42276.0,-49908.0,-28884.0,74172.0,53122.0,1164585770,622887026,5,14834.4,10624.4,15261.623570249661,11161.424873196074,1.042327150084317,0.7465148960089938,-0.7013490725126476,-0.405902192242833,ML,AutoTheta,SCP,x11 seasonal,28.37998166423987,2026-07-14 13:03:02.206,0,,"
"22722,66,66,10592,1,641,CONSUMIBLES DOMESTICOS,""2890"",""IFA RETAIL, S.A."",Enrique Malonda Escriva,,SeasonalNaive,smooth_insuficient,smooth_insuficient_insuficient,insuficient,x11 seasonal,x11 seasonal,success,smooth_insuficient,COMPARABLE,1,1,1,22800.0,14592.0,32376.0,20976.0,27360.0,30096.0,28081.0,0.0,0.0,24469.0,0.0,0.0,30552.0,18696.0,17328.0,26448.0,0.0,0.0,5281.0,-14592.0,-32376.0,3493.0,-27360.0,-30096.0,7752.0,4104.0,-15048.0,5472.0,-27360.0,-30096.0,5281.0,14592.0,32376.0,3493.0,27360.0,30096.0,7752.0,4104.0,15048.0,5472.0,27360.0,30096.0,27888961,212926464,1048205376,12201049,748569600,905769216,60093504,16842816,226442304,29942784,748569600,905769216,1,1,1,1,1,1,5281.0,14592.0,32376.0,3493.0,27360.0,30096.0,7752.0,4104.0,15048.0,5472.0,27360.0,30096.0,5281.0,14592.0,32376.0,3493.0,27360.0,30096.0,7752.0,4104.0,15048.0,5472.0,27360.0,30096.0,0.23162280701754387,1.0,1.0,0.166523646071701,1.0,1.0,0.34,0.28125,0.4647887323943662,0.2608695652173913,1.0,1.0,0.23162280701754387,-1.0,-1.0,0.166523646071701,-1.0,-1.0,0.34,0.28125,-0.4647887323943662,0.2608695652173913,-1.0,-1.0,SCP,ML,ML,SCP,TIE,TIE,x11 seasonal,SeasonalNaive,SeasonalNaive,x11 seasonal,,,ML,SCP,SCP,ML,,,SeasonalNaive,x11 seasonal,x11 seasonal,SeasonalNaive,,,31.87564499484004,71.875,53.52112676056338,36.165935672514614,0.0,0.0,78432.0,24469.0,26448.0,-53963.0,-51984.0,60949.0,62928.0,1666539865,1684281600,3,20316.333333333332,20976.0,23569.329399313283,23694.45504754224,0.777093533251734,0.8023255813953488,-0.6880227458180335,-0.6627906976744186,SCP,x11 seasonal,ML,SeasonalNaive,3.1448639715230033,69768.0,28081.0,66576.0,-41687.0,-3192.0,52249.0,26904.0,1289020801,303378624,3,17416.333333333332,8968.0,20728.569664434963,10056.15274347004,0.748896342162596,0.38562091503267976,-0.5975088865955739,-0.0457516339869281,ML,SeasonalNaive,SCP,x11 seasonal,48.50810541828551,148200.0,52550.0,93024.0,-95650.0,-55176.0,113198.0,89832.0,2955560666,1987660224,6,18866.333333333332,14972.0,22194.446249756566,18201.008323716575,0.7638191632928475,0.6061538461538462,-0.6454116059379217,-0.3723076923076923,ML,SeasonalNaive,SCP,x11 seasonal,20.64170745066167,2026-07-14 13:03:02.206,0,,"
"22723,66,66,10592,1,674,CONSUMIBLES DOMESTICOS,""3406"",""FAMILY CASH, S.L."",José Navalón _,,AutoTheta,smooth_insuficient,smooth_insuficient_insuficient,insuficient,x11 seasonal,x11 seasonal,success,smooth_insuficient,COMPARABLE,1,1,1,8640.0,19008.0,12096.0,22464.0,20736.0,14688.0,22206.0,0.0,0.0,20709.0,0.0,0.0,20896.0,20736.0,20575.0,21006.0,0.0,0.0,13566.0,-19008.0,-12096.0,-1755.0,-20736.0,-14688.0,12256.0,1728.0,8479.0,-1458.0,-20736.0,-14688.0,13566.0,19008.0,12096.0,1755.0,20736.0,14688.0,12256.0,1728.0,8479.0,1458.0,20736.0,14688.0,184036356,361304064,146313216,3080025.0,429981696,215737344,150209536,2985984.0,71893441,2125764.0,429981696,215737344,1,1,1,1,1,1,13566.0,19008.0,12096.0,1755.0,20736.0,14688.0,12256.0,1728.0,8479.0,1458.0,20736.0,14688.0,13566.0,19008.0,12096.0,1755.0,20736.0,14688.0,12256.0,1728.0,8479.0,1458.0,20736.0,14688.0,1.570138888888889,1.0,1.0,0.078125,1.0,1.0,1.4185185185185185,0.09090909090909091,0.7009755291005291,0.06490384615384616,1.0,1.0,1.570138888888889,-1.0,-1.0,-0.078125,-1.0,-1.0,1.4185185185185185,0.09090909090909091,0.7009755291005291,-0.06490384615384616,-1.0,-1.0,ML,ML,ML,ML,TIE,TIE,AutoTheta,AutoTheta,AutoTheta,AutoTheta,,,SCP,SCP,SCP,SCP,,,x11 seasonal,x11 seasonal,x11 seasonal,x11 seasonal,,,9.65649417661802,90.9090909090909,29.902447089947092,16.923076923076916,0.0,0.0,57888.0,20709.0,21006.0,-37179.0,-36882.0,37179.0,36882.0,648799065,647844804,3,12393.0,12294.0,14705.997246021774,14695.17839292875,0.6422574626865671,0.6371268656716418,-0.6422574626865671,-0.6371268656716418,ML,AutoTheta,SCP,x11 seasonal,0.7988380537400114,39744.0,22206.0,62207.0,-17538.0,22463.0,44670.0,22463.0,691653636,225088961,3,14890.0,7487.666666666667,15183.912934418453,8661.965923892029,1.1239432367149758,0.565192230273752,-0.44127415458937197,0.565192230273752,ML,AutoTheta,SCP,x11 seasonal,49.71345421983434,97632.0,42915.0,83213.0,-54717.0,-14419.0,81849.0,59345.0,1340452701,872933765,6,13641.5,9890.833333333334,14946.865340264492,12061.880484954796,0.8383419370698132,0.6078437397574565,-0.5604412487708947,-0.14768723369387085,ML,AutoTheta,SCP,x11 seasonal,27.494532614937267,2026-07-14 13:03:02.206,0,,"
"22724,66,66,10592,1,708,CONSUMIBLES DOMESTICOS,""3413"",BUBBLES BIDCO SPAIN SL (ACQUA & SAPONE)A,Enrique Malonda Escriva,,,,,,preserve current forecast,preserve current forecast,success,,NOT_COMPARABLE_ML_EXCLUDED,1,1,0,0.0,0.0,0.0,0.0,320.0,800.0,240.0,0.0,0.0,0.0,0.0,0.0,,,,,,,,,,,,,,,,,,,,,,,,,,,,,,,,,,,,,,,,,,,,,,,,,,,,,,,,,,,,,,,,,,,,,,,,,,,,,,,,,,,,,,,,,,,,,,,,,,,,,,,,,,,,,,,,,,,,,,,,,,,,,,,,,,,,,,,,,,,,,,,,,,,,,,,,,,,,,,,,,,,,,,,,,,,,,,,,,,,,,,,,,,,,,,,,,,,,2026-07-14 13:03:02.206,1,MissingHistory,NoForecastRowsMaterialized"
"22725,66,66,10592,1,757,CONSUMIBLES DOMESTICOS,""3444"",AHORRAMAS (GRUPO IFA),Enrique Malonda Escriva,,MovingAverage3M,smooth_insuficient,smooth_insuficient_insuficient,insuficient,x11 lineal,x11 lineal,success,smooth_insuficient,COMPARABLE,1,1,1,14400.0,17280.0,17280.0,17280.0,20160.0,20160.0,19053.0,0.0,0.0,17250.0,0.0,0.0,19200.0,19200.0,19200.0,20130.0,0.0,0.0,4653.0,-17280.0,-17280.0,-30.0,-20160.0,-20160.0,4800.0,1920.0,1920.0,2850.0,-20160.0,-20160.0,4653.0,17280.0,17280.0,30.0,20160.0,20160.0,4800.0,1920.0,1920.0,2850.0,20160.0,20160.0,21650409,298598400,298598400,900.0,406425600,406425600,23040000,3686400.0,3686400.0,8122500.0,406425600,406425600,1,1,1,1,1,1,4653.0,17280.0,17280.0,30.0,20160.0,20160.0,4800.0,1920.0,1920.0,2850.0,20160.0,20160.0,4653.0,17280.0,17280.0,30.0,20160.0,20160.0,4800.0,1920.0,1920.0,2850.0,20160.0,20160.0,0.323125,1.0,1.0,0.001736111111111111,1.0,1.0,0.3333333333333333,0.1111111111111111,0.1111111111111111,0.16493055555555555,1.0,1.0,0.323125,-1.0,-1.0,-0.001736111111111111,-1.0,-1.0,0.3333333333333333,0.1111111111111111,0.1111111111111111,0.16493055555555555,-1.0,-1.0,SCP,ML,ML,SCP,TIE,TIE,x11 lineal,MovingAverage3M,MovingAverage3M,x11 lineal,,,ML,SCP,SCP,ML,,,MovingAverage3M,x11 lineal,x11 lineal,MovingAverage3M,,,3.0624999999999956,88.88888888888889,88.88888888888889,98.94736842105264,0.0,0.0,57600.0,17250.0,20130.0,-40350.0,-37470.0,40350.0,43170.0,812852100,820973700,3,13450.0,14390.0,16460.580184185488,16542.608621375286,0.7005208333333334,0.7494791666666667,-0.7005208333333334,-0.6505208333333333,SCP,x11 lineal,ML,MovingAverage3M,6.532314107018762,48960.0,19053.0,57600.0,-29907.0,8640.0,39213.0,8640.0,618847209,30412800,3,13071.0,2880.0,14362.534699696986,3183.959798741184,0.8009191176470588,0.17647058823529413,-0.6108455882352941,0.17647058823529413,ML,MovingAverage3M,SCP,x11 lineal,77.96649070461325,106560.0,36303.0,77730.0,-70257.0,-28830.0,79563.0,51810.0,1431699309,851386500,6,13260.5,8635.0,15447.218244719663,11912.084200508323,0.7466497747747748,0.48620495495495497,-0.6593186936936937,-0.27055180180180183,ML,MovingAverage3M,SCP,x11 lineal,34.88179178763998,2026-07-14 13:03:02.206,0,,"
"22726,66,66,10592,1,775,CONSUMIBLES DOMESTICOS,""3449"",""INICIATIVAS PARA LA PROM ARCENSE, S.L SUPERCARMELA"",Enrique Malonda Escriva,,,,,,preserve current forecast,preserve current forecast,success,,NOT_COMPARABLE_MISSING_SCP_AND_ML,1,0,0,0.0,0.0,0.0,0.0,0.0,0.0,,,,,,,,,,,,,,,,,,,,,,,,,,,,,,,,,,,,,,,,,,,,,,,,,,,,,,,,,,,,,,,,,,,,,,,,,,,,,,,,,,,,,,,,,,,,,,,,,,,,,,,,,,,,,,,,,,,,,,,,,,,,,,,,,,,,,,,,,,,,,,,,,,,,,,,,,,,,,,,,,,,,,,,,,,,,,,,,,,,,,,,,,,,,,,,,,,,,,,,,,,2026-07-14 13:03:02.206,1,MissingHistory,NoForecastRowsMaterialized"
"22727,66,66,10592,1,994,CONSUMIBLES DOMESTICOS,""3645"",BUBBLES BIDCO SPAIN SL (ACQUA & SAPONE)A,Enrique Malonda Escriva,,,,,,preserve current forecast,preserve current forecast,success,,NOT_COMPARABLE_MISSING_SCP_AND_ML,1,0,0,0.0,0.0,0.0,0.0,0.0,0.0,,,,,,,,,,,,,,,,,,,,,,,,,,,,,,,,,,,,,,,,,,,,,,,,,,,,,,,,,,,,,,,,,,,,,,,,,,,,,,,,,,,,,,,,,,,,,,,,,,,,,,,,,,,,,,,,,,,,,,,,,,,,,,,,,,,,,,,,,,,,,,,,,,,,,,,,,,,,,,,,,,,,,,,,,,,,,,,,,,,,,,,,,,,,,,,,,,,,,,,,,,2026-07-14 13:03:02.206,1,MissingHistory,NoForecastRowsMaterialized"
"22728,66,66,10592,1,1059,CONSUMIBLES DOMESTICOS,""3773"",""IFA RETAIL, S.A."",Enrique Malonda Escriva,,MovingAverage12M,smooth_insuficient,smooth_insuficient_insuficient,insuficient,x11 seasonal,x11 seasonal,success,smooth_insuficient,COMPARABLE,1,1,1,5040.0,5040.0,6720.0,6720.0,6720.0,10080.0,5344.0,0.0,0.0,3965.0,0.0,0.0,6437.0,6437.0,6436.0,6419.0,0.0,0.0,304.0,-5040.0,-6720.0,-2755.0,-6720.0,-10080.0,1397.0,1397.0,-284.0,-301.0,-6720.0,-10080.0,304.0,5040.0,6720.0,2755.0,6720.0,10080.0,1397.0,1397.0,284.0,301.0,6720.0,10080.0,92416.0,25401600,45158400,7590025.0,45158400,101606400,1951609.0,1951609.0,80656.0,90601.0,45158400,101606400,1,1,1,1,1,1,304.0,5040.0,6720.0,2755.0,6720.0,10080.0,1397.0,1397.0,284.0,301.0,6720.0,10080.0,304.0,5040.0,6720.0,2755.0,6720.0,10080.0,1397.0,1397.0,284.0,301.0,6720.0,10080.0,0.06031746031746032,1.0,1.0,0.4099702380952381,1.0,1.0,0.2771825396825397,0.2771825396825397,0.042261904761904764,0.04479166666666667,1.0,1.0,0.06031746031746032,-1.0,-1.0,-0.4099702380952381,-1.0,-1.0,0.2771825396825397,0.2771825396825397,-0.042261904761904764,-0.04479166666666667,-1.0,-1.0,SCP,ML,ML,ML,TIE,TIE,x11 seasonal,MovingAverage12M,MovingAverage12M,MovingAverage12M,,,ML,SCP,SCP,SCP,,,MovingAverage12M,x11 seasonal,x11 seasonal,x11 seasonal,,,78.23908375089478,72.28174603174602,95.77380952380953,89.07441016333938,0.0,0.0,23520.0,3965.0,6419.0,-19555.0,-17101.0,19555.0,17101.0,154354825,146855401,3,6518.333333333333,5700.333333333333,7172.97764762538,6996.556319599903,0.8314200680272109,0.7270833333333333,-0.8314200680272109,-0.7270833333333333,ML,MovingAverage12M,SCP,x11 seasonal,12.549220148299675,16800.0,5344.0,19310.0,-11456.0,2510.0,12064.0,3078.0,70652416,3983874.0,3,4021.3333333333335,1026.0,4852.917198277067,1152.3706001109192,0.7180952380952381,0.18321428571428572,-0.6819047619047619,0.1494047619047619,ML,MovingAverage12M,SCP,x11 seasonal,74.48607427055703,40320.0,9309.0,25729.0,-31011.0,-14591.0,31619.0,20179.0,225007241,150839275,6,5269.833333333333,3363.1666666666665,6123.8228936942105,5013.9684050327505,0.7842013888888889,0.5004712301587302,-0.7691220238095238,-0.36187996031746034,ML,MovingAverage12M,SCP,x11 seasonal,36.18077738068882,2026-07-14 13:03:02.206,0,,"
"22729,66,66,10592,1,1091,CONSUMIBLES DOMESTICOS,""4145"",BUBBLES BIDCO SPAIN SL (ACQUA & SAPONE)A,Enrique Malonda Escriva,,,,,,average,average,success,,NOT_COMPARABLE_MISSING_SCP_AND_ML,1,0,0,48.0,0.0,0.0,0.0,0.0,0.0,,,,,,,,,,,,,,,,,,,,,,,,,,,,,,,,,,,,,,,,,,,,,,,,,,,,,,,,,,,,,,,,,,,,,,,,,,,,,,,,,,,,,,,,,,,,,,,,,,,,,,,,,,,,,,,,,,,,,,,,,,,,,,,,,,,,,,,,,,,,,,,,,,,,,,,,,,,,,,,,,,,,,,,,,,,,,,,,,,,,,,,,,,,,,,,,,,,,,,,,,,2026-07-14 13:03:02.206,1,ShortSeries,NoForecastRowsMaterialized"
"22730,66,66,10592,1,1110,CONSUMIBLES DOMESTICOS,""4173"",CONSUM S COOP V,José Luís Sabater _,,,,,,average,average,success,,NOT_COMPARABLE_ML_EXCLUDED,1,1,0,4200.0,8400.0,9450.0,12600.0,18900.0,16533.0,15356.0,0.0,0.0,0.0,0.0,0.0,,,,,,,,,,,,,,,,,,,,,,,,,,,,,,,,,,,,,,,,,,,,,,,,,,,,,,,,,,,,,,,,,,,,,,,,,,,,,,,,,,,,,,,,,,,,,,,,,,,,,,,,,,,,,,,,,,,,,,,,,,,,,,,,,,,,,,,,,,,,,,,,,,,,,,,,,,,,,,,,,,,,,,,,,,,,,,,,,,,,,,,,,,,,,,,,,,,,2026-07-14 13:03:02.206,1,ShortSeries,NoForecastRowsMaterialized"
"22731,66,66,10592,1,1178,""LÁMINA INDUSTRIAL, SEMITUBO Y TUBO"",""3477"",LA COMARCA MEATS SLU,José Mateos-Aparicio Martinez,,,,,,preserve current forecast,preserve current forecast,success,,NOT_COMPARABLE_ML_EXCLUDED,1,1,0,0.0,0.0,0.0,100.0,-20.0,96.29,65.8,0.0,0.0,66.2,0.0,0.0,,,,,,,,,,,,,,,,,,,,,,,,,,,,,,,,,,,,,,,,,,,,,,,,,,,,,,,,,,,,,,,,,,,,,,,,,,,,,,,,,,,,,,,,,,,,,,,,,,,,,,,,,,,,,,,,,,,,,,,,,,,,,,,,,,,,,,,,,,,,,,,,,,,,,,,,,,,,,,,,,,,,,,,,,,,,,,,,,,,,,,,,,,,,,,,,,,,,2026-07-14 13:03:02.206,1,MissingHistory,"
"22732,66,66,10592,1,1243,MASCOTAS,""3433"",""CENTROS COMERCIALES CARREFOUR, S.A."",Enrique Malonda Escriva,,,,,,preserve current forecast,preserve current forecast,success,,NOT_COMPARABLE_MISSING_SCP_AND_ML,1,0,0,0.0,0.0,0.0,0.0,0.0,0.0,,,,,,,,,,,,,,,,,,,,,,,,,,,,,,,,,,,,,,,,,,,,,,,,,,,,,,,,,,,,,,,,,,,,,,,,,,,,,,,,,,,,,,,,,,,,,,,,,,,,,,,,,,,,,,,,,,,,,,,,,,,,,,,,,,,,,,,,,,,,,,,,,,,,,,,,,,,,,,,,,,,,,,,,,,,,,,,,,,,,,,,,,,,,,,,,,,,,,,,,,,2026-07-14 13:03:02.206,1,MissingHistory,NoForecastRowsMaterialized"
"22733,66,66,10592,1,1259,PAPEL ALIMENTARIO,""3382"",""FAMILY CASH, S.L."",José Navalón _,,,,,,preserve current forecast,preserve current forecast,success,,NOT_COMPARABLE_MISSING_SCP_AND_ML,1,0,0,0.0,0.0,0.0,0.0,0.0,0.0,,,,,,,,,,,,,,,,,,,,,,,,,,,,,,,,,,,,,,,,,,,,,,,,,,,,,,,,,,,,,,,,,,,,,,,,,,,,,,,,,,,,,,,,,,,,,,,,,,,,,,,,,,,,,,,,,,,,,,,,,,,,,,,,,,,,,,,,,,,,,,,,,,,,,,,,,,,,,,,,,,,,,,,,,,,,,,,,,,,,,,,,,,,,,,,,,,,,,,,,,,2026-07-14 13:03:02.206,1,MissingHistory,NoForecastRowsMaterialized"
"22734,66,66,10592,1,1377,SACO INDUSTRIAL,""3523"",ELPOZO ALIMENTACION S.A.,José Mateos-Aparicio Martinez,,,,,,preserve current forecast,preserve current forecast,success,,NOT_COMPARABLE_ML_EXCLUDED,1,1,0,0.0,0.0,0.0,-9.539999999999964,0.0,0.0,0.0,0.0,0.0,1160.9,0.0,0.0,,,,,,,,,,,,,,,,,,,,,,,,,,,,,,,,,,,,,,,,,,,,,,,,,,,,,,,,,,,,,,,,,,,,,,,,,,,,,,,,,,,,,,,,,,,,,,,,,,,,,,,,,,,,,,,,,,,,,,,,,,,,,,,,,,,,,,,,,,,,,,,,,,,,,,,,,,,,,,,,,,,,,,,,,,,,,,,,,,,,,,,,,,,,,,,,,,,,2026-07-14 13:03:02.206,1,MissingHistory,NoForecastRowsMaterialized"
"22735,66,66,10592,1,1426,SACO INDUSTRIAL,""3686"",""HIJOS DE JUAN PUJANTE, S.A."",José Mateos-Aparicio Martinez,,,,,,preserve current forecast,preserve current forecast,success,,NOT_COMPARABLE_MISSING_SCP_AND_ML,1,0,0,0.0,0.0,0.0,0.0,0.0,0.0,,,,,,,,,,,,,,,,,,,,,,,,,,,,,,,,,,,,,,,,,,,,,,,,,,,,,,,,,,,,,,,,,,,,,,,,,,,,,,,,,,,,,,,,,,,,,,,,,,,,,,,,,,,,,,,,,,,,,,,,,,,,,,,,,,,,,,,,,,,,,,,,,,,,,,,,,,,,,,,,,,,,,,,,,,,,,,,,,,,,,,,,,,,,,,,,,,,,,,,,,,2026-07-14 13:03:02.206,1,MissingHistory,NoForecastRowsMaterialized"
"22736,66,66,10592,1,1428,SACO INDUSTRIAL,""3686"",PAYAN HERMANOS,José Mateos-Aparicio Martinez,,,,,,preserve current forecast,preserve current forecast,success,,NOT_COMPARABLE_ML_EXCLUDED,1,1,0,0.0,0.0,0.0,0.0,0.0,0.0,0.0,0.0,0.0,5.9,0.0,0.0,,,,,,,,,,,,,,,,,,,,,,,,,,,,,,,,,,,,,,,,,,,,,,,,,,,,,,,,,,,,,,,,,,,,,,,,,,,,,,,,,,,,,,,,,,,,,,,,,,,,,,,,,,,,,,,,,,,,,,,,,,,,,,,,,,,,,,,,,,,,,,,,,,,,,,,,,,,,,,,,,,,,,,,,,,,,,,,,,,,,,,,,,,,,,,,,,,,,2026-07-14 13:03:02.206,1,MissingHistory,NoForecastRowsMaterialized"
"22737,66,66,10592,1,1461,SACO INDUSTRIAL,""3695"",DOLZ ESPAÑA,José Mateos-Aparicio Martinez,,,,,,preserve current forecast,preserve current forecast,success,,NOT_COMPARABLE_ML_EXCLUDED,1,1,0,0.0,0.0,0.0,33.0,0.0,0.0,14.8,0.0,0.0,17.5,0.0,0.0,,,,,,,,,,,,,,,,,,,,,,,,,,,,,,,,,,,,,,,,,,,,,,,,,,,,,,,,,,,,,,,,,,,,,,,,,,,,,,,,,,,,,,,,,,,,,,,,,,,,,,,,,,,,,,,,,,,,,,,,,,,,,,,,,,,,,,,,,,,,,,,,,,,,,,,,,,,,,,,,,,,,,,,,,,,,,,,,,,,,,,,,,,,,,,,,,,,,2026-07-14 13:03:02.206,1,MissingHistory,"
"22738,66,66,10592,1,1476,SACO INDUSTRIAL,""3700"",UVESA,José Mateos-Aparicio Martinez,,MovingAverage3M,intermittent_insuficient,intermittent_insuficient_insuficient,insuficient,seasonal discrete,seasonal discrete,success,intermittent_insuficient,COMPARABLE,1,1,1,15.0,36.0,36.0,15.0,15.0,0.0,36.0,0.0,0.0,42.0,0.0,0.0,10.0,10.0,10.0,48.5,0.0,0.0,21.0,-36.0,-36.0,27.0,-15.0,0.0,-5.0,-26.0,-26.0,33.5,-15.0,0.0,21.0,36.0,36.0,27.0,15.0,0.0,5.0,26.0,26.0,33.5,15.0,0.0,441.0,1296.0,1296.0,729.0,225.0,0.0,25.0,676.0,676.0,1122.25,225.0,0.0,1,1,1,1,1,0,21.0,36.0,36.0,27.0,15.0,,5.0,26.0,26.0,33.5,15.0,,21.0,36.0,36.0,27.0,15.0,,5.0,26.0,26.0,33.5,15.0,,1.4,1.0,1.0,1.8,1.0,,0.3333333333333333,0.7222222222222222,0.7222222222222222,2.2333333333333334,1.0,,1.4,-1.0,-1.0,1.8,-1.0,,-0.3333333333333333,-0.7222222222222222,-0.7222222222222222,2.2333333333333334,-1.0,,ML,ML,ML,SCP,TIE,,MovingAverage3M,MovingAverage3M,MovingAverage3M,seasonal discrete,,,SCP,SCP,SCP,ML,,,seasonal discrete,seasonal discrete,seasonal discrete,MovingAverage3M,,,76.1904761904762,27.77777777777778,27.77777777777778,19.402985074626866,0.0,,30.0,42.0,48.5,12.0,18.5,42.0,48.5,954.0,1347.25,2,21.0,24.25,21.840329667841555,25.95428673649114,1.4,1.6166666666666667,0.4,0.6166666666666667,SCP,seasonal discrete,ML,MovingAverage3M,13.40206185567011,87.0,36.0,30.0,-51.0,-57.0,93.0,57.0,3033.0,1377.0,3,31.0,19.0,31.796226191169293,21.42428528562855,1.0689655172413792,0.6551724137931034,-0.5862068965517241,-0.6551724137931034,ML,MovingAverage3M,SCP,seasonal discrete,38.70967741935484,117.0,78.0,78.5,-39.0,-38.5,135.0,105.5,3987.0,2724.25,5,27.0,21.1,28.23827190180022,23.3420221917468,1.1538461538461537,0.9017094017094017,-0.3333333333333333,-0.32905982905982906,ML,MovingAverage3M,SCP,seasonal discrete,21.851851851851844,2026-07-14 13:03:02.206,0,,"
"22739,66,66,10592,1,1545,UNYKOS,""2537"",VEGALSA,Enrique Malonda Escriva,,,,,,preserve current forecast,preserve current forecast,success,,NOT_COMPARABLE_ML_EXCLUDED,1,1,0,0.0,0.0,0.0,0.0,67200.0,0.0,67200.0,0.0,0.0,0.0,67200.0,0.0,,,,,,,,,,,,,,,,,,,,,,,,,,,,,,,,,,,,,,,,,,,,,,,,,,,,,,,,,,,,,,,,,,,,,,,,,,,,,,,,,,,,,,,,,,,,,,,,,,,,,,,,,,,,,,,,,,,,,,,,,,,,,,,,,,,,,,,,,,,,,,,,,,,,,,,,,,,,,,,,,,,,,,,,,,,,,,,,,,,,,,,,,,,,,,,,,,,,2026-07-14 13:03:02.206,1,MissingHistory,"
"22740,66,66,10592,1,1660,UNYKOS,""2537"","""",(Sin Definir) (Sin Definir),,,,,,preserve current forecast,preserve current forecast,success,,NOT_COMPARABLE_MISSING_SCP_AND_ML,1,0,0,0.0,0.0,96.0,0.0,0.0,0.0,,,,,,,,,,,,,,,,,,,,,,,,,,,,,,,,,,,,,,,,,,,,,,,,,,,,,,,,,,,,,,,,,,,,,,,,,,,,,,,,,,,,,,,,,,,,,,,,,,,,,,,,,,,,,,,,,,,,,,,,,,,,,,,,,,,,,,,,,,,,,,,,,,,,,,,,,,,,,,,,,,,,,,,,,,,,,,,,,,,,,,,,,,,,,,,,,,,,,,,,,,2026-07-14 13:03:02.206,1,MissingHistory,NoForecastRowsMaterialized"
"22741,66,66,10592,1,2497,CONSUMIBLES DOMESTICOS,""2674"",TOSSALS SERVICIOS INTEGRALES - BP,VICENT  FENOLLAR SOLER,,,,,,preserve current forecast,preserve current forecast,success,,NOT_COMPARABLE_MISSING_SCP_AND_ML,1,0,0,0.0,0.0,0.0,0.0,0.0,0.0,,,,,,,,,,,,,,,,,,,,,,,,,,,,,,,,,,,,,,,,,,,,,,,,,,,,,,,,,,,,,,,,,,,,,,,,,,,,,,,,,,,,,,,,,,,,,,,,,,,,,,,,,,,,,,,,,,,,,,,,,,,,,,,,,,,,,,,,,,,,,,,,,,,,,,,,,,,,,,,,,,,,,,,,,,,,,,,,,,,,,,,,,,,,,,,,,,,,,,,,,,2026-07-14 13:03:02.206,1,MissingHistory,NoForecastRowsMaterialized"
