"ID,""ID_BATCH"",""ID_RUN_STAGING"",""ID_CLIENT"",""SOURCE_RUN_ID"",""ID_CONFIGURATION"",""VALUE_LEVEL_1"",""VALUE_LEVEL_2"",""VALUE_LEVEL_3"",""VALUE_LEVEL_4"",""VALUE_LEVEL_5"",""ML_BEST_MODEL"",""ML_CLASSIFICATION"",""ML_TYPE"",""ML_STATUS"",""SCP_BEST_MODEL"",""SCP_CLASSIFICATION"",""SCP_STATUS"",""SERIES_CLASSIFICATION"",""COMPARISON_STATUS"",""HAS_BASE_CANDIDATE"",""HAS_SCP_CALCULATED"",""HAS_ML_CALCULATED"",""HISTORY_M1"",""HISTORY_M2"",""HISTORY_M3"",""HISTORY_M4"",""HISTORY_M5"",""HISTORY_M6"",""SCP_FORECAST_M1"",""SCP_FORECAST_M2"",""SCP_FORECAST_M3"",""SCP_FORECAST_M4"",""SCP_FORECAST_M5"",""SCP_FORECAST_M6"",""ML_FORECAST_M1"",""ML_FORECAST_M2"",""ML_FORECAST_M3"",""ML_FORECAST_M4"",""ML_FORECAST_M5"",""ML_FORECAST_M6"",""SCP_SIGNED_ERROR_M1"",""SCP_SIGNED_ERROR_M2"",""SCP_SIGNED_ERROR_M3"",""SCP_SIGNED_ERROR_M4"",""SCP_SIGNED_ERROR_M5"",""SCP_SIGNED_ERROR_M6"",""ML_SIGNED_ERROR_M1"",""ML_SIGNED_ERROR_M2"",""ML_SIGNED_ERROR_M3"",""ML_SIGNED_ERROR_M4"",""ML_SIGNED_ERROR_M5"",""ML_SIGNED_ERROR_M6"",""SCP_ABS_ERROR_M1"",""SCP_ABS_ERROR_M2"",""SCP_ABS_ERROR_M3"",""SCP_ABS_ERROR_M4"",""SCP_ABS_ERROR_M5"",""SCP_ABS_ERROR_M6"",""ML_ABS_ERROR_M1"",""ML_ABS_ERROR_M2"",""ML_ABS_ERROR_M3"",""ML_ABS_ERROR_M4"",""ML_ABS_ERROR_M5"",""ML_ABS_ERROR_M6"",""SCP_SQUARED_ERROR_M1"",""SCP_SQUARED_ERROR_M2"",""SCP_SQUARED_ERROR_M3"",""SCP_SQUARED_ERROR_M4"",""SCP_SQUARED_ERROR_M5"",""SCP_SQUARED_ERROR_M6"",""ML_SQUARED_ERROR_M1"",""ML_SQUARED_ERROR_M2"",""ML_SQUARED_ERROR_M3"",""ML_SQUARED_ERROR_M4"",""ML_SQUARED_ERROR_M5"",""ML_SQUARED_ERROR_M6"",""POSITIVE_HISTORY_MONTH_COUNT_M1"",""POSITIVE_HISTORY_MONTH_COUNT_M2"",""POSITIVE_HISTORY_MONTH_COUNT_M3"",""POSITIVE_HISTORY_MONTH_COUNT_M4"",""POSITIVE_HISTORY_MONTH_COUNT_M5"",""POSITIVE_HISTORY_MONTH_COUNT_M6"",""SCP_MAE_M1"",""SCP_MAE_M2"",""SCP_MAE_M3"",""SCP_MAE_M4"",""SCP_MAE_M5"",""SCP_MAE_M6"",""ML_MAE_M1"",""ML_MAE_M2"",""ML_MAE_M3"",""ML_MAE_M4"",""ML_MAE_M5"",""ML_MAE_M6"",""SCP_RMSE_M1"",""SCP_RMSE_M2"",""SCP_RMSE_M3"",""SCP_RMSE_M4"",""SCP_RMSE_M5"",""SCP_RMSE_M6"",""ML_RMSE_M1"",""ML_RMSE_M2"",""ML_RMSE_M3"",""ML_RMSE_M4"",""ML_RMSE_M5"",""ML_RMSE_M6"",""SCP_WAPE_M1"",""SCP_WAPE_M2"",""SCP_WAPE_M3"",""SCP_WAPE_M4"",""SCP_WAPE_M5"",""SCP_WAPE_M6"",""ML_WAPE_M1"",""ML_WAPE_M2"",""ML_WAPE_M3"",""ML_WAPE_M4"",""ML_WAPE_M5"",""ML_WAPE_M6"",""SCP_BIAS_M1"",""SCP_BIAS_M2"",""SCP_BIAS_M3"",""SCP_BIAS_M4"",""SCP_BIAS_M5"",""SCP_BIAS_M6"",""ML_BIAS_M1"",""ML_BIAS_M2"",""ML_BIAS_M3"",""ML_BIAS_M4"",""ML_BIAS_M5"",""ML_BIAS_M6"",""WINNER_METHOD_M1"",""WINNER_METHOD_M2"",""WINNER_METHOD_M3"",""WINNER_METHOD_M4"",""WINNER_METHOD_M5"",""WINNER_METHOD_M6"",""WINNER_MODEL_M1"",""WINNER_MODEL_M2"",""WINNER_MODEL_M3"",""WINNER_MODEL_M4"",""WINNER_MODEL_M5"",""WINNER_MODEL_M6"",""FINALIST_METHOD_M1"",""FINALIST_METHOD_M2"",""FINALIST_METHOD_M3"",""FINALIST_METHOD_M4"",""FINALIST_METHOD_M5"",""FINALIST_METHOD_M6"",""FINALIST_MODEL_M1"",""FINALIST_MODEL_M2"",""FINALIST_MODEL_M3"",""FINALIST_MODEL_M4"",""FINALIST_MODEL_M5"",""FINALIST_MODEL_M6"",""WINNER_IMPROVEMENT_PCT_M1"",""WINNER_IMPROVEMENT_PCT_M2"",""WINNER_IMPROVEMENT_PCT_M3"",""WINNER_IMPROVEMENT_PCT_M4"",""WINNER_IMPROVEMENT_PCT_M5"",""WINNER_IMPROVEMENT_PCT_M6"",""TOTAL_HISTORY_OLDER_3M"",""SCP_TOTAL_FORECAST_OLDER_3M"",""ML_TOTAL_FORECAST_OLDER_3M"",""SCP_TOTAL_SIGNED_ERROR_OLDER_3M"",""ML_TOTAL_SIGNED_ERROR_OLDER_3M"",""SCP_TOTAL_ABS_ERROR_OLDER_3M"",""ML_TOTAL_ABS_ERROR_OLDER_3M"",""SCP_TOTAL_SQUARED_ERROR_OLDER_3M"",""ML_TOTAL_SQUARED_ERROR_OLDER_3M"",""POSITIVE_HISTORY_MONTH_COUNT_OLDER_3M"",""SCP_MAE_OLDER_3M"",""ML_MAE_OLDER_3M"",""SCP_RMSE_OLDER_3M"",""ML_RMSE_OLDER_3M"",""SCP_WAPE_OLDER_3M"",""ML_WAPE_OLDER_3M"",""SCP_BIAS_OLDER_3M"",""ML_BIAS_OLDER_3M"",""WINNER_METHOD_OLDER_3M"",""WINNER_MODEL_OLDER_3M"",""FINALIST_METHOD_OLDER_3M"",""FINALIST_MODEL_OLDER_3M"",""WINNER_IMPROVEMENT_PCT_OLDER_3M"",""TOTAL_HISTORY_RECENT_3M"",""SCP_TOTAL_FORECAST_RECENT_3M"",""ML_TOTAL_FORECAST_RECENT_3M"",""SCP_TOTAL_SIGNED_ERROR_RECENT_3M"",""ML_TOTAL_SIGNED_ERROR_RECENT_3M"",""SCP_TOTAL_ABS_ERROR_RECENT_3M"",""ML_TOTAL_ABS_ERROR_RECENT_3M"",""SCP_TOTAL_SQUARED_ERROR_RECENT_3M"",""ML_TOTAL_SQUARED_ERROR_RECENT_3M"",""POSITIVE_HISTORY_MONTH_COUNT_RECENT_3M"",""SCP_MAE_RECENT_3M"",""ML_MAE_RECENT_3M"",""SCP_RMSE_RECENT_3M"",""ML_RMSE_RECENT_3M"",""SCP_WAPE_RECENT_3M"",""ML_WAPE_RECENT_3M"",""SCP_BIAS_RECENT_3M"",""ML_BIAS_RECENT_3M"",""WINNER_METHOD_RECENT_3M"",""WINNER_MODEL_RECENT_3M"",""FINALIST_METHOD_RECENT_3M"",""FINALIST_MODEL_RECENT_3M"",""WINNER_IMPROVEMENT_PCT_RECENT_3M"",""TOTAL_HISTORY_6M"",""SCP_TOTAL_FORECAST_6M"",""ML_TOTAL_FORECAST_6M"",""SCP_TOTAL_SIGNED_ERROR_6M"",""ML_TOTAL_SIGNED_ERROR_6M"",""SCP_TOTAL_ABS_ERROR_6M"",""ML_TOTAL_ABS_ERROR_6M"",""SCP_TOTAL_SQUARED_ERROR_6M"",""ML_TOTAL_SQUARED_ERROR_6M"",""POSITIVE_HISTORY_MONTH_COUNT_6M"",""SCP_MAE_6M"",""ML_MAE_6M"",""SCP_RMSE_6M"",""ML_RMSE_6M"",""SCP_WAPE_6M"",""ML_WAPE_6M"",""SCP_BIAS_6M"",""ML_BIAS_6M"",""WINNER_METHOD_6M"",""WINNER_MODEL_6M"",""FINALIST_METHOD_6M"",""FINALIST_MODEL_6M"",""WINNER_IMPROVEMENT_PCT_6M"",""COPIED_AT"",""HAS_ML_EXCLUDED"",""ML_EXCLUSION_REASON"",""SCP_NO_OUTPUT_REASON"""
"10225,63,62,10467,1,20,""MERCADONA, 1073 VITORIA FRIO"",""326"",,,,SeasonalNaive,smooth_acceptable,smooth_acceptable_acceptable,acceptable,x11 lineal,x11 lineal,success,smooth_acceptable,COMPARABLE,1,1,1,11070.0,11358.0,10092.0,11286.0,9498.0,10674.0,10523.0,10798.0,10348.0,10672.0,10240.0,10777.0,10832.0,11232.0,10176.0,10848.0,9840.0,11216.0,-547.0,-560.0,256.0,-614.0,742.0,103.0,-238.0,-126.0,84.0,-438.0,342.0,542.0,547.0,560.0,256.0,614.0,742.0,103.0,238.0,126.0,84.0,438.0,342.0,542.0,299209.0,313600.0,65536.0,376996.0,550564.0,10609.0,56644.0,15876.0,7056.0,191844.0,116964.0,293764.0,1,1,1,1,1,1,547.0,560.0,256.0,614.0,742.0,103.0,238.0,126.0,84.0,438.0,342.0,542.0,547.0,560.0,256.0,614.0,742.0,103.0,238.0,126.0,84.0,438.0,342.0,542.0,0.04941282746160795,0.049304455009684806,0.02536662703131193,0.05440368598263335,0.07812170983364919,0.00964961588907626,0.02149954832881662,0.011093502377179081,0.008323424494649227,0.03880914407230197,0.036007580543272265,0.05077759040659546,-0.04941282746160795,-0.049304455009684806,0.02536662703131193,-0.05440368598263335,0.07812170983364919,0.00964961588907626,-0.02149954832881662,-0.011093502377179081,0.008323424494649227,-0.03880914407230197,0.036007580543272265,0.05077759040659546,ML,ML,ML,ML,ML,SCP,SeasonalNaive,SeasonalNaive,SeasonalNaive,SeasonalNaive,SeasonalNaive,x11 lineal,SCP,SCP,SCP,SCP,SCP,ML,x11 lineal,x11 lineal,x11 lineal,x11 lineal,x11 lineal,SeasonalNaive,56.48994515539306,77.49999999999999,67.1875,28.664495114006517,53.90835579514825,80.99630996309963,31458.0,31689.0,31904.0,231.0,446.0,1459.0,1322.0,938169.0,602572.0,3,486.3333333333333,440.6666666666667,559.216416068055,448.1710982798125,0.04637929938330473,0.04202428635005404,0.007343124165554072,0.014177633670290546,ML,SeasonalNaive,SCP,x11 lineal,9.389993145990406,32520.0,31669.0,32240.0,-851.0,-280.0,1363.0,448.0,678345.0,79576.0,3,454.3333333333333,149.33333333333334,475.51550973653843,162.86599808840805,0.04191266912669127,0.013776137761377615,-0.02616851168511685,-0.008610086100861008,ML,SeasonalNaive,SCP,x11 lineal,67.13132795304475,63978.0,63358.0,64144.0,-620.0,166.0,2822.0,1770.0,1616514.0,682148.0,6,470.3333333333333,295.0,519.0558736783546,337.1814546106196,0.04410891243865079,0.027665760105036106,-0.009690831223232986,0.0025946419081559285,ML,SeasonalNaive,SCP,x11 lineal,37.278525868178605,2026-07-11 12:55:22.869,0,,"
"10226,63,62,10467,1,21,""MERCADONA, 1003 ZGZ PEREC"",""351"",,,,AutoARIMA,smooth_acceptable,smooth_acceptable_acceptable,acceptable,x11 lineal,x11 lineal,success,smooth_acceptable,NOT_COMPARABLE_NO_HISTORY,1,1,1,0.0,0.0,0.0,0.0,0.0,0.0,0.0,32.0,0.0,195.0,188.0,340.0,0.0,0.0,0.0,0.0,0.0,0.0,,,,,,,,,,,,,,,,,,,,,,,,,,,,,,,,,,,,,,,,,,,,,,,,,,,,,,,,,,,,,,,,,,,,,,,,,,,,,,,,,,,,,,,,,,,,,,,,,,,,,,,,,,,,,,,,,,,,,,,,,,,,,,,,,,,,,,,,,,,,,,,,,,,,,,,,,,,,,,,,,,,,,,,,,,,,,,,,,,,,,,,,,,,,,,2026-07-11 12:55:22.869,0,,"
"10227,63,62,10467,1,22,""MERCADONA, 0963 INGENIO"",""327"",,,,AutoARIMA,smooth_acceptable,smooth_acceptable_acceptable,acceptable,x11 lineal,x11 lineal,success,smooth_acceptable,NOT_COMPARABLE_NO_HISTORY,1,1,1,0.0,0.0,0.0,0.0,0.0,0.0,1038.0,1572.0,1806.0,8120.0,7630.0,7770.0,0.0,0.0,0.0,7477.0,6688.0,7138.0,,,,,,,,,,,,,,,,,,,,,,,,,,,,,,,,,,,,,,,,,,,,,,,,,,,,,,,,,,,,,,,,,,,,,,,,,,,,,,,,,,,,,,,,,,,,,,,,,,,,,,,,,,,,,,,,,,,,,,,,,,,,,,,,,,,,,,,,,,,,,,,,,,,,,,,,,,,,,,,,,,,,,,,,,,,,,,,,,,,,,,,,,,,,,,2026-07-11 12:55:22.869,0,,"
"10228,63,62,10467,1,23,""MERCADONA, 927 CIEMPOZUEL"",""437"",,,,HistoricAverage,intermittent_newRelease,intermittent_newRelease_newRelease,newRelease,syntetos-boylan,syntetos-boylan,success,intermittent_newRelease,COMPARABLE,1,1,1,0.0,0.0,0.0,0.0,13440.0,14976.0,6153.0,6154.0,6153.0,3736.0,3736.0,3736.0,0.0,0.0,0.0,8038.0,8038.0,8038.0,6153.0,6154.0,6153.0,3736.0,-9704.0,-11240.0,0.0,0.0,0.0,8038.0,-5402.0,-6938.0,6153.0,6154.0,6153.0,3736.0,9704.0,11240.0,0.0,0.0,0.0,8038.0,5402.0,6938.0,37859409,37871716,37859409,13957696,94167616,126337600,0.0,0.0,0.0,64609444,29181604,48135844,0,0,0,0,1,1,,,,,9704.0,11240.0,,,,,5402.0,6938.0,,,,,9704.0,11240.0,,,,,5402.0,6938.0,,,,,0.7220238095238095,0.750534188034188,,,,,0.4019345238095238,0.46327457264957267,,,,,-0.7220238095238095,-0.750534188034188,,,,,-0.4019345238095238,-0.46327457264957267,,,,,ML,ML,,,,,HistoricAverage,HistoricAverage,,,,,SCP,SCP,,,,,syntetos-boylan,syntetos-boylan,,,,,44.33223413025556,38.27402135231316,28416.0,11208.0,24114.0,-17208.0,-4302.0,24680.0,20378.0,234462912,141926892,2,12340.0,10189.0,10827.347597634427,8423.980413082641,0.8685247747747747,0.7171311936936937,-0.6055743243243243,-0.15139358108108109,ML,HistoricAverage,SCP,syntetos-boylan,17.43111831442463,0.0,18460.0,0.0,18460.0,0.0,18460.0,0.0,113590534,0.0,0,,,,,,,,,,,,,,28416.0,29668.0,24114.0,1252.0,-4302.0,43140.0,20378.0,348053446,141926892,2,21570.0,10189.0,13191.918852085166,8423.980413082641,1.5181587837837838,0.7171311936936937,0.044059684684684686,-0.15139358108108109,ML,HistoricAverage,SCP,syntetos-boylan,52.763096893834025,2026-07-11 12:55:22.869,0,,"
"10229,63,62,10467,1,24,""MERCADONA, 1105 PARC SAGU"",""418"",,,,AutoARIMA,smooth_acceptable,smooth_acceptable_acceptable,acceptable,x11 lineal,x11 lineal,success,smooth_acceptable,COMPARABLE,1,1,1,27432.0,28128.0,26352.0,30000.0,23568.0,29856.0,15976.0,23967.0,24879.0,30058.0,32311.0,37378.0,31007.0,29198.0,30500.0,28698.0,28697.0,28698.0,-11456.0,-4161.0,-1473.0,58.0,8743.0,7522.0,3575.0,1070.0,4148.0,-1302.0,5129.0,-1158.0,11456.0,4161.0,1473.0,58.0,8743.0,7522.0,3575.0,1070.0,4148.0,1302.0,5129.0,1158.0,131239936,17313921,2169729.0,3364.0,76440049,56580484,12780625,1144900.0,17205904,1695204.0,26306641,1340964.0,1,1,1,1,1,1,11456.0,4161.0,1473.0,58.0,8743.0,7522.0,3575.0,1070.0,4148.0,1302.0,5129.0,1158.0,11456.0,4161.0,1473.0,58.0,8743.0,7522.0,3575.0,1070.0,4148.0,1302.0,5129.0,1158.0,0.41761446485855935,0.14793088737201365,0.05589708561020036,0.0019333333333333333,0.37096911065852,0.25194265809217575,0.1303222513852435,0.03804038680318544,0.1574074074074074,0.0434,0.2176255940257977,0.038786173633440515,-0.41761446485855935,-0.14793088737201365,-0.05589708561020036,0.0019333333333333333,0.37096911065852,0.25194265809217575,0.1303222513852435,0.03804038680318544,0.1574074074074074,-0.0434,0.2176255940257977,-0.038786173633440515,ML,ML,SCP,SCP,ML,ML,AutoARIMA,AutoARIMA,x11 lineal,x11 lineal,AutoARIMA,AutoARIMA,SCP,SCP,ML,ML,SCP,SCP,x11 lineal,x11 lineal,AutoARIMA,AutoARIMA,x11 lineal,x11 lineal,68.79364525139665,74.28502763758712,64.48891031822566,95.5453149001536,41.33592588356399,84.6051582026057,83424.0,99747.0,86093.0,16323.0,2669.0,16323.0,7589.0,133023897,29342809,3,5441.0,2529.6666666666665,6658.92626479675,3127.448853831719,0.19566311852704257,0.09096902570003836,0.19566311852704257,0.03199319140774837,ML,AutoARIMA,SCP,x11 lineal,53.5073209581572,81912.0,64822.0,90705.0,-17090.0,8793.0,17090.0,8793.0,150723586,31131429,3,5696.666666666667,2931.0,7088.10237886935,3221.357322620389,0.2086385389198164,0.1073469088778201,-0.2086385389198164,0.1073469088778201,ML,AutoARIMA,SCP,x11 lineal,48.54885898186075,165336.0,164569.0,176798.0,-767.0,11462.0,33413.0,16382.0,283747483,60474238,6,5568.833333333333,2730.3333333333335,6876.863177835274,3174.7503313909056,0.20209149852421734,0.0990830793051725,-0.004639038080030967,0.06932549475008468,ML,AutoARIMA,SCP,x11 lineal,50.971178882470895,2026-07-11 12:55:22.869,0,,"
"10230,63,62,10467,1,25,""MERCADONA, 1105 PARC SAGU"",""318"",,,,AutoARIMA,smooth_acceptable,smooth_acceptable_acceptable,acceptable,x11 lineal,x11 lineal,success,smooth_acceptable,COMPARABLE,1,1,1,4752.0,5496.0,5568.0,6144.0,5376.0,6744.0,3722.0,4453.0,4934.0,6438.0,6496.0,7923.0,4717.0,5239.0,5492.0,4930.0,5578.0,5975.0,-1030.0,-1043.0,-634.0,294.0,1120.0,1179.0,-35.0,-257.0,-76.0,-1214.0,202.0,-769.0,1030.0,1043.0,634.0,294.0,1120.0,1179.0,35.0,257.0,76.0,1214.0,202.0,769.0,1060900.0,1087849.0,401956.0,86436.0,1254400.0,1390041.0,1225.0,66049.0,5776.0,1473796.0,40804.0,591361.0,1,1,1,1,1,1,1030.0,1043.0,634.0,294.0,1120.0,1179.0,35.0,257.0,76.0,1214.0,202.0,769.0,1030.0,1043.0,634.0,294.0,1120.0,1179.0,35.0,257.0,76.0,1214.0,202.0,769.0,0.21675084175084175,0.18977438136826782,0.11386494252873564,0.0478515625,0.20833333333333334,0.1748220640569395,0.007365319865319866,0.04676128093158661,0.013649425287356323,0.19759114583333334,0.03757440476190476,0.11402728351126927,-0.21675084175084175,-0.18977438136826782,-0.11386494252873564,0.0478515625,0.20833333333333334,0.1748220640569395,-0.007365319865319866,-0.04676128093158661,-0.013649425287356323,-0.19759114583333334,0.03757440476190476,-0.11402728351126927,ML,ML,ML,SCP,ML,ML,AutoARIMA,AutoARIMA,AutoARIMA,x11 lineal,AutoARIMA,AutoARIMA,SCP,SCP,SCP,ML,SCP,SCP,x11 lineal,x11 lineal,x11 lineal,AutoARIMA,x11 lineal,x11 lineal,96.60194174757282,75.35953978907,88.01261829652996,75.7825370675453,81.96428571428571,34.7752332485157,18264.0,20857.0,16483.0,2593.0,-1781.0,2593.0,2185.0,2730877.0,2105961.0,3,864.3333333333334,728.3333333333334,954.0924134135714,837.8466446790844,0.14197328077091545,0.11963425317564608,0.14197328077091545,-0.09751423565484012,ML,AutoARIMA,SCP,x11 lineal,15.734670266101036,15816.0,13109.0,15448.0,-2707.0,-368.0,2707.0,368.0,2550705.0,73050.0,3,902.3333333333334,122.66666666666667,922.0818835656626,156.04486534327236,0.17115579160343955,0.02326757713707638,-0.17115579160343955,-0.02326757713707638,ML,AutoARIMA,SCP,x11 lineal,86.40561507203546,34080.0,33966.0,31931.0,-114.0,-2149.0,5300.0,2553.0,5281582.0,2179011.0,6,883.3333333333334,425.5,938.2236762449915,602.634632260709,0.15551643192488263,0.07491197183098591,-0.003345070422535211,-0.0630575117370892,ML,AutoARIMA,SCP,x11 lineal,51.83018867924528,2026-07-11 12:55:22.869,0,,"
"10231,63,62,10467,1,26,""MERCADONA, 1025 GUADIX FR"",""455"",,,,,,,,preserve current forecast,preserve current forecast,success,,NOT_COMPARABLE_MISSING_SCP_AND_ML,1,0,0,0.0,0.0,0.0,0.0,0.0,0.0,,,,,,,,,,,,,,,,,,,,,,,,,,,,,,,,,,,,,,,,,,,,,,,,,,,,,,,,,,,,,,,,,,,,,,,,,,,,,,,,,,,,,,,,,,,,,,,,,,,,,,,,,,,,,,,,,,,,,,,,,,,,,,,,,,,,,,,,,,,,,,,,,,,,,,,,,,,,,,,,,,,,,,,,,,,,,,,,,,,,,,,,,,,,,,,,,,,,,,,,,,2026-07-11 12:55:22.869,1,MissingHistory,NoForecastRowsMaterialized"
"10232,63,62,10467,1,27,""MERCADONA, 1041 ABRERA FR"",""351"",,,,,,,,preserve current forecast,preserve current forecast,success,,NOT_COMPARABLE_MISSING_SCP_AND_ML,1,0,0,0.0,0.0,0.0,0.0,0.0,0.0,,,,,,,,,,,,,,,,,,,,,,,,,,,,,,,,,,,,,,,,,,,,,,,,,,,,,,,,,,,,,,,,,,,,,,,,,,,,,,,,,,,,,,,,,,,,,,,,,,,,,,,,,,,,,,,,,,,,,,,,,,,,,,,,,,,,,,,,,,,,,,,,,,,,,,,,,,,,,,,,,,,,,,,,,,,,,,,,,,,,,,,,,,,,,,,,,,,,,,,,,,2026-07-11 12:55:22.869,1,MissingHistory,NoForecastRowsMaterialized"
"10233,63,62,10467,1,28,""MERCADONA, 1003 ZGZ PEREC"",""437"",,,,HistoricAverage,intermittent_newRelease,intermittent_newRelease_newRelease,newRelease,syntetos-boylan,syntetos-boylan,success,intermittent_newRelease,COMPARABLE,1,1,1,0.0,0.0,0.0,0.0,4136.0,4728.0,1900.0,1899.0,1900.0,856.0,856.0,856.0,0.0,0.0,0.0,2430.0,2430.0,2430.0,1900.0,1899.0,1900.0,856.0,-3280.0,-3872.0,0.0,0.0,0.0,2430.0,-1706.0,-2298.0,1900.0,1899.0,1900.0,856.0,3280.0,3872.0,0.0,0.0,0.0,2430.0,1706.0,2298.0,3610000.0,3606201.0,3610000.0,732736.0,10758400,14992384,0.0,0.0,0.0,5904900.0,2910436.0,5280804.0,0,0,0,0,1,1,,,,,3280.0,3872.0,,,,,1706.0,2298.0,,,,,3280.0,3872.0,,,,,1706.0,2298.0,,,,,0.793036750483559,0.8189509306260575,,,,,0.41247582205029015,0.4860406091370558,,,,,-0.793036750483559,-0.8189509306260575,,,,,-0.41247582205029015,-0.4860406091370558,,,,,ML,ML,,,,,HistoricAverage,HistoricAverage,,,,,SCP,SCP,,,,,syntetos-boylan,syntetos-boylan,,,,,47.98780487804878,40.65082644628099,8864.0,2568.0,7290.0,-6296.0,-1574.0,8008.0,6434.0,26483520,14096140,2,4004.0,3217.0,3638.922917567779,2654.820144567236,0.9034296028880866,0.7258574007220217,-0.7102888086642599,-0.17757220216606498,ML,HistoricAverage,SCP,syntetos-boylan,19.655344655344653,0.0,5699.0,0.0,5699.0,0.0,5699.0,0.0,10826201,0.0,0,,,,,,,,,,,,,,8864.0,8267.0,7290.0,-597.0,-1574.0,13707.0,6434.0,37309721,14096140,2,6853.5,3217.0,4319.127284533301,2654.820144567236,1.5463673285198556,0.7258574007220217,-0.06735108303249097,-0.17757220216606498,ML,HistoricAverage,SCP,syntetos-boylan,53.060480046691474,2026-07-11 12:55:22.869,0,,"
"10234,63,62,10467,1,29,""MERCADONA, 1003 ZGZ PEREC"",""334"",,,,MovingAverage12M,smooth_acceptable,smooth_acceptable_acceptable,acceptable,x11 lineal,x11 lineal,success,smooth_acceptable,COMPARABLE,1,1,1,20928.0,26144.0,24496.0,29136.0,24096.0,28096.0,27060.0,27989.0,24963.0,24168.0,23805.0,26290.0,24959.0,24958.0,24959.0,26811.0,27254.0,28660.0,6132.0,1845.0,467.0,-4968.0,-291.0,-1806.0,4031.0,-1186.0,463.0,-2325.0,3158.0,564.0,6132.0,1845.0,467.0,4968.0,291.0,1806.0,4031.0,1186.0,463.0,2325.0,3158.0,564.0,37601424,3404025.0,218089.0,24681024,84681.0,3261636.0,16248961,1406596.0,214369.0,5405625.0,9972964.0,318096.0,1,1,1,1,1,1,6132.0,1845.0,467.0,4968.0,291.0,1806.0,4031.0,1186.0,463.0,2325.0,3158.0,564.0,6132.0,1845.0,467.0,4968.0,291.0,1806.0,4031.0,1186.0,463.0,2325.0,3158.0,564.0,0.2930045871559633,0.07057068543451653,0.019064337034617896,0.17051070840197693,0.012076693227091633,0.06427961275626423,0.19261276758409787,0.0453641370869033,0.018901045068582627,0.0797981878088962,0.13105909694555112,0.020074031890660593,0.2930045871559633,0.07057068543451653,0.019064337034617896,-0.17051070840197693,-0.012076693227091633,-0.06427961275626423,0.19261276758409787,-0.0453641370869033,0.018901045068582627,-0.0797981878088962,0.13105909694555112,0.020074031890660593,ML,ML,ML,ML,SCP,ML,MovingAverage12M,MovingAverage12M,MovingAverage12M,MovingAverage12M,x11 lineal,MovingAverage12M,SCP,SCP,SCP,SCP,ML,SCP,x11 lineal,x11 lineal,x11 lineal,x11 lineal,MovingAverage12M,x11 lineal,34.262883235485965,35.718157181571826,0.8565310492505224,53.20048309178744,90.78530715642812,68.77076411960132,81328.0,74263.0,82725.0,-7065.0,1397.0,7065.0,6047.0,28027341,15696685,3,2355.0,2015.6666666666667,3056.5416731986497,2287.406464390038,0.08687045052134566,0.07435323627778871,-0.08687045052134566,0.01717735589218965,ML,MovingAverage12M,SCP,x11 lineal,14.409058740268927,71568.0,80012.0,74876.0,8444.0,3308.0,8444.0,5680.0,41223538,17869926,3,2814.6666666666665,1893.3333333333333,3706.9096742884544,2440.6232810493307,0.1179856919293539,0.07936507936507936,0.1179856919293539,0.04622177509501453,ML,MovingAverage12M,SCP,x11 lineal,32.73330175272383,152896.0,154275.0,157601.0,1379.0,4705.0,15509.0,11727.0,69250879,33566611,6,2584.8333333333335,1954.5,3397.324412926541,2365.2558353519958,0.10143496232733361,0.07669919422352449,0.00901920259522813,0.030772551276684806,ML,MovingAverage12M,SCP,x11 lineal,24.385840479721445,2026-07-11 12:55:22.869,0,,"
"10235,63,62,10467,1,30,""MERCADONA, 939 S.SADURNI"",""322"",,,,AutoARIMA,smooth_acceptable,smooth_acceptable_acceptable,acceptable,x11 seasonal,x11 seasonal,success,smooth_acceptable,COMPARABLE,1,1,1,19385.0,22651.0,23112.0,26028.0,22698.0,22878.0,21542.0,23437.0,24309.0,24538.0,22203.0,21966.0,22323.0,24606.0,26156.0,24174.0,23526.0,23310.0,2157.0,786.0,1197.0,-1490.0,-495.0,-912.0,2938.0,1955.0,3044.0,-1854.0,828.0,432.0,2157.0,786.0,1197.0,1490.0,495.0,912.0,2938.0,1955.0,3044.0,1854.0,828.0,432.0,4652649.0,617796.0,1432809.0,2220100.0,245025.0,831744.0,8631844.0,3822025.0,9265936.0,3437316.0,685584.0,186624.0,1,1,1,1,1,1,2157.0,786.0,1197.0,1490.0,495.0,912.0,2938.0,1955.0,3044.0,1854.0,828.0,432.0,2157.0,786.0,1197.0,1490.0,495.0,912.0,2938.0,1955.0,3044.0,1854.0,828.0,432.0,0.11127160175393346,0.03470045472606066,0.05179127725856698,0.05724604272322115,0.021808088818398096,0.03986362444269604,0.15156048491101368,0.0863096552028608,0.13170647282796816,0.07123098201936376,0.03647898493259318,0.01888276947285602,0.11127160175393346,0.03470045472606066,0.05179127725856698,-0.05724604272322115,-0.021808088818398096,-0.03986362444269604,0.15156048491101368,0.0863096552028608,0.13170647282796816,-0.07123098201936376,0.03647898493259318,0.01888276947285602,SCP,SCP,SCP,SCP,SCP,ML,x11 seasonal,x11 seasonal,x11 seasonal,x11 seasonal,x11 seasonal,AutoARIMA,ML,ML,ML,ML,ML,SCP,AutoARIMA,AutoARIMA,AutoARIMA,AutoARIMA,AutoARIMA,x11 seasonal,26.582709326072163,59.79539641943734,60.67674113009199,19.633225458468175,40.217391304347835,52.63157894736842,71604.0,68707.0,71010.0,-2897.0,-594.0,2897.0,3114.0,3296869.0,4309524.0,3,965.6666666666666,1038.0,1048.3111815359662,1198.5441168350876,0.0404586335958885,0.043489190548014076,-0.0404586335958885,-0.008295625942684766,SCP,x11 seasonal,ML,AutoARIMA,6.968529222864476,65148.0,69288.0,73085.0,4140.0,7937.0,4140.0,7937.0,6703254.0,21719805,3,1380.0,2645.6666666666665,1494.7969761810464,2690.7127308577556,0.06354761466200037,0.12183029409958863,0.06354761466200037,0.12183029409958863,SCP,x11 seasonal,ML,AutoARIMA,47.83923396749402,136752.0,137995.0,144095.0,1243.0,7343.0,7037.0,11051.0,10000123,26029329,6,1172.8333333333333,1841.8333333333333,1291.0023883272513,2082.8397682010973,0.051458113958113956,0.08081051831051832,0.00908944658944659,0.05369574119574119,SCP,x11 seasonal,ML,AutoARIMA,36.3225047507013,2026-07-11 12:55:22.869,0,,"
"10236,63,62,10467,1,31,""MERCADONA, 1025 GUADIX FR"",""352"",,,,AutoARIMA,smooth_acceptable,smooth_acceptable_acceptable,acceptable,x11 lineal,x11 lineal,success,smooth_acceptable,COMPARABLE,1,1,1,44448.0,48744.0,42384.0,48480.0,43104.0,48720.0,45701.0,47255.0,45704.0,47897.0,45493.0,48086.0,43497.0,47142.0,43625.0,46263.0,42867.0,47522.0,1253.0,-1489.0,3320.0,-583.0,2389.0,-634.0,-951.0,-1602.0,1241.0,-2217.0,-237.0,-1198.0,1253.0,1489.0,3320.0,583.0,2389.0,634.0,951.0,1602.0,1241.0,2217.0,237.0,1198.0,1570009.0,2217121.0,11022400,339889.0,5707321.0,401956.0,904401.0,2566404.0,1540081.0,4915089.0,56169.0,1435204.0,1,1,1,1,1,1,1253.0,1489.0,3320.0,583.0,2389.0,634.0,951.0,1602.0,1241.0,2217.0,237.0,1198.0,1253.0,1489.0,3320.0,583.0,2389.0,634.0,951.0,1602.0,1241.0,2217.0,237.0,1198.0,0.028190244780417567,0.03054734941736419,0.07833144582861457,0.012025577557755776,0.05542409057164068,0.013013136288998358,0.021395788336933046,0.03286558345642541,0.029279916949792373,0.04573019801980198,0.005498329621380847,0.024589490968801312,0.028190244780417567,-0.03054734941736419,0.07833144582861457,-0.012025577557755776,0.05542409057164068,-0.013013136288998358,-0.021395788336933046,-0.03286558345642541,0.029279916949792373,-0.04573019801980198,-0.005498329621380847,-0.024589490968801312,ML,SCP,ML,SCP,ML,SCP,AutoARIMA,x11 lineal,AutoARIMA,x11 lineal,AutoARIMA,x11 lineal,SCP,ML,SCP,ML,SCP,ML,x11 lineal,AutoARIMA,x11 lineal,AutoARIMA,x11 lineal,AutoARIMA,24.10215482841181,7.053682896379527,62.62048192771085,73.70320252593595,90.07953118459606,47.078464106844734,140304.0,141476.0,136652.0,1172.0,-3652.0,3606.0,3652.0,6449166.0,6406462.0,3,1202.0,1217.3333333333333,1466.1930295837585,1461.3306721386962,0.025701334245638044,0.026029193750712738,0.00835328999885962,-0.026029193750712738,SCP,x11 lineal,ML,AutoARIMA,1.2595837897042668,135576.0,138660.0,134264.0,3084.0,-1312.0,6062.0,3794.0,14809530,5010886.0,3,2020.6666666666667,1264.6666666666667,2221.8258257568255,1292.3990611778288,0.04471292854192482,0.02798430400660884,0.022747388918392637,-0.009677229008084027,ML,AutoARIMA,SCP,x11 lineal,37.41339491916859,275880.0,280136.0,270916.0,4256.0,-4964.0,9668.0,7446.0,21258696,11417348,6,1611.3333333333333,1241.0,1882.3166577385432,1379.4532733417734,0.03504422212556184,0.026989995650282733,0.015426997245179064,-0.01799333043352182,ML,AutoARIMA,SCP,x11 lineal,22.983036822507234,2026-07-11 12:55:22.869,0,,"
"10237,63,62,10467,1,32,""MERCADONA, 927 CIEMPOZUEL"",""351"",,,,AutoARIMA,smooth_acceptable,smooth_acceptable_acceptable,acceptable,x11 lineal,x11 lineal,success,smooth_acceptable,COMPARABLE,1,1,1,1692.0,2112.0,1992.0,2220.0,1980.0,2412.0,2667.0,3641.0,3908.0,11828.0,11095.0,12633.0,0.0,721.0,1470.0,9290.0,8281.0,9585.0,975.0,1529.0,1916.0,9608.0,9115.0,10221.0,-1692.0,-1391.0,-522.0,7070.0,6301.0,7173.0,975.0,1529.0,1916.0,9608.0,9115.0,10221.0,1692.0,1391.0,522.0,7070.0,6301.0,7173.0,950625.0,2337841.0,3671056.0,92313664,83083225,104468841,2862864.0,1934881.0,272484.0,49984900,39702601,51451929,1,1,1,1,1,1,975.0,1529.0,1916.0,9608.0,9115.0,10221.0,1692.0,1391.0,522.0,7070.0,6301.0,7173.0,975.0,1529.0,1916.0,9608.0,9115.0,10221.0,1692.0,1391.0,522.0,7070.0,6301.0,7173.0,0.5762411347517731,0.7239583333333334,0.9618473895582329,4.327927927927928,4.603535353535354,4.237562189054726,1.0,0.6586174242424242,0.2620481927710843,3.184684684684685,3.1823232323232324,2.9738805970149254,0.5762411347517731,0.7239583333333334,0.9618473895582329,4.327927927927928,4.603535353535354,4.237562189054726,-1.0,-0.6586174242424242,-0.2620481927710843,3.184684684684685,3.1823232323232324,2.9738805970149254,SCP,ML,ML,ML,ML,ML,x11 lineal,AutoARIMA,AutoARIMA,AutoARIMA,AutoARIMA,AutoARIMA,ML,SCP,SCP,SCP,SCP,SCP,AutoARIMA,x11 lineal,x11 lineal,x11 lineal,x11 lineal,x11 lineal,42.37588652482269,9.025506867233497,72.75574112734866,26.41548709408826,30.87218869994515,29.820956853536835,6612.0,35556.0,27156.0,28944.0,20544.0,28944.0,20544.0,279865730,141139430,3,9648.0,6848.0,9658.601175463591,6859.043422130135,4.3774954627949185,3.1070780399274045,4.3774954627949185,3.1070780399274045,ML,AutoARIMA,SCP,x11 lineal,29.021558872305146,5796.0,10216.0,2191.0,4420.0,-3605.0,4420.0,3605.0,6959522.0,5070229.0,3,1473.3333333333333,1201.6666666666667,1523.1023165456306,1300.0293586428475,0.7625948930296756,0.6219806763285024,0.7625948930296756,-0.6219806763285024,ML,AutoARIMA,SCP,x11 lineal,18.438914027149327,12408.0,45772.0,29347.0,33364.0,16939.0,33364.0,24149.0,286825252,146209659,6,5560.666666666667,4024.8333333333335,6914.058769396357,4936.423452257717,2.6889103803997423,1.946244358478401,2.6889103803997423,1.365167633784655,ML,AutoARIMA,SCP,x11 lineal,27.61958997722096,2026-07-11 12:55:22.869,0,,"
"10238,63,62,10467,1,33,""MERCADONA, 1105 PARC SAGU"",""355"",,,,AutoTheta,smooth_acceptable,smooth_acceptable_acceptable,acceptable,x11 lineal,x11 lineal,success,smooth_acceptable,COMPARABLE,1,1,1,29736.0,32088.0,28976.0,35216.0,27576.0,30576.0,16091.0,25676.0,26902.0,36386.0,39217.0,38491.0,33436.0,33540.0,33639.0,60634.0,69548.0,48171.0,-13645.0,-6412.0,-2074.0,1170.0,11641.0,7915.0,3700.0,1452.0,4663.0,25418.0,41972.0,17595.0,13645.0,6412.0,2074.0,1170.0,11641.0,7915.0,3700.0,1452.0,4663.0,25418.0,41972.0,17595.0,186186025,41113744,4301476.0,1368900.0,135512881,62647225,13690000,2108304.0,21743569,646074724,1761648784,309584025,1,1,1,1,1,1,13645.0,6412.0,2074.0,1170.0,11641.0,7915.0,3700.0,1452.0,4663.0,25418.0,41972.0,17595.0,13645.0,6412.0,2074.0,1170.0,11641.0,7915.0,3700.0,1452.0,4663.0,25418.0,41972.0,17595.0,0.4588714016680118,0.19982547993019198,0.07157647708448371,0.03322353475692867,0.4221424427038004,0.25886316064887493,0.12442830239440408,0.04525056095736724,0.1609262838210933,0.7217741935483871,1.5220481578183929,0.5754513343799058,-0.4588714016680118,-0.19982547993019198,-0.07157647708448371,0.03322353475692867,0.4221424427038004,0.25886316064887493,0.12442830239440408,0.04525056095736724,0.1609262838210933,0.7217741935483871,1.5220481578183929,0.5754513343799058,ML,ML,SCP,SCP,SCP,SCP,AutoTheta,AutoTheta,x11 lineal,x11 lineal,x11 lineal,x11 lineal,SCP,SCP,ML,ML,ML,ML,x11 lineal,x11 lineal,AutoTheta,AutoTheta,AutoTheta,AutoTheta,72.88384023451813,77.35495945102933,55.522196011151614,95.39696278228028,72.26484322881922,55.01562944018187,93368.0,114094.0,178353.0,20726.0,84985.0,20726.0,84985.0,199529006,2717307533,3,6908.666666666667,28328.333333333332,8155.346017592795,30095.999363149025,0.22198183531831034,0.9102154913889127,0.22198183531831034,0.9102154913889127,SCP,x11 lineal,ML,AutoTheta,75.61216685297406,90800.0,68669.0,100615.0,-22131.0,9815.0,22131.0,9815.0,231601245,37541873,3,7377.0,3271.6666666666665,8786.376670732936,3537.5072673659156,0.24373348017621146,0.10809471365638766,-0.24373348017621146,0.10809471365638766,ML,AutoTheta,SCP,x11 lineal,55.65044507704127,184168.0,182763.0,278968.0,-1405.0,94800.0,42857.0,94800.0,431130251,2754849406,6,7142.833333333333,15800.0,8476.735328729648,21427.588937317858,0.23270600755831633,0.5147474045436775,-0.0076289040441336175,0.5147474045436775,SCP,x11 lineal,ML,AutoTheta,54.792194092827,2026-07-11 12:55:22.869,0,,"
"10239,63,62,10467,1,34,""MERCADONA, 1025 GUADIX FR"",""332"",,,,AutoETS,smooth_acceptable,smooth_acceptable_acceptable,acceptable,x11 seasonal,x11 seasonal,success,smooth_acceptable,COMPARABLE,1,1,1,37728.0,36024.0,32496.0,37704.0,33504.0,36576.0,37813.0,38061.0,34035.0,35476.0,32484.0,36987.0,38445.0,37708.0,35002.0,36121.0,31826.0,36542.0,85.0,2037.0,1539.0,-2228.0,-1020.0,411.0,717.0,1684.0,2506.0,-1583.0,-1678.0,-34.0,85.0,2037.0,1539.0,2228.0,1020.0,411.0,717.0,1684.0,2506.0,1583.0,1678.0,34.0,7225.0,4149369.0,2368521.0,4963984.0,1040400.0,168921.0,514089.0,2835856.0,6280036.0,2505889.0,2815684.0,1156.0,1,1,1,1,1,1,85.0,2037.0,1539.0,2228.0,1020.0,411.0,717.0,1684.0,2506.0,1583.0,1678.0,34.0,85.0,2037.0,1539.0,2228.0,1020.0,411.0,717.0,1684.0,2506.0,1583.0,1678.0,34.0,0.0022529686174724345,0.056545636242505,0.047359675036927625,0.05909187354126883,0.03044412607449857,0.011236876640419948,0.019004452926208653,0.0467466133688652,0.07711718365337272,0.04198493528538086,0.05008357211079274,0.0009295713035871,0.0022529686174724345,0.056545636242505,0.047359675036927625,-0.05909187354126883,-0.03044412607449857,0.011236876640419948,0.019004452926208653,0.0467466133688652,0.07711718365337272,-0.04198493528538086,-0.05008357211079274,-0.0009295713035871,SCP,ML,SCP,ML,SCP,ML,x11 seasonal,AutoETS,x11 seasonal,AutoETS,x11 seasonal,AutoETS,ML,SCP,ML,SCP,ML,SCP,AutoETS,x11 seasonal,AutoETS,x11 seasonal,AutoETS,x11 seasonal,88.14504881450488,17.329405989199806,38.587390263367915,28.949730700179536,39.213349225268175,91.72749391727494,107784.0,104947.0,104489.0,-2837.0,-3295.0,3659.0,3295.0,6173305.0,5322729.0,3,1219.6666666666667,1098.3333333333333,1434.4923608487197,1332.0071321130379,0.0339475246789876,0.030570400059378014,-0.026321160840198917,-0.030570400059378014,ML,AutoETS,SCP,x11 seasonal,9.948073244055749,106248.0,109909.0,111155.0,3661.0,4907.0,3661.0,4907.0,6525115.0,9629981.0,3,1220.3333333333333,1635.6666666666667,1474.801116535153,1791.6455192550413,0.03445711919283186,0.04618439876515323,0.03445711919283186,0.04618439876515323,SCP,x11 seasonal,ML,AutoETS,25.3922967189729,214032.0,214856.0,215644.0,824.0,1612.0,7320.0,8202.0,12698420,14952710,6,1220.0,1367.0,1454.7863531575122,1578.6444607109397,0.034200493384166857,0.03832137250504598,0.0038498916049936457,0.007531584062196307,SCP,x11 seasonal,ML,AutoETS,10.753474762253107,2026-07-11 12:55:22.869,0,,"
"10240,63,62,10467,1,35,""MERCADONA, 1151 GETAFE PE"",""353"",,,,AutoETS,smooth_acceptable,smooth_acceptable_acceptable,acceptable,x11 seasonal,x11 seasonal,success,smooth_acceptable,COMPARABLE,1,1,1,30496.0,34088.0,30832.0,33896.0,31216.0,35392.0,29224.0,31821.0,29457.0,31300.0,29721.0,34375.0,30053.0,31840.0,30068.0,32849.0,30552.0,35206.0,-1272.0,-2267.0,-1375.0,-2596.0,-1495.0,-1017.0,-443.0,-2248.0,-764.0,-1047.0,-664.0,-186.0,1272.0,2267.0,1375.0,2596.0,1495.0,1017.0,443.0,2248.0,764.0,1047.0,664.0,186.0,1617984.0,5139289.0,1890625.0,6739216.0,2235025.0,1034289.0,196249.0,5053504.0,583696.0,1096209.0,440896.0,34596.0,1,1,1,1,1,1,1272.0,2267.0,1375.0,2596.0,1495.0,1017.0,443.0,2248.0,764.0,1047.0,664.0,186.0,1272.0,2267.0,1375.0,2596.0,1495.0,1017.0,443.0,2248.0,764.0,1047.0,664.0,186.0,0.041710388247639035,0.0665043417038254,0.04459652309289051,0.07658720793013925,0.04789210661199385,0.028735307414104884,0.014526495278069256,0.06594696080732222,0.024779449922158796,0.03088860042482889,0.021271143003587904,0.005255424954792043,-0.041710388247639035,-0.0665043417038254,-0.04459652309289051,-0.07658720793013925,-0.04789210661199385,-0.028735307414104884,-0.014526495278069256,-0.06594696080732222,-0.024779449922158796,-0.03088860042482889,-0.021271143003587904,-0.005255424954792043,ML,ML,ML,ML,ML,ML,AutoETS,AutoETS,AutoETS,AutoETS,AutoETS,AutoETS,SCP,SCP,SCP,SCP,SCP,SCP,x11 seasonal,x11 seasonal,x11 seasonal,x11 seasonal,x11 seasonal,x11 seasonal,65.17295597484276,0.8381120423467215,44.43636363636364,59.66872110939907,55.585284280936456,81.7109144542773,100504.0,95396.0,98607.0,-5108.0,-1897.0,5108.0,1897.0,10008530,1571701.0,3,1702.6666666666667,632.3333333333334,1826.5203712706482,723.8095974310739,0.05082384780705246,0.01887487065191435,-0.05082384780705246,-0.01887487065191435,ML,AutoETS,SCP,x11 seasonal,62.86217697729053,95416.0,90502.0,91961.0,-4914.0,-3455.0,4914.0,3455.0,8647898.0,5833449.0,3,1638.0,1151.6666666666667,1697.8317545230052,1394.4472022991763,0.051500796512115365,0.03620985998155446,-0.051500796512115365,-0.03620985998155446,ML,AutoETS,SCP,x11 seasonal,29.690679690679676,195920.0,185898.0,190568.0,-10022.0,-5352.0,10022.0,5352.0,18656428,7405150.0,6,1670.3333333333333,892.0,1763.3504094951368,1110.9417926546228,0.05115353205389955,0.0273172723560637,-0.05115353205389955,-0.0273172723560637,ML,AutoETS,SCP,x11 seasonal,46.597485531829975,2026-07-11 12:55:22.869,0,,"
"10241,63,62,10467,1,36,"""",""444"",,,,MovingAverage3M,intermittent_insuficient,intermittent_insuficient_insuficient,insuficient,syntetos-boylan,syntetos-boylan,success,intermittent_insuficient,NOT_COMPARABLE_MISSING_SCP,1,0,1,0.0,0.0,0.0,6.0,0.0,0.0,,,,,,,2.0,2.0,2.0,0.0,0.0,0.0,,,,,,,,,,,,,,,,,,,,,,,,,,,,,,,,,,,,,,,,,,,,,,,,,,,,,,,,,,,,,,,,,,,,,,,,,,,,,,,,,,,,,,,,,,,,,,,,,,,,,,,,,,,,,,,,,,,,,,,,,,,,,,,,,,,,,,,,,,,,,,,,,,,,,,,,,,,,,,,,,,,,,,,,,,,,,,,,,,,,,,,,,,,,,,2026-07-11 12:55:22.869,0,,NoForecastRowsMaterialized"
"10242,63,62,10467,1,37,""MERCADONA, 1158 CIEMPOZUE"",""334"",,,,AutoARIMA,smooth_acceptable,smooth_acceptable_acceptable,acceptable,x11 seasonal,x11 seasonal,success,smooth_acceptable,COMPARABLE,1,1,1,16576.0,22784.0,21136.0,24288.0,22032.0,26288.0,18818.0,25263.0,23446.0,22066.0,21631.0,25777.0,16446.0,23112.0,21964.0,22112.0,21184.0,26208.0,2242.0,2479.0,2310.0,-2222.0,-401.0,-511.0,-130.0,328.0,828.0,-2176.0,-848.0,-80.0,2242.0,2479.0,2310.0,2222.0,401.0,511.0,130.0,328.0,828.0,2176.0,848.0,80.0,5026564.0,6145441.0,5336100.0,4937284.0,160801.0,261121.0,16900.0,107584.0,685584.0,4734976.0,719104.0,6400.0,1,1,1,1,1,1,2242.0,2479.0,2310.0,2222.0,401.0,511.0,130.0,328.0,828.0,2176.0,848.0,80.0,2242.0,2479.0,2310.0,2222.0,401.0,511.0,130.0,328.0,828.0,2176.0,848.0,80.0,0.1352557915057915,0.10880442415730338,0.10929220287660862,0.09148550724637682,0.01820079883805374,0.01943852708460134,0.007842664092664093,0.014396067415730338,0.03917486752460257,0.08959156785243742,0.03848946986201888,0.0030432136335970784,0.1352557915057915,0.10880442415730338,0.10929220287660862,-0.09148550724637682,-0.01820079883805374,-0.01943852708460134,-0.007842664092664093,0.014396067415730338,0.03917486752460257,-0.08959156785243742,-0.03848946986201888,-0.0030432136335970784,ML,ML,ML,ML,SCP,ML,AutoARIMA,AutoARIMA,AutoARIMA,AutoARIMA,x11 seasonal,AutoARIMA,SCP,SCP,SCP,SCP,ML,SCP,x11 seasonal,x11 seasonal,x11 seasonal,x11 seasonal,AutoARIMA,x11 seasonal,94.20160570918821,86.76885841064946,64.15584415584415,2.070207020702068,52.71226415094339,84.3444227005871,72608.0,69474.0,69504.0,-3134.0,-3104.0,3134.0,3104.0,5359206.0,5460480.0,3,1044.6666666666667,1034.6666666666667,1336.5635039159195,1349.133054965299,0.043163287791978845,0.04275011018069634,-0.043163287791978845,-0.04275011018069634,ML,AutoARIMA,SCP,x11 seasonal,0.9572431397575011,60496.0,67527.0,61522.0,7031.0,1026.0,7031.0,1286.0,16508105,810068.0,3,2343.6666666666665,428.6666666666667,2345.78380646356,519.6370528230899,0.1162225601692674,0.021257603808516264,0.1162225601692674,0.016959798994974875,ML,AutoARIMA,SCP,x11 seasonal,81.70957189588964,133104.0,137001.0,131026.0,3897.0,-2078.0,10165.0,4390.0,21867311,6270548.0,6,1694.1666666666667,731.6666666666666,1909.07093459969,1022.2970866305614,0.07636885442961895,0.03298172857314581,0.02927785791561486,-0.015611852386104099,ML,AutoARIMA,SCP,x11 seasonal,56.81259222823414,2026-07-11 12:55:22.869,0,,"
"10243,63,62,10467,1,38,""MERCADONA, 1158 CIEMPOZUE"",""354"",,,,,,,,preserve current forecast,preserve current forecast,success,,NOT_COMPARABLE_MISSING_SCP_AND_ML,1,0,0,0.0,0.0,0.0,0.0,0.0,0.0,,,,,,,,,,,,,,,,,,,,,,,,,,,,,,,,,,,,,,,,,,,,,,,,,,,,,,,,,,,,,,,,,,,,,,,,,,,,,,,,,,,,,,,,,,,,,,,,,,,,,,,,,,,,,,,,,,,,,,,,,,,,,,,,,,,,,,,,,,,,,,,,,,,,,,,,,,,,,,,,,,,,,,,,,,,,,,,,,,,,,,,,,,,,,,,,,,,,,,,,,,2026-07-11 12:55:22.869,1,MissingHistory,NoForecastRowsMaterialized"
"10244,63,62,10467,1,39,""MERCADONA, 1025 GUADIX FR"",""418"",,,,AutoETS,smooth_acceptable,smooth_acceptable_acceptable,acceptable,x11 seasonal,x11 seasonal,success,smooth_acceptable,COMPARABLE,1,1,1,9072.0,7992.0,6912.0,7920.0,6552.0,7656.0,8180.0,7742.0,7125.0,8082.0,7210.0,8004.0,8439.0,7769.0,7240.0,8109.0,6848.0,7657.0,-892.0,-250.0,213.0,162.0,658.0,348.0,-633.0,-223.0,328.0,189.0,296.0,1.0,892.0,250.0,213.0,162.0,658.0,348.0,633.0,223.0,328.0,189.0,296.0,1.0,795664.0,62500.0,45369.0,26244.0,432964.0,121104.0,400689.0,49729.0,107584.0,35721.0,87616.0,1.0,1,1,1,1,1,1,892.0,250.0,213.0,162.0,658.0,348.0,633.0,223.0,328.0,189.0,296.0,1.0,892.0,250.0,213.0,162.0,658.0,348.0,633.0,223.0,328.0,189.0,296.0,1.0,0.09832451499118165,0.031281281281281284,0.030815972222222224,0.020454545454545454,0.10042735042735043,0.045454545454545456,0.06977513227513228,0.027902902902902902,0.047453703703703706,0.023863636363636365,0.045177045177045176,0.0001306165099269,-0.09832451499118165,-0.031281281281281284,0.030815972222222224,0.020454545454545454,0.10042735042735043,0.045454545454545456,-0.06977513227513228,-0.027902902902902902,0.047453703703703706,0.023863636363636365,0.045177045177045176,0.0001306165099269,ML,ML,SCP,SCP,ML,ML,AutoETS,AutoETS,x11 seasonal,x11 seasonal,AutoETS,AutoETS,SCP,SCP,ML,ML,SCP,SCP,x11 seasonal,x11 seasonal,AutoETS,AutoETS,x11 seasonal,x11 seasonal,29.03587443946187,10.800000000000011,35.0609756097561,14.28571428571429,55.01519756838906,99.71264367816092,22128.0,23296.0,22614.0,1168.0,486.0,1168.0,486.0,580312.0,123338.0,3,389.3333333333333,162.0,439.81511267046443,202.76258695002554,0.05278380332610268,0.021963123644251625,0.05278380332610268,0.021963123644251625,ML,AutoETS,SCP,x11 seasonal,58.39041095890411,23976.0,23047.0,23448.0,-929.0,-528.0,1355.0,1184.0,903533.0,558002.0,3,451.6666666666667,394.6666666666667,548.7965621855394,431.2779459544235,0.05651484818151485,0.04938271604938271,-0.03874708041374708,-0.022022022022022022,ML,AutoETS,SCP,x11 seasonal,12.619926199262002,46104.0,46343.0,46062.0,239.0,-42.0,2523.0,1670.0,1483845.0,681340.0,6,420.5,278.3333333333333,497.300211140112,336.981700789029,0.05472410203019261,0.036222453583203196,0.005183931979871595,-0.0009109838625716,ML,AutoETS,SCP,x11 seasonal,33.80895759017043,2026-07-11 12:55:22.869,0,,"
"10245,63,62,10467,1,40,""MERCADONA, 910 HUEVAR"",""329"",,,,AutoETS,smooth_acceptable,smooth_acceptable_acceptable,acceptable,x11 seasonal,x11 seasonal,success,smooth_acceptable,COMPARABLE,1,1,1,0.0,16896.0,15480.0,17736.0,14304.0,16584.0,16650.0,15901.0,15425.0,17273.0,15954.0,17267.0,18584.0,17062.0,15830.0,17311.0,15166.0,16646.0,16650.0,-995.0,-55.0,-463.0,1650.0,683.0,18584.0,166.0,350.0,-425.0,862.0,62.0,16650.0,995.0,55.0,463.0,1650.0,683.0,18584.0,166.0,350.0,425.0,862.0,62.0,277222500,990025.0,3025.0,214369.0,2722500.0,466489.0,345365056,27556.0,122500.0,180625.0,743044.0,3844.0,0,1,1,1,1,1,,995.0,55.0,463.0,1650.0,683.0,,166.0,350.0,425.0,862.0,62.0,,995.0,55.0,463.0,1650.0,683.0,,166.0,350.0,425.0,862.0,62.0,,0.05888967803030303,0.0035529715762273903,0.02610509697789806,0.11535234899328858,0.041184273999035216,,0.009824810606060606,0.02260981912144703,0.02396256202074876,0.060262863534675616,0.0037385431741437532,,-0.05888967803030303,-0.0035529715762273903,-0.02610509697789806,0.11535234899328858,0.041184273999035216,,0.009824810606060606,0.02260981912144703,-0.02396256202074876,0.060262863534675616,0.0037385431741437532,,ML,SCP,ML,ML,ML,,AutoETS,x11 seasonal,AutoETS,AutoETS,AutoETS,,SCP,ML,SCP,SCP,SCP,,x11 seasonal,AutoETS,x11 seasonal,x11 seasonal,x11 seasonal,,83.31658291457286,84.28571428571429,8.20734341252699,47.75757575757575,90.92240117130308,48624.0,50494.0,49123.0,1870.0,499.0,2796.0,1349.0,3403358.0,927513.0,3,932.0,449.6666666666667,1065.106880395891,556.0314739293092,0.057502467917077985,0.027743501151694636,0.038458374465284634,0.010262421849292531,ML,AutoETS,SCP,x11 seasonal,51.75250357653791,32376.0,47976.0,51476.0,15600.0,19100.0,17700.0,19100.0,278215550,345515112,2,8850.0,9550.0,11794.395915009805,13143.726868738562,0.5467012601927353,0.5899431677786015,0.48183839881393625,0.5899431677786015,SCP,x11 seasonal,ML,AutoETS,7.329842931937177,81000.0,98470.0,100599.0,17470.0,19599.0,20496.0,20449.0,281618908,346442625,5,4099.2,4089.8,7504.917161434895,8323.972909614735,0.25303703703703706,0.2524567901234568,0.21567901234567902,0.24196296296296296,ML,AutoETS,SCP,x11 seasonal,0.22931303669009637,2026-07-11 12:55:22.869,0,,"
"10246,63,62,10467,1,41,""MERCADONA, 1003 ZGZ PEREC"",""457"",,,,,,,,preserve current forecast,preserve current forecast,success,,NOT_COMPARABLE_MISSING_SCP_AND_ML,1,0,0,0.0,0.0,0.0,0.0,0.0,0.0,,,,,,,,,,,,,,,,,,,,,,,,,,,,,,,,,,,,,,,,,,,,,,,,,,,,,,,,,,,,,,,,,,,,,,,,,,,,,,,,,,,,,,,,,,,,,,,,,,,,,,,,,,,,,,,,,,,,,,,,,,,,,,,,,,,,,,,,,,,,,,,,,,,,,,,,,,,,,,,,,,,,,,,,,,,,,,,,,,,,,,,,,,,,,,,,,,,,,,,,,,2026-07-11 12:55:22.869,1,MissingHistory,NoForecastRowsMaterialized"
"10247,63,62,10467,1,42,""MERCADONA, 1156 VILLADANG"",""325"",,,,AutoETS,smooth_acceptable,smooth_acceptable_acceptable,acceptable,x11 seasonal,x11 seasonal,success,smooth_acceptable,COMPARABLE,1,1,1,17728.0,18016.0,16928.0,19200.0,15968.0,18976.0,17930.0,18723.0,17090.0,17693.0,16357.0,18712.0,18449.0,19230.0,17531.0,15897.0,15785.0,17818.0,202.0,707.0,162.0,-1507.0,389.0,-264.0,721.0,1214.0,603.0,-3303.0,-183.0,-1158.0,202.0,707.0,162.0,1507.0,389.0,264.0,721.0,1214.0,603.0,3303.0,183.0,1158.0,40804.0,499849.0,26244.0,2271049.0,151321.0,69696.0,519841.0,1473796.0,363609.0,10909809,33489.0,1340964.0,1,1,1,1,1,1,202.0,707.0,162.0,1507.0,389.0,264.0,721.0,1214.0,603.0,3303.0,183.0,1158.0,202.0,707.0,162.0,1507.0,389.0,264.0,721.0,1214.0,603.0,3303.0,183.0,1158.0,0.011394404332129964,0.03924289520426288,0.009569943289224952,0.07848958333333333,0.02436122244488978,0.01391231028667791,0.040670126353790616,0.06738454706927176,0.035621455576559546,0.17203125,0.011460420841683366,0.061024451939291735,0.011394404332129964,0.03924289520426288,0.009569943289224952,-0.07848958333333333,0.02436122244488978,-0.01391231028667791,0.040670126353790616,0.06738454706927176,0.035621455576559546,-0.17203125,-0.011460420841683366,-0.061024451939291735,SCP,SCP,SCP,SCP,ML,SCP,x11 seasonal,x11 seasonal,x11 seasonal,x11 seasonal,AutoETS,x11 seasonal,ML,ML,ML,ML,SCP,ML,AutoETS,AutoETS,AutoETS,AutoETS,x11 seasonal,AutoETS,71.98335644937586,41.762767710049424,73.13432835820896,54.37481077808053,52.95629820051414,77.2020725388601,54144.0,52762.0,49500.0,-1382.0,-4644.0,2160.0,4644.0,2492066.0,12284262,3,720.0,1548.0,911.4212344830828,2023.5498511279627,0.0398936170212766,0.08577127659574468,-0.02552452718676123,-0.08577127659574468,SCP,x11 seasonal,ML,AutoETS,53.48837209302325,52672.0,53743.0,55210.0,1071.0,2538.0,1071.0,2538.0,566897.0,2357246.0,3,357.0,846.0,434.70181350745094,886.4246536884376,0.020333383961117862,0.04818499392466585,0.020333383961117862,0.04818499392466585,SCP,x11 seasonal,ML,AutoETS,57.801418439716315,106816.0,106505.0,104710.0,-311.0,-2106.0,3231.0,7182.0,3058963.0,14641508,6,538.5,1197.0,714.0218250632586,1562.1303829493022,0.030248277411623725,0.06723711803475135,-0.00291154883163571,-0.01971614739364889,SCP,x11 seasonal,ML,AutoETS,55.01253132832081,2026-07-11 12:55:22.869,0,,"
"10248,63,62,10467,1,43,""MERCADONA, 0955 GRANADILL"",""326"",,,,,,,,average,average,success,,NOT_COMPARABLE_MISSING_SCP_AND_ML,1,0,0,0.0,5.0,0.0,0.0,0.0,0.0,,,,,,,,,,,,,,,,,,,,,,,,,,,,,,,,,,,,,,,,,,,,,,,,,,,,,,,,,,,,,,,,,,,,,,,,,,,,,,,,,,,,,,,,,,,,,,,,,,,,,,,,,,,,,,,,,,,,,,,,,,,,,,,,,,,,,,,,,,,,,,,,,,,,,,,,,,,,,,,,,,,,,,,,,,,,,,,,,,,,,,,,,,,,,,,,,,,,,,,,,,2026-07-11 12:55:22.869,0,,NoForecastRowsMaterialized"
"10249,63,62,10467,1,44,""MERCADONA, 939 S.SADURNI"",""319"",,,,,,,,preserve current forecast,preserve current forecast,success,,NOT_COMPARABLE_MISSING_SCP_AND_ML,1,0,0,0.0,0.0,0.0,0.0,0.0,0.0,,,,,,,,,,,,,,,,,,,,,,,,,,,,,,,,,,,,,,,,,,,,,,,,,,,,,,,,,,,,,,,,,,,,,,,,,,,,,,,,,,,,,,,,,,,,,,,,,,,,,,,,,,,,,,,,,,,,,,,,,,,,,,,,,,,,,,,,,,,,,,,,,,,,,,,,,,,,,,,,,,,,,,,,,,,,,,,,,,,,,,,,,,,,,,,,,,,,,,,,,,2026-07-11 12:55:22.869,1,MissingHistory,NoForecastRowsMaterialized"
"10250,63,62,10467,1,45,""MERCADONA, 1073 VITORIA FRIO"",""323"",,,,,,,,preserve current forecast,preserve current forecast,success,,NOT_COMPARABLE_MISSING_SCP_AND_ML,1,0,0,0.0,0.0,0.0,0.0,0.0,0.0,,,,,,,,,,,,,,,,,,,,,,,,,,,,,,,,,,,,,,,,,,,,,,,,,,,,,,,,,,,,,,,,,,,,,,,,,,,,,,,,,,,,,,,,,,,,,,,,,,,,,,,,,,,,,,,,,,,,,,,,,,,,,,,,,,,,,,,,,,,,,,,,,,,,,,,,,,,,,,,,,,,,,,,,,,,,,,,,,,,,,,,,,,,,,,,,,,,,,,,,,,2026-07-11 12:55:22.869,1,MissingHistory,NoForecastRowsMaterialized"
"10251,63,62,10467,1,46,""MERCADONA, 1131 ANTEQUERA"",""356"",,,,AutoETS,smooth_acceptable,smooth_acceptable_acceptable,acceptable,x11 lineal,x11 lineal,success,smooth_acceptable,COMPARABLE,1,1,1,100668.0,107100.0,96708.0,120432.0,80520.0,93108.0,98554.0,101857.0,95738.0,101909.0,95442.0,102737.0,92235.0,97205.0,93397.0,101606.0,90323.0,103969.0,-2114.0,-5243.0,-970.0,-18523.0,14922.0,9629.0,-8433.0,-9895.0,-3311.0,-18826.0,9803.0,10861.0,2114.0,5243.0,970.0,18523.0,14922.0,9629.0,8433.0,9895.0,3311.0,18826.0,9803.0,10861.0,4468996.0,27489049,940900.0,343101529,222666084,92717641,71115489,97911025,10962721,354418276,96098809,117961321,1,1,1,1,1,1,2114.0,5243.0,970.0,18523.0,14922.0,9629.0,8433.0,9895.0,3311.0,18826.0,9803.0,10861.0,2114.0,5243.0,970.0,18523.0,14922.0,9629.0,8433.0,9895.0,3311.0,18826.0,9803.0,10861.0,0.020999721857988637,0.04895424836601307,0.01003019398601977,0.1538046366414242,0.1853204172876304,0.10341753662413541,0.08377041363690547,0.09239028944911298,0.03423708483269223,0.15632057924804038,0.12174615002483855,0.11664948232160502,-0.020999721857988637,-0.04895424836601307,-0.01003019398601977,-0.1538046366414242,0.1853204172876304,0.10341753662413541,-0.08377041363690547,-0.09239028944911298,-0.03423708483269223,-0.15632057924804038,0.12174615002483855,0.11664948232160502,SCP,SCP,SCP,SCP,ML,SCP,x11 lineal,x11 lineal,x11 lineal,x11 lineal,AutoETS,x11 lineal,ML,ML,ML,ML,SCP,ML,AutoETS,AutoETS,AutoETS,AutoETS,x11 lineal,AutoETS,74.93181548677813,47.01364325416878,70.70371488976139,1.609476256241359,34.30505294196489,11.343338550778013,294060.0,300088.0,295898.0,6028.0,1838.0,43074.0,39490.0,658485254,568478406,3,14358.0,13163.333333333334,14815.366504635202,13765.638452320329,0.1464803101407876,0.13429232129497382,0.02049921784669795,0.00625042508331633,ML,AutoETS,SCP,x11 lineal,8.320564609741382,304476.0,296149.0,282837.0,-8327.0,-21639.0,8327.0,21639.0,32898945,179989235,3,2775.6666666666665,7213.0,3311.5426918582825,7745.735063030924,0.027348625178996045,0.07106964095692271,-0.027348625178996045,-0.07106964095692271,SCP,x11 lineal,ML,AutoETS,61.518554461851295,598536.0,596237.0,578735.0,-2299.0,-19801.0,51401.0,61129.0,691384199,748467641,6,8566.833333333334,10188.166666666666,10734.55634077782,11168.912517937157,0.08587787534918534,0.10213086597965702,-0.003841038801341941,-0.0330823876926367,SCP,x11 lineal,ML,AutoETS,15.913887025797905,2026-07-11 12:55:22.869,0,,"
"10252,63,62,10467,1,47,""MERCADONA, 1151 GETAFE PE"",""336"",,,,,smooth_obsolete,smooth_obsolete_obsolete,obsolete,seasonal discrete,seasonal discrete,success,smooth_obsolete,NOT_COMPARABLE_NO_HISTORY,1,1,1,0.0,0.0,0.0,0.0,0.0,0.0,5.0,8.0,15.0,54.0,205.0,383.0,0.0,0.0,0.0,0.0,0.0,0.0,,,,,,,,,,,,,,,,,,,,,,,,,,,,,,,,,,,,,,,,,,,,,,,,,,,,,,,,,,,,,,,,,,,,,,,,,,,,,,,,,,,,,,,,,,,,,,,,,,,,,,,,,,,,,,,,,,,,,,,,,,,,,,,,,,,,,,,,,,,,,,,,,,,,,,,,,,,,,,,,,,,,,,,,,,,,,,,,,,,,,,,,,,,,,,2026-07-11 12:55:22.869,0,,"
"10253,63,62,10467,1,48,""MERCADONA, 1025 GUADIX FR"",""458"",,,,,,,,preserve current forecast,preserve current forecast,success,,NOT_COMPARABLE_MISSING_SCP_AND_ML,1,0,0,0.0,0.0,0.0,0.0,0.0,0.0,,,,,,,,,,,,,,,,,,,,,,,,,,,,,,,,,,,,,,,,,,,,,,,,,,,,,,,,,,,,,,,,,,,,,,,,,,,,,,,,,,,,,,,,,,,,,,,,,,,,,,,,,,,,,,,,,,,,,,,,,,,,,,,,,,,,,,,,,,,,,,,,,,,,,,,,,,,,,,,,,,,,,,,,,,,,,,,,,,,,,,,,,,,,,,,,,,,,,,,,,,2026-07-11 12:55:22.869,1,MissingHistory,NoForecastRowsMaterialized"
"10254,63,62,10467,1,49,""MERCADONA, 910 HUEVAR"",""455"",,,,,,,,preserve current forecast,preserve current forecast,success,,NOT_COMPARABLE_MISSING_SCP_AND_ML,1,0,0,0.0,0.0,0.0,0.0,0.0,0.0,,,,,,,,,,,,,,,,,,,,,,,,,,,,,,,,,,,,,,,,,,,,,,,,,,,,,,,,,,,,,,,,,,,,,,,,,,,,,,,,,,,,,,,,,,,,,,,,,,,,,,,,,,,,,,,,,,,,,,,,,,,,,,,,,,,,,,,,,,,,,,,,,,,,,,,,,,,,,,,,,,,,,,,,,,,,,,,,,,,,,,,,,,,,,,,,,,,,,,,,,,2026-07-11 12:55:22.869,1,MissingHistory,NoForecastRowsMaterialized"
"10255,63,62,10467,1,50,SAN ISIDRO,""325"",,,,AutoTheta,smooth_acceptable,smooth_acceptable_acceptable,acceptable,x11 seasonal,x11 seasonal,success,smooth_acceptable,COMPARABLE,1,1,1,12032.0,11872.0,11712.0,11488.0,9536.0,11168.0,11075.0,11362.0,11104.0,11759.0,10594.0,11814.0,11125.0,11126.0,11126.0,13165.0,11086.0,12215.0,-957.0,-510.0,-608.0,271.0,1058.0,646.0,-907.0,-746.0,-586.0,1677.0,1550.0,1047.0,957.0,510.0,608.0,271.0,1058.0,646.0,907.0,746.0,586.0,1677.0,1550.0,1047.0,915849.0,260100.0,369664.0,73441.0,1119364.0,417316.0,822649.0,556516.0,343396.0,2812329.0,2402500.0,1096209.0,1,1,1,1,1,1,957.0,510.0,608.0,271.0,1058.0,646.0,907.0,746.0,586.0,1677.0,1550.0,1047.0,957.0,510.0,608.0,271.0,1058.0,646.0,907.0,746.0,586.0,1677.0,1550.0,1047.0,0.0795378989361702,0.04295822102425876,0.05191256830601093,0.02358983286908078,0.1109479865771812,0.05784383954154728,0.07538231382978723,0.06283692722371968,0.05003415300546448,0.1459784122562674,0.16254194630872484,0.09375,-0.0795378989361702,-0.04295822102425876,-0.05191256830601093,0.02358983286908078,0.1109479865771812,0.05784383954154728,-0.07538231382978723,-0.06283692722371968,-0.05003415300546448,0.1459784122562674,0.16254194630872484,0.09375,ML,SCP,ML,SCP,SCP,SCP,AutoTheta,x11 seasonal,AutoTheta,x11 seasonal,x11 seasonal,x11 seasonal,SCP,ML,SCP,ML,ML,ML,x11 seasonal,AutoTheta,x11 seasonal,AutoTheta,AutoTheta,AutoTheta,5.224660397074186,31.63538873994639,3.6184210526315828,83.840190816935,31.741935483870975,38.299904489016235,32192.0,34167.0,36466.0,1975.0,4274.0,1975.0,4274.0,1610121.0,6311038.0,3,658.3333333333334,1424.6666666666667,732.6028937971785,1450.406609655835,0.06135064612326044,0.13276590457256462,0.06135064612326044,0.13276590457256462,SCP,x11 seasonal,ML,AutoTheta,53.79036031820309,35616.0,33541.0,33377.0,-2075.0,-2239.0,2075.0,2239.0,1545613.0,1722561.0,3,691.6666666666666,746.3333333333334,717.7773563810252,757.7512784548767,0.058260332434860736,0.06286500449236299,-0.058260332434860736,-0.06286500449236299,SCP,x11 seasonal,ML,AutoTheta,7.324698526127742,67808.0,67708.0,69843.0,-100.0,2035.0,4050.0,6513.0,3155734.0,8033599.0,6,675.0,1085.5,725.2280101227934,1157.1227967103002,0.059727465785747995,0.09605061349693252,-0.0014747522416234072,0.030011208117036337,SCP,x11 seasonal,ML,AutoTheta,37.81667434362045,2026-07-11 12:55:22.869,0,,"
"10256,63,62,10467,1,51,""MERCADONA, 927 CIEMPOZUEL"",""457"",,,,,,,,preserve current forecast,preserve current forecast,success,,NOT_COMPARABLE_MISSING_SCP_AND_ML,1,0,0,0.0,0.0,0.0,0.0,0.0,0.0,,,,,,,,,,,,,,,,,,,,,,,,,,,,,,,,,,,,,,,,,,,,,,,,,,,,,,,,,,,,,,,,,,,,,,,,,,,,,,,,,,,,,,,,,,,,,,,,,,,,,,,,,,,,,,,,,,,,,,,,,,,,,,,,,,,,,,,,,,,,,,,,,,,,,,,,,,,,,,,,,,,,,,,,,,,,,,,,,,,,,,,,,,,,,,,,,,,,,,,,,,2026-07-11 12:55:22.869,1,MissingHistory,NoForecastRowsMaterialized"
"10257,63,62,10467,1,52,""MERCADONA, 1158 CIEMPOZUE"",""460"",,,,,,,,preserve current forecast,preserve current forecast,success,,NOT_COMPARABLE_MISSING_SCP_AND_ML,1,0,0,0.0,0.0,0.0,0.0,0.0,0.0,,,,,,,,,,,,,,,,,,,,,,,,,,,,,,,,,,,,,,,,,,,,,,,,,,,,,,,,,,,,,,,,,,,,,,,,,,,,,,,,,,,,,,,,,,,,,,,,,,,,,,,,,,,,,,,,,,,,,,,,,,,,,,,,,,,,,,,,,,,,,,,,,,,,,,,,,,,,,,,,,,,,,,,,,,,,,,,,,,,,,,,,,,,,,,,,,,,,,,,,,,2026-07-11 12:55:22.869,1,MissingHistory,NoForecastRowsMaterialized"
"10258,63,62,10467,1,53,""MERCADONA, 910 HUEVAR"",""352"",,,,AutoETS,smooth_acceptable,smooth_acceptable_acceptable,acceptable,x11 lineal,x11 lineal,success,smooth_acceptable,COMPARABLE,1,1,1,0.0,99672.0,92952.0,103008.0,91224.0,102984.0,95706.0,99214.0,96841.0,100219.0,96841.0,100907.0,94439.0,99467.0,95267.0,104082.0,94295.0,101217.0,95706.0,-458.0,3889.0,-2789.0,5617.0,-2077.0,94439.0,-205.0,2315.0,1074.0,3071.0,-1767.0,95706.0,458.0,3889.0,2789.0,5617.0,2077.0,94439.0,205.0,2315.0,1074.0,3071.0,1767.0,9159638436,209764.0,15124321,7778521.0,31550689,4313929.0,8918724721,42025.0,5359225.0,1153476.0,9431041.0,3122289.0,0,1,1,1,1,1,,458.0,3889.0,2789.0,5617.0,2077.0,,205.0,2315.0,1074.0,3071.0,1767.0,,458.0,3889.0,2789.0,5617.0,2077.0,,205.0,2315.0,1074.0,3071.0,1767.0,,0.0045950718356208365,0.041838798519666064,0.027075566946256603,0.06157370867315619,0.020168181465081956,,0.0020567461272975357,0.02490532748085033,0.010426374650512582,0.03366438656493905,0.01715800512701002,,-0.0045950718356208365,0.041838798519666064,-0.027075566946256603,0.06157370867315619,-0.020168181465081956,,-0.0020567461272975357,0.02490532748085033,0.010426374650512582,0.03366438656493905,-0.01715800512701002,,ML,ML,ML,ML,ML,,AutoETS,AutoETS,AutoETS,AutoETS,AutoETS,,SCP,SCP,SCP,SCP,SCP,,x11 lineal,x11 lineal,x11 lineal,x11 lineal,x11 lineal,,55.24017467248908,40.47312933916174,61.491574040874866,45.32668684351077,14.925373134328366,297216.0,297967.0,299594.0,751.0,2378.0,10483.0,5912.0,43643139,13706806,3,3494.3333333333335,1970.6666666666667,3814.146431378848,2137.506803108082,0.035270644918173985,0.019891257536606373,0.0025267818690783805,0.008000915159345392,ML,AutoETS,SCP,x11 lineal,43.60393017266049,192624.0,291761.0,289173.0,99137.0,96549.0,100053.0,96959.0,9174972521,8924125971,2,50026.5,48479.5,67730.9844938046,66798.67502802731,0.5194212559182656,0.5033588753218706,0.5146658775645818,0.5012303762770994,ML,AutoETS,SCP,x11 lineal,3.0923610486442046,489840.0,589728.0,588767.0,99888.0,98927.0,110536.0,102871.0,9218615660,8937832777,5,22107.2,20574.2,42938.59722906653,42279.62340655366,0.22565735750449126,0.21000939082149273,0.20391964723174913,0.20195778213294138,ML,AutoETS,SCP,x11 lineal,6.93439241514077,2026-07-11 12:55:22.869,0,,"
"10259,63,62,10467,1,54,""MERCADONA, 1158 CIEMPOZUE"",""357"",,,,MovingAverage3M,smooth_insuficient,smooth_insuficient_insuficient,insuficient,x11 lineal,x11 lineal,success,smooth_insuficient,COMPARABLE,1,1,1,8352.0,9084.0,8376.0,9096.0,7932.0,8196.0,10038.0,8118.0,8229.0,8416.0,7865.0,8609.0,8408.0,8408.0,8408.0,7130.0,6991.0,6844.0,1686.0,-966.0,-147.0,-680.0,-67.0,413.0,56.0,-676.0,32.0,-1966.0,-941.0,-1352.0,1686.0,966.0,147.0,680.0,67.0,413.0,56.0,676.0,32.0,1966.0,941.0,1352.0,2842596.0,933156.0,21609.0,462400.0,4489.0,170569.0,3136.0,456976.0,1024.0,3865156.0,885481.0,1827904.0,1,1,1,1,1,1,1686.0,966.0,147.0,680.0,67.0,413.0,56.0,676.0,32.0,1966.0,941.0,1352.0,1686.0,966.0,147.0,680.0,67.0,413.0,56.0,676.0,32.0,1966.0,941.0,1352.0,0.20186781609195403,0.10634081902245707,0.017550143266475644,0.07475813544415127,0.008446797781139687,0.050390434358223525,0.006704980842911878,0.07441655658300309,0.0038204393505253103,0.21613896218117853,0.1186333837619768,0.16495851634943876,0.20186781609195403,-0.10634081902245707,-0.017550143266475644,-0.07475813544415127,-0.008446797781139687,0.050390434358223525,0.006704980842911878,-0.07441655658300309,0.0038204393505253103,-0.21613896218117853,-0.1186333837619768,-0.16495851634943876,ML,ML,ML,SCP,SCP,SCP,MovingAverage3M,MovingAverage3M,MovingAverage3M,x11 lineal,x11 lineal,x11 lineal,SCP,SCP,SCP,ML,ML,ML,x11 lineal,x11 lineal,x11 lineal,MovingAverage3M,MovingAverage3M,MovingAverage3M,96.6785290628707,30.020703933747413,78.2312925170068,65.41200406917599,92.87991498405951,69.4526627218935,25224.0,24890.0,20965.0,-334.0,-4259.0,1160.0,4259.0,637458.0,6578541.0,3,386.6666666666667,1419.6666666666667,460.96203748248075,1480.8264584346134,0.04598794798604504,0.16884712971772914,-0.013241357437361243,-0.16884712971772914,SCP,x11 lineal,ML,MovingAverage3M,72.76355952101432,25812.0,26385.0,25224.0,573.0,-588.0,2799.0,764.0,3797361.0,461136.0,3,933.0,254.66666666666666,1125.0719976961475,392.0612197093714,0.10843793584379359,0.029598636293196964,0.022198977219897723,-0.02278010227801023,ML,MovingAverage3M,SCP,x11 lineal,72.70453733476242,51036.0,51275.0,46189.0,239.0,-4847.0,3959.0,5023.0,4434819.0,7039677.0,6,659.8333333333334,837.1666666666666,859.7304810229773,1083.1802712383567,0.07757269378477936,0.09842072262716514,0.004682968884708833,-0.09497217650286073,SCP,x11 lineal,ML,MovingAverage3M,21.182560222974328,2026-07-11 12:55:22.869,0,,"
"10260,63,62,10467,1,55,""MERCADONA, 1246 RIBARROJA"",""320"",,,,HistoricAverage,smooth_recentRelease,smooth_recentRelease_recentRelease,recentRelease,average,average,success,smooth_recentRelease,COMPARABLE,1,1,1,19104.0,19008.0,20400.0,19968.0,15336.0,18240.0,18040.0,18041.0,18041.0,17972.0,17973.0,17973.0,17019.0,17020.0,17019.0,16398.0,16398.0,16398.0,-1064.0,-967.0,-2359.0,-1996.0,2637.0,-267.0,-2085.0,-1988.0,-3381.0,-3570.0,1062.0,-1842.0,1064.0,967.0,2359.0,1996.0,2637.0,267.0,2085.0,1988.0,3381.0,3570.0,1062.0,1842.0,1132096.0,935089.0,5564881.0,3984016.0,6953769.0,71289.0,4347225.0,3952144.0,11431161,12744900,1127844.0,3392964.0,1,1,1,1,1,1,1064.0,967.0,2359.0,1996.0,2637.0,267.0,2085.0,1988.0,3381.0,3570.0,1062.0,1842.0,1064.0,967.0,2359.0,1996.0,2637.0,267.0,2085.0,1988.0,3381.0,3570.0,1062.0,1842.0,0.055695142378559465,0.0508733164983165,0.11563725490196078,0.0999599358974359,0.17194835680751175,0.014638157894736843,0.10913944723618091,0.10458754208754209,0.16573529411764706,0.17878605769230768,0.06924882629107981,0.10098684210526315,-0.055695142378559465,-0.0508733164983165,-0.11563725490196078,-0.0999599358974359,0.17194835680751175,-0.014638157894736843,-0.10913944723618091,-0.10458754208754209,-0.16573529411764706,-0.17878605769230768,0.06924882629107981,-0.10098684210526315,SCP,SCP,SCP,SCP,ML,SCP,average,average,average,average,HistoricAverage,average,ML,ML,ML,ML,SCP,ML,HistoricAverage,HistoricAverage,HistoricAverage,HistoricAverage,average,HistoricAverage,48.96882494004796,51.35814889336016,30.227743271221534,44.08963585434173,59.72696245733788,85.50488599348535,53544.0,53918.0,49194.0,374.0,-4350.0,4900.0,6474.0,11009074,17265708,3,1633.3333333333333,2158.0,1915.6438430285868,2399.0072946950368,0.0915135215897206,0.12090990587180636,0.006984909607052144,-0.08124159569699686,SCP,average,ML,HistoricAverage,24.312635156008646,58512.0,54122.0,51058.0,-4390.0,-7454.0,4390.0,7454.0,7632066.0,19730530,3,1463.3333333333333,2484.6666666666665,1594.9990595608513,2564.53569546874,0.07502734481815695,0.12739267158873394,-0.07502734481815695,-0.12739267158873394,SCP,average,ML,HistoricAverage,41.10544674000537,112056.0,108040.0,100252.0,-4016.0,-11804.0,9290.0,13928.0,18641140,36996238,6,1548.3333333333333,2321.3333333333335,1762.6277731462949,2483.1511566287436,0.08290497608338687,0.12429499535946313,-0.035839223245520094,-0.10534018704933247,SCP,average,ML,HistoricAverage,33.29982768523838,2026-07-11 12:55:22.869,0,,"
"10261,63,62,10467,1,56,""MERCADONA, 1003 ZGZ PEREC"",""354"",,,,,,,,preserve current forecast,preserve current forecast,success,,NOT_COMPARABLE_MISSING_SCP_AND_ML,1,0,0,0.0,0.0,0.0,0.0,0.0,0.0,,,,,,,,,,,,,,,,,,,,,,,,,,,,,,,,,,,,,,,,,,,,,,,,,,,,,,,,,,,,,,,,,,,,,,,,,,,,,,,,,,,,,,,,,,,,,,,,,,,,,,,,,,,,,,,,,,,,,,,,,,,,,,,,,,,,,,,,,,,,,,,,,,,,,,,,,,,,,,,,,,,,,,,,,,,,,,,,,,,,,,,,,,,,,,,,,,,,,,,,,,2026-07-11 12:55:22.869,1,MissingHistory,NoForecastRowsMaterialized"
"10262,63,62,10467,1,57,""MERCADONA, 910 HUEVAR"",""326"",,,,AutoETS,smooth_acceptable,smooth_acceptable_acceptable,acceptable,x11 seasonal,x11 seasonal,success,smooth_acceptable,COMPARABLE,1,1,1,0.0,30432.0,28704.0,32880.0,27546.0,30540.0,31675.0,32026.0,29342.0,30735.0,28199.0,31399.0,31822.0,32243.0,29089.0,31384.0,27690.0,31283.0,31675.0,1594.0,638.0,-2145.0,653.0,859.0,31822.0,1811.0,385.0,-1496.0,144.0,743.0,31675.0,1594.0,638.0,2145.0,653.0,859.0,31822.0,1811.0,385.0,1496.0,144.0,743.0,1003305625,2540836.0,407044.0,4601025.0,426409.0,737881.0,1012639684,3279721.0,148225.0,2238016.0,20736.0,552049.0,0,1,1,1,1,1,,1594.0,638.0,2145.0,653.0,859.0,,1811.0,385.0,1496.0,144.0,743.0,,1594.0,638.0,2145.0,653.0,859.0,,1811.0,385.0,1496.0,144.0,743.0,,0.05237907465825447,0.022226867335562988,0.06523722627737226,0.02370580120525666,0.028127046496398165,,0.05950972660357518,0.013412764771460424,0.04549878345498783,0.005227619255064256,0.02432874918140144,,0.05237907465825447,0.022226867335562988,-0.06523722627737226,0.02370580120525666,0.028127046496398165,,0.05950972660357518,0.013412764771460424,-0.04549878345498783,0.005227619255064256,0.02432874918140144,,SCP,ML,ML,ML,ML,,x11 seasonal,AutoETS,AutoETS,AutoETS,AutoETS,,ML,SCP,SCP,SCP,SCP,,AutoETS,x11 seasonal,x11 seasonal,x11 seasonal,x11 seasonal,,11.982330204307008,39.6551724137931,30.256410256410255,77.947932618683,13.50407450523865,90966.0,90333.0,90357.0,-633.0,-609.0,3657.0,2383.0,5765315.0,2810801.0,3,1219.0,794.3333333333334,1386.2797937886373,967.9533390957782,0.04020183365213376,0.026196600927819187,-0.006958643888925533,-0.006694809049534991,ML,AutoETS,SCP,x11 seasonal,34.83729833196609,59136.0,93043.0,93154.0,33907.0,34018.0,33907.0,34018.0,1006253505,1016067630,2,16953.5,17009.0,22430.487121326634,22539.605475695444,0.5733732413419913,0.5752502705627706,0.5733732413419913,0.5752502705627706,SCP,x11 seasonal,ML,AutoETS,0.3262978423187789,150102.0,183376.0,183511.0,33274.0,33409.0,37564.0,36401.0,1012018820,1018878431,5,7512.8,7280.2,14226.867680554284,14275.002143607544,0.25025649225193536,0.24250842760256358,0.221675927036282,0.2225753154521592,ML,AutoETS,SCP,x11 seasonal,3.0960494090086317,2026-07-11 12:55:22.869,0,,"
"10263,63,62,10467,1,58,""MERCADONA, 1003 ZGZ PEREC"",""460"",,,,,,,,preserve current forecast,preserve current forecast,success,,NOT_COMPARABLE_MISSING_SCP_AND_ML,1,0,0,0.0,0.0,0.0,0.0,0.0,0.0,,,,,,,,,,,,,,,,,,,,,,,,,,,,,,,,,,,,,,,,,,,,,,,,,,,,,,,,,,,,,,,,,,,,,,,,,,,,,,,,,,,,,,,,,,,,,,,,,,,,,,,,,,,,,,,,,,,,,,,,,,,,,,,,,,,,,,,,,,,,,,,,,,,,,,,,,,,,,,,,,,,,,,,,,,,,,,,,,,,,,,,,,,,,,,,,,,,,,,,,,,2026-07-11 12:55:22.869,1,MissingHistory,NoForecastRowsMaterialized"
"10264,63,62,10467,1,59,""MERCADONA, 1151 GETAFE PE"",""356"",,,,AutoETS,smooth_acceptable,smooth_acceptable_acceptable,acceptable,x11 lineal,x11 lineal,success,smooth_acceptable,COMPARABLE,1,1,1,14460.0,16068.0,14916.0,15252.0,12348.0,14472.0,14571.0,14731.0,13813.0,14197.0,13866.0,14350.0,13456.0,13725.0,12527.0,14129.0,14111.0,14778.0,111.0,-1337.0,-1103.0,-1055.0,1518.0,-122.0,-1004.0,-2343.0,-2389.0,-1123.0,1763.0,306.0,111.0,1337.0,1103.0,1055.0,1518.0,122.0,1004.0,2343.0,2389.0,1123.0,1763.0,306.0,12321.0,1787569.0,1216609.0,1113025.0,2304324.0,14884.0,1008016.0,5489649.0,5707321.0,1261129.0,3108169.0,93636.0,1,1,1,1,1,1,111.0,1337.0,1103.0,1055.0,1518.0,122.0,1004.0,2343.0,2389.0,1123.0,1763.0,306.0,111.0,1337.0,1103.0,1055.0,1518.0,122.0,1004.0,2343.0,2389.0,1123.0,1763.0,306.0,0.007676348547717842,0.08320886233507593,0.07394743899168678,0.06917125622869132,0.12293488824101069,0.008430071862907684,0.069432918395574,0.14581777445855115,0.1601635827299544,0.07362968790978232,0.14277615808228053,0.021144278606965175,0.007676348547717842,-0.08320886233507593,-0.07394743899168678,-0.06917125622869132,0.12293488824101069,-0.008430071862907684,-0.069432918395574,-0.14581777445855115,-0.1601635827299544,-0.07362968790978232,0.14277615808228053,0.021144278606965175,SCP,SCP,SCP,SCP,SCP,SCP,x11 lineal,x11 lineal,x11 lineal,x11 lineal,x11 lineal,x11 lineal,ML,ML,ML,ML,ML,ML,AutoETS,AutoETS,AutoETS,AutoETS,AutoETS,AutoETS,88.94422310756973,42.936406316688,53.83005441607367,6.055209260908279,13.896766874645488,60.130718954248366,42072.0,42413.0,43018.0,341.0,946.0,2695.0,3192.0,3432233.0,4462934.0,3,898.3333333333334,1064.0,1069.6156630615815,1219.6903978742585,0.06405685491538315,0.07586993725042784,0.008105153070926031,0.02248526335805286,SCP,x11 lineal,ML,AutoETS,15.570175438596495,45444.0,43115.0,39708.0,-2329.0,-5736.0,2551.0,5736.0,3016499.0,12204986,3,850.3333333333334,1912.0,1002.7460629026008,2017.009833061472,0.056135023325411496,0.12622128333773436,-0.05124988997447408,-0.12622128333773436,SCP,x11 lineal,ML,AutoETS,55.52649930264993,87516.0,85528.0,82726.0,-1988.0,-4790.0,5246.0,8928.0,6448732.0,16667920,6,874.3333333333334,1488.0,1036.7201486740125,1666.7293321552443,0.059943324649207,0.10201563142739613,-0.02271584624525801,-0.05473284885049591,SCP,x11 lineal,ML,AutoETS,41.241039426523294,2026-07-11 12:55:22.869,0,,"
"10265,63,62,10467,1,60,""MERCADONA, 1025 GUADIX FR"",""329"",,,,MovingAverage3M,smooth_acceptable,smooth_acceptable_acceptable,acceptable,x11 lineal,x11 lineal,success,smooth_acceptable,COMPARABLE,1,1,1,8328.0,8424.0,7464.0,8784.0,8280.0,9792.0,8897.0,8695.0,8679.0,8986.0,8595.0,9077.0,8706.0,8706.0,8706.0,8696.0,8064.0,9306.0,569.0,271.0,1215.0,202.0,315.0,-715.0,378.0,282.0,1242.0,-88.0,-216.0,-486.0,569.0,271.0,1215.0,202.0,315.0,715.0,378.0,282.0,1242.0,88.0,216.0,486.0,323761.0,73441.0,1476225.0,40804.0,99225.0,511225.0,142884.0,79524.0,1542564.0,7744.0,46656.0,236196.0,1,1,1,1,1,1,569.0,271.0,1215.0,202.0,315.0,715.0,378.0,282.0,1242.0,88.0,216.0,486.0,569.0,271.0,1215.0,202.0,315.0,715.0,378.0,282.0,1242.0,88.0,216.0,486.0,0.06832372718539866,0.032169990503323836,0.16278135048231512,0.022996357012750455,0.03804347826086957,0.0730187908496732,0.045389048991354465,0.03347578347578348,0.16639871382636656,0.010018214936247723,0.02608695652173913,0.04963235294117647,0.06832372718539866,0.032169990503323836,0.16278135048231512,0.022996357012750455,0.03804347826086957,-0.0730187908496732,0.045389048991354465,0.03347578347578348,0.16639871382636656,-0.010018214936247723,-0.02608695652173913,-0.04963235294117647,ML,SCP,SCP,ML,ML,ML,MovingAverage3M,x11 lineal,x11 lineal,MovingAverage3M,MovingAverage3M,MovingAverage3M,SCP,ML,ML,SCP,SCP,SCP,x11 lineal,MovingAverage3M,MovingAverage3M,x11 lineal,x11 lineal,x11 lineal,33.567662565905096,3.90070921985816,2.173913043478256,56.43564356435644,31.428571428571438,32.027972027972034,26856.0,26658.0,26066.0,-198.0,-790.0,1232.0,790.0,651254.0,290596.0,3,410.6666666666667,263.3333333333333,465.92345580220217,311.2319606552857,0.045874292523086085,0.029416145367887996,-0.007372654155495978,-0.029416145367887996,ML,MovingAverage3M,SCP,x11 lineal,35.87662337662337,24216.0,26271.0,26118.0,2055.0,1902.0,2055.0,1902.0,1873427.0,1764972.0,3,685.0,634.0,790.2377279443615,767.0228158275346,0.08486124876114966,0.07854311199207135,0.08486124876114966,0.07854311199207135,ML,MovingAverage3M,SCP,x11 lineal,7.445255474452564,51072.0,52929.0,52184.0,1857.0,1112.0,3287.0,2692.0,2524681.0,2055568.0,6,547.8333333333334,448.6666666666667,648.6757022323765,585.3158691396183,0.06436011904761904,0.052709899749373436,0.036360432330827065,0.021773182957393483,ML,MovingAverage3M,SCP,x11 lineal,18.101612412534212,2026-07-11 12:55:22.869,0,,"
"10266,63,62,10467,1,61,""MERCADONA, 910 HUEVAR"",""332"",,,,AutoETS,smooth_acceptable,smooth_acceptable_acceptable,acceptable,x11 seasonal,x11 seasonal,success,smooth_acceptable,COMPARABLE,1,1,1,0.0,49200.0,45888.0,51552.0,43992.0,47904.0,49545.0,51466.0,47837.0,48104.0,45147.0,50878.0,51105.0,52139.0,47972.0,49834.0,44514.0,50806.0,49545.0,2266.0,1949.0,-3448.0,1155.0,2974.0,51105.0,2939.0,2084.0,-1718.0,522.0,2902.0,49545.0,2266.0,1949.0,3448.0,1155.0,2974.0,51105.0,2939.0,2084.0,1718.0,522.0,2902.0,2454707025,5134756.0,3798601.0,11888704,1334025.0,8844676.0,2611721025,8637721.0,4343056.0,2951524.0,272484.0,8421604.0,0,1,1,1,1,1,,2266.0,1949.0,3448.0,1155.0,2974.0,,2939.0,2084.0,1718.0,522.0,2902.0,,2266.0,1949.0,3448.0,1155.0,2974.0,,2939.0,2084.0,1718.0,522.0,2902.0,,0.04605691056910569,0.04247297768479777,0.06688392302917442,0.026254773595199128,0.06208249832999332,,0.05973577235772358,0.045414923291492326,0.03332557417752949,0.011865793780687398,0.060579492317969275,,0.04605691056910569,0.04247297768479777,-0.06688392302917442,0.026254773595199128,0.06208249832999332,,0.05973577235772358,0.045414923291492326,-0.03332557417752949,0.011865793780687398,0.060579492317969275,,SCP,SCP,ML,ML,ML,,x11 seasonal,x11 seasonal,AutoETS,AutoETS,AutoETS,,ML,ML,SCP,SCP,SCP,,AutoETS,AutoETS,x11 seasonal,x11 seasonal,x11 seasonal,,22.8989452194624,6.477927063339724,50.17401392111368,54.8051948051948,2.4209818426361713,143448.0,144129.0,145154.0,681.0,1706.0,7577.0,5142.0,22067405,11645612,3,2525.6666666666665,1714.0,2712.158119775959,1970.2463466954243,0.052820534270258214,0.03584574201104233,0.004747364898778652,0.011892811332329485,ML,AutoETS,SCP,x11 seasonal,32.13672957634949,95088.0,148848.0,151216.0,53760.0,56128.0,53760.0,56128.0,2463640382,2624701802,2,26880.0,28064.0,35097.29606394202,36226.38404533359,0.5653710247349824,0.5902742722530708,0.5653710247349824,0.5902742722530708,SCP,x11 seasonal,ML,AutoETS,4.218928164196118,238536.0,292977.0,296370.0,54441.0,57834.0,61337.0,61270.0,2485707787,2636347414,5,12267.4,12254.0,22296.671442168223,22962.34924392537,0.25713938357312943,0.25685850353825,0.2282297011771808,0.2424539692121944,ML,AutoETS,SCP,x11 seasonal,0.10923260022498064,2026-07-11 12:55:22.869,0,,"
"10267,63,62,10467,1,62,""MERCADONA, 1105 PARC SAGU"",""332"",,,,AutoARIMA,smooth_acceptable,smooth_acceptable_acceptable,acceptable,x11 lineal,x11 lineal,success,smooth_acceptable,COMPARABLE,1,1,1,134280.0,140916.0,134160.0,169308.0,127704.0,145176.0,60782.0,120145.0,118303.0,172637.0,190887.0,216508.0,153182.0,153182.0,153181.0,195558.0,177614.0,205483.0,-73498.0,-20771.0,-15857.0,3329.0,63183.0,71332.0,18902.0,12266.0,19021.0,26250.0,49910.0,60307.0,73498.0,20771.0,15857.0,3329.0,63183.0,71332.0,18902.0,12266.0,19021.0,26250.0,49910.0,60307.0,5401956004,431434441,251444449,11082241,3992091489,5088254224,357285604,150454756,361798441,689062500,2491008100,3636934249,1,1,1,1,1,1,73498.0,20771.0,15857.0,3329.0,63183.0,71332.0,18902.0,12266.0,19021.0,26250.0,49910.0,60307.0,73498.0,20771.0,15857.0,3329.0,63183.0,71332.0,18902.0,12266.0,19021.0,26250.0,49910.0,60307.0,0.5473488233541853,0.1473998694257572,0.11819469290399523,0.019662390436364495,0.49476132305957526,0.49134843224775443,0.14076556449210606,0.08704476425672032,0.14177847346451997,0.15504288043093062,0.3908256593372173,0.4154061277346118,-0.5473488233541853,-0.1473998694257572,-0.11819469290399523,0.019662390436364495,0.49476132305957526,0.49134843224775443,0.14076556449210606,0.08704476425672032,0.14177847346451997,0.15504288043093062,0.3908256593372173,0.4154061277346118,ML,ML,SCP,SCP,ML,ML,AutoARIMA,AutoARIMA,x11 lineal,x11 lineal,AutoARIMA,AutoARIMA,SCP,SCP,ML,ML,SCP,SCP,x11 lineal,x11 lineal,AutoARIMA,AutoARIMA,x11 lineal,x11 lineal,74.28229339573865,40.94651196379567,16.634246359287097,87.31809523809524,21.00723295823244,15.4558963718948,442188.0,580032.0,578655.0,137844.0,136467.0,137844.0,136467.0,9091427954,6817004849,3,45948.0,45489.0,55049.75916992432,47669.01456571833,0.31173166164617766,0.30861760156313606,0.31173166164617766,0.30861760156313606,ML,AutoARIMA,SCP,x11 lineal,0.9989553408200578,409356.0,299230.0,459545.0,-110126.0,50189.0,110126.0,50189.0,6084834894,869538801,3,36708.666666666664,16729.666666666668,45036.41080281598,17024.87201126634,0.2690225622685389,0.12260477432845739,-0.2690225622685389,0.12260477432845739,ML,AutoARIMA,SCP,x11 lineal,54.42583949294444,851544.0,879262.0,1038200.0,27718.0,186656.0,247970.0,186656.0,15176262848,7686543650,6,41328.333333333336,31109.333333333332,50292.91343055534,35792.32610956339,0.2912004547034563,0.21919712897982957,0.03255028512913014,0.21919712897982957,ML,AutoARIMA,SCP,x11 lineal,24.72637819091019,2026-07-11 12:55:22.869,0,,"
"10268,63,62,10467,1,63,""MERCADONA, 927 CIEMPOZUEL"",""320"",,,,AutoARIMA,smooth_acceptable,smooth_acceptable_acceptable,acceptable,x11 lineal,x11 lineal,success,smooth_acceptable,COMPARABLE,1,1,1,51288.0,53664.0,53256.0,54096.0,46488.0,52728.0,51189.0,53560.0,51144.0,51174.0,49320.0,51806.0,53476.0,57547.0,50887.0,49314.0,49281.0,49247.0,-99.0,-104.0,-2112.0,-2922.0,2832.0,-922.0,2188.0,3883.0,-2369.0,-4782.0,2793.0,-3481.0,99.0,104.0,2112.0,2922.0,2832.0,922.0,2188.0,3883.0,2369.0,4782.0,2793.0,3481.0,9801.0,10816.0,4460544.0,8538084.0,8020224.0,850084.0,4787344.0,15077689,5612161.0,22867524,7800849.0,12117361,1,1,1,1,1,1,99.0,104.0,2112.0,2922.0,2832.0,922.0,2188.0,3883.0,2369.0,4782.0,2793.0,3481.0,99.0,104.0,2112.0,2922.0,2832.0,922.0,2188.0,3883.0,2369.0,4782.0,2793.0,3481.0,0.001930276087973795,0.001937984496124031,0.03965750337990086,0.0540150842945874,0.060918946824987094,0.017485965710817782,0.04266105131804711,0.07235763267740011,0.04448325071353462,0.08839840283939662,0.06008002065049045,0.06601805492338036,-0.001930276087973795,-0.001937984496124031,-0.03965750337990086,-0.0540150842945874,0.060918946824987094,-0.017485965710817782,0.04266105131804711,0.07235763267740011,-0.04448325071353462,-0.08839840283939662,0.06008002065049045,-0.06601805492338036,SCP,SCP,SCP,SCP,ML,SCP,x11 lineal,x11 lineal,x11 lineal,x11 lineal,AutoARIMA,x11 lineal,ML,ML,ML,ML,SCP,ML,AutoARIMA,AutoARIMA,AutoARIMA,AutoARIMA,x11 lineal,AutoARIMA,95.47531992687385,97.32165851146021,10.848459265512867,38.89585947302383,1.3771186440677947,73.51335823039355,153312.0,152300.0,147842.0,-1012.0,-5470.0,6676.0,11056.0,17408392,42785734,3,2225.3333333333335,3685.3333333333335,2408.899610472245,3776.494582722625,0.04354518889584638,0.07211438113128783,-0.006600918388645377,-0.035678877061156335,SCP,x11 lineal,ML,AutoARIMA,39.61649782923299,158208.0,155893.0,161910.0,-2315.0,3702.0,2315.0,8440.0,4481161.0,25477194,3,771.6666666666666,2813.3333333333335,1222.1785194206832,2914.171923548781,0.014632635517799353,0.05334749190938511,-0.014632635517799353,0.023399575242718445,SCP,x11 lineal,ML,AutoARIMA,72.57109004739335,311520.0,308193.0,309752.0,-3327.0,-1768.0,8991.0,19496.0,21889553,68262928,6,1498.5,3249.3333333333335,1910.0415789540639,3373.003804721641,0.02886171032357473,0.06258346173600411,-0.010679892141756549,-0.005675398048279404,SCP,x11 lineal,ML,AutoARIMA,53.88284776364382,2026-07-11 12:55:22.869,0,,"
"10269,63,62,10467,1,64,""MERCADONA, 1105 PARC SAGU"",""324"",,,,AutoETS,smooth_acceptable,smooth_acceptable_acceptable,acceptable,x11 lineal,x11 lineal,success,smooth_acceptable,COMPARABLE,1,1,1,47616.0,51144.0,44928.0,56472.0,43716.0,49776.0,22816.0,41450.0,38402.0,58083.0,61406.0,75275.0,54017.0,54017.0,54017.0,117486.0,121268.0,148478.0,-24800.0,-9694.0,-6526.0,1611.0,17690.0,25499.0,6401.0,2873.0,9089.0,61014.0,77552.0,98702.0,24800.0,9694.0,6526.0,1611.0,17690.0,25499.0,6401.0,2873.0,9089.0,61014.0,77552.0,98702.0,615040000,93973636,42588676,2595321.0,312936100,650199001,40972801,8254129.0,82609921,3722708196,6014312704,9742084804,1,1,1,1,1,1,24800.0,9694.0,6526.0,1611.0,17690.0,25499.0,6401.0,2873.0,9089.0,61014.0,77552.0,98702.0,24800.0,9694.0,6526.0,1611.0,17690.0,25499.0,6401.0,2873.0,9089.0,61014.0,77552.0,98702.0,0.5208333333333334,0.189543250430158,0.14525462962962962,0.028527411814704633,0.40465733369933204,0.5122749919639987,0.13442960349462366,0.05617472235257313,0.2023014601139601,1.0804292392690182,1.7739957910147315,1.9829234972677596,-0.5208333333333334,-0.189543250430158,-0.14525462962962962,0.028527411814704633,0.40465733369933204,0.5122749919639987,0.13442960349462366,0.05617472235257313,0.2023014601139601,1.0804292392690182,1.7739957910147315,1.9829234972677596,ML,ML,SCP,SCP,SCP,SCP,AutoETS,AutoETS,x11 lineal,x11 lineal,x11 lineal,x11 lineal,SCP,SCP,ML,ML,ML,ML,x11 lineal,x11 lineal,AutoETS,AutoETS,AutoETS,AutoETS,74.18951612903226,70.36311120280587,28.19892177357245,97.35962238174845,77.18949865896431,74.16567040181556,149964.0,194764.0,387232.0,44800.0,237268.0,44800.0,237268.0,965730422,19479105704,3,14933.333333333334,79089.33333333333,17941.854437785038,80579.37226528057,0.29873836387399644,1.5821663865994506,0.29873836387399644,1.5821663865994506,SCP,x11 lineal,ML,AutoETS,81.11839776118146,143688.0,102668.0,162051.0,-41020.0,18363.0,41020.0,18363.0,751602312,131836851,3,13673.333333333334,6121.0,15828.26914100212,6629.1490404123515,0.2854796503535438,0.12779772841155837,-0.2854796503535438,0.12779772841155837,ML,AutoETS,SCP,x11 lineal,55.23403217942467,293652.0,297432.0,549283.0,3780.0,255631.0,85820.0,255631.0,1717332734,19610942555,6,14303.333333333334,42605.166666666664,16918.10043513554,57170.71300791458,0.2922506912944574,0.8705236129840764,0.012872379551305628,0.8705236129840764,SCP,x11 lineal,ML,AutoETS,66.42817185709087,2026-07-11 12:55:22.869,0,,"
"10270,63,62,10467,1,65,""MERCADONA, 1131 ANTEQUERA"",""330"",,,,AutoARIMA,smooth_acceptable,smooth_acceptable_acceptable,acceptable,x11 lineal,x11 lineal,success,smooth_acceptable,COMPARABLE,1,1,1,26887.0,26403.0,22654.0,26163.0,20034.0,22387.0,24627.0,24928.0,22223.0,24982.0,23846.0,24770.0,27550.0,27835.0,25455.0,25864.0,24056.0,25440.0,-2260.0,-1475.0,-431.0,-1181.0,3812.0,2383.0,663.0,1432.0,2801.0,-299.0,4022.0,3053.0,2260.0,1475.0,431.0,1181.0,3812.0,2383.0,663.0,1432.0,2801.0,299.0,4022.0,3053.0,5107600.0,2175625.0,185761.0,1394761.0,14531344,5678689.0,439569.0,2050624.0,7845601.0,89401.0,16176484,9320809.0,1,1,1,1,1,1,2260.0,1475.0,431.0,1181.0,3812.0,2383.0,663.0,1432.0,2801.0,299.0,4022.0,3053.0,2260.0,1475.0,431.0,1181.0,3812.0,2383.0,663.0,1432.0,2801.0,299.0,4022.0,3053.0,0.08405549150146911,0.05586486384123016,0.019025337688708396,0.045140083323777856,0.1902765298991714,0.10644570509670791,0.02465875702012125,0.05423626103094345,0.12364262381919308,0.011428353017620303,0.20075871019267247,0.13637378835931568,-0.08405549150146911,-0.05586486384123016,-0.019025337688708396,-0.045140083323777856,0.1902765298991714,0.10644570509670791,0.02465875702012125,0.05423626103094345,0.12364262381919308,-0.011428353017620303,0.20075871019267247,0.13637378835931568,ML,ML,SCP,ML,SCP,SCP,AutoARIMA,AutoARIMA,x11 lineal,AutoARIMA,x11 lineal,x11 lineal,SCP,SCP,ML,SCP,ML,ML,x11 lineal,x11 lineal,AutoARIMA,x11 lineal,AutoARIMA,AutoARIMA,70.6637168141593,2.9152542372881407,84.61263834344876,74.68247248094835,5.221282943809058,21.9456272518834,68584.0,73598.0,75360.0,5014.0,6776.0,7376.0,7374.0,21604794,25586694,3,2458.6666666666665,2458.0,2683.579326198501,2920.4277084016308,0.10754694972588359,0.107517788405459,0.07310743030444418,0.09879855359850694,ML,AutoARIMA,SCP,x11 lineal,0.027114967462039587,75944.0,71778.0,80840.0,-4166.0,4896.0,4166.0,4896.0,7468986.0,10335794,3,1388.6666666666667,1632.0,1577.866280772867,1856.1424155130626,0.054856209838828614,0.06446855577794164,-0.054856209838828614,0.06446855577794164,SCP,x11 lineal,ML,AutoARIMA,14.910130718954239,144528.0,145376.0,156200.0,848.0,11672.0,11542.0,12270.0,29073780,35922488,6,1923.6666666666667,2045.0,2201.279173571585,2446.851310017291,0.079859957932027,0.08489704417137164,0.005867375179895937,0.08075943761762426,SCP,x11 lineal,ML,AutoARIMA,5.933170334148343,2026-07-11 12:55:22.869,0,,"
"10271,63,62,10467,1,66,"""",""55"",,,,,unknown_oneOff,unknown_oneOff_oneOff,oneOff,average,average,success,unknown_oneOff,NOT_COMPARABLE_MISSING_ML,1,1,0,0.0,0.0,0.0,250.0,0.0,0.0,250.0,250.0,250.0,0.0,0.0,0.0,,,,,,,,,,,,,,,,,,,,,,,,,,,,,,,,,,,,,,,,,,,,,,,,,,,,,,,,,,,,,,,,,,,,,,,,,,,,,,,,,,,,,,,,,,,,,,,,,,,,,,,,,,,,,,,,,,,,,,,,,,,,,,,,,,,,,,,,,,,,,,,,,,,,,,,,,,,,,,,,,,,,,,,,,,,,,,,,,,,,,,,,,,,,,,,,,,,,2026-07-11 12:55:22.869,0,,NoForecastRowsMaterialized"
"10272,63,62,10467,1,67,""MERCADONA, 1025 GUADIX FR"",""321"",,,,AutoARIMA,smooth_acceptable,smooth_acceptable_acceptable,acceptable,x11 lineal,x11 lineal,success,smooth_acceptable,COMPARABLE,1,1,1,11500.0,10960.0,10120.0,11520.0,11200.0,12540.0,11642.0,12097.0,10964.0,11888.0,11371.0,12314.0,11476.0,11743.0,11013.0,11707.0,11271.0,12432.0,142.0,1137.0,844.0,368.0,171.0,-226.0,-24.0,783.0,893.0,187.0,71.0,-108.0,142.0,1137.0,844.0,368.0,171.0,226.0,24.0,783.0,893.0,187.0,71.0,108.0,20164.0,1292769.0,712336.0,135424.0,29241.0,51076.0,576.0,613089.0,797449.0,34969.0,5041.0,11664.0,1,1,1,1,1,1,142.0,1137.0,844.0,368.0,171.0,226.0,24.0,783.0,893.0,187.0,71.0,108.0,142.0,1137.0,844.0,368.0,171.0,226.0,24.0,783.0,893.0,187.0,71.0,108.0,0.012347826086956521,0.10374087591240876,0.08339920948616601,0.03194444444444444,0.015267857142857142,0.01802232854864434,0.0020869565217391303,0.07144160583941606,0.08824110671936759,0.01623263888888889,0.006339285714285714,0.00861244019138756,0.012347826086956521,0.10374087591240876,0.08339920948616601,0.03194444444444444,0.015267857142857142,-0.01802232854864434,-0.0020869565217391303,0.07144160583941606,0.08824110671936759,0.01623263888888889,0.006339285714285714,-0.00861244019138756,ML,ML,SCP,ML,ML,ML,AutoARIMA,AutoARIMA,x11 lineal,AutoARIMA,AutoARIMA,AutoARIMA,SCP,SCP,ML,SCP,SCP,SCP,x11 lineal,x11 lineal,AutoARIMA,x11 lineal,x11 lineal,x11 lineal,83.09859154929578,31.13456464379947,5.487122060470324,49.18478260869564,58.47953216374269,52.21238938053098,35260.0,35573.0,35410.0,313.0,150.0,765.0,366.0,215741.0,51674.0,3,255.0,122.0,268.167236378098,131.2427775790602,0.021695972773681224,0.010380034032898468,0.008876914350538855,0.004254112308564946,ML,AutoARIMA,SCP,x11 lineal,52.156862745098046,32580.0,34703.0,34232.0,2123.0,1652.0,2123.0,1700.0,2025269.0,1411114.0,3,707.6666666666666,566.6666666666666,821.6384038411707,685.8362292364944,0.06516267648864334,0.0521792510742787,0.06516267648864334,0.050705954573357886,ML,AutoARIMA,SCP,x11 lineal,19.924634950541687,67840.0,70276.0,69642.0,2436.0,1802.0,2888.0,2066.0,2241010.0,1462788.0,6,481.3333333333333,344.3333333333333,611.1478271798621,493.75905054996207,0.04257075471698113,0.030454009433962263,0.03590801886792453,0.0265625,ML,AutoARIMA,SCP,x11 lineal,28.462603878116344,2026-07-11 12:55:22.869,0,,"
"10273,63,62,10467,1,68,""MERCADONA, 1131 ANTEQUERA"",""353"",,,,AutoARIMA,smooth_acceptable,smooth_acceptable_acceptable,acceptable,x11 seasonal,x11 seasonal,success,smooth_acceptable,COMPARABLE,1,1,1,42584.0,45544.0,41240.0,51624.0,39184.0,46568.0,39760.0,44620.0,41451.0,44843.0,39533.0,46621.0,41731.0,46607.0,42321.0,47937.0,41538.0,48875.0,-2824.0,-924.0,211.0,-6781.0,349.0,53.0,-853.0,1063.0,1081.0,-3687.0,2354.0,2307.0,2824.0,924.0,211.0,6781.0,349.0,53.0,853.0,1063.0,1081.0,3687.0,2354.0,2307.0,7974976.0,853776.0,44521.0,45981961,121801.0,2809.0,727609.0,1129969.0,1168561.0,13593969,5541316.0,5322249.0,1,1,1,1,1,1,2824.0,924.0,211.0,6781.0,349.0,53.0,853.0,1063.0,1081.0,3687.0,2354.0,2307.0,2824.0,924.0,211.0,6781.0,349.0,53.0,853.0,1063.0,1081.0,3687.0,2354.0,2307.0,0.06631598722524892,0.02028807307219392,0.00511639185257032,0.13135363396869673,0.008906696610861577,0.0011381205978354234,0.020030997557768177,0.02334006674863868,0.026212415130940834,0.07142026964202697,0.06007554103715802,0.04954045696615702,-0.06631598722524892,-0.02028807307219392,0.00511639185257032,-0.13135363396869673,0.008906696610861577,0.0011381205978354234,-0.020030997557768177,0.02334006674863868,0.026212415130940834,-0.07142026964202697,0.06007554103715802,0.04954045696615702,ML,SCP,SCP,ML,SCP,SCP,AutoARIMA,x11 seasonal,x11 seasonal,AutoARIMA,x11 seasonal,x11 seasonal,SCP,ML,ML,SCP,ML,ML,x11 seasonal,AutoARIMA,AutoARIMA,x11 seasonal,AutoARIMA,AutoARIMA,69.79461756373938,13.076199435559738,80.48103607770582,45.62748857100723,85.17417162276976,97.7026441265713,137376.0,130997.0,138350.0,-6379.0,974.0,7183.0,8348.0,46106571,24457534,3,2394.3333333333335,2782.6666666666665,3920.31338033071,2855.2602916955457,0.052287153505706965,0.06076752853482413,-0.046434602841835544,0.007090030281854181,SCP,x11 seasonal,ML,AutoARIMA,13.955438428366074,129368.0,125831.0,130659.0,-3537.0,1291.0,3959.0,2997.0,8873273.0,3026139.0,3,1319.6666666666667,999.0,1719.8132650571883,1004.3470515713182,0.030602621977614246,0.02316647084286686,-0.027340609733473503,0.009979283903283656,ML,AutoARIMA,SCP,x11 seasonal,24.29906542056074,266744.0,256828.0,269009.0,-9916.0,2265.0,11142.0,11345.0,54979844,27483673,6,1857.0,1890.8333333333333,3027.0955276193936,2140.236474473479,0.041770386587889514,0.04253141588939208,-0.037174219476351855,0.008491287526617281,SCP,x11 seasonal,ML,AutoARIMA,1.7893345085940897,2026-07-11 12:55:22.869,0,,"
"10274,63,62,10467,1,69,""MERCADONA, 1246 RIBARROJA"",""334"",,,,HistoricAverage,smooth_recentRelease,smooth_recentRelease_recentRelease,recentRelease,average,average,success,smooth_recentRelease,COMPARABLE,1,1,1,22848.0,25408.0,25920.0,27536.0,23680.0,26656.0,26052.0,26052.0,26052.0,25971.0,25970.0,25971.0,24464.0,24464.0,24464.0,23344.0,23344.0,23344.0,3204.0,644.0,132.0,-1565.0,2290.0,-685.0,1616.0,-944.0,-1456.0,-4192.0,-336.0,-3312.0,3204.0,644.0,132.0,1565.0,2290.0,685.0,1616.0,944.0,1456.0,4192.0,336.0,3312.0,10265616,414736.0,17424.0,2449225.0,5244100.0,469225.0,2611456.0,891136.0,2119936.0,17572864,112896.0,10969344,1,1,1,1,1,1,3204.0,644.0,132.0,1565.0,2290.0,685.0,1616.0,944.0,1456.0,4192.0,336.0,3312.0,3204.0,644.0,132.0,1565.0,2290.0,685.0,1616.0,944.0,1456.0,4192.0,336.0,3312.0,0.1402310924369748,0.025346347607052896,0.005092592592592593,0.056834689134224285,0.09670608108108109,0.02569777911164466,0.07072829131652661,0.0371536523929471,0.05617283950617284,0.15223707147007554,0.01418918918918919,0.12424969987995198,0.1402310924369748,0.025346347607052896,0.005092592592592593,-0.056834689134224285,0.09670608108108109,-0.02569777911164466,0.07072829131652661,-0.0371536523929471,-0.05617283950617284,-0.15223707147007554,-0.01418918918918919,-0.12424969987995198,ML,SCP,SCP,SCP,ML,SCP,HistoricAverage,average,average,average,HistoricAverage,average,SCP,ML,ML,ML,SCP,ML,average,HistoricAverage,HistoricAverage,HistoricAverage,average,HistoricAverage,49.56304619225968,31.779661016949152,90.93406593406593,62.666984732824424,85.32751091703058,79.31763285024155,77872.0,77912.0,70032.0,40.0,-7840.0,4540.0,7840.0,8162550.0,28655104,3,1513.3333333333333,2613.3333333333335,1649.4999242194588,3090.5826850827552,0.058300801314978425,0.10067803575097596,0.0005136634477091,-0.10067803575097596,SCP,average,ML,HistoricAverage,42.09183673469388,74176.0,78156.0,73392.0,3980.0,-784.0,3980.0,4016.0,10697776,5622528.0,3,1326.6666666666667,1338.6666666666667,1888.365783775308,1369.0054784404626,0.053656169111302845,0.05414150129421916,0.053656169111302845,-0.010569456427955135,SCP,average,ML,HistoricAverage,0.8964143426294912,152048.0,156068.0,143424.0,4020.0,-8624.0,8520.0,11856.0,18860326,34277632,6,1420.0,1976.0,1772.9601424359957,2390.1754468378817,0.05603493633589393,0.07797537619699042,0.02643901925707671,-0.05671893086393771,SCP,average,ML,HistoricAverage,28.13765182186234,2026-07-11 12:55:22.869,0,,"
"10275,63,62,10467,1,70,""MERCADONA, 1246 RIBARROJA"",""357"",,,,HistoricAverage,smooth_recentRelease,smooth_recentRelease_recentRelease,recentRelease,average,average,success,smooth_recentRelease,COMPARABLE,1,1,1,24432.0,26496.0,23472.0,25536.0,22512.0,23328.0,23434.0,23433.0,23434.0,21194.0,21193.0,21193.0,22173.0,22172.0,22173.0,20958.0,20958.0,20958.0,-998.0,-3063.0,-38.0,-4342.0,-1319.0,-2135.0,-2259.0,-4324.0,-1299.0,-4578.0,-1554.0,-2370.0,998.0,3063.0,38.0,4342.0,1319.0,2135.0,2259.0,4324.0,1299.0,4578.0,1554.0,2370.0,996004.0,9381969.0,1444.0,18852964,1739761.0,4558225.0,5103081.0,18696976,1687401.0,20958084,2414916.0,5616900.0,1,1,1,1,1,1,998.0,3063.0,38.0,4342.0,1319.0,2135.0,2259.0,4324.0,1299.0,4578.0,1554.0,2370.0,998.0,3063.0,38.0,4342.0,1319.0,2135.0,2259.0,4324.0,1299.0,4578.0,1554.0,2370.0,0.04084806810740013,0.11560235507246377,0.0016189502385821404,0.1700344611528822,0.058590973702914,0.09152091906721536,0.0924607072691552,0.16319444444444445,0.05534253578732106,0.17927631578947367,0.06902985074626866,0.10159465020576132,-0.04084806810740013,-0.11560235507246377,-0.0016189502385821404,-0.1700344611528822,-0.058590973702914,-0.09152091906721536,-0.0924607072691552,-0.16319444444444445,-0.05534253578732106,-0.17927631578947367,-0.06902985074626866,-0.10159465020576132,SCP,SCP,SCP,SCP,SCP,SCP,average,average,average,average,average,average,ML,ML,ML,ML,ML,ML,HistoricAverage,HistoricAverage,HistoricAverage,HistoricAverage,HistoricAverage,HistoricAverage,55.82115980522355,29.162812210915817,97.07467282525019,5.155089558759278,15.122265122265127,9.915611814345993,71376.0,63580.0,62874.0,-7796.0,-8502.0,7796.0,8502.0,25150950,28989900,3,2598.6666666666665,2834.0,2895.4533323816495,3108.584887050698,0.1092243891504147,0.1191156691324815,-0.1092243891504147,-0.1191156691324815,SCP,average,ML,HistoricAverage,8.30392848741473,74400.0,70301.0,66518.0,-4099.0,-7882.0,4099.0,7882.0,10379417,25487458,3,1366.3333333333333,2627.3333333333335,1860.0552859167026,2914.7588808224486,0.055094086021505374,0.10594086021505376,-0.055094086021505374,-0.10594086021505376,SCP,average,ML,HistoricAverage,47.99543263131185,145776.0,133881.0,129392.0,-11895.0,-16384.0,11895.0,16384.0,35530367,54477358,6,1982.5,2730.6666666666665,2433.460053778022,3013.2307689034815,0.08159779387553506,0.11239161453188454,-0.08159779387553506,-0.11239161453188454,SCP,average,ML,HistoricAverage,27.398681640625007,2026-07-11 12:55:22.869,0,,"
"10276,63,62,10467,1,71,""MERCADONA, 927 CIEMPOZUEL"",""460"",,,,,,,,preserve current forecast,preserve current forecast,success,,NOT_COMPARABLE_MISSING_SCP_AND_ML,1,0,0,0.0,0.0,0.0,0.0,0.0,0.0,,,,,,,,,,,,,,,,,,,,,,,,,,,,,,,,,,,,,,,,,,,,,,,,,,,,,,,,,,,,,,,,,,,,,,,,,,,,,,,,,,,,,,,,,,,,,,,,,,,,,,,,,,,,,,,,,,,,,,,,,,,,,,,,,,,,,,,,,,,,,,,,,,,,,,,,,,,,,,,,,,,,,,,,,,,,,,,,,,,,,,,,,,,,,,,,,,,,,,,,,,2026-07-11 12:55:22.869,1,MissingHistory,NoForecastRowsMaterialized"
"10277,63,62,10467,1,72,""MERCADONA, 910 HUEVAR"",""418"",,,,AutoETS,smooth_acceptable,smooth_acceptable_acceptable,acceptable,x11 seasonal,x11 seasonal,success,smooth_acceptable,COMPARABLE,1,1,1,0.0,11880.0,10872.0,11208.0,8640.0,9816.0,11214.0,10674.0,10216.0,11474.0,10158.0,10338.0,12270.0,11556.0,10419.0,11227.0,9323.0,9417.0,11214.0,-1206.0,-656.0,266.0,1518.0,522.0,12270.0,-324.0,-453.0,19.0,683.0,-399.0,11214.0,1206.0,656.0,266.0,1518.0,522.0,12270.0,324.0,453.0,19.0,683.0,399.0,125753796,1454436.0,430336.0,70756.0,2304324.0,272484.0,150552900,104976.0,205209.0,361.0,466489.0,159201.0,0,1,1,1,1,1,,1206.0,656.0,266.0,1518.0,522.0,,324.0,453.0,19.0,683.0,399.0,,1206.0,656.0,266.0,1518.0,522.0,,324.0,453.0,19.0,683.0,399.0,,0.10151515151515152,0.06033848417954378,0.023733047822983584,0.17569444444444443,0.053178484107579464,,0.02727272727272727,0.041666666666666664,0.0016952177016416846,0.07905092592592593,0.0406479217603912,,-0.10151515151515152,-0.06033848417954378,0.023733047822983584,0.17569444444444443,0.053178484107579464,,-0.02727272727272727,-0.041666666666666664,0.0016952177016416846,0.07905092592592593,-0.0406479217603912,,ML,ML,ML,ML,ML,,AutoETS,AutoETS,AutoETS,AutoETS,AutoETS,,SCP,SCP,SCP,SCP,SCP,,x11 seasonal,x11 seasonal,x11 seasonal,x11 seasonal,x11 seasonal,,73.13432835820896,30.945121951219512,92.85714285714286,55.006587615283266,23.563218390804604,29664.0,31970.0,29967.0,2306.0,303.0,2306.0,1101.0,2647564.0,626051.0,3,768.6666666666666,367.0,939.4260659218123,456.8190743244711,0.07773732470334412,0.03711569579288026,0.07773732470334412,0.010214401294498382,ML,AutoETS,SCP,x11 seasonal,52.25498699045967,22752.0,32104.0,34245.0,9352.0,11493.0,13076.0,13047.0,127638568,150863085,2,6538.0,6523.5,7988.697265512068,8685.133418664333,0.5747187060478199,0.5734440928270043,0.4110407876230661,0.5051424050632911,ML,AutoETS,SCP,x11 seasonal,0.22178036096664372,52416.0,64074.0,64212.0,11658.0,11796.0,15382.0,14148.0,130286132,151489136,5,3076.4,2829.6,5104.627939429082,5504.346210041661,0.2934600122100122,0.2699175824175824,0.22241300366300365,0.22504578754578755,ML,AutoETS,SCP,x11 seasonal,8.022363801846323,2026-07-11 12:55:22.869,0,,"
"10278,63,62,10467,1,73,""MERCADONA, 939 S.SADURNI"",""437"",,,,HistoricAverage,intermittent_newRelease,intermittent_newRelease_newRelease,newRelease,syntetos-boylan,syntetos-boylan,success,intermittent_newRelease,COMPARABLE,1,1,1,0.0,0.0,0.0,0.0,6760.0,8784.0,3288.0,3287.0,3288.0,2656.0,2656.0,2656.0,0.0,0.0,0.0,4550.0,4550.0,4550.0,3288.0,3287.0,3288.0,2656.0,-4104.0,-6128.0,0.0,0.0,0.0,4550.0,-2210.0,-4234.0,3288.0,3287.0,3288.0,2656.0,4104.0,6128.0,0.0,0.0,0.0,4550.0,2210.0,4234.0,10810944,10804369,10810944,7054336.0,16842816,37552384,0.0,0.0,0.0,20702500,4884100.0,17926756,0,0,0,0,1,1,,,,,4104.0,6128.0,,,,,2210.0,4234.0,,,,,4104.0,6128.0,,,,,2210.0,4234.0,,,,,0.6071005917159763,0.697632058287796,,,,,0.3269230769230769,0.4820127504553734,,,,,-0.6071005917159763,-0.697632058287796,,,,,-0.3269230769230769,-0.4820127504553734,,,,,ML,ML,,,,,HistoricAverage,HistoricAverage,,,,,SCP,SCP,,,,,syntetos-boylan,syntetos-boylan,,,,,46.15009746588694,30.90731070496083,15544.0,7968.0,13650.0,-7576.0,-1894.0,12888.0,10994.0,61449536,43513356,2,6444.0,5497.0,5542.992693482465,4664.405428347754,0.8291302110138961,0.707282552753474,-0.4873906330416881,-0.12184765826042203,ML,HistoricAverage,SCP,syntetos-boylan,14.695841092489145,0.0,9863.0,0.0,9863.0,0.0,9863.0,0.0,32426257,0.0,0,,,,,,,,,,,,,,15544.0,17831.0,13650.0,2287.0,-1894.0,22751.0,10994.0,93875793,43513356,2,11375.5,5497.0,6851.12373994223,4664.405428347754,1.4636515697375192,0.707282552753474,0.14713072568193516,-0.12184765826042203,ML,HistoricAverage,SCP,syntetos-boylan,51.67684936925849,2026-07-11 12:55:22.869,0,,"
"10279,63,62,10467,1,74,""MERCADONA, 1073 VITORIA FRIO"",""320"",,,,AutoARIMA,smooth_acceptable,smooth_acceptable_acceptable,acceptable,x11 lineal,x11 lineal,success,smooth_acceptable,COMPARABLE,1,1,1,35880.0,34416.0,32040.0,35328.0,27192.0,28968.0,33860.0,33696.0,32861.0,35118.0,33449.0,34029.0,42036.0,41462.0,37471.0,31530.0,28887.0,29429.0,-2020.0,-720.0,821.0,-210.0,6257.0,5061.0,6156.0,7046.0,5431.0,-3798.0,1695.0,461.0,2020.0,720.0,821.0,210.0,6257.0,5061.0,6156.0,7046.0,5431.0,3798.0,1695.0,461.0,4080400.0,518400.0,674041.0,44100.0,39150049,25613721,37896336,49646116,29495761,14424804,2873025.0,212521.0,1,1,1,1,1,1,2020.0,720.0,821.0,210.0,6257.0,5061.0,6156.0,7046.0,5431.0,3798.0,1695.0,461.0,2020.0,720.0,821.0,210.0,6257.0,5061.0,6156.0,7046.0,5431.0,3798.0,1695.0,461.0,0.05629877369007804,0.02092050209205021,0.02562421972534332,0.00594429347826087,0.23010444248308326,0.17471002485501244,0.17157190635451505,0.2047303579730358,0.16950686641697876,0.10750679347826086,0.06233451015004413,0.015914112123722728,-0.05629877369007804,-0.02092050209205021,0.02562421972534332,-0.00594429347826087,0.23010444248308326,0.17471002485501244,0.17157190635451505,0.2047303579730358,0.16950686641697876,-0.10750679347826086,0.06233451015004413,0.015914112123722728,SCP,SCP,SCP,SCP,ML,ML,x11 lineal,x11 lineal,x11 lineal,x11 lineal,AutoARIMA,AutoARIMA,ML,ML,ML,ML,SCP,SCP,AutoARIMA,AutoARIMA,AutoARIMA,AutoARIMA,x11 lineal,x11 lineal,67.18648473034438,89.78143627590121,84.88307862272141,94.47077409162718,72.91034041873102,90.89112823552658,91488.0,102596.0,89846.0,11108.0,-1642.0,11528.0,5954.0,64807870,17510350,3,3842.6666666666665,1984.6666666666667,4647.8622326111745,2415.9435699811643,0.12600559636236447,0.06507957327736971,0.12141483036026583,-0.017947708989157048,ML,AutoARIMA,SCP,x11 lineal,48.351839000693964,102336.0,100417.0,120969.0,-1919.0,18633.0,3561.0,18633.0,5272841.0,117038213,3,1187.0,6211.0,1325.7502278584254,6246.0177446647285,0.03479713883677298,0.1820766885553471,-0.01875195434646654,0.1820766885553471,SCP,x11 lineal,ML,AutoARIMA,80.88874577362743,193824.0,203013.0,210815.0,9189.0,16991.0,15089.0,24587.0,70080711,134548563,6,2514.8333333333335,4097.833333333333,3417.6188348029686,4735.478909255114,0.07784897639095262,0.12685219580650486,0.04740898959881129,0.08766200264157173,SCP,x11 lineal,ML,AutoARIMA,38.630170415260096,2026-07-11 12:55:22.869,0,,"
"10280,63,62,10467,1,75,""MERCADONA, 1003 ZGZ PEREC"",""320"",,,,AutoETS,smooth_acceptable,smooth_acceptable_acceptable,acceptable,x11 lineal,x11 lineal,success,smooth_acceptable,COMPARABLE,1,1,1,48576.0,51312.0,51096.0,52248.0,41088.0,46704.0,46881.0,48180.0,46601.0,48829.0,46091.0,47859.0,50268.0,52006.0,50707.0,51142.0,44117.0,46898.0,-1695.0,-3132.0,-4495.0,-3419.0,5003.0,1155.0,1692.0,694.0,-389.0,-1106.0,3029.0,194.0,1695.0,3132.0,4495.0,3419.0,5003.0,1155.0,1692.0,694.0,389.0,1106.0,3029.0,194.0,2873025.0,9809424.0,20205025,11689561,25030009,1334025.0,2862864.0,481636.0,151321.0,1223236.0,9174841.0,37636.0,1,1,1,1,1,1,1695.0,3132.0,4495.0,3419.0,5003.0,1155.0,1692.0,694.0,389.0,1106.0,3029.0,194.0,1695.0,3132.0,4495.0,3419.0,5003.0,1155.0,1692.0,694.0,389.0,1106.0,3029.0,194.0,0.03489377470355731,0.061038353601496724,0.08797166118678566,0.06543791149900474,0.12176304517133957,0.02473021582733813,0.03483201581027668,0.013525101340816963,0.007613120400814154,0.02116827438370847,0.07371982087227415,0.004153819801301815,-0.03489377470355731,-0.061038353601496724,-0.08797166118678566,-0.06543791149900474,0.12176304517133957,0.02473021582733813,0.03483201581027668,0.013525101340816963,-0.007613120400814154,-0.02116827438370847,0.07371982087227415,0.004153819801301815,ML,ML,ML,ML,ML,ML,AutoETS,AutoETS,AutoETS,AutoETS,AutoETS,AutoETS,SCP,SCP,SCP,SCP,SCP,SCP,x11 lineal,x11 lineal,x11 lineal,x11 lineal,x11 lineal,x11 lineal,0.17699115044247685,77.84163473818646,91.34593993325919,67.65136004679731,39.45632620427743,83.2034632034632,140040.0,142779.0,142157.0,2739.0,2117.0,9577.0,4329.0,38053595,10435713,3,3192.3333333333335,1443.0,3561.5350155047845,1865.092759087333,0.06838760354184518,0.030912596401028277,0.019558697514995716,0.015117109397315052,ML,AutoETS,SCP,x11 lineal,54.797953430092925,150984.0,141662.0,152981.0,-9322.0,1997.0,9322.0,2775.0,32887474,3495821.0,3,3107.3333333333335,925.0,3310.9653174464593,1079.4784234372944,0.061741641498436924,0.018379430933079,-0.061741641498436924,0.013226567053462618,ML,AutoETS,SCP,x11 lineal,70.23170993349068,291024.0,284441.0,295138.0,-6583.0,4114.0,18899.0,7104.0,70941069,13931534,6,3149.8333333333335,1184.0,3438.53333559528,1523.7855273408177,0.06493966133377316,0.02441035790862609,-0.0226201275496179,0.01413629116498983,ML,AutoETS,SCP,x11 lineal,62.41070956135245,2026-07-11 12:55:22.869,0,,"
"10281,63,62,10467,1,76,""MERCADONA, 1073 VITORIA FRIO"",""460"",,,,,,,,preserve current forecast,preserve current forecast,success,,NOT_COMPARABLE_MISSING_SCP_AND_ML,1,0,0,0.0,0.0,0.0,0.0,0.0,0.0,,,,,,,,,,,,,,,,,,,,,,,,,,,,,,,,,,,,,,,,,,,,,,,,,,,,,,,,,,,,,,,,,,,,,,,,,,,,,,,,,,,,,,,,,,,,,,,,,,,,,,,,,,,,,,,,,,,,,,,,,,,,,,,,,,,,,,,,,,,,,,,,,,,,,,,,,,,,,,,,,,,,,,,,,,,,,,,,,,,,,,,,,,,,,,,,,,,,,,,,,,2026-07-11 12:55:22.869,1,MissingHistory,NoForecastRowsMaterialized"
"10282,63,62,10467,1,77,SAN ISIDRO,""334"",,,,MovingAverage3M,smooth_acceptable,smooth_acceptable_acceptable,acceptable,x11 lineal,x11 lineal,success,smooth_acceptable,COMPARABLE,1,1,1,46496.0,51392.0,49344.0,55216.0,48096.0,54048.0,54084.0,55163.0,50340.0,48456.0,47382.0,48056.0,52453.0,52454.0,52453.0,52853.0,52854.0,52853.0,7588.0,3771.0,996.0,-6760.0,-714.0,-5992.0,5957.0,1062.0,3109.0,-2363.0,4758.0,-1195.0,7588.0,3771.0,996.0,6760.0,714.0,5992.0,5957.0,1062.0,3109.0,2363.0,4758.0,1195.0,57577744,14220441,992016.0,45697600,509796.0,35904064,35485849,1127844.0,9665881.0,5583769.0,22638564,1428025.0,1,1,1,1,1,1,7588.0,3771.0,996.0,6760.0,714.0,5992.0,5957.0,1062.0,3109.0,2363.0,4758.0,1195.0,7588.0,3771.0,996.0,6760.0,714.0,5992.0,5957.0,1062.0,3109.0,2363.0,4758.0,1195.0,0.16319683413626979,0.07337717932752179,0.020184824902723737,0.12242828165749058,0.014845309381237525,0.11086441681468324,0.12811854783207158,0.02066469489414695,0.06300664721141375,0.04279556650246306,0.09892714570858284,0.022109976317347544,0.16319683413626979,0.07337717932752179,0.020184824902723737,-0.12242828165749058,-0.014845309381237525,-0.11086441681468324,0.12811854783207158,0.02066469489414695,0.06300664721141375,-0.04279556650246306,0.09892714570858284,-0.022109976317347544,ML,ML,SCP,ML,SCP,ML,MovingAverage3M,MovingAverage3M,x11 lineal,MovingAverage3M,x11 lineal,MovingAverage3M,SCP,SCP,ML,SCP,ML,SCP,x11 lineal,x11 lineal,MovingAverage3M,x11 lineal,MovingAverage3M,x11 lineal,21.494464944649444,71.83770883054893,67.96397555484079,65.04437869822485,84.9936948297604,80.05674232309747,157360.0,143894.0,158560.0,-13466.0,1200.0,13466.0,8316.0,82111460,29650358,3,4488.666666666667,2772.0,5231.68105551807,3143.7959009240194,0.08557447890188104,0.05284697508896797,-0.08557447890188104,0.007625826131164209,ML,MovingAverage3M,SCP,x11 lineal,38.24446754789842,147232.0,159587.0,157360.0,12355.0,10128.0,12355.0,10128.0,72790201,46279574,3,4118.333333333333,3376.0,4925.789310692585,3927.6614755687215,0.08391518148228647,0.06878939361008476,0.08391518148228647,0.06878939361008476,ML,MovingAverage3M,SCP,x11 lineal,18.025091056252535,304592.0,303481.0,315920.0,-1111.0,11328.0,25821.0,18444.0,154901661,75929932,6,4303.5,3074.0,5081.037640088883,3557.38508832916,0.08477241687240637,0.060553133371854806,-0.003647502232494616,0.03719073383411252,ML,MovingAverage3M,SCP,x11 lineal,28.569768792843043,2026-07-11 12:55:22.869,0,,"
"10283,63,62,10467,1,78,""MERCADONA, 1156 VILLADANG"",""354"",,,,AutoARIMA,smooth_acceptable,smooth_acceptable_acceptable,acceptable,x11 lineal,x11 lineal,success,smooth_acceptable,COMPARABLE,1,1,1,43872.0,47364.0,45432.0,50256.0,43740.0,49164.0,45255.0,48652.0,46084.0,44622.0,43369.0,45763.0,43364.0,50151.0,44852.0,47684.0,43719.0,48300.0,1383.0,1288.0,652.0,-5634.0,-371.0,-3401.0,-508.0,2787.0,-580.0,-2572.0,-21.0,-864.0,1383.0,1288.0,652.0,5634.0,371.0,3401.0,508.0,2787.0,580.0,2572.0,21.0,864.0,1912689.0,1658944.0,425104.0,31741956,137641.0,11566801,258064.0,7767369.0,336400.0,6615184.0,441.0,746496.0,1,1,1,1,1,1,1383.0,1288.0,652.0,5634.0,371.0,3401.0,508.0,2787.0,580.0,2572.0,21.0,864.0,1383.0,1288.0,652.0,5634.0,371.0,3401.0,508.0,2787.0,580.0,2572.0,21.0,864.0,0.03152352297592998,0.027193649185035047,0.014351118154604684,0.11210601719197708,0.00848193872885231,0.06917663330892523,0.011579139314369073,0.05884215860146947,0.012766332100721959,0.0511779687997453,0.000480109739369,0.017573834513058335,0.03152352297592998,0.027193649185035047,0.014351118154604684,-0.11210601719197708,-0.00848193872885231,-0.06917663330892523,-0.011579139314369073,0.05884215860146947,-0.012766332100721959,-0.0511779687997453,-0.000480109739369,-0.017573834513058335,ML,SCP,ML,ML,ML,ML,AutoARIMA,x11 lineal,AutoARIMA,AutoARIMA,AutoARIMA,AutoARIMA,SCP,ML,SCP,SCP,SCP,SCP,x11 lineal,AutoARIMA,x11 lineal,x11 lineal,x11 lineal,x11 lineal,63.26825741142444,53.78543236454969,11.042944785276074,54.348597799077034,94.33962264150942,74.59570714495737,143160.0,133754.0,139703.0,-9406.0,-3457.0,9406.0,3457.0,43446398,7362121.0,3,3135.3333333333335,1152.3333333333333,3805.539733949268,1566.5376897264023,0.06570271025426097,0.024147806649902206,-0.06570271025426097,-0.024147806649902206,ML,AutoARIMA,SCP,x11 lineal,63.24686370401871,136668.0,139991.0,138367.0,3323.0,1699.0,3323.0,3875.0,3996737.0,8361833.0,3,1107.6666666666667,1291.6666666666667,1154.2294688088095,1669.5142007981442,0.02431439693271285,0.028353381918225187,0.02431439693271285,0.012431586033306992,SCP,x11 lineal,ML,AutoARIMA,14.245161290322583,279828.0,273745.0,278070.0,-6083.0,-1758.0,12729.0,7332.0,47443135,15723954,6,2121.5,1222.0,2811.9724690449348,1618.8449586047454,0.04548865731806681,0.02620180968309104,-0.021738353560044027,-0.006282430635962091,ML,AutoARIMA,SCP,x11 lineal,42.39924581663917,2026-07-11 12:55:22.869,0,,"
"10284,63,62,10467,1,79,""MERCADONA, 1041 ABRERA FR"",""457"",,,,,,,,preserve current forecast,preserve current forecast,success,,NOT_COMPARABLE_MISSING_SCP_AND_ML,1,0,0,0.0,0.0,0.0,0.0,0.0,0.0,,,,,,,,,,,,,,,,,,,,,,,,,,,,,,,,,,,,,,,,,,,,,,,,,,,,,,,,,,,,,,,,,,,,,,,,,,,,,,,,,,,,,,,,,,,,,,,,,,,,,,,,,,,,,,,,,,,,,,,,,,,,,,,,,,,,,,,,,,,,,,,,,,,,,,,,,,,,,,,,,,,,,,,,,,,,,,,,,,,,,,,,,,,,,,,,,,,,,,,,,,2026-07-11 12:55:22.869,1,MissingHistory,NoForecastRowsMaterialized"
"10285,63,62,10467,1,80,""MERCADONA, 910 HUEVAR"",""458"",,,,,,,,preserve current forecast,preserve current forecast,success,,NOT_COMPARABLE_MISSING_SCP_AND_ML,1,0,0,0.0,0.0,0.0,0.0,0.0,0.0,,,,,,,,,,,,,,,,,,,,,,,,,,,,,,,,,,,,,,,,,,,,,,,,,,,,,,,,,,,,,,,,,,,,,,,,,,,,,,,,,,,,,,,,,,,,,,,,,,,,,,,,,,,,,,,,,,,,,,,,,,,,,,,,,,,,,,,,,,,,,,,,,,,,,,,,,,,,,,,,,,,,,,,,,,,,,,,,,,,,,,,,,,,,,,,,,,,,,,,,,,2026-07-11 12:55:22.869,1,MissingHistory,NoForecastRowsMaterialized"
"10286,63,62,10467,1,81,""MERCADONA, 1151 GETAFE PE"",""324"",,,,AutoETS,smooth_acceptable,smooth_acceptable_acceptable,acceptable,x11 seasonal,x11 seasonal,success,smooth_acceptable,COMPARABLE,1,1,1,21360.0,23904.0,19692.0,21672.0,19368.0,22152.0,21551.0,22493.0,19621.0,20890.0,19842.0,22709.0,21470.0,22270.0,20188.0,20834.0,18948.0,21210.0,191.0,-1411.0,-71.0,-782.0,474.0,557.0,110.0,-1634.0,496.0,-838.0,-420.0,-942.0,191.0,1411.0,71.0,782.0,474.0,557.0,110.0,1634.0,496.0,838.0,420.0,942.0,36481.0,1990921.0,5041.0,611524.0,224676.0,310249.0,12100.0,2669956.0,246016.0,702244.0,176400.0,887364.0,1,1,1,1,1,1,191.0,1411.0,71.0,782.0,474.0,557.0,110.0,1634.0,496.0,838.0,420.0,942.0,191.0,1411.0,71.0,782.0,474.0,557.0,110.0,1634.0,496.0,838.0,420.0,942.0,0.008941947565543071,0.059027777777777776,0.003605525086329474,0.03608342561830934,0.024473358116480794,0.025144456482484652,0.005149812734082397,0.06835676037483267,0.025187893560836887,0.038667404946474714,0.02168525402726146,0.042524377031419286,0.008941947565543071,-0.059027777777777776,-0.003605525086329474,-0.03608342561830934,0.024473358116480794,0.025144456482484652,0.005149812734082397,-0.06835676037483267,0.025187893560836887,-0.038667404946474714,-0.02168525402726146,-0.042524377031419286,ML,SCP,SCP,SCP,ML,SCP,AutoETS,x11 seasonal,x11 seasonal,x11 seasonal,AutoETS,x11 seasonal,SCP,ML,ML,ML,SCP,ML,x11 seasonal,AutoETS,AutoETS,AutoETS,x11 seasonal,AutoETS,42.40837696335079,13.647490820073447,85.68548387096774,6.682577565632464,11.392405063291147,40.87048832271763,63192.0,63441.0,60992.0,249.0,-2200.0,1813.0,2200.0,1146449.0,1766008.0,3,604.3333333333334,733.3333333333334,618.1825512473372,767.2478956200098,0.028690340549436637,0.0348145334852513,0.003940372199012533,-0.0348145334852513,SCP,x11 seasonal,ML,AutoETS,17.590909090909097,64956.0,63665.0,63928.0,-1291.0,-1028.0,1673.0,2240.0,2032443.0,2928072.0,3,557.6666666666666,746.6666666666666,823.0923398987503,987.9392693885592,0.02575589629903319,0.034484882074019334,-0.01987499230248168,-0.015826097666112444,SCP,x11 seasonal,ML,AutoETS,25.3125,128148.0,127106.0,124920.0,-1042.0,-3228.0,3486.0,4440.0,3178892.0,4694080.0,6,581.0,740.0,727.8841482910129,884.5036272772807,0.027202921621874706,0.034647438898773295,-0.00813122327309049,-0.02518962449667572,SCP,x11 seasonal,ML,AutoETS,21.48648648648649,2026-07-11 12:55:22.869,0,,"
"10287,63,62,10467,1,82,""MERCADONA, 1073 VITORIA FRIO"",""357"",,,,AutoARIMA,smooth_acceptable,smooth_acceptable_acceptable,acceptable,x11 lineal,x11 lineal,success,smooth_acceptable,COMPARABLE,1,1,1,23136.0,25344.0,23136.0,26856.0,23004.0,24648.0,24363.0,24962.0,23579.0,22384.0,21578.0,22579.0,23036.0,24776.0,22619.0,22406.0,21059.0,23383.0,1227.0,-382.0,443.0,-4472.0,-1426.0,-2069.0,-100.0,-568.0,-517.0,-4450.0,-1945.0,-1265.0,1227.0,382.0,443.0,4472.0,1426.0,2069.0,100.0,568.0,517.0,4450.0,1945.0,1265.0,1505529.0,145924.0,196249.0,19998784,2033476.0,4280761.0,10000.0,322624.0,267289.0,19802500,3783025.0,1600225.0,1,1,1,1,1,1,1227.0,382.0,443.0,4472.0,1426.0,2069.0,100.0,568.0,517.0,4450.0,1945.0,1265.0,1227.0,382.0,443.0,4472.0,1426.0,2069.0,100.0,568.0,517.0,4450.0,1945.0,1265.0,0.05303423236514523,0.01507260101010101,0.01914764868603043,0.16651772415847482,0.06198921926621457,0.08394190197987667,0.004322268326417704,0.02241161616161616,0.02234612724757953,0.16569854036341972,0.08455051295426882,0.05132262252515417,0.05303423236514523,-0.01507260101010101,0.01914764868603043,-0.16651772415847482,-0.06198921926621457,-0.08394190197987667,-0.004322268326417704,-0.02241161616161616,-0.02234612724757953,-0.16569854036341972,-0.08455051295426882,-0.05132262252515417,ML,SCP,SCP,ML,SCP,ML,AutoARIMA,x11 lineal,x11 lineal,AutoARIMA,x11 lineal,AutoARIMA,SCP,ML,ML,SCP,ML,SCP,x11 lineal,AutoARIMA,AutoARIMA,x11 lineal,AutoARIMA,x11 lineal,91.85004074979626,32.74647887323943,14.31334622823984,0.49194991055456017,26.683804627249362,38.8593523441276,74508.0,66541.0,66848.0,-7967.0,-7660.0,7967.0,7660.0,26313021,25185750,3,2655.6666666666665,2553.3333333333335,2961.5885939812774,2897.455780508134,0.10692811510173404,0.10280775218768455,-0.10692811510173404,-0.10280775218768455,ML,AutoARIMA,SCP,x11 lineal,3.853395255428637,71616.0,72904.0,70431.0,1288.0,-1185.0,2052.0,1185.0,1847702.0,599913.0,3,684.0,395.0,784.7933910696921,447.18117133886574,0.028652815013404824,0.016546581769436998,0.017984807864164433,-0.016546581769436998,ML,AutoARIMA,SCP,x11 lineal,42.25146198830409,146124.0,139445.0,137279.0,-6679.0,-8845.0,10019.0,8845.0,28160723,25785663,6,1669.8333333333333,1474.1666666666667,2166.4380520414916,2073.0678956560973,0.06856505433741206,0.06053078207549752,-0.04570775505734855,-0.06053078207549752,ML,AutoARIMA,SCP,x11 lineal,11.71773630102804,2026-07-11 12:55:22.869,0,,"
"10288,63,62,10467,1,83,""MERCADONA, 1041 ABRERA FR"",""357"",,,,MovingAverage3M,smooth_acceptable,smooth_acceptable_acceptable,acceptable,x11 lineal,x11 lineal,success,smooth_acceptable,COMPARABLE,1,1,1,32424.0,37500.0,32328.0,36912.0,32244.0,34332.0,33554.0,34827.0,33290.0,32121.0,31085.0,32373.0,34496.0,34496.0,34496.0,31170.0,30788.0,31431.0,1130.0,-2673.0,962.0,-4791.0,-1159.0,-1959.0,2072.0,-3004.0,2168.0,-5742.0,-1456.0,-2901.0,1130.0,2673.0,962.0,4791.0,1159.0,1959.0,2072.0,3004.0,2168.0,5742.0,1456.0,2901.0,1276900.0,7144929.0,925444.0,22953681,1343281.0,3837681.0,4293184.0,9024016.0,4700224.0,32970564,2119936.0,8415801.0,1,1,1,1,1,1,1130.0,2673.0,962.0,4791.0,1159.0,1959.0,2072.0,3004.0,2168.0,5742.0,1456.0,2901.0,1130.0,2673.0,962.0,4791.0,1159.0,1959.0,2072.0,3004.0,2168.0,5742.0,1456.0,2901.0,0.0348507278559092,0.07128,0.029757485770848798,0.12979518855656696,0.035944671876938346,0.0570604683677036,0.06390328151986183,0.08010666666666667,0.06706260826528088,0.1555591677503251,0.04515568787991564,0.08449842712338343,0.0348507278559092,-0.07128,0.029757485770848798,-0.12979518855656696,-0.035944671876938346,-0.0570604683677036,0.06390328151986183,-0.08010666666666667,0.06706260826528088,-0.1555591677503251,-0.04515568787991564,-0.08449842712338343,SCP,SCP,SCP,SCP,SCP,SCP,x11 lineal,x11 lineal,x11 lineal,x11 lineal,x11 lineal,x11 lineal,ML,ML,ML,ML,ML,ML,MovingAverage3M,MovingAverage3M,MovingAverage3M,MovingAverage3M,MovingAverage3M,MovingAverage3M,45.463320463320464,11.018641810918787,55.62730627306273,16.56217345872519,20.398351648351642,32.47156153050672,103488.0,95579.0,93389.0,-7909.0,-10099.0,7909.0,10099.0,28134643,43506301,3,2636.3333333333335,3366.3333333333335,3062.387031930049,3808.1623302235075,0.07642431972789115,0.09758619356833642,-0.07642431972789115,-0.09758619356833642,SCP,x11 lineal,ML,MovingAverage3M,21.685315377760173,102252.0,101671.0,103488.0,-581.0,1236.0,4765.0,7244.0,9347273.0,18017424,3,1588.3333333333333,2414.6666666666665,1765.1508906228573,2450.675009053628,0.04660055549035716,0.0708445800571138,-0.00568204044908657,0.012087783124046474,SCP,x11 lineal,ML,MovingAverage3M,34.221424627277756,205740.0,197250.0,196877.0,-8490.0,-8863.0,12674.0,17343.0,37481916,61523725,6,2112.3333333333335,2890.5,2499.3971273089037,3202.179596254193,0.06160202196947604,0.08429571303587052,-0.041265675123942844,-0.04307864294740935,SCP,x11 lineal,ML,MovingAverage3M,26.92152453439428,2026-07-11 12:55:22.869,0,,"
"10289,63,62,10467,1,84,SAN ISIDRO,""460"",,,,,,,,preserve current forecast,preserve current forecast,success,,NOT_COMPARABLE_MISSING_SCP_AND_ML,1,0,0,0.0,0.0,0.0,0.0,0.0,0.0,,,,,,,,,,,,,,,,,,,,,,,,,,,,,,,,,,,,,,,,,,,,,,,,,,,,,,,,,,,,,,,,,,,,,,,,,,,,,,,,,,,,,,,,,,,,,,,,,,,,,,,,,,,,,,,,,,,,,,,,,,,,,,,,,,,,,,,,,,,,,,,,,,,,,,,,,,,,,,,,,,,,,,,,,,,,,,,,,,,,,,,,,,,,,,,,,,,,,,,,,,2026-07-11 12:55:22.869,1,MissingHistory,NoForecastRowsMaterialized"
"10290,63,62,10467,1,85,""MERCADONA, 939 S.SADURNI"",""354"",,,,AutoARIMA,smooth_acceptable,smooth_acceptable_acceptable,acceptable,x11 lineal,x11 lineal,success,smooth_acceptable,COMPARABLE,1,1,1,56268.0,62448.0,56784.0,61248.0,54384.0,61440.0,56398.0,59073.0,55674.0,53535.0,51531.0,55445.0,56293.0,62890.0,57526.0,54796.0,51852.0,57042.0,130.0,-3375.0,-1110.0,-7713.0,-2853.0,-5995.0,25.0,442.0,742.0,-6452.0,-2532.0,-4398.0,130.0,3375.0,1110.0,7713.0,2853.0,5995.0,25.0,442.0,742.0,6452.0,2532.0,4398.0,16900.0,11390625,1232100.0,59490369,8139609.0,35940025,625.0,195364.0,550564.0,41628304,6411024.0,19342404,1,1,1,1,1,1,130.0,3375.0,1110.0,7713.0,2853.0,5995.0,25.0,442.0,742.0,6452.0,2532.0,4398.0,130.0,3375.0,1110.0,7713.0,2853.0,5995.0,25.0,442.0,742.0,6452.0,2532.0,4398.0,0.002310371792137627,0.05404496541122214,0.019547759932375317,0.12593064263322884,0.05246028243601059,0.09757486979166667,0.0004443022677188,0.0070778888034844995,0.013067061143984222,0.10534221525600836,0.04655781112091792,0.07158203125,0.002310371792137627,-0.05404496541122214,-0.019547759932375317,-0.12593064263322884,-0.05246028243601059,-0.09757486979166667,0.0004443022677188,0.0070778888034844995,0.013067061143984222,-0.10534221525600836,-0.04655781112091792,-0.07158203125,ML,ML,ML,ML,ML,ML,AutoARIMA,AutoARIMA,AutoARIMA,AutoARIMA,AutoARIMA,AutoARIMA,SCP,SCP,SCP,SCP,SCP,SCP,x11 lineal,x11 lineal,x11 lineal,x11 lineal,x11 lineal,x11 lineal,80.76923076923077,86.90370370370371,33.15315315315315,16.349021133151822,11.251314405888536,26.638865721434534,177072.0,160511.0,163690.0,-16561.0,-13382.0,16561.0,13382.0,103570003,67381732,3,5520.333333333333,4460.666666666667,5875.656076842256,4739.259154481145,0.09352692689979218,0.07557377789825608,-0.09352692689979218,-0.07557377789825608,ML,AutoARIMA,SCP,x11 lineal,19.19570074270878,175500.0,171145.0,176709.0,-4355.0,1209.0,4615.0,1209.0,12639625,746553.0,3,1538.3333333333333,403.0,2052.610126968425,498.8496767564353,0.026296296296296297,0.006888888888888889,-0.024814814814814814,0.006888888888888889,ML,AutoARIMA,SCP,x11 lineal,73.80281690140845,352572.0,331656.0,340399.0,-20916.0,-12173.0,21176.0,14591.0,116209628,68128285,6,3529.3333333333335,2431.8333333333335,4400.939823870957,3369.6756767776133,0.060061490986238274,0.041384454806394154,-0.05932405295939553,-0.034526281156756634,ML,AutoARIMA,SCP,x11 lineal,31.09652436720816,2026-07-11 12:55:22.869,0,,"
"10291,63,62,10467,1,86,""MERCADONA, 1156 VILLADANG"",""437"",,,,HistoricAverage,intermittent_newRelease,intermittent_newRelease_newRelease,newRelease,syntetos-boylan,syntetos-boylan,success,intermittent_newRelease,COMPARABLE,1,1,1,0.0,0.0,0.0,0.0,8344.0,10368.0,4023.0,4022.0,4023.0,4112.0,4112.0,4112.0,0.0,0.0,0.0,5706.0,5706.0,5706.0,4023.0,4022.0,4023.0,4112.0,-4232.0,-6256.0,0.0,0.0,0.0,5706.0,-2638.0,-4662.0,4023.0,4022.0,4023.0,4112.0,4232.0,6256.0,0.0,0.0,0.0,5706.0,2638.0,4662.0,16184529,16176484,16184529,16908544,17909824,39137536,0.0,0.0,0.0,32558436,6959044.0,21734244,0,0,0,0,1,1,,,,,4232.0,6256.0,,,,,2638.0,4662.0,,,,,4232.0,6256.0,,,,,2638.0,4662.0,,,,,0.5071907957813998,0.6033950617283951,,,,,0.31615532118887824,0.4496527777777778,,,,,-0.5071907957813998,-0.6033950617283951,,,,,-0.31615532118887824,-0.4496527777777778,,,,,ML,ML,,,,,HistoricAverage,HistoricAverage,,,,,SCP,SCP,,,,,syntetos-boylan,syntetos-boylan,,,,,37.66540642722117,25.47953964194373,18712.0,12336.0,17118.0,-6376.0,-1594.0,14600.0,13006.0,73955904,61251724,2,7300.0,6503.0,6080.949925792845,5534.063787127864,0.7802479692176144,0.6950619923044036,-0.34074390765284307,-0.08518597691321077,ML,HistoricAverage,SCP,syntetos-boylan,10.91780821917809,0.0,12068.0,0.0,12068.0,0.0,12068.0,0.0,48545542,0.0,0,,,,,,,,,,,,,,18712.0,24404.0,17118.0,5692.0,-1594.0,26668.0,13006.0,122501446,61251724,2,13334.0,6503.0,7826.2841118886045,5534.063787127864,1.4251817015818726,0.6950619923044036,0.30418982471141515,-0.08518597691321077,ML,HistoricAverage,SCP,syntetos-boylan,51.22993850307485,2026-07-11 12:55:22.869,0,,"
"10292,63,62,10467,1,87,""MERCADONA, 1246 RIBARROJA"",""354"",,,,HistoricAverage,smooth_recentRelease,smooth_recentRelease_recentRelease,recentRelease,average,average,success,smooth_recentRelease,COMPARABLE,1,1,1,33024.0,34800.0,30960.0,34512.0,31008.0,32880.0,32371.0,32372.0,32371.0,30088.0,30087.0,30087.0,30862.0,30863.0,30862.0,29409.0,29409.0,29409.0,-653.0,-2428.0,1411.0,-4424.0,-921.0,-2793.0,-2162.0,-3937.0,-98.0,-5103.0,-1599.0,-3471.0,653.0,2428.0,1411.0,4424.0,921.0,2793.0,2162.0,3937.0,98.0,5103.0,1599.0,3471.0,426409.0,5895184.0,1990921.0,19571776,848241.0,7800849.0,4674244.0,15499969,9604.0,26040609,2556801.0,12047841,1,1,1,1,1,1,653.0,2428.0,1411.0,4424.0,921.0,2793.0,2162.0,3937.0,98.0,5103.0,1599.0,3471.0,653.0,2428.0,1411.0,4424.0,921.0,2793.0,2162.0,3937.0,98.0,5103.0,1599.0,3471.0,0.019773498062015504,0.06977011494252873,0.0455749354005168,0.12818729717199814,0.02970201238390093,0.08494525547445256,0.06546753875968993,0.11313218390804598,0.003165374677002584,0.1478616133518776,0.05156733746130031,0.10556569343065693,-0.019773498062015504,-0.06977011494252873,0.0455749354005168,-0.12818729717199814,-0.02970201238390093,-0.08494525547445256,-0.06546753875968993,-0.11313218390804598,-0.003165374677002584,-0.1478616133518776,-0.05156733746130031,-0.10556569343065693,SCP,SCP,ML,SCP,SCP,SCP,average,average,HistoricAverage,average,average,average,ML,ML,SCP,ML,ML,ML,HistoricAverage,HistoricAverage,average,HistoricAverage,HistoricAverage,HistoricAverage,69.79648473635523,38.32867665735332,93.0545712260808,13.305898491083681,42.40150093808631,19.533275713050987,98400.0,90262.0,88227.0,-8138.0,-10173.0,8138.0,10173.0,28220866,40645251,3,2712.6666666666665,3391.0,3067.076023402963,3680.8174363855646,0.08270325203252032,0.10338414634146341,-0.08270325203252032,-0.10338414634146341,SCP,average,ML,HistoricAverage,20.003931976801333,98784.0,97114.0,92587.0,-1670.0,-6197.0,4492.0,6197.0,8312514.0,20183817,3,1497.3333333333333,2065.6666666666665,1664.583431372546,2593.8270952397734,0.04547295108519598,0.06273283122772919,-0.016905571752510527,-0.06273283122772919,SCP,average,ML,HistoricAverage,27.51331289333549,197184.0,187376.0,180814.0,-9808.0,-16370.0,12630.0,16370.0,36533380,60829068,6,2105.0,2728.3333333333335,2467.5689791101418,3184.0505649251236,0.0640518500486855,0.08301890619928595,-0.049740344044141516,-0.08301890619928595,SCP,average,ML,HistoricAverage,22.846670739157,2026-07-11 12:55:22.869,0,,"
"10293,63,62,10467,1,88,""MERCADONA, 0955 GRANADILL"",""320"",,,,HistoricAverage,smooth_insuficient,smooth_insuficient_insuficient,insuficient,x11 lineal,x11 lineal,success,smooth_insuficient,COMPARABLE,1,1,1,16200.0,15960.0,14616.0,18096.0,13200.0,11904.0,14691.0,15174.0,14740.0,16620.0,16620.0,16620.0,16022.0,16022.0,16022.0,16084.0,16085.0,16084.0,-1509.0,-786.0,124.0,-1476.0,3420.0,4716.0,-178.0,62.0,1406.0,-2012.0,2885.0,4180.0,1509.0,786.0,124.0,1476.0,3420.0,4716.0,178.0,62.0,1406.0,2012.0,2885.0,4180.0,2277081.0,617796.0,15376.0,2178576.0,11696400,22240656,31684.0,3844.0,1976836.0,4048144.0,8323225.0,17472400,1,1,1,1,1,1,1509.0,786.0,124.0,1476.0,3420.0,4716.0,178.0,62.0,1406.0,2012.0,2885.0,4180.0,1509.0,786.0,124.0,1476.0,3420.0,4716.0,178.0,62.0,1406.0,2012.0,2885.0,4180.0,0.09314814814814815,0.04924812030075188,0.008483853311439518,0.08156498673740054,0.2590909090909091,0.3961693548387097,0.010987654320987654,0.0038847117794486214,0.09619594964422551,0.11118479221927498,0.21856060606060607,0.35114247311827956,-0.09314814814814815,-0.04924812030075188,0.008483853311439518,-0.08156498673740054,0.2590909090909091,0.3961693548387097,-0.010987654320987654,0.0038847117794486214,0.09619594964422551,-0.11118479221927498,0.21856060606060607,0.35114247311827956,ML,ML,SCP,SCP,ML,ML,HistoricAverage,HistoricAverage,x11 lineal,x11 lineal,HistoricAverage,HistoricAverage,SCP,SCP,ML,ML,SCP,SCP,x11 lineal,x11 lineal,HistoricAverage,HistoricAverage,x11 lineal,x11 lineal,88.20410868124586,92.1119592875318,91.18065433854909,26.640159045725643,15.643274853801167,11.365564037319766,43200.0,49860.0,48253.0,6660.0,5053.0,9612.0,9077.0,36115632,29843769,3,3204.0,3025.6666666666665,3469.660502124091,3154.0328153017053,0.2225,0.21011574074074074,0.15416666666666667,0.1169675925925926,ML,HistoricAverage,SCP,x11 lineal,5.565959217644611,46776.0,44605.0,48066.0,-2171.0,1290.0,2419.0,1646.0,2910253.0,2012364.0,3,806.3333333333334,548.6666666666666,984.9285930123733,819.01648335061,0.051714554472379,0.035188985804686164,-0.046412690268513766,0.027578245253976397,ML,HistoricAverage,SCP,x11 lineal,31.955353451839606,89976.0,94465.0,96319.0,4489.0,6343.0,12031.0,10723.0,39025885,31856133,6,2005.1666666666667,1787.1666666666667,2550.3556941467336,2304.203875528379,0.1337134346936961,0.11917622477105005,0.0498910820663288,0.07049657686494176,ML,HistoricAverage,SCP,x11 lineal,10.871914221594214,2026-07-11 12:55:22.869,0,,"
"10294,63,62,10467,1,89,""MERCADONA, 1073 VITORIA FRIO"",""334"",,,,MovingAverage3M,smooth_acceptable,smooth_acceptable_acceptable,acceptable,x11 lineal,x11 lineal,success,smooth_acceptable,COMPARABLE,1,1,1,45952.0,52928.0,48432.0,55824.0,48576.0,55232.0,53329.0,55389.0,47805.0,44794.0,44245.0,45456.0,53211.0,53210.0,53211.0,48987.0,48986.0,48987.0,7377.0,2461.0,-627.0,-11030.0,-4331.0,-9776.0,7259.0,282.0,4779.0,-6837.0,410.0,-6245.0,7377.0,2461.0,627.0,11030.0,4331.0,9776.0,7259.0,282.0,4779.0,6837.0,410.0,6245.0,54420129,6056521.0,393129.0,121660900,18757561,95570176,52693081,79524.0,22838841,46744569,168100.0,39000025,1,1,1,1,1,1,7377.0,2461.0,627.0,11030.0,4331.0,9776.0,7259.0,282.0,4779.0,6837.0,410.0,6245.0,7377.0,2461.0,627.0,11030.0,4331.0,9776.0,7259.0,282.0,4779.0,6837.0,410.0,6245.0,0.16053708217270196,0.04649712817412334,0.012945986124876114,0.197585267985096,0.08915925559947299,0.17699884125144844,0.1579691852367688,0.005327992744860943,0.09867443012884043,0.12247420464316423,0.00844038208168643,0.11306851100811124,0.16053708217270196,0.04649712817412334,-0.012945986124876114,-0.197585267985096,-0.08915925559947299,-0.17699884125144844,0.1579691852367688,0.005327992744860943,0.09867443012884043,-0.12247420464316423,0.00844038208168643,-0.11306851100811124,ML,ML,SCP,ML,ML,ML,MovingAverage3M,MovingAverage3M,x11 lineal,MovingAverage3M,MovingAverage3M,MovingAverage3M,SCP,SCP,ML,SCP,SCP,SCP,x11 lineal,x11 lineal,MovingAverage3M,x11 lineal,x11 lineal,x11 lineal,1.5995662193303526,88.5412433969931,86.88010043942246,38.014505893019034,90.53336411914107,36.11906710310965,159632.0,134495.0,146960.0,-25137.0,-12672.0,25137.0,13492.0,235988637,85912694,3,8379.0,4497.333333333333,8869.209604017711,5351.407727567268,0.15746842738298086,0.08451939460759747,-0.15746842738298086,-0.07938257993384785,ML,MovingAverage3M,SCP,x11 lineal,46.32613279229821,147312.0,156523.0,159632.0,9211.0,12320.0,10465.0,12320.0,60869779,75611446,3,3488.3333333333335,4106.666666666667,4504.434074701652,5020.340161117903,0.07103969805582709,0.08363201911589008,0.06252715325295971,0.08363201911589008,SCP,x11 lineal,ML,MovingAverage3M,15.056818181818171,306944.0,291018.0,306592.0,-15926.0,-352.0,35602.0,25812.0,296858416,161524140,6,5933.666666666667,4302.0,7033.946450369569,5188.515201866522,0.11598858423686405,0.0840935154295246,-0.051885685988323604,-0.0011467889908256881,ML,MovingAverage3M,SCP,x11 lineal,27.49845514296949,2026-07-11 12:55:22.869,0,,"
"10295,63,62,10467,1,90,""MERCADONA, 1041 ABRERA FR"",""334"",,,,MovingAverage3M,smooth_acceptable,smooth_acceptable_acceptable,acceptable,x11 lineal,x11 lineal,success,smooth_acceptable,COMPARABLE,1,1,1,46656.0,54656.0,50176.0,56064.0,49920.0,53936.0,53444.0,54008.0,47752.0,48808.0,44821.0,48998.0,53306.0,53307.0,53307.0,47804.0,47803.0,47804.0,6788.0,-648.0,-2424.0,-7256.0,-5099.0,-4938.0,6650.0,-1349.0,3131.0,-8260.0,-2117.0,-6132.0,6788.0,648.0,2424.0,7256.0,5099.0,4938.0,6650.0,1349.0,3131.0,8260.0,2117.0,6132.0,46076944,419904.0,5875776.0,52649536,25999801,24383844,44222500,1819801.0,9803161.0,68227600,4481689.0,37601424,1,1,1,1,1,1,6788.0,648.0,2424.0,7256.0,5099.0,4938.0,6650.0,1349.0,3131.0,8260.0,2117.0,6132.0,6788.0,648.0,2424.0,7256.0,5099.0,4938.0,6650.0,1349.0,3131.0,8260.0,2117.0,6132.0,0.1454903978052126,0.011855971896955503,0.04830994897959184,0.12942351598173515,0.10214342948717949,0.09155295164639572,0.14253257887517146,0.024681645199063233,0.062400350765306124,0.1473316210045662,0.042407852564102566,0.11369029961435775,0.1454903978052126,-0.011855971896955503,-0.04830994897959184,-0.12942351598173515,-0.10214342948717949,-0.09155295164639572,0.14253257887517146,-0.024681645199063233,0.062400350765306124,-0.1473316210045662,-0.042407852564102566,-0.11369029961435775,ML,SCP,SCP,SCP,ML,SCP,MovingAverage3M,x11 lineal,x11 lineal,x11 lineal,MovingAverage3M,x11 lineal,SCP,ML,ML,ML,SCP,ML,x11 lineal,MovingAverage3M,MovingAverage3M,MovingAverage3M,x11 lineal,MovingAverage3M,2.0329994107248113,51.96441808747221,22.580645161290324,12.154963680387409,58.482055304961754,19.471624266144815,159920.0,142627.0,143411.0,-17293.0,-16509.0,17293.0,16509.0,103033181,110310713,3,5764.333333333333,5503.0,5860.409001653951,6063.846771371013,0.10813531765882942,0.10323286643321661,-0.10813531765882942,-0.10323286643321661,ML,MovingAverage3M,SCP,x11 lineal,4.53362632278957,151488.0,155204.0,159920.0,3716.0,8432.0,9860.0,11130.0,52372624,55845462,3,3286.6666666666665,3710.0,4178.222269498517,4314.52824767668,0.06508766370933672,0.0734711660329531,0.024529995775242924,0.05566117448246726,SCP,x11 lineal,ML,MovingAverage3M,11.410601976639704,311408.0,297831.0,303331.0,-13577.0,-8077.0,27153.0,27639.0,155405805,166156175,6,4525.5,4606.5,5089.299313265039,5262.384994784526,0.0871942917330319,0.08875494528078919,-0.043598751477161794,-0.025937034372912705,SCP,x11 lineal,ML,MovingAverage3M,1.758384890915007,2026-07-11 12:55:22.869,0,,"
"10296,63,62,10467,1,91,""MERCADONA, 1003 ZGZ PEREC"",""357"",,,,AutoETS,smooth_acceptable,smooth_acceptable_acceptable,acceptable,x11 seasonal,x11 seasonal,success,smooth_acceptable,COMPARABLE,1,1,1,21744.0,25392.0,21996.0,25656.0,22308.0,23136.0,22712.0,24071.0,22930.0,22618.0,21651.0,22025.0,21176.0,24647.0,23989.0,23850.0,20239.0,21900.0,968.0,-1321.0,934.0,-3038.0,-657.0,-1111.0,-568.0,-745.0,1993.0,-1806.0,-2069.0,-1236.0,968.0,1321.0,934.0,3038.0,657.0,1111.0,568.0,745.0,1993.0,1806.0,2069.0,1236.0,937024.0,1745041.0,872356.0,9229444.0,431649.0,1234321.0,322624.0,555025.0,3972049.0,3261636.0,4280761.0,1527696.0,1,1,1,1,1,1,968.0,1321.0,934.0,3038.0,657.0,1111.0,568.0,745.0,1993.0,1806.0,2069.0,1236.0,968.0,1321.0,934.0,3038.0,657.0,1111.0,568.0,745.0,1993.0,1806.0,2069.0,1236.0,0.044518027961736574,0.052024259609325774,0.04246226586652119,0.11841284689741191,0.029451317912856375,0.048020401106500694,0.02612214863870493,0.02933994959042218,0.09060738316057465,0.07039289055191768,0.09274699659315044,0.05342323651452282,0.044518027961736574,-0.052024259609325774,0.04246226586652119,-0.11841284689741191,-0.029451317912856375,-0.048020401106500694,-0.02612214863870493,-0.02933994959042218,0.09060738316057465,-0.07039289055191768,-0.09274699659315044,-0.05342323651452282,ML,ML,SCP,ML,SCP,SCP,AutoETS,AutoETS,x11 seasonal,AutoETS,x11 seasonal,x11 seasonal,SCP,SCP,ML,SCP,ML,ML,x11 seasonal,x11 seasonal,AutoETS,x11 seasonal,AutoETS,AutoETS,41.32231404958678,43.60333080999243,53.13597591570497,40.55299539170507,68.24552924117931,10.11326860841423,71100.0,66294.0,65989.0,-4806.0,-5111.0,4806.0,5111.0,10895414,9070093.0,3,1602.0,1703.6666666666667,1905.7294316525279,1738.7824284059618,0.06759493670886076,0.07188466947960619,-0.06759493670886076,-0.07188466947960619,SCP,x11 seasonal,ML,AutoETS,5.967521033065938,69132.0,69713.0,69812.0,581.0,680.0,3223.0,3306.0,3554421.0,4849698.0,3,1074.3333333333333,1102.0,1088.4884014081179,1271.4424878853151,0.0466209570097784,0.04782155875716022,0.008404212231672741,0.009836255279754673,SCP,x11 seasonal,ML,AutoETS,2.510586811857226,140232.0,136007.0,135801.0,-4225.0,-4431.0,8029.0,8417.0,14449835,13919791,6,1338.1666666666667,1402.8333333333333,1551.8717193548355,1523.143186527999,0.05725512008671345,0.060021963603171885,-0.030128643961435334,-0.03159763819955502,SCP,x11 seasonal,ML,AutoETS,4.609718426992984,2026-07-11 12:55:22.869,0,,"
"10297,63,62,10467,1,92,SAN ISIDRO,""354"",,,,AutoARIMA,smooth_acceptable,smooth_acceptable_acceptable,acceptable,x11 lineal,x11 lineal,success,smooth_acceptable,COMPARABLE,1,1,1,81252.0,88080.0,80580.0,92448.0,82368.0,88764.0,82902.0,87807.0,84692.0,81403.0,78706.0,82969.0,82102.0,90943.0,85764.0,88154.0,79520.0,89009.0,1650.0,-273.0,4112.0,-11045.0,-3662.0,-5795.0,850.0,2863.0,5184.0,-4294.0,-2848.0,245.0,1650.0,273.0,4112.0,11045.0,3662.0,5795.0,850.0,2863.0,5184.0,4294.0,2848.0,245.0,2722500.0,74529.0,16908544,121992025,13410244,33582025,722500.0,8196769.0,26873856,18438436,8111104.0,60025.0,1,1,1,1,1,1,1650.0,273.0,4112.0,11045.0,3662.0,5795.0,850.0,2863.0,5184.0,4294.0,2848.0,245.0,1650.0,273.0,4112.0,11045.0,3662.0,5795.0,850.0,2863.0,5184.0,4294.0,2848.0,245.0,0.02030719243833998,0.0030994550408719344,0.05103003226607099,0.11947256836275529,0.04445901320901321,0.06528547609391194,0.010461280953084231,0.03250454132606721,0.06433358153387937,0.04644773277950848,0.034576534576534576,0.0027601279798116353,0.02030719243833998,-0.0030994550408719344,0.05103003226607099,-0.11947256836275529,-0.04445901320901321,-0.06528547609391194,0.010461280953084231,0.03250454132606721,0.06433358153387937,-0.04644773277950848,-0.034576534576534576,0.0027601279798116353,ML,SCP,SCP,ML,ML,ML,AutoARIMA,x11 lineal,x11 lineal,AutoARIMA,AutoARIMA,AutoARIMA,SCP,ML,ML,SCP,SCP,SCP,x11 lineal,AutoARIMA,AutoARIMA,x11 lineal,x11 lineal,x11 lineal,48.48484848484849,90.4645476772616,20.679012345679006,61.122679945676786,22.228290551611142,95.77221742881794,263580.0,243078.0,256683.0,-20502.0,-6897.0,20502.0,7387.0,168984294,26609565,3,6834.0,2462.3333333333335,7505.204727387521,2978.2301791500267,0.07778283633052584,0.028025646862432658,-0.07778283633052584,-0.026166628727521055,ML,AutoARIMA,SCP,x11 lineal,63.96936884206419,249912.0,255401.0,258809.0,5489.0,8897.0,6035.0,8897.0,19705573,35793125,3,2011.6666666666667,2965.6666666666665,2562.913251230586,3454.1339966287737,0.024148500272095776,0.03560053138704824,0.021963731233394155,0.03560053138704824,SCP,x11 lineal,ML,AutoARIMA,32.16814656625829,513492.0,498479.0,515492.0,-15013.0,2000.0,26537.0,16284.0,188689867,62402690,6,4422.833333333333,2714.0,5607.879382321509,3224.972609702807,0.051679480887725615,0.03171227594587647,-0.02923706698449051,0.00389490001791654,ML,AutoARIMA,SCP,x11 lineal,38.63662056750951,2026-07-11 12:55:22.869,0,,"
"10298,63,62,10467,1,93,SAN ISIDRO,""331"",,,,AutoTheta,smooth_acceptable,smooth_acceptable_acceptable,acceptable,x11 seasonal,x11 seasonal,success,smooth_acceptable,COMPARABLE,1,1,1,6000.0,8448.0,8040.0,9888.0,9480.0,11568.0,5311.0,9453.0,9940.0,11134.0,10478.0,12011.0,5536.0,7863.0,8472.0,10418.0,10022.0,11763.0,-689.0,1005.0,1900.0,1246.0,998.0,443.0,-464.0,-585.0,432.0,530.0,542.0,195.0,689.0,1005.0,1900.0,1246.0,998.0,443.0,464.0,585.0,432.0,530.0,542.0,195.0,474721.0,1010025.0,3610000.0,1552516.0,996004.0,196249.0,215296.0,342225.0,186624.0,280900.0,293764.0,38025.0,1,1,1,1,1,1,689.0,1005.0,1900.0,1246.0,998.0,443.0,464.0,585.0,432.0,530.0,542.0,195.0,689.0,1005.0,1900.0,1246.0,998.0,443.0,464.0,585.0,432.0,530.0,542.0,195.0,0.11483333333333333,0.11896306818181818,0.236318407960199,0.12601132686084143,0.10527426160337552,0.03829529737206086,0.07733333333333334,0.06924715909090909,0.05373134328358209,0.05360032362459547,0.057172995780590714,0.016856846473029045,-0.11483333333333333,0.11896306818181818,0.236318407960199,0.12601132686084143,0.10527426160337552,0.03829529737206086,-0.07733333333333334,-0.06924715909090909,0.05373134328358209,0.05360032362459547,0.057172995780590714,0.016856846473029045,ML,ML,ML,ML,ML,ML,AutoTheta,AutoTheta,AutoTheta,AutoTheta,AutoTheta,AutoTheta,SCP,SCP,SCP,SCP,SCP,SCP,x11 seasonal,x11 seasonal,x11 seasonal,x11 seasonal,x11 seasonal,x11 seasonal,32.65602322206095,41.7910447761194,77.26315789473685,57.46388443017657,45.69138276553106,55.98194130925509,30936.0,33623.0,32203.0,2687.0,1267.0,2687.0,1267.0,2744769.0,612689.0,3,895.6666666666666,422.3333333333333,956.5160740938962,451.91776538067927,0.08685673648823378,0.04095552107576933,0.08685673648823378,0.04095552107576933,ML,AutoTheta,SCP,x11 seasonal,52.847041310011164,22488.0,24704.0,21871.0,2216.0,-617.0,3594.0,1481.0,5094746.0,744145.0,3,1198.0,493.6666666666667,1303.168702304758,498.04450938980676,0.15981856990394877,0.06585734614016364,0.09854144432586268,-0.027436855211668446,ML,AutoTheta,SCP,x11 seasonal,58.79243183082916,53424.0,58327.0,54074.0,4903.0,650.0,6281.0,2748.0,7839515.0,1356834.0,6,1046.8333333333333,458.0,1143.0598555339668,475.54074483686463,0.11756888289907158,0.05143755615453729,0.09177523210542078,0.012166816412099431,ML,AutoTheta,SCP,x11 seasonal,56.24900493551982,2026-07-11 12:55:22.869,0,,"
"10299,63,62,10467,1,94,""MERCADONA, 1105 PARC SAGU"",""321"",,,,,,,,preserve current forecast,preserve current forecast,success,,NOT_COMPARABLE_MISSING_SCP_AND_ML,1,0,0,0.0,0.0,0.0,0.0,0.0,0.0,,,,,,,,,,,,,,,,,,,,,,,,,,,,,,,,,,,,,,,,,,,,,,,,,,,,,,,,,,,,,,,,,,,,,,,,,,,,,,,,,,,,,,,,,,,,,,,,,,,,,,,,,,,,,,,,,,,,,,,,,,,,,,,,,,,,,,,,,,,,,,,,,,,,,,,,,,,,,,,,,,,,,,,,,,,,,,,,,,,,,,,,,,,,,,,,,,,,,,,,,,2026-07-11 12:55:22.869,1,MissingHistory,NoForecastRowsMaterialized"
"10300,63,62,10467,1,95,""MERCADONA, 1246 RIBARROJA"",""331"",,,,HistoricAverage,smooth_recentRelease,smooth_recentRelease_recentRelease,recentRelease,average,average,success,smooth_recentRelease,COMPARABLE,1,1,1,4776.0,6288.0,6192.0,7800.0,7392.0,10272.0,8781.0,8782.0,8781.0,10810.0,10809.0,10810.0,8815.0,8815.0,8815.0,9060.0,9060.0,9060.0,4005.0,2494.0,2589.0,3010.0,3417.0,538.0,4039.0,2527.0,2623.0,1260.0,1668.0,-1212.0,4005.0,2494.0,2589.0,3010.0,3417.0,538.0,4039.0,2527.0,2623.0,1260.0,1668.0,1212.0,16040025,6220036.0,6702921.0,9060100.0,11675889,289444.0,16313521,6385729.0,6880129.0,1587600.0,2782224.0,1468944.0,1,1,1,1,1,1,4005.0,2494.0,2589.0,3010.0,3417.0,538.0,4039.0,2527.0,2623.0,1260.0,1668.0,1212.0,4005.0,2494.0,2589.0,3010.0,3417.0,538.0,4039.0,2527.0,2623.0,1260.0,1668.0,1212.0,0.8385678391959799,0.39662849872773537,0.4181201550387597,0.3858974358974359,0.4622564935064935,0.05237538940809969,0.8456867671691792,0.4018765903307888,0.4236111111111111,0.16153846153846155,0.22564935064935066,0.11799065420560748,0.8385678391959799,0.39662849872773537,0.4181201550387597,0.3858974358974359,0.4622564935064935,0.05237538940809969,0.8456867671691792,0.4018765903307888,0.4236111111111111,0.16153846153846155,0.22564935064935066,-0.11799065420560748,SCP,SCP,SCP,ML,ML,SCP,average,average,average,HistoricAverage,HistoricAverage,average,ML,ML,ML,SCP,SCP,ML,HistoricAverage,HistoricAverage,HistoricAverage,average,average,HistoricAverage,0.8417925229017109,1.305896319746739,1.296225695768198,58.139534883720934,51.18525021949078,55.61056105610561,25464.0,32429.0,27180.0,6965.0,1716.0,6965.0,4140.0,21025433,5838768.0,3,2321.6666666666665,1380.0,2647.3529546825953,1395.0827932420355,0.2735234055922086,0.16258246936852028,0.2735234055922086,0.06738925541941565,ML,HistoricAverage,SCP,average,40.55994256999282,17256.0,26344.0,26445.0,9088.0,9189.0,9088.0,9189.0,28962982,29579379,3,3029.3333333333335,3063.0,3107.1413442798726,3140.030732333682,0.526657394529439,0.5325104311543811,0.526657394529439,0.5325104311543811,SCP,average,ML,HistoricAverage,1.0991402764174607,42720.0,58773.0,53625.0,16053.0,10905.0,16053.0,13329.0,49988415,35418147,6,2675.5,2221.5,2886.41689643059,2429.6140640027584,0.37577247191011237,0.3120084269662921,0.37577247191011237,0.25526685393258425,ML,HistoricAverage,SCP,average,16.968790880209315,2026-07-11 12:55:22.869,0,,"
"10301,63,62,10467,1,96,""MERCADONA, 1156 VILLADANG"",""351"",,,,,,,,preserve current forecast,preserve current forecast,success,,NOT_COMPARABLE_MISSING_SCP_AND_ML,1,0,0,0.0,0.0,0.0,0.0,0.0,0.0,,,,,,,,,,,,,,,,,,,,,,,,,,,,,,,,,,,,,,,,,,,,,,,,,,,,,,,,,,,,,,,,,,,,,,,,,,,,,,,,,,,,,,,,,,,,,,,,,,,,,,,,,,,,,,,,,,,,,,,,,,,,,,,,,,,,,,,,,,,,,,,,,,,,,,,,,,,,,,,,,,,,,,,,,,,,,,,,,,,,,,,,,,,,,,,,,,,,,,,,,,2026-07-11 12:55:22.869,1,MissingHistory,NoForecastRowsMaterialized"
"10302,63,62,10467,1,97,""MERCADONA, 1041 ABRERA FR"",""460"",,,,,,,,preserve current forecast,preserve current forecast,success,,NOT_COMPARABLE_MISSING_SCP_AND_ML,1,0,0,0.0,0.0,0.0,0.0,0.0,0.0,,,,,,,,,,,,,,,,,,,,,,,,,,,,,,,,,,,,,,,,,,,,,,,,,,,,,,,,,,,,,,,,,,,,,,,,,,,,,,,,,,,,,,,,,,,,,,,,,,,,,,,,,,,,,,,,,,,,,,,,,,,,,,,,,,,,,,,,,,,,,,,,,,,,,,,,,,,,,,,,,,,,,,,,,,,,,,,,,,,,,,,,,,,,,,,,,,,,,,,,,,2026-07-11 12:55:22.869,1,MissingHistory,NoForecastRowsMaterialized"
"10303,63,62,10467,1,98,""MERCADONA, 1041 ABRERA FR"",""354"",,,,AutoETS,smooth_acceptable,smooth_acceptable_acceptable,acceptable,x11 lineal,x11 lineal,success,smooth_acceptable,COMPARABLE,1,1,1,63984.0,74088.0,65544.0,73992.0,65568.0,71532.0,67058.0,71625.0,69177.0,66813.0,64607.0,68662.0,62794.0,70837.0,71102.0,67421.0,63367.0,71283.0,3074.0,-2463.0,3633.0,-7179.0,-961.0,-2870.0,-1190.0,-3251.0,5558.0,-6571.0,-2201.0,-249.0,3074.0,2463.0,3633.0,7179.0,961.0,2870.0,1190.0,3251.0,5558.0,6571.0,2201.0,249.0,9449476.0,6066369.0,13198689,51538041,923521.0,8236900.0,1416100.0,10569001,30891364,43178041,4844401.0,62001.0,1,1,1,1,1,1,3074.0,2463.0,3633.0,7179.0,961.0,2870.0,1190.0,3251.0,5558.0,6571.0,2201.0,249.0,3074.0,2463.0,3633.0,7179.0,961.0,2870.0,1190.0,3251.0,5558.0,6571.0,2201.0,249.0,0.0480432608152038,0.03324425008098478,0.055428414500183085,0.09702400259487512,0.014656539775500244,0.04012190348375552,0.018598399599899975,0.043880250512903576,0.08479799829122421,0.08880689804303168,0.03356820400195217,0.0034809595705418556,0.0480432608152038,-0.03324425008098478,0.055428414500183085,-0.09702400259487512,-0.014656539775500244,-0.04012190348375552,-0.018598399599899975,-0.043880250512903576,0.08479799829122421,-0.08880689804303168,-0.03356820400195217,-0.0034809595705418556,ML,SCP,SCP,ML,SCP,ML,AutoETS,x11 lineal,x11 lineal,AutoETS,x11 lineal,AutoETS,SCP,ML,ML,SCP,ML,SCP,x11 lineal,AutoETS,AutoETS,x11 lineal,AutoETS,x11 lineal,61.288223812621986,24.238695785912025,34.63476070528967,8.469146120629606,56.33802816901409,91.32404181184668,211092.0,200082.0,202071.0,-11010.0,-9021.0,11010.0,9021.0,60698462,48084443,3,3670.0,3007.0,4498.090780171813,4003.516912249362,0.05215735319197317,0.042734921266556765,-0.05215735319197317,-0.042734921266556765,ML,AutoETS,SCP,x11 lineal,18.065395095367844,203616.0,207860.0,204733.0,4244.0,1117.0,9170.0,9999.0,28714534,42876465,3,3056.6666666666665,3333.0,3093.7859223503706,3780.4966604931687,0.04503575357535754,0.049107142857142856,0.020843155744145844,0.005485816438786736,SCP,x11 lineal,ML,AutoETS,8.290829082908285,414708.0,407942.0,406804.0,-6766.0,-7904.0,20180.0,19020.0,89412996,90960908,6,3363.3333333333335,3170.0,3860.332369110204,3893.603900415826,0.04866074442740434,0.04586359559015018,-0.016315093993846272,-0.01905919345660079,ML,AutoETS,SCP,x11 lineal,5.748265609514364,2026-07-11 12:55:22.869,0,,"
"10304,63,62,10467,1,99,""MERCADONA, 1246 RIBARROJA"",""437"",,,,HistoricAverage,intermittent_newRelease,intermittent_newRelease_newRelease,newRelease,syntetos-boylan,syntetos-boylan,success,intermittent_newRelease,COMPARABLE,1,1,1,0.0,0.0,0.0,0.0,7064.0,8192.0,3302.0,3303.0,3302.0,2728.0,2728.0,2728.0,0.0,0.0,0.0,4496.0,4496.0,4496.0,3302.0,3303.0,3302.0,2728.0,-4336.0,-5464.0,0.0,0.0,0.0,4496.0,-2568.0,-3696.0,3302.0,3303.0,3302.0,2728.0,4336.0,5464.0,0.0,0.0,0.0,4496.0,2568.0,3696.0,10903204,10909809,10903204,7441984.0,18800896,29855296,0.0,0.0,0.0,20214016,6594624.0,13660416,0,0,0,0,1,1,,,,,4336.0,5464.0,,,,,2568.0,3696.0,,,,,4336.0,5464.0,,,,,2568.0,3696.0,,,,,0.6138165345413363,0.6669921875,,,,,0.3635334088335221,0.451171875,,,,,-0.6138165345413363,-0.6669921875,,,,,-0.3635334088335221,-0.451171875,,,,,ML,ML,,,,,HistoricAverage,HistoricAverage,,,,,SCP,SCP,,,,,syntetos-boylan,syntetos-boylan,,,,,40.774907749077485,32.357247437774525,15256.0,8184.0,13488.0,-7072.0,-1768.0,12528.0,10760.0,56098176,40469056,2,6264.0,5380.0,5296.138970986317,4498.280560391937,0.821185107498689,0.7052962768746722,-0.4635553224960671,-0.11588883062401678,ML,HistoricAverage,SCP,syntetos-boylan,14.112388250319285,0.0,9907.0,0.0,9907.0,0.0,9907.0,0.0,32716217,0.0,0,,,,,,,,,,,,,,15256.0,18091.0,13488.0,2835.0,-1768.0,22435.0,10760.0,88814393,40469056,2,11217.5,5380.0,6663.872485274609,4498.280560391937,1.4705689564761406,0.7052962768746722,0.18582852648138437,-0.11588883062401678,ML,HistoricAverage,SCP,syntetos-boylan,52.039224426119915,2026-07-11 12:55:22.869,0,,"
"10305,63,62,10467,1,100,""MERCADONA, 1156 VILLADANG"",""457"",,,,,,,,preserve current forecast,preserve current forecast,success,,NOT_COMPARABLE_MISSING_SCP_AND_ML,1,0,0,0.0,0.0,0.0,0.0,0.0,0.0,,,,,,,,,,,,,,,,,,,,,,,,,,,,,,,,,,,,,,,,,,,,,,,,,,,,,,,,,,,,,,,,,,,,,,,,,,,,,,,,,,,,,,,,,,,,,,,,,,,,,,,,,,,,,,,,,,,,,,,,,,,,,,,,,,,,,,,,,,,,,,,,,,,,,,,,,,,,,,,,,,,,,,,,,,,,,,,,,,,,,,,,,,,,,,,,,,,,,,,,,,2026-07-11 12:55:22.869,1,MissingHistory,NoForecastRowsMaterialized"
"10306,63,62,10467,1,101,""MERCADONA, 1151 GETAFE PE"",""430"",,,,HistoricAverage,smooth_newRelease,smooth_newRelease_newRelease,newRelease,average,average,success,smooth_newRelease,COMPARABLE,1,1,1,5472.0,6840.0,6312.0,7296.0,6840.0,7224.0,7066.0,7067.0,7066.0,4800.0,4800.0,4800.0,0.0,0.0,0.0,6540.0,6540.0,6540.0,1594.0,227.0,754.0,-2496.0,-2040.0,-2424.0,-5472.0,-6840.0,-6312.0,-756.0,-300.0,-684.0,1594.0,227.0,754.0,2496.0,2040.0,2424.0,5472.0,6840.0,6312.0,756.0,300.0,684.0,2540836.0,51529.0,568516.0,6230016.0,4161600.0,5875776.0,29942784,46785600,39841344,571536.0,90000.0,467856.0,1,1,1,1,1,1,1594.0,227.0,754.0,2496.0,2040.0,2424.0,5472.0,6840.0,6312.0,756.0,300.0,684.0,1594.0,227.0,754.0,2496.0,2040.0,2424.0,5472.0,6840.0,6312.0,756.0,300.0,684.0,0.2913011695906433,0.03318713450292397,0.11945500633713561,0.34210526315789475,0.2982456140350877,0.33554817275747506,1.0,1.0,1.0,0.10361842105263158,0.043859649122807015,0.0946843853820598,0.2913011695906433,0.03318713450292397,0.11945500633713561,-0.34210526315789475,-0.2982456140350877,-0.33554817275747506,-1.0,-1.0,-1.0,-0.10361842105263158,-0.043859649122807015,-0.0946843853820598,SCP,SCP,SCP,ML,ML,ML,average,average,average,HistoricAverage,HistoricAverage,HistoricAverage,ML,ML,ML,SCP,SCP,SCP,HistoricAverage,HistoricAverage,HistoricAverage,average,average,average,70.86988304093566,96.68128654970761,88.05449936628645,69.71153846153845,85.29411764705883,71.78217821782178,21360.0,14400.0,19620.0,-6960.0,-1740.0,6960.0,1740.0,16267392,1129392.0,3,2320.0,580.0,2328.618474546657,613.5666222994859,0.3258426966292135,0.08146067415730338,-0.3258426966292135,-0.08146067415730338,ML,HistoricAverage,SCP,average,75.0,18624.0,21199.0,0.0,2575.0,-18624.0,2575.0,18624.0,3160881.0,116569728,3,858.3333333333334,6208.0,1026.4633456680272,6233.504311380558,0.13826245704467355,1.0,0.13826245704467355,-1.0,SCP,average,ML,HistoricAverage,86.17375429553265,39984.0,35599.0,19620.0,-4385.0,-20364.0,9535.0,20364.0,19428273,117699120,6,1589.1666666666667,3394.0,1799.457001431265,4429.054075081947,0.23847038815526211,0.5093037214885955,-0.10966886754701881,-0.5093037214885955,SCP,average,ML,HistoricAverage,53.17717540758201,2026-07-11 12:55:22.869,0,,"
"10307,63,62,10467,1,102,""MERCADONA, 1151 GETAFE PE"",""327"",,,,AutoETS,smooth_acceptable,smooth_acceptable_acceptable,acceptable,x11 lineal,x11 lineal,success,smooth_acceptable,COMPARABLE,1,1,1,10180.0,10490.0,9160.0,9370.0,7340.0,8120.0,9234.0,9149.0,8610.0,8806.0,8250.0,8378.0,9415.0,9259.0,8798.0,8626.0,7779.0,7850.0,-946.0,-1341.0,-550.0,-564.0,910.0,258.0,-765.0,-1231.0,-362.0,-744.0,439.0,-270.0,946.0,1341.0,550.0,564.0,910.0,258.0,765.0,1231.0,362.0,744.0,439.0,270.0,894916.0,1798281.0,302500.0,318096.0,828100.0,66564.0,585225.0,1515361.0,131044.0,553536.0,192721.0,72900.0,1,1,1,1,1,1,946.0,1341.0,550.0,564.0,910.0,258.0,765.0,1231.0,362.0,744.0,439.0,270.0,946.0,1341.0,550.0,564.0,910.0,258.0,765.0,1231.0,362.0,744.0,439.0,270.0,0.09292730844793713,0.12783603431839846,0.060043668122270744,0.060192102454642474,0.12397820163487738,0.031773399014778325,0.07514734774066797,0.11734985700667303,0.03951965065502183,0.07940234791889007,0.059809264305177114,0.0332512315270936,-0.09292730844793713,-0.12783603431839846,-0.060043668122270744,-0.060192102454642474,0.12397820163487738,0.031773399014778325,-0.07514734774066797,-0.11734985700667303,-0.03951965065502183,-0.07940234791889007,0.059809264305177114,-0.0332512315270936,ML,ML,ML,SCP,ML,SCP,AutoETS,AutoETS,AutoETS,x11 lineal,AutoETS,x11 lineal,SCP,SCP,SCP,ML,SCP,ML,x11 lineal,x11 lineal,x11 lineal,AutoETS,x11 lineal,AutoETS,19.133192389006346,8.202833706189399,34.18181818181819,24.193548387096776,51.758241758241766,4.444444444444447,24830.0,25434.0,24255.0,604.0,-575.0,1732.0,1453.0,1212760.0,819157.0,3,577.3333333333334,484.3333333333333,635.8091956973675,522.5440970227617,0.06975432944019332,0.05851792186870721,0.0243254128070882,-0.023157470801449857,ML,AutoETS,SCP,x11 lineal,16.108545034642034,29830.0,26993.0,27472.0,-2837.0,-2358.0,2837.0,2358.0,2995697.0,2231630.0,3,945.6666666666666,786.0,999.2825759847244,862.4828500710415,0.09510559839088166,0.0790479383171304,-0.09510559839088166,-0.0790479383171304,ML,AutoETS,SCP,x11 lineal,16.884032428621783,54660.0,52427.0,51727.0,-2233.0,-2933.0,4569.0,3811.0,4208457.0,3050787.0,6,761.5,635.1666666666666,837.5019402962598,713.0669674020806,0.08358946212952799,0.06972191730698865,-0.040852542993047934,-0.05365898280278083,ML,AutoETS,SCP,x11 lineal,16.59006347121909,2026-07-11 12:55:22.869,0,,"
"10308,63,62,10467,1,103,""MERCADONA, 927 CIEMPOZUEL"",""354"",,,,,,,,preserve current forecast,preserve current forecast,success,,NOT_COMPARABLE_MISSING_SCP_AND_ML,1,0,0,0.0,0.0,0.0,0.0,0.0,0.0,,,,,,,,,,,,,,,,,,,,,,,,,,,,,,,,,,,,,,,,,,,,,,,,,,,,,,,,,,,,,,,,,,,,,,,,,,,,,,,,,,,,,,,,,,,,,,,,,,,,,,,,,,,,,,,,,,,,,,,,,,,,,,,,,,,,,,,,,,,,,,,,,,,,,,,,,,,,,,,,,,,,,,,,,,,,,,,,,,,,,,,,,,,,,,,,,,,,,,,,,,2026-07-11 12:55:22.869,1,MissingHistory,NoForecastRowsMaterialized"
"10309,63,62,10467,1,104,SAN ISIDRO,""437"",,,,HistoricAverage,intermittent_newRelease,intermittent_newRelease_newRelease,newRelease,syntetos-boylan,syntetos-boylan,success,intermittent_newRelease,COMPARABLE,1,1,1,0.0,0.0,0.0,0.0,13320.0,14768.0,6126.0,6125.0,6126.0,4816.0,4816.0,4816.0,0.0,0.0,0.0,8226.0,8226.0,8226.0,6126.0,6125.0,6126.0,4816.0,-8504.0,-9952.0,0.0,0.0,0.0,8226.0,-5094.0,-6542.0,6126.0,6125.0,6126.0,4816.0,8504.0,9952.0,0.0,0.0,0.0,8226.0,5094.0,6542.0,37527876,37515625,37527876,23193856,72318016,99042304,0.0,0.0,0.0,67667076,25948836,42797764,0,0,0,0,1,1,,,,,8504.0,9952.0,,,,,5094.0,6542.0,,,,,8504.0,9952.0,,,,,5094.0,6542.0,,,,,0.6384384384384384,0.6738894907908992,,,,,0.3824324324324324,0.4429848320693391,,,,,-0.6384384384384384,-0.6738894907908992,,,,,-0.3824324324324324,-0.4429848320693391,,,,,ML,ML,,,,,HistoricAverage,HistoricAverage,,,,,SCP,SCP,,,,,syntetos-boylan,syntetos-boylan,,,,,40.098777046095954,34.26446945337621,28088.0,14448.0,24678.0,-13640.0,-3410.0,23272.0,19862.0,194554176,136413676,2,11636.0,9931.0,9862.914782152384,8258.743124713348,0.8285388778125891,0.7071347194531472,-0.485616633437767,-0.12140415835944175,ML,HistoricAverage,SCP,syntetos-boylan,14.652801650051575,0.0,18377.0,0.0,18377.0,0.0,18377.0,0.0,112571377,0.0,0,,,,,,,,,,,,,,28088.0,32825.0,24678.0,4737.0,-3410.0,41649.0,19862.0,307125553,136413676,2,20824.5,9931.0,12392.04488774956,8258.743124713348,1.4828040444317858,0.7071347194531472,0.1686485331814298,-0.12140415835944175,ML,HistoricAverage,SCP,syntetos-boylan,52.31097985545872,2026-07-11 12:55:22.869,0,,"
"10310,63,62,10467,1,105,"""",""161"",,,,,,,,preserve current forecast,preserve current forecast,success,,NOT_COMPARABLE_MISSING_SCP_AND_ML,1,0,0,0.0,0.0,0.0,0.0,0.0,0.0,,,,,,,,,,,,,,,,,,,,,,,,,,,,,,,,,,,,,,,,,,,,,,,,,,,,,,,,,,,,,,,,,,,,,,,,,,,,,,,,,,,,,,,,,,,,,,,,,,,,,,,,,,,,,,,,,,,,,,,,,,,,,,,,,,,,,,,,,,,,,,,,,,,,,,,,,,,,,,,,,,,,,,,,,,,,,,,,,,,,,,,,,,,,,,,,,,,,,,,,,,2026-07-11 12:55:22.869,1,MissingHistory,NoForecastRowsMaterialized"
"10311,63,62,10467,1,106,""MERCADONA, 1151 GETAFE PE"",""330"",,,,MovingAverage12M,smooth_acceptable,smooth_acceptable_acceptable,acceptable,x11 lineal,x11 lineal,success,smooth_acceptable,COMPARABLE,1,1,1,6552.0,6696.0,6144.0,6264.0,5208.0,5976.0,6344.0,6308.0,5757.0,5639.0,5347.0,5483.0,5914.0,5914.0,5914.0,5147.0,5249.0,5356.0,-208.0,-388.0,-387.0,-625.0,139.0,-493.0,-638.0,-782.0,-230.0,-1117.0,41.0,-620.0,208.0,388.0,387.0,625.0,139.0,493.0,638.0,782.0,230.0,1117.0,41.0,620.0,43264.0,150544.0,149769.0,390625.0,19321.0,243049.0,407044.0,611524.0,52900.0,1247689.0,1681.0,384400.0,1,1,1,1,1,1,208.0,388.0,387.0,625.0,139.0,493.0,638.0,782.0,230.0,1117.0,41.0,620.0,208.0,388.0,387.0,625.0,139.0,493.0,638.0,782.0,230.0,1117.0,41.0,620.0,0.031746031746031744,0.05794504181600956,0.06298828125,0.0997765006385696,0.026689708141321045,0.08249665327978581,0.09737484737484738,0.11678614097968937,0.037434895833333336,0.1783205619412516,0.007872503840245775,0.1037483266398929,-0.031746031746031744,-0.05794504181600956,-0.06298828125,-0.0997765006385696,0.026689708141321045,-0.08249665327978581,-0.09737484737484738,-0.11678614097968937,-0.037434895833333336,-0.1783205619412516,0.007872503840245775,-0.1037483266398929,SCP,SCP,ML,SCP,ML,SCP,x11 lineal,x11 lineal,MovingAverage12M,x11 lineal,MovingAverage12M,x11 lineal,ML,ML,SCP,ML,SCP,ML,MovingAverage12M,MovingAverage12M,x11 lineal,MovingAverage12M,x11 lineal,MovingAverage12M,67.39811912225706,50.38363171355499,40.56847545219638,44.04655326768129,70.50359712230217,20.483870967741936,17448.0,16469.0,15752.0,-979.0,-1696.0,1257.0,1778.0,652995.0,1633770.0,3,419.0,592.6666666666666,466.5458176856803,737.963413727266,0.07204264099037139,0.10190279688216415,-0.05610958276020174,-0.09720311783585511,SCP,x11 lineal,ML,MovingAverage12M,29.30258717660293,19392.0,18409.0,17742.0,-983.0,-1650.0,983.0,1650.0,343577.0,1071468.0,3,327.6666666666667,550.0,338.41641016160355,597.6253006692405,0.05069100660066007,0.08508663366336634,-0.05069100660066007,-0.08508663366336634,SCP,x11 lineal,ML,MovingAverage12M,40.42424242424243,36840.0,34878.0,33494.0,-1962.0,-3346.0,2240.0,3428.0,996572.0,2705238.0,6,373.3333333333333,571.3333333333334,407.54795218886005,671.4707737496846,0.06080347448425624,0.09305103148751358,-0.05325732899022801,-0.09082519001085776,SCP,x11 lineal,ML,MovingAverage12M,34.65577596266044,2026-07-11 12:55:22.869,0,,"
"10312,63,62,10467,1,107,""MERCADONA, 927 CIEMPOZUEL"",""357"",,,,AutoETS,smooth_acceptable,smooth_acceptable_acceptable,acceptable,x11 seasonal,x11 seasonal,success,smooth_acceptable,COMPARABLE,1,1,1,48480.0,55632.0,51216.0,55872.0,49308.0,51684.0,50361.0,52126.0,49802.0,47602.0,45195.0,47862.0,45368.0,48487.0,48289.0,50865.0,45764.0,50779.0,1881.0,-3506.0,-1414.0,-8270.0,-4113.0,-3822.0,-3112.0,-7145.0,-2927.0,-5007.0,-3544.0,-905.0,1881.0,3506.0,1414.0,8270.0,4113.0,3822.0,3112.0,7145.0,2927.0,5007.0,3544.0,905.0,3538161.0,12292036,1999396.0,68392900,16916769,14607684,9684544.0,51051025,8567329.0,25070049,12559936,819025.0,1,1,1,1,1,1,1881.0,3506.0,1414.0,8270.0,4113.0,3822.0,3112.0,7145.0,2927.0,5007.0,3544.0,905.0,1881.0,3506.0,1414.0,8270.0,4113.0,3822.0,3112.0,7145.0,2927.0,5007.0,3544.0,905.0,0.03879950495049505,0.06302128271498418,0.02760855982505467,0.14801689576174112,0.08341445607203699,0.0739493847225447,0.06419141914191419,0.128433275812482,0.05715010934083099,0.0896155498281787,0.07187474649144156,0.017510254624255088,0.03879950495049505,-0.06302128271498418,-0.02760855982505467,-0.14801689576174112,-0.08341445607203699,-0.0739493847225447,-0.06419141914191419,-0.128433275812482,-0.05715010934083099,-0.0896155498281787,-0.07187474649144156,-0.017510254624255088,SCP,SCP,SCP,ML,ML,ML,x11 seasonal,x11 seasonal,x11 seasonal,AutoETS,AutoETS,AutoETS,ML,ML,ML,SCP,SCP,SCP,AutoETS,AutoETS,AutoETS,x11 seasonal,x11 seasonal,x11 seasonal,39.556555269922875,50.93072078376487,51.691151349504615,39.4558645707376,13.834184293702878,76.32129774986917,156864.0,140659.0,147408.0,-16205.0,-9456.0,16205.0,9456.0,99917353,38449010,3,5401.666666666667,3152.0,5771.116385356765,3579.991154551456,0.10330604855161159,0.06028151774785802,-0.10330604855161159,-0.06028151774785802,ML,AutoETS,SCP,x11 seasonal,41.647639617402035,155328.0,152289.0,142144.0,-3039.0,-13184.0,6801.0,13184.0,17829593,69302898,3,2267.0,4394.666666666667,2437.867442390309,4806.34642946178,0.0437847651421508,0.08487845076225793,-0.019565049443757726,-0.08487845076225793,SCP,x11 seasonal,ML,AutoETS,48.41474514563107,312192.0,292948.0,289552.0,-19244.0,-22640.0,23006.0,22640.0,117746946,107751908,6,3834.3333333333335,3773.3333333333335,4429.953837231264,4237.764898308226,0.07369183066830669,0.07251947519475195,-0.06164155391553915,-0.07251947519475195,ML,AutoETS,SCP,x11 seasonal,1.5908893332174232,2026-07-11 12:55:22.869,0,,"
"10313,63,62,10467,1,108,""MERCADONA, 1105 PARC SAGU"",""361"",,,,MovingAverage3M,seasonal_discontinuous_acceptable,seasonal_discontinuous_acceptable_acceptable,acceptable,syntetos-boylan,syntetos-boylan,success,seasonal_discontinuous_acceptable,NOT_COMPARABLE_NO_HISTORY,1,1,1,0.0,0.0,0.0,0.0,0.0,0.0,0.0,1000.0,0.0,0.0,0.0,0.0,0.0,0.0,0.0,0.0,0.0,0.0,,,,,,,,,,,,,,,,,,,,,,,,,,,,,,,,,,,,,,,,,,,,,,,,,,,,,,,,,,,,,,,,,,,,,,,,,,,,,,,,,,,,,,,,,,,,,,,,,,,,,,,,,,,,,,,,,,,,,,,,,,,,,,,,,,,,,,,,,,,,,,,,,,,,,,,,,,,,,,,,,,,,,,,,,,,,,,,,,,,,,,,,,,,,,,2026-07-11 12:55:22.869,0,,NoForecastRowsMaterialized"
"10314,63,62,10467,1,109,""MERCADONA, 939 S.SADURNI"",""331"",,,,,,,,preserve current forecast,preserve current forecast,success,,NOT_COMPARABLE_MISSING_SCP_AND_ML,1,0,0,0.0,0.0,0.0,0.0,0.0,0.0,,,,,,,,,,,,,,,,,,,,,,,,,,,,,,,,,,,,,,,,,,,,,,,,,,,,,,,,,,,,,,,,,,,,,,,,,,,,,,,,,,,,,,,,,,,,,,,,,,,,,,,,,,,,,,,,,,,,,,,,,,,,,,,,,,,,,,,,,,,,,,,,,,,,,,,,,,,,,,,,,,,,,,,,,,,,,,,,,,,,,,,,,,,,,,,,,,,,,,,,,,2026-07-11 12:55:22.869,1,MissingHistory,NoForecastRowsMaterialized"
"10315,63,62,10467,1,110,""MERCADONA, 927 CIEMPOZUEL"",""334"",,,,AutoARIMA,smooth_acceptable,smooth_acceptable_acceptable,acceptable,x11 seasonal,x11 seasonal,success,smooth_acceptable,COMPARABLE,1,1,1,67712.0,89184.0,86976.0,100416.0,96768.0,112576.0,82425.0,108989.0,95885.0,96927.0,90030.0,104230.0,75388.0,108732.0,90784.0,97988.0,92192.0,105599.0,14713.0,19805.0,8909.0,-3489.0,-6738.0,-8346.0,7676.0,19548.0,3808.0,-2428.0,-4576.0,-6977.0,14713.0,19805.0,8909.0,3489.0,6738.0,8346.0,7676.0,19548.0,3808.0,2428.0,4576.0,6977.0,216472369,392238025,79370281,12173121,45400644,69655716,58920976,382124304,14500864,5895184.0,20939776,48678529,1,1,1,1,1,1,14713.0,19805.0,8909.0,3489.0,6738.0,8346.0,7676.0,19548.0,3808.0,2428.0,4576.0,6977.0,14713.0,19805.0,8909.0,3489.0,6738.0,8346.0,7676.0,19548.0,3808.0,2428.0,4576.0,6977.0,0.21728792533081284,0.222068980983136,0.10243055555555555,0.03474545889101338,0.06963045634920635,0.07413658328595793,0.1133624763705104,0.21918729817007535,0.0437821927888153,0.024179413639260676,0.04728835978835979,0.061975909607731666,0.21728792533081284,0.222068980983136,0.10243055555555555,-0.03474545889101338,-0.06963045634920635,-0.07413658328595793,0.1133624763705104,0.21918729817007535,0.0437821927888153,-0.024179413639260676,-0.04728835978835979,-0.061975909607731666,ML,ML,ML,ML,ML,ML,AutoARIMA,AutoARIMA,AutoARIMA,AutoARIMA,AutoARIMA,AutoARIMA,SCP,SCP,SCP,SCP,SCP,SCP,x11 seasonal,x11 seasonal,x11 seasonal,x11 seasonal,x11 seasonal,x11 seasonal,47.82845102970162,1.2976521080535237,57.25670670108879,30.409859558612773,32.08667260314634,16.403067337646775,309760.0,291187.0,295779.0,-18573.0,-13981.0,18573.0,13981.0,127229481,75513489,3,6191.0,4660.333333333333,6512.282779486775,5017.0871030907965,0.059959323347107435,0.04513494318181818,-0.059959323347107435,-0.04513494318181818,ML,AutoARIMA,SCP,x11 seasonal,24.72406181015452,243872.0,287299.0,274904.0,43427.0,31032.0,43427.0,31032.0,688080675,455546144,3,14475.666666666666,10344.0,15144.64344248487,12322.691048089564,0.1780729235008529,0.12724708043563837,0.1780729235008529,0.12724708043563837,ML,AutoARIMA,SCP,x11 seasonal,28.54215119626039,553632.0,578486.0,570683.0,24854.0,17051.0,62000.0,45013.0,815310156,531059633,6,10333.333333333334,7502.166666666667,11656.973277828169,9407.972089315175,0.11198774637304203,0.08130491012080227,0.04489263626379978,0.030798436506560313,ML,AutoARIMA,SCP,x11 seasonal,27.398387096774197,2026-07-11 12:55:22.869,0,,"
"10316,63,62,10467,1,111,""MERCADONA, 1246 RIBARROJA"",""351"",,,,HistoricAverage,smooth_recentRelease,smooth_recentRelease_recentRelease,recentRelease,average,average,success,smooth_recentRelease,COMPARABLE,1,1,1,34368.0,38112.0,39228.0,41892.0,34764.0,39840.0,39365.0,39364.0,39364.0,40360.0,40359.0,40359.0,37339.0,37339.0,37339.0,36219.0,36219.0,36219.0,4997.0,1252.0,136.0,-1532.0,5595.0,519.0,2971.0,-773.0,-1889.0,-5673.0,1455.0,-3621.0,4997.0,1252.0,136.0,1532.0,5595.0,519.0,2971.0,773.0,1889.0,5673.0,1455.0,3621.0,24970009,1567504.0,18496.0,2347024.0,31304025,269361.0,8826841.0,597529.0,3568321.0,32182929,2117025.0,13111641,1,1,1,1,1,1,4997.0,1252.0,136.0,1532.0,5595.0,519.0,2971.0,773.0,1889.0,5673.0,1455.0,3621.0,4997.0,1252.0,136.0,1532.0,5595.0,519.0,2971.0,773.0,1889.0,5673.0,1455.0,3621.0,0.14539688081936686,0.03285054575986566,0.0034669113898235953,0.03657022820586269,0.16094235415947533,0.01302710843373494,0.08644669459962756,0.02028232577665827,0.048154379524829205,0.13541965052993413,0.041853641698308595,0.09088855421686746,0.14539688081936686,0.03285054575986566,0.0034669113898235953,-0.03657022820586269,0.16094235415947533,0.01302710843373494,0.08644669459962756,-0.02028232577665827,-0.048154379524829205,-0.13541965052993413,0.041853641698308595,-0.09088855421686746,ML,ML,SCP,SCP,ML,SCP,HistoricAverage,HistoricAverage,average,average,HistoricAverage,average,SCP,SCP,ML,ML,SCP,ML,average,average,HistoricAverage,HistoricAverage,average,HistoricAverage,40.54432659595758,38.25878594249201,92.80042350449975,72.99488806627886,73.99463806970509,85.66694283347142,116496.0,121078.0,108657.0,4582.0,-7839.0,7646.0,10749.0,33920410,47411595,3,2548.6666666666665,3583.0,3362.559045330406,3975.4075262795386,0.06563315478643043,0.09226926246394726,0.03933182255184727,-0.06728986402966626,SCP,average,ML,HistoricAverage,28.867801655968,111708.0,118093.0,112017.0,6385.0,309.0,6385.0,5633.0,26556009,12992691,3,2128.3333333333335,1877.6666666666667,2975.231587624735,2081.080728852199,0.05715794750599778,0.0504261109320729,0.05715794750599778,0.002766140294338812,ML,HistoricAverage,SCP,average,11.777603758809715,228204.0,239171.0,220674.0,10967.0,-7530.0,14031.0,16382.0,60476419,60404286,6,2338.5,2730.3333333333335,3174.8075794710244,3172.9136452163334,0.06148446127149393,0.07178664703510894,0.04805787803894761,-0.03299679234369249,SCP,average,ML,HistoricAverage,14.351117079721643,2026-07-11 12:55:22.869,0,,"
"10317,63,62,10467,1,112,""MERCADONA, 1158 CIEMPOZUE"",""457"",,,,,,,,preserve current forecast,preserve current forecast,success,,NOT_COMPARABLE_MISSING_SCP_AND_ML,1,0,0,0.0,0.0,0.0,0.0,0.0,0.0,,,,,,,,,,,,,,,,,,,,,,,,,,,,,,,,,,,,,,,,,,,,,,,,,,,,,,,,,,,,,,,,,,,,,,,,,,,,,,,,,,,,,,,,,,,,,,,,,,,,,,,,,,,,,,,,,,,,,,,,,,,,,,,,,,,,,,,,,,,,,,,,,,,,,,,,,,,,,,,,,,,,,,,,,,,,,,,,,,,,,,,,,,,,,,,,,,,,,,,,,,2026-07-11 12:55:22.869,1,MissingHistory,NoForecastRowsMaterialized"
"10318,63,62,10467,1,113,"""",""453"",,,,,unknown_oneOff,unknown_oneOff_oneOff,oneOff,average,average,success,unknown_oneOff,NOT_COMPARABLE_MISSING_ML,1,1,0,0.0,0.0,0.0,715.0,0.0,0.0,715.0,715.0,715.0,0.0,0.0,0.0,,,,,,,,,,,,,,,,,,,,,,,,,,,,,,,,,,,,,,,,,,,,,,,,,,,,,,,,,,,,,,,,,,,,,,,,,,,,,,,,,,,,,,,,,,,,,,,,,,,,,,,,,,,,,,,,,,,,,,,,,,,,,,,,,,,,,,,,,,,,,,,,,,,,,,,,,,,,,,,,,,,,,,,,,,,,,,,,,,,,,,,,,,,,,,,,,,,,2026-07-11 12:55:22.869,0,,NoForecastRowsMaterialized"
"10319,63,62,10467,1,114,""MERCADONA, 939 S.SADURNI"",""457"",,,,,,,,preserve current forecast,preserve current forecast,success,,NOT_COMPARABLE_MISSING_SCP_AND_ML,1,0,0,0.0,0.0,0.0,0.0,0.0,0.0,,,,,,,,,,,,,,,,,,,,,,,,,,,,,,,,,,,,,,,,,,,,,,,,,,,,,,,,,,,,,,,,,,,,,,,,,,,,,,,,,,,,,,,,,,,,,,,,,,,,,,,,,,,,,,,,,,,,,,,,,,,,,,,,,,,,,,,,,,,,,,,,,,,,,,,,,,,,,,,,,,,,,,,,,,,,,,,,,,,,,,,,,,,,,,,,,,,,,,,,,,2026-07-11 12:55:22.869,1,MissingHistory,NoForecastRowsMaterialized"
"10320,63,62,10467,1,115,""MERCADONA, 1041 ABRERA FR"",""437"",,,,HistoricAverage,intermittent_newRelease,intermittent_newRelease_newRelease,newRelease,syntetos-boylan,syntetos-boylan,success,intermittent_newRelease,COMPARABLE,1,1,1,0.0,0.0,0.0,0.0,9288.0,12368.0,4532.0,4531.0,4532.0,2888.0,2888.0,2888.0,0.0,0.0,0.0,6136.0,6136.0,6136.0,4532.0,4531.0,4532.0,2888.0,-6400.0,-9480.0,0.0,0.0,0.0,6136.0,-3152.0,-6232.0,4532.0,4531.0,4532.0,2888.0,6400.0,9480.0,0.0,0.0,0.0,6136.0,3152.0,6232.0,20539024,20529961,20539024,8340544.0,40960000,89870400,0.0,0.0,0.0,37650496,9935104.0,38837824,0,0,0,0,1,1,,,,,6400.0,9480.0,,,,,3152.0,6232.0,,,,,6400.0,9480.0,,,,,3152.0,6232.0,,,,,0.6890611541774333,0.7664941785252264,,,,,0.33936261843238585,0.5038809831824063,,,,,-0.6890611541774333,-0.7664941785252264,,,,,-0.33936261843238585,-0.5038809831824063,,,,,ML,ML,,,,,HistoricAverage,HistoricAverage,,,,,SCP,SCP,,,,,syntetos-boylan,syntetos-boylan,,,,,50.75000000000001,34.26160337552742,21656.0,8664.0,18408.0,-12992.0,-3248.0,18768.0,15520.0,139170944,86423424,2,9384.0,7760.0,8341.790695048636,6573.561591709627,0.8666420391577392,0.7166605097894349,-0.5999261174732176,-0.1499815293683044,ML,HistoricAverage,SCP,syntetos-boylan,17.30605285592497,0.0,13595.0,0.0,13595.0,0.0,13595.0,0.0,61608009,0.0,0,,,,,,,,,,,,,,21656.0,22259.0,18408.0,603.0,-3248.0,32363.0,15520.0,200778953,86423424,2,16181.5,7760.0,10019.454900342633,6573.561591709627,1.4944126339120798,0.7166605097894349,0.027844477281123013,-0.1499815293683044,ML,HistoricAverage,SCP,syntetos-boylan,52.044000865185545,2026-07-11 12:55:22.869,0,,"
"10321,63,62,10467,1,116,""MERCADONA, 1131 ANTEQUERA"",""327"",,,,AutoETS,smooth_acceptable,smooth_acceptable_acceptable,acceptable,x11 seasonal,x11 seasonal,success,smooth_acceptable,COMPARABLE,1,1,1,18620.0,18670.0,16520.0,18560.0,12860.0,15520.0,15859.0,16049.0,14764.0,16352.0,14423.0,15808.0,17838.0,17698.0,15674.0,16436.0,14262.0,15329.0,-2761.0,-2621.0,-1756.0,-2208.0,1563.0,288.0,-782.0,-972.0,-846.0,-2124.0,1402.0,-191.0,2761.0,2621.0,1756.0,2208.0,1563.0,288.0,782.0,972.0,846.0,2124.0,1402.0,191.0,7623121.0,6869641.0,3083536.0,4875264.0,2442969.0,82944.0,611524.0,944784.0,715716.0,4511376.0,1965604.0,36481.0,1,1,1,1,1,1,2761.0,2621.0,1756.0,2208.0,1563.0,288.0,782.0,972.0,846.0,2124.0,1402.0,191.0,2761.0,2621.0,1756.0,2208.0,1563.0,288.0,782.0,972.0,846.0,2124.0,1402.0,191.0,0.14828141783029,0.14038564542046064,0.10629539951573849,0.11896551724137931,0.12153965785381027,0.018556701030927835,0.04199785177228786,0.052062131762185326,0.051210653753026636,0.11443965517241379,0.10902021772939346,0.012306701030927835,-0.14828141783029,-0.14038564542046064,-0.10629539951573849,-0.11896551724137931,0.12153965785381027,0.018556701030927835,-0.04199785177228786,-0.052062131762185326,-0.051210653753026636,-0.11443965517241379,0.10902021772939346,-0.012306701030927835,ML,ML,ML,ML,ML,ML,AutoETS,AutoETS,AutoETS,AutoETS,AutoETS,AutoETS,SCP,SCP,SCP,SCP,SCP,SCP,x11 seasonal,x11 seasonal,x11 seasonal,x11 seasonal,x11 seasonal,x11 seasonal,71.6769286490402,62.91491797024037,51.82232346241457,3.8043478260869583,10.300703774792073,33.68055555555556,46940.0,46583.0,46027.0,-357.0,-913.0,4059.0,3717.0,7401177.0,6513461.0,3,1353.0,1239.0,1570.6874291214021,1473.4835142161132,0.08647209203238176,0.07918619514273541,-0.007605453770771198,-0.019450362164465274,ML,AutoETS,SCP,x11 seasonal,8.42572062084257,53810.0,46672.0,51210.0,-7138.0,-2600.0,7138.0,2600.0,17576298,2272024.0,3,2379.3333333333335,866.6666666666666,2420.4887936117366,870.2536028844313,0.1326519234343059,0.04831815647649136,-0.1326519234343059,-0.04831815647649136,ML,AutoETS,SCP,x11 seasonal,63.575231157186884,100750.0,93255.0,97237.0,-7495.0,-3513.0,11197.0,6317.0,24977475,8785485.0,6,1866.1666666666667,1052.8333333333333,2040.3216658164467,1210.0609488781959,0.11113647642679901,0.06269975186104218,-0.07439205955334988,-0.03486848635235732,ML,AutoETS,SCP,x11 seasonal,43.58310261677236,2026-07-11 12:55:22.869,0,,"
"10322,63,62,10467,1,117,SAN ISIDRO,""351"",,,,MovingAverage12M,smooth_acceptable,smooth_acceptable_acceptable,acceptable,x11 lineal,x11 lineal,success,smooth_acceptable,COMPARABLE,1,1,1,13296.0,14736.0,15240.0,16020.0,13980.0,16428.0,14757.0,15168.0,14705.0,14929.0,14547.0,15670.0,15244.0,15244.0,15244.0,15528.0,15528.0,15528.0,1461.0,432.0,-535.0,-1091.0,567.0,-758.0,1948.0,508.0,4.0,-492.0,1548.0,-900.0,1461.0,432.0,535.0,1091.0,567.0,758.0,1948.0,508.0,4.0,492.0,1548.0,900.0,2134521.0,186624.0,286225.0,1190281.0,321489.0,574564.0,3794704.0,258064.0,16.0,242064.0,2396304.0,810000.0,1,1,1,1,1,1,1461.0,432.0,535.0,1091.0,567.0,758.0,1948.0,508.0,4.0,492.0,1548.0,900.0,1461.0,432.0,535.0,1091.0,567.0,758.0,1948.0,508.0,4.0,492.0,1548.0,900.0,0.1098826714801444,0.029315960912052116,0.03510498687664042,0.06810237203495631,0.04055793991416309,0.04614073532992452,0.14651022864019253,0.03447339847991314,0.000262467191601,0.030711610486891385,0.11072961373390558,0.0547845142439737,0.1098826714801444,0.029315960912052116,-0.03510498687664042,-0.06810237203495631,0.04055793991416309,-0.04614073532992452,0.14651022864019253,0.03447339847991314,0.000262467191601,-0.030711610486891385,0.11072961373390558,-0.0547845142439737,SCP,SCP,ML,ML,SCP,SCP,x11 lineal,x11 lineal,MovingAverage12M,MovingAverage12M,x11 lineal,x11 lineal,ML,ML,SCP,SCP,ML,ML,MovingAverage12M,MovingAverage12M,x11 lineal,x11 lineal,MovingAverage12M,MovingAverage12M,25.0,14.96062992125985,99.25233644859813,54.903758020164986,63.372093023255815,15.777777777777773,46428.0,45146.0,46584.0,-1282.0,156.0,2416.0,2940.0,2086334.0,3448368.0,3,805.3333333333334,980.0,833.9332507261397,1072.126858165581,0.05203756353924356,0.06332385629361592,-0.027612647540277417,0.0033600413543551306,SCP,x11 lineal,ML,MovingAverage12M,17.823129251700678,43272.0,44630.0,45732.0,1358.0,2460.0,2428.0,2460.0,2607370.0,4052784.0,3,809.3333333333334,820.0,932.267844202155,1162.2942828733178,0.05611018672582733,0.05684969495285635,0.03138288038454428,0.05684969495285635,SCP,x11 lineal,ML,MovingAverage12M,1.3008130081300722,89700.0,89776.0,92316.0,76.0,2616.0,4844.0,5400.0,4693704.0,7501152.0,6,807.3333333333334,900.0,884.4682018026425,1118.1198504632675,0.054002229654403565,0.06020066889632107,0.0008472686733556,0.029163879598662207,SCP,x11 lineal,ML,MovingAverage12M,10.296296296296303,2026-07-11 12:55:22.869,0,,"
"10323,63,62,10467,1,118,SAN ISIDRO,""357"",,,,AutoETS,smooth_acceptable,smooth_acceptable_acceptable,acceptable,x11 lineal,x11 lineal,success,smooth_acceptable,COMPARABLE,1,1,1,62880.0,69120.0,61392.0,68448.0,59376.0,63360.0,62516.0,66004.0,61996.0,61305.0,57677.0,61668.0,58595.0,61988.0,59607.0,57446.0,57390.0,57335.0,-364.0,-3116.0,604.0,-7143.0,-1699.0,-1692.0,-4285.0,-7132.0,-1785.0,-11002.0,-1986.0,-6025.0,364.0,3116.0,604.0,7143.0,1699.0,1692.0,4285.0,7132.0,1785.0,11002.0,1986.0,6025.0,132496.0,9709456.0,364816.0,51022449,2886601.0,2862864.0,18361225,50865424,3186225.0,121044004,3944196.0,36300625,1,1,1,1,1,1,364.0,3116.0,604.0,7143.0,1699.0,1692.0,4285.0,7132.0,1785.0,11002.0,1986.0,6025.0,364.0,3116.0,604.0,7143.0,1699.0,1692.0,4285.0,7132.0,1785.0,11002.0,1986.0,6025.0,0.005788804071246819,0.04508101851851852,0.009838415428720354,0.10435659186535765,0.028614254917811912,0.026704545454545453,0.06814567430025445,0.10318287037037037,0.029075449569976545,0.16073515661524077,0.033447857720291026,0.0950915404040404,-0.005788804071246819,-0.04508101851851852,0.009838415428720354,-0.10435659186535765,-0.028614254917811912,-0.026704545454545453,-0.06814567430025445,-0.10318287037037037,-0.029075449569976545,-0.16073515661524077,-0.033447857720291026,-0.0950915404040404,SCP,SCP,SCP,SCP,SCP,SCP,x11 lineal,x11 lineal,x11 lineal,x11 lineal,x11 lineal,x11 lineal,ML,ML,ML,ML,ML,ML,AutoETS,AutoETS,AutoETS,AutoETS,AutoETS,AutoETS,91.50525087514585,56.30959057767807,66.16246498599439,35.07544082894019,14.451158106747226,71.91701244813278,191184.0,180650.0,172171.0,-10534.0,-19013.0,10534.0,19013.0,56771914,161288825,3,3511.3333333333335,6337.666666666667,4350.169115486585,7332.321710527073,0.055098753033726675,0.09944869863586911,-0.055098753033726675,-0.09944869863586911,SCP,x11 lineal,ML,AutoETS,44.59580287171935,193392.0,190516.0,180190.0,-2876.0,-13202.0,4084.0,13202.0,10206768,72412874,3,1361.3333333333333,4400.666666666667,1844.5205339057627,4913.005665238609,0.021117729792338877,0.06826549185074873,-0.01487134938363531,-0.06826549185074873,SCP,x11 lineal,ML,AutoETS,69.06529313740342,384576.0,371166.0,352361.0,-13410.0,-32215.0,14618.0,32215.0,66978682,233701699,6,2436.3333333333335,5369.166666666667,3341.124611065362,6241.016196635502,0.038010692294891,0.08376757779996671,-0.03486957064403395,-0.08376757779996671,SCP,x11 lineal,ML,AutoETS,54.62362253608567,2026-07-11 12:55:22.869,0,,"
"10324,63,62,10467,1,119,""MERCADONA, 939 S.SADURNI"",""351"",,,,,,,,preserve current forecast,preserve current forecast,success,,NOT_COMPARABLE_MISSING_SCP_AND_ML,1,0,0,0.0,0.0,0.0,0.0,0.0,0.0,,,,,,,,,,,,,,,,,,,,,,,,,,,,,,,,,,,,,,,,,,,,,,,,,,,,,,,,,,,,,,,,,,,,,,,,,,,,,,,,,,,,,,,,,,,,,,,,,,,,,,,,,,,,,,,,,,,,,,,,,,,,,,,,,,,,,,,,,,,,,,,,,,,,,,,,,,,,,,,,,,,,,,,,,,,,,,,,,,,,,,,,,,,,,,,,,,,,,,,,,,2026-07-11 12:55:22.869,1,MissingHistory,NoForecastRowsMaterialized"
"10325,63,62,10467,1,120,""MERCADONA, 939 S.SADURNI"",""320"",,,,AutoETS,smooth_acceptable,smooth_acceptable_acceptable,acceptable,x11 lineal,x11 lineal,success,smooth_acceptable,COMPARABLE,1,1,1,42984.0,43056.0,42600.0,42912.0,34008.0,36288.0,36889.0,37408.0,36996.0,38860.0,37067.0,37467.0,40995.0,40077.0,39770.0,39651.0,35387.0,36297.0,-6095.0,-5648.0,-5604.0,-4052.0,3059.0,1179.0,-1989.0,-2979.0,-2830.0,-3261.0,1379.0,9.0,6095.0,5648.0,5604.0,4052.0,3059.0,1179.0,1989.0,2979.0,2830.0,3261.0,1379.0,9.0,37149025,31899904,31404816,16418704,9357481.0,1390041.0,3956121.0,8874441.0,8008900.0,10634121,1901641.0,81.0,1,1,1,1,1,1,6095.0,5648.0,5604.0,4052.0,3059.0,1179.0,1989.0,2979.0,2830.0,3261.0,1379.0,9.0,6095.0,5648.0,5604.0,4052.0,3059.0,1179.0,1989.0,2979.0,2830.0,3261.0,1379.0,9.0,0.1417969477014703,0.13117800074321814,0.13154929577464788,0.09442580164056674,0.08994942366502,0.03249007936507937,0.046273031825795646,0.06918896321070234,0.06643192488262911,0.07599272930648769,0.040549282521759586,0.0002480158730159,-0.1417969477014703,-0.13117800074321814,-0.13154929577464788,-0.09442580164056674,0.08994942366502,0.03249007936507937,-0.046273031825795646,-0.06918896321070234,-0.06643192488262911,-0.07599272930648769,0.040549282521759586,0.0002480158730159,ML,ML,ML,ML,ML,ML,AutoETS,AutoETS,AutoETS,AutoETS,AutoETS,AutoETS,SCP,SCP,SCP,SCP,SCP,SCP,x11 lineal,x11 lineal,x11 lineal,x11 lineal,x11 lineal,x11 lineal,67.36669401148482,47.25566572237961,49.50035688793719,19.521224086870685,54.91990846681922,99.23664122137404,113208.0,113394.0,111335.0,186.0,-1873.0,8290.0,4649.0,27166226,12535843,3,2763.3333333333335,1549.6666666666667,3009.2206078429454,2044.1659260767785,0.07322804042117165,0.04106600240265706,0.001642993428026288,-0.016544767154264717,ML,AutoETS,SCP,x11 lineal,43.92038600723763,128640.0,111293.0,120842.0,-17347.0,-7798.0,17347.0,7798.0,100453745,20839462,3,5782.333333333333,2599.3333333333335,5786.586356969597,2635.6189658851167,0.13484919154228855,0.06061878109452736,-0.13484919154228855,-0.06061878109452736,ML,AutoETS,SCP,x11 lineal,55.046982187121685,241848.0,224687.0,232177.0,-17161.0,-9671.0,25637.0,12447.0,127619971,33375305,6,4272.833333333333,2074.5,4611.940499037977,2358.5060596346434,0.1060045979292779,0.05146621018160167,-0.07095779167080149,-0.039987926300817045,ML,AutoETS,SCP,x11 lineal,51.449077505168304,2026-07-11 12:55:22.869,0,,"
"10326,63,62,10467,1,121,SAN ISIDRO,""330"",,,,AutoARIMA,smooth_acceptable,smooth_acceptable_acceptable,acceptable,x11 lineal,x11 lineal,success,smooth_acceptable,COMPARABLE,1,1,1,26784.0,27480.0,26664.0,27024.0,22488.0,26208.0,25805.0,26890.0,26583.0,27520.0,26381.0,27666.0,27048.0,29111.0,28320.0,26501.0,24245.0,27509.0,-979.0,-590.0,-81.0,496.0,3893.0,1458.0,264.0,1631.0,1656.0,-523.0,1757.0,1301.0,979.0,590.0,81.0,496.0,3893.0,1458.0,264.0,1631.0,1656.0,523.0,1757.0,1301.0,958441.0,348100.0,6561.0,246016.0,15155449,2125764.0,69696.0,2660161.0,2742336.0,273529.0,3087049.0,1692601.0,1,1,1,1,1,1,979.0,590.0,81.0,496.0,3893.0,1458.0,264.0,1631.0,1656.0,523.0,1757.0,1301.0,979.0,590.0,81.0,496.0,3893.0,1458.0,264.0,1631.0,1656.0,523.0,1757.0,1301.0,0.03655167264038232,0.021470160116448325,0.0030378037803780377,0.018354055654233273,0.17311454998221273,0.05563186813186813,0.00985663082437276,0.05935225618631732,0.062106210621062106,0.019353167554766133,0.0781305585200996,0.04964133089133089,-0.03655167264038232,-0.021470160116448325,-0.0030378037803780377,0.018354055654233273,0.17311454998221273,0.05563186813186813,0.00985663082437276,0.05935225618631732,0.062106210621062106,-0.019353167554766133,0.0781305585200996,0.04964133089133089,ML,SCP,SCP,SCP,ML,ML,AutoARIMA,x11 lineal,x11 lineal,x11 lineal,AutoARIMA,AutoARIMA,SCP,ML,ML,ML,SCP,SCP,x11 lineal,AutoARIMA,AutoARIMA,AutoARIMA,x11 lineal,x11 lineal,73.03370786516854,63.82587369711833,95.1086956521739,5.1625239005736185,54.8677112766504,10.768175582990398,75720.0,81567.0,78255.0,5847.0,2535.0,5847.0,3581.0,17527229,5053179.0,3,1949.0,1193.6666666666667,2417.10770688165,1297.8416698503713,0.07721870047543582,0.04729265715795034,0.07721870047543582,0.03347860538827258,ML,AutoARIMA,SCP,x11 lineal,38.754917051479396,80928.0,79278.0,84479.0,-1650.0,3551.0,1650.0,3551.0,1313102.0,5472193.0,3,550.0,1183.6666666666667,661.5895001182128,1350.5792584418484,0.020388493475682088,0.04387850929221036,-0.020388493475682088,0.04387850929221036,SCP,x11 lineal,ML,AutoARIMA,53.53421571388341,156648.0,160845.0,162734.0,4197.0,6086.0,7497.0,7132.0,18840331,10525372,6,1249.5,1188.6666666666667,1772.0200807741053,1324.4729769484416,0.047858893825647314,0.045528828966855624,0.02679255400643481,0.03885143761809918,ML,AutoARIMA,SCP,x11 lineal,4.868614112311601,2026-07-11 12:55:22.869,0,,"
"10327,63,62,10467,1,122,""MERCADONA, 1003 ZGZ PEREC"",""326"",,,,AutoETS,smooth_acceptable,smooth_acceptable_acceptable,acceptable,x11 lineal,x11 lineal,success,smooth_acceptable,COMPARABLE,1,1,1,11460.0,11898.0,10482.0,11898.0,10788.0,11112.0,11549.0,11803.0,11342.0,11883.0,11343.0,11502.0,11638.0,12051.0,11217.0,11289.0,11288.0,11289.0,89.0,-95.0,860.0,-15.0,555.0,390.0,178.0,153.0,735.0,-609.0,500.0,177.0,89.0,95.0,860.0,15.0,555.0,390.0,178.0,153.0,735.0,609.0,500.0,177.0,7921.0,9025.0,739600.0,225.0,308025.0,152100.0,31684.0,23409.0,540225.0,370881.0,250000.0,31329.0,1,1,1,1,1,1,89.0,95.0,860.0,15.0,555.0,390.0,178.0,153.0,735.0,609.0,500.0,177.0,89.0,95.0,860.0,15.0,555.0,390.0,178.0,153.0,735.0,609.0,500.0,177.0,0.007766143106457243,0.007984535216002689,0.08204541118107231,0.0012607160867372667,0.051446051167964406,0.03509719222462203,0.015532286212914486,0.012859304084720122,0.07012020606754436,0.05118507312153303,0.046347793845012975,0.015928725701943845,0.007766143106457243,-0.007984535216002689,0.08204541118107231,-0.0012607160867372667,0.051446051167964406,0.03509719222462203,0.015532286212914486,0.012859304084720122,0.07012020606754436,-0.05118507312153303,0.046347793845012975,0.015928725701943845,SCP,SCP,ML,SCP,ML,ML,x11 lineal,x11 lineal,AutoETS,x11 lineal,AutoETS,AutoETS,ML,ML,SCP,ML,SCP,SCP,AutoETS,AutoETS,x11 lineal,AutoETS,x11 lineal,x11 lineal,50.0,37.90849673202615,14.534883720930225,97.53694581280789,9.909909909909917,54.61538461538461,33798.0,34728.0,33866.0,930.0,68.0,960.0,1286.0,460350.0,652210.0,3,320.0,428.6666666666667,391.72694571601784,466.265303591564,0.02840404757677969,0.03804958873306113,0.027516421090005325,0.002011953370021895,SCP,x11 lineal,ML,AutoETS,25.34992223950233,33840.0,34694.0,34906.0,854.0,1066.0,1044.0,1066.0,756546.0,595318.0,3,348.0,355.3333333333333,502.1772595408916,445.465299808339,0.030851063829787233,0.031501182033096924,0.025236406619385345,0.031501182033096924,SCP,x11 lineal,ML,AutoETS,2.06378986866791,67638.0,69422.0,68772.0,1784.0,1134.0,2004.0,2352.0,1216896.0,1247528.0,6,334.0,392.0,450.3509742412022,455.9839178450632,0.029628315443981194,0.03477335225760667,0.02637570596410302,0.016765723409917502,SCP,x11 lineal,ML,AutoETS,14.79591836734694,2026-07-11 12:55:22.869,0,,"
"10328,63,62,10467,1,123,""MERCADONA, 1131 ANTEQUERA"",""357"",,,,AutoETS,smooth_acceptable,smooth_acceptable_acceptable,acceptable,x11 seasonal,x11 seasonal,success,smooth_acceptable,COMPARABLE,1,1,1,60576.0,65040.0,57792.0,66288.0,56976.0,61632.0,59841.0,63243.0,57569.0,61664.0,54088.0,62542.0,57575.0,61867.0,57808.0,61219.0,53687.0,62474.0,-735.0,-1797.0,-223.0,-4624.0,-2888.0,910.0,-3001.0,-3173.0,16.0,-5069.0,-3289.0,842.0,735.0,1797.0,223.0,4624.0,2888.0,910.0,3001.0,3173.0,16.0,5069.0,3289.0,842.0,540225.0,3229209.0,49729.0,21381376,8340544.0,828100.0,9006001.0,10067929,256.0,25694761,10817521,708964.0,1,1,1,1,1,1,735.0,1797.0,223.0,4624.0,2888.0,910.0,3001.0,3173.0,16.0,5069.0,3289.0,842.0,735.0,1797.0,223.0,4624.0,2888.0,910.0,3001.0,3173.0,16.0,5069.0,3289.0,842.0,0.01213351822503962,0.027629151291512916,0.0038586655592469546,0.06975621530292059,0.05068800898623982,0.014765057113187954,0.049541072371896464,0.048785362853628535,0.0002768549280177,0.07646934588462467,0.0577260600954788,0.013661734164070613,-0.01213351822503962,-0.027629151291512916,-0.0038586655592469546,-0.06975621530292059,-0.05068800898623982,0.014765057113187954,-0.049541072371896464,-0.048785362853628535,0.0002768549280177,-0.07646934588462467,-0.0577260600954788,0.013661734164070613,SCP,SCP,ML,SCP,SCP,ML,x11 seasonal,x11 seasonal,AutoETS,x11 seasonal,x11 seasonal,AutoETS,ML,ML,SCP,ML,ML,SCP,AutoETS,AutoETS,x11 seasonal,AutoETS,AutoETS,x11 seasonal,75.50816394535154,43.36589977938859,92.82511210762333,8.778851844545283,12.192155670416547,7.4725274725274655,184896.0,178294.0,177380.0,-6602.0,-7516.0,8422.0,9200.0,30550020,37221246,3,2807.3333333333335,3066.6666666666665,3191.134594466363,3522.3688052218495,0.04554993077189339,0.0497577016268605,-0.035706559363101416,-0.04064987885081343,SCP,x11 seasonal,ML,AutoETS,8.456521739130423,183408.0,180653.0,177250.0,-2755.0,-6158.0,2755.0,6190.0,3819163.0,19074186,3,918.3333333333334,2063.3333333333335,1128.2970944451347,2521.51977981534,0.015021155020500741,0.03374989095350257,-0.015021155020500741,-0.03357541655762017,SCP,x11 seasonal,ML,AutoETS,55.49273021001615,368304.0,358947.0,354630.0,-9357.0,-13674.0,11177.0,15390.0,34369183,56295432,6,1862.8333333333333,2565.0,2393.3652388773985,3063.0984313273384,0.030347213171727703,0.04178613319431774,-0.0254056431643425,-0.037126938615925975,SCP,x11 seasonal,ML,AutoETS,27.374918778427553,2026-07-11 12:55:22.869,0,,"
"10329,63,62,10467,1,124,"""",""462"",,,,,,,,preserve current forecast,preserve current forecast,success,,NOT_COMPARABLE_MISSING_SCP_AND_ML,1,0,0,0.0,0.0,0.0,0.0,0.0,0.0,,,,,,,,,,,,,,,,,,,,,,,,,,,,,,,,,,,,,,,,,,,,,,,,,,,,,,,,,,,,,,,,,,,,,,,,,,,,,,,,,,,,,,,,,,,,,,,,,,,,,,,,,,,,,,,,,,,,,,,,,,,,,,,,,,,,,,,,,,,,,,,,,,,,,,,,,,,,,,,,,,,,,,,,,,,,,,,,,,,,,,,,,,,,,,,,,,,,,,,,,,2026-07-11 12:55:22.869,1,MissingHistory,NoForecastRowsMaterialized"
"10330,63,62,10467,1,125,""MERCADONA, 1158 CIEMPOZUE"",""352"",,,,AutoETS,smooth_acceptable,smooth_acceptable_acceptable,acceptable,x11 lineal,x11 lineal,success,smooth_acceptable,COMPARABLE,1,1,1,15840.0,18180.0,15948.0,18048.0,15696.0,17532.0,16894.0,17655.0,16648.0,16545.0,15980.0,17170.0,16202.0,17782.0,15795.0,16736.0,16723.0,16710.0,1054.0,-525.0,700.0,-1503.0,284.0,-362.0,362.0,-398.0,-153.0,-1312.0,1027.0,-822.0,1054.0,525.0,700.0,1503.0,284.0,362.0,362.0,398.0,153.0,1312.0,1027.0,822.0,1110916.0,275625.0,490000.0,2259009.0,80656.0,131044.0,131044.0,158404.0,23409.0,1721344.0,1054729.0,675684.0,1,1,1,1,1,1,1054.0,525.0,700.0,1503.0,284.0,362.0,362.0,398.0,153.0,1312.0,1027.0,822.0,1054.0,525.0,700.0,1503.0,284.0,362.0,362.0,398.0,153.0,1312.0,1027.0,822.0,0.06654040404040404,0.028877887788778877,0.04389265111612741,0.08327792553191489,0.018093781855249746,0.020647958019621264,0.022853535353535355,0.021892189218921894,0.009593679458239277,0.0726950354609929,0.06543068297655454,0.04688569472963724,0.06654040404040404,-0.028877887788778877,0.04389265111612741,-0.08327792553191489,0.018093781855249746,-0.020647958019621264,0.022853535353535355,-0.021892189218921894,-0.009593679458239277,-0.0726950354609929,0.06543068297655454,-0.04688569472963724,ML,ML,ML,ML,SCP,SCP,AutoETS,AutoETS,AutoETS,AutoETS,x11 lineal,x11 lineal,SCP,SCP,SCP,SCP,ML,ML,x11 lineal,x11 lineal,x11 lineal,x11 lineal,AutoETS,AutoETS,65.65464895635674,24.190476190476183,78.14285714285714,12.707917498336663,72.34664070107108,55.961070559610704,51276.0,49695.0,50169.0,-1581.0,-1107.0,2149.0,3161.0,2470709.0,3451757.0,3,716.3333333333334,1053.6666666666667,907.5073920727405,1072.6535632097937,0.04191044543256104,0.061646774319369685,-0.03083313831032062,-0.0215890475076059,SCP,x11 lineal,ML,AutoETS,32.01518506801646,49968.0,51197.0,49779.0,1229.0,-189.0,2279.0,913.0,1876541.0,312857.0,3,759.6666666666666,304.3333333333333,790.8942196442371,322.9329135697795,0.045609189881524174,0.018271693884085814,0.024595741274415626,-0.003782420749279539,ML,AutoETS,SCP,x11 lineal,59.9385695480474,101244.0,100892.0,99948.0,-352.0,-1296.0,4428.0,4074.0,4347250.0,3764614.0,6,738.0,679.0,851.200133145353,792.1083680069707,0.043735925091857294,0.0402394215953538,-0.003476749239461104,-0.012800758563470427,ML,AutoETS,SCP,x11 lineal,7.994579945799457,2026-07-11 12:55:22.869,0,,"
"10331,63,62,10467,1,126,""MERCADONA, 1105 PARC SAGU"",""320"",,,,AutoARIMA,smooth_acceptable,smooth_acceptable_acceptable,acceptable,x11 lineal,x11 lineal,success,smooth_acceptable,COMPARABLE,1,1,1,41328.0,44496.0,46584.0,53592.0,40032.0,52488.0,26524.0,38547.0,41529.0,51472.0,54124.0,64710.0,51197.0,50356.0,49362.0,56722.0,56723.0,56722.0,-14804.0,-5949.0,-5055.0,-2120.0,14092.0,12222.0,9869.0,5860.0,2778.0,3130.0,16691.0,4234.0,14804.0,5949.0,5055.0,2120.0,14092.0,12222.0,9869.0,5860.0,2778.0,3130.0,16691.0,4234.0,219158416,35390601,25553025,4494400.0,198584464,149377284,97397161,34339600,7717284.0,9796900.0,278589481,17926756,1,1,1,1,1,1,14804.0,5949.0,5055.0,2120.0,14092.0,12222.0,9869.0,5860.0,2778.0,3130.0,16691.0,4234.0,14804.0,5949.0,5055.0,2120.0,14092.0,12222.0,9869.0,5860.0,2778.0,3130.0,16691.0,4234.0,0.35820751064653505,0.13369741100323623,0.10851365275631118,0.03955814300641887,0.3520183852917666,0.23285322359396435,0.238796941540844,0.13169723121179433,0.05963420917053065,0.058404239438722194,0.416941446842526,0.08066605700350556,-0.35820751064653505,-0.13369741100323623,-0.10851365275631118,-0.03955814300641887,0.3520183852917666,0.23285322359396435,0.238796941540844,0.13169723121179433,0.05963420917053065,0.058404239438722194,0.416941446842526,0.08066605700350556,ML,ML,ML,SCP,SCP,ML,AutoARIMA,AutoARIMA,AutoARIMA,x11 lineal,x11 lineal,AutoARIMA,SCP,SCP,SCP,ML,ML,SCP,x11 lineal,x11 lineal,x11 lineal,AutoARIMA,AutoARIMA,x11 lineal,33.335584977033236,1.4960497562615382,45.04451038575668,32.26837060702875,15.571265951710501,65.3575519554901,146112.0,170306.0,170167.0,24194.0,24055.0,28434.0,24055.0,352456148,306313137,3,9478.0,8018.333333333333,10839.067426059619,10104.671147543595,0.19460413929040735,0.164633979413053,0.16558530442400352,0.164633979413053,ML,AutoARIMA,SCP,x11 lineal,15.400576774284305,132408.0,106600.0,150915.0,-25808.0,18507.0,25808.0,18507.0,280102042,139454045,3,8602.666666666666,6169.0,9662.678062179932,6817.967561280023,0.1949126940970334,0.1397725212978068,-0.1949126940970334,0.1397725212978068,ML,AutoARIMA,SCP,x11 lineal,28.289677619342836,278520.0,276906.0,321082.0,-1614.0,42562.0,54242.0,42562.0,632558190,445767182,6,9040.333333333334,7093.666666666667,10267.734170692189,8619.427494522668,0.19475082579347983,0.15281487864426252,-0.005794915984489444,0.15281487864426252,ML,AutoARIMA,SCP,x11 lineal,21.533129309391256,2026-07-11 12:55:22.869,0,,"
"10332,63,62,10467,1,127,""MERCADONA, 1131 ANTEQUERA"",""334"",,,,AutoETS,smooth_acceptable,smooth_acceptable_acceptable,acceptable,x11 seasonal,x11 seasonal,success,smooth_acceptable,COMPARABLE,1,1,1,68752.0,80576.0,76944.0,99968.0,83264.0,97344.0,77504.0,91138.0,86205.0,87284.0,80853.0,93096.0,73399.0,86289.0,85373.0,88662.0,82639.0,97153.0,8752.0,10562.0,9261.0,-12684.0,-2411.0,-4248.0,4647.0,5713.0,8429.0,-11306.0,-625.0,-191.0,8752.0,10562.0,9261.0,12684.0,2411.0,4248.0,4647.0,5713.0,8429.0,11306.0,625.0,191.0,76597504,111555844,85766121,160883856,5812921.0,18045504,21594609,32638369,71048041,127825636,390625.0,36481.0,1,1,1,1,1,1,8752.0,10562.0,9261.0,12684.0,2411.0,4248.0,4647.0,5713.0,8429.0,11306.0,625.0,191.0,8752.0,10562.0,9261.0,12684.0,2411.0,4248.0,4647.0,5713.0,8429.0,11306.0,625.0,191.0,0.12729811496392832,0.13108121525019856,0.12036026200873362,0.12688060179257363,0.02895609146810146,0.04363905325443787,0.06759076099604375,0.07090200555996823,0.10954720316074028,0.11309619078104993,0.007506245196003075,0.0019621137409598947,0.12729811496392832,0.13108121525019856,0.12036026200873362,-0.12688060179257363,-0.02895609146810146,-0.04363905325443787,0.06759076099604375,0.07090200555996823,0.10954720316074028,-0.11309619078104993,-0.007506245196003075,-0.0019621137409598947,ML,ML,ML,ML,ML,ML,AutoETS,AutoETS,AutoETS,AutoETS,AutoETS,AutoETS,SCP,SCP,SCP,SCP,SCP,SCP,x11 seasonal,x11 seasonal,x11 seasonal,x11 seasonal,x11 seasonal,x11 seasonal,46.90356489945155,45.90986555576595,8.98391102472735,10.864080731630406,74.07714641227707,95.50376647834275,280576.0,261233.0,268454.0,-19343.0,-12122.0,19343.0,12122.0,184742281,128252742,3,6447.666666666667,4040.6666666666665,7847.340972159508,6538.418310264341,0.06894032276459854,0.04320398038321168,-0.06894032276459854,-0.04320398038321168,ML,AutoETS,SCP,x11 seasonal,37.33133433283358,226272.0,254847.0,245061.0,28575.0,18789.0,28575.0,18789.0,273919469,125281019,3,9525.0,6263.0,9555.442934090846,6462.224049556519,0.12628606279168433,0.08303722952906237,0.12628606279168433,0.08303722952906237,ML,AutoETS,SCP,x11 seasonal,34.24671916010498,506848.0,516080.0,513515.0,9232.0,6667.0,47918.0,30911.0,458661750,253533761,6,7986.333333333333,5151.833333333333,8743.204504070576,6500.432818923163,0.09454116421491256,0.06098672580339668,0.018214533745817288,0.01315384493970579,ML,AutoETS,SCP,x11 seasonal,35.49188196502358,2026-07-11 12:55:22.869,0,,"
"10333,63,62,10467,1,128,"""",""439"",,,,MovingAverage3M,intermittent_insuficient,intermittent_insuficient_insuficient,insuficient,syntetos-boylan,syntetos-boylan,success,intermittent_insuficient,NOT_COMPARABLE_MISSING_SCP,1,0,1,0.0,0.0,0.0,1.0,1.0,0.0,,,,,,,0.0,0.0,0.0,1.0,0.0,1.0,,,,,,,,,,,,,,,,,,,,,,,,,,,,,,,,,,,,,,,,,,,,,,,,,,,,,,,,,,,,,,,,,,,,,,,,,,,,,,,,,,,,,,,,,,,,,,,,,,,,,,,,,,,,,,,,,,,,,,,,,,,,,,,,,,,,,,,,,,,,,,,,,,,,,,,,,,,,,,,,,,,,,,,,,,,,,,,,,,,,,,,,,,,,,,2026-07-11 12:55:22.869,0,,NoForecastRowsMaterialized"
"10334,63,62,10467,1,129,""MERCADONA, 939 S.SADURNI"",""460"",,,,,,,,preserve current forecast,preserve current forecast,success,,NOT_COMPARABLE_MISSING_SCP_AND_ML,1,0,0,0.0,0.0,0.0,0.0,0.0,0.0,,,,,,,,,,,,,,,,,,,,,,,,,,,,,,,,,,,,,,,,,,,,,,,,,,,,,,,,,,,,,,,,,,,,,,,,,,,,,,,,,,,,,,,,,,,,,,,,,,,,,,,,,,,,,,,,,,,,,,,,,,,,,,,,,,,,,,,,,,,,,,,,,,,,,,,,,,,,,,,,,,,,,,,,,,,,,,,,,,,,,,,,,,,,,,,,,,,,,,,,,,2026-07-11 12:55:22.869,1,MissingHistory,NoForecastRowsMaterialized"
"10335,63,62,10467,1,130,""MERCADONA, 1246 RIBARROJA"",""332"",,,,HistoricAverage,smooth_recentRelease,smooth_recentRelease_recentRelease,recentRelease,average,average,success,smooth_recentRelease,COMPARABLE,1,1,1,84996.0,84984.0,84228.0,90456.0,73956.0,81564.0,82886.0,82887.0,82886.0,82342.0,82341.0,82342.0,79198.0,79199.0,79198.0,77103.0,77103.0,77103.0,-2110.0,-2097.0,-1342.0,-8114.0,8385.0,778.0,-5798.0,-5785.0,-5030.0,-13353.0,3147.0,-4461.0,2110.0,2097.0,1342.0,8114.0,8385.0,778.0,5798.0,5785.0,5030.0,13353.0,3147.0,4461.0,4452100.0,4397409.0,1800964.0,65836996,70308225,605284.0,33616804,33466225,25300900,178302609,9903609.0,19900521,1,1,1,1,1,1,2110.0,2097.0,1342.0,8114.0,8385.0,778.0,5798.0,5785.0,5030.0,13353.0,3147.0,4461.0,2110.0,2097.0,1342.0,8114.0,8385.0,778.0,5798.0,5785.0,5030.0,13353.0,3147.0,4461.0,0.02482469763282978,0.024675232985032478,0.015932943914137816,0.08970107013354559,0.11337822489047542,0.009538521896915305,0.06821497482234458,0.06807163701402617,0.059718858336895095,0.1476187317590873,0.042552328411487914,0.05469324702074445,-0.02482469763282978,-0.024675232985032478,-0.015932943914137816,-0.08970107013354559,0.11337822489047542,0.009538521896915305,-0.06821497482234458,-0.06807163701402617,-0.059718858336895095,-0.1476187317590873,0.042552328411487914,-0.05469324702074445,SCP,SCP,SCP,SCP,ML,SCP,average,average,average,average,HistoricAverage,average,ML,ML,ML,ML,SCP,ML,HistoricAverage,HistoricAverage,HistoricAverage,HistoricAverage,average,HistoricAverage,63.60814073818558,63.75108038029387,73.32007952286284,39.23462892233955,62.46869409660108,82.55996413360232,245976.0,247025.0,231309.0,1049.0,-14667.0,17277.0,20961.0,136750505,208106739,3,5759.0,6987.0,6751.555499784228,8328.800213716258,0.07023855985949849,0.08521563079324812,0.004264643705076918,-0.059627768562786614,SCP,average,ML,HistoricAverage,17.575497352225554,254208.0,248659.0,237595.0,-5549.0,-16613.0,5549.0,16613.0,10650473,92383929,3,1849.6666666666667,5537.666666666667,1884.186208066142,5549.29211701817,0.021828581319234642,0.06535199521651561,-0.021828581319234642,-0.06535199521651561,SCP,average,ML,HistoricAverage,66.59844699933787,500184.0,495684.0,468904.0,-4500.0,-31280.0,22826.0,37574.0,147400978,300490668,6,3804.3333333333335,6262.333333333333,4956.493686737295,7076.848027194028,0.045635206244102174,0.07512035570909906,-0.00899668921836764,-0.06253698638900884,SCP,average,ML,HistoricAverage,39.250545590035664,2026-07-11 12:55:22.869,0,,"
"10336,63,62,10467,1,131,""MERCADONA, 1156 VILLADANG"",""456"",,,,,,,,preserve current forecast,preserve current forecast,success,,NOT_COMPARABLE_MISSING_SCP_AND_ML,1,0,0,0.0,0.0,0.0,0.0,0.0,0.0,,,,,,,,,,,,,,,,,,,,,,,,,,,,,,,,,,,,,,,,,,,,,,,,,,,,,,,,,,,,,,,,,,,,,,,,,,,,,,,,,,,,,,,,,,,,,,,,,,,,,,,,,,,,,,,,,,,,,,,,,,,,,,,,,,,,,,,,,,,,,,,,,,,,,,,,,,,,,,,,,,,,,,,,,,,,,,,,,,,,,,,,,,,,,,,,,,,,,,,,,,2026-07-11 12:55:22.869,1,MissingHistory,NoForecastRowsMaterialized"
"10337,63,62,10467,1,132,""MERCADONA, 1105 PARC SAGU"",""360"",,,,AutoETS,seasonal_discontinuous_acceptable,seasonal_discontinuous_acceptable_acceptable,acceptable,syntetos-boylan,syntetos-boylan,success,seasonal_discontinuous_acceptable,NOT_COMPARABLE_MISSING_SCP,1,0,1,0.0,0.0,0.0,4936.0,1424.0,0.0,,,,,,,0.0,0.0,0.0,0.0,0.0,0.0,,,,,,,,,,,,,,,,,,,,,,,,,,,,,,,,,,,,,,,,,,,,,,,,,,,,,,,,,,,,,,,,,,,,,,,,,,,,,,,,,,,,,,,,,,,,,,,,,,,,,,,,,,,,,,,,,,,,,,,,,,,,,,,,,,,,,,,,,,,,,,,,,,,,,,,,,,,,,,,,,,,,,,,,,,,,,,,,,,,,,,,,,,,,,,2026-07-11 12:55:22.869,0,,NoForecastRowsMaterialized"
"10338,63,62,10467,1,133,""MERCADONA, 1025 GUADIX FR"",""357"",,,,AutoETS,smooth_acceptable,smooth_acceptable_acceptable,acceptable,x11 seasonal,x11 seasonal,success,smooth_acceptable,COMPARABLE,1,1,1,40320.0,43968.0,39552.0,44976.0,38568.0,42756.0,41177.0,43512.0,40109.0,41634.0,38055.0,42086.0,36551.0,39300.0,37349.0,38685.0,38685.0,38685.0,857.0,-456.0,557.0,-3342.0,-513.0,-670.0,-3769.0,-4668.0,-2203.0,-6291.0,117.0,-4071.0,857.0,456.0,557.0,3342.0,513.0,670.0,3769.0,4668.0,2203.0,6291.0,117.0,4071.0,734449.0,207936.0,310249.0,11168964,263169.0,448900.0,14205361,21790224,4853209.0,39576681,13689.0,16573041,1,1,1,1,1,1,857.0,456.0,557.0,3342.0,513.0,670.0,3769.0,4668.0,2203.0,6291.0,117.0,4071.0,857.0,456.0,557.0,3342.0,513.0,670.0,3769.0,4668.0,2203.0,6291.0,117.0,4071.0,0.02125496031746032,0.01037117903930131,0.014082726537216829,0.07430629669156884,0.013301182327317983,0.015670315277387967,0.09347718253968254,0.10616812227074236,0.055698826860841426,0.13987459978655284,0.0030336029869321717,0.09521470670783048,0.02125496031746032,-0.01037117903930131,0.014082726537216829,-0.07430629669156884,-0.013301182327317983,-0.015670315277387967,-0.09347718253968254,-0.10616812227074236,-0.055698826860841426,-0.13987459978655284,0.0030336029869321717,-0.09521470670783048,SCP,SCP,SCP,SCP,ML,SCP,x11 seasonal,x11 seasonal,x11 seasonal,x11 seasonal,AutoETS,x11 seasonal,ML,ML,ML,ML,SCP,ML,AutoETS,AutoETS,AutoETS,AutoETS,x11 seasonal,AutoETS,77.26187317590872,90.23136246786633,74.71629596005447,46.87649022412971,77.19298245614036,83.54212724146402,126300.0,121775.0,116055.0,-4525.0,-10245.0,4525.0,10479.0,11881033,56163411,3,1508.3333333333333,3493.0,1990.06138933786,4326.792923170694,0.035827395091053045,0.08296912114014252,-0.035827395091053045,-0.08111638954869359,SCP,x11 seasonal,ML,AutoETS,56.81839870216624,123840.0,124798.0,113200.0,958.0,-10640.0,1870.0,10640.0,1252634.0,40848794,3,623.3333333333334,3546.6666666666665,646.1769623459712,3690.022312489,0.015100129198966408,0.08591731266149871,0.00773578811369509,-0.08591731266149871,SCP,x11 seasonal,ML,AutoETS,82.4248120300752,250140.0,246573.0,229255.0,-3567.0,-20885.0,6395.0,21119.0,13133667,97012205,6,1065.8333333333333,3519.8333333333335,1479.5081953135643,4021.0323094117675,0.025565683217398258,0.08442871991684657,-0.014260014391940513,-0.08349324378348125,SCP,x11 seasonal,ML,AutoETS,69.7192101898764,2026-07-11 12:55:22.869,0,,"
"10339,63,62,10467,1,134,""MERCADONA, 1041 ABRERA FR"",""326"",,,,SeasonalNaive,smooth_acceptable,smooth_acceptable_acceptable,acceptable,x11 lineal,x11 lineal,success,smooth_acceptable,COMPARABLE,1,1,1,24528.0,24672.0,21450.0,24348.0,21984.0,24888.0,23810.0,24257.0,23359.0,24533.0,23489.0,24828.0,24176.0,24592.0,21952.0,24448.0,22336.0,25632.0,-718.0,-415.0,1909.0,185.0,1505.0,-60.0,-352.0,-80.0,502.0,100.0,352.0,744.0,718.0,415.0,1909.0,185.0,1505.0,60.0,352.0,80.0,502.0,100.0,352.0,744.0,515524.0,172225.0,3644281.0,34225.0,2265025.0,3600.0,123904.0,6400.0,252004.0,10000.0,123904.0,553536.0,1,1,1,1,1,1,718.0,415.0,1909.0,185.0,1505.0,60.0,352.0,80.0,502.0,100.0,352.0,744.0,718.0,415.0,1909.0,185.0,1505.0,60.0,352.0,80.0,502.0,100.0,352.0,744.0,0.029272667971298107,0.016820687418936445,0.08899766899766899,0.007598160013142763,0.06845887918486172,0.0024108003857280617,0.014350945857795172,0.00324254215304799,0.023403263403263402,0.0041071135206177094,0.01601164483260553,0.029893924783027964,-0.029272667971298107,-0.016820687418936445,0.08899766899766899,0.007598160013142763,0.06845887918486172,-0.0024108003857280617,-0.014350945857795172,-0.00324254215304799,0.023403263403263402,0.0041071135206177094,0.01601164483260553,0.029893924783027964,ML,ML,ML,ML,ML,SCP,SeasonalNaive,SeasonalNaive,SeasonalNaive,SeasonalNaive,SeasonalNaive,x11 lineal,SCP,SCP,SCP,SCP,SCP,ML,x11 lineal,x11 lineal,x11 lineal,x11 lineal,x11 lineal,SeasonalNaive,50.974930362116986,80.72289156626505,73.70350969093766,45.94594594594595,76.61129568106313,91.93548387096774,71220.0,72850.0,72416.0,1630.0,1196.0,1750.0,1196.0,2302850.0,687440.0,3,583.3333333333334,398.6666666666667,876.137356050218,478.69266410366754,0.02457174950856501,0.016793035664139287,0.02288682954226341,0.016793035664139287,ML,SeasonalNaive,SCP,x11 lineal,31.657142857142855,70650.0,71426.0,70720.0,776.0,70.0,3042.0,934.0,4332030.0,382308.0,3,1014.0,311.3333333333333,1201.6696717484385,356.9817922527702,0.043057324840764334,0.013220099079971692,0.010983722576079264,0.0009907997169144,ML,SeasonalNaive,SCP,x11 lineal,69.29651545036161,141870.0,144276.0,143136.0,2406.0,1266.0,4792.0,2130.0,6634880.0,1069748.0,6,798.6666666666666,355.0,1051.5765941353645,422.24558414900366,0.03377740184676112,0.015013744977796574,0.016959187989004018,0.008923662507929794,ML,SeasonalNaive,SCP,x11 lineal,55.55091819699499,2026-07-11 12:55:22.869,0,,"
"10340,63,62,10467,1,135,""MERCADONA, 1158 CIEMPOZUE"",""458"",,,,,,,,preserve current forecast,preserve current forecast,success,,NOT_COMPARABLE_MISSING_SCP_AND_ML,1,0,0,0.0,0.0,0.0,0.0,0.0,0.0,,,,,,,,,,,,,,,,,,,,,,,,,,,,,,,,,,,,,,,,,,,,,,,,,,,,,,,,,,,,,,,,,,,,,,,,,,,,,,,,,,,,,,,,,,,,,,,,,,,,,,,,,,,,,,,,,,,,,,,,,,,,,,,,,,,,,,,,,,,,,,,,,,,,,,,,,,,,,,,,,,,,,,,,,,,,,,,,,,,,,,,,,,,,,,,,,,,,,,,,,,2026-07-11 12:55:22.869,1,MissingHistory,NoForecastRowsMaterialized"
"10341,63,62,10467,1,136,""MERCADONA, 939 S.SADURNI"",""334"",,,,MovingAverage12M,smooth_acceptable,smooth_acceptable_acceptable,acceptable,x11 lineal,x11 lineal,success,smooth_acceptable,COMPARABLE,1,1,1,28087.0,31836.0,31504.0,35680.0,31744.0,33904.0,33602.0,34133.0,30164.0,30433.0,28205.0,30389.0,31010.0,31009.0,31010.0,30417.0,30416.0,30417.0,5515.0,2297.0,-1340.0,-5247.0,-3539.0,-3515.0,2923.0,-827.0,-494.0,-5263.0,-1328.0,-3487.0,5515.0,2297.0,1340.0,5247.0,3539.0,3515.0,2923.0,827.0,494.0,5263.0,1328.0,3487.0,30415225,5276209.0,1795600.0,27531009,12524521,12355225,8543929.0,683929.0,244036.0,27699169,1763584.0,12159169,1,1,1,1,1,1,5515.0,2297.0,1340.0,5247.0,3539.0,3515.0,2923.0,827.0,494.0,5263.0,1328.0,3487.0,5515.0,2297.0,1340.0,5247.0,3539.0,3515.0,2923.0,827.0,494.0,5263.0,1328.0,3487.0,0.19635418521023962,0.0721510239979897,0.04253428136109701,0.14705717488789238,0.11148563508064516,0.10367508258612552,0.1040694983444298,0.025976881517778615,0.015680548501777553,0.14750560538116592,0.041834677419354836,0.10284922133081642,0.19635418521023962,0.0721510239979897,-0.04253428136109701,-0.14705717488789238,-0.11148563508064516,-0.10367508258612552,0.1040694983444298,-0.025976881517778615,-0.015680548501777553,-0.14750560538116592,-0.041834677419354836,-0.10284922133081642,ML,ML,ML,SCP,ML,ML,MovingAverage12M,MovingAverage12M,MovingAverage12M,x11 lineal,MovingAverage12M,MovingAverage12M,SCP,SCP,SCP,ML,SCP,SCP,x11 lineal,x11 lineal,x11 lineal,MovingAverage12M,x11 lineal,x11 lineal,46.999093381686315,63.99651719634305,63.13432835820896,0.30400912027360155,62.47527550155411,0.7965860597439509,101328.0,89027.0,91250.0,-12301.0,-10078.0,12301.0,10078.0,52410755,41621922,3,4100.333333333333,3359.3333333333335,4179.743014428838,3724.7783826692294,0.12139783672824886,0.0994591820622138,-0.12139783672824886,-0.0994591820622138,ML,MovingAverage12M,SCP,x11 lineal,18.07170148768393,91427.0,97899.0,93029.0,6472.0,1602.0,9152.0,4244.0,37487034,9471894.0,3,3050.6666666666665,1414.6666666666667,3534.922629987819,1776.8787240551899,0.10010172049832107,0.04641954783597843,0.07078871668106795,0.017522176162402793,ML,MovingAverage12M,SCP,x11 lineal,53.62762237762237,192755.0,186926.0,184279.0,-5829.0,-8476.0,21453.0,14322.0,89897789,51093816,6,3575.5,2387.0,3870.7834908882896,2918.1562672345017,0.11129672382039377,0.07430157453762548,-0.03024046068843869,-0.04397291899042827,ML,MovingAverage12M,SCP,x11 lineal,33.24010627884213,2026-07-11 12:55:22.869,0,,"
"10342,63,62,10467,1,137,""MERCADONA, 1025 GUADIX FR"",""334"",,,,AutoETS,smooth_acceptable,smooth_acceptable_acceptable,acceptable,x11 lineal,x11 lineal,success,smooth_acceptable,COMPARABLE,1,1,1,40704.0,48448.0,45120.0,51840.0,51008.0,57728.0,49536.0,53342.0,50759.0,51398.0,49262.0,51176.0,48632.0,51750.0,50194.0,55463.0,50692.0,55261.0,8832.0,4894.0,5639.0,-442.0,-1746.0,-6552.0,7928.0,3302.0,5074.0,3623.0,-316.0,-2467.0,8832.0,4894.0,5639.0,442.0,1746.0,6552.0,7928.0,3302.0,5074.0,3623.0,316.0,2467.0,78004224,23951236,31798321,195364.0,3048516.0,42928704,62853184,10903204,25745476,13126129,99856.0,6086089.0,1,1,1,1,1,1,8832.0,4894.0,5639.0,442.0,1746.0,6552.0,7928.0,3302.0,5074.0,3623.0,316.0,2467.0,8832.0,4894.0,5639.0,442.0,1746.0,6552.0,7928.0,3302.0,5074.0,3623.0,316.0,2467.0,0.2169811320754717,0.1010155217965654,0.12497783687943262,0.008526234567901235,0.034229924717691346,0.11349778270509978,0.19477201257861634,0.06815554821664464,0.11245567375886525,0.06988811728395061,0.006195106649937265,0.04273489467849224,0.2169811320754717,0.1010155217965654,0.12497783687943262,-0.008526234567901235,-0.034229924717691346,-0.11349778270509978,0.19477201257861634,0.06815554821664464,0.11245567375886525,0.06988811728395061,-0.006195106649937265,-0.04273489467849224,ML,ML,ML,SCP,ML,ML,AutoETS,AutoETS,AutoETS,x11 lineal,AutoETS,AutoETS,SCP,SCP,SCP,ML,SCP,SCP,x11 lineal,x11 lineal,x11 lineal,AutoETS,x11 lineal,x11 lineal,10.235507246376818,32.52962811606049,10.019507004788073,87.80016560861165,81.90148911798396,62.34737484737486,160576.0,151836.0,161416.0,-8740.0,840.0,8740.0,6406.0,46172584,19312074,3,2913.3333333333335,2135.3333333333335,3923.118827327734,2537.1949077672375,0.054429055400557994,0.03989388202471104,-0.054429055400557994,0.005231167795934635,ML,AutoETS,SCP,x11 lineal,26.704805491990857,134272.0,153637.0,150576.0,19365.0,16304.0,19365.0,16304.0,133753781,99501864,3,6455.0,5434.666666666667,6677.169584986341,5759.104791545297,0.14422217588179218,0.12142516682554814,0.14422217588179218,0.12142516682554814,ML,AutoETS,SCP,x11 lineal,15.80686806093467,294848.0,305473.0,311992.0,10625.0,17144.0,28105.0,22710.0,179926365,118813938,6,4684.166666666667,3785.0,5476.105139604242,4449.98011231511,0.09532030062947688,0.0770227371391361,0.03603551660516605,0.05814521380507923,ML,AutoETS,SCP,x11 lineal,19.195872620530153,2026-07-11 12:55:22.869,0,,"
"10343,63,62,10467,1,138,""MERCADONA, 1158 CIEMPOZUE"",""332"",,,,AutoARIMA,smooth_acceptable,smooth_acceptable_acceptable,acceptable,x11 lineal,x11 lineal,success,smooth_acceptable,COMPARABLE,1,1,1,26064.0,27744.0,24960.0,27360.0,23232.0,26400.0,27035.0,27069.0,26226.0,25326.0,22848.0,23134.0,28578.0,29153.0,27800.0,24320.0,24887.0,25877.0,971.0,-675.0,1266.0,-2034.0,-384.0,-3266.0,2514.0,1409.0,2840.0,-3040.0,1655.0,-523.0,971.0,675.0,1266.0,2034.0,384.0,3266.0,2514.0,1409.0,2840.0,3040.0,1655.0,523.0,942841.0,455625.0,1602756.0,4137156.0,147456.0,10666756,6320196.0,1985281.0,8065600.0,9241600.0,2739025.0,273529.0,1,1,1,1,1,1,971.0,675.0,1266.0,2034.0,384.0,3266.0,2514.0,1409.0,2840.0,3040.0,1655.0,523.0,971.0,675.0,1266.0,2034.0,384.0,3266.0,2514.0,1409.0,2840.0,3040.0,1655.0,523.0,0.03725445058317987,0.024329584775086507,0.050721153846153846,0.07434210526315789,0.01652892561983471,0.12371212121212122,0.0964548802946593,0.050785755478662056,0.11378205128205128,0.1111111111111111,0.0712379476584022,0.01981060606060606,0.03725445058317987,-0.024329584775086507,0.050721153846153846,-0.07434210526315789,-0.01652892561983471,-0.12371212121212122,0.0964548802946593,0.050785755478662056,0.11378205128205128,-0.1111111111111111,0.0712379476584022,-0.01981060606060606,SCP,SCP,SCP,SCP,SCP,ML,x11 lineal,x11 lineal,x11 lineal,x11 lineal,x11 lineal,AutoARIMA,ML,ML,ML,ML,ML,SCP,AutoARIMA,AutoARIMA,AutoARIMA,AutoARIMA,AutoARIMA,x11 lineal,61.37629276054098,52.09368346344926,55.42253521126761,33.0921052631579,76.79758308157099,83.98652786282915,76992.0,71308.0,75084.0,-5684.0,-1908.0,5684.0,5218.0,14951368,12254154,3,1894.6666666666667,1739.3333333333333,2232.440219431045,2021.0685292686144,0.07382585203657523,0.06777327514546966,-0.07382585203657523,-0.024781795511221946,ML,AutoARIMA,SCP,x11 lineal,8.198451794510907,78768.0,80330.0,85531.0,1562.0,6763.0,2912.0,6763.0,3001222.0,16371077,3,970.6666666666666,2254.3333333333335,1000.2036459308341,2336.027753830563,0.03696932764574447,0.08585973999593743,0.019830387974812107,0.08585973999593743,SCP,x11 lineal,ML,AutoARIMA,56.9421854206713,155760.0,151638.0,160615.0,-4122.0,4855.0,8596.0,11981.0,17952590,28625231,6,1432.6666666666667,1996.8333333333333,1729.7682889142504,2184.2325501954533,0.05518746789933231,0.0769196199280945,-0.026463790446841294,0.03116974833076528,SCP,x11 lineal,ML,AutoARIMA,28.25306735664802,2026-07-11 12:55:22.869,0,,"
"10344,63,62,10467,1,139,""MERCADONA, 1041 ABRERA FR"",""320"",,,,AutoARIMA,smooth_acceptable,smooth_acceptable_acceptable,acceptable,x11 lineal,x11 lineal,success,smooth_acceptable,COMPARABLE,1,1,1,53304.0,57168.0,59712.0,58680.0,48432.0,50856.0,51336.0,51513.0,51225.0,50856.0,49343.0,50188.0,56519.0,54876.0,51705.0,50508.0,50507.0,50508.0,-1968.0,-5655.0,-8487.0,-7824.0,911.0,-668.0,3215.0,-2292.0,-8007.0,-8172.0,2075.0,-348.0,1968.0,5655.0,8487.0,7824.0,911.0,668.0,3215.0,2292.0,8007.0,8172.0,2075.0,348.0,3873024.0,31979025,72029169,61214976,829921.0,446224.0,10336225,5253264.0,64112049,66781584,4305625.0,121104.0,1,1,1,1,1,1,1968.0,5655.0,8487.0,7824.0,911.0,668.0,3215.0,2292.0,8007.0,8172.0,2075.0,348.0,1968.0,5655.0,8487.0,7824.0,911.0,668.0,3215.0,2292.0,8007.0,8172.0,2075.0,348.0,0.03692030616839262,0.09891897565071368,0.1421322347266881,0.13333333333333333,0.018809877766765775,0.013135126632059147,0.06031442293261294,0.04009235936188077,0.13409364951768488,0.1392638036809816,0.04284357449620086,0.00684285040113261,-0.03692030616839262,-0.09891897565071368,-0.1421322347266881,-0.13333333333333333,0.018809877766765775,-0.013135126632059147,0.06031442293261294,-0.04009235936188077,-0.13409364951768488,-0.1392638036809816,0.04284357449620086,-0.00684285040113261,SCP,ML,ML,SCP,SCP,ML,x11 lineal,AutoARIMA,AutoARIMA,x11 lineal,x11 lineal,AutoARIMA,ML,SCP,SCP,ML,ML,SCP,AutoARIMA,x11 lineal,x11 lineal,AutoARIMA,AutoARIMA,x11 lineal,38.7869362363919,59.46949602122016,5.655708731000356,4.258443465491926,56.09638554216868,47.90419161676646,157968.0,150387.0,151523.0,-7581.0,-6445.0,9403.0,10595.0,62491121,71208313,3,3134.3333333333335,3531.6666666666665,4564.030419121532,4871.97129849236,0.05952471386609946,0.06707054593335358,-0.0479907323002127,-0.04079940241061481,SCP,x11 lineal,ML,AutoARIMA,11.250589900896642,170184.0,154074.0,163100.0,-16110.0,-7084.0,16110.0,13514.0,107881218,79701538,3,5370.0,4504.666666666667,5996.699592275738,5154.335974044895,0.09466224791989847,0.07940816998072674,-0.09466224791989847,-0.041625534715366896,ML,AutoARIMA,SCP,x11 lineal,16.11421477343266,328152.0,304461.0,314623.0,-23691.0,-13529.0,25513.0,24109.0,170372339,150909851,6,4252.166666666667,4018.1666666666665,5328.732479054783,5015.141257565268,0.07774750725273653,0.07346900216972622,-0.0721952022233599,-0.041227845632511764,ML,AutoARIMA,SCP,x11 lineal,5.503076862775835,2026-07-11 12:55:22.869,0,,"
"10345,63,62,10467,1,140,""MERCADONA, 1131 ANTEQUERA"",""457"",,,,,,,,preserve current forecast,preserve current forecast,success,,NOT_COMPARABLE_MISSING_SCP_AND_ML,1,0,0,0.0,0.0,0.0,0.0,0.0,0.0,,,,,,,,,,,,,,,,,,,,,,,,,,,,,,,,,,,,,,,,,,,,,,,,,,,,,,,,,,,,,,,,,,,,,,,,,,,,,,,,,,,,,,,,,,,,,,,,,,,,,,,,,,,,,,,,,,,,,,,,,,,,,,,,,,,,,,,,,,,,,,,,,,,,,,,,,,,,,,,,,,,,,,,,,,,,,,,,,,,,,,,,,,,,,,,,,,,,,,,,,,2026-07-11 12:55:22.869,1,MissingHistory,NoForecastRowsMaterialized"
"10346,63,62,10467,1,141,""MERCADONA, 1156 VILLADANG"",""327"",,,,AutoETS,smooth_acceptable,smooth_acceptable_acceptable,acceptable,x11 seasonal,x11 seasonal,success,smooth_acceptable,COMPARABLE,1,1,1,20160.0,16960.0,15940.0,16360.0,11520.0,12730.0,14578.0,14679.0,13211.0,14149.0,12323.0,13088.0,16491.0,16026.0,14513.0,13269.0,12009.0,12510.0,-5582.0,-2281.0,-2729.0,-2211.0,803.0,358.0,-3669.0,-934.0,-1427.0,-3091.0,489.0,-220.0,5582.0,2281.0,2729.0,2211.0,803.0,358.0,3669.0,934.0,1427.0,3091.0,489.0,220.0,31158724,5202961.0,7447441.0,4888521.0,644809.0,128164.0,13461561,872356.0,2036329.0,9554281.0,239121.0,48400.0,1,1,1,1,1,1,5582.0,2281.0,2729.0,2211.0,803.0,358.0,3669.0,934.0,1427.0,3091.0,489.0,220.0,5582.0,2281.0,2729.0,2211.0,803.0,358.0,3669.0,934.0,1427.0,3091.0,489.0,220.0,0.27688492063492065,0.1344929245283019,0.17120451693851946,0.13514669926650366,0.06970486111111111,0.02812254516889238,0.1819940476190476,0.055070754716981134,0.08952321204516939,0.1889364303178484,0.04244791666666667,0.01728201099764336,-0.27688492063492065,-0.1344929245283019,-0.17120451693851946,-0.13514669926650366,0.06970486111111111,0.02812254516889238,-0.1819940476190476,-0.055070754716981134,-0.08952321204516939,-0.1889364303178484,0.04244791666666667,-0.01728201099764336,ML,ML,ML,SCP,ML,ML,AutoETS,AutoETS,AutoETS,x11 seasonal,AutoETS,AutoETS,SCP,SCP,SCP,ML,SCP,SCP,x11 seasonal,x11 seasonal,x11 seasonal,AutoETS,x11 seasonal,x11 seasonal,34.270870655678976,59.05304690925032,47.70978380359106,28.46975088967972,39.10336239103363,38.54748603351956,40610.0,39560.0,37788.0,-1050.0,-2822.0,3372.0,3800.0,5661494.0,9841802.0,3,1124.0,1266.6666666666667,1373.7411206871063,1811.2428513776574,0.08303373553311992,0.09357301157350406,-0.025855700566362966,-0.06949027333169171,SCP,x11 seasonal,ML,AutoETS,11.263157894736842,53060.0,42468.0,47030.0,-10592.0,-6030.0,10592.0,6030.0,43809126,16370246,3,3530.6666666666665,2010.0,3821.392678069083,2335.9684643990095,0.19962306822465134,0.11364493026762156,-0.19962306822465134,-0.11364493026762156,ML,AutoETS,SCP,x11 seasonal,43.0702416918429,93670.0,82028.0,84818.0,-11642.0,-8852.0,13964.0,9830.0,49470620,26212048,6,2327.3333333333335,1638.3333333333333,2871.428796493713,2090.1374755423785,0.14907654531867193,0.10494288459485428,-0.1242873919077613,-0.09450197501868261,ML,AutoETS,SCP,x11 seasonal,29.604697794328267,2026-07-11 12:55:22.869,0,,"
"10347,63,62,10467,1,142,SAN ISIDRO,""456"",,,,,,,,preserve current forecast,preserve current forecast,success,,NOT_COMPARABLE_MISSING_SCP_AND_ML,1,0,0,0.0,0.0,0.0,0.0,0.0,0.0,,,,,,,,,,,,,,,,,,,,,,,,,,,,,,,,,,,,,,,,,,,,,,,,,,,,,,,,,,,,,,,,,,,,,,,,,,,,,,,,,,,,,,,,,,,,,,,,,,,,,,,,,,,,,,,,,,,,,,,,,,,,,,,,,,,,,,,,,,,,,,,,,,,,,,,,,,,,,,,,,,,,,,,,,,,,,,,,,,,,,,,,,,,,,,,,,,,,,,,,,,2026-07-11 12:55:22.869,1,MissingHistory,NoForecastRowsMaterialized"
"10348,63,62,10467,1,143,""MERCADONA, 1018 INGENIO"",""438"",,,,,,,,average,average,success,,NOT_COMPARABLE_MISSING_SCP_AND_ML,1,0,0,7950.0,7540.0,2820.0,0.0,0.0,0.0,,,,,,,,,,,,,,,,,,,,,,,,,,,,,,,,,,,,,,,,,,,,,,,,,,,,,,,,,,,,,,,,,,,,,,,,,,,,,,,,,,,,,,,,,,,,,,,,,,,,,,,,,,,,,,,,,,,,,,,,,,,,,,,,,,,,,,,,,,,,,,,,,,,,,,,,,,,,,,,,,,,,,,,,,,,,,,,,,,,,,,,,,,,,,,,,,,,,,,,,,,2026-07-11 12:55:22.869,0,,NoForecastRowsMaterialized"
"10349,63,62,10467,1,144,SAN ISIDRO,""356"",,,,AutoARIMA,smooth_acceptable,smooth_acceptable_acceptable,acceptable,x11 lineal,x11 lineal,success,smooth_acceptable,COMPARABLE,1,1,1,113904.0,122628.0,111252.0,119964.0,97056.0,108960.0,113075.0,116538.0,109403.0,113570.0,109856.0,114716.0,110718.0,112394.0,109921.0,109420.0,107410.0,113322.0,-829.0,-6090.0,-1849.0,-6394.0,12800.0,5756.0,-3186.0,-10234.0,-1331.0,-10544.0,10354.0,4362.0,829.0,6090.0,1849.0,6394.0,12800.0,5756.0,3186.0,10234.0,1331.0,10544.0,10354.0,4362.0,687241.0,37088100,3418801.0,40883236,163840000,33131536,10150596,104734756,1771561.0,111175936,107205316,19027044,1,1,1,1,1,1,829.0,6090.0,1849.0,6394.0,12800.0,5756.0,3186.0,10234.0,1331.0,10544.0,10354.0,4362.0,829.0,6090.0,1849.0,6394.0,12800.0,5756.0,3186.0,10234.0,1331.0,10544.0,10354.0,4362.0,0.0072780587161118135,0.04966239358058518,0.016619925933915796,0.053299323130272414,0.13188262446422683,0.052826725403817915,0.027970922882427307,0.08345565449978798,0.011963829863732787,0.08789303457703977,0.10668067919551599,0.040033039647577096,-0.0072780587161118135,-0.04966239358058518,-0.016619925933915796,-0.053299323130272414,0.13188262446422683,0.052826725403817915,-0.027970922882427307,-0.08345565449978798,-0.011963829863732787,-0.08789303457703977,0.10668067919551599,0.040033039647577096,SCP,SCP,ML,SCP,ML,ML,x11 lineal,x11 lineal,AutoARIMA,x11 lineal,AutoARIMA,AutoARIMA,ML,ML,SCP,ML,SCP,SCP,AutoARIMA,AutoARIMA,x11 lineal,AutoARIMA,x11 lineal,x11 lineal,73.97991211550534,40.49247606019152,28.015143320713904,39.35887708649469,19.109374999999993,24.218207088255728,325980.0,338142.0,330152.0,12162.0,4172.0,24950.0,25260.0,237854772,237408296,3,8316.666666666666,8420.0,8904.20821858968,8895.847270871205,0.07653843794097798,0.07748941652862139,0.037309037364255476,0.012798331185962328,SCP,x11 lineal,ML,AutoARIMA,1.2272367379255709,347784.0,339016.0,333033.0,-8768.0,-14751.0,8768.0,14751.0,41194142,116656913,3,2922.6666666666665,4917.0,3705.587762645309,6235.834961468004,0.02521105053711499,0.04241425712511214,-0.02521105053711499,-0.04241425712511214,SCP,x11 lineal,ML,AutoARIMA,40.55996203647211,673764.0,677158.0,663185.0,3394.0,-10579.0,33718.0,40011.0,279048914,354065209,6,5619.666666666667,6668.5,6819.68858037765,7681.853172683442,0.050044229136611634,0.05938429479758491,0.005037372136237614,-0.01570134349712956,SCP,x11 lineal,ML,AutoARIMA,15.728174751943214,2026-07-11 12:55:22.869,0,,"
"10350,63,62,10467,1,145,"""",""7"",,,,,unknown_oneOff,unknown_oneOff_oneOff,oneOff,average,average,success,unknown_oneOff,NOT_COMPARABLE_MISSING_ML,1,1,0,0.0,0.0,0.0,40.0,0.0,0.0,40.0,40.0,40.0,0.0,0.0,0.0,,,,,,,,,,,,,,,,,,,,,,,,,,,,,,,,,,,,,,,,,,,,,,,,,,,,,,,,,,,,,,,,,,,,,,,,,,,,,,,,,,,,,,,,,,,,,,,,,,,,,,,,,,,,,,,,,,,,,,,,,,,,,,,,,,,,,,,,,,,,,,,,,,,,,,,,,,,,,,,,,,,,,,,,,,,,,,,,,,,,,,,,,,,,,,,,,,,,2026-07-11 12:55:22.869,0,,NoForecastRowsMaterialized"
"10351,63,62,10467,1,146,""MERCADONA, 1151 GETAFE PE"",""351"",,,,AutoARIMA,smooth_acceptable,smooth_acceptable_acceptable,acceptable,x11 seasonal,x11 seasonal,success,smooth_acceptable,NOT_COMPARABLE_NO_HISTORY,1,1,1,0.0,0.0,0.0,0.0,0.0,0.0,424.0,864.0,966.0,4406.0,4210.0,4833.0,0.0,0.0,0.0,4656.0,4320.0,5280.0,,,,,,,,,,,,,,,,,,,,,,,,,,,,,,,,,,,,,,,,,,,,,,,,,,,,,,,,,,,,,,,,,,,,,,,,,,,,,,,,,,,,,,,,,,,,,,,,,,,,,,,,,,,,,,,,,,,,,,,,,,,,,,,,,,,,,,,,,,,,,,,,,,,,,,,,,,,,,,,,,,,,,,,,,,,,,,,,,,,,,,,,,,,,,,2026-07-11 12:55:22.869,0,,"
"10352,63,62,10467,1,147,""MERCADONA, 1003 ZGZ PEREC"",""455"",,,,,,,,preserve current forecast,preserve current forecast,success,,NOT_COMPARABLE_MISSING_SCP_AND_ML,1,0,0,0.0,0.0,0.0,0.0,0.0,0.0,,,,,,,,,,,,,,,,,,,,,,,,,,,,,,,,,,,,,,,,,,,,,,,,,,,,,,,,,,,,,,,,,,,,,,,,,,,,,,,,,,,,,,,,,,,,,,,,,,,,,,,,,,,,,,,,,,,,,,,,,,,,,,,,,,,,,,,,,,,,,,,,,,,,,,,,,,,,,,,,,,,,,,,,,,,,,,,,,,,,,,,,,,,,,,,,,,,,,,,,,,2026-07-11 12:55:22.869,1,MissingHistory,NoForecastRowsMaterialized"
"10353,63,62,10467,1,148,""MERCADONA, 1025 GUADIX FR"",""320"",,,,AutoARIMA,smooth_acceptable,smooth_acceptable_acceptable,acceptable,x11 lineal,x11 lineal,success,smooth_acceptable,COMPARABLE,1,1,1,27720.0,29856.0,28176.0,30960.0,30024.0,33768.0,30783.0,31278.0,31095.0,31371.0,29624.0,31260.0,28200.0,29531.0,29466.0,31874.0,30266.0,31896.0,3063.0,1422.0,2919.0,411.0,-400.0,-2508.0,480.0,-325.0,1290.0,914.0,242.0,-1872.0,3063.0,1422.0,2919.0,411.0,400.0,2508.0,480.0,325.0,1290.0,914.0,242.0,1872.0,9381969.0,2022084.0,8520561.0,168921.0,160000.0,6290064.0,230400.0,105625.0,1664100.0,835396.0,58564.0,3504384.0,1,1,1,1,1,1,3063.0,1422.0,2919.0,411.0,400.0,2508.0,480.0,325.0,1290.0,914.0,242.0,1872.0,3063.0,1422.0,2919.0,411.0,400.0,2508.0,480.0,325.0,1290.0,914.0,242.0,1872.0,0.1104978354978355,0.047628617363344054,0.10359880749574106,0.013275193798449613,0.01332267519317879,0.07427149964463398,0.017316017316017316,0.010885584137191854,0.04578364565587734,0.029521963824289406,0.008060218491873168,0.05543710021321962,0.1104978354978355,0.047628617363344054,0.10359880749574106,0.013275193798449613,-0.01332267519317879,-0.07427149964463398,0.017316017316017316,-0.010885584137191854,0.04578364565587734,0.029521963824289406,0.008060218491873168,-0.05543710021321962,ML,ML,ML,SCP,ML,ML,AutoARIMA,AutoARIMA,AutoARIMA,x11 lineal,AutoARIMA,AutoARIMA,SCP,SCP,SCP,ML,SCP,SCP,x11 lineal,x11 lineal,x11 lineal,AutoARIMA,x11 lineal,x11 lineal,84.32908912830558,77.14486638537272,55.80678314491264,55.032822757111596,39.49999999999999,25.358851674641148,94752.0,92255.0,94036.0,-2497.0,-716.0,3319.0,3028.0,6618985.0,4398344.0,3,1106.3333333333333,1009.3333333333334,1485.3714462495007,1210.8322206923083,0.03502828436339075,0.03195710908476866,-0.026353005741303615,-0.007556568726781493,ML,AutoARIMA,SCP,x11 lineal,8.76770111479361,85752.0,93156.0,87197.0,7404.0,1445.0,7404.0,2095.0,19924614,2000125.0,3,2468.0,698.3333333333334,2577.1181579430927,816.5220960472126,0.08634200951581304,0.024430917063158877,0.08634200951581304,0.01685091892900457,ML,AutoARIMA,SCP,x11 lineal,71.70448406266883,180504.0,185411.0,181233.0,4907.0,729.0,10723.0,5123.0,26543599,6398469.0,6,1787.1666666666667,853.8333333333334,2103.3148044614404,1032.6720195686528,0.05940588574214422,0.028381642512077296,0.02718499313034614,0.004038691663342641,ML,AutoARIMA,SCP,x11 lineal,52.224190991327056,2026-07-11 12:55:22.869,0,,"
"10354,63,62,10467,1,149,""MERCADONA, 1105 PARC SAGU"",""323"",,,,,,,,preserve current forecast,preserve current forecast,success,,NOT_COMPARABLE_MISSING_SCP_AND_ML,1,0,0,0.0,0.0,0.0,0.0,0.0,0.0,,,,,,,,,,,,,,,,,,,,,,,,,,,,,,,,,,,,,,,,,,,,,,,,,,,,,,,,,,,,,,,,,,,,,,,,,,,,,,,,,,,,,,,,,,,,,,,,,,,,,,,,,,,,,,,,,,,,,,,,,,,,,,,,,,,,,,,,,,,,,,,,,,,,,,,,,,,,,,,,,,,,,,,,,,,,,,,,,,,,,,,,,,,,,,,,,,,,,,,,,,2026-07-11 12:55:22.869,1,MissingHistory,NoForecastRowsMaterialized"
"10355,63,62,10467,1,150,""MERCADONA, 1003 ZGZ PEREC"",""323"",,,,MovingAverage12M,smooth_acceptable,smooth_acceptable_acceptable,acceptable,x11 lineal,x11 lineal,success,smooth_acceptable,COMPARABLE,1,1,1,4520.0,5030.0,4610.0,4850.0,4010.0,4480.0,4649.0,4669.0,4543.0,4303.0,3986.0,4162.0,4366.0,4367.0,4367.0,3937.0,3938.0,3937.0,129.0,-361.0,-67.0,-547.0,-24.0,-318.0,-154.0,-663.0,-243.0,-913.0,-72.0,-543.0,129.0,361.0,67.0,547.0,24.0,318.0,154.0,663.0,243.0,913.0,72.0,543.0,16641.0,130321.0,4489.0,299209.0,576.0,101124.0,23716.0,439569.0,59049.0,833569.0,5184.0,294849.0,1,1,1,1,1,1,129.0,361.0,67.0,547.0,24.0,318.0,154.0,663.0,243.0,913.0,72.0,543.0,129.0,361.0,67.0,547.0,24.0,318.0,154.0,663.0,243.0,913.0,72.0,543.0,0.02853982300884956,0.07176938369781312,0.014533622559652928,0.11278350515463917,0.0059850374064837905,0.07098214285714285,0.034070796460176994,0.13180914512922465,0.05271149674620391,0.18824742268041236,0.017955112219451373,0.12120535714285714,0.02853982300884956,-0.07176938369781312,-0.014533622559652928,-0.11278350515463917,-0.0059850374064837905,-0.07098214285714285,-0.034070796460176994,-0.13180914512922465,-0.05271149674620391,-0.18824742268041236,-0.017955112219451373,-0.12120535714285714,SCP,SCP,SCP,SCP,SCP,SCP,x11 lineal,x11 lineal,x11 lineal,x11 lineal,x11 lineal,x11 lineal,ML,ML,ML,ML,ML,ML,MovingAverage12M,MovingAverage12M,MovingAverage12M,MovingAverage12M,MovingAverage12M,MovingAverage12M,16.233766233766236,45.55052790346908,72.42798353909467,40.08762322015334,66.66666666666667,41.43646408839779,13340.0,12451.0,11812.0,-889.0,-1528.0,889.0,1528.0,400909.0,1133602.0,3,296.3333333333333,509.3333333333333,365.5630360599022,614.7091453145408,0.06664167916041978,0.11454272863568216,-0.06664167916041978,-0.11454272863568216,SCP,x11 lineal,ML,MovingAverage12M,41.819371727748695,14160.0,13861.0,13100.0,-299.0,-1060.0,557.0,1060.0,151451.0,522334.0,3,185.66666666666666,353.3333333333333,224.6857064137963,417.26650157103836,0.039336158192090395,0.0748587570621469,-0.021115819209039547,-0.0748587570621469,SCP,x11 lineal,ML,MovingAverage12M,47.45283018867924,27500.0,26312.0,24912.0,-1188.0,-2588.0,1446.0,2588.0,552360.0,1655936.0,6,241.0,431.3333333333333,303.4139087121749,525.346869537959,0.05258181818181818,0.0941090909090909,-0.0432,-0.0941090909090909,SCP,x11 lineal,ML,MovingAverage12M,44.12673879443585,2026-07-11 12:55:22.869,0,,"
"10356,63,62,10467,1,151,""MERCADONA, 1151 GETAFE PE"",""457"",,,,,,,,preserve current forecast,preserve current forecast,success,,NOT_COMPARABLE_MISSING_SCP_AND_ML,1,0,0,0.0,0.0,0.0,0.0,0.0,0.0,,,,,,,,,,,,,,,,,,,,,,,,,,,,,,,,,,,,,,,,,,,,,,,,,,,,,,,,,,,,,,,,,,,,,,,,,,,,,,,,,,,,,,,,,,,,,,,,,,,,,,,,,,,,,,,,,,,,,,,,,,,,,,,,,,,,,,,,,,,,,,,,,,,,,,,,,,,,,,,,,,,,,,,,,,,,,,,,,,,,,,,,,,,,,,,,,,,,,,,,,,2026-07-11 12:55:22.869,1,MissingHistory,NoForecastRowsMaterialized"
"10357,63,62,10467,1,152,""MERCADONA, 0955 GRANADILL"",""324"",,,,,,,,preserve current forecast,preserve current forecast,success,,NOT_COMPARABLE_MISSING_SCP_AND_ML,1,0,0,0.0,0.0,0.0,0.0,0.0,0.0,,,,,,,,,,,,,,,,,,,,,,,,,,,,,,,,,,,,,,,,,,,,,,,,,,,,,,,,,,,,,,,,,,,,,,,,,,,,,,,,,,,,,,,,,,,,,,,,,,,,,,,,,,,,,,,,,,,,,,,,,,,,,,,,,,,,,,,,,,,,,,,,,,,,,,,,,,,,,,,,,,,,,,,,,,,,,,,,,,,,,,,,,,,,,,,,,,,,,,,,,,2026-07-11 12:55:22.869,1,MissingHistory,NoForecastRowsMaterialized"
"10358,63,62,10467,1,153,""MERCADONA, 1025 GUADIX FR"",""460"",,,,,,,,preserve current forecast,preserve current forecast,success,,NOT_COMPARABLE_MISSING_SCP_AND_ML,1,0,0,0.0,0.0,0.0,0.0,0.0,0.0,,,,,,,,,,,,,,,,,,,,,,,,,,,,,,,,,,,,,,,,,,,,,,,,,,,,,,,,,,,,,,,,,,,,,,,,,,,,,,,,,,,,,,,,,,,,,,,,,,,,,,,,,,,,,,,,,,,,,,,,,,,,,,,,,,,,,,,,,,,,,,,,,,,,,,,,,,,,,,,,,,,,,,,,,,,,,,,,,,,,,,,,,,,,,,,,,,,,,,,,,,2026-07-11 12:55:22.869,1,MissingHistory,NoForecastRowsMaterialized"
"10359,63,62,10467,1,154,""LA PILA FOOD, S.A. / P.I.PRADO CONCEJIL ROA, 14 / 28890 LOECHES"",""42"",,,,,,,,preserve current forecast,preserve current forecast,success,,NOT_COMPARABLE_MISSING_SCP_AND_ML,1,0,0,0.0,0.0,0.0,0.0,0.0,0.0,,,,,,,,,,,,,,,,,,,,,,,,,,,,,,,,,,,,,,,,,,,,,,,,,,,,,,,,,,,,,,,,,,,,,,,,,,,,,,,,,,,,,,,,,,,,,,,,,,,,,,,,,,,,,,,,,,,,,,,,,,,,,,,,,,,,,,,,,,,,,,,,,,,,,,,,,,,,,,,,,,,,,,,,,,,,,,,,,,,,,,,,,,,,,,,,,,,,,,,,,,2026-07-11 12:55:22.869,1,MissingHistory,NoForecastRowsMaterialized"
"10360,63,62,10467,1,155,""MERCADONA, 1003 ZGZ PEREC"",""329"",,,,MovingAverage3M,smooth_acceptable,smooth_acceptable_acceptable,acceptable,seasonal discrete,seasonal discrete,success,smooth_acceptable,NOT_COMPARABLE_NO_HISTORY,1,1,1,0.0,0.0,0.0,0.0,0.0,0.0,393.0,1013.0,1111.0,503.0,154.0,344.0,0.0,0.0,0.0,0.0,0.0,0.0,,,,,,,,,,,,,,,,,,,,,,,,,,,,,,,,,,,,,,,,,,,,,,,,,,,,,,,,,,,,,,,,,,,,,,,,,,,,,,,,,,,,,,,,,,,,,,,,,,,,,,,,,,,,,,,,,,,,,,,,,,,,,,,,,,,,,,,,,,,,,,,,,,,,,,,,,,,,,,,,,,,,,,,,,,,,,,,,,,,,,,,,,,,,,,2026-07-11 12:55:22.869,0,,"
"10361,63,62,10467,1,156,""MERCADONA, 1151 GETAFE PE"",""325"",,,,AutoARIMA,smooth_acceptable,smooth_acceptable_acceptable,acceptable,seasonal discrete,seasonal discrete,success,smooth_acceptable,NOT_COMPARABLE_NO_HISTORY,1,1,1,0.0,0.0,0.0,0.0,0.0,0.0,269.0,214.0,0.0,131.0,61.0,237.0,0.0,0.0,0.0,0.0,0.0,0.0,,,,,,,,,,,,,,,,,,,,,,,,,,,,,,,,,,,,,,,,,,,,,,,,,,,,,,,,,,,,,,,,,,,,,,,,,,,,,,,,,,,,,,,,,,,,,,,,,,,,,,,,,,,,,,,,,,,,,,,,,,,,,,,,,,,,,,,,,,,,,,,,,,,,,,,,,,,,,,,,,,,,,,,,,,,,,,,,,,,,,,,,,,,,,,2026-07-11 12:55:22.869,0,,"
"10362,63,62,10467,1,157,""MERCADONA, 1131 ANTEQUERA"",""437"",,,,HistoricAverage,intermittent_newRelease,intermittent_newRelease_newRelease,newRelease,syntetos-boylan,syntetos-boylan,success,intermittent_newRelease,COMPARABLE,1,1,1,0.0,0.0,0.0,0.0,15907.0,18853.0,7489.0,7489.0,7489.0,6098.0,6098.0,6098.0,0.0,0.0,0.0,10215.0,10214.0,10215.0,7489.0,7489.0,7489.0,6098.0,-9809.0,-12755.0,0.0,0.0,0.0,10215.0,-5693.0,-8638.0,7489.0,7489.0,7489.0,6098.0,9809.0,12755.0,0.0,0.0,0.0,10215.0,5693.0,8638.0,56085121,56085121,56085121,37185604,96216481,162690025,0.0,0.0,0.0,104346225,32410249,74615044,0,0,0,0,1,1,,,,,9809.0,12755.0,,,,,5693.0,8638.0,,,,,9809.0,12755.0,,,,,5693.0,8638.0,,,,,0.6166467592883637,0.6765501511695752,,,,,0.3578927516187842,0.4581764175462791,,,,,-0.6166467592883637,-0.6765501511695752,,,,,-0.3578927516187842,-0.4581764175462791,,,,,ML,ML,,,,,HistoricAverage,HistoricAverage,,,,,SCP,SCP,,,,,syntetos-boylan,syntetos-boylan,,,,,41.96146396166785,32.27753822030577,34760.0,18294.0,30644.0,-16466.0,-4116.0,28662.0,24546.0,296092110,211371518,2,14331.0,12273.0,12167.417762204108,10280.35792178463,0.8245684695051784,0.706156501726122,-0.4737054085155351,-0.11841196777905638,ML,HistoricAverage,SCP,syntetos-boylan,14.36047728700021,0.0,22467.0,0.0,22467.0,0.0,22467.0,0.0,168255363,0.0,0,,,,,,,,,,,,,,34760.0,40761.0,30644.0,6001.0,-4116.0,51129.0,24546.0,464347473,211371518,2,25564.5,12273.0,15237.248324418684,10280.35792178463,1.470914844649022,0.706156501726122,0.1726409666283084,-0.11841196777905638,ML,HistoricAverage,SCP,syntetos-boylan,51.99202018423986,2026-07-11 12:55:22.869,0,,"
"10363,63,62,10467,1,158,""MERCADONA, 1041 ABRERA FR"",""323"",,,,AutoARIMA,smooth_acceptable,smooth_acceptable_acceptable,acceptable,x11 lineal,x11 lineal,success,smooth_acceptable,COMPARABLE,1,1,1,69600.0,73080.0,68480.0,73940.0,63330.0,67760.0,69616.0,70589.0,68778.0,68937.0,66620.0,68831.0,72367.0,73568.0,70669.0,63974.0,63361.0,66551.0,16.0,-2491.0,298.0,-5003.0,3290.0,1071.0,2767.0,488.0,2189.0,-9966.0,31.0,-1209.0,16.0,2491.0,298.0,5003.0,3290.0,1071.0,2767.0,488.0,2189.0,9966.0,31.0,1209.0,256.0,6205081.0,88804.0,25030009,10824100,1147041.0,7656289.0,238144.0,4791721.0,99321156,961.0,1461681.0,1,1,1,1,1,1,16.0,2491.0,298.0,5003.0,3290.0,1071.0,2767.0,488.0,2189.0,9966.0,31.0,1209.0,16.0,2491.0,298.0,5003.0,3290.0,1071.0,2767.0,488.0,2189.0,9966.0,31.0,1209.0,0.0002298850574713,0.03408593322386426,0.004351635514018692,0.06766296997565593,0.0519501026369809,0.015805785123966944,0.03975574712643678,0.006677613574165298,0.03196553738317757,0.13478496077901,0.0004894994473393,0.017842384887839433,0.0002298850574713,-0.03408593322386426,0.004351635514018692,-0.06766296997565593,0.0519501026369809,0.015805785123966944,0.03975574712643678,0.006677613574165298,0.03196553738317757,-0.13478496077901,0.0004894994473393,-0.017842384887839433,SCP,ML,SCP,SCP,ML,SCP,x11 lineal,AutoARIMA,x11 lineal,x11 lineal,AutoARIMA,x11 lineal,ML,SCP,ML,ML,SCP,ML,AutoARIMA,x11 lineal,AutoARIMA,AutoARIMA,x11 lineal,AutoARIMA,99.42175641488977,80.40947410678443,86.38647784376428,49.79931768011238,99.05775075987842,11.414392059553341,205030.0,204388.0,193886.0,-642.0,-11144.0,9364.0,11206.0,37001150,100783798,3,3121.3333333333335,3735.3333333333335,3511.939160444934,5796.084827996683,0.04567136516607326,0.05465541628054431,-0.003131249085499683,-0.05435302150904746,SCP,x11 lineal,ML,AutoARIMA,16.437622702123857,211160.0,208983.0,216604.0,-2177.0,5444.0,2805.0,5444.0,6294141.0,12686154,3,935.0,1814.6666666666667,1448.4636688574553,2056.384691637243,0.013283765864747112,0.025781397992043948,-0.010309717749573783,0.025781397992043948,SCP,x11 lineal,ML,AutoARIMA,48.475385745775164,416190.0,413371.0,410490.0,-2819.0,-5700.0,12169.0,16650.0,43295291,113469952,6,2028.1666666666667,2775.0,2686.2393477375267,4348.753691193221,0.02923904947259665,0.04000576659698695,-0.006773348710925299,-0.013695667844013552,SCP,x11 lineal,ML,AutoARIMA,26.912912912912912,2026-07-11 12:55:22.869,0,,"
"10364,63,62,10467,1,159,""MERCADONA, 1131 ANTEQUERA"",""460"",,,,,,,,preserve current forecast,preserve current forecast,success,,NOT_COMPARABLE_MISSING_SCP_AND_ML,1,0,0,0.0,0.0,0.0,0.0,0.0,0.0,,,,,,,,,,,,,,,,,,,,,,,,,,,,,,,,,,,,,,,,,,,,,,,,,,,,,,,,,,,,,,,,,,,,,,,,,,,,,,,,,,,,,,,,,,,,,,,,,,,,,,,,,,,,,,,,,,,,,,,,,,,,,,,,,,,,,,,,,,,,,,,,,,,,,,,,,,,,,,,,,,,,,,,,,,,,,,,,,,,,,,,,,,,,,,,,,,,,,,,,,,2026-07-11 12:55:22.869,1,MissingHistory,NoForecastRowsMaterialized"
"10365,63,62,10467,1,160,""MERCADONA, 939 S.SADURNI"",""357"",,,,AutoETS,smooth_acceptable,smooth_acceptable_acceptable,acceptable,x11 lineal,x11 lineal,success,smooth_acceptable,COMPARABLE,1,1,1,24484.0,27458.0,24468.0,26904.0,23220.0,24972.0,25186.0,25898.0,24693.0,23591.0,22927.0,23605.0,23225.0,25421.0,24410.0,22014.0,21510.0,22057.0,702.0,-1560.0,225.0,-3313.0,-293.0,-1367.0,-1259.0,-2037.0,-58.0,-4890.0,-1710.0,-2915.0,702.0,1560.0,225.0,3313.0,293.0,1367.0,1259.0,2037.0,58.0,4890.0,1710.0,2915.0,492804.0,2433600.0,50625.0,10975969,85849.0,1868689.0,1585081.0,4149369.0,3364.0,23912100,2924100.0,8497225.0,1,1,1,1,1,1,702.0,1560.0,225.0,3313.0,293.0,1367.0,1259.0,2037.0,58.0,4890.0,1710.0,2915.0,702.0,1560.0,225.0,3313.0,293.0,1367.0,1259.0,2037.0,58.0,4890.0,1710.0,2915.0,0.028671785655938573,0.056814043266079105,0.009195684158901422,0.12314154029140648,0.012618432385874246,0.0547413102674996,0.051421336382943966,0.0741860295724379,0.0023704430276279224,0.18175735950044603,0.07364341085271318,0.11673073842703828,0.028671785655938573,-0.056814043266079105,0.009195684158901422,-0.12314154029140648,-0.012618432385874246,-0.0547413102674996,-0.051421336382943966,-0.0741860295724379,-0.0023704430276279224,-0.18175735950044603,-0.07364341085271318,-0.11673073842703828,SCP,SCP,ML,SCP,SCP,SCP,x11 lineal,x11 lineal,AutoETS,x11 lineal,x11 lineal,x11 lineal,ML,ML,SCP,ML,ML,ML,AutoETS,AutoETS,x11 lineal,AutoETS,AutoETS,AutoETS,44.24146147736299,23.416789396170834,74.22222222222223,32.24948875255624,82.86549707602339,53.10463121783876,75096.0,70123.0,65581.0,-4973.0,-9515.0,4973.0,9515.0,12930507,35333425,3,1657.6666666666667,3171.6666666666665,2076.09465102148,3431.8811653863154,0.06622190263129861,0.12670448492596142,-0.06622190263129861,-0.12670448492596142,SCP,x11 lineal,ML,AutoETS,47.73515501839201,76410.0,75777.0,73056.0,-633.0,-3354.0,2487.0,3354.0,2977029.0,5737814.0,3,829.0,1118.0,996.1641431009249,1382.9695103893891,0.032548095798979194,0.043894778170396546,-0.0082842559874362,-0.043894778170396546,SCP,x11 lineal,ML,AutoETS,25.849731663685148,151506.0,145900.0,138637.0,-5606.0,-12869.0,7460.0,12869.0,15907536,41071239,6,1243.3333333333333,2144.8333333333335,1628.2677912431973,2616.334554295379,0.04923897403403166,0.08494053040803665,-0.03700183491082861,-0.08494053040803665,SCP,x11 lineal,ML,AutoETS,42.03123785841946,2026-07-11 12:55:22.869,0,,"
"10366,63,62,10467,1,161,SAN ISIDRO,""459"",,,,,,,,preserve current forecast,preserve current forecast,success,,NOT_COMPARABLE_MISSING_SCP_AND_ML,1,0,0,0.0,0.0,0.0,0.0,0.0,0.0,,,,,,,,,,,,,,,,,,,,,,,,,,,,,,,,,,,,,,,,,,,,,,,,,,,,,,,,,,,,,,,,,,,,,,,,,,,,,,,,,,,,,,,,,,,,,,,,,,,,,,,,,,,,,,,,,,,,,,,,,,,,,,,,,,,,,,,,,,,,,,,,,,,,,,,,,,,,,,,,,,,,,,,,,,,,,,,,,,,,,,,,,,,,,,,,,,,,,,,,,,2026-07-11 12:55:22.869,1,MissingHistory,NoForecastRowsMaterialized"
"10367,63,62,10467,1,162,"""",""24"",,,,,,,,preserve current forecast,preserve current forecast,success,,NOT_COMPARABLE_MISSING_SCP_AND_ML,1,0,0,0.0,0.0,0.0,0.0,0.0,0.0,,,,,,,,,,,,,,,,,,,,,,,,,,,,,,,,,,,,,,,,,,,,,,,,,,,,,,,,,,,,,,,,,,,,,,,,,,,,,,,,,,,,,,,,,,,,,,,,,,,,,,,,,,,,,,,,,,,,,,,,,,,,,,,,,,,,,,,,,,,,,,,,,,,,,,,,,,,,,,,,,,,,,,,,,,,,,,,,,,,,,,,,,,,,,,,,,,,,,,,,,,2026-07-11 12:55:22.869,1,MissingHistory,NoForecastRowsMaterialized"
"10368,63,62,10467,1,163,""MERCADONA, 1158 CIEMPOZUE"",""355"",,,,,,,,preserve current forecast,preserve current forecast,success,,NOT_COMPARABLE_MISSING_SCP_AND_ML,1,0,0,0.0,0.0,0.0,0.0,0.0,0.0,,,,,,,,,,,,,,,,,,,,,,,,,,,,,,,,,,,,,,,,,,,,,,,,,,,,,,,,,,,,,,,,,,,,,,,,,,,,,,,,,,,,,,,,,,,,,,,,,,,,,,,,,,,,,,,,,,,,,,,,,,,,,,,,,,,,,,,,,,,,,,,,,,,,,,,,,,,,,,,,,,,,,,,,,,,,,,,,,,,,,,,,,,,,,,,,,,,,,,,,,,2026-07-11 12:55:22.869,1,MissingHistory,NoForecastRowsMaterialized"
"10369,63,62,10467,1,164,""MERCADONA, 927 CIEMPOZUEL"",""326"",,,,AutoARIMA,smooth_acceptable,smooth_acceptable_acceptable,acceptable,x11 lineal,x11 lineal,success,smooth_acceptable,COMPARABLE,1,1,1,26832.0,26304.0,23304.0,25980.0,22134.0,25476.0,23341.0,23843.0,22966.0,23491.0,22642.0,24672.0,25661.0,26051.0,23842.0,26828.0,23526.0,27505.0,-3491.0,-2461.0,-338.0,-2489.0,508.0,-804.0,-1171.0,-253.0,538.0,848.0,1392.0,2029.0,3491.0,2461.0,338.0,2489.0,508.0,804.0,1171.0,253.0,538.0,848.0,1392.0,2029.0,12187081,6056521.0,114244.0,6195121.0,258064.0,646416.0,1371241.0,64009.0,289444.0,719104.0,1937664.0,4116841.0,1,1,1,1,1,1,3491.0,2461.0,338.0,2489.0,508.0,804.0,1171.0,253.0,538.0,848.0,1392.0,2029.0,3491.0,2461.0,338.0,2489.0,508.0,804.0,1171.0,253.0,538.0,848.0,1392.0,2029.0,0.13010584376863446,0.09355991484184915,0.014503947820116719,0.0958044649730562,0.022951115930243064,0.03155911446066886,0.04364192009540847,0.00961830900243309,0.023086165465156197,0.032640492686682065,0.0628896719978314,0.07964358612027006,-0.13010584376863446,-0.09355991484184915,-0.014503947820116719,-0.0958044649730562,0.022951115930243064,-0.03155911446066886,-0.04364192009540847,-0.00961830900243309,0.023086165465156197,0.032640492686682065,0.0628896719978314,0.07964358612027006,ML,ML,SCP,ML,SCP,SCP,AutoARIMA,AutoARIMA,x11 lineal,AutoARIMA,x11 lineal,x11 lineal,SCP,SCP,ML,SCP,ML,ML,x11 lineal,x11 lineal,AutoARIMA,x11 lineal,AutoARIMA,AutoARIMA,66.45660269263823,89.7196261682243,37.174721189591075,65.930092406589,63.50574712643679,60.37456875308034,73590.0,70805.0,77859.0,-2785.0,4269.0,3801.0,4269.0,7099601.0,6773609.0,3,1267.0,1423.0,1538.3542071534328,1502.6209324599024,0.051651039543416224,0.058010599266204645,-0.0378448158717217,0.058010599266204645,SCP,x11 lineal,ML,AutoARIMA,10.962754743499644,76440.0,70150.0,75554.0,-6290.0,-886.0,6290.0,1962.0,18357846,1724694.0,3,2096.6666666666665,654.0,2473.718253965071,758.2202846139108,0.08228676085818942,0.025667189952904238,-0.08228676085818942,-0.011590790162218733,ML,AutoARIMA,SCP,x11 lineal,68.80763116057234,150030.0,140955.0,153413.0,-9075.0,3383.0,10091.0,6231.0,25457447,8498303.0,6,1681.8333333333333,1038.5,2059.8319915307006,1190.1192517278819,0.06725988135706192,0.04153169366126774,-0.0604879024195161,0.02254882356861961,ML,AutoARIMA,SCP,x11 lineal,38.25190764047171,2026-07-11 12:55:22.869,0,,"
"10370,63,62,10467,1,165,""MERCADONA, 1246 RIBARROJA"",""355"",,,,HistoricAverage,smooth_recentRelease,smooth_recentRelease_recentRelease,recentRelease,average,average,success,smooth_recentRelease,COMPARABLE,1,1,1,10800.0,11184.0,10368.0,11488.0,9880.0,10688.0,10682.0,10682.0,10682.0,10323.0,10324.0,10323.0,10086.0,10085.0,10086.0,9636.0,9636.0,9636.0,-118.0,-502.0,314.0,-1165.0,444.0,-365.0,-714.0,-1099.0,-282.0,-1852.0,-244.0,-1052.0,118.0,502.0,314.0,1165.0,444.0,365.0,714.0,1099.0,282.0,1852.0,244.0,1052.0,13924.0,252004.0,98596.0,1357225.0,197136.0,133225.0,509796.0,1207801.0,79524.0,3429904.0,59536.0,1106704.0,1,1,1,1,1,1,118.0,502.0,314.0,1165.0,444.0,365.0,714.0,1099.0,282.0,1852.0,244.0,1052.0,118.0,502.0,314.0,1165.0,444.0,365.0,714.0,1099.0,282.0,1852.0,244.0,1052.0,0.010925925925925926,0.04488555078683834,0.030285493827160493,0.10141016713091922,0.044939271255060725,0.034150449101796404,0.0661111111111111,0.0982653791130186,0.027199074074074073,0.1612116991643454,0.024696356275303644,0.09842814371257486,-0.010925925925925926,-0.04488555078683834,0.030285493827160493,-0.10141016713091922,0.044939271255060725,-0.034150449101796404,-0.0661111111111111,-0.0982653791130186,-0.027199074074074073,-0.1612116991643454,-0.024696356275303644,-0.09842814371257486,SCP,SCP,ML,SCP,ML,SCP,average,average,HistoricAverage,average,HistoricAverage,average,ML,ML,SCP,ML,SCP,ML,HistoricAverage,HistoricAverage,average,HistoricAverage,average,HistoricAverage,83.4733893557423,54.3221110100091,10.19108280254777,37.09503239740821,45.04504504504504,65.30418250950571,32056.0,30970.0,28908.0,-1086.0,-3148.0,1974.0,3148.0,1687586.0,4596144.0,3,658.0,1049.3333333333333,750.0191108676275,1237.7592657702062,0.06157973546293986,0.09820314449713002,-0.0338782131270277,-0.09820314449713002,SCP,average,ML,HistoricAverage,37.29351969504447,32352.0,32046.0,30257.0,-306.0,-2095.0,934.0,2095.0,364524.0,1797121.0,3,311.3333333333333,698.3333333333334,348.5799764759875,773.9769591747117,0.028869930761622156,0.06475642927794263,-0.009458456973293769,-0.06475642927794263,SCP,average,ML,HistoricAverage,55.41766109785203,64408.0,63016.0,59165.0,-1392.0,-5243.0,2908.0,5243.0,2052110.0,6393265.0,6,484.6666666666667,873.8333333333334,584.8233351477464,1032.251987969346,0.04514967084834182,0.08140293131288039,-0.02161222208421314,-0.08140293131288039,SCP,average,ML,HistoricAverage,44.53557123784093,2026-07-11 12:55:22.869,0,,"
"10371,63,62,10467,1,166,""MERCADONA, 910 HUEVAR"",""324"",,,,AutoETS,smooth_acceptable,smooth_acceptable_acceptable,acceptable,x11 seasonal,x11 seasonal,success,smooth_acceptable,COMPARABLE,1,1,1,0.0,55392.0,52200.0,58848.0,50664.0,57480.0,55107.0,59073.0,52665.0,55920.0,52242.0,59026.0,58817.0,60660.0,54604.0,57548.0,49143.0,54374.0,55107.0,3681.0,465.0,-2928.0,1578.0,1546.0,58817.0,5268.0,2404.0,-1300.0,-1521.0,-3106.0,55107.0,3681.0,465.0,2928.0,1578.0,1546.0,58817.0,5268.0,2404.0,1300.0,1521.0,3106.0,3036781449,13549761,216225.0,8573184.0,2490084.0,2390116.0,3459439489,27751824,5779216.0,1690000.0,2313441.0,9647236.0,0,1,1,1,1,1,,3681.0,465.0,2928.0,1578.0,1546.0,,5268.0,2404.0,1300.0,1521.0,3106.0,,3681.0,465.0,2928.0,1578.0,1546.0,,5268.0,2404.0,1300.0,1521.0,3106.0,,0.06645363951473136,0.008908045977011494,0.049755301794453505,0.031146376125059213,0.026896311760612388,,0.09510398613518198,0.046053639846743294,0.022090810222947253,0.03002131691141639,0.054036186499652056,,0.06645363951473136,0.008908045977011494,-0.049755301794453505,0.031146376125059213,0.026896311760612388,,0.09510398613518198,0.046053639846743294,-0.022090810222947253,-0.03002131691141639,-0.054036186499652056,,SCP,SCP,ML,ML,SCP,,x11 seasonal,x11 seasonal,AutoETS,AutoETS,x11 seasonal,,ML,ML,SCP,SCP,ML,,AutoETS,AutoETS,x11 seasonal,x11 seasonal,AutoETS,,30.125284738041007,80.65723793677205,55.60109289617486,3.6121673003802286,50.225370251126854,166992.0,167188.0,161065.0,196.0,-5927.0,6052.0,5927.0,13453384,13650677,3,2017.3333333333333,1975.6666666666667,2117.654677546208,2133.125797196843,0.03624125706620676,0.03549271821404618,0.0011737089201877935,-0.03549271821404618,ML,AutoETS,SCP,x11 seasonal,2.0654329147389174,107592.0,166845.0,174081.0,59253.0,66489.0,59253.0,66489.0,3050547435,3492970529,2,29626.5,33244.5,39054.75281575855,41790.971088262595,0.5507193843408432,0.6179734552754852,0.5507193843408432,0.6179734552754852,SCP,x11 seasonal,ML,AutoETS,10.883003203537426,274584.0,334033.0,335146.0,59449.0,60562.0,65305.0,72416.0,3064000819,3506621206,5,13061.0,14483.2,24754.800823274665,26482.527092405664,0.23783250298633568,0.26372986044343444,0.216505695889054,0.2205591003117443,SCP,x11 seasonal,ML,AutoETS,9.819653115333635,2026-07-11 12:55:22.869,0,,"
"10372,63,62,10467,1,167,""MERCADONA, 927 CIEMPOZUEL"",""469"",,,,,unknown_oneOff,unknown_oneOff_oneOff,oneOff,syntetos-boylan,syntetos-boylan,success,unknown_oneOff,NOT_COMPARABLE_MISSING_ML,1,1,0,0.0,0.0,0.0,0.0,0.0,0.0,0.0,0.0,0.0,3.0,3.0,3.0,,,,,,,,,,,,,,,,,,,,,,,,,,,,,,,,,,,,,,,,,,,,,,,,,,,,,,,,,,,,,,,,,,,,,,,,,,,,,,,,,,,,,,,,,,,,,,,,,,,,,,,,,,,,,,,,,,,,,,,,,,,,,,,,,,,,,,,,,,,,,,,,,,,,,,,,,,,,,,,,,,,,,,,,,,,,,,,,,,,,,,,,,,,,,,,,,,,,2026-07-11 12:55:22.869,0,,NoForecastRowsMaterialized"
"10373,63,62,10467,1,168,""MERCADONA, 1156 VILLADANG"",""324"",,,,AutoETS,smooth_acceptable,smooth_acceptable_acceptable,acceptable,x11 seasonal,x11 seasonal,success,smooth_acceptable,COMPARABLE,1,1,1,25968.0,25884.0,21876.0,24576.0,21096.0,24096.0,23155.0,25037.0,21875.0,22601.0,20656.0,24437.0,24312.0,24916.0,22622.0,24284.0,20950.0,24297.0,-2813.0,-847.0,-1.0,-1975.0,-440.0,341.0,-1656.0,-968.0,746.0,-292.0,-146.0,201.0,2813.0,847.0,1.0,1975.0,440.0,341.0,1656.0,968.0,746.0,292.0,146.0,201.0,7912969.0,717409.0,1.0,3900625.0,193600.0,116281.0,2742336.0,937024.0,556516.0,85264.0,21316.0,40401.0,1,1,1,1,1,1,2813.0,847.0,1.0,1975.0,440.0,341.0,1656.0,968.0,746.0,292.0,146.0,201.0,2813.0,847.0,1.0,1975.0,440.0,341.0,1656.0,968.0,746.0,292.0,146.0,201.0,0.1083256315465188,0.032722917632514295,0.0000457121960139,0.08036295572916667,0.020857034508911642,0.014151726427622842,0.06377079482439926,0.037397620151444905,0.034101298226366795,0.011881510416666666,0.006920743268866136,0.008341633466135458,-0.1083256315465188,-0.032722917632514295,-0.0000457121960139,-0.08036295572916667,-0.020857034508911642,0.014151726427622842,-0.06377079482439926,-0.037397620151444905,0.034101298226366795,-0.011881510416666666,-0.006920743268866136,0.008341633466135458,ML,SCP,SCP,ML,ML,ML,AutoETS,x11 seasonal,x11 seasonal,AutoETS,AutoETS,AutoETS,SCP,ML,ML,SCP,SCP,SCP,x11 seasonal,AutoETS,AutoETS,x11 seasonal,x11 seasonal,x11 seasonal,41.130465694987556,12.499999999999991,99.86595174262735,85.21518987341771,66.81818181818183,41.05571847507331,69768.0,67694.0,69531.0,-2074.0,-237.0,2756.0,639.0,4210506.0,146981.0,3,918.6666666666666,213.0,1184.694897431402,221.34513020770677,0.039502350647861485,0.009158926728586172,-0.0297270955165692,-0.0033969728242174064,ML,AutoETS,SCP,x11 seasonal,76.81422351233672,73728.0,70067.0,71850.0,-3661.0,-1878.0,3661.0,3370.0,8630379.0,4235876.0,3,1220.3333333333333,1123.3333333333333,1696.111140226371,1188.258669931201,0.04965549045138889,0.045708550347222224,-0.04965549045138889,-0.025472005208333332,ML,AutoETS,SCP,x11 seasonal,7.948647910406987,143496.0,137761.0,141381.0,-5735.0,-2115.0,6417.0,4009.0,12840885,4382857.0,6,1069.5,668.1666666666666,1462.9242974262202,854.6789845706203,0.04471901655795284,0.027938060991247144,-0.03996627083681775,-0.014739086803813346,ML,AutoETS,SCP,x11 seasonal,37.525323359825464,2026-07-11 12:55:22.869,0,,"
"10374,63,62,10467,1,169,""MERCADONA, 1156 VILLADANG"",""330"",,,,MovingAverage12M,smooth_acceptable,smooth_acceptable_acceptable,acceptable,x11 lineal,x11 lineal,success,smooth_acceptable,COMPARABLE,1,1,1,13560.0,12264.0,10848.0,11304.0,8904.0,10224.0,11695.0,11541.0,10318.0,9195.0,8139.0,8829.0,10888.0,10888.0,10887.0,9038.0,8833.0,9522.0,-1865.0,-723.0,-530.0,-2109.0,-765.0,-1395.0,-2672.0,-1376.0,39.0,-2266.0,-71.0,-702.0,1865.0,723.0,530.0,2109.0,765.0,1395.0,2672.0,1376.0,39.0,2266.0,71.0,702.0,3478225.0,522729.0,280900.0,4447881.0,585225.0,1946025.0,7139584.0,1893376.0,1521.0,5134756.0,5041.0,492804.0,1,1,1,1,1,1,1865.0,723.0,530.0,2109.0,765.0,1395.0,2672.0,1376.0,39.0,2266.0,71.0,702.0,1865.0,723.0,530.0,2109.0,765.0,1395.0,2672.0,1376.0,39.0,2266.0,71.0,702.0,0.1375368731563422,0.05895303326810176,0.04885693215339233,0.18657112526539277,0.08591644204851752,0.136443661971831,0.19705014749262537,0.11219830397912589,0.003595132743362832,0.20046001415428166,0.007973944294699012,0.06866197183098592,-0.1375368731563422,-0.05895303326810176,-0.04885693215339233,-0.18657112526539277,-0.08591644204851752,-0.136443661971831,-0.19705014749262537,-0.11219830397912589,0.003595132743362832,-0.20046001415428166,-0.007973944294699012,-0.06866197183098592,SCP,SCP,ML,SCP,ML,ML,x11 lineal,x11 lineal,MovingAverage12M,x11 lineal,MovingAverage12M,MovingAverage12M,ML,ML,SCP,ML,SCP,SCP,MovingAverage12M,MovingAverage12M,x11 lineal,MovingAverage12M,x11 lineal,x11 lineal,30.202095808383227,47.45639534883721,92.64150943396227,6.928508384819068,90.71895424836602,49.67741935483871,30432.0,26163.0,27393.0,-4269.0,-3039.0,4269.0,3039.0,6979131.0,5632601.0,3,1423.0,1013.0,1525.2465374489464,1370.2312456905465,0.14027996845425866,0.09986198738170347,-0.14027996845425866,-0.09986198738170347,ML,MovingAverage12M,SCP,x11 lineal,28.81236823612086,36672.0,33554.0,32663.0,-3118.0,-4009.0,3118.0,4087.0,4281854.0,9034481.0,3,1039.3333333333333,1362.3333333333333,1194.6901969408918,1735.3655714767037,0.0850239965095986,0.11144742582897033,-0.0850239965095986,-0.10932046247818498,SCP,x11 lineal,ML,MovingAverage12M,23.709322241252746,67104.0,59717.0,60056.0,-7387.0,-7048.0,7387.0,7126.0,11260985,14667082,6,1231.1666666666667,1187.6666666666667,1369.9747564584295,1563.4940571254713,0.11008285646161182,0.10619337148307105,-0.11008285646161182,-0.10503099666189795,ML,MovingAverage12M,SCP,x11 lineal,3.533234059834847,2026-07-11 12:55:22.869,0,,"
"10375,63,62,10467,1,170,""MERCADONA, 1246 RIBARROJA"",""418"",,,,HistoricAverage,smooth_recentRelease,smooth_recentRelease_recentRelease,recentRelease,average,average,success,smooth_recentRelease,COMPARABLE,1,1,1,8592.0,8280.0,8208.0,7584.0,6408.0,7104.0,7234.0,7233.0,7234.0,7760.0,7760.0,7760.0,7107.0,7108.0,7107.0,7164.0,7164.0,7164.0,-1358.0,-1047.0,-974.0,176.0,1352.0,656.0,-1485.0,-1172.0,-1101.0,-420.0,756.0,60.0,1358.0,1047.0,974.0,176.0,1352.0,656.0,1485.0,1172.0,1101.0,420.0,756.0,60.0,1844164.0,1096209.0,948676.0,30976.0,1827904.0,430336.0,2205225.0,1373584.0,1212201.0,176400.0,571536.0,3600.0,1,1,1,1,1,1,1358.0,1047.0,974.0,176.0,1352.0,656.0,1485.0,1172.0,1101.0,420.0,756.0,60.0,1358.0,1047.0,974.0,176.0,1352.0,656.0,1485.0,1172.0,1101.0,420.0,756.0,60.0,0.1580540037243948,0.12644927536231884,0.11866471734892788,0.023206751054852322,0.21098626716604243,0.09234234234234234,0.17283519553072627,0.14154589371980678,0.1341374269005848,0.055379746835443035,0.11797752808988764,0.008445945945945946,-0.1580540037243948,-0.12644927536231884,-0.11866471734892788,0.023206751054852322,0.21098626716604243,0.09234234234234234,-0.17283519553072627,-0.14154589371980678,-0.1341374269005848,-0.055379746835443035,0.11797752808988764,0.008445945945945946,SCP,SCP,SCP,SCP,ML,ML,average,average,average,average,HistoricAverage,HistoricAverage,ML,ML,ML,ML,SCP,SCP,HistoricAverage,HistoricAverage,HistoricAverage,HistoricAverage,average,average,8.552188552188552,10.665529010238915,11.534968210717537,58.09523809523809,44.08284023668639,90.85365853658537,21096.0,23280.0,21492.0,2184.0,396.0,2184.0,1236.0,2289216.0,751536.0,3,728.0,412.0,873.5399246743104,500.51173812409235,0.10352673492605233,0.05858930602957907,0.10352673492605233,0.01877133105802048,ML,HistoricAverage,SCP,average,43.4065934065934,25080.0,21701.0,21322.0,-3379.0,-3758.0,3379.0,3758.0,3889049.0,4791010.0,3,1126.3333333333333,1252.6666666666667,1138.5735227321363,1263.725972405938,0.13472886762360448,0.14984051036682616,-0.13472886762360448,-0.14984051036682616,SCP,average,ML,HistoricAverage,10.085151676423628,46176.0,44981.0,42814.0,-1195.0,-3362.0,5563.0,4994.0,6178265.0,5542546.0,6,927.1666666666666,832.3333333333334,1014.7466843174868,961.1231277347698,0.12047383922383922,0.10815142065142065,-0.025879244629244628,-0.0728083853083853,ML,HistoricAverage,SCP,average,10.22829408592486,2026-07-11 12:55:22.869,0,,"
"10376,63,62,10467,1,171,""MERCADONA, 1246 RIBARROJA"",""318"",,,,HistoricAverage,smooth_recentRelease,smooth_recentRelease_recentRelease,recentRelease,average,average,success,smooth_recentRelease,COMPARABLE,1,1,1,6168.0,7440.0,7344.0,7608.0,6696.0,8040.0,7509.0,7509.0,7509.0,7880.0,7880.0,7880.0,7279.0,7279.0,7279.0,7152.0,7152.0,7152.0,1341.0,69.0,165.0,272.0,1184.0,-160.0,1111.0,-161.0,-65.0,-456.0,456.0,-888.0,1341.0,69.0,165.0,272.0,1184.0,160.0,1111.0,161.0,65.0,456.0,456.0,888.0,1798281.0,4761.0,27225.0,73984.0,1401856.0,25600.0,1234321.0,25921.0,4225.0,207936.0,207936.0,788544.0,1,1,1,1,1,1,1341.0,69.0,165.0,272.0,1184.0,160.0,1111.0,161.0,65.0,456.0,456.0,888.0,1341.0,69.0,165.0,272.0,1184.0,160.0,1111.0,161.0,65.0,456.0,456.0,888.0,0.2174124513618677,0.009274193548387096,0.02246732026143791,0.035751840168243953,0.1768219832735962,0.01990049751243781,0.18012321660181582,0.02163978494623656,0.008850762527233115,0.05993690851735016,0.06810035842293907,0.11044776119402985,0.2174124513618677,0.009274193548387096,0.02246732026143791,0.035751840168243953,0.1768219832735962,-0.01990049751243781,0.18012321660181582,-0.02163978494623656,-0.008850762527233115,-0.05993690851735016,0.06810035842293907,-0.11044776119402985,ML,SCP,ML,SCP,ML,SCP,HistoricAverage,average,HistoricAverage,average,HistoricAverage,average,SCP,ML,SCP,ML,SCP,ML,average,HistoricAverage,average,HistoricAverage,average,HistoricAverage,17.151379567486952,57.14285714285715,60.60606060606061,40.35087719298246,61.48648648648649,81.98198198198199,22344.0,23640.0,21456.0,1296.0,-888.0,1616.0,1800.0,1501440.0,1204416.0,3,538.6666666666666,600.0,707.4461110218926,633.6181815573161,0.07232366630862871,0.08055853920515575,0.05800214822771214,-0.0397422126745435,SCP,average,ML,HistoricAverage,10.222222222222229,20952.0,22527.0,21837.0,1575.0,885.0,1575.0,1337.0,1830267.0,1264467.0,3,525.0,445.6666666666667,781.0819419241492,649.221841899978,0.07517182130584192,0.06381252386407026,0.07517182130584192,0.04223940435280642,ML,HistoricAverage,SCP,average,15.111111111111109,43296.0,46167.0,43293.0,2871.0,-3.0,3191.0,3137.0,3331707.0,2468883.0,6,531.8333333333334,522.8333333333334,745.1741407214827,641.4674582548986,0.0737019586104952,0.07245473022912047,0.0663109756097561,-0.0000692904656319,ML,HistoricAverage,SCP,average,1.6922594797869055,2026-07-11 12:55:22.869,0,,"
"10377,63,62,10467,1,172,SAN ISIDRO,""353"",,,,,,,,preserve current forecast,preserve current forecast,success,,NOT_COMPARABLE_MISSING_SCP_AND_ML,1,0,0,0.0,0.0,0.0,0.0,0.0,0.0,,,,,,,,,,,,,,,,,,,,,,,,,,,,,,,,,,,,,,,,,,,,,,,,,,,,,,,,,,,,,,,,,,,,,,,,,,,,,,,,,,,,,,,,,,,,,,,,,,,,,,,,,,,,,,,,,,,,,,,,,,,,,,,,,,,,,,,,,,,,,,,,,,,,,,,,,,,,,,,,,,,,,,,,,,,,,,,,,,,,,,,,,,,,,,,,,,,,,,,,,,2026-07-11 12:55:22.869,1,MissingHistory,NoForecastRowsMaterialized"
"10378,63,62,10467,1,173,""MERCADONA, 1105 PARC SAGU"",""326"",,,,AutoTheta,smooth_acceptable,smooth_acceptable_acceptable,acceptable,x11 lineal,x11 lineal,success,smooth_acceptable,COMPARABLE,1,1,1,27498.0,26937.0,24798.0,31920.0,23910.0,26466.0,13420.0,22605.0,22585.0,32889.0,34436.0,40522.0,27877.0,27877.0,27877.0,71648.0,76400.0,86608.0,-14078.0,-4332.0,-2213.0,969.0,10526.0,14056.0,379.0,940.0,3079.0,39728.0,52490.0,60142.0,14078.0,4332.0,2213.0,969.0,10526.0,14056.0,379.0,940.0,3079.0,39728.0,52490.0,60142.0,198190084,18766224,4897369.0,938961.0,110796676,197571136,143641.0,883600.0,9480241.0,1578313984,2755200100,3617060164,1,1,1,1,1,1,14078.0,4332.0,2213.0,969.0,10526.0,14056.0,379.0,940.0,3079.0,39728.0,52490.0,60142.0,14078.0,4332.0,2213.0,969.0,10526.0,14056.0,379.0,940.0,3079.0,39728.0,52490.0,60142.0,0.5119645065095644,0.1608196903886847,0.08924106782805065,0.030357142857142857,0.4402342116269343,0.5310965011713141,0.013782820568768638,0.034896239373352636,0.12416323897088474,1.2446115288220552,2.195315767461313,2.272424998110784,-0.5119645065095644,-0.1608196903886847,-0.08924106782805065,0.030357142857142857,0.4402342116269343,0.5310965011713141,0.013782820568768638,0.034896239373352636,0.12416323897088474,1.2446115288220552,2.195315767461313,2.272424998110784,ML,ML,SCP,SCP,SCP,SCP,AutoTheta,AutoTheta,x11 lineal,x11 lineal,x11 lineal,x11 lineal,SCP,SCP,ML,ML,ML,ML,x11 lineal,x11 lineal,AutoTheta,AutoTheta,AutoTheta,AutoTheta,97.30785622957808,78.30101569713759,28.126014939915557,97.56091421667338,79.94665650600113,76.62864553889129,82296.0,107847.0,234656.0,25551.0,152360.0,25551.0,152360.0,309306773,7950574248,3,8517.0,50786.666666666664,10153.928188965425,51480.00986790892,0.31047681539807526,1.8513658014970351,0.31047681539807526,1.8513658014970351,SCP,x11 lineal,ML,AutoTheta,83.22985035442373,79233.0,58610.0,83631.0,-20623.0,4398.0,20623.0,4398.0,221853677,10507482,3,6874.333333333333,1466.0,8599.48984921005,1871.4951242255481,0.2602829629068696,0.05550717504070274,-0.2602829629068696,0.05550717504070274,ML,AutoTheta,SCP,x11 lineal,78.67429568927896,161529.0,166457.0,318287.0,4928.0,156758.0,46174.0,156758.0,531160450,7961081730,6,7695.666666666667,26126.333333333332,9408.865057309871,36425.91048965009,0.2858557906010685,0.9704635081007126,0.03050845359037696,0.9704635081007126,SCP,x11 lineal,ML,AutoTheta,70.54440602712462,2026-07-11 12:55:22.869,0,,"
"10379,63,62,10467,1,174,""MERCADONA, 1156 VILLADANG"",""356"",,,,AutoARIMA,smooth_acceptable,smooth_acceptable_acceptable,acceptable,x11 lineal,x11 lineal,success,smooth_acceptable,COMPARABLE,1,1,1,37944.0,41976.0,38472.0,41700.0,32736.0,37596.0,38253.0,39434.0,37219.0,37675.0,35698.0,37179.0,39678.0,43526.0,36061.0,38410.0,37535.0,37418.0,309.0,-2542.0,-1253.0,-4025.0,2962.0,-417.0,1734.0,1550.0,-2411.0,-3290.0,4799.0,-178.0,309.0,2542.0,1253.0,4025.0,2962.0,417.0,1734.0,1550.0,2411.0,3290.0,4799.0,178.0,95481.0,6461764.0,1570009.0,16200625,8773444.0,173889.0,3006756.0,2402500.0,5812921.0,10824100,23030401,31684.0,1,1,1,1,1,1,309.0,2542.0,1253.0,4025.0,2962.0,417.0,1734.0,1550.0,2411.0,3290.0,4799.0,178.0,309.0,2542.0,1253.0,4025.0,2962.0,417.0,1734.0,1550.0,2411.0,3290.0,4799.0,178.0,0.008143580012650222,0.06055841433199924,0.032569141193595344,0.09652278177458033,0.09048142717497556,0.01109160548994574,0.0456989247311828,0.03692586239756051,0.0626689540444999,0.0788968824940048,0.14659701857282503,0.004734546228322162,0.008143580012650222,-0.06055841433199924,-0.032569141193595344,-0.09652278177458033,0.09048142717497556,-0.01109160548994574,0.0456989247311828,0.03692586239756051,-0.0626689540444999,-0.0788968824940048,0.14659701857282503,-0.004734546228322162,SCP,ML,SCP,ML,SCP,ML,x11 lineal,AutoARIMA,x11 lineal,AutoARIMA,x11 lineal,AutoARIMA,ML,SCP,ML,SCP,ML,SCP,AutoARIMA,x11 lineal,AutoARIMA,x11 lineal,AutoARIMA,x11 lineal,82.17993079584774,39.02439024390244,48.02986312733306,18.260869565217387,38.278808085017715,57.314148681055165,112032.0,110552.0,113363.0,-1480.0,1331.0,7404.0,8267.0,25147958,33886185,3,2468.0,2755.6666666666665,2895.281103220664,3360.8622405567294,0.06608826049700085,0.07379141673807484,-0.013210511282490718,0.011880534133104827,SCP,x11 lineal,ML,AutoARIMA,10.439095197774288,118392.0,114906.0,119265.0,-3486.0,873.0,4104.0,5695.0,8127254.0,11222177,3,1368.0,1898.3333333333333,1645.9297271349913,1934.0955681316957,0.0346645043584026,0.04810291235894317,-0.029444557064666532,0.007373809041151429,SCP,x11 lineal,ML,AutoARIMA,27.936786654960482,230424.0,225458.0,232628.0,-4966.0,2204.0,11508.0,13962.0,33275212,45108362,6,1918.0,2327.0,2354.9668079755747,2741.908155524786,0.04994271430059369,0.06059264659931257,-0.02155157448876853,0.009564975870569039,SCP,x11 lineal,ML,AutoARIMA,17.576278470133218,2026-07-11 12:55:22.869,0,,"
"10380,63,62,10467,1,175,""MERCADONA, 927 CIEMPOZUEL"",""418"",,,,AutoETS,smooth_acceptable,smooth_acceptable_acceptable,acceptable,x11 seasonal,x11 seasonal,success,smooth_acceptable,COMPARABLE,1,1,1,23736.0,22104.0,19752.0,19536.0,15360.0,16752.0,20854.0,20892.0,18590.0,18862.0,16506.0,17822.0,22138.0,21858.0,20005.0,19034.0,16143.0,16968.0,-2882.0,-1212.0,-1162.0,-674.0,1146.0,1070.0,-1598.0,-246.0,253.0,-502.0,783.0,216.0,2882.0,1212.0,1162.0,674.0,1146.0,1070.0,1598.0,246.0,253.0,502.0,783.0,216.0,8305924.0,1468944.0,1350244.0,454276.0,1313316.0,1144900.0,2553604.0,60516.0,64009.0,252004.0,613089.0,46656.0,1,1,1,1,1,1,2882.0,1212.0,1162.0,674.0,1146.0,1070.0,1598.0,246.0,253.0,502.0,783.0,216.0,2882.0,1212.0,1162.0,674.0,1146.0,1070.0,1598.0,246.0,253.0,502.0,783.0,216.0,0.12141894169194473,0.054831704668838216,0.05882948562170919,0.0345004095004095,0.074609375,0.06387297039159504,0.06732389619143916,0.011129207383279044,0.012808829485621709,0.025696150696150697,0.0509765625,0.012893982808022923,-0.12141894169194473,-0.054831704668838216,-0.05882948562170919,-0.0345004095004095,0.074609375,0.06387297039159504,-0.06732389619143916,-0.011129207383279044,0.012808829485621709,-0.025696150696150697,0.0509765625,0.012893982808022923,ML,ML,ML,ML,ML,ML,AutoETS,AutoETS,AutoETS,AutoETS,AutoETS,AutoETS,SCP,SCP,SCP,SCP,SCP,SCP,x11 seasonal,x11 seasonal,x11 seasonal,x11 seasonal,x11 seasonal,x11 seasonal,44.552394170714784,79.70297029702971,78.22719449225472,25.519287833827892,31.67539267015707,79.81308411214954,51648.0,53190.0,52145.0,1542.0,497.0,2890.0,1501.0,2912492.0,911749.0,3,963.3333333333334,500.3333333333333,985.3073970424999,551.2860721379902,0.055955700123915736,0.029062112763320942,0.029855947955390334,0.009622831474597273,ML,AutoETS,SCP,x11 seasonal,48.06228373702422,65592.0,60336.0,64001.0,-5256.0,-1591.0,5256.0,2097.0,11125112,2678129.0,3,1752.0,699.0,1925.7130281188488,944.8331422355308,0.0801317233809001,0.03197036223929747,-0.0801317233809001,-0.02425600683010123,ML,AutoETS,SCP,x11 seasonal,60.1027397260274,117240.0,113526.0,116146.0,-3714.0,-1094.0,8146.0,3598.0,14037604,3589878.0,6,1357.6666666666667,599.6666666666666,1529.5753223253396,773.5069489022061,0.06948140566359605,0.0306891845786421,-0.03167860798362334,-0.009331286250426476,ML,AutoETS,SCP,x11 seasonal,55.8310827399951,2026-07-11 12:55:22.869,0,,"
"10381,63,62,10467,1,176,""MERCADONA, 1073 VITORIA FRIO"",""418"",,,,AutoARIMA,smooth_acceptable,smooth_acceptable_acceptable,acceptable,x11 seasonal,x11 seasonal,success,smooth_acceptable,COMPARABLE,1,1,1,11136.0,9384.0,8352.0,8976.0,6672.0,7920.0,10001.0,9220.0,8267.0,8465.0,7466.0,8062.0,11791.0,11327.0,10281.0,7864.0,7164.0,7779.0,-1135.0,-164.0,-85.0,-511.0,794.0,142.0,655.0,1943.0,1929.0,-1112.0,492.0,-141.0,1135.0,164.0,85.0,511.0,794.0,142.0,655.0,1943.0,1929.0,1112.0,492.0,141.0,1288225.0,26896.0,7225.0,261121.0,630436.0,20164.0,429025.0,3775249.0,3721041.0,1236544.0,242064.0,19881.0,1,1,1,1,1,1,1135.0,164.0,85.0,511.0,794.0,142.0,655.0,1943.0,1929.0,1112.0,492.0,141.0,1135.0,164.0,85.0,511.0,794.0,142.0,655.0,1943.0,1929.0,1112.0,492.0,141.0,0.10192169540229885,0.017476555839727195,0.010177203065134099,0.05692959001782531,0.11900479616306954,0.01792929292929293,0.05881824712643678,0.2070545609548167,0.2309626436781609,0.12388591800356506,0.0737410071942446,0.017803030303030303,-0.10192169540229885,-0.017476555839727195,-0.010177203065134099,-0.05692959001782531,0.11900479616306954,0.01792929292929293,0.05881824712643678,0.2070545609548167,0.2309626436781609,-0.12388591800356506,0.0737410071942446,-0.017803030303030303,ML,SCP,SCP,SCP,ML,ML,AutoARIMA,x11 seasonal,x11 seasonal,x11 seasonal,AutoARIMA,AutoARIMA,SCP,ML,ML,ML,SCP,SCP,x11 seasonal,AutoARIMA,AutoARIMA,AutoARIMA,x11 seasonal,x11 seasonal,42.290748898678416,91.55944415851775,95.59357179885953,54.04676258992806,38.0352644836272,0.7042253521126806,23568.0,23993.0,22807.0,425.0,-761.0,1447.0,1745.0,911721.0,1498489.0,3,482.3333333333333,581.6666666666666,551.2776070184603,706.7505453364245,0.06139680923285811,0.07404107264086897,0.018032926001357773,-0.03228954514596062,SCP,x11 seasonal,ML,AutoARIMA,17.077363896848134,28872.0,27488.0,33399.0,-1384.0,4527.0,1384.0,4527.0,1322346.0,7925315.0,3,461.3333333333333,1509.0,663.9141510767789,1625.352782218884,0.04793571626489332,0.15679551122194513,-0.04793571626489332,0.15679551122194513,SCP,x11 seasonal,ML,AutoARIMA,69.42787718135631,52440.0,51481.0,56206.0,-959.0,3766.0,2831.0,6272.0,2234067.0,9423804.0,6,471.8333333333333,1045.3333333333333,610.2003769254818,1253.249376620631,0.05398550724637681,0.11960335621662853,-0.01828756674294432,0.07181540808543097,SCP,x11 seasonal,ML,AutoARIMA,54.86288265306123,2026-07-11 12:55:22.869,0,,"
"10382,63,62,10467,1,177,""MERCADONA, 1003 ZGZ PEREC"",""418"",,,,AutoETS,smooth_acceptable,smooth_acceptable_acceptable,acceptable,x11 lineal,x11 lineal,success,smooth_acceptable,COMPARABLE,1,1,1,8184.0,8280.0,7488.0,7416.0,5856.0,6864.0,6869.0,7034.0,6831.0,6901.0,6564.0,6736.0,7554.0,7655.0,7260.0,7324.0,6227.0,6443.0,-1315.0,-1246.0,-657.0,-515.0,708.0,-128.0,-630.0,-625.0,-228.0,-92.0,371.0,-421.0,1315.0,1246.0,657.0,515.0,708.0,128.0,630.0,625.0,228.0,92.0,371.0,421.0,1729225.0,1552516.0,431649.0,265225.0,501264.0,16384.0,396900.0,390625.0,51984.0,8464.0,137641.0,177241.0,1,1,1,1,1,1,1315.0,1246.0,657.0,515.0,708.0,128.0,630.0,625.0,228.0,92.0,371.0,421.0,1315.0,1246.0,657.0,515.0,708.0,128.0,630.0,625.0,228.0,92.0,371.0,421.0,0.1606793743890518,0.15048309178743963,0.08774038461538461,0.06944444444444445,0.12090163934426229,0.018648018648018648,0.07697947214076246,0.07548309178743962,0.030448717948717948,0.012405609492988134,0.06335382513661202,0.06133449883449883,-0.1606793743890518,-0.15048309178743963,-0.08774038461538461,-0.06944444444444445,0.12090163934426229,-0.018648018648018648,-0.07697947214076246,-0.07548309178743962,-0.030448717948717948,-0.012405609492988134,0.06335382513661202,-0.06133449883449883,ML,ML,ML,ML,ML,SCP,AutoETS,AutoETS,AutoETS,AutoETS,AutoETS,x11 lineal,SCP,SCP,SCP,SCP,SCP,ML,x11 lineal,x11 lineal,x11 lineal,x11 lineal,x11 lineal,AutoETS,52.09125475285171,49.83948635634029,65.29680365296802,82.13592233009709,47.59887005649718,69.59619952494062,20136.0,20201.0,19994.0,65.0,-142.0,1351.0,884.0,782873.0,323346.0,3,450.3333333333333,294.6666666666667,510.8401576488155,328.30169052260453,0.06709376241557409,0.04390147000397299,0.0032280492649980133,-0.007052046086611045,ML,AutoETS,SCP,x11 lineal,34.56698741672834,23952.0,20734.0,22469.0,-3218.0,-1483.0,3218.0,1483.0,3713390.0,839509.0,3,1072.6666666666667,494.3333333333333,1112.5631068243574,528.9955891435517,0.13435203740814963,0.06191549766199065,-0.13435203740814963,-0.06191549766199065,ML,AutoETS,SCP,x11 lineal,53.915475450590435,44088.0,40935.0,42463.0,-3153.0,-1625.0,4569.0,2367.0,4496263.0,1162855.0,6,761.5,394.5,865.6657361052629,440.2376252283154,0.10363364180729451,0.05368807838867719,-0.0715160587915079,-0.036858101977862455,ML,AutoETS,SCP,x11 lineal,48.194353250164156,2026-07-11 12:55:22.869,0,,"
"10383,63,62,10467,1,178,""MERCADONA, 939 S.SADURNI"",""326"",,,,AutoETS,smooth_acceptable,smooth_acceptable_acceptable,acceptable,x11 lineal,x11 lineal,success,smooth_acceptable,COMPARABLE,1,1,1,20346.0,20406.0,17508.0,19746.0,17274.0,19704.0,19095.0,19434.0,18623.0,19438.0,18839.0,19871.0,19631.0,19993.0,18567.0,17830.0,17432.0,18664.0,-1251.0,-972.0,1115.0,-308.0,1565.0,167.0,-715.0,-413.0,1059.0,-1916.0,158.0,-1040.0,1251.0,972.0,1115.0,308.0,1565.0,167.0,715.0,413.0,1059.0,1916.0,158.0,1040.0,1565001.0,944784.0,1243225.0,94864.0,2449225.0,27889.0,511225.0,170569.0,1121481.0,3671056.0,24964.0,1081600.0,1,1,1,1,1,1,1251.0,972.0,1115.0,308.0,1565.0,167.0,715.0,413.0,1059.0,1916.0,158.0,1040.0,1251.0,972.0,1115.0,308.0,1565.0,167.0,715.0,413.0,1059.0,1916.0,158.0,1040.0,0.06148628723090534,0.04763304910320494,0.06368517249257483,0.015598095816874304,0.09059858747250203,0.008475436459602111,0.03514204266194829,0.020239145349407038,0.06048663468128855,0.09703231034133496,0.009146694454092856,0.05278116118554608,-0.06148628723090534,-0.04763304910320494,0.06368517249257483,-0.015598095816874304,0.09059858747250203,0.008475436459602111,-0.03514204266194829,-0.020239145349407038,0.06048663468128855,-0.09703231034133496,0.009146694454092856,-0.05278116118554608,ML,ML,ML,SCP,ML,SCP,AutoETS,AutoETS,AutoETS,x11 lineal,AutoETS,x11 lineal,SCP,SCP,SCP,ML,SCP,ML,x11 lineal,x11 lineal,x11 lineal,AutoETS,x11 lineal,AutoETS,42.845723421262996,57.51028806584362,5.022421524663686,83.92484342379957,89.90415335463258,83.9423076923077,56724.0,58148.0,53926.0,1424.0,-2798.0,2040.0,3114.0,2571978.0,4777620.0,3,680.0,1038.0,925.9190029370819,1261.9587948899125,0.03596361328538185,0.05489739792680347,0.025104012410972428,-0.049326563712009025,SCP,x11 lineal,ML,AutoETS,34.48940269749518,58260.0,57152.0,58191.0,-1108.0,-69.0,3338.0,2187.0,3753010.0,1803275.0,3,1112.6666666666667,729.0,1118.4826030535,775.3010168100301,0.05729488499828356,0.03753861997940268,-0.019018194301407484,-0.001184346035015448,ML,AutoETS,SCP,x11 lineal,34.48172558418214,114984.0,115300.0,112117.0,316.0,-2867.0,5378.0,5301.0,6324988.0,6580895.0,6,896.3333333333334,883.5,1026.7252147807935,1047.28975614838,0.04677172476170598,0.0461020663744521,0.0027482084463925417,-0.024933903847491824,ML,AutoETS,SCP,x11 lineal,1.4317590182223865,2026-07-11 12:55:22.869,0,,"
"10384,63,62,10467,1,179,SAN ISIDRO,""336"",,,,AutoETS,smooth_acceptable,smooth_acceptable_acceptable,acceptable,x11 seasonal,x11 seasonal,success,smooth_acceptable,COMPARABLE,1,1,1,1068.0,1129.0,991.0,919.0,715.0,792.0,526.0,526.0,498.0,389.0,475.0,646.0,904.0,903.0,904.0,764.0,770.0,776.0,-542.0,-603.0,-493.0,-530.0,-240.0,-146.0,-164.0,-226.0,-87.0,-155.0,55.0,-16.0,542.0,603.0,493.0,530.0,240.0,146.0,164.0,226.0,87.0,155.0,55.0,16.0,293764.0,363609.0,243049.0,280900.0,57600.0,21316.0,26896.0,51076.0,7569.0,24025.0,3025.0,256.0,1,1,1,1,1,1,542.0,603.0,493.0,530.0,240.0,146.0,164.0,226.0,87.0,155.0,55.0,16.0,542.0,603.0,493.0,530.0,240.0,146.0,164.0,226.0,87.0,155.0,55.0,16.0,0.5074906367041199,0.5341009743135519,0.49747729566094856,0.5767138193688792,0.3356643356643357,0.18434343434343434,0.15355805243445692,0.20017714791851196,0.08779011099899092,0.16866158868335146,0.07692307692307693,0.020202020202020204,-0.5074906367041199,-0.5341009743135519,-0.49747729566094856,-0.5767138193688792,-0.3356643356643357,-0.18434343434343434,-0.15355805243445692,-0.20017714791851196,-0.08779011099899092,-0.16866158868335146,0.07692307692307693,-0.020202020202020204,ML,ML,ML,ML,ML,ML,AutoETS,AutoETS,AutoETS,AutoETS,AutoETS,AutoETS,SCP,SCP,SCP,SCP,SCP,SCP,x11 seasonal,x11 seasonal,x11 seasonal,x11 seasonal,x11 seasonal,x11 seasonal,69.74169741697416,62.520729684908794,82.35294117647058,70.75471698113208,77.08333333333334,89.04109589041096,2426.0,1510.0,2310.0,-916.0,-116.0,916.0,226.0,359816.0,27306.0,3,305.3333333333333,75.33333333333333,346.3216231578194,95.40440241414439,0.37757625721352017,0.09315746084089035,-0.37757625721352017,-0.04781533388293487,ML,AutoETS,SCP,x11 seasonal,75.32751091703057,3188.0,1550.0,2711.0,-1638.0,-477.0,1638.0,477.0,900422.0,85541.0,3,546.0,159.0,547.8509529668327,168.85990248329136,0.513801756587202,0.14962358845671267,-0.513801756587202,-0.14962358845671267,ML,AutoETS,SCP,x11 seasonal,70.87912087912088,5614.0,3060.0,5021.0,-2554.0,-593.0,2554.0,703.0,1260238.0,112847.0,6,425.6666666666667,117.16666666666667,458.3008473335683,137.14165426059776,0.4549340933380834,0.12522265764161025,-0.4549340933380834,-0.10562878517990737,ML,AutoETS,SCP,x11 seasonal,72.47454972592013,2026-07-11 12:55:22.869,0,,"
"10385,63,62,10467,1,180,""MERCADONA, 0955 GRANADILL"",""438"",,,,HistoricAverage,smooth_newRelease,smooth_newRelease_newRelease,newRelease,average,average,success,smooth_newRelease,COMPARABLE,1,1,1,8300.0,8050.0,7850.0,10730.0,7760.0,7720.0,9367.0,9367.0,9367.000000000002,8610.000000000002,8610.000000000002,8610.000000000002,0.0,0.0,0.0,8705.000000000002,8705.0,8705.000000000002,1067.0,1317.0,1517.0000000000018,-2119.999999999998,850.0000000000018,890.0000000000018,-8300.0,-8050.0,-7850.0,-2024.9999999999982,945.0,985.0000000000018,1067.0,1317.0,1517.0000000000018,2119.999999999998,850.0000000000018,890.0000000000018,8300.0,8050.0,7850.0,2024.9999999999982,945.0,985.0000000000018,1138489.0,1734489.0,2301289.0000000056,4494399.999999993,722500.0000000031,792100.0000000033,68890000,64802500,61622500,4100624.9999999925,893025.0,970225.0000000036,1,1,1,1,1,1,1067.0,1317.0,1517.0000000000018,2119.999999999998,850.0000000000018,890.0000000000018,8300.0,8050.0,7850.0,2024.9999999999982,945.0,985.0000000000018,1067.0,1317.0,1517.0000000000018,2119.999999999998,850.0000000000018,890.0000000000018,8300.0,8050.0,7850.0,2024.9999999999982,945.0,985.0000000000018,0.12855421686746987,0.1636024844720497,0.19324840764331233,0.1975768872320595,0.10953608247422704,0.11528497409326448,1.0,1.0,1.0,0.1887232059645851,0.12177835051546392,0.12759067357512976,0.12855421686746987,0.1636024844720497,0.19324840764331233,-0.1975768872320595,0.10953608247422704,0.11528497409326448,-1.0,-1.0,-1.0,-0.1887232059645851,0.12177835051546392,0.12759067357512976,SCP,SCP,SCP,ML,SCP,SCP,average,average,average,HistoricAverage,average,average,ML,ML,ML,SCP,ML,ML,HistoricAverage,HistoricAverage,HistoricAverage,average,HistoricAverage,HistoricAverage,87.14457831325302,83.63975155279503,80.67515923566877,4.481132075471706,10.052910052909859,9.644670050761405,26210.0,25830.000000000007,26115.0,-379.99999999999454,-94.99999999999636,3860.000000000002,3955.0,6008999.999999999,5963874.999999996,3,1286.6666666666672,1318.3333333333333,1415.2738250953416,1409.9497626984205,0.14727203357497146,0.15089660434948493,-0.01449828309805397,-0.003624570774513406,SCP,average,ML,HistoricAverage,2.4020227560050107,24200.0,28101.0,0.0,3901.000000000002,-24200.0,3901.000000000002,24200.0,5174267.000000006,195315000,3,1300.333333333334,8066.666666666667,1313.2995342520564,8068.766944211488,0.16119834710743808,1.0,0.16119834710743808,-1.0,SCP,average,ML,HistoricAverage,83.8801652892562,50410.0,53931.0,26115.0,3521.0000000000073,-24295.0,7761.000000000004,28155.0,11183267.000000006,201278875,6,1293.5000000000007,4692.5,1365.2391121460498,5791.93224810742,0.1539575481055347,0.5585201348938703,0.06984725252926022,-0.4819480261852807,SCP,average,ML,HistoricAverage,72.43473628129993,2026-07-11 12:55:22.869,0,,"
"10386,63,62,10467,1,181,""MERCADONA, 1151 GETAFE PE"",""322"",,,,,unknown_oneOff,unknown_oneOff_oneOff,oneOff,syntetos-boylan,syntetos-boylan,success,unknown_oneOff,NOT_COMPARABLE_MISSING_ML,1,1,0,0.0,0.0,0.0,0.0,0.0,0.0,0.0,0.0,0.0,3.0,4.0,3.0,,,,,,,,,,,,,,,,,,,,,,,,,,,,,,,,,,,,,,,,,,,,,,,,,,,,,,,,,,,,,,,,,,,,,,,,,,,,,,,,,,,,,,,,,,,,,,,,,,,,,,,,,,,,,,,,,,,,,,,,,,,,,,,,,,,,,,,,,,,,,,,,,,,,,,,,,,,,,,,,,,,,,,,,,,,,,,,,,,,,,,,,,,,,,,,,,,,,2026-07-11 12:55:22.869,0,,"
"10387,63,62,10467,1,182,""MERCADONA, 927 CIEMPOZUEL"",""458"",,,,,,,,preserve current forecast,preserve current forecast,success,,NOT_COMPARABLE_MISSING_SCP_AND_ML,1,0,0,0.0,0.0,0.0,0.0,0.0,0.0,,,,,,,,,,,,,,,,,,,,,,,,,,,,,,,,,,,,,,,,,,,,,,,,,,,,,,,,,,,,,,,,,,,,,,,,,,,,,,,,,,,,,,,,,,,,,,,,,,,,,,,,,,,,,,,,,,,,,,,,,,,,,,,,,,,,,,,,,,,,,,,,,,,,,,,,,,,,,,,,,,,,,,,,,,,,,,,,,,,,,,,,,,,,,,,,,,,,,,,,,,2026-07-11 12:55:22.869,1,MissingHistory,NoForecastRowsMaterialized"
"10388,63,62,10467,1,183,"""",""76"",,,,,,,,preserve current forecast,preserve current forecast,success,,NOT_COMPARABLE_MISSING_SCP_AND_ML,1,0,0,0.0,0.0,0.0,0.0,0.0,0.0,,,,,,,,,,,,,,,,,,,,,,,,,,,,,,,,,,,,,,,,,,,,,,,,,,,,,,,,,,,,,,,,,,,,,,,,,,,,,,,,,,,,,,,,,,,,,,,,,,,,,,,,,,,,,,,,,,,,,,,,,,,,,,,,,,,,,,,,,,,,,,,,,,,,,,,,,,,,,,,,,,,,,,,,,,,,,,,,,,,,,,,,,,,,,,,,,,,,,,,,,,2026-07-11 12:55:22.869,1,MissingHistory,NoForecastRowsMaterialized"
"10389,63,62,10467,1,184,SAN ISIDRO,""322"",,,,SeasonalNaive,smooth_acceptable,smooth_acceptable_acceptable,acceptable,x11 lineal,x11 lineal,success,smooth_acceptable,COMPARABLE,1,1,1,1548.0,1746.0,1584.0,1854.0,1728.0,2034.0,1939.0,2050.0,2035.0,2071.0,1991.0,1995.0,1922.0,2106.0,2070.0,2100.0,2101.0,2100.0,391.0,304.0,451.0,217.0,263.0,-39.0,374.0,360.0,486.0,246.0,373.0,66.0,391.0,304.0,451.0,217.0,263.0,39.0,374.0,360.0,486.0,246.0,373.0,66.0,152881.0,92416.0,203401.0,47089.0,69169.0,1521.0,139876.0,129600.0,236196.0,60516.0,139129.0,4356.0,1,1,1,1,1,1,391.0,304.0,451.0,217.0,263.0,39.0,374.0,360.0,486.0,246.0,373.0,66.0,391.0,304.0,451.0,217.0,263.0,39.0,374.0,360.0,486.0,246.0,373.0,66.0,0.2525839793281654,0.17411225658648338,0.2847222222222222,0.11704422869471413,0.15219907407407407,0.019174041297935103,0.24160206718346253,0.20618556701030927,0.3068181818181818,0.13268608414239483,0.21585648148148148,0.032448377581120944,0.2525839793281654,0.17411225658648338,0.2847222222222222,0.11704422869471413,0.15219907407407407,-0.019174041297935103,0.24160206718346253,0.20618556701030927,0.3068181818181818,0.13268608414239483,0.21585648148148148,0.032448377581120944,ML,SCP,SCP,SCP,SCP,SCP,SeasonalNaive,x11 lineal,x11 lineal,x11 lineal,x11 lineal,x11 lineal,SCP,ML,ML,ML,ML,ML,x11 lineal,SeasonalNaive,SeasonalNaive,SeasonalNaive,SeasonalNaive,SeasonalNaive,4.347826086956533,15.555555555555555,7.201646090534986,11.788617886178866,29.490616621983918,40.909090909090914,5616.0,6057.0,6301.0,441.0,685.0,519.0,685.0,117779.0,204001.0,3,173.0,228.33333333333334,198.14052252547097,260.76873534481336,0.09241452991452992,0.12197293447293447,0.07852564102564102,0.12197293447293447,SCP,x11 lineal,ML,SeasonalNaive,24.233576642335763,4878.0,6024.0,6098.0,1146.0,1220.0,1146.0,1220.0,448698.0,505672.0,3,382.0,406.6666666666667,386.73763716504243,410.55734475628776,0.23493234932349324,0.25010250102501025,0.23493234932349324,0.25010250102501025,SCP,x11 lineal,ML,SeasonalNaive,6.065573770491799,10494.0,12081.0,12399.0,1587.0,1905.0,1665.0,1905.0,566477.0,709673.0,6,277.5,317.5,307.2667136761373,343.9168988772336,0.15866209262435677,0.1815323041738136,0.1512292738707833,0.1815323041738136,SCP,x11 lineal,ML,SeasonalNaive,12.5984251968504,2026-07-11 12:55:22.869,0,,"
"10390,63,62,10467,1,185,""MERCADONA, 1073 VITORIA FRIO"",""458"",,,,,,,,preserve current forecast,preserve current forecast,success,,NOT_COMPARABLE_MISSING_SCP_AND_ML,1,0,0,0.0,0.0,0.0,0.0,0.0,0.0,,,,,,,,,,,,,,,,,,,,,,,,,,,,,,,,,,,,,,,,,,,,,,,,,,,,,,,,,,,,,,,,,,,,,,,,,,,,,,,,,,,,,,,,,,,,,,,,,,,,,,,,,,,,,,,,,,,,,,,,,,,,,,,,,,,,,,,,,,,,,,,,,,,,,,,,,,,,,,,,,,,,,,,,,,,,,,,,,,,,,,,,,,,,,,,,,,,,,,,,,,2026-07-11 12:55:22.869,1,MissingHistory,NoForecastRowsMaterialized"
"10391,63,62,10467,1,186,""MERCADONA, 910 HUEVAR"",""353"",,,,AutoARIMA,smooth_acceptable,smooth_acceptable_acceptable,acceptable,x11 seasonal,x11 seasonal,success,smooth_acceptable,COMPARABLE,1,1,1,0.0,43616.0,41696.0,48608.0,41376.0,47384.0,39978.0,43160.0,41890.0,42852.0,40517.0,46807.0,41468.0,43924.0,42703.0,44807.0,44930.0,45054.0,39978.0,-456.0,194.0,-5756.0,-859.0,-577.0,41468.0,308.0,1007.0,-3801.0,3554.0,-2330.0,39978.0,456.0,194.0,5756.0,859.0,577.0,41468.0,308.0,1007.0,3801.0,3554.0,2330.0,1598240484,207936.0,37636.0,33131536,737881.0,332929.0,1719595024,94864.0,1014049.0,14447601,12630916,5428900.0,0,1,1,1,1,1,,456.0,194.0,5756.0,859.0,577.0,,308.0,1007.0,3801.0,3554.0,2330.0,,456.0,194.0,5756.0,859.0,577.0,,308.0,1007.0,3801.0,3554.0,2330.0,,0.01045487894350697,0.004652724481964697,0.1184167215273206,0.020760827532869296,0.012177106196184366,,0.0070616287600880415,0.024150997697620875,0.07819700460829493,0.08589520494972931,0.04917271652878609,,-0.01045487894350697,0.004652724481964697,-0.1184167215273206,-0.020760827532869296,-0.012177106196184366,,0.0070616287600880415,0.024150997697620875,-0.07819700460829493,0.08589520494972931,-0.04917271652878609,,ML,SCP,ML,SCP,SCP,,AutoARIMA,x11 seasonal,AutoARIMA,x11 seasonal,x11 seasonal,,SCP,ML,SCP,ML,ML,,x11 seasonal,AutoARIMA,x11 seasonal,AutoARIMA,AutoARIMA,,32.45614035087719,80.73485600794439,33.964558721334264,75.83005064715813,75.23605150214591,137368.0,130176.0,134791.0,-7192.0,-2577.0,7192.0,9685.0,34202346,32507417,3,2397.3333333333335,3228.3333333333335,3376.504405446556,3291.7784959906803,0.05235571603284608,0.07050404752198475,-0.05235571603284608,-0.01875982761632986,SCP,x11 seasonal,ML,AutoARIMA,25.7408363448632,85312.0,125028.0,128095.0,39716.0,42783.0,40628.0,42783.0,1598486056,1720703937,2,20314.0,21391.5,28270.88657966,29331.756996470565,0.476228432108027,0.5014886534133534,0.4655382595648912,0.5014886534133534,SCP,x11 seasonal,ML,AutoARIMA,5.037047425379242,222680.0,255204.0,262886.0,32524.0,40206.0,47820.0,52468.0,1632688402,1753211354,5,9564.0,10493.6,18070.353632400223,18725.4444753656,0.21474761990299981,0.23562062151966948,0.1460571223280043,0.18055505658343812,SCP,x11 seasonal,ML,AutoARIMA,8.858732941983687,2026-07-11 12:55:22.869,0,,"
"10392,63,62,10467,1,187,""MERCADONA, 1041 ABRERA FR"",""355"",,,,AutoETS,smooth_acceptable,smooth_acceptable_acceptable,acceptable,x11 lineal,x11 lineal,success,smooth_acceptable,COMPARABLE,1,1,1,27616.0,31904.0,28416.0,31568.0,27784.0,31184.0,27059.0,29227.0,28175.0,28384.0,27061.0,29473.0,25674.0,29486.0,28932.0,30293.0,30488.0,30069.0,-557.0,-2677.0,-241.0,-3184.0,-723.0,-1711.0,-1942.0,-2418.0,516.0,-1275.0,2704.0,-1115.0,557.0,2677.0,241.0,3184.0,723.0,1711.0,1942.0,2418.0,516.0,1275.0,2704.0,1115.0,310249.0,7166329.0,58081.0,10137856,522729.0,2927521.0,3771364.0,5846724.0,266256.0,1625625.0,7311616.0,1243225.0,1,1,1,1,1,1,557.0,2677.0,241.0,3184.0,723.0,1711.0,1942.0,2418.0,516.0,1275.0,2704.0,1115.0,557.0,2677.0,241.0,3184.0,723.0,1711.0,1942.0,2418.0,516.0,1275.0,2704.0,1115.0,0.02016946697566628,0.0839079739217653,0.008481137387387387,0.1008616320324379,0.026022171033688455,0.05486788096459723,0.0703215527230591,0.07578986960882649,0.018158783783783782,0.040389001520527115,0.09732219982723869,0.035755515649050794,-0.02016946697566628,-0.0839079739217653,-0.008481137387387387,-0.1008616320324379,-0.026022171033688455,-0.05486788096459723,-0.0703215527230591,-0.07578986960882649,0.018158783783783782,-0.040389001520527115,0.09732219982723869,-0.035755515649050794,SCP,ML,SCP,ML,SCP,ML,x11 lineal,AutoETS,x11 lineal,AutoETS,x11 lineal,AutoETS,ML,SCP,ML,SCP,ML,SCP,AutoETS,x11 lineal,AutoETS,x11 lineal,AutoETS,x11 lineal,71.31822863027806,9.6750093388121,53.29457364341085,59.95603015075377,73.26183431952663,34.83343074225599,90536.0,84918.0,90850.0,-5618.0,314.0,5618.0,5094.0,13588106,10180466,3,1872.6666666666667,1698.0,2128.23134707359,1842.1424121567438,0.062052664133604316,0.056264911195546524,-0.062052664133604316,0.003468233630820889,ML,AutoETS,SCP,x11 lineal,9.327162691349237,87936.0,84461.0,84092.0,-3475.0,-3844.0,3475.0,4876.0,7534659.0,9884344.0,3,1158.3333333333333,1625.3333333333333,1584.78799844017,1815.1532534013027,0.039517376273653565,0.05544941775836972,-0.039517376273653565,-0.043713609898107714,SCP,x11 lineal,ML,AutoETS,28.732567678424935,178472.0,169379.0,174942.0,-9093.0,-3530.0,9093.0,9970.0,21122765,20064810,6,1515.5,1661.6666666666667,1876.2891124060102,1828.6976239936444,0.05094916849701914,0.05586310457662827,-0.05094916849701914,-0.019779012954413016,SCP,x11 lineal,ML,AutoETS,8.796389167502518,2026-07-11 12:55:22.869,0,,"
"10393,63,62,10467,1,188,""MERCADONA, 1003 ZGZ PEREC"",""332"",,,,AutoARIMA,smooth_acceptable,smooth_acceptable_acceptable,acceptable,x11 seasonal,x11 seasonal,success,smooth_acceptable,COMPARABLE,1,1,1,57072.0,61776.0,54864.0,65352.0,53412.0,59364.0,56784.0,62849.0,58647.0,54163.0,50534.0,56477.0,62236.0,64185.0,61767.0,56110.0,55875.0,57284.0,-288.0,1073.0,3783.0,-11189.0,-2878.0,-2887.0,5164.0,2409.0,6903.0,-9242.0,2463.0,-2080.0,288.0,1073.0,3783.0,11189.0,2878.0,2887.0,5164.0,2409.0,6903.0,9242.0,2463.0,2080.0,82944.0,1151329.0,14311089,125193721,8282884.0,8334769.0,26666896,5803281.0,47651409,85414564,6066369.0,4326400.0,1,1,1,1,1,1,288.0,1073.0,3783.0,11189.0,2878.0,2887.0,5164.0,2409.0,6903.0,9242.0,2463.0,2080.0,288.0,1073.0,3783.0,11189.0,2878.0,2887.0,5164.0,2409.0,6903.0,9242.0,2463.0,2080.0,0.005046257359125316,0.01736920486920487,0.06895231846019248,0.17121128657118376,0.05388302254175092,0.04863216764368978,0.09048219792542753,0.038995726495726496,0.1258202099737533,0.14141877830823846,0.0461132329813525,0.03503807021090223,-0.005046257359125316,0.01736920486920487,0.06895231846019248,-0.17121128657118376,-0.05388302254175092,-0.04863216764368978,0.09048219792542753,0.038995726495726496,0.1258202099737533,-0.14141877830823846,0.0461132329813525,-0.03503807021090223,SCP,SCP,SCP,ML,ML,ML,x11 seasonal,x11 seasonal,x11 seasonal,AutoARIMA,AutoARIMA,AutoARIMA,ML,ML,ML,SCP,SCP,SCP,AutoARIMA,AutoARIMA,AutoARIMA,x11 seasonal,x11 seasonal,x11 seasonal,94.42292796281953,55.458696554586965,45.19774011299435,17.401018857806786,14.419735927727592,27.95289227571874,178128.0,161174.0,169269.0,-16954.0,-8859.0,16954.0,13785.0,141811374,95807333,3,5651.333333333333,4595.0,6875.3514819243965,5651.174892592395,0.09517874786670259,0.07738817030450014,-0.09517874786670259,-0.049733899218539476,ML,AutoARIMA,SCP,x11 seasonal,18.691754158310715,173712.0,178280.0,188188.0,4568.0,14476.0,5144.0,14476.0,15545362,80121586,3,1714.6666666666667,4825.333333333333,2276.353956073908,5167.900476337884,0.029612231739891314,0.08333333333333333,0.02629639863682417,0.08333333333333333,SCP,x11 seasonal,ML,AutoARIMA,64.4653219121304,351840.0,339454.0,357457.0,-12386.0,5617.0,22098.0,28261.0,157356736,175928919,6,3683.0,4710.166666666667,5121.144663712075,5414.931809358268,0.06280695770804912,0.08032344247385174,-0.03520350159163256,0.01596464301955434,SCP,x11 seasonal,ML,AutoARIMA,21.807437811825476,2026-07-11 12:55:22.869,0,,"
"10394,63,62,10467,1,189,""MERCADONA, 1073 VITORIA FRIO"",""455"",,,,,,,,preserve current forecast,preserve current forecast,success,,NOT_COMPARABLE_MISSING_SCP_AND_ML,1,0,0,0.0,0.0,0.0,0.0,0.0,0.0,,,,,,,,,,,,,,,,,,,,,,,,,,,,,,,,,,,,,,,,,,,,,,,,,,,,,,,,,,,,,,,,,,,,,,,,,,,,,,,,,,,,,,,,,,,,,,,,,,,,,,,,,,,,,,,,,,,,,,,,,,,,,,,,,,,,,,,,,,,,,,,,,,,,,,,,,,,,,,,,,,,,,,,,,,,,,,,,,,,,,,,,,,,,,,,,,,,,,,,,,,2026-07-11 12:55:22.869,1,MissingHistory,NoForecastRowsMaterialized"
"10395,63,62,10467,1,190,""MERCADONA, 1041 ABRERA FR"",""455"",,,,,,,,preserve current forecast,preserve current forecast,success,,NOT_COMPARABLE_MISSING_SCP_AND_ML,1,0,0,0.0,0.0,0.0,0.0,0.0,0.0,,,,,,,,,,,,,,,,,,,,,,,,,,,,,,,,,,,,,,,,,,,,,,,,,,,,,,,,,,,,,,,,,,,,,,,,,,,,,,,,,,,,,,,,,,,,,,,,,,,,,,,,,,,,,,,,,,,,,,,,,,,,,,,,,,,,,,,,,,,,,,,,,,,,,,,,,,,,,,,,,,,,,,,,,,,,,,,,,,,,,,,,,,,,,,,,,,,,,,,,,,2026-07-11 12:55:22.869,1,MissingHistory,NoForecastRowsMaterialized"
"10396,63,62,10467,1,191,SAN ISIDRO,""319"",,,,AutoETS,smooth_acceptable,smooth_acceptable_acceptable,acceptable,x11 lineal,x11 lineal,success,smooth_acceptable,COMPARABLE,1,1,1,22672.0,25072.0,26864.0,27808.0,24544.0,28112.0,26242.0,27295.0,27279.0,28626.0,27361.0,28745.0,24747.0,26737.0,26606.0,28237.0,25679.0,28538.0,3570.0,2223.0,415.0,818.0,2817.0,633.0,2075.0,1665.0,-258.0,429.0,1135.0,426.0,3570.0,2223.0,415.0,818.0,2817.0,633.0,2075.0,1665.0,258.0,429.0,1135.0,426.0,12744900,4941729.0,172225.0,669124.0,7935489.0,400689.0,4305625.0,2772225.0,66564.0,184041.0,1288225.0,181476.0,1,1,1,1,1,1,3570.0,2223.0,415.0,818.0,2817.0,633.0,2075.0,1665.0,258.0,429.0,1135.0,426.0,3570.0,2223.0,415.0,818.0,2817.0,633.0,2075.0,1665.0,258.0,429.0,1135.0,426.0,0.15746294989414256,0.08866464582003829,0.015448183442525312,0.029415995397008055,0.11477346805736637,0.022517074558907228,0.09152258292166549,0.06640874282067645,0.0096039309112567,0.015427215189873418,0.04624348109517601,0.015153671030165053,0.15746294989414256,0.08866464582003829,0.015448183442525312,0.029415995397008055,0.11477346805736637,0.022517074558907228,0.09152258292166549,0.06640874282067645,-0.0096039309112567,0.015427215189873418,0.04624348109517601,0.015153671030165053,ML,ML,ML,ML,ML,ML,AutoETS,AutoETS,AutoETS,AutoETS,AutoETS,AutoETS,SCP,SCP,SCP,SCP,SCP,SCP,x11 lineal,x11 lineal,x11 lineal,x11 lineal,x11 lineal,x11 lineal,41.87675070028012,25.101214574898783,37.831325301204814,47.55501222493888,59.70891018814341,32.70142180094787,80464.0,84732.0,82454.0,4268.0,1990.0,4268.0,1990.0,9005302.0,1653742.0,3,1422.6666666666667,663.3333333333334,1732.560917639935,742.4603244169572,0.05304235434480016,0.024731556969576456,0.05304235434480016,0.024731556969576456,ML,AutoETS,SCP,x11 lineal,53.373945641986886,74608.0,80816.0,78090.0,6208.0,3482.0,6208.0,3998.0,17858854,7144414.0,3,2069.3333333333335,1332.6666666666667,2439.867072881909,1543.2016502496792,0.08320823504181857,0.05358674672957323,0.08320823504181857,0.04667059832725713,ML,AutoETS,SCP,x11 lineal,35.59922680412371,155072.0,165548.0,160544.0,10476.0,5472.0,10476.0,5988.0,26864156,8798156.0,6,1746.0,998.0,2115.9771580367624,1210.9332489172693,0.06755571605447792,0.038614321089558395,0.06755571605447792,0.03528683450268263,ML,AutoETS,SCP,x11 lineal,42.84077892325316,2026-07-11 12:55:22.869,0,,"
"10397,63,62,10467,1,192,""MERCADONA, 1246 RIBARROJA"",""329"",,,,HistoricAverage,erratic_recentRelease,erratic_recentRelease_recentRelease,recentRelease,average,average,success,erratic_recentRelease,COMPARABLE,1,1,1,483.0,527.0,448.0,484.0,454.0,541.0,799.0,798.0,799.0,1940.0,1941.0,1941.0,1850.0,1850.0,1850.0,2868.0,2868.0,2868.0,316.0,271.0,351.0,1456.0,1487.0,1400.0,1367.0,1323.0,1402.0,2384.0,2414.0,2327.0,316.0,271.0,351.0,1456.0,1487.0,1400.0,1367.0,1323.0,1402.0,2384.0,2414.0,2327.0,99856.0,73441.0,123201.0,2119936.0,2211169.0,1960000.0,1868689.0,1750329.0,1965604.0,5683456.0,5827396.0,5414929.0,1,1,1,1,1,1,316.0,271.0,351.0,1456.0,1487.0,1400.0,1367.0,1323.0,1402.0,2384.0,2414.0,2327.0,316.0,271.0,351.0,1456.0,1487.0,1400.0,1367.0,1323.0,1402.0,2384.0,2414.0,2327.0,0.6542443064182195,0.5142314990512334,0.7834821428571429,3.0082644628099175,3.2753303964757707,2.587800369685767,2.8302277432712217,2.510436432637571,3.1294642857142856,4.925619834710743,5.317180616740088,4.3012939001848425,0.6542443064182195,0.5142314990512334,0.7834821428571429,3.0082644628099175,3.2753303964757707,2.587800369685767,2.8302277432712217,2.510436432637571,3.1294642857142856,4.925619834710743,5.317180616740088,4.3012939001848425,SCP,SCP,SCP,SCP,SCP,SCP,average,average,average,average,average,average,ML,ML,ML,ML,ML,ML,HistoricAverage,HistoricAverage,HistoricAverage,HistoricAverage,HistoricAverage,HistoricAverage,76.88368690563277,79.51625094482237,74.96433666191156,38.926174496644286,38.4009942004971,39.83669961323592,1479.0,5822.0,8604.0,4343.0,7125.0,4343.0,7125.0,6291105.0,16925781,3,1447.6666666666667,2375.0,1448.1142910695964,2375.274089447363,2.9364435429344153,4.817444219066937,2.9364435429344153,4.817444219066937,SCP,average,ML,HistoricAverage,39.045614035087716,1458.0,2396.0,5550.0,938.0,4092.0,938.0,4092.0,296498.0,5584622.0,3,312.6666666666667,1364.0,314.3766318711788,1364.3828885861428,0.6433470507544582,2.8065843621399176,0.6433470507544582,2.8065843621399176,SCP,average,ML,HistoricAverage,77.0772238514174,2937.0,8218.0,14154.0,5281.0,11217.0,5281.0,11217.0,6587603.0,22510403,6,880.1666666666666,1869.5,1047.8233788827836,1936.939295211219,1.798093292475315,3.8192032686414707,1.798093292475315,3.8192032686414707,SCP,average,ML,HistoricAverage,52.91967549255594,2026-07-11 12:55:22.869,0,,"
"10398,63,62,10467,1,193,""MERCADONA, 1025 GUADIX FR"",""326"",,,,AutoETS,smooth_acceptable,smooth_acceptable_acceptable,acceptable,x11 seasonal,x11 seasonal,success,smooth_acceptable,COMPARABLE,1,1,1,13404.0,12468.0,11142.0,12630.0,10716.0,12648.0,12893.0,12448.0,11289.0,12434.0,11154.0,12918.0,12545.0,12247.0,11196.0,12238.0,10541.0,12637.0,-511.0,-20.0,147.0,-196.0,438.0,270.0,-859.0,-221.0,54.0,-392.0,-175.0,-11.0,511.0,20.0,147.0,196.0,438.0,270.0,859.0,221.0,54.0,392.0,175.0,11.0,261121.0,400.0,21609.0,38416.0,191844.0,72900.0,737881.0,48841.0,2916.0,153664.0,30625.0,121.0,1,1,1,1,1,1,511.0,20.0,147.0,196.0,438.0,270.0,859.0,221.0,54.0,392.0,175.0,11.0,511.0,20.0,147.0,196.0,438.0,270.0,859.0,221.0,54.0,392.0,175.0,11.0,0.03812294837361981,0.0016041065126724415,0.013193322563274098,0.015518606492478226,0.040873460246360585,0.021347248576850095,0.06408534765741569,0.017725376965030477,0.004846526655896607,0.03103721298495645,0.016330720418066443,0.0008697027197976,-0.03812294837361981,-0.0016041065126724415,0.013193322563274098,-0.015518606492478226,0.040873460246360585,0.021347248576850095,-0.06408534765741569,-0.017725376965030477,0.004846526655896607,-0.03103721298495645,-0.016330720418066443,-0.0008697027197976,SCP,SCP,ML,SCP,ML,ML,x11 seasonal,x11 seasonal,AutoETS,x11 seasonal,AutoETS,AutoETS,ML,ML,SCP,ML,SCP,SCP,AutoETS,AutoETS,x11 seasonal,AutoETS,x11 seasonal,x11 seasonal,40.51222351571595,90.9502262443439,63.26530612244897,50.0,60.04566210045662,95.92592592592592,35994.0,36506.0,35416.0,512.0,-578.0,904.0,578.0,303160.0,184410.0,3,301.3333333333333,192.66666666666666,317.88886947065845,247.93144213673264,0.025115296993943437,0.01605823192754348,0.014224592987720176,-0.01605823192754348,ML,AutoETS,SCP,x11 seasonal,36.061946902654874,37014.0,36630.0,35988.0,-384.0,-1026.0,678.0,1134.0,283130.0,789638.0,3,226.0,378.0,307.2078558023324,513.0425583386497,0.018317393418706435,0.03063705624898687,-0.01037445290970984,-0.02771924136813098,SCP,x11 seasonal,ML,AutoETS,40.21164021164021,73008.0,73136.0,71404.0,128.0,-1604.0,1582.0,1712.0,586290.0,974048.0,6,263.6666666666667,285.3333333333333,312.593985866651,402.9160375727595,0.021668858207319747,0.023449484987946526,0.0017532325224632918,-0.021970195047118123,SCP,x11 seasonal,ML,AutoETS,7.593457943925226,2026-07-11 12:55:22.869,0,,"
"10399,63,62,10467,1,194,""MERCADONA, 1105 PARC SAGU"",""329"",,,,TSB,intermittent_acceptable,intermittent_acceptable_acceptable,acceptable,seasonal discrete,seasonal discrete,success,intermittent_acceptable,COMPARABLE,1,1,1,4176.0,4776.0,4440.0,6552.0,4512.0,6552.0,11665.0,18177.0,18934.0,21351.0,20966.0,28985.0,7469.0,7468.0,7469.0,10854.0,10854.0,10854.0,7489.0,13401.0,14494.0,14799.0,16454.0,22433.0,3293.0,2692.0,3029.0,4302.0,6342.0,4302.0,7489.0,13401.0,14494.0,14799.0,16454.0,22433.0,3293.0,2692.0,3029.0,4302.0,6342.0,4302.0,56085121,179586801,210076036,219010401,270734116,503239489,10843849,7246864.0,9174841.0,18507204,40220964,18507204,1,1,1,1,1,1,7489.0,13401.0,14494.0,14799.0,16454.0,22433.0,3293.0,2692.0,3029.0,4302.0,6342.0,4302.0,7489.0,13401.0,14494.0,14799.0,16454.0,22433.0,3293.0,2692.0,3029.0,4302.0,6342.0,4302.0,1.7933429118773947,2.805904522613065,3.2644144144144143,2.2586996336996337,3.6467198581560285,3.4238400488400487,0.7885536398467433,0.5636515912897823,0.6822072072072072,0.6565934065934066,1.4055851063829787,0.6565934065934066,1.7933429118773947,2.805904522613065,3.2644144144144143,2.2586996336996337,3.6467198581560285,3.4238400488400487,0.7885536398467433,0.5636515912897823,0.6822072072072072,0.6565934065934066,1.4055851063829787,0.6565934065934066,ML,ML,ML,ML,ML,ML,TSB,TSB,TSB,TSB,TSB,TSB,SCP,SCP,SCP,SCP,SCP,SCP,seasonal discrete,seasonal discrete,seasonal discrete,seasonal discrete,seasonal discrete,seasonal discrete,56.028842302043,79.9119468696366,79.10169725403617,70.93046827488344,61.456180867874075,80.82289484241966,17616.0,71302.0,32562.0,53686.0,14946.0,53686.0,14946.0,992984006,77235372,3,17895.333333333332,4982.0,18193.258879779256,5073.965313243676,3.047570390554042,0.848433242506812,3.047570390554042,0.848433242506812,ML,TSB,SCP,seasonal discrete,72.16033975338078,13392.0,48776.0,22406.0,35384.0,9014.0,35384.0,9014.0,445747958,27265554,3,11794.666666666666,3004.6666666666665,12189.448415193636,3014.7169021319396,2.642174432497013,0.6730884109916367,2.642174432497013,0.6730884109916367,ML,TSB,SCP,seasonal discrete,74.5252091340719,31008.0,120078.0,54968.0,89070.0,23960.0,89070.0,23960.0,1438731964,104500926,6,14845.0,3993.3333333333335,15485.110934916374,4173.34649891427,2.872484520123839,0.772703818369453,2.872484520123839,0.772703818369453,ML,TSB,SCP,seasonal discrete,73.09980913887954,2026-07-11 12:55:22.869,0,,"
"10400,63,62,10467,1,195,"""",""13"",,,,,,,,preserve current forecast,preserve current forecast,success,,NOT_COMPARABLE_MISSING_SCP_AND_ML,1,0,0,0.0,0.0,0.0,0.0,0.0,0.0,,,,,,,,,,,,,,,,,,,,,,,,,,,,,,,,,,,,,,,,,,,,,,,,,,,,,,,,,,,,,,,,,,,,,,,,,,,,,,,,,,,,,,,,,,,,,,,,,,,,,,,,,,,,,,,,,,,,,,,,,,,,,,,,,,,,,,,,,,,,,,,,,,,,,,,,,,,,,,,,,,,,,,,,,,,,,,,,,,,,,,,,,,,,,,,,,,,,,,,,,,2026-07-11 12:55:22.869,1,MissingHistory,NoForecastRowsMaterialized"
"10401,63,62,10467,1,196,""MERCADONA, 927 CIEMPOZUEL"",""329"",,,,AutoETS,smooth_acceptable,smooth_acceptable_acceptable,acceptable,x11 lineal,x11 lineal,success,smooth_acceptable,COMPARABLE,1,1,1,35712.0,40032.0,35520.0,38160.0,33480.0,38928.0,37350.0,38806.0,36865.0,36329.0,34680.0,37109.0,38967.0,39922.0,38581.0,36142.0,35359.0,36338.0,1638.0,-1226.0,1345.0,-1831.0,1200.0,-1819.0,3255.0,-110.0,3061.0,-2018.0,1879.0,-2590.0,1638.0,1226.0,1345.0,1831.0,1200.0,1819.0,3255.0,110.0,3061.0,2018.0,1879.0,2590.0,2683044.0,1503076.0,1809025.0,3352561.0,1440000.0,3308761.0,10595025,12100.0,9369721.0,4072324.0,3530641.0,6708100.0,1,1,1,1,1,1,1638.0,1226.0,1345.0,1831.0,1200.0,1819.0,3255.0,110.0,3061.0,2018.0,1879.0,2590.0,1638.0,1226.0,1345.0,1831.0,1200.0,1819.0,3255.0,110.0,3061.0,2018.0,1879.0,2590.0,0.04586693548387097,0.030625499600319746,0.03786599099099099,0.04798218029350105,0.035842293906810034,0.046727291409782164,0.09114583333333333,0.0027478017585931256,0.0861768018018018,0.052882599580712786,0.05612305854241338,0.0665330867242088,0.04586693548387097,-0.030625499600319746,0.03786599099099099,-0.04798218029350105,0.035842293906810034,-0.046727291409782164,0.09114583333333333,-0.0027478017585931256,0.0861768018018018,-0.052882599580712786,0.05612305854241338,-0.0665330867242088,SCP,ML,SCP,SCP,SCP,SCP,x11 lineal,AutoETS,x11 lineal,x11 lineal,x11 lineal,x11 lineal,ML,SCP,ML,ML,ML,ML,AutoETS,x11 lineal,AutoETS,AutoETS,AutoETS,AutoETS,49.67741935483871,91.02773246329527,56.06011107481215,9.26660059464816,36.13624268227781,29.768339768339764,110568.0,108118.0,107839.0,-2450.0,-2729.0,4850.0,6487.0,8101322.0,14311065,3,1616.6666666666667,2162.3333333333335,1643.3017576412028,2184.1142369390845,0.043864409232327616,0.05866977787424933,-0.022158309818392303,-0.024681643875262282,SCP,x11 lineal,ML,AutoETS,25.235085555726844,111264.0,113021.0,117470.0,1757.0,6206.0,4209.0,6426.0,5995145.0,19976846,3,1403.0,2142.0,1413.6412793444688,2580.493880377682,0.03782894736842105,0.057754529767040555,0.01579127121081392,0.05577725050330745,SCP,x11 lineal,ML,AutoETS,34.500466853408035,221832.0,221139.0,225309.0,-693.0,3477.0,9059.0,12913.0,14096467,34287911,6,1509.8333333333333,2152.1666666666665,1532.7789033864822,2390.5337967352257,0.04083721014100761,0.058210718020844605,-0.003123985718922428,0.015674023585415992,SCP,x11 lineal,ML,AutoETS,29.84589173700922,2026-07-11 12:55:22.869,0,,"
"10402,63,62,10467,1,197,""MERCADONA, 910 HUEVAR"",""327"",,,,AutoETS,smooth_acceptable,smooth_acceptable_acceptable,acceptable,x11 seasonal,x11 seasonal,success,smooth_acceptable,COMPARABLE,1,1,1,0.0,11380.0,11270.0,11890.0,9000.0,9610.0,9754.0,10567.0,9650.0,10729.0,9904.0,9952.0,10895.0,11091.0,9990.0,10544.0,9151.0,9506.0,9754.0,-813.0,-1620.0,-1161.0,904.0,342.0,10895.0,-289.0,-1280.0,-1346.0,151.0,-104.0,9754.0,813.0,1620.0,1161.0,904.0,342.0,10895.0,289.0,1280.0,1346.0,151.0,104.0,95140516,660969.0,2624400.0,1347921.0,817216.0,116964.0,118701025,83521.0,1638400.0,1811716.0,22801.0,10816.0,0,1,1,1,1,1,,813.0,1620.0,1161.0,904.0,342.0,,289.0,1280.0,1346.0,151.0,104.0,,813.0,1620.0,1161.0,904.0,342.0,,289.0,1280.0,1346.0,151.0,104.0,,0.07144112478031635,0.14374445430346053,0.09764507989907485,0.10044444444444445,0.035587929240374606,,0.02539543057996485,0.11357586512866016,0.11320437342304457,0.016777777777777777,0.010822060353798128,,-0.07144112478031635,-0.14374445430346053,-0.09764507989907485,0.10044444444444445,0.035587929240374606,,-0.02539543057996485,-0.11357586512866016,-0.11320437342304457,0.016777777777777777,-0.010822060353798128,,ML,ML,SCP,ML,ML,,AutoETS,AutoETS,x11 seasonal,AutoETS,AutoETS,,SCP,SCP,ML,SCP,SCP,,x11 seasonal,x11 seasonal,AutoETS,x11 seasonal,x11 seasonal,,64.45264452644527,20.98765432098766,13.744427934621095,83.29646017699115,69.59064327485379,30500.0,30585.0,29201.0,85.0,-1299.0,2407.0,1601.0,2282101.0,1845333.0,3,802.3333333333334,533.6666666666666,872.1813649312472,784.290124890018,0.07891803278688525,0.05249180327868853,0.0027868852459016396,-0.04259016393442623,ML,AutoETS,SCP,x11 seasonal,33.485666805151645,22650.0,29971.0,31976.0,7321.0,9326.0,12187.0,12464.0,98425885,120422946,2,6093.5,6232.0,7015.193689414427,7759.605209029645,0.5380573951434878,0.5502869757174393,0.32322295805739515,0.4117439293598234,SCP,x11 seasonal,ML,AutoETS,2.2224005134788336,53150.0,60556.0,61177.0,7406.0,8027.0,14594.0,14065.0,100707986,122268279,5,2918.8,2813.0,4487.939081582993,4945.063781186244,0.2745813734713076,0.2646284101599247,0.1393414863593603,0.15102539981185326,ML,AutoETS,SCP,x11 seasonal,3.624777305742094,2026-07-11 12:55:22.869,0,,"
"10403,63,62,10467,1,198,""MERCADONA, 1073 VITORIA FRIO"",""332"",,,,AutoARIMA,smooth_acceptable,smooth_acceptable_acceptable,acceptable,x11 lineal,x11 lineal,success,smooth_acceptable,COMPARABLE,1,1,1,38208.0,38832.0,34248.0,38280.0,32196.0,35892.0,36353.0,36625.0,35179.0,33460.0,32235.0,34189.0,39084.0,39171.0,37755.0,33907.0,32925.0,35381.0,-1855.0,-2207.0,931.0,-4820.0,39.0,-1703.0,876.0,339.0,3507.0,-4373.0,729.0,-511.0,1855.0,2207.0,931.0,4820.0,39.0,1703.0,876.0,339.0,3507.0,4373.0,729.0,511.0,3441025.0,4870849.0,866761.0,23232400,1521.0,2900209.0,767376.0,114921.0,12299049,19123129,531441.0,261121.0,1,1,1,1,1,1,1855.0,2207.0,931.0,4820.0,39.0,1703.0,876.0,339.0,3507.0,4373.0,729.0,511.0,1855.0,2207.0,931.0,4820.0,39.0,1703.0,876.0,339.0,3507.0,4373.0,729.0,511.0,0.048550041876046904,0.05683456942727647,0.027184069142723664,0.12591431556948798,0.0012113306000745435,0.0474478992533155,0.02292713567839196,0.00872991347342398,0.10240014015416958,0.11423719958202717,0.02264256429370108,0.014237155912180987,-0.048550041876046904,-0.05683456942727647,0.027184069142723664,-0.12591431556948798,0.0012113306000745435,-0.0474478992533155,0.02292713567839196,0.00872991347342398,0.10240014015416958,-0.11423719958202717,0.02264256429370108,-0.014237155912180987,ML,ML,SCP,ML,SCP,ML,AutoARIMA,AutoARIMA,x11 lineal,AutoARIMA,x11 lineal,AutoARIMA,SCP,SCP,ML,SCP,ML,SCP,x11 lineal,x11 lineal,AutoARIMA,x11 lineal,AutoARIMA,x11 lineal,52.776280323450145,84.63978251019483,73.45309381237524,9.273858921161821,94.65020576131687,69.9941280093952,106368.0,99884.0,102213.0,-6484.0,-4155.0,6562.0,5613.0,26134130,19915691,3,2187.3333333333335,1871.0,2951.50413631197,2576.541027553543,0.0616914861612515,0.05276962996389892,-0.06095818291215403,-0.0390625,ML,AutoARIMA,SCP,x11 lineal,14.462054251752509,111288.0,108157.0,116010.0,-3131.0,4722.0,4993.0,4722.0,9178635.0,13181346,3,1664.3333333333333,1574.0,1749.1555105250077,2096.1350147354538,0.04486557400618216,0.04243045072244986,-0.028134210337143268,0.04243045072244986,ML,AutoARIMA,SCP,x11 lineal,5.4275986380933325,217656.0,208041.0,218223.0,-9615.0,567.0,11555.0,10335.0,35312765,33097037,6,1925.8333333333333,1722.5,2425.9968741392336,2348.6534085158955,0.0530883596133348,0.047483184474583745,-0.044175212261550335,0.002605028117763811,ML,AutoARIMA,SCP,x11 lineal,10.558199913457377,2026-07-11 12:55:22.869,0,,"
"10404,63,62,10467,1,199,""MERCADONA, 1041 ABRERA FR"",""332"",,,,AutoETS,smooth_acceptable,smooth_acceptable_acceptable,acceptable,x11 seasonal,x11 seasonal,success,smooth_acceptable,COMPARABLE,1,1,1,104364.0,116688.0,101412.0,113196.0,98172.0,109308.0,104211.0,112966.0,102800.0,102254.0,94364.0,105687.0,107324.0,112704.0,106967.0,106669.0,96085.0,108252.0,-153.0,-3722.0,1388.0,-10942.0,-3808.0,-3621.0,2960.0,-3984.0,5555.0,-6527.0,-2087.0,-1056.0,153.0,3722.0,1388.0,10942.0,3808.0,3621.0,2960.0,3984.0,5555.0,6527.0,2087.0,1056.0,23409.0,13853284,1926544.0,119727364,14500864,13111641,8761600.0,15872256,30858025,42601729,4355569.0,1115136.0,1,1,1,1,1,1,153.0,3722.0,1388.0,10942.0,3808.0,3621.0,2960.0,3984.0,5555.0,6527.0,2087.0,1056.0,153.0,3722.0,1388.0,10942.0,3808.0,3621.0,2960.0,3984.0,5555.0,6527.0,2087.0,1056.0,0.001466022766471197,0.031897024544083365,0.013686743186210704,0.0966641930810276,0.03878906409159434,0.033126578109561974,0.028362270514736884,0.03414232825997532,0.05477655504279572,0.05766104809357221,0.021258607342215703,0.009660775057635306,-0.001466022766471197,-0.031897024544083365,0.013686743186210704,-0.0966641930810276,-0.03878906409159434,-0.033126578109561974,0.028362270514736884,-0.03414232825997532,0.05477655504279572,-0.05766104809357221,-0.021258607342215703,-0.009660775057635306,SCP,SCP,SCP,ML,ML,ML,x11 seasonal,x11 seasonal,x11 seasonal,AutoETS,AutoETS,AutoETS,ML,ML,ML,SCP,SCP,SCP,AutoETS,AutoETS,AutoETS,x11 seasonal,x11 seasonal,x11 seasonal,94.83108108108108,6.576305220883542,75.013501350135,40.34911350758545,45.19432773109243,70.83678541839271,320676.0,302305.0,311006.0,-18371.0,-9670.0,18371.0,9670.0,147339869,48072434,3,6123.666666666667,3223.3333333333335,7008.087447133252,4003.016945588248,0.05728835335354065,0.030155047462236028,-0.05728835335354065,-0.030155047462236028,ML,AutoETS,SCP,x11 seasonal,47.36269119808394,322464.0,319977.0,326995.0,-2487.0,4531.0,5263.0,12499.0,15803237,55491881,3,1754.3333333333333,4166.333333333333,2295.157002618049,4300.848017155066,0.016321201746551554,0.03876091594720651,-0.007712488835963084,0.014051180907015976,SCP,x11 seasonal,ML,AutoETS,57.89263141051284,643140.0,622282.0,638001.0,-20858.0,-5139.0,23634.0,22169.0,163143106,103564315,6,3939.0,3694.8333333333335,5214.452767708867,4154.602167075287,0.03674783095438007,0.03446994433560344,-0.032431507914295485,-0.007990484186957738,ML,AutoETS,SCP,x11 seasonal,6.1986967927561984,2026-07-11 12:55:22.869,0,,"
"10405,63,62,10467,1,200,"""",""56"",,,,,unknown_oneOff,unknown_oneOff_oneOff,oneOff,average,average,success,unknown_oneOff,NOT_COMPARABLE_MISSING_ML,1,1,0,0.0,0.0,0.0,250.0,0.0,0.0,250.0,250.0,250.0,0.0,0.0,0.0,,,,,,,,,,,,,,,,,,,,,,,,,,,,,,,,,,,,,,,,,,,,,,,,,,,,,,,,,,,,,,,,,,,,,,,,,,,,,,,,,,,,,,,,,,,,,,,,,,,,,,,,,,,,,,,,,,,,,,,,,,,,,,,,,,,,,,,,,,,,,,,,,,,,,,,,,,,,,,,,,,,,,,,,,,,,,,,,,,,,,,,,,,,,,,,,,,,,2026-07-11 12:55:22.869,0,,NoForecastRowsMaterialized"
"10406,63,62,10467,1,201,""MERCADONA, 1158 CIEMPOZUE"",""326"",,,,MovingAverage3M,smooth_recentRelease,smooth_recentRelease_recentRelease,recentRelease,average,average,success,smooth_recentRelease,COMPARABLE,1,1,1,5502.0,5472.0,4806.0,5322.0,4524.0,5136.0,4937.0,4936.0,4937.0,4777.0,4776.0,4777.0,4994.0,4994.0,4994.0,4715.0,4715.0,4715.0,-565.0,-536.0,131.0,-545.0,252.0,-359.0,-508.0,-478.0,188.0,-607.0,191.0,-421.0,565.0,536.0,131.0,545.0,252.0,359.0,508.0,478.0,188.0,607.0,191.0,421.0,319225.0,287296.0,17161.0,297025.0,63504.0,128881.0,258064.0,228484.0,35344.0,368449.0,36481.0,177241.0,1,1,1,1,1,1,565.0,536.0,131.0,545.0,252.0,359.0,508.0,478.0,188.0,607.0,191.0,421.0,565.0,536.0,131.0,545.0,252.0,359.0,508.0,478.0,188.0,607.0,191.0,421.0,0.10268993093420574,0.097953216374269,0.02725759467332501,0.10240511086057873,0.05570291777188329,0.069898753894081,0.09233006179571066,0.08735380116959064,0.03911776945484811,0.11405486659150695,0.04221927497789567,0.08197040498442368,-0.10268993093420574,-0.097953216374269,0.02725759467332501,-0.10240511086057873,0.05570291777188329,-0.069898753894081,-0.09233006179571066,-0.08735380116959064,0.03911776945484811,-0.11405486659150695,0.04221927497789567,-0.08197040498442368,ML,ML,SCP,SCP,ML,SCP,MovingAverage3M,MovingAverage3M,average,average,MovingAverage3M,average,SCP,SCP,ML,ML,SCP,ML,average,average,MovingAverage3M,MovingAverage3M,average,MovingAverage3M,10.08849557522123,10.820895522388057,30.319148936170215,10.214168039538713,24.206349206349206,14.72684085510689,14982.0,14330.0,14145.0,-652.0,-837.0,1156.0,1219.0,489410.0,582171.0,3,385.3333333333333,406.3333333333333,403.90180324760456,440.5190120755289,0.07715925777599786,0.08136430383126418,-0.04351888933386731,-0.05586704044853825,SCP,average,ML,MovingAverage3M,5.168170631665304,15780.0,14810.0,14982.0,-970.0,-798.0,1232.0,1174.0,623682.0,521892.0,3,410.6666666666667,391.3333333333333,455.95394504269836,417.08991836293524,0.07807351077313054,0.07439797211660329,-0.0614702154626109,-0.05057034220532319,ML,MovingAverage3M,SCP,average,4.707792207792215,30762.0,29140.0,29127.0,-1622.0,-1635.0,2388.0,2393.0,1113092.0,1104063.0,6,398.0,398.8333333333333,430.7149095786369,428.96445074155037,0.0776282426370197,0.07779078083349587,-0.052727390936870164,-0.05314999024770821,SCP,average,ML,MovingAverage3M,0.20894274968658652,2026-07-11 12:55:22.869,0,,"
"10407,63,62,10467,1,202,""MERCADONA, 0955 GRANADILL"",""418"",,,,,unknown_oneOff,unknown_oneOff_oneOff,oneOff,average,average,success,unknown_oneOff,NOT_COMPARABLE_MISSING_ML,1,1,0,0.0,0.0,0.0,0.0,24.0,0.0,4.0,5.0,5.0,0.0,0.0,0.0,,,,,,,,,,,,,,,,,,,,,,,,,,,,,,,,,,,,,,,,,,,,,,,,,,,,,,,,,,,,,,,,,,,,,,,,,,,,,,,,,,,,,,,,,,,,,,,,,,,,,,,,,,,,,,,,,,,,,,,,,,,,,,,,,,,,,,,,,,,,,,,,,,,,,,,,,,,,,,,,,,,,,,,,,,,,,,,,,,,,,,,,,,,,,,,,,,,,2026-07-11 12:55:22.869,0,,NoForecastRowsMaterialized"
"10408,63,62,10467,1,203,""MERCADONA, 0955 GRANADILL"",""332"",,,,,,,,preserve current forecast,preserve current forecast,success,,NOT_COMPARABLE_MISSING_SCP_AND_ML,1,0,0,0.0,0.0,0.0,0.0,0.0,0.0,,,,,,,,,,,,,,,,,,,,,,,,,,,,,,,,,,,,,,,,,,,,,,,,,,,,,,,,,,,,,,,,,,,,,,,,,,,,,,,,,,,,,,,,,,,,,,,,,,,,,,,,,,,,,,,,,,,,,,,,,,,,,,,,,,,,,,,,,,,,,,,,,,,,,,,,,,,,,,,,,,,,,,,,,,,,,,,,,,,,,,,,,,,,,,,,,,,,,,,,,,2026-07-11 12:55:22.869,1,MissingHistory,NoForecastRowsMaterialized"
"10409,63,62,10467,1,204,""MERCADONA, 939 S.SADURNI"",""469"",,,,,unknown_oneOff,unknown_oneOff_oneOff,oneOff,syntetos-boylan,syntetos-boylan,success,unknown_oneOff,NOT_COMPARABLE_MISSING_SCP_AND_ML,1,0,0,0.0,0.0,0.0,0.0,0.0,0.0,,,,,,,,,,,,,,,,,,,,,,,,,,,,,,,,,,,,,,,,,,,,,,,,,,,,,,,,,,,,,,,,,,,,,,,,,,,,,,,,,,,,,,,,,,,,,,,,,,,,,,,,,,,,,,,,,,,,,,,,,,,,,,,,,,,,,,,,,,,,,,,,,,,,,,,,,,,,,,,,,,,,,,,,,,,,,,,,,,,,,,,,,,,,,,,,,,,,,,,,,,2026-07-11 12:55:22.869,0,,NoForecastRowsMaterialized"
"10410,63,62,10467,1,205,""MERCADONA, 1041 ABRERA FR"",""352"",,,,AutoETS,smooth_acceptable,smooth_acceptable_acceptable,acceptable,x11 lineal,x11 lineal,success,smooth_acceptable,COMPARABLE,1,1,1,101616.0,121416.0,103980.0,114264.0,100032.0,114180.0,107564.0,112462.0,108028.0,107166.0,104187.0,109551.0,94250.0,107104.0,102746.0,109590.0,109255.0,108917.0,5948.0,-8954.0,4048.0,-7098.0,4155.0,-4629.0,-7366.0,-14312.0,-1234.0,-4674.0,9223.0,-5263.0,5948.0,8954.0,4048.0,7098.0,4155.0,4629.0,7366.0,14312.0,1234.0,4674.0,9223.0,5263.0,35378704,80174116,16386304,50381604,17264025,21427641,54257956,204833344,1522756.0,21846276,85063729,27699169,1,1,1,1,1,1,5948.0,8954.0,4048.0,7098.0,4155.0,4629.0,7366.0,14312.0,1234.0,4674.0,9223.0,5263.0,5948.0,8954.0,4048.0,7098.0,4155.0,4629.0,7366.0,14312.0,1234.0,4674.0,9223.0,5263.0,0.05853408911982365,0.07374645845687554,0.03893056356991729,0.06211930266750683,0.04153670825335892,0.04054125065685759,0.07248858447488585,0.11787573301706529,0.011867666859011349,0.04090527200168032,0.09220049584133078,0.04609388684533193,0.05853408911982365,-0.07374645845687554,0.03893056356991729,-0.06211930266750683,0.04153670825335892,-0.04054125065685759,-0.07248858447488585,-0.11787573301706529,-0.011867666859011349,-0.04090527200168032,0.09220049584133078,-0.04609388684533193,SCP,SCP,ML,ML,SCP,SCP,x11 lineal,x11 lineal,AutoETS,AutoETS,x11 lineal,x11 lineal,ML,ML,SCP,SCP,ML,ML,AutoETS,AutoETS,x11 lineal,x11 lineal,AutoETS,AutoETS,19.25061091501494,37.43711570709893,69.51581027667984,34.150464919695686,54.94958256532582,12.046361390841728,328476.0,320904.0,327762.0,-7572.0,-714.0,15882.0,19160.0,89073270,134609174,3,5294.0,6386.666666666667,5448.95311046076,6698.486744531683,0.04835056442479816,0.05832998453463876,-0.023051912468490848,-0.002173674789025682,SCP,x11 lineal,ML,AutoETS,17.108559498956158,327012.0,328054.0,304100.0,1042.0,-22912.0,18950.0,22912.0,131939124,260614056,3,6316.666666666667,7637.333333333333,6631.719837266952,9320.480245137585,0.0579489437696476,0.07006470710554964,0.0031864274093917045,-0.07006470710554964,SCP,x11 lineal,ML,AutoETS,17.29224860335195,655488.0,648958.0,631862.0,-6530.0,-23626.0,34832.0,42072.0,221012394,395223230,6,5805.333333333333,7012.0,6069.217330101139,8116.066678714101,0.05313903534465925,0.06418424135910955,-0.009962043546182386,-0.03604337531732084,SCP,x11 lineal,ML,AutoETS,17.20859478988401,2026-07-11 12:55:22.869,0,,"
"10411,63,62,10467,1,206,""MERCADONA, 1105 PARC SAGU"",""352"",,,,,unknown_obsolete,unknown_obsolete_obsolete,obsolete,syntetos-boylan,syntetos-boylan,success,unknown_obsolete,NOT_COMPARABLE_MISSING_SCP_AND_ML,1,0,0,0.0,0.0,0.0,0.0,0.0,0.0,,,,,,,,,,,,,,,,,,,,,,,,,,,,,,,,,,,,,,,,,,,,,,,,,,,,,,,,,,,,,,,,,,,,,,,,,,,,,,,,,,,,,,,,,,,,,,,,,,,,,,,,,,,,,,,,,,,,,,,,,,,,,,,,,,,,,,,,,,,,,,,,,,,,,,,,,,,,,,,,,,,,,,,,,,,,,,,,,,,,,,,,,,,,,,,,,,,,,,,,,,2026-07-11 12:55:22.869,0,,NoForecastRowsMaterialized"
"10412,63,62,10467,1,207,""MERCADONA, 927 CIEMPOZUEL"",""455"",,,,,,,,preserve current forecast,preserve current forecast,success,,NOT_COMPARABLE_MISSING_SCP_AND_ML,1,0,0,0.0,0.0,0.0,0.0,0.0,0.0,,,,,,,,,,,,,,,,,,,,,,,,,,,,,,,,,,,,,,,,,,,,,,,,,,,,,,,,,,,,,,,,,,,,,,,,,,,,,,,,,,,,,,,,,,,,,,,,,,,,,,,,,,,,,,,,,,,,,,,,,,,,,,,,,,,,,,,,,,,,,,,,,,,,,,,,,,,,,,,,,,,,,,,,,,,,,,,,,,,,,,,,,,,,,,,,,,,,,,,,,,2026-07-11 12:55:22.869,1,MissingHistory,NoForecastRowsMaterialized"
"10413,63,62,10467,1,208,""MERCADONA, 939 S.SADURNI"",""323"",,,,AutoETS,smooth_acceptable,smooth_acceptable_acceptable,acceptable,x11 lineal,x11 lineal,success,smooth_acceptable,COMPARABLE,1,1,1,37440.0,39480.0,36920.0,39730.0,32670.0,33930.0,34678.0,34761.0,34972.0,35510.0,34006.0,34272.0,37590.0,36027.0,37338.0,36528.0,33062.0,33673.0,-2762.0,-4719.0,-1948.0,-4220.0,1336.0,342.0,150.0,-3453.0,418.0,-3202.0,392.0,-257.0,2762.0,4719.0,1948.0,4220.0,1336.0,342.0,150.0,3453.0,418.0,3202.0,392.0,257.0,7628644.0,22268961,3794704.0,17808400,1784896.0,116964.0,22500.0,11923209,174724.0,10252804,153664.0,66049.0,1,1,1,1,1,1,2762.0,4719.0,1948.0,4220.0,1336.0,342.0,150.0,3453.0,418.0,3202.0,392.0,257.0,2762.0,4719.0,1948.0,4220.0,1336.0,342.0,150.0,3453.0,418.0,3202.0,392.0,257.0,0.07377136752136752,0.11952887537993921,0.05276273022751896,0.1062169645104455,0.0408937863483318,0.010079575596816976,0.004006410256410256,0.08746200607902735,0.011321776814734561,0.08059400956456078,0.01199877563513927,0.007574417919245505,-0.07377136752136752,-0.11952887537993921,-0.05276273022751896,-0.1062169645104455,0.0408937863483318,0.010079575596816976,0.004006410256410256,-0.08746200607902735,0.011321776814734561,-0.08059400956456078,0.01199877563513927,-0.007574417919245505,ML,ML,ML,ML,ML,ML,AutoETS,AutoETS,AutoETS,AutoETS,AutoETS,AutoETS,SCP,SCP,SCP,SCP,SCP,SCP,x11 lineal,x11 lineal,x11 lineal,x11 lineal,x11 lineal,x11 lineal,94.5691527878349,26.827717736808655,78.54209445585215,24.123222748815166,70.65868263473054,24.853801169590646,106330.0,103788.0,103263.0,-2542.0,-3067.0,5898.0,3851.0,19710260,10472517,3,1966.0,1283.6666666666667,2563.218029482991,1868.3787089345672,0.055468823474090094,0.03621743628326907,-0.0239067055393586,-0.028844164393868145,ML,AutoETS,SCP,x11 lineal,34.70668023058664,113840.0,104411.0,110955.0,-9429.0,-2885.0,9429.0,4021.0,33692309,12120433,3,3143.0,1340.3333333333333,3351.234051311049,2010.0110281621178,0.08282677442023893,0.03532150386507379,-0.08282677442023893,-0.025342586085734364,ML,AutoETS,SCP,x11 lineal,57.35496871354332,220170.0,208199.0,214218.0,-11971.0,-5952.0,15327.0,7872.0,53402569,22592950,6,2554.5,1312.0,2983.358538068575,1940.487481708312,0.06961438888131898,0.035754189944134075,-0.054371621928509785,-0.02703365581141845,ML,AutoETS,SCP,x11 lineal,48.63965550988452,2026-07-11 12:55:22.869,0,,"
"10414,63,62,10467,1,209,""MERCADONA, 1073 VITORIA FRIO"",""352"",,,,AutoETS,smooth_acceptable,smooth_acceptable_acceptable,acceptable,x11 lineal,x11 lineal,success,smooth_acceptable,COMPARABLE,1,1,1,47280.0,55116.0,48924.0,55116.0,48444.0,53268.0,50159.0,52641.0,50065.0,48554.0,47199.0,50304.0,47961.0,52134.0,47606.0,48304.0,48191.0,48077.0,2879.0,-2475.0,1141.0,-6562.0,-1245.0,-2964.0,681.0,-2982.0,-1318.0,-6812.0,-253.0,-5191.0,2879.0,2475.0,1141.0,6562.0,1245.0,2964.0,681.0,2982.0,1318.0,6812.0,253.0,5191.0,8288641.0,6125625.0,1301881.0,43059844,1550025.0,8785296.0,463761.0,8892324.0,1737124.0,46403344,64009.0,26946481,1,1,1,1,1,1,2879.0,2475.0,1141.0,6562.0,1245.0,2964.0,681.0,2982.0,1318.0,6812.0,253.0,5191.0,2879.0,2475.0,1141.0,6562.0,1245.0,2964.0,681.0,2982.0,1318.0,6812.0,253.0,5191.0,0.06089255499153976,0.044905290659699545,0.023321887008421225,0.1190579867914943,0.025699777062174883,0.05564316287452129,0.014403553299492385,0.05410407141301981,0.026939743275284114,0.1235938747369185,0.00522252497729337,0.09745062701809717,0.06089255499153976,-0.044905290659699545,0.023321887008421225,-0.1190579867914943,-0.025699777062174883,-0.05564316287452129,0.014403553299492385,-0.05410407141301981,-0.026939743275284114,-0.1235938747369185,-0.00522252497729337,-0.09745062701809717,ML,SCP,SCP,SCP,ML,SCP,AutoETS,x11 lineal,x11 lineal,x11 lineal,AutoETS,x11 lineal,SCP,ML,ML,ML,SCP,ML,x11 lineal,AutoETS,AutoETS,AutoETS,x11 lineal,AutoETS,76.34595345606114,17.002012072434596,13.42943854324734,3.6699941280093977,79.67871485943775,42.901175110768634,156828.0,146057.0,144572.0,-10771.0,-12256.0,10771.0,12256.0,53395165,73413834,3,3590.3333333333335,4085.3333333333335,4218.813616804295,4946.845257333202,0.06868033769479939,0.07814931007218098,-0.06868033769479939,-0.07814931007218098,SCP,x11 lineal,ML,AutoETS,12.116514360313317,151320.0,152865.0,147701.0,1545.0,-3619.0,6495.0,4981.0,15716147,11093209,3,2165.0,1660.3333333333333,2288.8240794492413,1922.949904010329,0.042922283901665345,0.032916997092254825,0.0102101506740682,-0.023916204070843244,ML,AutoETS,SCP,x11 lineal,23.31023864511162,308148.0,298922.0,292273.0,-9226.0,-15875.0,17266.0,17237.0,69111312,84507043,6,2877.6666666666665,2872.8333333333335,3393.899232446361,3752.9331417794624,0.056031517322844865,0.0559374067006763,-0.029940158625076263,-0.05151745265262147,ML,AutoETS,SCP,x11 lineal,0.16796015290165597,2026-07-11 12:55:22.869,0,,"
"10415,63,62,10467,1,210,""MERCADONA, 1156 VILLADANG"",""353"",,,,AutoETS,smooth_acceptable,smooth_acceptable_acceptable,acceptable,x11 lineal,x11 lineal,success,smooth_acceptable,COMPARABLE,1,1,1,46216.0,50496.0,45776.0,53552.0,45440.0,51280.0,48444.0,50760.0,49106.0,50128.0,48942.0,51800.0,47268.0,50513.0,48989.0,50202.0,48568.0,51800.0,2228.0,264.0,3330.0,-3424.0,3502.0,520.0,1052.0,17.0,3213.0,-3350.0,3128.0,520.0,2228.0,264.0,3330.0,3424.0,3502.0,520.0,1052.0,17.0,3213.0,3350.0,3128.0,520.0,4963984.0,69696.0,11088900,11723776,12264004,270400.0,1106704.0,289.0,10323369,11222500,9784384.0,270400.0,1,1,1,1,1,1,2228.0,264.0,3330.0,3424.0,3502.0,520.0,1052.0,17.0,3213.0,3350.0,3128.0,520.0,2228.0,264.0,3330.0,3424.0,3502.0,520.0,1052.0,17.0,3213.0,3350.0,3128.0,520.0,0.04820841267093647,0.005228136882129277,0.07274554351625306,0.06393785479533912,0.07706866197183099,0.01014040561622465,0.022762679591483467,0.0003366603295311,0.07018961901433066,0.06255602031670153,0.06883802816901409,0.01014040561622465,0.04820841267093647,0.005228136882129277,0.07274554351625306,-0.06393785479533912,0.07706866197183099,0.01014040561622465,0.022762679591483467,0.0003366603295311,0.07018961901433066,-0.06255602031670153,0.06883802816901409,0.01014040561622465,ML,ML,ML,ML,ML,TIE,AutoETS,AutoETS,AutoETS,AutoETS,AutoETS,,SCP,SCP,SCP,SCP,SCP,,x11 lineal,x11 lineal,x11 lineal,x11 lineal,x11 lineal,,52.782764811490125,93.56060606060606,3.513513513513517,2.1612149532710285,10.679611650485432,0.0,150272.0,150870.0,150570.0,598.0,298.0,7446.0,6998.0,24258180,21277284,3,2482.0,2332.6666666666665,2843.5998311998824,2663.1612793820805,0.049550149063032366,0.046568888415672915,0.003979450596252129,0.00198307069846678,ML,AutoETS,SCP,x11 lineal,6.0166532366371115,142488.0,148310.0,146770.0,5822.0,4282.0,5822.0,4282.0,16122580,11430362,3,1940.6666666666667,1427.3333333333333,2318.230647138747,1951.9530390525963,0.04085958115771152,0.030051653472573128,0.04085958115771152,0.030051653472573128,ML,AutoETS,SCP,x11 lineal,26.451391274476123,292760.0,299180.0,297340.0,6420.0,4580.0,13268.0,11280.0,40380760,32707646,6,2211.3333333333335,1880.0,2594.248767305608,2334.796422246131,0.04532039896160678,0.03852985380516464,0.021929225304003278,0.015644213690394863,ML,AutoETS,SCP,x11 lineal,14.983418751884237,2026-07-11 12:55:22.869,0,,"
"10416,63,62,10467,1,211,""MERCADONA, 1041 ABRERA FR"",""458"",,,,,,,,preserve current forecast,preserve current forecast,success,,NOT_COMPARABLE_MISSING_SCP_AND_ML,1,0,0,0.0,0.0,0.0,0.0,0.0,0.0,,,,,,,,,,,,,,,,,,,,,,,,,,,,,,,,,,,,,,,,,,,,,,,,,,,,,,,,,,,,,,,,,,,,,,,,,,,,,,,,,,,,,,,,,,,,,,,,,,,,,,,,,,,,,,,,,,,,,,,,,,,,,,,,,,,,,,,,,,,,,,,,,,,,,,,,,,,,,,,,,,,,,,,,,,,,,,,,,,,,,,,,,,,,,,,,,,,,,,,,,,2026-07-11 12:55:22.869,1,MissingHistory,NoForecastRowsMaterialized"
"10417,63,62,10467,1,212,""MERCADONA, 1158 CIEMPOZUE"",""320"",,,,AutoARIMA,smooth_acceptable,smooth_acceptable_acceptable,acceptable,x11 lineal,x11 lineal,success,smooth_acceptable,COMPARABLE,1,1,1,6672.0,7536.0,7752.0,8016.0,6576.0,7488.0,7166.0,7794.0,7368.0,6916.0,6964.0,7253.0,9563.0,9792.0,8796.0,6456.0,6624.0,7272.0,494.0,258.0,-384.0,-1100.0,388.0,-235.0,2891.0,2256.0,1044.0,-1560.0,48.0,-216.0,494.0,258.0,384.0,1100.0,388.0,235.0,2891.0,2256.0,1044.0,1560.0,48.0,216.0,244036.0,66564.0,147456.0,1210000.0,150544.0,55225.0,8357881.0,5089536.0,1089936.0,2433600.0,2304.0,46656.0,1,1,1,1,1,1,494.0,258.0,384.0,1100.0,388.0,235.0,2891.0,2256.0,1044.0,1560.0,48.0,216.0,494.0,258.0,384.0,1100.0,388.0,235.0,2891.0,2256.0,1044.0,1560.0,48.0,216.0,0.07404076738609112,0.03423566878980892,0.04953560371517028,0.1372255489021956,0.05900243309002433,0.03138354700854701,0.4333033573141487,0.29936305732484075,0.1346749226006192,0.19461077844311378,0.0072992700729927005,0.028846153846153848,0.07404076738609112,0.03423566878980892,-0.04953560371517028,-0.1372255489021956,0.05900243309002433,-0.03138354700854701,0.4333033573141487,0.29936305732484075,0.1346749226006192,-0.19461077844311378,0.0072992700729927005,-0.028846153846153848,SCP,SCP,SCP,SCP,ML,ML,x11 lineal,x11 lineal,x11 lineal,x11 lineal,AutoARIMA,AutoARIMA,ML,ML,ML,ML,SCP,SCP,AutoARIMA,AutoARIMA,AutoARIMA,AutoARIMA,x11 lineal,x11 lineal,82.91248702870979,88.56382978723404,63.2183908045977,29.487179487179493,87.62886597938144,8.085106382978717,22080.0,21133.0,20352.0,-947.0,-1728.0,1723.0,1824.0,1415769.0,2482560.0,3,574.3333333333334,608.0,686.9665202904724,909.681262860789,0.07803442028985508,0.08260869565217391,-0.042889492753623186,-0.0782608695652174,SCP,x11 lineal,ML,AutoARIMA,5.537280701754374,21960.0,22328.0,28151.0,368.0,6191.0,1136.0,6191.0,458056.0,14537353,3,378.6666666666667,2063.6666666666665,390.7497067603933,2201.3142286673506,0.051730418943533696,0.2819216757741348,0.016757741347905284,0.2819216757741348,SCP,x11 lineal,ML,AutoARIMA,81.65078339525117,44040.0,43461.0,48503.0,-579.0,4463.0,2859.0,8015.0,1873825.0,17019913,6,476.5,1335.8333333333333,558.8418082665851,1684.2363749387039,0.06491825613079019,0.1819936421435059,-0.013147138964577657,0.10133969118982743,SCP,x11 lineal,ML,AutoARIMA,64.32938240798502,2026-07-11 12:55:22.869,0,,"
"10418,63,62,10467,1,213,""MERCADONA, 927 CIEMPOZUEL"",""352"",,,,AutoETS,smooth_acceptable,smooth_acceptable_acceptable,acceptable,x11 seasonal,x11 seasonal,success,smooth_acceptable,COMPARABLE,1,1,1,92904.0,107316.0,95736.0,104376.0,95760.0,107580.0,93145.0,108614.0,93688.0,101855.0,93821.0,108599.0,98689.0,106094.0,91287.0,96352.0,89095.0,106754.0,241.0,1298.0,-2048.0,-2521.0,-1939.0,1019.0,5785.0,-1222.0,-4449.0,-8024.0,-6665.0,-826.0,241.0,1298.0,2048.0,2521.0,1939.0,1019.0,5785.0,1222.0,4449.0,8024.0,6665.0,826.0,58081.0,1684804.0,4194304.0,6355441.0,3759721.0,1038361.0,33466225,1493284.0,19793601,64384576,44422225,682276.0,1,1,1,1,1,1,241.0,1298.0,2048.0,2521.0,1939.0,1019.0,5785.0,1222.0,4449.0,8024.0,6665.0,826.0,241.0,1298.0,2048.0,2521.0,1939.0,1019.0,5785.0,1222.0,4449.0,8024.0,6665.0,826.0,0.0025940756049255146,0.012095120951209511,0.021392161778223447,0.024153062006591553,0.020248538011695908,0.009472020821714073,0.06226857831740291,0.011386932051138693,0.046471546753572325,0.07687591017092052,0.06960108604845447,0.007678007064510132,0.0025940756049255146,0.012095120951209511,-0.021392161778223447,-0.024153062006591553,-0.020248538011695908,0.009472020821714073,0.06226857831740291,-0.011386932051138693,-0.046471546753572325,-0.07687591017092052,-0.06960108604845447,-0.007678007064510132,SCP,ML,SCP,SCP,SCP,ML,x11 seasonal,AutoETS,x11 seasonal,x11 seasonal,x11 seasonal,AutoETS,ML,SCP,ML,ML,ML,SCP,AutoETS,x11 seasonal,AutoETS,AutoETS,AutoETS,x11 seasonal,95.83405358686258,5.855161787365174,53.96718363677231,68.58175473579263,70.90772693173294,18.940137389597638,307716.0,304275.0,292201.0,-3441.0,-15515.0,5479.0,15515.0,11153523,109489077,3,1826.3333333333333,5171.666666666667,1928.1703762893983,6041.221647978164,0.01780537898581809,0.0504198676701894,-0.011182388956050384,-0.0504198676701894,SCP,x11 seasonal,ML,AutoETS,64.68578794714792,295956.0,295447.0,296070.0,-509.0,114.0,3587.0,11456.0,5937189.0,54753110,3,1195.6666666666667,3818.6666666666665,1406.7917400951712,4272.123203591706,0.012120044871534959,0.03870845666247685,-0.0017198502480098392,0.0003851923934639,SCP,x11 seasonal,ML,AutoETS,68.68889664804469,603672.0,599722.0,588271.0,-3950.0,-15401.0,9066.0,26971.0,17090712,164242187,6,1511.0,4495.166666666667,1687.7357613086238,5231.987942774078,0.015018089293523636,0.04467823586318398,-0.006543288408274692,-0.02551219867742748,SCP,x11 seasonal,ML,AutoETS,66.38611842349191,2026-07-11 12:55:22.869,0,,"
"10419,63,62,10467,1,214,""MERCADONA, 1105 PARC SAGU"",""455"",,,,,,,,preserve current forecast,preserve current forecast,success,,NOT_COMPARABLE_MISSING_SCP_AND_ML,1,0,0,0.0,0.0,0.0,0.0,0.0,0.0,,,,,,,,,,,,,,,,,,,,,,,,,,,,,,,,,,,,,,,,,,,,,,,,,,,,,,,,,,,,,,,,,,,,,,,,,,,,,,,,,,,,,,,,,,,,,,,,,,,,,,,,,,,,,,,,,,,,,,,,,,,,,,,,,,,,,,,,,,,,,,,,,,,,,,,,,,,,,,,,,,,,,,,,,,,,,,,,,,,,,,,,,,,,,,,,,,,,,,,,,,2026-07-11 12:55:22.869,1,MissingHistory,NoForecastRowsMaterialized"
"10420,63,62,10467,1,215,""MERCADONA, 927 CIEMPOZUEL"",""332"",,,,AutoETS,smooth_acceptable,smooth_acceptable_acceptable,acceptable,x11 lineal,x11 lineal,success,smooth_acceptable,COMPARABLE,1,1,1,96144.0,102624.0,92556.0,102144.0,89952.0,100536.0,96595.0,100535.0,94532.0,89970.0,87793.0,93973.0,102271.0,108098.0,95533.0,98036.0,86057.0,99911.0,451.0,-2089.0,1976.0,-12174.0,-2159.0,-6563.0,6127.0,5474.0,2977.0,-4108.0,-3895.0,-625.0,451.0,2089.0,1976.0,12174.0,2159.0,6563.0,6127.0,5474.0,2977.0,4108.0,3895.0,625.0,203401.0,4363921.0,3904576.0,148206276,4661281.0,43072969,37540129,29964676,8862529.0,16875664,15171025,390625.0,1,1,1,1,1,1,451.0,2089.0,1976.0,12174.0,2159.0,6563.0,6127.0,5474.0,2977.0,4108.0,3895.0,625.0,451.0,2089.0,1976.0,12174.0,2159.0,6563.0,6127.0,5474.0,2977.0,4108.0,3895.0,625.0,0.0046908803461474455,0.02035586217648893,0.02134923721854877,0.11918468045112782,0.024001689790110282,0.06528009867112278,0.06372732567814944,0.05334034923604615,0.032164311335839926,0.04021773182957394,0.04330087157595162,0.006216678602689584,0.0046908803461474455,-0.02035586217648893,0.02134923721854877,-0.11918468045112782,-0.024001689790110282,-0.06528009867112278,0.06372732567814944,0.05334034923604615,0.032164311335839926,-0.04021773182957394,-0.04330087157595162,-0.006216678602689584,SCP,SCP,SCP,ML,SCP,ML,x11 lineal,x11 lineal,x11 lineal,AutoETS,x11 lineal,AutoETS,ML,ML,ML,SCP,ML,SCP,AutoETS,AutoETS,AutoETS,x11 lineal,AutoETS,x11 lineal,92.63913824057451,61.83777858969675,33.62445414847162,66.25595531460489,44.56996148908857,90.47691604449184,292632.0,271736.0,284004.0,-20896.0,-8628.0,20896.0,8628.0,195940526,32437314,3,6965.333333333333,2876.0,8081.677342400318,3288.227181932538,0.07140709150058777,0.02948413023866153,-0.07140709150058777,-0.02948413023866153,ML,AutoETS,SCP,x11 lineal,58.70980091883613,291324.0,291662.0,305902.0,338.0,14578.0,4516.0,14578.0,8471898.0,76367334,3,1505.3333333333333,4859.333333333333,1680.4660067969241,5045.3719387177,0.015501640784830635,0.05004050473012865,0.001160220235888564,0.05004050473012865,SCP,x11 lineal,ML,AutoETS,69.02181369186445,583956.0,563398.0,589906.0,-20558.0,5950.0,25412.0,23206.0,204412424,108804648,6,4235.333333333333,3867.6666666666665,5836.843096514874,4258.416137485861,0.04351697730650939,0.03973929542636774,-0.03520470720396742,0.010189123838097391,ML,AutoETS,SCP,x11 lineal,8.680938139461666,2026-07-11 12:55:22.869,0,,"
"10421,63,62,10467,1,216,""MERCADONA, 1246 RIBARROJA"",""326"",,,,HistoricAverage,smooth_recentRelease,smooth_recentRelease_recentRelease,recentRelease,average,average,success,smooth_recentRelease,COMPARABLE,1,1,1,13980.0,13662.0,12900.0,14922.0,12300.0,13512.0,13692.0,13693.0,13692.0,13506.0,13505.0,13506.0,13154.0,13154.0,13153.0,12836.0,12835.0,12836.0,-288.0,31.0,792.0,-1416.0,1205.0,-6.0,-826.0,-508.0,253.0,-2086.0,535.0,-676.0,288.0,31.0,792.0,1416.0,1205.0,6.0,826.0,508.0,253.0,2086.0,535.0,676.0,82944.0,961.0,627264.0,2005056.0,1452025.0,36.0,682276.0,258064.0,64009.0,4351396.0,286225.0,456976.0,1,1,1,1,1,1,288.0,31.0,792.0,1416.0,1205.0,6.0,826.0,508.0,253.0,2086.0,535.0,676.0,288.0,31.0,792.0,1416.0,1205.0,6.0,826.0,508.0,253.0,2086.0,535.0,676.0,0.020600858369098713,0.002269067486458791,0.061395348837209304,0.09489344591877764,0.09796747967479674,0.0004440497335702,0.05908440629470672,0.03718342848777632,0.019612403100775194,0.13979359335209757,0.04349593495934959,0.050029603315571346,-0.020600858369098713,0.002269067486458791,0.061395348837209304,-0.09489344591877764,0.09796747967479674,-0.0004440497335702,-0.05908440629470672,-0.03718342848777632,0.019612403100775194,-0.13979359335209757,0.04349593495934959,-0.050029603315571346,SCP,SCP,ML,SCP,ML,SCP,average,average,HistoricAverage,average,HistoricAverage,average,ML,ML,SCP,ML,SCP,ML,HistoricAverage,HistoricAverage,average,HistoricAverage,average,HistoricAverage,65.13317191283294,93.89763779527559,68.05555555555556,32.11888782358581,55.601659751037346,99.11242603550296,40734.0,40517.0,38507.0,-217.0,-2227.0,2627.0,3297.0,3457117.0,5094597.0,3,875.6666666666666,1099.0,1073.4860657378526,1303.149646049908,0.06449157951588354,0.08093975548681691,-0.00532724505327245,-0.05467177296607257,SCP,average,ML,HistoricAverage,20.321504397937517,40542.0,41077.0,39461.0,535.0,-1081.0,1111.0,1587.0,711169.0,1004349.0,3,370.3333333333333,529.0,486.88431206327994,578.604355324085,0.027403680134181835,0.03914459079473139,0.01319619160376893,-0.026663706773222832,SCP,average,ML,HistoricAverage,29.993698802772535,81276.0,81594.0,77968.0,318.0,-3308.0,3738.0,4884.0,4168286.0,6098946.0,6,623.0,814.0,833.4952509362806,1008.2117833074557,0.04599143658644618,0.060091539937989075,0.003912594123726561,-0.04070082189084109,SCP,average,ML,HistoricAverage,23.46437346437347,2026-07-11 12:55:22.869,0,,"
"10422,63,62,10467,1,217,""MERCADONA, 927 CIEMPOZUEL"",""355"",,,,,,,,preserve current forecast,preserve current forecast,success,,NOT_COMPARABLE_MISSING_SCP_AND_ML,1,0,0,0.0,0.0,0.0,0.0,0.0,0.0,,,,,,,,,,,,,,,,,,,,,,,,,,,,,,,,,,,,,,,,,,,,,,,,,,,,,,,,,,,,,,,,,,,,,,,,,,,,,,,,,,,,,,,,,,,,,,,,,,,,,,,,,,,,,,,,,,,,,,,,,,,,,,,,,,,,,,,,,,,,,,,,,,,,,,,,,,,,,,,,,,,,,,,,,,,,,,,,,,,,,,,,,,,,,,,,,,,,,,,,,,2026-07-11 12:55:22.869,1,MissingHistory,NoForecastRowsMaterialized"
"10423,63,62,10467,1,218,""MERCADONA, 1156 VILLADANG"",""459"",,,,,,,,preserve current forecast,preserve current forecast,success,,NOT_COMPARABLE_MISSING_SCP_AND_ML,1,0,0,0.0,0.0,0.0,0.0,0.0,0.0,,,,,,,,,,,,,,,,,,,,,,,,,,,,,,,,,,,,,,,,,,,,,,,,,,,,,,,,,,,,,,,,,,,,,,,,,,,,,,,,,,,,,,,,,,,,,,,,,,,,,,,,,,,,,,,,,,,,,,,,,,,,,,,,,,,,,,,,,,,,,,,,,,,,,,,,,,,,,,,,,,,,,,,,,,,,,,,,,,,,,,,,,,,,,,,,,,,,,,,,,,2026-07-11 12:55:22.869,1,MissingHistory,NoForecastRowsMaterialized"
"10424,63,62,10467,1,219,""MERCADONA, 1131 ANTEQUERA"",""325"",,,,AutoTheta,smooth_acceptable,smooth_acceptable_acceptable,acceptable,x11 lineal,x11 lineal,success,smooth_acceptable,NOT_COMPARABLE_NO_HISTORY,1,1,1,0.0,0.0,0.0,0.0,0.0,0.0,1049.0,595.0,0.0,101.0,60.0,135.0,0.0,0.0,0.0,0.0,0.0,0.0,,,,,,,,,,,,,,,,,,,,,,,,,,,,,,,,,,,,,,,,,,,,,,,,,,,,,,,,,,,,,,,,,,,,,,,,,,,,,,,,,,,,,,,,,,,,,,,,,,,,,,,,,,,,,,,,,,,,,,,,,,,,,,,,,,,,,,,,,,,,,,,,,,,,,,,,,,,,,,,,,,,,,,,,,,,,,,,,,,,,,,,,,,,,,,2026-07-11 12:55:22.869,0,,"
"10425,63,62,10467,1,220,""MERCADONA, 1041 ABRERA FR"",""329"",,,,AutoARIMA,smooth_acceptable,smooth_acceptable_acceptable,acceptable,seasonal discrete,seasonal discrete,success,smooth_acceptable,NOT_COMPARABLE_NO_HISTORY,1,1,1,0.0,0.0,0.0,0.0,0.0,0.0,1164.0,2804.0,3212.0,1356.0,355.0,555.0,0.0,0.0,0.0,0.0,0.0,0.0,,,,,,,,,,,,,,,,,,,,,,,,,,,,,,,,,,,,,,,,,,,,,,,,,,,,,,,,,,,,,,,,,,,,,,,,,,,,,,,,,,,,,,,,,,,,,,,,,,,,,,,,,,,,,,,,,,,,,,,,,,,,,,,,,,,,,,,,,,,,,,,,,,,,,,,,,,,,,,,,,,,,,,,,,,,,,,,,,,,,,,,,,,,,,,2026-07-11 12:55:22.869,0,,"
"10426,63,62,10467,1,221,""MERCADONA, 1003 ZGZ PEREC"",""352"",,,,SeasonalNaive,smooth_acceptable,smooth_acceptable_acceptable,acceptable,x11 lineal,x11 lineal,success,smooth_acceptable,COMPARABLE,1,1,1,46536.0,55128.0,49056.0,56592.0,49620.0,55836.0,52465.0,54331.0,53055.0,51769.0,51449.0,52390.0,51270.0,55683.0,54552.0,46956.0,50024.0,50904.0,5929.0,-797.0,3999.0,-4823.0,1829.0,-3446.0,4734.0,555.0,5496.0,-9636.0,404.0,-4932.0,5929.0,797.0,3999.0,4823.0,1829.0,3446.0,4734.0,555.0,5496.0,9636.0,404.0,4932.0,35153041,635209.0,15992001,23261329,3345241.0,11874916,22410756,308025.0,30206016,92852496,163216.0,24324624,1,1,1,1,1,1,5929.0,797.0,3999.0,4823.0,1829.0,3446.0,4734.0,555.0,5496.0,9636.0,404.0,4932.0,5929.0,797.0,3999.0,4823.0,1829.0,3446.0,4734.0,555.0,5496.0,9636.0,404.0,4932.0,0.12740673886883272,0.014457263096792919,0.08151908023483366,0.0852240599378004,0.03686013704151552,0.06171645533347661,0.1017276946879835,0.010067479320853287,0.11203522504892367,0.17027141645462257,0.008141878274889158,0.08833010960670536,0.12740673886883272,-0.014457263096792919,0.08151908023483366,-0.0852240599378004,0.03686013704151552,-0.06171645533347661,0.1017276946879835,0.010067479320853287,0.11203522504892367,-0.17027141645462257,0.008141878274889158,-0.08833010960670536,ML,ML,SCP,SCP,ML,SCP,SeasonalNaive,SeasonalNaive,x11 lineal,x11 lineal,SeasonalNaive,x11 lineal,SCP,SCP,ML,ML,SCP,ML,x11 lineal,x11 lineal,SeasonalNaive,SeasonalNaive,x11 lineal,SeasonalNaive,20.155169505818847,30.363864491844417,27.237991266375538,49.948111249481116,77.9114270092947,30.129764801297654,162048.0,155608.0,147884.0,-6440.0,-14164.0,10098.0,14972.0,38481486,117340336,3,3366.0,4990.666666666667,3581.5027572235654,6254.074298673892,0.062314869668246446,0.0923923775671406,-0.0397413112164297,-0.08740620063191153,SCP,x11 lineal,ML,SeasonalNaive,32.554100988511884,150720.0,159851.0,161505.0,9131.0,10785.0,10725.0,10785.0,51780251,52924797,3,3575.0,3595.0,4154.525684920803,4200.190352829262,0.07115843949044585,0.07155652866242038,0.06058253715498938,0.07155652866242038,SCP,x11 lineal,ML,SeasonalNaive,0.556328233657858,312768.0,315459.0,309389.0,2691.0,-3379.0,20823.0,25757.0,90261737,170265133,6,3470.5,4292.833333333333,3878.610941217659,5327.055675198699,0.06657650399017802,0.08235177511765909,0.008603821362799264,-0.01080353488847964,SCP,x11 lineal,ML,SeasonalNaive,19.155957603758207,2026-07-11 12:55:22.869,0,,"
"10427,63,62,10467,1,222,""MERCADONA, 1073 VITORIA FRIO"",""329"",,,,MovingAverage12M,smooth_acceptable,smooth_acceptable_acceptable,acceptable,x11 lineal,x11 lineal,success,smooth_acceptable,COMPARABLE,1,1,1,6192.0,6288.0,5472.0,6192.0,5160.0,6120.0,5699.0,5976.0,5763.0,5792.0,5573.0,5964.0,5947.0,5947.0,5947.0,5472.0,5112.0,5952.0,-493.0,-312.0,291.0,-400.0,413.0,-156.0,-245.0,-341.0,475.0,-720.0,-48.0,-168.0,493.0,312.0,291.0,400.0,413.0,156.0,245.0,341.0,475.0,720.0,48.0,168.0,243049.0,97344.0,84681.0,160000.0,170569.0,24336.0,60025.0,116281.0,225625.0,518400.0,2304.0,28224.0,1,1,1,1,1,1,493.0,312.0,291.0,400.0,413.0,156.0,245.0,341.0,475.0,720.0,48.0,168.0,493.0,312.0,291.0,400.0,413.0,156.0,245.0,341.0,475.0,720.0,48.0,168.0,0.0796188630490956,0.04961832061068702,0.05317982456140351,0.06459948320413436,0.08003875968992248,0.025490196078431372,0.0395671834625323,0.05423027989821883,0.08680555555555555,0.11627906976744186,0.009302325581395349,0.027450980392156862,-0.0796188630490956,-0.04961832061068702,0.05317982456140351,-0.06459948320413436,0.08003875968992248,-0.025490196078431372,-0.0395671834625323,-0.05423027989821883,0.08680555555555555,-0.11627906976744186,-0.009302325581395349,-0.027450980392156862,ML,SCP,SCP,SCP,ML,SCP,MovingAverage12M,x11 lineal,x11 lineal,x11 lineal,MovingAverage12M,x11 lineal,SCP,ML,ML,ML,SCP,ML,x11 lineal,MovingAverage12M,MovingAverage12M,MovingAverage12M,x11 lineal,MovingAverage12M,50.304259634888425,8.504398826979477,38.73684210526316,44.44444444444445,88.37772397094432,7.142857142857142,17472.0,17329.0,16536.0,-143.0,-936.0,969.0,936.0,354905.0,548928.0,3,323.0,312.0,343.9500932790492,427.7569403294352,0.05546016483516483,0.05357142857142857,-0.00818452380952381,-0.05357142857142857,ML,MovingAverage12M,SCP,x11 lineal,3.405572755417957,17952.0,17438.0,17841.0,-514.0,-111.0,1096.0,1061.0,425074.0,401931.0,3,365.3333333333333,353.6666666666667,376.41909267906874,366.0286874003184,0.06105169340463458,0.05910204991087344,-0.028631907308377898,-0.006183155080213904,ML,MovingAverage12M,SCP,x11 lineal,3.1934306569343005,35424.0,34767.0,34377.0,-657.0,-1047.0,2065.0,1997.0,779979.0,950859.0,6,344.1666666666667,332.8333333333333,360.55027388701285,398.0910699827365,0.058293812104787714,0.05637420957542909,-0.018546747967479675,-0.029556233062330625,ML,MovingAverage12M,SCP,x11 lineal,3.2929782082324435,2026-07-11 12:55:22.869,0,,"
"10428,63,62,10467,1,223,""MERCADONA, 1003 ZGZ PEREC"",""458"",,,,,,,,preserve current forecast,preserve current forecast,success,,NOT_COMPARABLE_MISSING_SCP_AND_ML,1,0,0,0.0,0.0,0.0,0.0,0.0,0.0,,,,,,,,,,,,,,,,,,,,,,,,,,,,,,,,,,,,,,,,,,,,,,,,,,,,,,,,,,,,,,,,,,,,,,,,,,,,,,,,,,,,,,,,,,,,,,,,,,,,,,,,,,,,,,,,,,,,,,,,,,,,,,,,,,,,,,,,,,,,,,,,,,,,,,,,,,,,,,,,,,,,,,,,,,,,,,,,,,,,,,,,,,,,,,,,,,,,,,,,,,2026-07-11 12:55:22.869,1,MissingHistory,NoForecastRowsMaterialized"
"10429,63,62,10467,1,224,""MERCADONA, 910 HUEVAR"",""330"",,,,AutoARIMA,smooth_acceptable,smooth_acceptable_acceptable,acceptable,seasonal discrete,seasonal discrete,success,smooth_acceptable,COMPARABLE,1,1,1,0.0,17088.0,15480.0,16704.0,13248.0,15432.0,18159.0,16703.0,15255.0,16245.0,15047.0,15877.0,18600.0,17741.0,16956.0,15936.0,14984.0,16384.0,18159.0,-385.0,-225.0,-459.0,1799.0,445.0,18600.0,653.0,1476.0,-768.0,1736.0,952.0,18159.0,385.0,225.0,459.0,1799.0,445.0,18600.0,653.0,1476.0,768.0,1736.0,952.0,329749281,148225.0,50625.0,210681.0,3236401.0,198025.0,345960000,426409.0,2178576.0,589824.0,3013696.0,906304.0,0,1,1,1,1,1,,385.0,225.0,459.0,1799.0,445.0,,653.0,1476.0,768.0,1736.0,952.0,,385.0,225.0,459.0,1799.0,445.0,,653.0,1476.0,768.0,1736.0,952.0,,0.022530430711610486,0.014534883720930232,0.02747844827586207,0.13579408212560387,0.02883618455158113,,0.03821395131086142,0.09534883720930233,0.04597701149425287,0.13103864734299517,0.06168999481596682,,-0.022530430711610486,-0.014534883720930232,-0.02747844827586207,0.13579408212560387,0.02883618455158113,,0.03821395131086142,0.09534883720930233,-0.04597701149425287,0.13103864734299517,0.06168999481596682,,SCP,SCP,SCP,ML,SCP,,seasonal discrete,seasonal discrete,seasonal discrete,AutoARIMA,seasonal discrete,,ML,ML,ML,SCP,ML,,AutoARIMA,AutoARIMA,AutoARIMA,seasonal discrete,AutoARIMA,,41.04134762633997,84.7560975609756,40.234375,3.5019455252918337,53.2563025210084,45384.0,47169.0,47304.0,1785.0,1920.0,2703.0,3456.0,3645107.0,4509824.0,3,901.0,1152.0,1102.2865628622471,1226.0810196176542,0.05955843469063987,0.07615018508725542,0.039331041776837654,0.04230565838180857,SCP,seasonal discrete,ML,AutoARIMA,21.788194444444446,32568.0,50117.0,53297.0,17549.0,20729.0,18769.0,20729.0,329948131,348564985,2,9384.5,10364.5,12844.223039950684,13201.609466273421,0.5763018914271678,0.6364836649471874,0.5388418079096046,0.6364836649471874,SCP,seasonal discrete,ML,AutoARIMA,9.455352404843453,77952.0,97286.0,100601.0,19334.0,22649.0,21472.0,24185.0,333593238,353074809,5,4294.4,4837.0,8168.148358104179,8403.270898882172,0.2754515599343186,0.3102550287356322,0.24802442528735633,0.29055059523809523,SCP,seasonal discrete,ML,AutoARIMA,11.21769691957825,2026-07-11 12:55:22.869,0,,"
"10430,63,62,10467,1,225,SAN ISIDRO,""355"",,,,AutoTheta,smooth_acceptable,smooth_acceptable_acceptable,acceptable,x11 seasonal,x11 seasonal,success,smooth_acceptable,COMPARABLE,1,1,1,27856.0,28528.0,26792.0,30304.0,26432.0,28864.0,25294.0,26891.0,26599.0,27699.0,25826.0,27899.0,27759.0,28512.0,27361.0,28650.0,25831.0,28615.0,-2562.0,-1637.0,-193.0,-2605.0,-606.0,-965.0,-97.0,-16.0,569.0,-1654.0,-601.0,-249.0,2562.0,1637.0,193.0,2605.0,606.0,965.0,97.0,16.0,569.0,1654.0,601.0,249.0,6563844.0,2679769.0,37249.0,6786025.0,367236.0,931225.0,9409.0,256.0,323761.0,2735716.0,361201.0,62001.0,1,1,1,1,1,1,2562.0,1637.0,193.0,2605.0,606.0,965.0,97.0,16.0,569.0,1654.0,601.0,249.0,2562.0,1637.0,193.0,2605.0,606.0,965.0,97.0,16.0,569.0,1654.0,601.0,249.0,0.09197300402067778,0.057382220975883344,0.007203642878471185,0.08596224920802534,0.02292675544794189,0.033432649667405764,0.0034821941412981044,0.0005608524957936,0.021237682890415048,0.05458025343189018,0.02273759079903148,0.008626662971175167,-0.09197300402067778,-0.057382220975883344,-0.007203642878471185,-0.08596224920802534,-0.02292675544794189,-0.033432649667405764,-0.0034821941412981044,-0.0005608524957936,0.021237682890415048,-0.05458025343189018,-0.02273759079903148,-0.008626662971175167,ML,ML,SCP,ML,ML,ML,AutoTheta,AutoTheta,x11 seasonal,AutoTheta,AutoTheta,AutoTheta,SCP,SCP,ML,SCP,SCP,SCP,x11 seasonal,x11 seasonal,AutoTheta,x11 seasonal,x11 seasonal,x11 seasonal,96.21389539422326,99.02260232131948,66.08084358523726,36.506717850287906,0.8250825082508186,74.19689119170984,85600.0,81424.0,83096.0,-4176.0,-2504.0,4176.0,2504.0,8084486.0,3158918.0,3,1392.0,834.6666666666666,1641.5933316953583,1026.1445642143542,0.048785046728971965,0.02925233644859813,-0.048785046728971965,-0.02925233644859813,ML,AutoTheta,SCP,x11 seasonal,40.03831417624521,83176.0,78784.0,83632.0,-4392.0,456.0,4392.0,682.0,9280862.0,333426.0,3,1464.0,227.33333333333334,1758.8691442704503,333.3796634469475,0.05280369337308839,0.008199480619409444,-0.05280369337308839,0.005482350678080216,ML,AutoTheta,SCP,x11 seasonal,84.47176684881603,168776.0,160208.0,166728.0,-8568.0,-2048.0,8568.0,3186.0,17365348,3492344.0,6,1428.0,531.0,1701.242095254719,762.9268204312477,0.05076551168412571,0.018877091529601365,-0.05076551168412571,-0.01213442669573873,ML,AutoTheta,SCP,x11 seasonal,62.81512605042017,2026-07-11 12:55:22.869,0,,"
"10431,63,62,10467,1,226,""MERCADONA, 1003 ZGZ PEREC"",""324"",,,,AutoARIMA,smooth_acceptable,smooth_acceptable_acceptable,acceptable,x11 lineal,x11 lineal,success,smooth_acceptable,COMPARABLE,1,1,1,48528.0,52368.0,44952.0,50832.0,44652.0,48984.0,46556.0,48927.0,46579.0,47167.0,46510.0,49057.0,48947.0,52666.0,49332.0,50636.0,45035.0,49639.0,-1972.0,-3441.0,1627.0,-3665.0,1858.0,73.0,419.0,298.0,4380.0,-196.0,383.0,655.0,1972.0,3441.0,1627.0,3665.0,1858.0,73.0,419.0,298.0,4380.0,196.0,383.0,655.0,3888784.0,11840481,2647129.0,13432225,3452164.0,5329.0,175561.0,88804.0,19184400,38416.0,146689.0,429025.0,1,1,1,1,1,1,1972.0,3441.0,1627.0,3665.0,1858.0,73.0,419.0,298.0,4380.0,196.0,383.0,655.0,1972.0,3441.0,1627.0,3665.0,1858.0,73.0,419.0,298.0,4380.0,196.0,383.0,655.0,0.0406363336630399,0.06570806599450046,0.036194162662395446,0.07210025180988354,0.041610678133118334,0.0014902825412379552,0.008634190570392351,0.005690498014054384,0.09743726641751202,0.0038558388416745355,0.008577443339604049,0.013371713212477543,-0.0406363336630399,-0.06570806599450046,0.036194162662395446,-0.07210025180988354,0.041610678133118334,0.0014902825412379552,0.008634190570392351,0.005690498014054384,0.09743726641751202,-0.0038558388416745355,0.008577443339604049,0.013371713212477543,ML,ML,SCP,ML,ML,SCP,AutoARIMA,AutoARIMA,x11 lineal,AutoARIMA,AutoARIMA,x11 lineal,SCP,SCP,ML,SCP,SCP,ML,x11 lineal,x11 lineal,AutoARIMA,x11 lineal,x11 lineal,AutoARIMA,78.75253549695739,91.33972682359779,62.853881278538815,94.65211459754434,79.3864370290635,88.85496183206108,144468.0,142734.0,145310.0,-1734.0,842.0,5596.0,1234.0,16889718,614130.0,3,1865.3333333333333,411.3333333333333,2372.742295319911,452.4488921414219,0.03873522164077858,0.00854168397153695,-0.012002658028075422,0.005828280311210787,ML,AutoARIMA,SCP,x11 lineal,77.94853466761973,145848.0,142062.0,150945.0,-3786.0,5097.0,7040.0,5097.0,18376394,19448765,3,2346.6666666666665,1699.0,2474.9676092156574,2546.1582171315804,0.04826943118863474,0.03494734243870331,-0.025958532170478856,0.03494734243870331,ML,AutoARIMA,SCP,x11 lineal,27.599431818181813,290316.0,284796.0,296255.0,-5520.0,5939.0,12636.0,6331.0,35266112,20062895,6,2106.0,1055.1666666666667,2424.39380739461,1828.61035579845,0.043524986566362174,0.021807272075944833,-0.01901376431199107,0.020457019247991842,ML,AutoARIMA,SCP,x11 lineal,49.89711934156379,2026-07-11 12:55:22.869,0,,"
"10432,63,62,10467,1,227,""MERCADONA, 0955 GRANADILL"",""1129"",,,,,,,,average,average,success,,NOT_COMPARABLE_MISSING_SCP_AND_ML,1,0,0,2268.0,3688.0,319.0,0.0,0.0,0.0,,,,,,,,,,,,,,,,,,,,,,,,,,,,,,,,,,,,,,,,,,,,,,,,,,,,,,,,,,,,,,,,,,,,,,,,,,,,,,,,,,,,,,,,,,,,,,,,,,,,,,,,,,,,,,,,,,,,,,,,,,,,,,,,,,,,,,,,,,,,,,,,,,,,,,,,,,,,,,,,,,,,,,,,,,,,,,,,,,,,,,,,,,,,,,,,,,,,,,,,,,2026-07-11 12:55:22.869,0,,NoForecastRowsMaterialized"
"10433,63,62,10467,1,228,""MERCADONA, 1105 PARC SAGU"",""322"",,,,AutoARIMA,smooth_acceptable,smooth_acceptable_acceptable,acceptable,x11 lineal,x11 lineal,success,smooth_acceptable,NOT_COMPARABLE_NO_HISTORY,1,1,1,0.0,0.0,0.0,0.0,0.0,0.0,3.0,9.0,16.0,146.0,143.0,148.0,0.0,0.0,0.0,127.0,127.0,127.0,,,,,,,,,,,,,,,,,,,,,,,,,,,,,,,,,,,,,,,,,,,,,,,,,,,,,,,,,,,,,,,,,,,,,,,,,,,,,,,,,,,,,,,,,,,,,,,,,,,,,,,,,,,,,,,,,,,,,,,,,,,,,,,,,,,,,,,,,,,,,,,,,,,,,,,,,,,,,,,,,,,,,,,,,,,,,,,,,,,,,,,,,,,,,,2026-07-11 12:55:22.869,0,,"
"10434,63,62,10467,1,229,""MERCADONA, 1158 CIEMPOZUE"",""327"",,,,MovingAverage3M,smooth_recentRelease,smooth_recentRelease_recentRelease,recentRelease,average,average,success,smooth_recentRelease,COMPARABLE,1,1,1,3270.0,3170.0,2760.0,2880.0,2150.0,2290.0,2490.0,2491.0,2490.0,2490.0,2491.0,2491.0,2440.0,2440.0,2440.0,2553.0,2554.0,2553.0,-780.0,-679.0,-270.0,-390.0,341.0,201.0,-830.0,-730.0,-320.0,-327.0,404.0,263.0,780.0,679.0,270.0,390.0,341.0,201.0,830.0,730.0,320.0,327.0,404.0,263.0,608400.0,461041.0,72900.0,152100.0,116281.0,40401.0,688900.0,532900.0,102400.0,106929.0,163216.0,69169.0,1,1,1,1,1,1,780.0,679.0,270.0,390.0,341.0,201.0,830.0,730.0,320.0,327.0,404.0,263.0,780.0,679.0,270.0,390.0,341.0,201.0,830.0,730.0,320.0,327.0,404.0,263.0,0.23853211009174313,0.21419558359621452,0.09782608695652174,0.13541666666666666,0.1586046511627907,0.08777292576419214,0.25382262996941896,0.2302839116719243,0.11594202898550725,0.11354166666666667,0.18790697674418605,0.11484716157205241,-0.23853211009174313,-0.21419558359621452,-0.09782608695652174,-0.13541666666666666,0.1586046511627907,0.08777292576419214,-0.25382262996941896,-0.2302839116719243,-0.11594202898550725,-0.11354166666666667,0.18790697674418605,0.11484716157205241,SCP,SCP,SCP,ML,SCP,SCP,average,average,average,MovingAverage3M,average,average,ML,ML,ML,SCP,ML,ML,MovingAverage3M,MovingAverage3M,MovingAverage3M,average,MovingAverage3M,MovingAverage3M,6.024096385542162,6.986301369863016,15.624999999999996,16.15384615384615,15.59405940594059,23.574144486692017,7320.0,7472.0,7660.0,152.0,340.0,932.0,994.0,308782.0,339314.0,3,310.6666666666667,331.3333333333333,320.8229002632657,336.31037252316,0.1273224043715847,0.13579234972677595,0.020765027322404372,0.04644808743169399,SCP,average,ML,MovingAverage3M,6.237424547283693,9200.0,7471.0,7320.0,-1729.0,-1880.0,1729.0,1880.0,1142341.0,1324200.0,3,576.3333333333334,626.6666666666666,617.0740096077077,664.3794096749236,0.18793478260869564,0.20434782608695654,-0.18793478260869564,-0.20434782608695654,SCP,average,ML,MovingAverage3M,8.031914893617031,16520.0,14943.0,14980.0,-1577.0,-1540.0,2661.0,2874.0,1451123.0,1663514.0,6,443.5,479.0,491.7863696091356,526.547560371647,0.16107748184019371,0.17397094430992735,-0.09546004842615012,-0.09322033898305085,SCP,average,ML,MovingAverage3M,7.4112734864300505,2026-07-11 12:55:22.869,0,,"
"10435,63,62,10467,1,230,""MERCADONA, 1131 ANTEQUERA"",""332"",,,,AutoARIMA,smooth_acceptable,smooth_acceptable_acceptable,acceptable,x11 seasonal,x11 seasonal,success,smooth_acceptable,COMPARABLE,1,1,1,39876.0,41484.0,36576.0,43728.0,35088.0,38580.0,39844.0,41190.0,37300.0,40333.0,35062.0,39374.0,42374.0,42170.0,37899.0,41406.0,35099.0,39952.0,-32.0,-294.0,724.0,-3395.0,-26.0,794.0,2498.0,686.0,1323.0,-2322.0,11.0,1372.0,32.0,294.0,724.0,3395.0,26.0,794.0,2498.0,686.0,1323.0,2322.0,11.0,1372.0,1024.0,86436.0,524176.0,11526025,676.0,630436.0,6240004.0,470596.0,1750329.0,5391684.0,121.0,1882384.0,1,1,1,1,1,1,32.0,294.0,724.0,3395.0,26.0,794.0,2498.0,686.0,1323.0,2322.0,11.0,1372.0,32.0,294.0,724.0,3395.0,26.0,794.0,2498.0,686.0,1323.0,2322.0,11.0,1372.0,0.0008024877119069,0.00708706971362453,0.01979440069991251,0.07763904134650568,0.0007409940720474,0.020580611715914982,0.06264419701073327,0.016536495998457235,0.03617125984251968,0.05310098792535675,0.0003134974920201,0.03556246759979264,-0.0008024877119069,-0.00708706971362453,0.01979440069991251,-0.07763904134650568,-0.0007409940720474,0.020580611715914982,0.06264419701073327,0.016536495998457235,0.03617125984251968,-0.05310098792535675,0.0003134974920201,0.03556246759979264,SCP,SCP,SCP,ML,ML,SCP,x11 seasonal,x11 seasonal,x11 seasonal,AutoARIMA,AutoARIMA,x11 seasonal,ML,ML,ML,SCP,SCP,ML,AutoARIMA,AutoARIMA,AutoARIMA,x11 seasonal,x11 seasonal,AutoARIMA,98.71897518014411,57.14285714285715,45.27588813303099,31.60530191458027,57.692307692307686,42.12827988338192,117396.0,114769.0,116457.0,-2627.0,-939.0,4215.0,3705.0,12157137,7274189.0,3,1405.0,1235.0,2013.0521602780193,1557.1543490183196,0.03590411939077993,0.03155984871716242,-0.022377253058025827,-0.007998568946131044,ML,AutoARIMA,SCP,x11 seasonal,12.099644128113896,117936.0,118334.0,122443.0,398.0,4507.0,1050.0,4507.0,611636.0,8460929.0,3,350.0,1502.3333333333333,451.5292533897075,1679.377761751854,0.008903133903133903,0.03821564238230905,0.0033747117080450413,0.03821564238230905,SCP,x11 seasonal,ML,AutoARIMA,76.70290658974929,235332.0,233103.0,238900.0,-2229.0,3568.0,5265.0,8212.0,12768773,15735118,6,877.5,1368.6666666666667,1458.8107599456941,1619.4195462160715,0.02237264800367141,0.03489538184352319,-0.009471725052266585,0.01516155898900277,SCP,x11 seasonal,ML,AutoARIMA,35.88650754992693,2026-07-11 12:55:22.869,0,,"
"10436,63,62,10467,1,231,""MERCADONA, 939 S.SADURNI"",""458"",,,,,,,,preserve current forecast,preserve current forecast,success,,NOT_COMPARABLE_MISSING_SCP_AND_ML,1,0,0,0.0,0.0,0.0,0.0,0.0,0.0,,,,,,,,,,,,,,,,,,,,,,,,,,,,,,,,,,,,,,,,,,,,,,,,,,,,,,,,,,,,,,,,,,,,,,,,,,,,,,,,,,,,,,,,,,,,,,,,,,,,,,,,,,,,,,,,,,,,,,,,,,,,,,,,,,,,,,,,,,,,,,,,,,,,,,,,,,,,,,,,,,,,,,,,,,,,,,,,,,,,,,,,,,,,,,,,,,,,,,,,,,2026-07-11 12:55:22.869,1,MissingHistory,NoForecastRowsMaterialized"
"10437,63,62,10467,1,232,""MERCADONA, 1131 ANTEQUERA"",""455"",,,,,,,,preserve current forecast,preserve current forecast,success,,NOT_COMPARABLE_MISSING_SCP_AND_ML,1,0,0,0.0,0.0,0.0,0.0,0.0,0.0,,,,,,,,,,,,,,,,,,,,,,,,,,,,,,,,,,,,,,,,,,,,,,,,,,,,,,,,,,,,,,,,,,,,,,,,,,,,,,,,,,,,,,,,,,,,,,,,,,,,,,,,,,,,,,,,,,,,,,,,,,,,,,,,,,,,,,,,,,,,,,,,,,,,,,,,,,,,,,,,,,,,,,,,,,,,,,,,,,,,,,,,,,,,,,,,,,,,,,,,,,2026-07-11 12:55:22.869,1,MissingHistory,NoForecastRowsMaterialized"
"10438,63,62,10467,1,233,""MERCADONA, 1156 VILLADANG"",""458"",,,,,,,,preserve current forecast,preserve current forecast,success,,NOT_COMPARABLE_MISSING_SCP_AND_ML,1,0,0,0.0,0.0,0.0,0.0,0.0,0.0,,,,,,,,,,,,,,,,,,,,,,,,,,,,,,,,,,,,,,,,,,,,,,,,,,,,,,,,,,,,,,,,,,,,,,,,,,,,,,,,,,,,,,,,,,,,,,,,,,,,,,,,,,,,,,,,,,,,,,,,,,,,,,,,,,,,,,,,,,,,,,,,,,,,,,,,,,,,,,,,,,,,,,,,,,,,,,,,,,,,,,,,,,,,,,,,,,,,,,,,,,2026-07-11 12:55:22.869,1,MissingHistory,NoForecastRowsMaterialized"
"10439,63,62,10467,1,234,""MERCADONA, 1156 VILLADANG"",""352"",,,,AutoETS,smooth_acceptable,smooth_acceptable_acceptable,acceptable,x11 lineal,x11 lineal,success,smooth_acceptable,COMPARABLE,1,1,1,76788.0,90324.0,79764.0,88704.0,76968.0,86436.0,80223.0,85707.0,82009.0,82373.0,78114.0,84084.0,80026.0,87940.0,83254.0,90708.0,78280.0,88695.0,3435.0,-4617.0,2245.0,-6331.0,1146.0,-2352.0,3238.0,-2384.0,3490.0,2004.0,1312.0,2259.0,3435.0,4617.0,2245.0,6331.0,1146.0,2352.0,3238.0,2384.0,3490.0,2004.0,1312.0,2259.0,11799225,21316689,5040025.0,40081561,1313316.0,5531904.0,10484644,5683456.0,12180100,4016016.0,1721344.0,5103081.0,1,1,1,1,1,1,3435.0,4617.0,2245.0,6331.0,1146.0,2352.0,3238.0,2384.0,3490.0,2004.0,1312.0,2259.0,3435.0,4617.0,2245.0,6331.0,1146.0,2352.0,3238.0,2384.0,3490.0,2004.0,1312.0,2259.0,0.04473355211751836,0.051115982463132724,0.028145529311468832,0.07137220418470419,0.014889304646086685,0.027210884353741496,0.04216804709069125,0.026393870953456446,0.04375407451983351,0.02259199134199134,0.01704604510965596,0.02613494377342774,0.04473355211751836,-0.051115982463132724,0.028145529311468832,-0.07137220418470419,0.014889304646086685,-0.027210884353741496,0.04216804709069125,-0.026393870953456446,0.04375407451983351,0.02259199134199134,0.01704604510965596,0.02613494377342774,ML,ML,SCP,ML,SCP,ML,AutoETS,AutoETS,x11 lineal,AutoETS,x11 lineal,AutoETS,SCP,SCP,ML,SCP,ML,SCP,x11 lineal,x11 lineal,AutoETS,x11 lineal,AutoETS,x11 lineal,5.735080058224158,48.36473900801386,35.673352435530084,68.34623282261886,12.652439024390244,3.9540816326530543,252108.0,244571.0,257683.0,-7537.0,5575.0,9829.0,5575.0,46926781,10840441,3,3276.3333333333335,1858.3333333333333,3955.0297512576735,1900.9156565543178,0.0389872594284989,0.02211353864216923,-0.029895917622606186,0.02211353864216923,ML,AutoETS,SCP,x11 lineal,43.28008953097975,246876.0,247939.0,251220.0,1063.0,4344.0,10297.0,9112.0,38155939,28348200,3,3432.3333333333335,3037.3333333333335,3566.321120333015,3073.987638231488,0.0417091981399569,0.03690921758291612,0.004305805343573292,0.0175958780926457,ML,AutoETS,SCP,x11 lineal,11.508206273671947,498984.0,492510.0,508903.0,-6474.0,9919.0,20126.0,14687.0,85082720,39188641,6,3354.3333333333335,2447.8333333333335,3765.694269763988,2555.6682426846146,0.04033395860388309,0.02943380950090584,-0.012974363907459959,0.019878392894361344,ML,AutoETS,SCP,x11 lineal,27.024744112093817,2026-07-11 12:55:22.869,0,,"
"10440,63,62,10467,1,235,SAN ISIDRO,""418"",,,,AutoETS,smooth_acceptable,smooth_acceptable_acceptable,acceptable,x11 seasonal,x11 seasonal,success,smooth_acceptable,COMPARABLE,1,1,1,26256.0,24264.0,23520.0,23568.0,19416.0,21840.0,22828.0,23670.0,22428.0,24096.0,21440.0,23080.0,24407.0,24187.0,22768.0,24321.0,21367.0,22758.0,-3428.0,-594.0,-1092.0,528.0,2024.0,1240.0,-1849.0,-77.0,-752.0,753.0,1951.0,918.0,3428.0,594.0,1092.0,528.0,2024.0,1240.0,1849.0,77.0,752.0,753.0,1951.0,918.0,11751184,352836.0,1192464.0,278784.0,4096576.0,1537600.0,3418801.0,5929.0,565504.0,567009.0,3806401.0,842724.0,1,1,1,1,1,1,3428.0,594.0,1092.0,528.0,2024.0,1240.0,1849.0,77.0,752.0,753.0,1951.0,918.0,3428.0,594.0,1092.0,528.0,2024.0,1240.0,1849.0,77.0,752.0,753.0,1951.0,918.0,0.1305606337599025,0.024480712166172106,0.04642857142857143,0.02240325865580448,0.10424392253811289,0.056776556776556776,0.07042199878123095,0.0031734256511704584,0.03197278911564626,0.03195010183299389,0.10048413679439637,0.042032967032967036,-0.1305606337599025,-0.024480712166172106,-0.04642857142857143,0.02240325865580448,0.10424392253811289,0.056776556776556776,-0.07042199878123095,-0.0031734256511704584,-0.03197278911564626,0.03195010183299389,0.10048413679439637,0.042032967032967036,ML,ML,ML,SCP,ML,ML,AutoETS,AutoETS,AutoETS,x11 seasonal,AutoETS,AutoETS,SCP,SCP,SCP,ML,SCP,SCP,x11 seasonal,x11 seasonal,x11 seasonal,AutoETS,x11 seasonal,x11 seasonal,46.061843640606774,87.03703703703704,31.135531135531142,29.880478087649408,3.6067193675889313,25.96774193548386,64824.0,68616.0,68446.0,3792.0,3622.0,3792.0,3622.0,5912960.0,5216134.0,3,1264.0,1207.3333333333333,1403.9183262094225,1318.6020375129615,0.058496853017400964,0.055874367518203134,0.058496853017400964,0.055874367518203134,ML,AutoETS,SCP,x11 seasonal,4.483122362869201,74040.0,68926.0,71362.0,-5114.0,-2678.0,5114.0,2678.0,13296484,3990234.0,3,1704.6666666666667,892.6666666666666,2105.269895603253,1153.2900762600882,0.06907077255537547,0.036169638033495405,-0.06907077255537547,-0.036169638033495405,ML,AutoETS,SCP,x11 seasonal,47.6339460305045,138864.0,137542.0,139808.0,-1322.0,944.0,8906.0,6300.0,19209444,9206368.0,6,1484.3333333333333,1050.0,1789.2942742880502,1238.7068525953455,0.06413469293697431,0.045368129968890426,-0.009520106002995736,0.006798018204862311,ML,AutoETS,SCP,x11 seasonal,29.2611722434314,2026-07-11 12:55:22.869,0,,"
"10441,63,62,10467,1,236,""MERCADONA, 1151 GETAFE PE"",""320"",,,,AutoETS,smooth_acceptable,smooth_acceptable_acceptable,acceptable,x11 lineal,x11 lineal,success,smooth_acceptable,COMPARABLE,1,1,1,22344.0,24288.0,22896.0,24648.0,19992.0,22536.0,22312.0,22590.0,21513.0,21987.0,21010.0,22049.0,23617.0,24067.0,22647.0,23072.0,20927.0,22450.0,-32.0,-1698.0,-1383.0,-2661.0,1018.0,-487.0,1273.0,-221.0,-249.0,-1576.0,935.0,-86.0,32.0,1698.0,1383.0,2661.0,1018.0,487.0,1273.0,221.0,249.0,1576.0,935.0,86.0,1024.0,2883204.0,1912689.0,7080921.0,1036324.0,237169.0,1620529.0,48841.0,62001.0,2483776.0,874225.0,7396.0,1,1,1,1,1,1,32.0,1698.0,1383.0,2661.0,1018.0,487.0,1273.0,221.0,249.0,1576.0,935.0,86.0,32.0,1698.0,1383.0,2661.0,1018.0,487.0,1273.0,221.0,249.0,1576.0,935.0,86.0,0.0014321518080916578,0.06991106719367589,0.06040356394129979,0.10796007789678676,0.0509203681472589,0.02160986865459709,0.05697278911564626,0.009099143610013176,0.010875262054507338,0.06394027913015254,0.0467687074829932,0.0038161164359247425,-0.0014321518080916578,-0.06991106719367589,-0.06040356394129979,-0.10796007789678676,0.0509203681472589,-0.02160986865459709,0.05697278911564626,-0.009099143610013176,-0.010875262054507338,-0.06394027913015254,0.0467687074829932,-0.0038161164359247425,SCP,ML,ML,ML,ML,ML,x11 lineal,AutoETS,AutoETS,AutoETS,AutoETS,AutoETS,ML,SCP,SCP,SCP,SCP,SCP,AutoETS,x11 lineal,x11 lineal,x11 lineal,x11 lineal,x11 lineal,97.48625294579733,86.98468786808009,81.99566160520607,40.774145058248784,8.153241650294682,82.34086242299796,67176.0,65046.0,66449.0,-2130.0,-727.0,4166.0,2597.0,8354414.0,3365397.0,3,1388.6666666666667,865.6666666666666,1668.7734018334145,1059.1501310012666,0.06201619626056925,0.03865964034774324,-0.03170775276884601,-0.010822317494343217,ML,AutoETS,SCP,x11 lineal,37.66202592414787,69528.0,66415.0,70331.0,-3113.0,803.0,3113.0,1743.0,4796917.0,1731371.0,3,1037.6666666666667,581.0,1264.5047779005556,759.6865581716361,0.04477332873087102,0.025069036934760095,-0.04477332873087102,0.011549303877574503,ML,AutoETS,SCP,x11 lineal,44.00899453902988,136704.0,131461.0,136780.0,-5243.0,76.0,7279.0,4340.0,13151331,5096768.0,6,1213.1666666666667,723.3333333333334,1480.5027862182496,921.6622664150536,0.05324643024344569,0.03174742509363296,-0.038352937734082396,0.0005559456928839,ML,AutoETS,SCP,x11 lineal,40.37642533315016,2026-07-11 12:55:22.869,0,,"
"10442,63,62,10467,1,237,""MERCADONA, 1151 GETAFE PE"",""326"",,,,AutoETS,smooth_acceptable,smooth_acceptable_acceptable,acceptable,x11 seasonal,x11 seasonal,success,smooth_acceptable,COMPARABLE,1,1,1,10548.0,10710.0,9558.0,10878.0,9612.0,10944.0,10667.0,10846.0,9923.0,10266.0,9494.0,10660.0,10486.0,10744.0,9896.0,10517.0,9440.0,11102.0,119.0,136.0,365.0,-612.0,-118.0,-284.0,-62.0,34.0,338.0,-361.0,-172.0,158.0,119.0,136.0,365.0,612.0,118.0,284.0,62.0,34.0,338.0,361.0,172.0,158.0,14161.0,18496.0,133225.0,374544.0,13924.0,80656.0,3844.0,1156.0,114244.0,130321.0,29584.0,24964.0,1,1,1,1,1,1,119.0,136.0,365.0,612.0,118.0,284.0,62.0,34.0,338.0,361.0,172.0,158.0,119.0,136.0,365.0,612.0,118.0,284.0,62.0,34.0,338.0,361.0,172.0,158.0,0.011281759575274934,0.012698412698412698,0.03818790541954384,0.05626034197462769,0.01227632126508531,0.025950292397660817,0.005877891543420554,0.0031746031746031746,0.03536304666248169,0.033186247471961756,0.0178942987931752,0.014437134502923976,0.011281759575274934,0.012698412698412698,0.03818790541954384,-0.05626034197462769,-0.01227632126508531,-0.025950292397660817,-0.005877891543420554,0.0031746031746031746,0.03536304666248169,-0.033186247471961756,-0.0178942987931752,0.014437134502923976,ML,ML,ML,ML,SCP,ML,AutoETS,AutoETS,AutoETS,AutoETS,x11 seasonal,AutoETS,SCP,SCP,SCP,SCP,ML,SCP,x11 seasonal,x11 seasonal,x11 seasonal,x11 seasonal,AutoETS,x11 seasonal,47.89915966386555,75.00000000000001,7.397260273972607,41.013071895424844,31.39534883720931,44.36619718309859,31434.0,30420.0,31059.0,-1014.0,-375.0,1014.0,691.0,469124.0,184869.0,3,338.0,230.33333333333334,395.4423683252297,248.23980341597115,0.03225806451612903,0.021982566647579055,-0.03225806451612903,-0.011929757587325826,ML,AutoETS,SCP,x11 seasonal,31.854043392504927,30816.0,31436.0,31126.0,620.0,310.0,620.0,434.0,165882.0,119244.0,3,206.66666666666666,144.66666666666666,235.14676268237247,199.36900461205096,0.020119418483904465,0.014083592938733125,0.020119418483904465,0.010059709241952233,ML,AutoETS,SCP,x11 seasonal,30.000000000000004,62250.0,61856.0,62185.0,-394.0,-65.0,1634.0,1125.0,635006.0,304113.0,6,272.3333333333333,187.5,325.3218918753137,225.13440430107522,0.026248995983935743,0.018072289156626505,-0.006329317269076306,-0.0010441767068273093,ML,AutoETS,SCP,x11 seasonal,31.150550795593634,2026-07-11 12:55:22.869,0,,"
"10443,63,62,10467,1,238,""MERCADONA, 939 S.SADURNI"",""418"",,,,AutoETS,smooth_acceptable,smooth_acceptable_acceptable,acceptable,x11 lineal,x11 lineal,success,smooth_acceptable,COMPARABLE,1,1,1,28612.0,25580.0,22800.0,23328.0,18720.0,21096.0,22796.0,22022.0,22146.0,22912.0,21853.0,22034.0,24040.0,23017.0,23062.0,22966.0,20886.0,21239.0,-5816.0,-3558.0,-654.0,-416.0,3133.0,938.0,-4572.0,-2563.0,262.0,-362.0,2166.0,143.0,5816.0,3558.0,654.0,416.0,3133.0,938.0,4572.0,2563.0,262.0,362.0,2166.0,143.0,33825856,12659364,427716.0,173056.0,9815689.0,879844.0,20903184,6568969.0,68644.0,131044.0,4691556.0,20449.0,1,1,1,1,1,1,5816.0,3558.0,654.0,416.0,3133.0,938.0,4572.0,2563.0,262.0,362.0,2166.0,143.0,5816.0,3558.0,654.0,416.0,3133.0,938.0,4572.0,2563.0,262.0,362.0,2166.0,143.0,0.20327135467635957,0.13909304143862392,0.028684210526315788,0.01783264746227709,0.1673611111111111,0.04446340538490709,0.15979309380679435,0.10019546520719312,0.01149122807017544,0.015517832647462277,0.11570512820512821,0.006778536215396284,-0.20327135467635957,-0.13909304143862392,-0.028684210526315788,-0.01783264746227709,0.1673611111111111,0.04446340538490709,-0.15979309380679435,-0.10019546520719312,0.01149122807017544,-0.015517832647462277,0.11570512820512821,0.006778536215396284,ML,ML,ML,ML,ML,ML,AutoETS,AutoETS,AutoETS,AutoETS,AutoETS,AutoETS,SCP,SCP,SCP,SCP,SCP,SCP,x11 lineal,x11 lineal,x11 lineal,x11 lineal,x11 lineal,x11 lineal,21.38927097661623,27.96514896008993,59.9388379204893,12.98076923076923,30.86498563676986,84.7547974413646,63144.0,66799.0,65091.0,3655.0,1947.0,4487.0,2671.0,10868589,4843049.0,3,1495.6666666666667,890.3333333333334,1903.3819900377327,1270.5706067222973,0.07105979982262764,0.04230013936399341,0.057883567718231346,0.030834283542379323,ML,AutoETS,SCP,x11 lineal,40.472476041898815,76992.0,66964.0,70119.0,-10028.0,-6873.0,10028.0,7397.0,46912936,27540797,3,3342.6666666666665,2465.6666666666665,3954.4462739217147,3029.8953227243123,0.13024729842061514,0.09607491687448047,-0.13024729842061514,-0.08926901496259351,ML,AutoETS,SCP,x11 lineal,26.236537694455524,140136.0,133763.0,135210.0,-6373.0,-4926.0,14515.0,10068.0,57781525,32383846,6,2419.1666666666665,1678.0,3103.2650815981974,2323.2106376019087,0.10357795284580693,0.07184449392019181,-0.04547725067077696,-0.03515156704915225,ML,AutoETS,SCP,x11 lineal,30.63727178780572,2026-07-11 12:55:22.869,0,,"
"10444,63,62,10467,1,239,""MERCADONA, 1073 VITORIA FRIO"",""353"",,,,AutoARIMA,smooth_acceptable,smooth_acceptable_acceptable,acceptable,x11 lineal,x11 lineal,success,smooth_acceptable,COMPARABLE,1,1,1,36608.0,40768.0,37568.0,42712.0,37160.0,41328.0,38384.0,40317.0,39172.0,38478.0,37607.0,39747.0,37809.0,41032.0,39432.0,37739.0,38508.0,39652.0,1776.0,-451.0,1604.0,-4234.0,447.0,-1581.0,1201.0,264.0,1864.0,-4973.0,1348.0,-1676.0,1776.0,451.0,1604.0,4234.0,447.0,1581.0,1201.0,264.0,1864.0,4973.0,1348.0,1676.0,3154176.0,203401.0,2572816.0,17926756,199809.0,2499561.0,1442401.0,69696.0,3474496.0,24730729,1817104.0,2808976.0,1,1,1,1,1,1,1776.0,451.0,1604.0,4234.0,447.0,1581.0,1201.0,264.0,1864.0,4973.0,1348.0,1676.0,1776.0,451.0,1604.0,4234.0,447.0,1581.0,1201.0,264.0,1864.0,4973.0,1348.0,1676.0,0.048513986013986016,0.011062598116169544,0.042695911413969334,0.09912905038396704,0.012029063509149623,0.03825493612078978,0.03280703671328671,0.006475667189952904,0.04961669505962521,0.1164309795841918,0.03627556512378902,0.0405536198219125,0.048513986013986016,-0.011062598116169544,0.042695911413969334,-0.09912905038396704,0.012029063509149623,-0.03825493612078978,0.03280703671328671,0.006475667189952904,0.04961669505962521,-0.1164309795841918,0.03627556512378902,-0.0405536198219125,ML,ML,SCP,SCP,SCP,SCP,AutoARIMA,AutoARIMA,x11 lineal,x11 lineal,x11 lineal,x11 lineal,SCP,SCP,ML,ML,ML,ML,x11 lineal,x11 lineal,AutoARIMA,AutoARIMA,AutoARIMA,AutoARIMA,32.37612612612613,41.46341463414634,13.948497854077251,14.86024532475367,66.83976261127597,5.6682577565632455,121200.0,115832.0,115899.0,-5368.0,-5301.0,6262.0,7997.0,20626126,29356809,3,2087.3333333333335,2665.6666666666665,2622.093692706905,3128.1948468725536,0.051666666666666666,0.06598184818481848,-0.04429042904290429,-0.043737623762376235,SCP,x11 lineal,ML,AutoARIMA,21.695635863448786,114944.0,117873.0,118273.0,2929.0,3329.0,3831.0,3329.0,5930393.0,4986593.0,3,1277.0,1109.6666666666667,1405.986367880808,1289.26245065412,0.033329273385300666,0.02896192928730512,0.025481973830734965,0.02896192928730512,ML,AutoARIMA,SCP,x11 lineal,13.103628295484205,236144.0,233705.0,234172.0,-2439.0,-1972.0,10093.0,11326.0,26556519,34343402,6,1682.1666666666667,1887.6666666666667,2103.826632591193,2392.467415312763,0.04274086997764076,0.04796226031573955,-0.010328443661494682,-0.008350836777559455,SCP,x11 lineal,ML,AutoARIMA,10.886455942080179,2026-07-11 12:55:22.869,0,,"
"10445,63,62,10467,1,240,""MERCADONA, 910 HUEVAR"",""356"",,,,AutoETS,smooth_acceptable,smooth_acceptable_acceptable,acceptable,x11 lineal,x11 lineal,success,smooth_acceptable,COMPARABLE,1,1,1,0.0,113304.0,106620.0,117120.0,95184.0,104256.0,110422.0,112870.0,105523.0,111862.0,107459.0,110968.0,103797.0,109868.0,99203.0,110439.0,102743.0,111726.0,110422.0,-434.0,-1097.0,-5258.0,12275.0,6712.0,103797.0,-3436.0,-7417.0,-6681.0,7559.0,7470.0,110422.0,434.0,1097.0,5258.0,12275.0,6712.0,103797.0,3436.0,7417.0,6681.0,7559.0,7470.0,12193018084,188356.0,1203409.0,27646564,150675625,45050944,10773817209,11806096,55011889,44635761,57138481,55800900,0,1,1,1,1,1,,434.0,1097.0,5258.0,12275.0,6712.0,,3436.0,7417.0,6681.0,7559.0,7470.0,,434.0,1097.0,5258.0,12275.0,6712.0,,3436.0,7417.0,6681.0,7559.0,7470.0,,0.0038304031631716446,0.010288876383417746,0.04489412568306011,0.1289607497058329,0.06437998772252916,,0.03032549601073219,0.06956480960420183,0.05704405737704918,0.07941460749705832,0.07165055248618785,,-0.0038304031631716446,-0.010288876383417746,-0.04489412568306011,0.1289607497058329,0.06437998772252916,,-0.03032549601073219,-0.06956480960420183,-0.05704405737704918,0.07941460749705832,0.07165055248618785,,SCP,SCP,SCP,ML,SCP,,x11 lineal,x11 lineal,x11 lineal,AutoETS,x11 lineal,,ML,ML,ML,SCP,ML,,AutoETS,AutoETS,AutoETS,x11 lineal,AutoETS,,87.36903376018626,85.20965349871916,21.299206705582996,38.419551934826885,10.147255689424362,316560.0,330289.0,324908.0,13729.0,8348.0,24245.0,21710.0,223373133,157575142,3,8081.666666666667,7236.666666666667,8628.88816708155,7247.416597197469,0.07658895628001011,0.06858099570381603,0.04336934546373515,0.026370988122314885,ML,AutoETS,SCP,x11 lineal,10.455764075067025,219924.0,328815.0,312868.0,108891.0,92944.0,111953.0,114650.0,12194409849,10840635194,2,55976.5,57325.0,78084.60107153011,73622.8062287767,0.5090531274440261,0.521316454775286,0.49513013586511706,0.42261872283152363,SCP,x11 lineal,ML,AutoETS,2.352376798953338,536484.0,659104.0,637776.0,122620.0,101292.0,136198.0,136360.0,12417782982,10998210336,5,27239.6,27272.0,49835.29468559407,46900.34186655786,0.25387150408959075,0.25417347022464787,0.22856226839943036,0.18880712192721497,SCP,x11 lineal,ML,AutoETS,0.11880316808447011,2026-07-11 12:55:22.869,0,,"
"10446,63,62,10467,1,241,""MERCADONA, 939 S.SADURNI"",""332"",,,,AutoETS,smooth_acceptable,smooth_acceptable_acceptable,acceptable,x11 lineal,x11 lineal,success,smooth_acceptable,COMPARABLE,1,1,1,79932.0,82560.0,73872.0,82128.0,71904.0,79524.0,78550.0,81174.0,76544.0,76091.0,73144.0,76931.0,83290.0,85113.0,78690.0,76512.0,68559.0,75398.0,-1382.0,-1386.0,2672.0,-6037.0,1240.0,-2593.0,3358.0,2553.0,4818.0,-5616.0,-3345.0,-4126.0,1382.0,1386.0,2672.0,6037.0,1240.0,2593.0,3358.0,2553.0,4818.0,5616.0,3345.0,4126.0,1909924.0,1920996.0,7139584.0,36445369,1537600.0,6723649.0,11276164,6517809.0,23213124,31539456,11189025,17023876,1,1,1,1,1,1,1382.0,1386.0,2672.0,6037.0,1240.0,2593.0,3358.0,2553.0,4818.0,5616.0,3345.0,4126.0,1382.0,1386.0,2672.0,6037.0,1240.0,2593.0,3358.0,2553.0,4818.0,5616.0,3345.0,4126.0,0.017289696241805534,0.01678779069767442,0.036170673597574185,0.07350720826027664,0.017245215843346685,0.03260650872692521,0.042010709102737326,0.03092296511627907,0.06522092267706303,0.06838106370543542,0.04652036048064086,0.0518837080629747,-0.017289696241805534,-0.01678779069767442,0.036170673597574185,-0.07350720826027664,0.017245215843346685,-0.03260650872692521,0.042010709102737326,0.03092296511627907,0.06522092267706303,-0.06838106370543542,-0.04652036048064086,-0.0518837080629747,SCP,SCP,SCP,ML,SCP,SCP,x11 lineal,x11 lineal,x11 lineal,AutoETS,x11 lineal,x11 lineal,ML,ML,ML,SCP,ML,ML,AutoETS,AutoETS,AutoETS,x11 lineal,AutoETS,AutoETS,58.84455032757594,45.710928319623974,44.541303445413035,6.973662415106828,62.92974588938714,37.154629180804655,233556.0,226166.0,220469.0,-7390.0,-13087.0,9870.0,13087.0,44706618,59752357,3,3290.0,4362.333333333333,3860.337550007771,4462.8973025752375,0.042259672198530544,0.05603367072565038,-0.03164123379403655,-0.05603367072565038,SCP,x11 lineal,ML,AutoETS,24.58164590815313,236364.0,236268.0,247093.0,-96.0,10729.0,5440.0,10729.0,10970504,41007097,3,1813.3333333333333,3576.3333333333335,1912.2851949086116,3697.165445761568,0.023015349207155065,0.0453918532433027,-0.0004061532213027,0.0453918532433027,SCP,x11 lineal,ML,AutoETS,49.296299748345604,469920.0,462434.0,467562.0,-7486.0,-2358.0,15310.0,23816.0,55677122,100759454,6,2551.6666666666665,3969.3333333333335,3046.2305121794925,4097.955872545888,0.03258001361933946,0.0506809669731018,-0.01593037112700034,-0.005017875383043923,SCP,x11 lineal,ML,AutoETS,35.715485387974475,2026-07-11 12:55:22.869,0,,"
"10447,63,62,10467,1,242,""MERCADONA, 0963 INGENIO"",""320"",,,,AutoTheta,smooth_insuficient,smooth_insuficient_insuficient,insuficient,x11 lineal,x11 lineal,success,smooth_insuficient,COMPARABLE,1,1,1,0.0,0.0,10368.0,17544.0,12528.0,12888.0,13252.0,13754.0,13406.0,15887.0,15888.0,15887.0,14394.0,14393.0,14394.0,14320.0,14320.0,14320.0,13252.0,13754.0,3038.0,-1657.0,3360.0,2999.0,14394.0,14393.0,4026.0,-3224.0,1792.0,1432.0,13252.0,13754.0,3038.0,1657.0,3360.0,2999.0,14394.0,14393.0,4026.0,3224.0,1792.0,1432.0,175615504,189172516,9229444.0,2745649.0,11289600,8994001.0,207187236,207158449,16208676,10394176,3211264.0,2050624.0,0,0,1,1,1,1,,,3038.0,1657.0,3360.0,2999.0,,,4026.0,3224.0,1792.0,1432.0,,,3038.0,1657.0,3360.0,2999.0,,,4026.0,3224.0,1792.0,1432.0,,,0.29301697530864196,0.09444824441404469,0.2681992337164751,0.23269708255741775,,,0.3883101851851852,0.18376652986776107,0.14303959131545338,0.1111111111111111,,,0.29301697530864196,-0.09444824441404469,0.2681992337164751,0.23269708255741775,,,0.3883101851851852,-0.18376652986776107,0.14303959131545338,0.1111111111111111,,,SCP,SCP,ML,ML,,,x11 lineal,x11 lineal,AutoTheta,AutoTheta,,,ML,ML,SCP,SCP,,,AutoTheta,AutoTheta,x11 lineal,x11 lineal,,,24.540486835568807,48.60421836228288,46.666666666666664,52.250750250083364,42960.0,47662.0,42960.0,4702.0,0.0,8016.0,6448.0,23029250,15656064,3,2672.0,2149.3333333333335,2770.634704660047,2284.444790315581,0.18659217877094972,0.1500931098696462,0.10945065176908753,0.0,ML,AutoTheta,SCP,x11 lineal,19.56087824351297,10368.0,40412.0,43181.0,30044.0,32813.0,30044.0,32813.0,374017464,430554361,1,30044.0,32813.0,19339.531121513777,20749.80387859124,2.8977623456790123,3.1648341049382718,2.8977623456790123,3.1648341049382718,SCP,x11 lineal,ML,AutoTheta,8.438728552707776,53328.0,88074.0,86141.0,34746.0,32813.0,38060.0,39261.0,397046714,446210425,4,9515.0,9815.25,9963.015532458032,10561.846725360107,0.7136963696369637,0.7362173717371737,0.6515526552655265,0.6153052805280528,SCP,x11 lineal,ML,AutoTheta,3.059015307811823,2026-07-11 12:55:22.869,0,,"
"10448,63,62,10467,1,243,""MERCADONA, 1246 RIBARROJA"",""327"",,,,HistoricAverage,smooth_recentRelease,smooth_recentRelease_recentRelease,recentRelease,average,average,success,smooth_recentRelease,COMPARABLE,1,1,1,9910.0,10110.0,10210.0,10410.0,7430.0,8030.0,8795.0,8796.0,8795.0,8434.0,8434.0,8434.0,8179.0,8178.0,8179.0,7845.0,7845.0,7845.0,-1115.0,-1314.0,-1415.0,-1976.0,1004.0,404.0,-1731.0,-1932.0,-2031.0,-2565.0,415.0,-185.0,1115.0,1314.0,1415.0,1976.0,1004.0,404.0,1731.0,1932.0,2031.0,2565.0,415.0,185.0,1243225.0,1726596.0,2002225.0,3904576.0,1008016.0,163216.0,2996361.0,3732624.0,4124961.0,6579225.0,172225.0,34225.0,1,1,1,1,1,1,1115.0,1314.0,1415.0,1976.0,1004.0,404.0,1731.0,1932.0,2031.0,2565.0,415.0,185.0,1115.0,1314.0,1415.0,1976.0,1004.0,404.0,1731.0,1932.0,2031.0,2565.0,415.0,185.0,0.11251261352169525,0.12997032640949555,0.1385896180215475,0.1898174831892411,0.1351278600269179,0.05031133250311332,0.17467204843592332,0.1910979228486647,0.198922624877571,0.24639769452449567,0.05585464333781965,0.02303860523038605,-0.11251261352169525,-0.12997032640949555,-0.1385896180215475,-0.1898174831892411,0.1351278600269179,0.05031133250311332,-0.17467204843592332,-0.1910979228486647,-0.198922624877571,-0.24639769452449567,0.05585464333781965,-0.02303860523038605,SCP,SCP,SCP,SCP,ML,ML,average,average,average,average,HistoricAverage,HistoricAverage,ML,ML,ML,ML,SCP,SCP,HistoricAverage,HistoricAverage,HistoricAverage,HistoricAverage,average,average,35.58636626227615,31.987577639751557,30.329886755292957,22.962962962962965,58.66533864541833,54.207920792079214,25870.0,25302.0,23535.0,-568.0,-2335.0,3384.0,3165.0,5075808.0,6785675.0,3,1128.0,1055.0,1300.7444022558775,1503.958665212135,0.13080788558175493,0.12234248163896405,-0.021955933513722457,-0.09025898724391186,ML,HistoricAverage,SCP,average,6.471631205673763,30230.0,26386.0,24536.0,-3844.0,-5694.0,3844.0,5694.0,4972046.0,10853946,3,1281.3333333333333,1898.0,1287.3805446202248,1902.0993664895639,0.1271584518690043,0.1883559378101224,-0.1271584518690043,-0.1883559378101224,SCP,average,ML,HistoricAverage,32.4903407095188,56100.0,51688.0,48071.0,-4412.0,-8029.0,7228.0,8859.0,10047854,17639621,6,1204.6666666666667,1476.5,1294.0797244889254,1714.6244000752274,0.12884135472370767,0.1579144385026738,-0.07864527629233511,-0.14311942959001783,SCP,average,ML,HistoricAverage,18.41065583022915,2026-07-11 12:55:22.869,0,,"
"10449,63,62,10467,1,244,""MERCADONA, 1018 INGENIO"",""320"",,,,,,,,average,average,success,,NOT_COMPARABLE_MISSING_SCP_AND_ML,1,0,0,17640.0,15216.0,6024.0,0.0,0.0,0.0,,,,,,,,,,,,,,,,,,,,,,,,,,,,,,,,,,,,,,,,,,,,,,,,,,,,,,,,,,,,,,,,,,,,,,,,,,,,,,,,,,,,,,,,,,,,,,,,,,,,,,,,,,,,,,,,,,,,,,,,,,,,,,,,,,,,,,,,,,,,,,,,,,,,,,,,,,,,,,,,,,,,,,,,,,,,,,,,,,,,,,,,,,,,,,,,,,,,,,,,,,2026-07-11 12:55:22.869,0,,NoForecastRowsMaterialized"
"10450,63,62,10467,1,245,""MERCADONA, 1041 ABRERA FR"",""418"",,,,AutoARIMA,smooth_acceptable,smooth_acceptable_acceptable,acceptable,x11 lineal,x11 lineal,success,smooth_acceptable,COMPARABLE,1,1,1,33504.0,31056.0,28680.0,28344.0,23304.0,25128.0,26916.0,27356.0,26689.0,27357.0,26323.0,27016.0,29715.0,31581.0,27889.0,26064.0,24264.0,27672.0,-6588.0,-3700.0,-1991.0,-987.0,3019.0,1888.0,-3789.0,525.0,-791.0,-2280.0,960.0,2544.0,6588.0,3700.0,1991.0,987.0,3019.0,1888.0,3789.0,525.0,791.0,2280.0,960.0,2544.0,43401744,13690000,3964081.0,974169.0,9114361.0,3564544.0,14356521,275625.0,625681.0,5198400.0,921600.0,6471936.0,1,1,1,1,1,1,6588.0,3700.0,1991.0,987.0,3019.0,1888.0,3789.0,525.0,791.0,2280.0,960.0,2544.0,6588.0,3700.0,1991.0,987.0,3019.0,1888.0,3789.0,525.0,791.0,2280.0,960.0,2544.0,0.19663323782234957,0.11913961875321999,0.06942119944211994,0.034822184589331076,0.12954857535187092,0.07513530722699777,0.11309097421203439,0.016904945904173106,0.027580195258019524,0.08044030482641829,0.0411946446961895,0.10124164278892073,-0.19663323782234957,-0.11913961875321999,-0.06942119944211994,-0.034822184589331076,0.12954857535187092,0.07513530722699777,-0.11309097421203439,0.016904945904173106,-0.027580195258019524,-0.08044030482641829,0.0411946446961895,0.10124164278892073,ML,ML,ML,SCP,ML,SCP,AutoARIMA,AutoARIMA,AutoARIMA,x11 lineal,AutoARIMA,x11 lineal,SCP,SCP,SCP,ML,SCP,ML,x11 lineal,x11 lineal,x11 lineal,AutoARIMA,x11 lineal,AutoARIMA,42.486338797814206,85.8108108108108,60.27122049221497,56.710526315789465,68.20139118913548,25.786163522012583,76776.0,80696.0,78000.0,3920.0,1224.0,5894.0,5784.0,13653074,12591936,3,1964.6666666666667,1928.0,2133.3130728204587,2048.7342433805316,0.07676878191101386,0.0753360425132854,0.05105762217359591,0.01594248202563301,ML,AutoARIMA,SCP,x11 lineal,1.866304716661002,93240.0,80961.0,89185.0,-12279.0,-4055.0,12279.0,5105.0,61055825,15257827,3,4093.0,1701.6666666666667,4511.312632335146,2255.203390679726,0.1316924066924067,0.054751179751179754,-0.1316924066924067,-0.04348991848991849,ML,AutoARIMA,SCP,x11 lineal,58.42495317208242,170016.0,161657.0,167185.0,-8359.0,-2831.0,18173.0,10889.0,74708899,27849763,6,3028.8333333333335,1814.8333333333333,3528.665918823524,2154.44358632726,0.10688993977037456,0.06404691323169584,-0.049165960850743456,-0.016651373988330512,ML,AutoARIMA,SCP,x11 lineal,40.08143949815661,2026-07-11 12:55:22.869,0,,"
"10451,63,62,10467,1,246,"""",""454"",,,,,lumpy_obsolete,lumpy_obsolete_obsolete,obsolete,seasonal discrete,seasonal discrete,success,lumpy_obsolete,NOT_COMPARABLE_NO_HISTORY,1,1,1,0.0,0.0,0.0,0.0,0.0,0.0,0.0,0.0,0.0,0.0,3250.0000000000005,9400.0,0.0,0.0,0.0,0.0,0.0,0.0,,,,,,,,,,,,,,,,,,,,,,,,,,,,,,,,,,,,,,,,,,,,,,,,,,,,,,,,,,,,,,,,,,,,,,,,,,,,,,,,,,,,,,,,,,,,,,,,,,,,,,,,,,,,,,,,,,,,,,,,,,,,,,,,,,,,,,,,,,,,,,,,,,,,,,,,,,,,,,,,,,,,,,,,,,,,,,,,,,,,,,,,,,,,,,2026-07-11 12:55:22.869,0,,NoForecastRowsMaterialized"
"10452,63,62,10467,1,247,""MERCADONA, 1131 ANTEQUERA"",""326"",,,,AutoETS,smooth_acceptable,smooth_acceptable_acceptable,acceptable,x11 seasonal,x11 seasonal,success,smooth_acceptable,COMPARABLE,1,1,1,22356.0,21324.0,17976.0,22014.0,16854.0,19500.0,20771.0,20871.0,18582.0,19414.0,17157.0,19794.0,20004.0,20208.0,18254.0,18540.0,16713.0,19796.0,-1585.0,-453.0,606.0,-2600.0,303.0,294.0,-2352.0,-1116.0,278.0,-3474.0,-141.0,296.0,1585.0,453.0,606.0,2600.0,303.0,294.0,2352.0,1116.0,278.0,3474.0,141.0,296.0,2512225.0,205209.0,367236.0,6760000.0,91809.0,86436.0,5531904.0,1245456.0,77284.0,12068676,19881.0,87616.0,1,1,1,1,1,1,1585.0,453.0,606.0,2600.0,303.0,294.0,2352.0,1116.0,278.0,3474.0,141.0,296.0,1585.0,453.0,606.0,2600.0,303.0,294.0,2352.0,1116.0,278.0,3474.0,141.0,296.0,0.07089819287886921,0.02124366910523354,0.033711615487316424,0.11810665939856455,0.017977928088287645,0.015076923076923076,0.10520665593129361,0.05233539673607203,0.01546506453048509,0.15780866721177433,0.008365966536133855,0.015179487179487179,-0.07089819287886921,-0.02124366910523354,0.033711615487316424,-0.11810665939856455,0.017977928088287645,0.015076923076923076,-0.10520665593129361,-0.05233539673607203,0.01546506453048509,-0.15780866721177433,-0.008365966536133855,0.015179487179487179,SCP,SCP,ML,SCP,ML,SCP,x11 seasonal,x11 seasonal,AutoETS,x11 seasonal,AutoETS,x11 seasonal,ML,ML,SCP,ML,SCP,ML,AutoETS,AutoETS,x11 seasonal,AutoETS,x11 seasonal,AutoETS,32.610544217687064,59.408602150537625,54.12541254125413,25.15831894070237,53.46534653465347,0.6756756756756751,58368.0,56365.0,55049.0,-2003.0,-3319.0,3197.0,3911.0,6938245.0,12176173,3,1065.6666666666667,1303.6666666666667,1520.7722818796158,2014.6275917234266,0.054773163377192985,0.06700589364035088,-0.03431674890350877,-0.056863349780701754,SCP,x11 seasonal,ML,AutoETS,18.25620046024035,61656.0,60224.0,58466.0,-1432.0,-3190.0,2644.0,3746.0,3084670.0,6854644.0,3,881.3333333333334,1248.6666666666667,1014.0134778854438,1511.5823938288424,0.04288309329181264,0.060756455170624106,-0.023225639029453744,-0.05173867912287531,SCP,x11 seasonal,ML,AutoETS,29.418045915643347,120024.0,116589.0,113515.0,-3435.0,-6509.0,5841.0,7657.0,10022915,19030817,6,973.5,1276.1666666666667,1292.4727592229297,1780.9555955535034,0.04866526694661068,0.06379557421848964,-0.028619276144771045,-0.054230820502566154,SCP,x11 seasonal,ML,AutoETS,23.716860389186365,2026-07-11 12:55:22.869,0,,"
"10453,63,62,10467,1,248,""MERCADONA, 1156 VILLADANG"",""329"",,,,AutoTheta,smooth_acceptable,smooth_acceptable_acceptable,acceptable,x11 seasonal,x11 seasonal,success,smooth_acceptable,COMPARABLE,1,1,1,18144.0,16320.0,14064.0,14976.0,11880.0,13752.0,15059.0,15006.0,13623.0,14238.0,12787.0,14119.0,17190.0,16612.0,14844.0,12791.0,12238.0,14044.0,-3085.0,-1314.0,-441.0,-738.0,907.0,367.0,-954.0,292.0,780.0,-2185.0,358.0,292.0,3085.0,1314.0,441.0,738.0,907.0,367.0,954.0,292.0,780.0,2185.0,358.0,292.0,9517225.0,1726596.0,194481.0,544644.0,822649.0,134689.0,910116.0,85264.0,608400.0,4774225.0,128164.0,85264.0,1,1,1,1,1,1,3085.0,1314.0,441.0,738.0,907.0,367.0,954.0,292.0,780.0,2185.0,358.0,292.0,3085.0,1314.0,441.0,738.0,907.0,367.0,954.0,292.0,780.0,2185.0,358.0,292.0,0.17002865961199295,0.08051470588235295,0.03135665529010239,0.04927884615384615,0.07634680134680134,0.0266870273414776,0.05257936507936508,0.017892156862745097,0.05546075085324232,0.14590010683760685,0.030134680134680136,0.02123327515997673,-0.17002865961199295,-0.08051470588235295,-0.03135665529010239,-0.04927884615384615,0.07634680134680134,0.0266870273414776,-0.05257936507936508,0.017892156862745097,0.05546075085324232,-0.14590010683760685,0.030134680134680136,0.02123327515997673,ML,ML,SCP,SCP,ML,ML,AutoTheta,AutoTheta,x11 seasonal,x11 seasonal,AutoTheta,AutoTheta,SCP,SCP,ML,ML,SCP,SCP,x11 seasonal,x11 seasonal,AutoTheta,AutoTheta,x11 seasonal,x11 seasonal,69.07617504051863,77.77777777777777,43.46153846153846,66.22425629290619,60.529217199558985,20.43596730245232,40608.0,41144.0,39073.0,536.0,-1535.0,2012.0,2835.0,1501982.0,4987653.0,3,670.6666666666666,945.0,707.5737888493798,1289.3994726228175,0.04954688731284476,0.06981382978723404,0.013199369582348306,-0.03780043341213554,SCP,x11 seasonal,ML,AutoTheta,29.02998236331569,48528.0,43688.0,48646.0,-4840.0,118.0,4840.0,2026.0,11438302,1603780.0,3,1613.3333333333333,675.3333333333334,1952.630874828454,731.1588974589131,0.09973623475107155,0.04174909330695681,-0.09973623475107155,0.0024315858885591824,ML,AutoTheta,SCP,x11 seasonal,58.14049586776859,89136.0,84832.0,87719.0,-4304.0,-1417.0,6852.0,4861.0,12940284,6591433.0,6,1142.0,810.1666666666666,1468.5755002722876,1048.1279343031874,0.07687129779213786,0.0545346436905403,-0.048285765571710645,-0.01589705618380901,ML,AutoTheta,SCP,x11 seasonal,29.057209573847054,2026-07-11 12:55:22.869,0,,"
"10454,63,62,10467,1,249,""MERCADONA, 939 S.SADURNI"",""352"",,,,AutoARIMA,smooth_acceptable,smooth_acceptable_acceptable,acceptable,x11 lineal,x11 lineal,success,smooth_acceptable,COMPARABLE,1,1,1,82008.0,92304.0,80592.0,86832.0,76944.0,87132.0,83505.0,85230.0,81424.0,82764.0,79837.0,83055.0,81239.0,88946.0,81066.0,81445.0,81514.0,80679.0,1497.0,-7074.0,832.0,-4068.0,2893.0,-4077.0,-769.0,-3358.0,474.0,-5387.0,4570.0,-6453.0,1497.0,7074.0,832.0,4068.0,2893.0,4077.0,769.0,3358.0,474.0,5387.0,4570.0,6453.0,2241009.0,50041476,692224.0,16548624,8369449.0,16621929,591361.0,11276164,224676.0,29019769,20884900,41641209,1,1,1,1,1,1,1497.0,7074.0,832.0,4068.0,2893.0,4077.0,769.0,3358.0,474.0,5387.0,4570.0,6453.0,1497.0,7074.0,832.0,4068.0,2893.0,4077.0,769.0,3358.0,474.0,5387.0,4570.0,6453.0,0.018254316652033947,0.07663806552262091,0.010323605320627358,0.046849087893864015,0.03759877313370763,0.04679107560942019,0.009377133938152375,0.03637978852487433,0.005881477069684336,0.06203934033536024,0.05939384487419422,0.07406004682550613,0.018254316652033947,-0.07663806552262091,0.010323605320627358,-0.046849087893864015,0.03759877313370763,-0.04679107560942019,-0.009377133938152375,-0.03637978852487433,0.005881477069684336,-0.06203934033536024,0.05939384487419422,-0.07406004682550613,ML,ML,ML,SCP,SCP,SCP,AutoARIMA,AutoARIMA,AutoARIMA,x11 lineal,x11 lineal,x11 lineal,SCP,SCP,SCP,ML,ML,ML,x11 lineal,x11 lineal,x11 lineal,AutoARIMA,AutoARIMA,AutoARIMA,48.63059452237809,52.53039298840826,43.02884615384615,24.48487098570633,36.695842450765866,36.82008368200837,250908.0,245656.0,243638.0,-5252.0,-7270.0,11038.0,16410.0,41540002,91545878,3,3679.3333333333335,5470.0,3721.1110348030916,5524.0648680719405,0.0439922202560301,0.0654024582715577,-0.02093197506655826,-0.028974763658392716,SCP,x11 lineal,ML,AutoARIMA,32.736136502132844,254904.0,250159.0,251251.0,-4745.0,-3653.0,9403.0,4601.0,52974709,12092201,3,3134.3333333333335,1533.6666666666667,4202.17043125732,2007.668714371638,0.036888397200514705,0.018049932523616734,-0.01861485108119135,-0.014330885352917176,ML,AutoARIMA,SCP,x11 lineal,51.06880782728916,505812.0,495815.0,494889.0,-9997.0,-10923.0,20441.0,21011.0,94514711,103638079,6,3406.8333333333335,3501.8333333333335,3968.9358565405582,4156.081467761029,0.040412248028911926,0.041539148932805074,-0.019764260238982072,-0.021594979953026026,SCP,x11 lineal,ML,AutoARIMA,2.71286468992433,2026-07-11 12:55:22.869,0,,"
"10455,63,62,10467,1,250,""MERCADONA, 1131 ANTEQUERA"",""329"",,,,AutoTheta,smooth_acceptable,smooth_acceptable_acceptable,acceptable,x11 seasonal,x11 seasonal,success,smooth_acceptable,COMPARABLE,1,1,1,26271.0,25216.0,21712.0,26184.0,20942.0,24867.0,24250.0,24911.0,22621.0,25038.0,22681.0,25518.0,24502.0,24963.0,22597.0,27446.0,23763.0,26153.0,-2021.0,-305.0,909.0,-1146.0,1739.0,651.0,-1769.0,-253.0,885.0,1262.0,2821.0,1286.0,2021.0,305.0,909.0,1146.0,1739.0,651.0,1769.0,253.0,885.0,1262.0,2821.0,1286.0,4084441.0,93025.0,826281.0,1313316.0,3024121.0,423801.0,3129361.0,64009.0,783225.0,1592644.0,7958041.0,1653796.0,1,1,1,1,1,1,2021.0,305.0,909.0,1146.0,1739.0,651.0,1769.0,253.0,885.0,1262.0,2821.0,1286.0,2021.0,305.0,909.0,1146.0,1739.0,651.0,1769.0,253.0,885.0,1262.0,2821.0,1286.0,0.07692893304404096,0.012095494923857869,0.04186624907885041,0.04376718606782768,0.08303886925795052,0.026179273736276994,0.06733660690495223,0.010033312182741116,0.04076086956521739,0.04819737244118546,0.13470537675484673,0.05171512446213858,-0.07692893304404096,-0.012095494923857869,0.04186624907885041,-0.04376718606782768,0.08303886925795052,0.026179273736276994,-0.06733660690495223,-0.010033312182741116,0.04076086956521739,0.04819737244118546,0.13470537675484673,0.05171512446213858,ML,ML,ML,SCP,SCP,SCP,AutoTheta,AutoTheta,AutoTheta,x11 seasonal,x11 seasonal,x11 seasonal,SCP,SCP,SCP,ML,ML,ML,x11 seasonal,x11 seasonal,x11 seasonal,AutoTheta,AutoTheta,AutoTheta,12.469074715487377,17.04918032786886,2.6402640264026416,9.191759112519813,38.35519319390288,49.37791601866252,71993.0,73237.0,77362.0,1244.0,5369.0,3536.0,5369.0,4761238.0,11204481,3,1178.6666666666667,1789.6666666666667,1259.7933693004316,1932.5700504768256,0.04911588626672037,0.0745766949564541,0.017279457725056603,0.0745766949564541,SCP,x11 seasonal,ML,AutoTheta,34.14043583535109,73199.0,71782.0,72062.0,-1417.0,-1137.0,3235.0,2907.0,5003747.0,3976595.0,3,1078.3333333333333,969.0,1291.478093761821,1151.3173614024356,0.04419459282230632,0.03971365729040014,-0.01935818795338734,-0.015532999084686949,ML,AutoTheta,SCP,x11 seasonal,10.139103554868631,145192.0,145019.0,149424.0,-173.0,4232.0,6771.0,8276.0,9764985.0,15181076,6,1128.5,1379.3333333333333,1275.734102389679,1590.6537440100951,0.04663480081547193,0.057000385696181606,-0.0011915257038955314,0.029147611438646758,SCP,x11 seasonal,ML,AutoTheta,18.1851135814403,2026-07-11 12:55:22.869,0,,"
"10456,63,62,10467,1,251,""MERCADONA, 1156 VILLADANG"",""332"",,,,AutoETS,smooth_acceptable,smooth_acceptable_acceptable,acceptable,x11 seasonal,x11 seasonal,success,smooth_acceptable,COMPARABLE,1,1,1,45360.0,44748.0,40704.0,46080.0,37440.0,43524.0,44512.0,46607.0,42530.0,41495.0,37281.0,41914.0,46561.0,47830.0,43749.0,38484.0,36096.0,42660.0,-848.0,1859.0,1826.0,-4585.0,-159.0,-1610.0,1201.0,3082.0,3045.0,-7596.0,-1344.0,-864.0,848.0,1859.0,1826.0,4585.0,159.0,1610.0,1201.0,3082.0,3045.0,7596.0,1344.0,864.0,719104.0,3455881.0,3334276.0,21022225,25281.0,2592100.0,1442401.0,9498724.0,9272025.0,57699216,1806336.0,746496.0,1,1,1,1,1,1,848.0,1859.0,1826.0,4585.0,159.0,1610.0,1201.0,3082.0,3045.0,7596.0,1344.0,864.0,848.0,1859.0,1826.0,4585.0,159.0,1610.0,1201.0,3082.0,3045.0,7596.0,1344.0,864.0,0.01869488536155203,0.04154375614552606,0.04486045597484277,0.09950086805555555,0.0042467948717948715,0.03699108537818215,0.026477072310405643,0.06887458657370162,0.07480837264150944,0.16484375,0.035897435897435895,0.019851116625310174,-0.01869488536155203,0.04154375614552606,0.04486045597484277,-0.09950086805555555,-0.0042467948717948715,-0.03699108537818215,0.026477072310405643,0.06887458657370162,0.07480837264150944,-0.16484375,-0.035897435897435895,-0.019851116625310174,SCP,SCP,SCP,SCP,SCP,ML,x11 seasonal,x11 seasonal,x11 seasonal,x11 seasonal,x11 seasonal,AutoETS,ML,ML,ML,ML,ML,SCP,AutoETS,AutoETS,AutoETS,AutoETS,AutoETS,x11 seasonal,29.392173189009153,39.682024659312134,40.0328407224959,39.639283833596636,88.16964285714286,46.33540372670807,127044.0,120690.0,117240.0,-6354.0,-9804.0,6354.0,9804.0,23639606,60252048,3,2118.0,3268.0,2807.1103766447563,4481.519385208548,0.050014168319637294,0.07717011429111174,-0.050014168319637294,-0.07717011429111174,SCP,x11 seasonal,ML,AutoETS,35.18971848225214,130812.0,133649.0,138140.0,2837.0,7328.0,4533.0,7328.0,7509261.0,20213150,3,1511.0,2442.6666666666665,1582.114724032363,2595.7112063299082,0.03465278414824328,0.05601932544414885,0.021687612757239398,0.05601932544414885,SCP,x11 seasonal,ML,AutoETS,38.14137554585153,257856.0,254339.0,255380.0,-3517.0,-2476.0,10887.0,17132.0,31148867,80465198,6,1814.5,2855.3333333333335,2278.4814753105484,3662.0849707964635,0.04222123976172747,0.06644018366840407,-0.01363939563167039,-0.009602258624968975,SCP,x11 seasonal,ML,AutoETS,36.45225309362596,2026-07-11 12:55:22.869,0,,"
"10457,63,62,10467,1,252,""MERCADONA, 1158 CIEMPOZUE"",""324"",,,,HistoricAverage,smooth_insuficient,smooth_insuficient_insuficient,insuficient,x11 lineal,x11 lineal,success,smooth_insuficient,COMPARABLE,1,1,1,14688.0,14964.0,12708.0,14136.0,11952.0,14028.0,13769.0,14299.0,13214.0,13790.0,13258.0,14559.0,14227.0,14226.0,14227.0,14424.0,14424.0,14424.0,-919.0,-665.0,506.0,-346.0,1306.0,531.0,-461.0,-738.0,1519.0,288.0,2472.0,396.0,919.0,665.0,506.0,346.0,1306.0,531.0,461.0,738.0,1519.0,288.0,2472.0,396.0,844561.0,442225.0,256036.0,119716.0,1705636.0,281961.0,212521.0,544644.0,2307361.0,82944.0,6110784.0,156816.0,1,1,1,1,1,1,919.0,665.0,506.0,346.0,1306.0,531.0,461.0,738.0,1519.0,288.0,2472.0,396.0,919.0,665.0,506.0,346.0,1306.0,531.0,461.0,738.0,1519.0,288.0,2472.0,396.0,0.06256808278867103,0.04443998930767175,0.039817437834435004,0.02447651386530843,0.10927041499330656,0.03785286569717707,0.03138616557734205,0.049318364073777064,0.11953100409191061,0.02037351443123939,0.20682730923694778,0.028229255774165955,-0.06256808278867103,-0.04443998930767175,0.039817437834435004,-0.02447651386530843,0.10927041499330656,0.03785286569717707,-0.03138616557734205,-0.049318364073777064,0.11953100409191061,0.02037351443123939,0.20682730923694778,0.028229255774165955,ML,SCP,SCP,ML,SCP,ML,HistoricAverage,x11 lineal,x11 lineal,HistoricAverage,x11 lineal,HistoricAverage,SCP,ML,ML,SCP,ML,SCP,x11 lineal,HistoricAverage,HistoricAverage,x11 lineal,HistoricAverage,x11 lineal,49.83677910772579,9.891598915989153,66.68861092824227,16.76300578034681,47.16828478964401,25.423728813559315,40116.0,41607.0,43272.0,1491.0,3156.0,2183.0,3156.0,2107313.0,6350544.0,3,727.6666666666666,1052.0,838.1155449379678,1454.9391739863217,0.05441719014856915,0.07867185163027221,0.03716721507627879,0.07867185163027221,SCP,x11 lineal,ML,HistoricAverage,30.830164765525986,42360.0,41282.0,42680.0,-1078.0,320.0,2090.0,2718.0,1542822.0,3064526.0,3,696.6666666666666,906.0,717.1289981586298,1010.6971191542334,0.049338999055712936,0.0641643059490085,-0.025448536355051937,0.007554296506137866,SCP,x11 lineal,ML,HistoricAverage,23.10522442972775,82476.0,82889.0,85952.0,413.0,3476.0,4273.0,5874.0,3650135.0,9415070.0,6,712.1666666666666,979.0,779.9716875203442,1252.6684850084373,0.05180901110626122,0.07122071875454677,0.005007517338377225,0.0421455938697318,SCP,x11 lineal,ML,HistoricAverage,27.255703098399724,2026-07-11 12:55:22.869,0,,"
"10458,63,62,10467,1,253,""MERCADONA, 1105 PARC SAGU"",""325"",,,,AutoARIMA,smooth_acceptable,smooth_acceptable_acceptable,acceptable,x11 lineal,x11 lineal,success,smooth_acceptable,COMPARABLE,1,1,1,4704.0,5632.0,5568.0,6176.0,5216.0,5600.0,3773.0,4769.0,5561.0,7723.0,7868.0,9165.0,4137.0,4737.0,5166.0,2859.0,2463.0,5634.0,-931.0,-863.0,-7.0,1547.0,2652.0,3565.0,-567.0,-895.0,-402.0,-3317.0,-2753.0,34.0,931.0,863.0,7.0,1547.0,2652.0,3565.0,567.0,895.0,402.0,3317.0,2753.0,34.0,866761.0,744769.0,49.0,2393209.0,7033104.0,12709225,321489.0,801025.0,161604.0,11002489,7579009.0,1156.0,1,1,1,1,1,1,931.0,863.0,7.0,1547.0,2652.0,3565.0,567.0,895.0,402.0,3317.0,2753.0,34.0,931.0,863.0,7.0,1547.0,2652.0,3565.0,567.0,895.0,402.0,3317.0,2753.0,34.0,0.19791666666666666,0.1532315340909091,0.001257183908045977,0.2504857512953368,0.5084355828220859,0.6366071428571428,0.12053571428571429,0.15891335227272727,0.07219827586206896,0.5370790155440415,0.5277990797546013,0.006071428571428571,-0.19791666666666666,-0.1532315340909091,-0.001257183908045977,0.2504857512953368,0.5084355828220859,0.6366071428571428,-0.12053571428571429,-0.15891335227272727,-0.07219827586206896,-0.5370790155440415,-0.5277990797546013,0.006071428571428571,ML,SCP,SCP,SCP,SCP,ML,AutoARIMA,x11 lineal,x11 lineal,x11 lineal,x11 lineal,AutoARIMA,SCP,ML,ML,ML,ML,SCP,x11 lineal,AutoARIMA,AutoARIMA,AutoARIMA,AutoARIMA,x11 lineal,39.097744360902254,3.575418994413405,98.25870646766168,53.361471208923724,3.668725027243015,99.04628330995791,16992.0,24756.0,10956.0,7764.0,-6036.0,7764.0,6104.0,22135538,18582654,3,2588.0,2034.6666666666667,2716.3417801643936,2488.8185952375075,0.4569209039548023,0.3592278719397363,0.4569209039548023,-0.355225988700565,ML,AutoARIMA,SCP,x11 lineal,21.38073158165895,15904.0,14103.0,14040.0,-1801.0,-1864.0,1801.0,1864.0,1611579.0,1284118.0,3,600.3333333333334,621.3333333333334,732.9345127635893,654.247150038373,0.11324195171026157,0.11720321931589538,-0.11324195171026157,-0.11720321931589538,SCP,x11 lineal,ML,AutoARIMA,3.379828326180265,32896.0,38859.0,24996.0,5963.0,-7900.0,9565.0,7968.0,23747117,19866772,6,1594.1666666666667,1328.0,1989.4353051389567,1819.6506990811909,0.2907648346303502,0.24221789883268482,0.1812682392996109,-0.24015077821011674,ML,AutoARIMA,SCP,x11 lineal,16.696288552012543,2026-07-11 12:55:22.869,0,,"
"10459,63,62,10467,1,254,""MERCADONA, 1131 ANTEQUERA"",""352"",,,,AutoETS,smooth_acceptable,smooth_acceptable_acceptable,acceptable,x11 lineal,x11 lineal,success,smooth_acceptable,COMPARABLE,1,1,1,73812.0,80688.0,72228.0,88860.0,71268.0,80196.0,77671.0,80379.0,77670.0,79637.0,75007.0,80446.0,74187.0,79167.0,75014.0,85704.0,73511.0,84784.0,3859.0,-309.0,5442.0,-9223.0,3739.0,250.0,375.0,-1521.0,2786.0,-3156.0,2243.0,4588.0,3859.0,309.0,5442.0,9223.0,3739.0,250.0,375.0,1521.0,2786.0,3156.0,2243.0,4588.0,14891881,95481.0,29615364,85063729,13980121,62500.0,140625.0,2313441.0,7761796.0,9960336.0,5031049.0,21049744,1,1,1,1,1,1,3859.0,309.0,5442.0,9223.0,3739.0,250.0,375.0,1521.0,2786.0,3156.0,2243.0,4588.0,3859.0,309.0,5442.0,9223.0,3739.0,250.0,375.0,1521.0,2786.0,3156.0,2243.0,4588.0,0.05228147184739609,0.003829565734681737,0.07534474165143712,0.10379248255683098,0.052463938934725264,0.003117362461968178,0.005080474719557796,0.018850386674598454,0.0385722988314781,0.03551654287643484,0.03147275074367177,0.05720983590204,0.05228147184739609,-0.003829565734681737,0.07534474165143712,-0.10379248255683098,0.052463938934725264,0.003117362461968178,0.005080474719557796,-0.018850386674598454,0.0385722988314781,-0.03551654287643484,0.03147275074367177,0.05720983590204,ML,SCP,ML,ML,ML,SCP,AutoETS,x11 lineal,AutoETS,AutoETS,AutoETS,x11 lineal,SCP,ML,SCP,SCP,SCP,ML,x11 lineal,AutoETS,x11 lineal,x11 lineal,x11 lineal,AutoETS,90.2824565949728,79.6844181459566,48.8055861815509,65.78119917597311,40.01069804760632,94.55100261551874,240324.0,235090.0,243999.0,-5234.0,3675.0,13212.0,9987.0,99106350,36041129,3,4404.0,3329.0,5747.647344783777,3466.079870208802,0.05497578269336396,0.041556398861536926,-0.021778931775436494,0.01529185599440755,ML,AutoETS,SCP,x11 lineal,24.409627611262486,226728.0,235720.0,228368.0,8992.0,1640.0,9610.0,4682.0,44602726,10215862,3,3203.3333333333335,1560.6666666666667,3855.8494956796917,1845.3420640448571,0.04238558978158851,0.02065029462615998,0.03965985674464557,0.007233336861790339,ML,AutoETS,SCP,x11 lineal,51.27991675338189,467052.0,470810.0,472367.0,3758.0,5315.0,22822.0,14669.0,143709076,46256991,6,3803.6666666666665,2444.8333333333335,4894.028265822202,2776.598368507768,0.048863938062571194,0.03140763769344741,0.008046213269614518,0.011379889177222236,ML,AutoETS,SCP,x11 lineal,35.72430111296118,2026-07-11 12:55:22.869,0,,"
"10460,63,62,10467,1,255,""MERCADONA, 1156 VILLADANG"",""355"",,,,AutoARIMA,smooth_acceptable,smooth_acceptable_acceptable,acceptable,x11 lineal,x11 lineal,success,smooth_acceptable,COMPARABLE,1,1,1,14000.0,15128.0,14408.0,16592.0,14144.0,16144.0,13605.0,14375.0,14215.0,13571.0,13182.0,14554.0,15344.0,15227.0,15036.0,15345.0,15218.0,15053.0,-395.0,-753.0,-193.0,-3021.0,-962.0,-1590.0,1344.0,99.0,628.0,-1247.0,1074.0,-1091.0,395.0,753.0,193.0,3021.0,962.0,1590.0,1344.0,99.0,628.0,1247.0,1074.0,1091.0,156025.0,567009.0,37249.0,9126441.0,925444.0,2528100.0,1806336.0,9801.0,394384.0,1555009.0,1153476.0,1190281.0,1,1,1,1,1,1,395.0,753.0,193.0,3021.0,962.0,1590.0,1344.0,99.0,628.0,1247.0,1074.0,1091.0,395.0,753.0,193.0,3021.0,962.0,1590.0,1344.0,99.0,628.0,1247.0,1074.0,1091.0,0.028214285714285713,0.049775251189846645,0.013395335924486397,0.18207569913211186,0.06801470588235294,0.09848860257680872,0.096,0.006544156530936013,0.04358689616879512,0.07515670202507233,0.07593325791855203,0.0675792864222002,-0.028214285714285713,-0.049775251189846645,-0.013395335924486397,-0.18207569913211186,-0.06801470588235294,-0.09848860257680872,0.096,0.006544156530936013,0.04358689616879512,-0.07515670202507233,0.07593325791855203,-0.0675792864222002,SCP,ML,SCP,ML,SCP,ML,x11 lineal,AutoARIMA,x11 lineal,AutoARIMA,x11 lineal,AutoARIMA,ML,SCP,ML,SCP,ML,SCP,AutoARIMA,x11 lineal,AutoARIMA,x11 lineal,AutoARIMA,x11 lineal,70.61011904761905,86.85258964143426,69.26751592356688,58.72227739159218,10.42830540037244,31.383647798742142,46880.0,41307.0,45616.0,-5573.0,-1264.0,5573.0,3412.0,12579985,3898766.0,3,1857.6666666666667,1137.3333333333333,2047.7617862762586,1139.995029228929,0.11887798634812287,0.0727815699658703,-0.11887798634812287,-0.02696245733788396,ML,AutoARIMA,SCP,x11 lineal,38.776242598241524,43536.0,42195.0,45607.0,-1341.0,2071.0,1341.0,2071.0,760283.0,2210521.0,3,447.0,690.3333333333334,503.4159976268798,858.3940431604435,0.030802094818081587,0.04756982726938626,-0.030802094818081587,0.04756982726938626,SCP,x11 lineal,ML,AutoARIMA,35.24867213906326,90416.0,83502.0,91223.0,-6914.0,807.0,6914.0,5483.0,13340268,6109287.0,6,1152.3333333333333,913.8333333333334,1491.0995942592165,1009.0661524399676,0.07646876658998407,0.06064192178375509,-0.07646876658998407,0.008925411431605025,ML,AutoARIMA,SCP,x11 lineal,20.697136245299387,2026-07-11 12:55:22.869,0,,"
"10461,63,62,10467,1,256,""MERCADONA, 1156 VILLADANG"",""455"",,,,,,,,preserve current forecast,preserve current forecast,success,,NOT_COMPARABLE_MISSING_SCP_AND_ML,1,0,0,0.0,0.0,0.0,0.0,0.0,0.0,,,,,,,,,,,,,,,,,,,,,,,,,,,,,,,,,,,,,,,,,,,,,,,,,,,,,,,,,,,,,,,,,,,,,,,,,,,,,,,,,,,,,,,,,,,,,,,,,,,,,,,,,,,,,,,,,,,,,,,,,,,,,,,,,,,,,,,,,,,,,,,,,,,,,,,,,,,,,,,,,,,,,,,,,,,,,,,,,,,,,,,,,,,,,,,,,,,,,,,,,,2026-07-11 12:55:22.869,1,MissingHistory,NoForecastRowsMaterialized"
"10462,63,62,10467,1,257,""MERCADONA, 1003 ZGZ PEREC"",""321"",,,,AutoETS,smooth_acceptable,smooth_acceptable_acceptable,acceptable,x11 lineal,x11 lineal,success,smooth_acceptable,COMPARABLE,1,1,1,470.0,682.0,626.0,586.0,496.0,643.0,581.0,592.0,588.0,564.0,531.0,553.0,564.0,589.0,573.0,620.0,532.0,573.0,111.0,-90.0,-38.0,-22.0,35.0,-90.0,94.0,-93.0,-53.0,34.0,36.0,-70.0,111.0,90.0,38.0,22.0,35.0,90.0,94.0,93.0,53.0,34.0,36.0,70.0,12321.0,8100.0,1444.0,484.0,1225.0,8100.0,8836.0,8649.0,2809.0,1156.0,1296.0,4900.0,1,1,1,1,1,1,111.0,90.0,38.0,22.0,35.0,90.0,94.0,93.0,53.0,34.0,36.0,70.0,111.0,90.0,38.0,22.0,35.0,90.0,94.0,93.0,53.0,34.0,36.0,70.0,0.23617021276595745,0.13196480938416422,0.06070287539936102,0.03754266211604096,0.07056451612903226,0.13996889580093314,0.2,0.13636363636363635,0.08466453674121406,0.05802047781569966,0.07258064516129033,0.1088646967340591,0.23617021276595745,-0.13196480938416422,-0.06070287539936102,-0.03754266211604096,0.07056451612903226,-0.13996889580093314,0.2,-0.13636363636363635,-0.08466453674121406,0.05802047781569966,0.07258064516129033,-0.1088646967340591,ML,SCP,SCP,SCP,SCP,ML,AutoETS,x11 lineal,x11 lineal,x11 lineal,x11 lineal,AutoETS,SCP,ML,ML,ML,ML,SCP,x11 lineal,AutoETS,AutoETS,AutoETS,AutoETS,x11 lineal,15.315315315315313,3.2258064516129004,28.301886792452834,35.29411764705882,2.777777777777775,22.222222222222225,1725.0,1648.0,1725.0,-77.0,0.0,147.0,140.0,9809.0,7352.0,3,49.0,46.666666666666664,57.18099917513393,49.50420857529859,0.08521739130434783,0.08115942028985507,-0.04463768115942029,0.0,ML,AutoETS,SCP,x11 lineal,4.761904761904772,1778.0,1761.0,1726.0,-17.0,-52.0,239.0,240.0,21865.0,20294.0,3,79.66666666666667,80.0,85.37173615039895,82.24759368313863,0.1344206974128234,0.13498312710911137,-0.009561304836895388,-0.02924634420697413,SCP,x11 lineal,ML,AutoETS,0.41666666666667473,3503.0,3409.0,3451.0,-94.0,-52.0,386.0,380.0,31674.0,27646.0,6,64.33333333333333,63.333333333333336,72.65672714897086,67.87979571762622,0.11019126463031687,0.10847844704538967,-0.02683414216385955,-0.014844419069369112,ML,AutoETS,SCP,x11 lineal,1.5544041450777113,2026-07-11 12:55:22.869,0,,"
"10463,63,62,10467,1,258,""MERCADONA, 939 S.SADURNI"",""329"",,,,MovingAverage3M,smooth_acceptable,smooth_acceptable_acceptable,acceptable,seasonal discrete,seasonal discrete,success,smooth_acceptable,NOT_COMPARABLE_NO_HISTORY,1,1,1,0.0,0.0,0.0,0.0,0.0,0.0,914.0,2163.0,2468.0,956.0,503.0,434.0,0.0,0.0,0.0,0.0,0.0,0.0,,,,,,,,,,,,,,,,,,,,,,,,,,,,,,,,,,,,,,,,,,,,,,,,,,,,,,,,,,,,,,,,,,,,,,,,,,,,,,,,,,,,,,,,,,,,,,,,,,,,,,,,,,,,,,,,,,,,,,,,,,,,,,,,,,,,,,,,,,,,,,,,,,,,,,,,,,,,,,,,,,,,,,,,,,,,,,,,,,,,,,,,,,,,,,2026-07-11 12:55:22.869,0,,"
"10464,63,62,10467,1,259,""MERCADONA, 1073 VITORIA FRIO"",""356"",,,,AutoARIMA,smooth_acceptable,smooth_acceptable_acceptable,acceptable,x11 lineal,x11 lineal,success,smooth_acceptable,COMPARABLE,1,1,1,13152.0,14712.0,13560.0,15252.0,11280.0,11364.0,12498.0,12958.0,12216.0,12822.0,12323.0,12747.0,15134.0,15760.0,14190.0,12190.0,11461.0,12464.0,-654.0,-1754.0,-1344.0,-2430.0,1043.0,1383.0,1982.0,1048.0,630.0,-3062.0,181.0,1100.0,654.0,1754.0,1344.0,2430.0,1043.0,1383.0,1982.0,1048.0,630.0,3062.0,181.0,1100.0,427716.0,3076516.0,1806336.0,5904900.0,1087849.0,1912689.0,3928324.0,1098304.0,396900.0,9375844.0,32761.0,1210000.0,1,1,1,1,1,1,654.0,1754.0,1344.0,2430.0,1043.0,1383.0,1982.0,1048.0,630.0,3062.0,181.0,1100.0,654.0,1754.0,1344.0,2430.0,1043.0,1383.0,1982.0,1048.0,630.0,3062.0,181.0,1100.0,0.049726277372262775,0.11922240348015226,0.09911504424778761,0.15932336742722267,0.0924645390070922,0.12170010559662091,0.15069951338199514,0.07123436650353453,0.046460176991150445,0.20076055599265671,0.01604609929078014,0.09679690249912003,-0.049726277372262775,-0.11922240348015226,-0.09911504424778761,-0.15932336742722267,0.0924645390070922,0.12170010559662091,0.15069951338199514,0.07123436650353453,0.046460176991150445,-0.20076055599265671,0.01604609929078014,0.09679690249912003,SCP,ML,ML,SCP,ML,ML,x11 lineal,AutoARIMA,AutoARIMA,x11 lineal,AutoARIMA,AutoARIMA,ML,SCP,SCP,ML,SCP,SCP,AutoARIMA,x11 lineal,x11 lineal,AutoARIMA,x11 lineal,x11 lineal,67.00302724520685,40.250855188141394,53.125,20.640104506858265,82.64621284755512,20.462762111352134,37896.0,37892.0,36115.0,-4.0,-1781.0,4856.0,4343.0,8905438.0,10618605,3,1618.6666666666667,1447.6666666666667,1722.9275473255784,1881.3651958086182,0.12814017310534093,0.11460312434029976,-0.0001055520371543,-0.04699704454295968,ML,AutoARIMA,SCP,x11 lineal,10.564250411861616,41424.0,37672.0,45084.0,-3752.0,3660.0,3752.0,3660.0,5310568.0,5423528.0,3,1250.6666666666667,1220.0,1330.4846234862443,1344.5603990400234,0.09057551178061027,0.08835457705677868,-0.09057551178061027,0.08835457705677868,ML,AutoARIMA,SCP,x11 lineal,2.452025586353934,79320.0,75564.0,81199.0,-3756.0,1879.0,8608.0,8003.0,14216006,16042133,6,1434.6666666666667,1333.8333333333333,1539.2642181683213,1635.1418389036878,0.10852244074634393,0.10089510842158346,-0.04735249621785174,0.02368885526979324,ML,AutoARIMA,SCP,x11 lineal,7.0283457249070675,2026-07-11 12:55:22.869,0,,"
"10465,63,62,10467,1,260,SAN ISIDRO,""318"",,,,MovingAverage3M,intermittent_acceptable,intermittent_acceptable_acceptable,acceptable,seasonal discrete,seasonal discrete,success,intermittent_acceptable,NOT_COMPARABLE_NO_HISTORY,1,1,1,0.0,0.0,0.0,0.0,0.0,0.0,5.0,16.0,86.0,303.0,337.0,456.0,0.0,0.0,0.0,0.0,0.0,0.0,,,,,,,,,,,,,,,,,,,,,,,,,,,,,,,,,,,,,,,,,,,,,,,,,,,,,,,,,,,,,,,,,,,,,,,,,,,,,,,,,,,,,,,,,,,,,,,,,,,,,,,,,,,,,,,,,,,,,,,,,,,,,,,,,,,,,,,,,,,,,,,,,,,,,,,,,,,,,,,,,,,,,,,,,,,,,,,,,,,,,,,,,,,,,,2026-07-11 12:55:22.869,0,,"
"10466,63,62,10467,1,261,""LA PILA FOOD, S.A. / P.I.PRADO CONCEJIL ROA, 14 / 28890 LOECHES"",""452"",,,,,,,,preserve current forecast,preserve current forecast,success,,NOT_COMPARABLE_MISSING_SCP_AND_ML,1,0,0,0.0,0.0,0.0,0.0,0.0,0.0,,,,,,,,,,,,,,,,,,,,,,,,,,,,,,,,,,,,,,,,,,,,,,,,,,,,,,,,,,,,,,,,,,,,,,,,,,,,,,,,,,,,,,,,,,,,,,,,,,,,,,,,,,,,,,,,,,,,,,,,,,,,,,,,,,,,,,,,,,,,,,,,,,,,,,,,,,,,,,,,,,,,,,,,,,,,,,,,,,,,,,,,,,,,,,,,,,,,,,,,,,2026-07-11 12:55:22.869,1,MissingHistory,NoForecastRowsMaterialized"
"10467,63,62,10467,1,262,""MERCADONA, 1156 VILLADANG"",""418"",,,,AutoETS,smooth_acceptable,smooth_acceptable_acceptable,acceptable,x11 seasonal,x11 seasonal,success,smooth_acceptable,COMPARABLE,1,1,1,23856.0,18336.0,15864.0,16512.0,11352.0,13128.0,19515.0,16650.0,15601.0,15350.0,13089.0,13975.0,23670.0,19773.0,17452.0,15287.0,11868.0,12503.0,-4341.0,-1686.0,-263.0,-1162.0,1737.0,847.0,-186.0,1437.0,1588.0,-1225.0,516.0,-625.0,4341.0,1686.0,263.0,1162.0,1737.0,847.0,186.0,1437.0,1588.0,1225.0,516.0,625.0,18844281,2842596.0,69169.0,1350244.0,3017169.0,717409.0,34596.0,2064969.0,2521744.0,1500625.0,266256.0,390625.0,1,1,1,1,1,1,4341.0,1686.0,263.0,1162.0,1737.0,847.0,186.0,1437.0,1588.0,1225.0,516.0,625.0,4341.0,1686.0,263.0,1162.0,1737.0,847.0,186.0,1437.0,1588.0,1225.0,516.0,625.0,0.18196680080482897,0.09195026178010471,0.016578416540595057,0.07037306201550388,0.1530126849894292,0.0645185862279098,0.007796780684104628,0.07837041884816753,0.10010085728693899,0.07418846899224807,0.045454545454545456,0.04760816575258989,-0.18196680080482897,-0.09195026178010471,-0.016578416540595057,-0.07037306201550388,0.1530126849894292,0.0645185862279098,-0.007796780684104628,0.07837041884816753,0.10010085728693899,-0.07418846899224807,0.045454545454545456,-0.04760816575258989,ML,ML,SCP,SCP,ML,ML,AutoETS,AutoETS,x11 seasonal,x11 seasonal,AutoETS,AutoETS,SCP,SCP,ML,ML,SCP,SCP,x11 seasonal,x11 seasonal,AutoETS,AutoETS,x11 seasonal,x11 seasonal,95.71527297857637,14.768683274021354,83.4382871536524,5.142857142857152,70.29360967184802,26.210153482880745,40992.0,42414.0,39658.0,1422.0,-1334.0,3746.0,2366.0,5084822.0,2157506.0,3,1248.6666666666667,788.6666666666666,1301.8988696003491,848.0381280736536,0.09138368462138954,0.05771857923497268,0.034689695550351285,-0.032542935206869635,ML,AutoETS,SCP,x11 seasonal,36.83929524826482,58056.0,51766.0,60895.0,-6290.0,2839.0,6290.0,3211.0,21756046,4621309.0,3,2096.6666666666665,1070.3333333333333,2692.9566155683483,1241.1431558580716,0.10834366818244454,0.055308667493454595,-0.10834366818244454,0.04890106104450875,ML,AutoETS,SCP,x11 seasonal,48.950715421303656,99048.0,94180.0,100553.0,-4868.0,1505.0,10036.0,5577.0,26840868,6778815.0,6,1672.6666666666667,929.5,2115.0598100290213,1062.9216810282871,0.10132461028996043,0.05630603343833293,-0.04914788789273888,0.015194653097488086,ML,AutoETS,SCP,x11 seasonal,44.43005181347151,2026-07-11 12:55:22.869,0,,"
"10468,63,62,10467,1,263,""MERCADONA, 939 S.SADURNI"",""355"",,,,AutoARIMA,smooth_acceptable,smooth_acceptable_acceptable,acceptable,x11 lineal,x11 lineal,success,smooth_acceptable,COMPARABLE,1,1,1,21640.0,24000.0,21056.0,22888.0,19872.0,22256.0,19025.0,20029.0,19674.0,20005.0,19674.0,20926.0,14841.0,18096.0,17857.0,21432.0,21432.0,21432.0,-2615.0,-3971.0,-1382.0,-2883.0,-198.0,-1330.0,-6799.0,-5904.0,-3199.0,-1456.0,1560.0,-824.0,2615.0,3971.0,1382.0,2883.0,198.0,1330.0,6799.0,5904.0,3199.0,1456.0,1560.0,824.0,6838225.0,15768841,1909924.0,8311689.0,39204.0,1768900.0,46226401,34857216,10233601,2119936.0,2433600.0,678976.0,1,1,1,1,1,1,2615.0,3971.0,1382.0,2883.0,198.0,1330.0,6799.0,5904.0,3199.0,1456.0,1560.0,824.0,2615.0,3971.0,1382.0,2883.0,198.0,1330.0,6799.0,5904.0,3199.0,1456.0,1560.0,824.0,0.12084103512014788,0.16545833333333335,0.06563449848024316,0.12596120237679134,0.009963768115942028,0.05975916606757728,0.31418669131238447,0.246,0.1519281914893617,0.06361412093673541,0.0785024154589372,0.03702372393961179,-0.12084103512014788,-0.16545833333333335,-0.06563449848024316,-0.12596120237679134,-0.009963768115942028,-0.05975916606757728,-0.31418669131238447,-0.246,-0.1519281914893617,-0.06361412093673541,0.0785024154589372,-0.03702372393961179,SCP,SCP,SCP,ML,SCP,ML,x11 lineal,x11 lineal,x11 lineal,AutoARIMA,x11 lineal,AutoARIMA,ML,ML,ML,SCP,ML,SCP,AutoARIMA,AutoARIMA,AutoARIMA,x11 lineal,AutoARIMA,x11 lineal,61.53846153846154,32.74051490514904,56.798999687402315,49.49705168227541,87.3076923076923,38.045112781954884,65016.0,60605.0,64296.0,-4411.0,-720.0,4411.0,3840.0,10119793,5232512.0,3,1470.3333333333333,1280.0,1836.6448577047588,1320.6705367602726,0.0678448381936754,0.05906238464377999,-0.0678448381936754,-0.01107419712070875,ML,AutoARIMA,SCP,x11 lineal,12.944910451144864,66696.0,58728.0,50794.0,-7968.0,-15902.0,7968.0,15902.0,24516990,91317218,3,2656.0,5300.666666666667,2858.7287384430165,5517.161649495751,0.11946743432889528,0.238425092959098,-0.11946743432889528,-0.238425092959098,SCP,x11 lineal,ML,AutoARIMA,49.893095208149916,131712.0,119333.0,115090.0,-12379.0,-16622.0,12379.0,19742.0,34636783,96549730,6,2063.1666666666665,3290.3333333333335,2402.664597205916,4011.4363595433824,0.09398536200194363,0.14988763362487853,-0.09398536200194363,-0.12619958697764821,SCP,x11 lineal,ML,AutoARIMA,37.29611994732044,2026-07-11 12:55:22.869,0,,"
"10469,63,62,10467,1,264,""MERCADONA, 1041 ABRERA FR"",""321"",,,,AutoTheta,smooth_acceptable,smooth_acceptable_acceptable,acceptable,x11 seasonal,x11 seasonal,success,smooth_acceptable,COMPARABLE,1,1,1,16740.0,17360.0,15340.0,14540.0,11260.0,11780.0,14276.0,14747.0,13549.0,14284.0,12157.0,12771.0,14441.0,14232.0,13871.0,12640.0,11300.0,12860.0,-2464.0,-2613.0,-1791.0,-256.0,897.0,991.0,-2299.0,-3128.0,-1469.0,-1900.0,40.0,1080.0,2464.0,2613.0,1791.0,256.0,897.0,991.0,2299.0,3128.0,1469.0,1900.0,40.0,1080.0,6071296.0,6827769.0,3207681.0,65536.0,804609.0,982081.0,5285401.0,9784384.0,2157961.0,3610000.0,1600.0,1166400.0,1,1,1,1,1,1,2464.0,2613.0,1791.0,256.0,897.0,991.0,2299.0,3128.0,1469.0,1900.0,40.0,1080.0,2464.0,2613.0,1791.0,256.0,897.0,991.0,2299.0,3128.0,1469.0,1900.0,40.0,1080.0,0.14719235364396654,0.1505184331797235,0.1167535853976532,0.017606602475928473,0.07966252220248668,0.08412563667232598,0.13733572281959378,0.18018433179723503,0.09576271186440678,0.13067400275103164,0.003552397868561279,0.09168081494057725,-0.14719235364396654,-0.1505184331797235,-0.1167535853976532,-0.017606602475928473,0.07966252220248668,0.08412563667232598,-0.13733572281959378,-0.18018433179723503,-0.09576271186440678,-0.13067400275103164,0.003552397868561279,0.09168081494057725,ML,SCP,ML,SCP,ML,SCP,AutoTheta,x11 seasonal,AutoTheta,x11 seasonal,AutoTheta,x11 seasonal,SCP,ML,SCP,ML,SCP,ML,x11 seasonal,AutoTheta,x11 seasonal,AutoTheta,x11 seasonal,AutoTheta,6.696428571428578,16.464194373401543,17.978782802903403,86.52631578947368,95.54069119286511,8.240740740740746,37580.0,39212.0,36800.0,1632.0,-780.0,2144.0,3020.0,1852226.0,4778000.0,3,714.6666666666666,1006.6666666666666,785.7535661176897,1262.0089804223528,0.05705162320383182,0.08036189462480042,0.04342735497605109,-0.020755721128259713,SCP,x11 seasonal,ML,AutoTheta,29.00662251655629,49440.0,42572.0,42544.0,-6868.0,-6896.0,6868.0,6896.0,16106746,17227746,3,2289.3333333333335,2298.6666666666665,2317.0919993244406,2396.3685025471354,0.138915857605178,0.1394822006472492,-0.138915857605178,-0.1394822006472492,SCP,x11 seasonal,ML,AutoTheta,0.40603248259861296,87020.0,81784.0,79344.0,-5236.0,-7676.0,9012.0,9916.0,17958972,22005746,6,1502.0,1652.6666666666667,1730.0757208862276,1915.1042617396406,0.10356239944840266,0.1139508159043898,-0.060170075844633415,-0.08820960698689956,SCP,x11 seasonal,ML,AutoTheta,9.116579265833002,2026-07-11 12:55:22.869,0,,"
"10470,63,62,10467,1,265,""MERCADONA, 1246 RIBARROJA"",""330"",,,,HistoricAverage,smooth_recentRelease,smooth_recentRelease_recentRelease,recentRelease,average,average,success,smooth_recentRelease,COMPARABLE,1,1,1,7200.0,7392.0,6888.0,6936.0,5760.0,6600.0,6406.0,6405.0,6406.0,6152.0,6152.0,6152.0,5901.0,5900.0,5901.0,5502.0,5502.0,5502.0,-794.0,-987.0,-482.0,-784.0,392.0,-448.0,-1299.0,-1492.0,-987.0,-1434.0,-258.0,-1098.0,794.0,987.0,482.0,784.0,392.0,448.0,1299.0,1492.0,987.0,1434.0,258.0,1098.0,630436.0,974169.0,232324.0,614656.0,153664.0,200704.0,1687401.0,2226064.0,974169.0,2056356.0,66564.0,1205604.0,1,1,1,1,1,1,794.0,987.0,482.0,784.0,392.0,448.0,1299.0,1492.0,987.0,1434.0,258.0,1098.0,794.0,987.0,482.0,784.0,392.0,448.0,1299.0,1492.0,987.0,1434.0,258.0,1098.0,0.11027777777777778,0.13352272727272727,0.06997677119628339,0.11303344867358708,0.06805555555555555,0.06787878787878789,0.18041666666666667,0.20183982683982685,0.14329268292682926,0.20674740484429066,0.04479166666666667,0.16636363636363635,-0.11027777777777778,-0.13352272727272727,-0.06997677119628339,-0.11303344867358708,0.06805555555555555,-0.06787878787878789,-0.18041666666666667,-0.20183982683982685,-0.14329268292682926,-0.20674740484429066,-0.04479166666666667,-0.16636363636363635,SCP,SCP,SCP,SCP,ML,SCP,average,average,average,average,HistoricAverage,average,ML,ML,ML,ML,SCP,ML,HistoricAverage,HistoricAverage,HistoricAverage,HistoricAverage,average,HistoricAverage,38.876058506543494,33.84718498659518,51.16514690982776,45.32775453277546,34.18367346938775,59.198542805100175,19296.0,18456.0,16506.0,-840.0,-2790.0,1624.0,2790.0,969024.0,3328524.0,3,541.3333333333334,930.0,568.3379276451643,1053.331856539049,0.08416252072968491,0.14458955223880596,-0.043532338308457715,-0.14458955223880596,SCP,average,ML,HistoricAverage,41.792114695340494,21480.0,19217.0,17702.0,-2263.0,-3778.0,2263.0,3778.0,1836929.0,4887634.0,3,754.3333333333334,1259.3333333333333,782.5021831705434,1276.4056304064682,0.1053538175046555,0.17588454376163873,-0.1053538175046555,-0.17588454376163873,SCP,average,ML,HistoricAverage,40.10058231868713,40776.0,37673.0,34208.0,-3103.0,-6568.0,3887.0,6568.0,2805953.0,8216158.0,6,647.8333333333334,1094.6666666666667,683.8558571317009,1170.1964222585311,0.09532568177359231,0.16107514224053365,-0.07609868550127526,-0.16107514224053365,SCP,average,ML,HistoricAverage,40.819123020706456,2026-07-11 12:55:22.869,0,,"
"10471,63,62,10467,1,266,""MERCADONA, 939 S.SADURNI"",""455"",,,,,,,,preserve current forecast,preserve current forecast,success,,NOT_COMPARABLE_MISSING_SCP_AND_ML,1,0,0,0.0,0.0,0.0,0.0,0.0,0.0,,,,,,,,,,,,,,,,,,,,,,,,,,,,,,,,,,,,,,,,,,,,,,,,,,,,,,,,,,,,,,,,,,,,,,,,,,,,,,,,,,,,,,,,,,,,,,,,,,,,,,,,,,,,,,,,,,,,,,,,,,,,,,,,,,,,,,,,,,,,,,,,,,,,,,,,,,,,,,,,,,,,,,,,,,,,,,,,,,,,,,,,,,,,,,,,,,,,,,,,,,2026-07-11 12:55:22.869,1,MissingHistory,NoForecastRowsMaterialized"
"10472,63,62,10467,1,267,""MERCADONA, 1025 GUADIX FR"",""325"",,,,AutoARIMA,smooth_acceptable,smooth_acceptable_acceptable,acceptable,seasonal discrete,seasonal discrete,success,smooth_acceptable,NOT_COMPARABLE_NO_HISTORY,1,1,1,0.0,0.0,0.0,0.0,0.0,0.0,17.0,0.0,0.0,0.0,0.0,0.0,0.0,0.0,0.0,0.0,0.0,0.0,,,,,,,,,,,,,,,,,,,,,,,,,,,,,,,,,,,,,,,,,,,,,,,,,,,,,,,,,,,,,,,,,,,,,,,,,,,,,,,,,,,,,,,,,,,,,,,,,,,,,,,,,,,,,,,,,,,,,,,,,,,,,,,,,,,,,,,,,,,,,,,,,,,,,,,,,,,,,,,,,,,,,,,,,,,,,,,,,,,,,,,,,,,,,,2026-07-11 12:55:22.869,0,,NoForecastRowsMaterialized"
"10473,63,62,10467,1,268,"""",""351"",,,,MovingAverage3M,lumpy_insuficient,lumpy_insuficient_insuficient,insuficient,syntetos-boylan,syntetos-boylan,success,lumpy_insuficient,COMPARABLE,1,1,1,0.0,0.0,0.0,10.0,0.0,0.0,50.0,50.0,50.0,0.0,0.0,0.0,3.0,4.0,3.0,0.0,0.0,0.0,50.0,50.0,50.0,-10.0,0.0,0.0,3.0,4.0,3.0,-10.0,0.0,0.0,50.0,50.0,50.0,10.0,0.0,0.0,3.0,4.0,3.0,10.0,0.0,0.0,2500.0,2500.0,2500.0,100.0,0.0,0.0,9.0,16.0,9.0,100.0,0.0,0.0,0,0,0,1,0,0,,,,10.0,,,,,,10.0,,,,,,10.0,,,,,,10.0,,,,,,1.0,,,,,,1.0,,,,,,-1.0,,,,,,-1.0,,,,,,TIE,,,,,,,,,,,,,,,,,,,,,,,,0.0,,,10.0,0.0,0.0,-10.0,-10.0,10.0,10.0,100.0,100.0,1,10.0,10.0,10.0,10.0,1.0,1.0,-1.0,-1.0,TIE,,,,0.0,0.0,150.0,10.0,150.0,10.0,150.0,10.0,7500.0,34.0,0,,,,,,,,,,,,,,10.0,150.0,10.0,140.0,0.0,160.0,20.0,7600.0,134.0,1,160.0,20.0,87.17797887081348,11.575836902790225,16.0,2.0,14.0,0.0,ML,MovingAverage3M,SCP,syntetos-boylan,87.5,2026-07-11 12:55:22.869,0,,NoForecastRowsMaterialized"
"10474,63,62,10467,1,269,""MERCADONA, 1073 VITORIA FRIO"",""324"",,,,AutoETS,smooth_acceptable,smooth_acceptable_acceptable,acceptable,x11 lineal,x11 lineal,success,smooth_acceptable,COMPARABLE,1,1,1,41760.0,44544.0,38544.0,43632.0,38556.0,41772.0,41061.0,41908.0,39744.0,39262.0,38669.0,40526.0,41361.0,41796.0,37654.0,40339.0,36946.0,41922.0,-699.0,-2636.0,1200.0,-4370.0,113.0,-1246.0,-399.0,-2748.0,-890.0,-3293.0,-1610.0,150.0,699.0,2636.0,1200.0,4370.0,113.0,1246.0,399.0,2748.0,890.0,3293.0,1610.0,150.0,488601.0,6948496.0,1440000.0,19096900,12769.0,1552516.0,159201.0,7551504.0,792100.0,10843849,2592100.0,22500.0,1,1,1,1,1,1,699.0,2636.0,1200.0,4370.0,113.0,1246.0,399.0,2748.0,890.0,3293.0,1610.0,150.0,699.0,2636.0,1200.0,4370.0,113.0,1246.0,399.0,2748.0,890.0,3293.0,1610.0,150.0,0.016738505747126438,0.059177442528735635,0.031133250311332503,0.10015584891822515,0.0029308019504097936,0.029828593316096906,0.009554597701149425,0.06169181034482758,0.02309049398090494,0.07547213054638797,0.04175744371822803,0.003590922148807814,-0.016738505747126438,-0.059177442528735635,0.031133250311332503,-0.10015584891822515,0.0029308019504097936,-0.029828593316096906,-0.009554597701149425,-0.06169181034482758,-0.02309049398090494,-0.07547213054638797,-0.04175744371822803,0.003590922148807814,ML,SCP,ML,ML,SCP,ML,AutoETS,x11 lineal,AutoETS,AutoETS,x11 lineal,AutoETS,SCP,ML,SCP,SCP,ML,SCP,x11 lineal,AutoETS,x11 lineal,x11 lineal,AutoETS,x11 lineal,42.91845493562232,4.075691411935943,25.83333333333333,24.64530892448512,92.98136645962732,87.96147672552166,123960.0,118457.0,119207.0,-5503.0,-4753.0,5729.0,5053.0,20662185,13458449,3,1909.6666666666667,1684.3333333333333,2624.3846897892086,2118.053272858515,0.04621652145853501,0.04076314940303324,-0.044393352694417555,-0.03834301387544369,ML,AutoETS,SCP,x11 lineal,11.799615988828766,124848.0,122713.0,120811.0,-2135.0,-4037.0,4535.0,4037.0,8877097.0,8502805.0,3,1511.6666666666667,1345.6666666666667,1720.183808008125,1683.5285365366794,0.036324170190952194,0.03233531974881456,-0.01710079456619249,-0.03233531974881456,ML,AutoETS,SCP,x11 lineal,10.98125689084894,248808.0,241170.0,240018.0,-7638.0,-8790.0,10264.0,9090.0,29539282,21961254,6,1710.6666666666667,1515.0,2218.8315994384675,1913.167269216155,0.04125269283945854,0.036534195041960066,-0.03069836982733674,-0.035328446030674254,ML,AutoETS,SCP,x11 lineal,11.438035853468433,2026-07-11 12:55:22.869,0,,"
"10475,63,62,10467,1,270,""MERCADONA, 0955 GRANADILL"",""327"",,,,MovingAverage3M,smooth_acceptable,smooth_acceptable_acceptable,acceptable,x11 lineal,x11 lineal,success,smooth_acceptable,NOT_COMPARABLE_NO_HISTORY,1,1,1,0.0,0.0,0.0,0.0,0.0,0.0,1060.0,1634.0,1951.0,8712.0,8071.0,8122.0,0.0,0.0,0.0,5866.0,2369.0,5486.0,,,,,,,,,,,,,,,,,,,,,,,,,,,,,,,,,,,,,,,,,,,,,,,,,,,,,,,,,,,,,,,,,,,,,,,,,,,,,,,,,,,,,,,,,,,,,,,,,,,,,,,,,,,,,,,,,,,,,,,,,,,,,,,,,,,,,,,,,,,,,,,,,,,,,,,,,,,,,,,,,,,,,,,,,,,,,,,,,,,,,,,,,,,,,,2026-07-11 12:55:22.869,0,,"
"10476,63,62,10467,1,271,"""",""320"",,,,,intermittent_obsolete,intermittent_obsolete_obsolete,obsolete,seasonal discrete,seasonal discrete,success,intermittent_obsolete,NOT_COMPARABLE_MISSING_ML,1,1,0,45216.0,1392.0,0.0,0.0,0.0,0.0,1430.0,0.0,0.0,0.0,0.0,0.0,,,,,,,,,,,,,,,,,,,,,,,,,,,,,,,,,,,,,,,,,,,,,,,,,,,,,,,,,,,,,,,,,,,,,,,,,,,,,,,,,,,,,,,,,,,,,,,,,,,,,,,,,,,,,,,,,,,,,,,,,,,,,,,,,,,,,,,,,,,,,,,,,,,,,,,,,,,,,,,,,,,,,,,,,,,,,,,,,,,,,,,,,,,,,,,,,,,,2026-07-11 12:55:22.869,0,,NoForecastRowsMaterialized"
"10477,63,62,10467,1,272,""MERCADONA, 1151 GETAFE PE"",""437"",,,,HistoricAverage,intermittent_newRelease,intermittent_newRelease_newRelease,newRelease,syntetos-boylan,syntetos-boylan,success,intermittent_newRelease,COMPARABLE,1,1,1,0.0,0.0,0.0,0.0,4360.0,4824.0,2028.0,2029.0,2028.0,2312.0,2312.0,2312.0,0.0,0.0,0.0,2874.0,2874.0,2874.0,2028.0,2029.0,2028.0,2312.0,-2048.0,-2512.0,0.0,0.0,0.0,2874.0,-1486.0,-1950.0,2028.0,2029.0,2028.0,2312.0,2048.0,2512.0,0.0,0.0,0.0,2874.0,1486.0,1950.0,4112784.0,4116841.0,4112784.0,5345344.0,4194304.0,6310144.0,0.0,0.0,0.0,8259876.0,2208196.0,3802500.0,0,0,0,0,1,1,,,,,2048.0,2512.0,,,,,1486.0,1950.0,,,,,2048.0,2512.0,,,,,1486.0,1950.0,,,,,0.46972477064220186,0.5207296849087893,,,,,0.3408256880733945,0.40422885572139305,,,,,-0.46972477064220186,-0.5207296849087893,,,,,-0.3408256880733945,-0.40422885572139305,,,,,ML,ML,,,,,HistoricAverage,HistoricAverage,,,,,SCP,SCP,,,,,syntetos-boylan,syntetos-boylan,,,,,27.44140625000001,22.37261146496814,9184.0,6936.0,8622.0,-2248.0,-562.0,6872.0,6310.0,15849792,14270572,2,3436.0,3155.0,2815.119180425582,2671.1956124552166,0.7482578397212544,0.6870644599303136,-0.24477351916376305,-0.06119337979094076,ML,HistoricAverage,SCP,syntetos-boylan,8.17811408614668,0.0,6085.0,0.0,6085.0,0.0,6085.0,0.0,12342409,0.0,0,,,,,,,,,,,,,,9184.0,13021.0,8622.0,3837.0,-562.0,12957.0,6310.0,28192201,14270572,2,6478.5,3155.0,3754.477393726056,2671.1956124552166,1.4108231707317074,0.6870644599303136,0.4177918118466899,-0.06119337979094076,ML,HistoricAverage,SCP,syntetos-boylan,51.300455352319204,2026-07-11 12:55:22.869,0,,"
"10478,63,62,10467,1,273,""MERCADONA, 1151 GETAFE PE"",""460"",,,,,,,,preserve current forecast,preserve current forecast,success,,NOT_COMPARABLE_MISSING_SCP_AND_ML,1,0,0,0.0,0.0,0.0,0.0,0.0,0.0,,,,,,,,,,,,,,,,,,,,,,,,,,,,,,,,,,,,,,,,,,,,,,,,,,,,,,,,,,,,,,,,,,,,,,,,,,,,,,,,,,,,,,,,,,,,,,,,,,,,,,,,,,,,,,,,,,,,,,,,,,,,,,,,,,,,,,,,,,,,,,,,,,,,,,,,,,,,,,,,,,,,,,,,,,,,,,,,,,,,,,,,,,,,,,,,,,,,,,,,,,2026-07-11 12:55:22.869,1,MissingHistory,NoForecastRowsMaterialized"
"10479,63,62,10467,1,274,""MERCADONA, 1025 GUADIX FR"",""457"",,,,,,,,preserve current forecast,preserve current forecast,success,,NOT_COMPARABLE_MISSING_SCP_AND_ML,1,0,0,0.0,0.0,0.0,0.0,0.0,0.0,,,,,,,,,,,,,,,,,,,,,,,,,,,,,,,,,,,,,,,,,,,,,,,,,,,,,,,,,,,,,,,,,,,,,,,,,,,,,,,,,,,,,,,,,,,,,,,,,,,,,,,,,,,,,,,,,,,,,,,,,,,,,,,,,,,,,,,,,,,,,,,,,,,,,,,,,,,,,,,,,,,,,,,,,,,,,,,,,,,,,,,,,,,,,,,,,,,,,,,,,,2026-07-11 12:55:22.869,1,MissingHistory,NoForecastRowsMaterialized"
"10480,63,62,10467,1,275,SAN ISIDRO,""324"",,,,AutoTheta,smooth_acceptable,smooth_acceptable_acceptable,acceptable,x11 seasonal,x11 seasonal,success,smooth_acceptable,COMPARABLE,1,1,1,54192.0,53280.0,47388.0,51600.0,44832.0,51468.0,51602.0,54844.0,47321.0,54756.0,49071.0,55201.0,53106.0,53232.0,47433.0,51108.0,47883.0,49382.0,-2590.0,1564.0,-67.0,3156.0,4239.0,3733.0,-1086.0,-48.0,45.0,-492.0,3051.0,-2086.0,2590.0,1564.0,67.0,3156.0,4239.0,3733.0,1086.0,48.0,45.0,492.0,3051.0,2086.0,6708100.0,2446096.0,4489.0,9960336.0,17969121,13935289,1179396.0,2304.0,2025.0,242064.0,9308601.0,4351396.0,1,1,1,1,1,1,2590.0,1564.0,67.0,3156.0,4239.0,3733.0,1086.0,48.0,45.0,492.0,3051.0,2086.0,2590.0,1564.0,67.0,3156.0,4239.0,3733.0,1086.0,48.0,45.0,492.0,3051.0,2086.0,0.047793032181871864,0.029354354354354354,0.001413860048957542,0.06116279069767442,0.09455299785867238,0.07253050439107796,0.020039858281665192,0.0009009009009009,0.0009496074955685,0.009534883720930233,0.06805406852248394,0.04053003808191498,-0.047793032181871864,0.029354354354354354,-0.001413860048957542,0.06116279069767442,0.09455299785867238,0.07253050439107796,-0.020039858281665192,-0.0009009009009009,0.0009496074955685,-0.009534883720930233,0.06805406852248394,-0.04053003808191498,ML,ML,ML,ML,ML,ML,AutoTheta,AutoTheta,AutoTheta,AutoTheta,AutoTheta,AutoTheta,SCP,SCP,SCP,SCP,SCP,SCP,x11 seasonal,x11 seasonal,x11 seasonal,x11 seasonal,x11 seasonal,x11 seasonal,58.069498069498074,96.93094629156009,32.835820895522396,84.4106463878327,28.025477707006374,44.12001071524243,147900.0,159028.0,148373.0,11128.0,473.0,11128.0,5629.0,41864746,13902061,3,3709.3333333333335,1876.3333333333333,3735.627836566878,2152.6774801008473,0.07524002704530088,0.03805949966193374,0.07524002704530088,0.003198106828938472,ML,AutoTheta,SCP,x11 seasonal,49.415887850467286,154860.0,153767.0,153771.0,-1093.0,-1089.0,4221.0,1179.0,9158685.0,1183725.0,3,1407.0,393.0,1747.2535591607761,628.1520516562849,0.027256877179387833,0.0076133281673769855,-0.007057987860002583,-0.007032158078264239,ML,AutoTheta,SCP,x11 seasonal,72.06823027718549,302760.0,312795.0,302144.0,10035.0,-616.0,15349.0,6808.0,51023431,15085786,6,2558.1666666666665,1134.6666666666667,2916.1456010745874,1585.6537032614235,0.05069692165411547,0.022486457920465056,0.03314506539833532,-0.002034614876469811,ML,AutoTheta,SCP,x11 seasonal,55.64531891328425,2026-07-11 12:55:22.869,0,,"
"10481,63,62,10467,1,276,""MERCADONA, 1105 PARC SAGU"",""460"",,,,,,,,preserve current forecast,preserve current forecast,success,,NOT_COMPARABLE_MISSING_SCP_AND_ML,1,0,0,0.0,0.0,0.0,0.0,0.0,0.0,,,,,,,,,,,,,,,,,,,,,,,,,,,,,,,,,,,,,,,,,,,,,,,,,,,,,,,,,,,,,,,,,,,,,,,,,,,,,,,,,,,,,,,,,,,,,,,,,,,,,,,,,,,,,,,,,,,,,,,,,,,,,,,,,,,,,,,,,,,,,,,,,,,,,,,,,,,,,,,,,,,,,,,,,,,,,,,,,,,,,,,,,,,,,,,,,,,,,,,,,,2026-07-11 12:55:22.869,1,MissingHistory,NoForecastRowsMaterialized"
"10482,63,62,10467,1,277,""MERCADONA, 1105 PARC SAGU"",""351"",,,,AutoARIMA,smooth_acceptable,smooth_acceptable_acceptable,acceptable,x11 lineal,x11 lineal,success,smooth_acceptable,COMPARABLE,1,1,1,41376.0,48648.0,49632.0,64080.0,50340.0,59748.0,18979.0,37424.0,43149.0,61757.0,68892.0,82984.0,58107.0,58107.0,58107.0,57888.0,57888.0,57888.0,-22397.0,-11224.0,-6483.0,-2323.0,18552.0,23236.0,16731.0,9459.0,8475.0,-6192.0,7548.0,-1860.0,22397.0,11224.0,6483.0,2323.0,18552.0,23236.0,16731.0,9459.0,8475.0,6192.0,7548.0,1860.0,501625609,125978176,42029289,5396329.0,344176704,539911696,279926361,89472681,71825625,38340864,56972304,3459600.0,1,1,1,1,1,1,22397.0,11224.0,6483.0,2323.0,18552.0,23236.0,16731.0,9459.0,8475.0,6192.0,7548.0,1860.0,22397.0,11224.0,6483.0,2323.0,18552.0,23236.0,16731.0,9459.0,8475.0,6192.0,7548.0,1860.0,0.5413041376643465,0.2307186318039796,0.13062137330754353,0.03625156054931336,0.36853396901072705,0.38890004686349333,0.404364849187935,0.19443759250123335,0.17075676982591875,0.09662921348314607,0.1499404052443385,0.031130749146414942,-0.5413041376643465,-0.2307186318039796,-0.13062137330754353,-0.03625156054931336,0.36853396901072705,0.38890004686349333,0.404364849187935,0.19443759250123335,0.17075676982591875,-0.09662921348314607,0.1499404052443385,-0.031130749146414942,ML,ML,SCP,SCP,ML,ML,AutoARIMA,AutoARIMA,x11 lineal,x11 lineal,AutoARIMA,AutoARIMA,SCP,SCP,ML,ML,SCP,SCP,x11 lineal,x11 lineal,AutoARIMA,AutoARIMA,x11 lineal,x11 lineal,25.298030986292808,15.725231646471846,23.504424778761052,62.48385012919897,59.314359637774906,91.99517989326907,174168.0,213633.0,173664.0,39465.0,-504.0,44111.0,15600.0,889484729,98772768,3,14703.666666666666,5200.0,17219.02754706742,5737.9661902106045,0.253266960635708,0.08956869229709247,0.22659156676312525,-0.0028937577511368336,ML,AutoARIMA,SCP,x11 lineal,64.63467162385798,139656.0,99552.0,174321.0,-40104.0,34665.0,40104.0,34665.0,669633074,441224667,3,13368.0,11555.0,14940.248480753815,12127.443630048338,0.2871627427393023,0.24821704760268087,-0.2871627427393023,0.24821704760268087,ML,AutoARIMA,SCP,x11 lineal,13.56223818073011,313824.0,313185.0,347985.0,-639.0,34161.0,84215.0,50265.0,1559117803,539997435,6,14035.833333333334,8377.5,16119.955557217478,9486.810449250053,0.26835105027021516,0.1601693943101866,-0.002036173141633527,0.1088540073416947,ML,AutoARIMA,SCP,x11 lineal,40.31348334619724,2026-07-11 12:55:22.869,0,,"
"10483,63,62,10467,1,278,""MERCADONA, 1105 PARC SAGU"",""357"",,,,AutoARIMA,smooth_acceptable,smooth_acceptable_acceptable,acceptable,x11 lineal,x11 lineal,success,smooth_acceptable,COMPARABLE,1,1,1,49200.0,53856.0,47652.0,60228.0,46260.0,48828.0,31486.0,46540.0,46438.0,62598.0,64017.0,62827.0,56864.0,56575.0,56207.0,38769.0,40009.0,41251.0,-17714.0,-7316.0,-1214.0,2370.0,17757.0,13999.0,7664.0,2719.0,8555.0,-21459.0,-6251.0,-7577.0,17714.0,7316.0,1214.0,2370.0,17757.0,13999.0,7664.0,2719.0,8555.0,21459.0,6251.0,7577.0,313785796,53523856,1473796.0,5616900.0,315311049,195972001,58736896,7392961.0,73188025,460488681,39075001,57410929,1,1,1,1,1,1,17714.0,7316.0,1214.0,2370.0,17757.0,13999.0,7664.0,2719.0,8555.0,21459.0,6251.0,7577.0,17714.0,7316.0,1214.0,2370.0,17757.0,13999.0,7664.0,2719.0,8555.0,21459.0,6251.0,7577.0,0.36004065040650407,0.13584373143196674,0.025476370351716612,0.03935046822076111,0.38385214007782104,0.28670025395265014,0.15577235772357723,0.05048648247177659,0.1795307647108201,0.3562960749153218,0.1351275399913532,0.15517735725403456,-0.36004065040650407,-0.13584373143196674,-0.025476370351716612,0.03935046822076111,0.38385214007782104,0.28670025395265014,0.15577235772357723,0.05048648247177659,0.1795307647108201,-0.3562960749153218,-0.1351275399913532,-0.15517735725403456,ML,ML,SCP,SCP,ML,ML,AutoARIMA,AutoARIMA,x11 lineal,x11 lineal,AutoARIMA,AutoARIMA,SCP,SCP,ML,ML,SCP,SCP,x11 lineal,x11 lineal,AutoARIMA,AutoARIMA,x11 lineal,x11 lineal,56.734786044936214,62.83488244942592,85.8094681472823,88.95568293023906,64.79698147209551,45.874705336095445,155316.0,189442.0,120029.0,34126.0,-35287.0,34126.0,35287.0,516899950,556974611,3,11375.333333333334,11762.333333333334,13126.30882363101,13625.645073414567,0.21971979705889927,0.2271948801153777,0.21971979705889927,-0.2271948801153777,SCP,x11 lineal,ML,AutoARIMA,3.2901635163091316,150708.0,124464.0,169646.0,-26244.0,18938.0,26244.0,18938.0,368783448,139317882,3,8748.0,6312.666666666667,11087.281722766857,6814.638214901801,0.1741380683175412,0.12566021710858083,-0.1741380683175412,0.12566021710858083,ML,AutoARIMA,SCP,x11 lineal,27.838744093888124,306024.0,313906.0,289675.0,7882.0,-16349.0,60370.0,54225.0,885683398,696292493,6,10061.666666666666,9037.5,12149.646071662608,10772.5924843249,0.19727210937704232,0.17719198494235747,0.025756149844456643,-0.05342391446422503,ML,AutoARIMA,SCP,x11 lineal,10.178896803047866,2026-07-11 12:55:22.869,0,,"
"10484,63,62,10467,1,279,""MERCADONA, 1003 ZGZ PEREC"",""330"",,,,AutoETS,smooth_acceptable,smooth_acceptable_acceptable,acceptable,x11 lineal,x11 lineal,success,smooth_acceptable,COMPARABLE,1,1,1,4008.0,4416.0,4296.0,4464.0,3648.0,4200.0,4265.0,4338.0,4277.0,4083.0,3911.0,4128.0,4054.0,4303.0,4244.0,3964.0,3646.0,3999.0,257.0,-78.0,-19.0,-381.0,263.0,-72.0,46.0,-113.0,-52.0,-500.0,-2.0,-201.0,257.0,78.0,19.0,381.0,263.0,72.0,46.0,113.0,52.0,500.0,2.0,201.0,66049.0,6084.0,361.0,145161.0,69169.0,5184.0,2116.0,12769.0,2704.0,250000.0,4.0,40401.0,1,1,1,1,1,1,257.0,78.0,19.0,381.0,263.0,72.0,46.0,113.0,52.0,500.0,2.0,201.0,257.0,78.0,19.0,381.0,263.0,72.0,46.0,113.0,52.0,500.0,2.0,201.0,0.06412175648702595,0.017663043478260868,0.004422718808193668,0.08534946236559139,0.07209429824561403,0.017142857142857144,0.011477045908183632,0.025588768115942028,0.012104283054003724,0.11200716845878136,0.0005482456140351,0.047857142857142855,0.06412175648702595,-0.017663043478260868,-0.004422718808193668,-0.08534946236559139,0.07209429824561403,-0.017142857142857144,0.011477045908183632,-0.025588768115942028,-0.012104283054003724,-0.11200716845878136,-0.0005482456140351,-0.047857142857142855,ML,SCP,SCP,SCP,ML,SCP,AutoETS,x11 lineal,x11 lineal,x11 lineal,AutoETS,x11 lineal,SCP,ML,ML,ML,SCP,ML,x11 lineal,AutoETS,AutoETS,AutoETS,x11 lineal,AutoETS,82.1011673151751,30.973451327433633,63.46153846153846,23.800000000000008,99.23954372623574,64.17910447761194,12312.0,12122.0,11609.0,-190.0,-703.0,716.0,703.0,219514.0,290405.0,3,238.66666666666666,234.33333333333334,270.5020024571599,311.1296621453292,0.058154645873944116,0.05709876543209876,-0.015432098765432098,-0.05709876543209876,ML,AutoETS,SCP,x11 lineal,1.8156424581005588,12720.0,12880.0,12601.0,160.0,-119.0,354.0,211.0,72494.0,17589.0,3,118.0,70.33333333333333,155.4498847431759,76.5702292016943,0.027830188679245284,0.01658805031446541,0.012578616352201259,-0.009355345911949685,ML,AutoETS,SCP,x11 lineal,40.3954802259887,25032.0,25002.0,24210.0,-30.0,-822.0,1070.0,914.0,292008.0,307994.0,6,178.33333333333334,152.33333333333334,220.6082500723851,226.56639939173093,0.04274528603387664,0.03651326302333014,-0.0011984659635666348,-0.032837967401725794,ML,AutoETS,SCP,x11 lineal,14.57943925233644,2026-07-11 12:55:22.869,0,,"
"10485,63,62,10467,1,280,""MERCADONA, 1041 ABRERA FR"",""324"",,,,AutoETS,smooth_acceptable,smooth_acceptable_acceptable,acceptable,x11 lineal,x11 lineal,success,smooth_acceptable,COMPARABLE,1,1,1,44172.0,50052.0,41772.0,47844.0,44124.0,48936.0,46211.0,47247.0,45744.0,49561.0,47221.0,50532.0,43821.0,46363.0,44400.0,45933.0,46030.0,46127.0,2039.0,-2805.0,3972.0,1717.0,3097.0,1596.0,-351.0,-3689.0,2628.0,-1911.0,1906.0,-2809.0,2039.0,2805.0,3972.0,1717.0,3097.0,1596.0,351.0,3689.0,2628.0,1911.0,1906.0,2809.0,4157521.0,7868025.0,15776784,2948089.0,9591409.0,2547216.0,123201.0,13608721,6906384.0,3651921.0,3632836.0,7890481.0,1,1,1,1,1,1,2039.0,2805.0,3972.0,1717.0,3097.0,1596.0,351.0,3689.0,2628.0,1911.0,1906.0,2809.0,2039.0,2805.0,3972.0,1717.0,3097.0,1596.0,351.0,3689.0,2628.0,1911.0,1906.0,2809.0,0.04616046364212623,0.05604171661472069,0.0950876185004309,0.035887467603043226,0.07018855951409664,0.032614026483570376,0.007946210268948655,0.07370334851754176,0.0629129560471129,0.03994231251567595,0.04319644637838818,0.05740150400523132,0.04616046364212623,-0.05604171661472069,0.0950876185004309,0.035887467603043226,0.07018855951409664,0.032614026483570376,-0.007946210268948655,-0.07370334851754176,0.0629129560471129,-0.03994231251567595,0.04319644637838818,-0.05740150400523132,ML,SCP,ML,SCP,ML,SCP,AutoETS,x11 lineal,AutoETS,x11 lineal,AutoETS,x11 lineal,SCP,ML,SCP,ML,SCP,ML,x11 lineal,AutoETS,x11 lineal,AutoETS,x11 lineal,AutoETS,82.78567925453653,23.963133640553004,33.836858006042284,10.151753008895861,38.456570875040356,43.18262726949092,140904.0,147314.0,138090.0,6410.0,-2814.0,6410.0,6626.0,15086714,15175238,3,2136.6666666666665,2208.6666666666665,2242.521943408061,2249.091520295843,0.04549196616135809,0.047024924771475615,0.04549196616135809,-0.019971044115142226,SCP,x11 lineal,ML,AutoETS,3.259885300332025,135996.0,139202.0,134584.0,3206.0,-1412.0,8816.0,6668.0,27802330,20638306,3,2938.6666666666665,2222.6666666666665,3044.247580820807,2622.8677689379106,0.06482543604223653,0.04903085384864261,0.023574222771257976,-0.010382658313479808,ML,AutoETS,SCP,x11 lineal,24.36479128856624,276900.0,286516.0,272674.0,9616.0,-4226.0,15226.0,13294.0,42889044,35813544,6,2537.6666666666665,2215.6666666666665,2673.606926980853,2443.138145909887,0.05498736005778259,0.04801011195377393,0.03472733838931022,-0.01526182737450343,ML,AutoETS,SCP,x11 lineal,12.68882175226585,2026-07-11 12:55:22.869,0,,"
"10486,63,62,10467,1,281,SAN ISIDRO,""321"",,,,HistoricAverage,smooth_acceptable,smooth_acceptable_acceptable,acceptable,x11 seasonal,x11 seasonal,success,smooth_acceptable,COMPARABLE,1,1,1,0.0,2545.0,2534.0,2865.0,2326.0,2680.0,2795.0,2841.0,2488.0,2883.0,2855.0,2972.0,3027.0,3028.0,3027.0,3858.0,3551.0,3323.0,2795.0,296.0,-46.0,18.0,529.0,292.0,3027.0,483.0,493.0,993.0,1225.0,643.0,2795.0,296.0,46.0,18.0,529.0,292.0,3027.0,483.0,493.0,993.0,1225.0,643.0,7812025.0,87616.0,2116.0,324.0,279841.0,85264.0,9162729.0,233289.0,243049.0,986049.0,1500625.0,413449.0,0,1,1,1,1,1,,296.0,46.0,18.0,529.0,292.0,,483.0,493.0,993.0,1225.0,643.0,,296.0,46.0,18.0,529.0,292.0,,483.0,493.0,993.0,1225.0,643.0,,0.11630648330058939,0.018153117600631413,0.0062827225130890054,0.22742906276870165,0.10895522388059702,,0.18978388998035364,0.19455406471981057,0.34659685863874345,0.5266552020636286,0.23992537313432835,,0.11630648330058939,-0.018153117600631413,0.0062827225130890054,0.22742906276870165,0.10895522388059702,,0.18978388998035364,0.19455406471981057,0.34659685863874345,0.5266552020636286,0.23992537313432835,,SCP,SCP,SCP,SCP,SCP,,x11 seasonal,x11 seasonal,x11 seasonal,x11 seasonal,x11 seasonal,,ML,ML,ML,ML,ML,,HistoricAverage,HistoricAverage,HistoricAverage,HistoricAverage,HistoricAverage,,38.71635610766046,90.66937119675457,98.18731117824774,56.81632653061224,54.587869362363925,7871.0,8710.0,10732.0,839.0,2861.0,839.0,2861.0,365429.0,2900123.0,3,279.6666666666667,953.6666666666666,349.0124162070265,983.2129304818294,0.10659382543514166,0.3634862152204294,0.10659382543514166,0.3634862152204294,SCP,x11 seasonal,ML,HistoricAverage,70.67458930443901,5079.0,8124.0,9082.0,3045.0,4003.0,3137.0,4003.0,7901757.0,9639067.0,2,1568.5,2001.5,1987.6816898085065,2195.3435949755108,0.617641267966135,0.788147273085253,0.5995274660366214,0.788147273085253,SCP,x11 seasonal,ML,HistoricAverage,21.633774668998253,12950.0,16834.0,19814.0,3884.0,6864.0,3976.0,6864.0,8267186.0,12539190,5,795.2,1372.8,1285.8604900999176,1583.6154836323115,0.307027027027027,0.5300386100386101,0.29992277992277994,0.5300386100386101,SCP,x11 seasonal,ML,HistoricAverage,42.07459207459208,2026-07-11 12:55:22.869,0,,"
"10487,63,62,10467,1,282,""MERCADONA, 1018 INGENIO"",""326"",,,,,,,,average,average,success,,NOT_COMPARABLE_MISSING_SCP_AND_ML,1,0,0,0.0,3.0,0.0,0.0,0.0,0.0,,,,,,,,,,,,,,,,,,,,,,,,,,,,,,,,,,,,,,,,,,,,,,,,,,,,,,,,,,,,,,,,,,,,,,,,,,,,,,,,,,,,,,,,,,,,,,,,,,,,,,,,,,,,,,,,,,,,,,,,,,,,,,,,,,,,,,,,,,,,,,,,,,,,,,,,,,,,,,,,,,,,,,,,,,,,,,,,,,,,,,,,,,,,,,,,,,,,,,,,,,2026-07-11 12:55:22.869,0,,NoForecastRowsMaterialized"
"10488,63,62,10467,1,283,""MERCADONA, 910 HUEVAR"",""325"",,,,AutoARIMA,erratic_acceptable,erratic_acceptable_acceptable,acceptable,x11 lineal,x11 lineal,success,erratic_acceptable,NOT_COMPARABLE_NO_HISTORY,1,1,1,0.0,0.0,0.0,0.0,0.0,0.0,196.0,428.0,90.0,262.0,16.0,31.0,0.0,0.0,0.0,0.0,0.0,0.0,,,,,,,,,,,,,,,,,,,,,,,,,,,,,,,,,,,,,,,,,,,,,,,,,,,,,,,,,,,,,,,,,,,,,,,,,,,,,,,,,,,,,,,,,,,,,,,,,,,,,,,,,,,,,,,,,,,,,,,,,,,,,,,,,,,,,,,,,,,,,,,,,,,,,,,,,,,,,,,,,,,,,,,,,,,,,,,,,,,,,,,,,,,,,,2026-07-11 12:55:22.869,0,,"
"10489,63,62,10467,1,284,""MERCADONA, 1105 PARC SAGU"",""437"",,,,HistoricAverage,intermittent_newRelease,intermittent_newRelease_newRelease,newRelease,syntetos-boylan,syntetos-boylan,success,intermittent_newRelease,COMPARABLE,1,1,1,0.0,0.0,0.0,0.0,12480.0,16288.0,6104.0,6104.0,6104.0,5648.0,5648.0,5648.0,0.0,0.0,0.0,8604.0,8604.0,8604.0,6104.0,6104.0,6104.0,5648.0,-6832.0,-10640.0,0.0,0.0,0.0,8604.0,-3876.0,-7684.0,6104.0,6104.0,6104.0,5648.0,6832.0,10640.0,0.0,0.0,0.0,8604.0,3876.0,7684.0,37258816,37258816,37258816,31899904,46676224,113209600,0.0,0.0,0.0,74028816,15023376,59043856,0,0,0,0,1,1,,,,,6832.0,10640.0,,,,,3876.0,7684.0,,,,,6832.0,10640.0,,,,,3876.0,7684.0,,,,,0.5474358974358975,0.6532416502946955,,,,,0.3105769230769231,0.4717583497053045,,,,,-0.5474358974358975,-0.6532416502946955,,,,,-0.3105769230769231,-0.4717583497053045,,,,,ML,ML,,,,,HistoricAverage,HistoricAverage,,,,,SCP,SCP,,,,,syntetos-boylan,syntetos-boylan,,,,,43.26697892271663,27.781954887218046,28768.0,16944.0,25812.0,-11824.0,-2956.0,23120.0,20164.0,191785728,148096048,2,11560.0,10082.0,9792.490183809223,8605.116152615257,0.803670745272525,0.7009176863181312,-0.41101223581757507,-0.10275305895439377,ML,HistoricAverage,SCP,syntetos-boylan,12.785467128027687,0.0,18312.0,0.0,18312.0,0.0,18312.0,0.0,111776448,0.0,0,,,,,,,,,,,,,,28768.0,35256.0,25812.0,6488.0,-2956.0,41432.0,20164.0,303562176,148096048,2,20716.0,10082.0,12319.946753131688,8605.116152615257,1.4402113459399333,0.7009176863181312,0.22552836484983316,-0.10275305895439377,ML,HistoricAverage,SCP,syntetos-boylan,51.33230353350068,2026-07-11 12:55:22.869,0,,"
"10490,63,62,10467,1,285,""MERCADONA, 1151 GETAFE PE"",""357"",,,,AutoTheta,smooth_acceptable,smooth_acceptable_acceptable,acceptable,x11 seasonal,x11 seasonal,success,smooth_acceptable,COMPARABLE,1,1,1,22416.0,24912.0,21156.0,23484.0,20772.0,21840.0,21769.0,22665.0,20439.0,21059.0,19295.0,21695.0,20361.0,21657.0,19471.0,19821.0,20228.0,22008.0,-647.0,-2247.0,-717.0,-2425.0,-1477.0,-145.0,-2055.0,-3255.0,-1685.0,-3663.0,-544.0,168.0,647.0,2247.0,717.0,2425.0,1477.0,145.0,2055.0,3255.0,1685.0,3663.0,544.0,168.0,418609.0,5049009.0,514089.0,5880625.0,2181529.0,21025.0,4223025.0,10595025,2839225.0,13417569,295936.0,28224.0,1,1,1,1,1,1,647.0,2247.0,717.0,2425.0,1477.0,145.0,2055.0,3255.0,1685.0,3663.0,544.0,168.0,647.0,2247.0,717.0,2425.0,1477.0,145.0,2055.0,3255.0,1685.0,3663.0,544.0,168.0,0.028863311920057103,0.09019749518304432,0.03389109472490074,0.10326179526486118,0.071105334103601,0.006639194139194139,0.09167558886509636,0.13065992292870907,0.07964643599924372,0.15597853857945834,0.026189100712497592,0.007692307692307693,-0.028863311920057103,-0.09019749518304432,-0.03389109472490074,-0.10326179526486118,-0.071105334103601,-0.006639194139194139,-0.09167558886509636,-0.13065992292870907,-0.07964643599924372,-0.15597853857945834,-0.026189100712497592,0.007692307692307693,SCP,SCP,SCP,SCP,ML,SCP,x11 seasonal,x11 seasonal,x11 seasonal,x11 seasonal,AutoTheta,x11 seasonal,ML,ML,ML,ML,SCP,ML,AutoTheta,AutoTheta,AutoTheta,AutoTheta,x11 seasonal,AutoTheta,68.51581508515815,30.967741935483872,57.448071216617215,33.7974337974338,63.16858496953282,13.690476190476197,66096.0,62049.0,62057.0,-4047.0,-4039.0,4047.0,4375.0,8083179.0,13741729,3,1349.0,1458.3333333333333,1641.460630048738,2140.228103108015,0.06122912127814088,0.06619160009682885,-0.06122912127814088,-0.0611080852093924,SCP,x11 seasonal,ML,AutoTheta,7.497142857142861,68484.0,64873.0,61489.0,-3611.0,-6995.0,3611.0,6995.0,5981707.0,17657275,3,1203.6666666666667,2331.6666666666665,1412.0560659312835,2426.058188365096,0.05272764441329362,0.1021406459903043,-0.05272764441329362,-0.1021406459903043,SCP,x11 seasonal,ML,AutoTheta,48.37741243745532,134580.0,126922.0,123546.0,-7658.0,-11034.0,7658.0,11370.0,14064886,31399004,6,1276.3333333333333,1895.0,1531.0609611203163,2287.6117094763554,0.05690295734878882,0.08448506464556398,-0.05690295734878882,-0.08198840838163174,SCP,x11 seasonal,ML,AutoTheta,32.64731750219877,2026-07-11 12:55:22.869,0,,"
"10491,63,62,10467,1,286,""MERCADONA, 1003 ZGZ PEREC"",""353"",,,,AutoETS,smooth_acceptable,smooth_acceptable_acceptable,acceptable,x11 lineal,x11 lineal,success,smooth_acceptable,COMPARABLE,1,1,1,30432.0,33952.0,30976.0,35440.0,30656.0,35432.0,29999.0,32333.0,31649.0,30584.0,30592.0,32659.0,31083.0,34664.0,32994.0,35139.0,30409.0,33467.0,-433.0,-1619.0,673.0,-4856.0,-64.0,-2773.0,651.0,712.0,2018.0,-301.0,-247.0,-1965.0,433.0,1619.0,673.0,4856.0,64.0,2773.0,651.0,712.0,2018.0,301.0,247.0,1965.0,187489.0,2621161.0,452929.0,23580736,4096.0,7689529.0,423801.0,506944.0,4072324.0,90601.0,61009.0,3861225.0,1,1,1,1,1,1,433.0,1619.0,673.0,4856.0,64.0,2773.0,651.0,712.0,2018.0,301.0,247.0,1965.0,433.0,1619.0,673.0,4856.0,64.0,2773.0,651.0,712.0,2018.0,301.0,247.0,1965.0,0.01422844374342797,0.04768496701225259,0.021726497933884297,0.13702031602708803,0.0020876826722338203,0.07826258749153307,0.021391955835962144,0.020970782280867108,0.06514721074380166,0.008493227990970655,0.0080571503131524,0.05545834274102506,-0.01422844374342797,-0.04768496701225259,0.021726497933884297,-0.13702031602708803,-0.0020876826722338203,-0.07826258749153307,0.021391955835962144,0.020970782280867108,0.06514721074380166,-0.008493227990970655,-0.0080571503131524,-0.05545834274102506,SCP,ML,SCP,ML,SCP,ML,x11 lineal,AutoETS,x11 lineal,AutoETS,x11 lineal,AutoETS,ML,SCP,ML,SCP,ML,SCP,AutoETS,x11 lineal,AutoETS,x11 lineal,AutoETS,x11 lineal,33.486943164362515,56.02223594811612,66.65014866204162,93.80148270181219,74.08906882591093,29.138117562206993,101528.0,93835.0,99015.0,-7693.0,-2513.0,7693.0,2513.0,31274361,4012835.0,3,2564.3333333333335,837.6666666666666,3228.743873397207,1156.551627324378,0.07577220077220077,0.024751792608935466,-0.07577220077220077,-0.024751792608935466,ML,AutoETS,SCP,x11 lineal,67.33393994540492,95360.0,93981.0,98741.0,-1379.0,3381.0,2725.0,3381.0,3261579.0,5003069.0,3,908.3333333333334,1127.0,1042.6854751074266,1291.3905941529335,0.028575922818791948,0.03545511744966443,-0.014460989932885906,0.03545511744966443,SCP,x11 lineal,ML,AutoETS,19.402543626146112,196888.0,187816.0,197756.0,-9072.0,868.0,10418.0,5894.0,34535940,9015904.0,6,1736.3333333333333,982.3333333333334,2399.164437882489,1225.8265238877264,0.052913331437162245,0.029935801064564626,-0.04607695745804721,0.004408597781479826,ML,AutoETS,SCP,x11 lineal,43.4248416202726,2026-07-11 12:55:22.869,0,,"
"10492,63,62,10467,1,287,""MERCADONA, 1131 ANTEQUERA"",""320"",,,,AutoETS,smooth_acceptable,smooth_acceptable_acceptable,acceptable,x11 seasonal,x11 seasonal,success,smooth_acceptable,COMPARABLE,1,1,1,36240.0,33432.0,31704.0,35952.0,26712.0,32184.0,33115.0,33423.0,29758.0,32943.0,28929.0,33121.0,34053.0,33285.0,29963.0,33097.0,27180.0,31017.0,-3125.0,-9.0,-1946.0,-3009.0,2217.0,937.0,-2187.0,-147.0,-1741.0,-2855.0,468.0,-1167.0,3125.0,9.0,1946.0,3009.0,2217.0,937.0,2187.0,147.0,1741.0,2855.0,468.0,1167.0,9765625.0,81.0,3786916.0,9054081.0,4915089.0,877969.0,4782969.0,21609.0,3031081.0,8151025.0,219024.0,1361889.0,1,1,1,1,1,1,3125.0,9.0,1946.0,3009.0,2217.0,937.0,2187.0,147.0,1741.0,2855.0,468.0,1167.0,3125.0,9.0,1946.0,3009.0,2217.0,937.0,2187.0,147.0,1741.0,2855.0,468.0,1167.0,0.08623068432671081,0.0002692031586504,0.061380267474135754,0.08369492656875835,0.08299640610961366,0.029113845389013175,0.0603476821192053,0.0043969849246231155,0.0549142064092859,0.07941143747218514,0.01752021563342318,0.036260253542132734,-0.08623068432671081,-0.0002692031586504,-0.061380267474135754,-0.08369492656875835,0.08299640610961366,0.029113845389013175,-0.0603476821192053,-0.0043969849246231155,-0.0549142064092859,-0.07941143747218514,0.01752021563342318,-0.036260253542132734,ML,SCP,ML,ML,ML,SCP,AutoETS,x11 seasonal,AutoETS,AutoETS,AutoETS,x11 seasonal,SCP,ML,SCP,SCP,SCP,ML,x11 seasonal,AutoETS,x11 seasonal,x11 seasonal,x11 seasonal,AutoETS,30.016,93.87755102040816,10.534429599177795,5.11797939514789,78.89039242219215,19.70865467009425,94848.0,94993.0,91294.0,145.0,-3554.0,6163.0,4490.0,14847139,9731938.0,3,2054.3333333333335,1496.6666666666667,2224.6452151597864,1801.1050311776194,0.06497764844804318,0.04733890013495277,0.0015287618083670714,-0.037470479082321186,ML,AutoETS,SCP,x11 seasonal,27.145870517605058,101376.0,96296.0,97301.0,-5080.0,-4075.0,5080.0,4075.0,13552622,7835659.0,3,1693.3333333333333,1358.3333333333333,2125.4506973032017,1616.1331422049773,0.0501104797979798,0.04019689078282828,-0.0501104797979798,-0.04019689078282828,ML,AutoETS,SCP,x11 seasonal,19.78346456692914,196224.0,191289.0,188595.0,-4935.0,-7629.0,11243.0,8565.0,28399761,17567597,6,1873.8333333333333,1427.5,2175.6133617901874,1711.1203444916823,0.057296762883235486,0.04364909491193738,-0.025149828767123288,-0.0388790362035225,ML,AutoETS,SCP,x11 seasonal,23.819265320643954,2026-07-11 12:55:22.869,0,,"
"10493,63,62,10467,1,288,""MERCADONA, 1073 VITORIA FRIO"",""330"",,,,AutoARIMA,erratic_acceptable,erratic_acceptable_acceptable,acceptable,x11 lineal,x11 lineal,success,erratic_acceptable,COMPARABLE,1,1,1,5640.0,5520.0,4896.0,5376.0,4224.0,5088.0,5570.0,5605.0,5114.0,4344.0,3793.0,4315.0,7104.0,7077.0,5863.0,4942.0,4725.0,5135.0,-70.0,85.0,218.0,-1032.0,-431.0,-773.0,1464.0,1557.0,967.0,-434.0,501.0,47.0,70.0,85.0,218.0,1032.0,431.0,773.0,1464.0,1557.0,967.0,434.0,501.0,47.0,4900.0,7225.0,47524.0,1065024.0,185761.0,597529.0,2143296.0,2424249.0,935089.0,188356.0,251001.0,2209.0,1,1,1,1,1,1,70.0,85.0,218.0,1032.0,431.0,773.0,1464.0,1557.0,967.0,434.0,501.0,47.0,70.0,85.0,218.0,1032.0,431.0,773.0,1464.0,1557.0,967.0,434.0,501.0,47.0,0.012411347517730497,0.015398550724637682,0.044526143790849675,0.19196428571428573,0.10203598484848485,0.1519261006289308,0.25957446808510637,0.28206521739130436,0.19750816993464052,0.08072916666666667,0.11860795454545454,0.009237421383647798,-0.012411347517730497,0.015398550724637682,0.044526143790849675,-0.19196428571428573,-0.10203598484848485,-0.1519261006289308,0.25957446808510637,0.28206521739130436,0.19750816993464052,-0.08072916666666667,0.11860795454545454,0.009237421383647798,SCP,SCP,SCP,ML,SCP,ML,x11 lineal,x11 lineal,x11 lineal,AutoARIMA,x11 lineal,AutoARIMA,ML,ML,ML,SCP,ML,SCP,AutoARIMA,AutoARIMA,AutoARIMA,x11 lineal,AutoARIMA,x11 lineal,95.21857923497268,94.5407835581246,77.45604963805583,57.94573643410853,13.972055888223553,93.91979301423027,14688.0,12452.0,14802.0,-2236.0,114.0,2236.0,982.0,1848314.0,441566.0,3,745.3333333333334,327.3333333333333,784.9233508226562,383.65175180971954,0.1522331154684096,0.06685729847494554,-0.1522331154684096,0.007761437908496732,ML,AutoARIMA,SCP,x11 lineal,56.08228980322003,16056.0,16289.0,20044.0,233.0,3988.0,373.0,3988.0,59649.0,5502634.0,3,124.33333333333333,1329.3333333333333,141.0070920202243,1354.330584950858,0.023231190832087693,0.24838066766317887,0.014511709018435476,0.24838066766317887,SCP,x11 lineal,ML,AutoARIMA,90.6469408224674,30744.0,28741.0,34846.0,-2003.0,4102.0,2609.0,4970.0,1907963.0,5944200.0,6,434.8333333333333,828.3333333333334,563.9094194401556,995.339138183564,0.08486208691126725,0.1616575591985428,-0.06515092375748113,0.13342440801457195,SCP,x11 lineal,ML,AutoARIMA,47.50503018108652,2026-07-11 12:55:22.869,0,,"
"10494,63,62,10467,1,289,""MERCADONA, 927 CIEMPOZUEL"",""327"",,,,AutoETS,smooth_acceptable,smooth_acceptable_acceptable,acceptable,x11 seasonal,x11 seasonal,success,smooth_acceptable,COMPARABLE,1,1,1,23100.0,22400.0,20560.0,20680.0,15280.0,17180.0,18422.0,18775.0,17236.0,18380.0,16536.0,17540.0,21229.0,20863.0,18977.0,19409.0,16231.0,17325.0,-4678.0,-3625.0,-3324.0,-2300.0,1256.0,360.0,-1871.0,-1537.0,-1583.0,-1271.0,951.0,145.0,4678.0,3625.0,3324.0,2300.0,1256.0,360.0,1871.0,1537.0,1583.0,1271.0,951.0,145.0,21883684,13140625,11048976,5290000.0,1577536.0,129600.0,3500641.0,2362369.0,2505889.0,1615441.0,904401.0,21025.0,1,1,1,1,1,1,4678.0,3625.0,3324.0,2300.0,1256.0,360.0,1871.0,1537.0,1583.0,1271.0,951.0,145.0,4678.0,3625.0,3324.0,2300.0,1256.0,360.0,1871.0,1537.0,1583.0,1271.0,951.0,145.0,0.2025108225108225,0.16183035714285715,0.16167315175097277,0.11121856866537717,0.08219895287958115,0.020954598370197905,0.080995670995671,0.06861607142857143,0.07699416342412452,0.06146034816247582,0.06223821989528796,0.008440046565774156,-0.2025108225108225,-0.16183035714285715,-0.16167315175097277,-0.11121856866537717,0.08219895287958115,0.020954598370197905,-0.080995670995671,-0.06861607142857143,-0.07699416342412452,-0.06146034816247582,0.06223821989528796,0.008440046565774156,ML,ML,ML,ML,ML,ML,AutoETS,AutoETS,AutoETS,AutoETS,AutoETS,AutoETS,SCP,SCP,SCP,SCP,SCP,SCP,x11 seasonal,x11 seasonal,x11 seasonal,x11 seasonal,x11 seasonal,x11 seasonal,60.00427533133818,57.60000000000001,52.37665463297232,44.73913043478261,24.283439490445858,59.72222222222222,53140.0,52456.0,52965.0,-684.0,-175.0,3916.0,2367.0,6997136.0,2540867.0,3,1305.3333333333333,789.0,1527.2127116635281,920.3019432048737,0.07369213398569815,0.04454271735039518,-0.012871659766654121,-0.0032931878057960106,ML,AutoETS,SCP,x11 seasonal,39.55566905005107,66060.0,54433.0,61069.0,-11627.0,-4991.0,11627.0,4991.0,46073285,8368899.0,3,3875.6666666666665,1663.6666666666667,3918.8980168749817,1670.2194466596297,0.17600666061156525,0.07555252800484408,-0.17600666061156525,-0.07555252800484408,ML,AutoETS,SCP,x11 seasonal,57.07405177603854,119200.0,106889.0,114034.0,-12311.0,-5166.0,15543.0,7358.0,53070421,10909766,6,2590.5,1226.3333333333333,2974.06626803551,1348.4414460158562,0.13039429530201344,0.061728187919463086,-0.10328020134228189,-0.043338926174496646,ML,AutoETS,SCP,x11 seasonal,52.660361577559044,2026-07-11 12:55:22.869,0,,"
"10495,63,62,10467,1,290,""MERCADONA, 1105 PARC SAGU"",""331"",,,,MovingAverage3M,smooth_acceptable,smooth_acceptable_acceptable,acceptable,x11 seasonal,x11 seasonal,success,smooth_acceptable,COMPARABLE,1,1,1,2472.0,3984.0,4008.0,5184.0,5088.0,8112.0,1860.0,3637.0,4315.0,7356.0,7657.0,12727.0,6128.0,6128.0,6128.0,9064.0,9064.0,9064.0,-612.0,-347.0,307.0,2172.0,2569.0,4615.0,3656.0,2144.0,2120.0,3880.0,3976.0,952.0,612.0,347.0,307.0,2172.0,2569.0,4615.0,3656.0,2144.0,2120.0,3880.0,3976.0,952.0,374544.0,120409.0,94249.0,4717584.0,6599761.0,21298225,13366336,4596736.0,4494400.0,15054400,15808576,906304.0,1,1,1,1,1,1,612.0,347.0,307.0,2172.0,2569.0,4615.0,3656.0,2144.0,2120.0,3880.0,3976.0,952.0,612.0,347.0,307.0,2172.0,2569.0,4615.0,3656.0,2144.0,2120.0,3880.0,3976.0,952.0,0.24757281553398058,0.08709839357429719,0.07659680638722555,0.41898148148148145,0.5049135220125787,0.5689102564102564,1.4789644012944985,0.5381526104417671,0.5289421157684631,0.7484567901234568,0.7814465408805031,0.11735700197238659,-0.24757281553398058,-0.08709839357429719,0.07659680638722555,0.41898148148148145,0.5049135220125787,0.5689102564102564,1.4789644012944985,0.5381526104417671,0.5289421157684631,0.7484567901234568,0.7814465408805031,0.11735700197238659,SCP,SCP,SCP,SCP,SCP,ML,x11 seasonal,x11 seasonal,x11 seasonal,x11 seasonal,x11 seasonal,MovingAverage3M,ML,ML,ML,ML,ML,SCP,MovingAverage3M,MovingAverage3M,MovingAverage3M,MovingAverage3M,MovingAverage3M,x11 seasonal,83.26039387308533,83.81529850746269,85.5188679245283,44.02061855670104,35.38732394366196,79.37161430119176,18384.0,27740.0,27192.0,9356.0,8808.0,9356.0,8808.0,32615570,31769280,3,3118.6666666666665,2936.0,3297.2498641544694,3254.191143740638,0.5089208006962577,0.47911227154047,0.5089208006962577,0.47911227154047,ML,MovingAverage3M,SCP,x11 seasonal,5.85720393330484,10464.0,9812.0,18384.0,-652.0,7920.0,1266.0,7920.0,589202.0,22457472,3,422.0,2640.0,443.1711482787058,2736.0233917128708,0.12098623853211009,0.7568807339449541,-0.06230886850152905,0.7568807339449541,SCP,x11 seasonal,ML,MovingAverage3M,84.01515151515152,28848.0,37552.0,45576.0,8704.0,16728.0,10622.0,16728.0,33204772,54226752,6,1770.3333333333333,2788.0,2352.4728833010313,3006.2920683127245,0.36820576816417083,0.5798668885191348,0.3017193566278425,0.5798668885191348,SCP,x11 seasonal,ML,MovingAverage3M,36.50167384026782,2026-07-11 12:55:22.869,0,,"
"10496,63,62,10467,1,291,""MERCADONA, 0963 INGENIO"",""391"",,,,MovingAverage3M,smooth_insuficient,smooth_insuficient_insuficient,insuficient,x11 lineal,x11 lineal,success,smooth_insuficient,COMPARABLE,1,1,1,0.0,0.0,2649.0,4548.0,3616.0,3762.0,2910.0,4425.0,4604.0,4426.0,4427.0,4427.0,3975.0,3976.0,3975.0,4333.0,4332.0,4333.0,2910.0,4425.0,1955.0,-122.0,811.0,665.0,3975.0,3976.0,1326.0,-215.0,716.0,571.0,2910.0,4425.0,1955.0,122.0,811.0,665.0,3975.0,3976.0,1326.0,215.0,716.0,571.0,8468100.0,19580625,3822025.0,14884.0,657721.0,442225.0,15800625,15808576,1758276.0,46225.0,512656.0,326041.0,0,0,1,1,1,1,,,1955.0,122.0,811.0,665.0,,,1326.0,215.0,716.0,571.0,,,1955.0,122.0,811.0,665.0,,,1326.0,215.0,716.0,571.0,,,0.7380143450358626,0.026824978012313105,0.22428097345132744,0.17676767676767677,,,0.5005662514156285,0.04727352682497801,0.19800884955752213,0.15178096757044127,,,0.7380143450358626,-0.026824978012313105,0.22428097345132744,0.17676767676767677,,,0.5005662514156285,-0.04727352682497801,0.19800884955752213,0.15178096757044127,,,ML,SCP,ML,ML,,,MovingAverage3M,x11 lineal,MovingAverage3M,MovingAverage3M,,,SCP,ML,SCP,SCP,,,x11 lineal,MovingAverage3M,x11 lineal,x11 lineal,,,32.17391304347827,43.25581395348837,11.713933415536378,14.135338345864657,11926.0,13280.0,12998.0,1354.0,1072.0,1598.0,1502.0,1114830.0,884922.0,3,532.6666666666666,500.6666666666667,609.5982283438823,543.1150890925421,0.13399295656548718,0.1259433171222539,0.11353345631393594,0.0898876404494382,ML,MovingAverage3M,SCP,x11 lineal,6.007509386733423,2649.0,11939.0,11926.0,9290.0,9277.0,9290.0,9277.0,31870750,33367477,1,9290.0,9277.0,5645.418496444706,5776.4588633521835,3.5069837674594186,3.502076255190638,3.5069837674594186,3.502076255190638,ML,MovingAverage3M,SCP,x11 lineal,0.13993541442410706,14575.0,25219.0,24924.0,10644.0,10349.0,10888.0,10779.0,32985580,34252399,4,2722.0,2694.75,2871.653704749234,2926.277456086487,0.747032590051458,0.7395540308747856,0.7302915951972556,0.7100514579759862,ML,MovingAverage3M,SCP,x11 lineal,1.001102130786188,2026-07-11 12:55:22.869,0,,"
"10497,63,62,10467,1,292,""MERCADONA, 1131 ANTEQUERA"",""469"",,,,MovingAverage3M,intermittent_recentRelease,intermittent_recentRelease_recentRelease,recentRelease,syntetos-boylan,syntetos-boylan,success,intermittent_recentRelease,NOT_COMPARABLE_NO_HISTORY,1,1,1,0.0,0.0,0.0,0.0,0.0,0.0,0.0,0.0,0.0,12.0,12.0,12.0,0.0,0.0,0.0,3.0,4.0,3.0,,,,,,,,,,,,,,,,,,,,,,,,,,,,,,,,,,,,,,,,,,,,,,,,,,,,,,,,,,,,,,,,,,,,,,,,,,,,,,,,,,,,,,,,,,,,,,,,,,,,,,,,,,,,,,,,,,,,,,,,,,,,,,,,,,,,,,,,,,,,,,,,,,,,,,,,,,,,,,,,,,,,,,,,,,,,,,,,,,,,,,,,,,,,,,2026-07-11 12:55:22.869,0,,NoForecastRowsMaterialized"
"10498,63,62,10467,1,293,""MERCADONA, 939 S.SADURNI"",""321"",,,,AutoETS,smooth_acceptable,smooth_acceptable_acceptable,acceptable,x11 seasonal,x11 seasonal,success,smooth_acceptable,COMPARABLE,1,1,1,8660.0,8980.0,8900.0,8840.0,6500.0,6300.0,7136.0,6915.0,7555.0,7825.0,6641.0,6499.0,8292.0,7310.0,8358.0,8432.0,6464.0,6222.0,-1524.0,-2065.0,-1345.0,-1015.0,141.0,199.0,-368.0,-1670.0,-542.0,-408.0,-36.0,-78.0,1524.0,2065.0,1345.0,1015.0,141.0,199.0,368.0,1670.0,542.0,408.0,36.0,78.0,2322576.0,4264225.0,1809025.0,1030225.0,19881.0,39601.0,135424.0,2788900.0,293764.0,166464.0,1296.0,6084.0,1,1,1,1,1,1,1524.0,2065.0,1345.0,1015.0,141.0,199.0,368.0,1670.0,542.0,408.0,36.0,78.0,1524.0,2065.0,1345.0,1015.0,141.0,199.0,368.0,1670.0,542.0,408.0,36.0,78.0,0.17598152424942262,0.2299554565701559,0.151123595505618,0.11481900452488687,0.02169230769230769,0.03158730158730159,0.04249422632794457,0.18596881959910913,0.06089887640449438,0.046153846153846156,0.005538461538461538,0.012380952380952381,-0.17598152424942262,-0.2299554565701559,-0.151123595505618,-0.11481900452488687,0.02169230769230769,0.03158730158730159,-0.04249422632794457,-0.18596881959910913,-0.06089887640449438,-0.046153846153846156,-0.005538461538461538,-0.012380952380952381,ML,ML,ML,ML,ML,ML,AutoETS,AutoETS,AutoETS,AutoETS,AutoETS,AutoETS,SCP,SCP,SCP,SCP,SCP,SCP,x11 seasonal,x11 seasonal,x11 seasonal,x11 seasonal,x11 seasonal,x11 seasonal,75.85301837270342,19.128329297820823,59.70260223048328,59.802955665024626,74.46808510638299,60.80402010050251,21640.0,20965.0,21118.0,-675.0,-522.0,1355.0,522.0,1089707.0,173844.0,3,451.6666666666667,174.0,602.6903572039847,240.72390824344805,0.06261552680221812,0.02412199630314233,-0.031192236598890942,-0.02412199630314233,ML,AutoETS,SCP,x11 seasonal,61.4760147601476,26540.0,21606.0,23960.0,-4934.0,-2580.0,4934.0,2580.0,8395826.0,3218088.0,3,1644.6666666666667,860.0,1672.9042610581953,1035.7103842291049,0.18590806330067822,0.09721175584024115,-0.18590806330067822,-0.09721175584024115,ML,AutoETS,SCP,x11 seasonal,47.709768950141864,48180.0,42571.0,45078.0,-5609.0,-3102.0,6289.0,3102.0,9485533.0,3391932.0,6,1048.1666666666667,517.0,1257.3472736943706,751.8789796237157,0.1305313408053134,0.06438356164383562,-0.116417600664176,-0.06438356164383562,ML,AutoETS,SCP,x11 seasonal,50.67578311337255,2026-07-11 12:55:22.869,0,,"
"10499,63,62,10467,1,294,""MERCADONA, 1073 VITORIA FRIO"",""327"",,,,AutoARIMA,smooth_acceptable,smooth_acceptable_acceptable,acceptable,x11 seasonal,x11 seasonal,success,smooth_acceptable,COMPARABLE,1,1,1,13880.0,13680.0,11700.0,12820.0,8980.0,9940.0,10607.0,10657.0,9858.0,10675.0,9427.0,10121.0,13503.0,13909.0,12962.0,10064.0,8625.0,9276.0,-3273.0,-3023.0,-1842.0,-2145.0,447.0,181.0,-377.0,229.0,1262.0,-2756.0,-355.0,-664.0,3273.0,3023.0,1842.0,2145.0,447.0,181.0,377.0,229.0,1262.0,2756.0,355.0,664.0,10712529,9138529.0,3392964.0,4601025.0,199809.0,32761.0,142129.0,52441.0,1592644.0,7595536.0,126025.0,440896.0,1,1,1,1,1,1,3273.0,3023.0,1842.0,2145.0,447.0,181.0,377.0,229.0,1262.0,2756.0,355.0,664.0,3273.0,3023.0,1842.0,2145.0,447.0,181.0,377.0,229.0,1262.0,2756.0,355.0,664.0,0.23580691642651297,0.2209795321637427,0.15743589743589745,0.1673166926677067,0.04977728285077951,0.018209255533199194,0.027161383285302595,0.016739766081871346,0.10786324786324786,0.21497659906396255,0.03953229398663697,0.06680080482897384,-0.23580691642651297,-0.2209795321637427,-0.15743589743589745,-0.1673166926677067,0.04977728285077951,0.018209255533199194,-0.027161383285302595,0.016739766081871346,0.10786324786324786,-0.21497659906396255,-0.03953229398663697,-0.06680080482897384,ML,ML,ML,SCP,ML,SCP,AutoARIMA,AutoARIMA,AutoARIMA,x11 seasonal,AutoARIMA,x11 seasonal,SCP,SCP,SCP,ML,SCP,ML,x11 seasonal,x11 seasonal,x11 seasonal,AutoARIMA,x11 seasonal,AutoARIMA,88.48151542926979,92.42474363215348,31.487513572204133,22.16981132075471,20.581655480984338,72.7409638554217,31740.0,30223.0,27965.0,-1517.0,-3775.0,2773.0,3775.0,4833595.0,8162457.0,3,924.3333333333334,1258.3333333333333,1269.3298756955708,1649.4905274053563,0.0873660995589162,0.11893509766855703,-0.04779458097038437,-0.11893509766855703,SCP,x11 seasonal,ML,AutoARIMA,26.543046357615896,39260.0,31122.0,40374.0,-8138.0,1114.0,8138.0,1868.0,23244022,1787214.0,3,2712.6666666666665,622.6666666666666,2783.5242649083075,771.8406571307319,0.20728476821192052,0.04758023433520122,-0.20728476821192052,0.02837493632195619,ML,AutoARIMA,SCP,x11 seasonal,77.04595723765053,71000.0,61345.0,68339.0,-9655.0,-2661.0,10911.0,5643.0,28077617,9949671.0,6,1818.5,940.5,2163.2389681524633,1287.741627812039,0.15367605633802817,0.07947887323943661,-0.13598591549295774,-0.03747887323943662,ML,AutoARIMA,SCP,x11 seasonal,48.28155072862249,2026-07-11 12:55:22.869,0,,"
"10500,63,62,10467,1,295,""MERCADONA, 1003 ZGZ PEREC"",""327"",,,,AutoETS,smooth_acceptable,smooth_acceptable_acceptable,acceptable,x11 lineal,x11 lineal,success,smooth_acceptable,COMPARABLE,1,1,1,23040.0,24000.0,21570.0,23130.0,18180.0,20390.0,20299.0,20485.0,20624.0,21460.0,20452.0,21016.0,22339.0,22614.0,21776.0,23501.0,19340.0,20403.0,-2741.0,-3515.0,-946.0,-1670.0,2272.0,626.0,-701.0,-1386.0,206.0,371.0,1160.0,13.0,2741.0,3515.0,946.0,1670.0,2272.0,626.0,701.0,1386.0,206.0,371.0,1160.0,13.0,7513081.0,12355225,894916.0,2788900.0,5161984.0,391876.0,491401.0,1920996.0,42436.0,137641.0,1345600.0,169.0,1,1,1,1,1,1,2741.0,3515.0,946.0,1670.0,2272.0,626.0,701.0,1386.0,206.0,371.0,1160.0,13.0,2741.0,3515.0,946.0,1670.0,2272.0,626.0,701.0,1386.0,206.0,371.0,1160.0,13.0,0.11896701388888889,0.14645833333333333,0.043857209086694486,0.07220060527453523,0.12497249724972498,0.030701324178518882,0.03042534722222222,0.05775,0.009550301344459899,0.016039775183744054,0.0638063806380638,0.0006375674350172,-0.11896701388888889,-0.14645833333333333,-0.043857209086694486,-0.07220060527453523,0.12497249724972498,0.030701324178518882,-0.03042534722222222,-0.05775,0.009550301344459899,0.016039775183744054,0.0638063806380638,0.0006375674350172,ML,ML,ML,ML,ML,ML,AutoETS,AutoETS,AutoETS,AutoETS,AutoETS,AutoETS,SCP,SCP,SCP,SCP,SCP,SCP,x11 lineal,x11 lineal,x11 lineal,x11 lineal,x11 lineal,x11 lineal,74.42539219263044,60.56899004267425,78.22410147991545,77.78443113772455,48.943661971830984,97.92332268370608,61700.0,62928.0,63244.0,1228.0,1544.0,4568.0,1544.0,8342760.0,1483410.0,3,1522.6666666666667,514.6666666666666,1667.6090668978745,703.1856084989225,0.0740356564019449,0.025024311183144247,0.019902755267423015,0.025024311183144247,ML,AutoETS,SCP,x11 lineal,66.19964973730298,68610.0,61408.0,66729.0,-7202.0,-1881.0,7202.0,2293.0,20763222,2454833.0,3,2400.6666666666665,764.3333333333334,2630.793416443032,904.5870144251833,0.104970120973619,0.033420784142253315,-0.104970120973619,-0.027415828596414518,ML,AutoETS,SCP,x11 lineal,68.16162177173007,130310.0,124336.0,129973.0,-5974.0,-337.0,11770.0,3837.0,29105982,3938243.0,6,1961.6666666666667,639.5,2202.497900112506,810.1690152883739,0.09032307574246029,0.029445169211879365,-0.04584452459519607,-0.0025861407413091857,ML,AutoETS,SCP,x11 lineal,67.4001699235344,2026-07-11 12:55:22.869,0,,"
"10501,63,62,10467,1,296,""MERCADONA, 1025 GUADIX FR"",""437"",,,,HistoricAverage,intermittent_newRelease,intermittent_newRelease_newRelease,newRelease,syntetos-boylan,syntetos-boylan,success,intermittent_newRelease,COMPARABLE,1,1,1,0.0,0.0,0.0,0.0,9744.0,10328.0,4371.0,4370.0,4371.0,2112.0,2112.0,2112.0,0.0,0.0,0.0,5546.0,5546.0,5546.0,4371.0,4370.0,4371.0,2112.0,-7632.0,-8216.0,0.0,0.0,0.0,5546.0,-4198.0,-4782.0,4371.0,4370.0,4371.0,2112.0,7632.0,8216.0,0.0,0.0,0.0,5546.0,4198.0,4782.0,19105641,19096900,19105641,4460544.0,58247424,67502656,0.0,0.0,0.0,30758116,17623204,22867524,0,0,0,0,1,1,,,,,7632.0,8216.0,,,,,4198.0,4782.0,,,,,7632.0,8216.0,,,,,4198.0,4782.0,,,,,0.7832512315270936,0.7955073586367157,,,,,0.43082922824302133,0.46301316808675447,,,,,-0.7832512315270936,-0.7955073586367157,,,,,-0.43082922824302133,-0.46301316808675447,,,,,ML,ML,,,,,HistoricAverage,HistoricAverage,,,,,SCP,SCP,,,,,syntetos-boylan,syntetos-boylan,,,,,44.99475890985325,41.79649464459591,20072.0,6336.0,16638.0,-13736.0,-3434.0,17960.0,14526.0,130210624,71248844,2,8980.0,7263.0,8068.786277997454,5968.619773448465,0.8947787963332005,0.7236946990833001,-0.6843363889996015,-0.17108409724990037,ML,HistoricAverage,SCP,syntetos-boylan,19.120267260579066,0.0,13112.0,0.0,13112.0,0.0,13112.0,0.0,57308182,0.0,0,,,,,,,,,,,,,,20072.0,19448.0,16638.0,-624.0,-3434.0,31072.0,14526.0,187518806,71248844,2,15536.0,7263.0,9682.943922175735,5968.619773448465,1.5480271024312475,0.7236946990833001,-0.031088082901554404,-0.17108409724990037,ML,HistoricAverage,SCP,syntetos-boylan,53.2505149330587,2026-07-11 12:55:22.869,0,,"
"10502,63,62,10467,1,297,""MERCADONA, 1105 PARC SAGU"",""354"",,,,AutoARIMA,smooth_acceptable,smooth_acceptable_acceptable,acceptable,x11 lineal,x11 lineal,success,smooth_acceptable,COMPARABLE,1,1,1,77856.0,87336.0,80088.0,101124.0,78840.0,84120.0,51605.0,60520.0,78077.0,95460.0,100788.0,98739.0,97560.0,95908.0,93373.0,67882.0,70071.0,72259.0,-26251.0,-26816.0,-2011.0,-5664.0,21948.0,14619.0,19704.0,8572.0,13285.0,-33242.0,-8769.0,-11861.0,26251.0,26816.0,2011.0,5664.0,21948.0,14619.0,19704.0,8572.0,13285.0,33242.0,8769.0,11861.0,689115001,719097856,4044121.0,32080896,481714704,213715161,388247616,73479184,176491225,1105030564,76895361,140683321,1,1,1,1,1,1,26251.0,26816.0,2011.0,5664.0,21948.0,14619.0,19704.0,8572.0,13285.0,33242.0,8769.0,11861.0,26251.0,26816.0,2011.0,5664.0,21948.0,14619.0,19704.0,8572.0,13285.0,33242.0,8769.0,11861.0,0.3371737566789971,0.30704405972336724,0.02510987913295375,0.05601044262489617,0.27838660578386604,0.17378744650499287,0.2530826140567201,0.0981496748190895,0.16588003196483866,0.32872512954392624,0.11122526636225266,0.14100095102234902,-0.3371737566789971,-0.30704405972336724,-0.02510987913295375,-0.05601044262489617,0.27838660578386604,0.17378744650499287,0.2530826140567201,0.0981496748190895,0.16588003196483866,-0.32872512954392624,-0.11122526636225266,-0.14100095102234902,ML,ML,SCP,SCP,ML,ML,AutoARIMA,AutoARIMA,x11 lineal,x11 lineal,AutoARIMA,AutoARIMA,SCP,SCP,ML,ML,SCP,SCP,x11 lineal,x11 lineal,AutoARIMA,AutoARIMA,x11 lineal,x11 lineal,24.940002285627212,68.03400954653938,84.86262702295821,82.96131400036099,60.04647348277747,18.86585949791367,264084.0,294987.0,210212.0,30903.0,-53872.0,42231.0,53872.0,727510761,1322609246,3,14077.0,17957.333333333332,15572.52667360053,20996.898548753972,0.1599150270368519,0.20399569833840747,0.11701958467760258,-0.20399569833840747,SCP,x11 lineal,ML,AutoARIMA,21.608627858627862,245280.0,190202.0,286841.0,-55078.0,41561.0,55078.0,41561.0,1412256978,638218025,3,18359.333333333332,13853.666666666666,21696.827556119813,14585.586778277611,0.2245515329419439,0.16944308545335943,-0.2245515329419439,0.16944308545335943,ML,AutoARIMA,SCP,x11 lineal,24.541559243255023,509364.0,485189.0,497053.0,-24175.0,-12311.0,97309.0,95433.0,2139767739,1960827271,6,16218.166666666666,15905.5,18884.59574626897,18077.736173721165,0.19104019915031295,0.18735717482978773,-0.047461147627237105,-0.02416935629530159,ML,AutoARIMA,SCP,x11 lineal,1.9278792300815035,2026-07-11 12:55:22.869,0,,"
"10503,63,62,10467,1,298,""MERCADONA, 1151 GETAFE PE"",""334"",,,,AutoTheta,smooth_acceptable,smooth_acceptable_acceptable,acceptable,x11 seasonal,x11 seasonal,success,smooth_acceptable,COMPARABLE,1,1,1,26816.0,35584.0,32928.0,37696.0,37120.0,43872.0,31315.0,38991.0,36365.0,36222.0,33918.0,38444.0,29141.0,35310.0,34383.0,37312.0,33920.0,40064.0,4499.0,3407.0,3437.0,-1474.0,-3202.0,-5428.0,2325.0,-274.0,1455.0,-384.0,-3200.0,-3808.0,4499.0,3407.0,3437.0,1474.0,3202.0,5428.0,2325.0,274.0,1455.0,384.0,3200.0,3808.0,20241001,11607649,11812969,2172676.0,10252804,29463184,5405625.0,75076.0,2117025.0,147456.0,10240000,14500864,1,1,1,1,1,1,4499.0,3407.0,3437.0,1474.0,3202.0,5428.0,2325.0,274.0,1455.0,384.0,3200.0,3808.0,4499.0,3407.0,3437.0,1474.0,3202.0,5428.0,2325.0,274.0,1455.0,384.0,3200.0,3808.0,0.16777297136038186,0.09574527877697842,0.10437925170068027,0.03910229202037351,0.08626077586206897,0.1237235594456601,0.08670196897374702,0.007700089928057554,0.04418731778425656,0.010186757215619695,0.08620689655172414,0.08679795769511306,0.16777297136038186,0.09574527877697842,0.10437925170068027,-0.03910229202037351,-0.08626077586206897,-0.1237235594456601,0.08670196897374702,-0.007700089928057554,0.04418731778425656,-0.010186757215619695,-0.08620689655172414,-0.08679795769511306,ML,ML,ML,ML,ML,ML,AutoTheta,AutoTheta,AutoTheta,AutoTheta,AutoTheta,AutoTheta,SCP,SCP,SCP,SCP,SCP,SCP,x11 seasonal,x11 seasonal,x11 seasonal,x11 seasonal,x11 seasonal,x11 seasonal,48.3218492998444,91.9577340769005,57.66656968286297,73.9484396200814,0.062460961898811354,29.845246868091373,118688.0,108584.0,111296.0,-10104.0,-7392.0,10104.0,7392.0,41888664,24888320,3,3368.0,2464.0,3736.6947962069366,2880.2962810562854,0.08513076300889727,0.06228093825829065,-0.08513076300889727,-0.06228093825829065,ML,AutoTheta,SCP,x11 seasonal,26.840855106888352,95328.0,106671.0,98834.0,11343.0,3506.0,11343.0,4054.0,43661619,7597726.0,3,3781.0,1351.3333333333333,3814.953866038225,1591.4067152470275,0.11898917421953675,0.042526854649211146,0.11898917421953675,0.036778281302450484,ML,AutoTheta,SCP,x11 seasonal,64.25989597108348,214016.0,215255.0,210130.0,1239.0,-3886.0,21447.0,11446.0,85550283,32486046,6,3574.5,1907.6666666666667,3776.0270788223966,2326.8736536391484,0.10021213367224881,0.05348198265550239,0.0057892867822966505,-0.018157520933014353,ML,AutoTheta,SCP,x11 seasonal,46.63123047512473,2026-07-11 12:55:22.869,0,,"
"10504,63,62,10467,1,299,SAN ISIDRO,""327"",,,,AutoETS,smooth_acceptable,smooth_acceptable_acceptable,acceptable,x11 seasonal,x11 seasonal,success,smooth_acceptable,COMPARABLE,1,1,1,19600.0,18520.0,19040.0,19590.0,15610.0,17360.0,18527.0,19633.0,18054.0,19307.0,17167.0,18233.0,18524.0,18525.0,18525.0,18621.0,17006.0,18653.0,-1073.0,1113.0,-986.0,-283.0,1557.0,873.0,-1076.0,5.0,-515.0,-969.0,1396.0,1293.0,1073.0,1113.0,986.0,283.0,1557.0,873.0,1076.0,5.0,515.0,969.0,1396.0,1293.0,1151329.0,1238769.0,972196.0,80089.0,2424249.0,762129.0,1157776.0,25.0,265225.0,938961.0,1948816.0,1671849.0,1,1,1,1,1,1,1073.0,1113.0,986.0,283.0,1557.0,873.0,1076.0,5.0,515.0,969.0,1396.0,1293.0,1073.0,1113.0,986.0,283.0,1557.0,873.0,1076.0,5.0,515.0,969.0,1396.0,1293.0,0.05474489795918367,0.06009719222462203,0.05178571428571429,0.014446145992853496,0.0997437540038437,0.050288018433179725,0.05489795918367347,0.0002699784017279,0.027048319327731093,0.04946401225114855,0.08942985265855222,0.0744815668202765,-0.05474489795918367,0.06009719222462203,-0.05178571428571429,-0.014446145992853496,0.0997437540038437,0.050288018433179725,-0.05489795918367347,0.0002699784017279,-0.027048319327731093,-0.04946401225114855,0.08942985265855222,0.0744815668202765,SCP,ML,ML,SCP,ML,SCP,x11 seasonal,AutoETS,AutoETS,x11 seasonal,AutoETS,x11 seasonal,ML,SCP,SCP,ML,SCP,ML,AutoETS,x11 seasonal,x11 seasonal,AutoETS,x11 seasonal,AutoETS,0.2788104089219364,99.55076370170708,47.76876267748479,70.79463364293086,10.340398201669874,32.48259860788863,52560.0,54707.0,54280.0,2147.0,1720.0,2713.0,3658.0,3266467.0,4559626.0,3,904.3333333333334,1219.3333333333333,1043.466498424043,1232.8322405474855,0.05161719939117199,0.06959665144596651,0.04084855403348554,0.03272450532724505,SCP,x11 seasonal,ML,AutoETS,25.833788955713498,57160.0,56214.0,55574.0,-946.0,-1586.0,3172.0,1596.0,3362294.0,1423026.0,3,1057.3333333333333,532.0,1058.6617338256194,688.7249087988614,0.05549335199440168,0.027921623512946116,-0.016550034989503148,-0.02774667599720084,ML,AutoETS,SCP,x11 seasonal,49.68474148802018,109720.0,110921.0,109854.0,1201.0,134.0,5885.0,5254.0,6628761.0,5982652.0,6,980.8333333333334,875.6666666666666,1051.09157545858,998.5532868438553,0.05363652934742982,0.0478855267954794,0.010946044476850164,0.0012212905577834489,ML,AutoETS,SCP,x11 seasonal,10.722175021240444,2026-07-11 12:55:22.869,0,,"
"10505,63,62,10467,1,300,""MERCADONA, 1246 RIBARROJA"",""324"",,,,HistoricAverage,smooth_recentRelease,smooth_recentRelease_recentRelease,recentRelease,average,average,success,smooth_recentRelease,COMPARABLE,1,1,1,20640.0,20688.0,19296.0,20304.0,16992.0,18792.0,18733.0,18734.0,18733.0,18208.0,18209.0,18209.0,18072.0,18072.0,18072.0,17604.0,17604.0,17604.0,-1907.0,-1954.0,-563.0,-2096.0,1217.0,-583.0,-2568.0,-2616.0,-1224.0,-2700.0,612.0,-1188.0,1907.0,1954.0,563.0,2096.0,1217.0,583.0,2568.0,2616.0,1224.0,2700.0,612.0,1188.0,3636649.0,3818116.0,316969.0,4393216.0,1481089.0,339889.0,6594624.0,6843456.0,1498176.0,7290000.0,374544.0,1411344.0,1,1,1,1,1,1,1907.0,1954.0,563.0,2096.0,1217.0,583.0,2568.0,2616.0,1224.0,2700.0,612.0,1188.0,1907.0,1954.0,563.0,2096.0,1217.0,583.0,2568.0,2616.0,1224.0,2700.0,612.0,1188.0,0.09239341085271317,0.09445088940448569,0.02917703150912106,0.10323089046493301,0.07162193973634652,0.03102383993188591,0.12441860465116279,0.12645011600928074,0.06343283582089553,0.13297872340425532,0.036016949152542374,0.06321839080459771,-0.09239341085271317,-0.09445088940448569,-0.02917703150912106,-0.10323089046493301,0.07162193973634652,-0.03102383993188591,-0.12441860465116279,-0.12645011600928074,-0.06343283582089553,-0.13297872340425532,0.036016949152542374,-0.06321839080459771,SCP,SCP,SCP,SCP,ML,SCP,average,average,average,average,HistoricAverage,average,ML,ML,ML,ML,SCP,ML,HistoricAverage,HistoricAverage,HistoricAverage,HistoricAverage,average,HistoricAverage,25.739875389408105,25.30581039755352,54.00326797385622,22.37037037037037,49.712407559572725,50.92592592592592,56088.0,54626.0,52812.0,-1462.0,-3276.0,3896.0,4500.0,6214194.0,9075888.0,3,1298.6666666666667,1500.0,1439.2352135769886,1739.337805028109,0.06946227357010412,0.08023106546854943,-0.026066181714448723,-0.05840821566110398,SCP,average,ML,HistoricAverage,13.422222222222228,60624.0,56200.0,54216.0,-4424.0,-6408.0,4424.0,6408.0,7771734.0,14936256,3,1474.6666666666667,2136.0,1609.5272597877924,2231.3117218353873,0.07297439957772499,0.10570071258907364,-0.07297439957772499,-0.10570071258907364,SCP,average,ML,HistoricAverage,30.961298377028722,116712.0,110826.0,107028.0,-5886.0,-9684.0,8320.0,10908.0,13985928,24012144,6,1386.6666666666667,1818.0,1526.7573481074194,2000.5059360071891,0.07128658578380972,0.09346082665021592,-0.050431832202344234,-0.08297347316471314,SCP,average,ML,HistoricAverage,23.72570590392372,2026-07-11 12:55:22.869,0,,"
"10506,63,62,10467,1,301,""MERCADONA, 1151 GETAFE PE"",""354"",,,,,,,,preserve current forecast,preserve current forecast,success,,NOT_COMPARABLE_MISSING_SCP_AND_ML,1,0,0,0.0,0.0,0.0,0.0,0.0,0.0,,,,,,,,,,,,,,,,,,,,,,,,,,,,,,,,,,,,,,,,,,,,,,,,,,,,,,,,,,,,,,,,,,,,,,,,,,,,,,,,,,,,,,,,,,,,,,,,,,,,,,,,,,,,,,,,,,,,,,,,,,,,,,,,,,,,,,,,,,,,,,,,,,,,,,,,,,,,,,,,,,,,,,,,,,,,,,,,,,,,,,,,,,,,,,,,,,,,,,,,,,2026-07-11 12:55:22.869,1,MissingHistory,NoForecastRowsMaterialized"
"10507,63,62,10467,1,302,""MERCADONA, 1041 ABRERA FR"",""327"",,,,AutoETS,smooth_acceptable,smooth_acceptable_acceptable,acceptable,x11 lineal,x11 lineal,success,smooth_acceptable,COMPARABLE,1,1,1,106690.0,110100.0,104820.0,112720.0,91680.0,96800.0,98581.0,98494.0,97996.0,97733.0,93437.0,95734.0,105252.0,104338.0,103565.0,92415.0,84630.0,92010.0,-8109.0,-11606.0,-6824.0,-14987.0,1757.0,-1066.0,-1438.0,-5762.0,-1255.0,-20305.0,-7050.0,-4790.0,8109.0,11606.0,6824.0,14987.0,1757.0,1066.0,1438.0,5762.0,1255.0,20305.0,7050.0,4790.0,65755881,134699236,46566976,224610169,3087049.0,1136356.0,2067844.0,33200644,1575025.0,412293025,49702500,22944100,1,1,1,1,1,1,8109.0,11606.0,6824.0,14987.0,1757.0,1066.0,1438.0,5762.0,1255.0,20305.0,7050.0,4790.0,8109.0,11606.0,6824.0,14987.0,1757.0,1066.0,1438.0,5762.0,1255.0,20305.0,7050.0,4790.0,0.07600524885181367,0.10541326067211626,0.0651020797557718,0.13295777146912705,0.019164485165794068,0.011012396694214876,0.013478301621520292,0.05233424159854678,0.011972905933982064,0.18013662171753017,0.0768979057591623,0.04948347107438016,-0.07600524885181367,-0.10541326067211626,-0.0651020797557718,-0.13295777146912705,0.019164485165794068,-0.011012396694214876,-0.013478301621520292,-0.05233424159854678,-0.011972905933982064,-0.18013662171753017,-0.0768979057591623,-0.04948347107438016,ML,ML,ML,SCP,SCP,SCP,AutoETS,AutoETS,AutoETS,x11 lineal,x11 lineal,x11 lineal,SCP,SCP,SCP,ML,ML,ML,x11 lineal,x11 lineal,x11 lineal,AutoETS,AutoETS,AutoETS,82.2666173387594,50.35326555230053,81.60902696365768,26.19059344988919,75.07801418439716,77.74530271398747,301200.0,286904.0,269055.0,-14296.0,-32145.0,17810.0,32145.0,228833574,484939625,3,5936.666666666667,10715.0,8733.719597055999,12714.0293245952,0.05913014608233732,0.10672310756972112,-0.047463479415670654,-0.10672310756972112,SCP,x11 lineal,ML,AutoETS,44.59480479079173,321610.0,295071.0,313155.0,-26539.0,-8455.0,26539.0,8455.0,247022093,36843513,3,8846.333333333334,2818.3333333333335,9074.177520120855,3504.4501708541957,0.08251920027362333,0.026289605422716956,-0.08251920027362333,-0.026289605422716956,ML,AutoETS,SCP,x11 lineal,68.14122612004975,622810.0,581975.0,582210.0,-40835.0,-40600.0,44349.0,40600.0,475855667,521783138,6,7391.5,6766.666666666667,8905.575659851154,9325.441347911279,0.07120791252548932,0.06518842022446653,-0.06556574236123376,-0.06518842022446653,ML,AutoETS,SCP,x11 lineal,8.453403684412287,2026-07-11 12:55:22.869,0,,"
"10508,63,62,10467,1,303,""MERCADONA, 927 CIEMPOZUEL"",""430"",,,,HistoricAverage,smooth_newRelease,smooth_newRelease_newRelease,newRelease,average,average,success,smooth_newRelease,COMPARABLE,1,1,1,11496.0,13464.0,13008.0,15144.0,14472.0,16248.0,15002.0,15003.0,15002.0,12528.0,12528.0,12528.0,0.0,0.0,0.0,14598.0,14598.0,14598.0,3506.0,1539.0,1994.0,-2616.0,-1944.0,-3720.0,-11496.0,-13464.0,-13008.0,-546.0,126.0,-1650.0,3506.0,1539.0,1994.0,2616.0,1944.0,3720.0,11496.0,13464.0,13008.0,546.0,126.0,1650.0,12292036,2368521.0,3976036.0,6843456.0,3779136.0,13838400,132158016,181279296,169208064,298116.0,15876.0,2722500.0,1,1,1,1,1,1,3506.0,1539.0,1994.0,2616.0,1944.0,3720.0,11496.0,13464.0,13008.0,546.0,126.0,1650.0,3506.0,1539.0,1994.0,2616.0,1944.0,3720.0,11496.0,13464.0,13008.0,546.0,126.0,1650.0,0.3049756437021573,0.1143048128342246,0.15329028290282903,0.17274167987321712,0.13432835820895522,0.22895125553914328,1.0,1.0,1.0,0.036053882725832015,0.008706467661691543,0.10155096011816839,0.3049756437021573,0.1143048128342246,0.15329028290282903,-0.17274167987321712,-0.13432835820895522,-0.22895125553914328,-1.0,-1.0,-1.0,-0.036053882725832015,0.008706467661691543,-0.10155096011816839,SCP,SCP,SCP,ML,ML,ML,average,average,average,HistoricAverage,HistoricAverage,HistoricAverage,ML,ML,ML,SCP,SCP,SCP,HistoricAverage,HistoricAverage,HistoricAverage,average,average,average,69.50243562978426,88.56951871657755,84.6709717097171,79.12844036697247,93.51851851851852,55.645161290322584,45864.0,37584.0,43794.0,-8280.0,-2070.0,8280.0,2322.0,24460992,3036492.0,3,2760.0,774.0,2855.462134226262,1006.0636162788117,0.18053375196232338,0.05062794348508634,-0.18053375196232338,-0.045133437990580845,ML,HistoricAverage,SCP,average,71.95652173913044,37968.0,45007.0,0.0,7039.0,-37968.0,7039.0,37968.0,18636593,482645376,3,2346.3333333333335,12656.0,2492.4280664979415,12683.918637392784,0.18539296249473242,1.0,0.18539296249473242,-1.0,SCP,average,ML,HistoricAverage,81.46070375052676,83832.0,82591.0,43794.0,-1241.0,-40038.0,15319.0,40290.0,43097585,485681868,6,2553.1666666666665,6715.0,2680.099034239842,8997.0538511226,0.18273451665235232,0.48060406527340394,-0.014803416356522568,-0.47759805324935584,SCP,average,ML,HistoricAverage,61.97815835194837,2026-07-11 12:55:22.869,0,,"
"10509,63,62,10467,1,304,""MERCADONA, 927 CIEMPOZUEL"",""324"",,,,AutoETS,smooth_acceptable,smooth_acceptable_acceptable,acceptable,x11 lineal,x11 lineal,success,smooth_acceptable,COMPARABLE,1,1,1,52776.0,55536.0,47748.0,51840.0,47616.0,53568.0,50252.0,50737.0,47955.0,45549.0,44001.0,48010.0,50279.0,52182.0,49754.0,50470.0,45097.0,52460.0,-2524.0,-4799.0,207.0,-6291.0,-3615.0,-5558.0,-2497.0,-3354.0,2006.0,-1370.0,-2519.0,-1108.0,2524.0,4799.0,207.0,6291.0,3615.0,5558.0,2497.0,3354.0,2006.0,1370.0,2519.0,1108.0,6370576.0,23030401,42849.0,39576681,13068225,30891364,6235009.0,11249316,4024036.0,1876900.0,6345361.0,1227664.0,1,1,1,1,1,1,2524.0,4799.0,207.0,6291.0,3615.0,5558.0,2497.0,3354.0,2006.0,1370.0,2519.0,1108.0,2524.0,4799.0,207.0,6291.0,3615.0,5558.0,2497.0,3354.0,2006.0,1370.0,2519.0,1108.0,0.04782476883431863,0.08641241717084414,0.004335260115606936,0.12135416666666667,0.07591985887096774,0.10375597371565114,0.047313172654236776,0.060393258426966294,0.04201223087878026,0.02642746913580247,0.05290238575268817,0.020683990442054958,-0.04782476883431863,-0.08641241717084414,0.004335260115606936,-0.12135416666666667,-0.07591985887096774,-0.10375597371565114,-0.047313172654236776,-0.060393258426966294,0.04201223087878026,-0.02642746913580247,-0.05290238575268817,-0.020683990442054958,ML,ML,SCP,ML,ML,ML,AutoETS,AutoETS,x11 lineal,AutoETS,AutoETS,AutoETS,SCP,SCP,ML,SCP,SCP,SCP,x11 lineal,x11 lineal,AutoETS,x11 lineal,x11 lineal,x11 lineal,1.0697305863708395,30.110439674932277,89.68095712861415,78.22285805118423,30.318118948824335,80.06477150053975,153024.0,137560.0,148027.0,-15464.0,-4997.0,15464.0,4997.0,83536270,9449925.0,3,5154.666666666667,1665.6666666666667,5276.876285581588,1774.8168919637878,0.10105604349644501,0.03265500836470096,-0.10105604349644501,-0.03265500836470096,ML,AutoETS,SCP,x11 lineal,67.6862390067253,156060.0,148944.0,152215.0,-7116.0,-3845.0,7530.0,7857.0,29443826,21508361,3,2510.0,2619.0,3132.827583297023,2677.583549894693,0.048250672818146864,0.050346020761245676,-0.04559784698193003,-0.024637959759067025,SCP,x11 lineal,ML,AutoETS,4.161893852615509,309084.0,286504.0,300242.0,-22580.0,-8842.0,22994.0,12854.0,112980096,30958286,6,3832.3333333333335,2142.3333333333335,4339.356634341087,2271.5004585809206,0.074394015866237,0.0415874001889454,-0.07305457416106949,-0.028607110041283277,ML,AutoETS,SCP,x11 lineal,44.09846046794816,2026-07-11 12:55:22.869,0,,"
"10510,63,62,10467,1,305,""MERCADONA, 927 CIEMPOZUEL"",""330"",,,,AutoARIMA,smooth_acceptable,smooth_acceptable_acceptable,acceptable,x11 lineal,x11 lineal,success,smooth_acceptable,COMPARABLE,1,1,1,21360.0,22872.0,20616.0,22176.0,18600.0,20784.0,22534.0,22938.0,20739.0,19854.0,18961.0,19577.0,22764.0,24131.0,22991.0,20907.0,20178.0,21216.0,1174.0,66.0,123.0,-2322.0,361.0,-1207.0,1404.0,1259.0,2375.0,-1269.0,1578.0,432.0,1174.0,66.0,123.0,2322.0,361.0,1207.0,1404.0,1259.0,2375.0,1269.0,1578.0,432.0,1378276.0,4356.0,15129.0,5391684.0,130321.0,1456849.0,1971216.0,1585081.0,5640625.0,1610361.0,2490084.0,186624.0,1,1,1,1,1,1,1174.0,66.0,123.0,2322.0,361.0,1207.0,1404.0,1259.0,2375.0,1269.0,1578.0,432.0,1174.0,66.0,123.0,2322.0,361.0,1207.0,1404.0,1259.0,2375.0,1269.0,1578.0,432.0,0.0549625468164794,0.0028856243441762854,0.005966239813736903,0.10470779220779221,0.019408602150537635,0.058073518090839105,0.06573033707865168,0.055045470444211264,0.11520178502134265,0.057224025974025976,0.08483870967741935,0.020785219399538105,0.0549625468164794,0.0028856243441762854,0.005966239813736903,-0.10470779220779221,0.019408602150537635,-0.058073518090839105,0.06573033707865168,0.055045470444211264,0.11520178502134265,-0.057224025974025976,0.08483870967741935,0.020785219399538105,SCP,SCP,SCP,ML,SCP,ML,x11 lineal,x11 lineal,x11 lineal,AutoARIMA,x11 lineal,AutoARIMA,ML,ML,ML,SCP,ML,SCP,AutoARIMA,AutoARIMA,AutoARIMA,x11 lineal,AutoARIMA,x11 lineal,16.38176638176638,94.75774424146147,94.82105263157894,45.348837209302324,77.12294043092523,64.20878210439105,61560.0,58392.0,62301.0,-3168.0,741.0,3890.0,3279.0,6978854.0,4287069.0,3,1296.6666666666667,1093.0,1525.2162688178573,1195.4175002901707,0.06319038336582196,0.05326510721247563,-0.05146198830409357,0.012037037037037037,ML,AutoARIMA,SCP,x11 lineal,15.706940874035984,64848.0,66211.0,69886.0,1363.0,5038.0,1363.0,5038.0,1397761.0,9196922.0,3,454.3333333333333,1679.3333333333333,682.5835724168385,1750.8971033920486,0.021018381445842584,0.07768936590180113,0.021018381445842584,0.07768936590180113,SCP,x11 lineal,ML,AutoARIMA,72.94561333862643,126408.0,124603.0,132187.0,-1805.0,5779.0,5253.0,8317.0,8376615.0,13483991,6,875.5,1386.1666666666667,1181.5678143890007,1499.1103472837926,0.04155591418264667,0.06579488639959497,-0.014279159546864123,0.04571704322511234,SCP,x11 lineal,ML,AutoARIMA,36.84020680533847,2026-07-11 12:55:22.869,0,,"
"10511,63,62,10467,1,306,""MERCADONA, 1105 PARC SAGU"",""334"",,,,AutoETS,smooth_acceptable,smooth_acceptable_acceptable,acceptable,x11 lineal,x11 lineal,success,smooth_acceptable,COMPARABLE,1,1,1,41840.0,49456.0,49648.0,64128.0,51024.0,60368.0,27086.0,43633.0,47789.0,60155.0,64645.0,76959.0,62368.0,62356.0,62345.0,54832.0,54832.0,54832.0,-14754.0,-5823.0,-1859.0,-3973.0,13621.0,16591.0,20528.0,12900.0,12697.0,-9296.0,3808.0,-5536.0,14754.0,5823.0,1859.0,3973.0,13621.0,16591.0,20528.0,12900.0,12697.0,9296.0,3808.0,5536.0,217680516,33907329,3455881.0,15784729,185531641,275261281,421398784,166410000,161213809,86415616,14500864,30647296,1,1,1,1,1,1,14754.0,5823.0,1859.0,3973.0,13621.0,16591.0,20528.0,12900.0,12697.0,9296.0,3808.0,5536.0,14754.0,5823.0,1859.0,3973.0,13621.0,16591.0,20528.0,12900.0,12697.0,9296.0,3808.0,5536.0,0.35262906309751435,0.11774102232287285,0.0374436029648727,0.06195421656686627,0.2669528065224208,0.27483103631062816,0.4906309751434034,0.2608379165318667,0.25574041250402835,0.14496007984031936,0.07463154593916588,0.09170421415319374,-0.35262906309751435,-0.11774102232287285,-0.0374436029648727,-0.06195421656686627,0.2669528065224208,0.27483103631062816,0.4906309751434034,0.2608379165318667,0.25574041250402835,-0.14496007984031936,0.07463154593916588,-0.09170421415319374,SCP,SCP,SCP,SCP,ML,ML,x11 lineal,x11 lineal,x11 lineal,x11 lineal,AutoETS,AutoETS,ML,ML,ML,ML,SCP,SCP,AutoETS,AutoETS,AutoETS,AutoETS,x11 lineal,x11 lineal,28.127435697583785,54.860465116279066,85.35874616051035,57.26118760757315,72.04316863666398,66.63251160267615,175520.0,201759.0,164496.0,26239.0,-11024.0,34185.0,18640.0,476577651,131563776,3,11395.0,6213.333333333333,12603.93656759665,6622.279969919726,0.194764129443938,0.10619872379216044,0.14949293527803098,-0.06280765724703738,ML,AutoETS,SCP,x11 lineal,45.47316074301594,140944.0,118508.0,187069.0,-22436.0,46125.0,22436.0,46125.0,255043726,749022593,3,7478.666666666667,15375.0,9220.334881843139,15801.082167581644,0.15918378930639118,0.3272576342377114,-0.15918378930639118,0.3272576342377114,SCP,x11 lineal,ML,AutoETS,51.358265582655825,316464.0,320267.0,351565.0,3803.0,35101.0,56621.0,64765.0,731621377,880586369,6,9436.833333333334,10794.166666666666,11042.504071390089,12114.635563372649,0.17891766520046515,0.2046520299307346,0.01201716466959907,0.1109162495576116,SCP,x11 lineal,ML,AutoETS,12.57469312128464,2026-07-11 12:55:22.869,0,,"
"10512,63,62,10467,1,307,"""",""80"",,,,,,,,preserve current forecast,preserve current forecast,success,,NOT_COMPARABLE_MISSING_SCP_AND_ML,1,0,0,0.0,0.0,0.0,0.0,0.0,0.0,,,,,,,,,,,,,,,,,,,,,,,,,,,,,,,,,,,,,,,,,,,,,,,,,,,,,,,,,,,,,,,,,,,,,,,,,,,,,,,,,,,,,,,,,,,,,,,,,,,,,,,,,,,,,,,,,,,,,,,,,,,,,,,,,,,,,,,,,,,,,,,,,,,,,,,,,,,,,,,,,,,,,,,,,,,,,,,,,,,,,,,,,,,,,,,,,,,,,,,,,,2026-07-11 12:55:22.869,1,MissingHistory,NoForecastRowsMaterialized"
"10513,63,62,10467,1,308,""MERCADONA, 910 HUEVAR"",""437"",,,,HistoricAverage,intermittent_newRelease,intermittent_newRelease_newRelease,newRelease,syntetos-boylan,syntetos-boylan,success,intermittent_newRelease,COMPARABLE,1,1,1,0.0,0.0,0.0,0.0,15184.0,18568.0,7181.0,7182.0,7181.0,4512.0,4512.0,4512.0,0.0,0.0,0.0,9566.0,9566.0,9566.0,7181.0,7182.0,7181.0,4512.0,-10672.0,-14056.0,0.0,0.0,0.0,9566.0,-5618.0,-9002.0,7181.0,7182.0,7181.0,4512.0,10672.0,14056.0,0.0,0.0,0.0,9566.0,5618.0,9002.0,51566761,51581124,51566761,20358144,113891584,197571136,0.0,0.0,0.0,91508356,31561924,81036004,0,0,0,0,1,1,,,,,10672.0,14056.0,,,,,5618.0,9002.0,,,,,10672.0,14056.0,,,,,5618.0,9002.0,,,,,0.702845100105374,0.7570012925463162,,,,,0.36999473129610116,0.48481258078414474,,,,,-0.702845100105374,-0.7570012925463162,,,,,-0.36999473129610116,-0.48481258078414474,,,,,ML,ML,,,,,HistoricAverage,HistoricAverage,,,,,SCP,SCP,,,,,syntetos-boylan,syntetos-boylan,,,,,47.3575712143928,35.95617529880478,33752.0,13536.0,28698.0,-20216.0,-5054.0,29240.0,24186.0,331820864,204106284,2,14620.0,12093.0,12880.622345212983,10102.135516810295,0.8663190329461958,0.716579758236549,-0.5989570988385874,-0.14973927470964685,ML,HistoricAverage,SCP,syntetos-boylan,17.284541723666212,0.0,21544.0,0.0,21544.0,0.0,21544.0,0.0,154714646,0.0,0,,,,,,,,,,,,,,33752.0,35080.0,28698.0,1328.0,-5054.0,50784.0,24186.0,486535510,204106284,2,25392.0,12093.0,15597.043149263902,10102.135516810295,1.504621948328988,0.716579758236549,0.03934581654420479,-0.14973927470964685,ML,HistoricAverage,SCP,syntetos-boylan,52.374763705103966,2026-07-11 12:55:22.869,0,,"
"10514,63,62,10467,1,309,""MERCADONA, 1073 VITORIA FRIO"",""351"",,,,AutoARIMA,smooth_acceptable,smooth_acceptable_acceptable,acceptable,x11 lineal,x11 lineal,success,smooth_acceptable,NOT_COMPARABLE_NO_HISTORY,1,1,1,0.0,0.0,0.0,0.0,0.0,0.0,18.0,11.0,0.0,98.0,63.0,302.0,0.0,0.0,0.0,0.0,0.0,0.0,,,,,,,,,,,,,,,,,,,,,,,,,,,,,,,,,,,,,,,,,,,,,,,,,,,,,,,,,,,,,,,,,,,,,,,,,,,,,,,,,,,,,,,,,,,,,,,,,,,,,,,,,,,,,,,,,,,,,,,,,,,,,,,,,,,,,,,,,,,,,,,,,,,,,,,,,,,,,,,,,,,,,,,,,,,,,,,,,,,,,,,,,,,,,,2026-07-11 12:55:22.869,0,,"
"10515,63,62,10467,1,310,""MERCADONA, 910 HUEVAR"",""460"",,,,,,,,preserve current forecast,preserve current forecast,success,,NOT_COMPARABLE_MISSING_SCP_AND_ML,1,0,0,0.0,0.0,0.0,0.0,0.0,0.0,,,,,,,,,,,,,,,,,,,,,,,,,,,,,,,,,,,,,,,,,,,,,,,,,,,,,,,,,,,,,,,,,,,,,,,,,,,,,,,,,,,,,,,,,,,,,,,,,,,,,,,,,,,,,,,,,,,,,,,,,,,,,,,,,,,,,,,,,,,,,,,,,,,,,,,,,,,,,,,,,,,,,,,,,,,,,,,,,,,,,,,,,,,,,,,,,,,,,,,,,,2026-07-11 12:55:22.869,1,MissingHistory,NoForecastRowsMaterialized"
"10516,63,62,10467,1,311,""MERCADONA, 1041 ABRERA FR"",""353"",,,,AutoTheta,smooth_acceptable,smooth_acceptable_acceptable,acceptable,x11 seasonal,x11 seasonal,success,smooth_acceptable,COMPARABLE,1,1,1,48576.0,55904.0,49760.0,54808.0,49208.0,56432.0,47372.0,53586.0,49119.0,52974.0,49080.0,56231.0,46381.0,52213.0,48285.0,51913.0,47502.0,56531.0,-1204.0,-2318.0,-641.0,-1834.0,-128.0,-201.0,-2195.0,-3691.0,-1475.0,-2895.0,-1706.0,99.0,1204.0,2318.0,641.0,1834.0,128.0,201.0,2195.0,3691.0,1475.0,2895.0,1706.0,99.0,1449616.0,5373124.0,410881.0,3363556.0,16384.0,40401.0,4818025.0,13623481,2175625.0,8381025.0,2910436.0,9801.0,1,1,1,1,1,1,1204.0,2318.0,641.0,1834.0,128.0,201.0,2195.0,3691.0,1475.0,2895.0,1706.0,99.0,1204.0,2318.0,641.0,1834.0,128.0,201.0,2195.0,3691.0,1475.0,2895.0,1706.0,99.0,0.024785902503293808,0.04146393817973669,0.012881832797427653,0.033462268282002626,0.002601203056413591,0.0035618089027502128,0.04518692358366271,0.06602389811104752,0.029642282958199356,0.05282075609400087,0.034669159486262396,0.0017543237879217466,-0.024785902503293808,-0.04146393817973669,-0.012881832797427653,-0.033462268282002626,-0.002601203056413591,-0.0035618089027502128,-0.04518692358366271,-0.06602389811104752,-0.029642282958199356,-0.05282075609400087,-0.034669159486262396,0.0017543237879217466,SCP,SCP,SCP,SCP,SCP,ML,x11 seasonal,x11 seasonal,x11 seasonal,x11 seasonal,x11 seasonal,AutoTheta,ML,ML,ML,ML,ML,SCP,AutoTheta,AutoTheta,AutoTheta,AutoTheta,AutoTheta,x11 seasonal,45.14806378132118,37.19859116770524,56.54237288135594,36.649395509499136,92.4970691676436,50.74626865671642,160448.0,158285.0,155946.0,-2163.0,-4502.0,2163.0,4700.0,3420341.0,11301262,3,721.0,1566.6666666666667,1067.7610531699809,1940.8985891419813,0.013481003191065018,0.02929297965696051,-0.013481003191065018,-0.028058934982050258,SCP,x11 seasonal,ML,AutoTheta,53.97872340425533,154240.0,150077.0,146879.0,-4163.0,-7361.0,4163.0,7361.0,7233621.0,20617131,3,1387.6666666666667,2453.6666666666665,1552.8061694880014,2621.521886233262,0.026990404564315354,0.047724325726141076,-0.026990404564315354,-0.047724325726141076,SCP,x11 seasonal,ML,AutoTheta,43.44518407825023,314688.0,308362.0,302825.0,-6326.0,-11863.0,6326.0,12061.0,10653962,31918393,6,1054.3333333333333,2010.1666666666667,1332.5390550874422,2306.4544579650096,0.020102450681309742,0.038326850721984954,-0.020102450681309742,-0.03769765609111247,SCP,x11 seasonal,ML,AutoTheta,47.549954398474426,2026-07-11 12:55:22.869,0,,"
"10517,63,62,10467,1,312,""MERCADONA, 1041 ABRERA FR"",""459"",,,,,,,,preserve current forecast,preserve current forecast,success,,NOT_COMPARABLE_MISSING_SCP_AND_ML,1,0,0,0.0,0.0,0.0,0.0,0.0,0.0,,,,,,,,,,,,,,,,,,,,,,,,,,,,,,,,,,,,,,,,,,,,,,,,,,,,,,,,,,,,,,,,,,,,,,,,,,,,,,,,,,,,,,,,,,,,,,,,,,,,,,,,,,,,,,,,,,,,,,,,,,,,,,,,,,,,,,,,,,,,,,,,,,,,,,,,,,,,,,,,,,,,,,,,,,,,,,,,,,,,,,,,,,,,,,,,,,,,,,,,,,2026-07-11 12:55:22.869,1,MissingHistory,NoForecastRowsMaterialized"
"10518,63,62,10467,1,313,"""",""326"",,,,,intermittent_obsolete,intermittent_obsolete_obsolete,obsolete,seasonal discrete,seasonal discrete,success,intermittent_obsolete,COMPARABLE,1,1,1,35712.0,1536.0,0.0,0.0,0.0,0.0,2.0,4.0,7.0,0.0,273.0,4717.0,0.0,0.0,0.0,0.0,0.0,0.0,-35710.0,-1532.0,7.0,0.0,273.0,4717.0,-35712.0,-1536.0,0.0,0.0,0.0,0.0,35710.0,1532.0,7.0,0.0,273.0,4717.0,35712.0,1536.0,0.0,0.0,0.0,0.0,1275204100,2347024.0,49.0,0.0,74529.0,22250089,1275346944,2359296.0,0.0,0.0,0.0,0.0,1,1,0,0,0,0,35710.0,1532.0,,,,,35712.0,1536.0,,,,,35710.0,1532.0,,,,,35712.0,1536.0,,,,,0.9999439964157706,0.9973958333333334,,,,,1.0,1.0,,,,,-0.9999439964157706,-0.9973958333333334,,,,,-1.0,-1.0,,,,,TIE,SCP,,,,,,seasonal discrete,,,,,,ML,,,,,,,,,,,0.0,0.26041666666666297,,,,,0.0,4990.0,0.0,4990.0,0.0,4990.0,0.0,22324618,0.0,0,,,,,,,,,,,,,,37248.0,13.0,0.0,-37235.0,-37248.0,37249.0,37248.0,1277551173,1277706240,2,18624.5,18624.0,25274.01009930953,25275.543911061537,1.0000268470790379,1.0,-0.9996509879725086,-1.0,TIE,,,,0.0,37248.0,5003.0,0.0,-32245.0,-37248.0,42239.0,37248.0,1299875791,1277706240,2,21119.5,18624.0,25493.879569418226,25275.543911061537,1.1339937714776633,1.0,-0.8656840635738832,-1.0,ML,,SCP,seasonal discrete,11.816094131016367,2026-07-11 12:55:22.869,0,,"
"10519,63,62,10467,1,314,""MERCADONA, 927 CIEMPOZUEL"",""353"",,,,AutoARIMA,smooth_acceptable,smooth_acceptable_acceptable,acceptable,x11 lineal,x11 lineal,success,smooth_acceptable,COMPARABLE,1,1,1,74256.0,83752.0,77768.0,86832.0,79304.0,89616.0,76790.0,81842.0,78890.0,78780.0,76568.0,82917.0,80767.0,85856.0,82059.0,90317.0,77637.0,89707.0,2534.0,-1910.0,1122.0,-8052.0,-2736.0,-6699.0,6511.0,2104.0,4291.0,3485.0,-1667.0,91.0,2534.0,1910.0,1122.0,8052.0,2736.0,6699.0,6511.0,2104.0,4291.0,3485.0,1667.0,91.0,6421156.0,3648100.0,1258884.0,64834704,7485696.0,44876601,42393121,4426816.0,18412681,12145225,2778889.0,8281.0,1,1,1,1,1,1,2534.0,1910.0,1122.0,8052.0,2736.0,6699.0,6511.0,2104.0,4291.0,3485.0,1667.0,91.0,2534.0,1910.0,1122.0,8052.0,2736.0,6699.0,6511.0,2104.0,4291.0,3485.0,1667.0,91.0,0.03412518853695324,0.022805425542076607,0.014427528032095464,0.09273079049198452,0.03450015131645314,0.074752276379218,0.08768315018315018,0.02512178813640271,0.05517693652916367,0.04013497328173945,0.021020377282356503,0.0010154436707730762,0.03412518853695324,-0.022805425542076607,0.014427528032095464,-0.09273079049198452,-0.03450015131645314,-0.074752276379218,0.08768315018315018,0.02512178813640271,0.05517693652916367,0.04013497328173945,-0.021020377282356503,0.0010154436707730762,SCP,SCP,SCP,ML,ML,ML,x11 lineal,x11 lineal,x11 lineal,AutoARIMA,AutoARIMA,AutoARIMA,ML,ML,ML,SCP,SCP,SCP,AutoARIMA,AutoARIMA,AutoARIMA,x11 lineal,x11 lineal,x11 lineal,61.081247120258034,9.220532319391632,73.85224889303194,56.71882762046696,39.07163742690058,98.6415882967607,255752.0,238265.0,257661.0,-17487.0,1909.0,17487.0,5243.0,117197001,14932395,3,5829.0,1747.6666666666667,6250.253354864905,2231.023307811911,0.06837483186837248,0.020500328443179328,-0.06837483186837248,0.007464262254058619,ML,AutoARIMA,SCP,x11 lineal,70.01772745468062,235776.0,237522.0,248682.0,1746.0,12906.0,5566.0,12906.0,11328140,65232618,3,1855.3333333333333,4302.0,1943.205255928119,4663.068303166918,0.023607152551574376,0.05473839576547231,0.007405333876221498,0.05473839576547231,SCP,x11 lineal,ML,AutoARIMA,56.8727723539439,491528.0,475787.0,506343.0,-15741.0,14815.0,23053.0,18149.0,128525141,80165013,6,3842.1666666666665,3024.8333333333335,4628.26715232962,3655.24766602757,0.04690068521020166,0.0369236340554353,-0.032024625250240066,0.0301407040901027,ML,AutoARIMA,SCP,x11 lineal,21.27271938576324,2026-07-11 12:55:22.869,0,,"
"10520,63,62,10467,1,315,""MERCADONA, 910 HUEVAR"",""351"",,,,AutoTheta,smooth_acceptable,smooth_acceptable_acceptable,acceptable,x11 seasonal,x11 seasonal,success,smooth_acceptable,COMPARABLE,1,1,1,0.0,0.0,0.0,0.0,0.0,176.0,84.0,126.0,149.0,444.0,456.0,496.0,0.0,0.0,0.0,464.0,526.0,550.0,84.0,126.0,149.0,444.0,456.0,320.0,0.0,0.0,0.0,464.0,526.0,374.0,84.0,126.0,149.0,444.0,456.0,320.0,0.0,0.0,0.0,464.0,526.0,374.0,7056.0,15876.0,22201.0,197136.0,207936.0,102400.0,0.0,0.0,0.0,215296.0,276676.0,139876.0,0,0,0,0,0,1,,,,,,320.0,,,,,,374.0,,,,,,320.0,,,,,,374.0,,,,,,1.8181818181818181,,,,,,2.125,,,,,,1.8181818181818181,,,,,,2.125,,,,,,SCP,,,,,,x11 seasonal,,,,,,ML,,,,,,AutoTheta,,,,,,14.438502673796794,176.0,1396.0,1540.0,1220.0,1364.0,1220.0,1364.0,507472.0,631848.0,1,1220.0,1364.0,712.3706900203011,794.8886714502855,6.931818181818182,7.75,6.931818181818182,7.75,SCP,x11 seasonal,ML,AutoTheta,10.557184750733139,0.0,359.0,0.0,359.0,0.0,359.0,0.0,45133.0,0.0,0,,,,,,,,,,,,,,176.0,1755.0,1540.0,1579.0,1364.0,1579.0,1364.0,552605.0,631848.0,1,1579.0,1364.0,743.3740646538591,794.8886714502855,8.971590909090908,7.75,8.971590909090908,7.75,ML,AutoTheta,SCP,x11 seasonal,13.616212792906895,2026-07-11 12:55:22.869,0,,"
"10521,63,62,10467,1,316,""MERCADONA, 1105 PARC SAGU"",""456"",,,,,,,,preserve current forecast,preserve current forecast,success,,NOT_COMPARABLE_MISSING_SCP_AND_ML,1,0,0,0.0,0.0,0.0,0.0,0.0,0.0,,,,,,,,,,,,,,,,,,,,,,,,,,,,,,,,,,,,,,,,,,,,,,,,,,,,,,,,,,,,,,,,,,,,,,,,,,,,,,,,,,,,,,,,,,,,,,,,,,,,,,,,,,,,,,,,,,,,,,,,,,,,,,,,,,,,,,,,,,,,,,,,,,,,,,,,,,,,,,,,,,,,,,,,,,,,,,,,,,,,,,,,,,,,,,,,,,,,,,,,,,2026-07-11 12:55:22.869,1,MissingHistory,NoForecastRowsMaterialized"
"10522,63,62,10467,1,317,""MERCADONA, 939 S.SADURNI"",""324"",,,,AutoETS,smooth_acceptable,smooth_acceptable_acceptable,acceptable,x11 lineal,x11 lineal,success,smooth_acceptable,COMPARABLE,1,1,1,36948.0,38460.0,33408.0,37584.0,34272.0,37008.0,36088.0,37258.0,35001.0,36599.0,35361.0,37245.0,37283.0,35486.0,39886.0,34162.0,34163.0,34162.0,-860.0,-1202.0,1593.0,-985.0,1089.0,237.0,335.0,-2974.0,6478.0,-3422.0,-109.0,-2846.0,860.0,1202.0,1593.0,985.0,1089.0,237.0,335.0,2974.0,6478.0,3422.0,109.0,2846.0,739600.0,1444804.0,2537649.0,970225.0,1185921.0,56169.0,112225.0,8844676.0,41964484,11710084,11881.0,8099716.0,1,1,1,1,1,1,860.0,1202.0,1593.0,985.0,1089.0,237.0,335.0,2974.0,6478.0,3422.0,109.0,2846.0,860.0,1202.0,1593.0,985.0,1089.0,237.0,335.0,2974.0,6478.0,3422.0,109.0,2846.0,0.023275955396773844,0.0312532501300052,0.04768318965517242,0.026207960834397616,0.03177521008403361,0.006404020752269779,0.009066796578975859,0.07732709308372335,0.19390565134099616,0.09104938271604938,0.003180438842203548,0.07690229139645482,-0.023275955396773844,-0.0312532501300052,0.04768318965517242,-0.026207960834397616,0.03177521008403361,0.006404020752269779,0.009066796578975859,-0.07732709308372335,0.19390565134099616,-0.09104938271604938,-0.003180438842203548,-0.07690229139645482,ML,SCP,SCP,SCP,ML,SCP,AutoETS,x11 lineal,x11 lineal,x11 lineal,AutoETS,x11 lineal,SCP,ML,ML,ML,SCP,ML,x11 lineal,AutoETS,AutoETS,AutoETS,x11 lineal,AutoETS,61.04651162790697,59.58305312710155,75.40907687557889,71.2156633547633,89.99081726354454,91.67252283907239,108864.0,109205.0,102487.0,341.0,-6377.0,2311.0,6377.0,2212315.0,19821681,3,770.3333333333334,2125.6666666666665,858.7422973938883,2570.4526838671823,0.021228321575543798,0.05857767489711934,0.0031323486184597297,-0.05857767489711934,SCP,x11 lineal,ML,AutoETS,63.76038889760076,108816.0,108347.0,112655.0,-469.0,3839.0,3655.0,9787.0,4722053.0,50921385,3,1218.3333333333333,3262.3333333333335,1254.5986077892271,4119.9265770156635,0.03358881046904867,0.08994081752683429,-0.004310027937068079,0.035279738273783265,SCP,x11 lineal,ML,AutoETS,62.65454173904158,217680.0,217552.0,215142.0,-128.0,-2538.0,5966.0,16164.0,6934368.0,70743066,6,994.3333333333334,2694.0,1075.0479059093134,3433.7313523337843,0.02740720323410511,0.07425578831312017,-0.0005880191106211,-0.011659316427783903,SCP,x11 lineal,ML,AutoETS,63.09081910418213,2026-07-11 12:55:22.869,0,,"
"10523,63,62,10467,1,318,""MERCADONA, 927 CIEMPOZUEL"",""356"",,,,AutoARIMA,smooth_acceptable,smooth_acceptable_acceptable,acceptable,x11 seasonal,x11 seasonal,success,smooth_acceptable,COMPARABLE,1,1,1,44640.0,50928.0,46368.0,48480.0,39792.0,45072.0,45333.0,45440.0,41265.0,47178.0,43878.0,49701.0,44714.0,46538.0,39909.0,45235.0,45235.0,45235.0,693.0,-5488.0,-5103.0,-1302.0,4086.0,4629.0,74.0,-4390.0,-6459.0,-3245.0,5443.0,163.0,693.0,5488.0,5103.0,1302.0,4086.0,4629.0,74.0,4390.0,6459.0,3245.0,5443.0,163.0,480249.0,30118144,26040609,1695204.0,16695396,21427641,5476.0,19272100,41718681,10530025,29626249,26569.0,1,1,1,1,1,1,693.0,5488.0,5103.0,1302.0,4086.0,4629.0,74.0,4390.0,6459.0,3245.0,5443.0,163.0,693.0,5488.0,5103.0,1302.0,4086.0,4629.0,74.0,4390.0,6459.0,3245.0,5443.0,163.0,0.015524193548387097,0.10775997486647816,0.11005434782608696,0.026856435643564356,0.10268395657418576,0.10270234291799787,0.001657706093189964,0.08620012566760918,0.13929865424430643,0.06693481848184818,0.13678628870124648,0.003616435924742634,0.015524193548387097,-0.10775997486647816,-0.11005434782608696,-0.026856435643564356,0.10268395657418576,0.10270234291799787,0.001657706093189964,-0.08620012566760918,-0.13929865424430643,-0.06693481848184818,0.13678628870124648,0.003616435924742634,ML,ML,SCP,SCP,SCP,ML,AutoARIMA,AutoARIMA,x11 seasonal,x11 seasonal,x11 seasonal,AutoARIMA,SCP,SCP,ML,ML,ML,SCP,x11 seasonal,x11 seasonal,AutoARIMA,AutoARIMA,AutoARIMA,x11 seasonal,89.32178932178932,20.0072886297376,20.99396191360892,59.876733436055474,24.931104170494216,96.47872110607042,133344.0,140757.0,135705.0,7413.0,2361.0,10017.0,8851.0,39818241,40182843,3,3339.0,2950.3333333333335,3643.1781455207483,3659.8198043073103,0.07512149028077754,0.06637718982481401,0.05559305255579554,0.017706083513318933,ML,AutoARIMA,SCP,x11 seasonal,11.640211640211646,141936.0,132038.0,131161.0,-9898.0,-10775.0,11284.0,10923.0,56639002,60996257,3,3761.3333333333335,3641.0,4345.073915750264,4509.111405439731,0.07950061999774546,0.07695722015556307,-0.06973565550670725,-0.07591449667455755,ML,AutoARIMA,SCP,x11 seasonal,3.1992201347040097,275280.0,272795.0,266866.0,-2485.0,-8414.0,21301.0,19774.0,96457243,101179100,6,3550.1666666666665,3295.6666666666665,4009.514579929429,4106.480650549,0.07737939552455682,0.0718323161871549,-0.009027172333623946,-0.030565242662016854,ML,AutoARIMA,SCP,x11 seasonal,7.168677526876678,2026-07-11 12:55:22.869,0,,"
"10524,63,62,10467,1,319,""MERCADONA, 0963 INGENIO"",""438"",,,,HistoricAverage,smooth_newRelease,smooth_newRelease_newRelease,newRelease,average,average,success,smooth_newRelease,COMPARABLE,1,1,1,0.0,0.0,5490.0,9520.0,7280.0,7220.0,8452.333000000002,8452.333999999999,8452.332999999999,6850.0,6850.000000000001,6849.999999999998,0.0,0.0,0.0,7717.499999999998,7717.499999999997,7717.5,8452.333000000002,8452.333999999999,2962.3329999999987,-2670.0,-429.9999999999991,-370.0000000000018,0.0,0.0,-5490.0,-1802.5000000000018,437.49999999999727,497.5,8452.333000000002,8452.333999999999,2962.3329999999987,2670.0,429.9999999999991,370.0000000000018,0.0,0.0,5490.0,1802.5000000000018,437.49999999999727,497.5,71441933.14288904,71441950.04755598,8775416.802888993,7128900.0,184899.9999999992,136900.00000000134,0.0,0.0,30140100,3249006.2500000065,191406.2499999976,247506.25,0,0,1,1,1,1,,,2962.3329999999987,2670.0,429.9999999999991,370.0000000000018,,,5490.0,1802.5000000000018,437.49999999999727,497.5,,,2962.3329999999987,2670.0,429.9999999999991,370.0000000000018,,,5490.0,1802.5000000000018,437.49999999999727,497.5,,,0.5395870673952639,0.2804621848739496,0.05906593406593394,0.05124653739612214,,,1.0,0.18933823529411783,0.06009615384615347,0.06890581717451523,,,0.5395870673952639,-0.2804621848739496,-0.05906593406593394,-0.05124653739612214,,,-1.0,-0.18933823529411783,0.06009615384615347,0.06890581717451523,,,SCP,ML,SCP,SCP,,,average,HistoricAverage,average,average,,,ML,SCP,ML,ML,,,HistoricAverage,average,HistoricAverage,HistoricAverage,,,46.041293260473616,32.49063670411979,1.7142857142853147,25.628140703517214,24020.0,20550.0,23152.499999999993,-3470.000000000001,-867.5000000000045,3470.000000000001,2737.499999999999,7450700.000000001,3687918.750000004,3,1156.666666666667,912.4999999999997,1575.9335857410574,1108.74083987197,0.1444629475437136,0.11396752706078264,-0.1444629475437136,-0.03611573688592858,ML,HistoricAverage,SCP,average,21.10951008645538,5490.0,25357.0,0.0,19867.0,-5490.0,19867.0,5490.0,151659299.993334,30140100,1,19867.0,5490.0,12315.003044795969,5490.0,3.618761384335155,1.0,3.618761384335155,-1.0,ML,HistoricAverage,SCP,average,72.3662354658479,29510.0,45907.0,23152.499999999996,16397.0,-6357.500000000005,23337.0,8227.5,159109999.993334,33828018.75000001,4,5834.25,2056.875,6306.940621119998,2908.0929640401805,0.7908166723144697,0.2788037953236191,0.5556421552016265,-0.21543544561165723,ML,HistoricAverage,SCP,average,64.74482581308652,2026-07-11 12:55:22.869,0,,"
"10525,63,62,10467,1,320,""MERCADONA, 1246 RIBARROJA"",""325"",,,,HistoricAverage,smooth_recentRelease,smooth_recentRelease_recentRelease,recentRelease,average,average,success,smooth_recentRelease,COMPARABLE,1,1,1,7392.0,7872.0,8256.0,8096.0,6400.0,7424.0,7449.0,7450.0,7449.0,7674.0,7673.0,7674.0,7145.0,7145.0,7145.0,7024.0,7024.0,7024.0,57.0,-422.0,-807.0,-422.0,1273.0,250.0,-247.0,-727.0,-1111.0,-1072.0,624.0,-400.0,57.0,422.0,807.0,422.0,1273.0,250.0,247.0,727.0,1111.0,1072.0,624.0,400.0,3249.0,178084.0,651249.0,178084.0,1620529.0,62500.0,61009.0,528529.0,1234321.0,1149184.0,389376.0,160000.0,1,1,1,1,1,1,57.0,422.0,807.0,422.0,1273.0,250.0,247.0,727.0,1111.0,1072.0,624.0,400.0,57.0,422.0,807.0,422.0,1273.0,250.0,247.0,727.0,1111.0,1072.0,624.0,400.0,0.007711038961038961,0.05360772357723577,0.09774709302325581,0.05212450592885375,0.19890625,0.033674568965517244,0.03341450216450217,0.09235264227642276,0.1345687984496124,0.1324110671936759,0.0975,0.05387931034482758,0.007711038961038961,-0.05360772357723577,-0.09774709302325581,-0.05212450592885375,0.19890625,0.033674568965517244,-0.03341450216450217,-0.09235264227642276,-0.1345687984496124,-0.1324110671936759,0.0975,-0.05387931034482758,SCP,SCP,SCP,SCP,ML,SCP,average,average,average,average,HistoricAverage,average,ML,ML,ML,ML,SCP,ML,HistoricAverage,HistoricAverage,HistoricAverage,HistoricAverage,average,HistoricAverage,76.92307692307693,41.95323246217331,27.362736273627362,60.634328358208954,50.98193244304792,37.499999999999986,21920.0,23021.0,21072.0,1101.0,-848.0,1945.0,2096.0,1861113.0,1698560.0,3,648.3333333333334,698.6666666666666,787.6363374045156,752.4537638065655,0.08873175182481752,0.09562043795620438,0.05022810218978102,-0.03868613138686131,SCP,average,ML,HistoricAverage,7.204198473282446,23520.0,22348.0,21435.0,-1172.0,-2085.0,1286.0,2085.0,832582.0,1823859.0,3,428.6666666666667,695.0,526.8086306556996,779.7134088881633,0.05467687074829932,0.08864795918367346,-0.049829931972789114,-0.08864795918367346,SCP,average,ML,HistoricAverage,38.321342925659465,45440.0,45369.0,42507.0,-71.0,-2933.0,3231.0,4181.0,2693695.0,3522419.0,6,538.5,696.8333333333334,670.036690537665,766.2048246606996,0.07110475352112676,0.09201144366197184,-0.0015625,-0.06454665492957747,SCP,average,ML,HistoricAverage,22.721836881128922,2026-07-11 12:55:22.869,0,,"
"10526,63,62,10467,1,321,""MERCADONA, 1073 VITORIA FRIO"",""457"",,,,,,,,preserve current forecast,preserve current forecast,success,,NOT_COMPARABLE_MISSING_SCP_AND_ML,1,0,0,0.0,0.0,0.0,0.0,0.0,0.0,,,,,,,,,,,,,,,,,,,,,,,,,,,,,,,,,,,,,,,,,,,,,,,,,,,,,,,,,,,,,,,,,,,,,,,,,,,,,,,,,,,,,,,,,,,,,,,,,,,,,,,,,,,,,,,,,,,,,,,,,,,,,,,,,,,,,,,,,,,,,,,,,,,,,,,,,,,,,,,,,,,,,,,,,,,,,,,,,,,,,,,,,,,,,,,,,,,,,,,,,,2026-07-11 12:55:22.869,1,MissingHistory,NoForecastRowsMaterialized"
"10527,63,62,10467,1,322,""MERCADONA, 939 S.SADURNI"",""330"",,,,MovingAverage3M,smooth_acceptable,smooth_acceptable_acceptable,acceptable,x11 lineal,x11 lineal,success,smooth_acceptable,COMPARABLE,1,1,1,8248.0,8399.0,7320.0,8448.0,6936.0,7080.0,7595.0,7766.0,7681.0,7514.0,7245.0,7240.0,7488.0,7488.0,7488.0,7144.0,7144.0,7144.0,-653.0,-633.0,361.0,-934.0,309.0,160.0,-760.0,-911.0,168.0,-1304.0,208.0,64.0,653.0,633.0,361.0,934.0,309.0,160.0,760.0,911.0,168.0,1304.0,208.0,64.0,426409.0,400689.0,130321.0,872356.0,95481.0,25600.0,577600.0,829921.0,28224.0,1700416.0,43264.0,4096.0,1,1,1,1,1,1,653.0,633.0,361.0,934.0,309.0,160.0,760.0,911.0,168.0,1304.0,208.0,64.0,653.0,633.0,361.0,934.0,309.0,160.0,760.0,911.0,168.0,1304.0,208.0,64.0,0.07917070805043647,0.0753661150136921,0.049316939890710385,0.11055871212121213,0.044550173010380625,0.022598870056497175,0.0921435499515034,0.10846529348731992,0.022950819672131147,0.1543560606060606,0.029988465974625143,0.00903954802259887,-0.07917070805043647,-0.0753661150136921,0.049316939890710385,-0.11055871212121213,0.044550173010380625,0.022598870056497175,-0.0921435499515034,-0.10846529348731992,0.022950819672131147,-0.1543560606060606,0.029988465974625143,0.00903954802259887,SCP,SCP,ML,SCP,ML,ML,x11 lineal,x11 lineal,MovingAverage3M,x11 lineal,MovingAverage3M,MovingAverage3M,ML,ML,SCP,ML,SCP,SCP,MovingAverage3M,MovingAverage3M,x11 lineal,MovingAverage3M,x11 lineal,x11 lineal,14.078947368421055,30.515916575192104,53.46260387811634,28.37423312883435,32.686084142394826,60.0,22464.0,21999.0,21432.0,-465.0,-1032.0,1403.0,1576.0,993437.0,1747776.0,3,467.6666666666667,525.3333333333334,575.4525755148435,763.2771449480196,0.06245548433048433,0.07015669515669516,-0.020699786324786324,-0.045940170940170943,SCP,x11 lineal,ML,MovingAverage3M,10.977157360406094,23967.0,23042.0,22464.0,-925.0,-1503.0,1647.0,1839.0,957419.0,1435745.0,3,549.0,613.0,564.9244787284994,691.7959718491187,0.06871948929778446,0.07673050444360996,-0.03859473442650311,-0.06271122793841533,SCP,x11 lineal,ML,MovingAverage3M,10.440456769983674,46431.0,45041.0,43896.0,-1390.0,-2535.0,3050.0,3415.0,1950856.0,3183521.0,6,508.3333333333333,569.1666666666666,570.21282576479,728.413916213394,0.06568887165902092,0.07354999892313326,-0.0299368956085374,-0.05459714414938296,SCP,x11 lineal,ML,MovingAverage3M,10.688140556368959,2026-07-11 12:55:22.869,0,,"
"10528,63,62,10467,1,323,""MERCADONA, 1025 GUADIX FR"",""330"",,,,AutoARIMA,smooth_acceptable,smooth_acceptable_acceptable,acceptable,x11 lineal,x11 lineal,success,smooth_acceptable,COMPARABLE,1,1,1,9144.0,9168.0,8184.0,9480.0,8760.0,10080.0,9399.0,9525.0,9157.0,9562.0,9090.0,9531.0,9161.0,9322.0,8917.0,9994.0,9103.0,9670.0,255.0,357.0,973.0,82.0,330.0,-549.0,17.0,154.0,733.0,514.0,343.0,-410.0,255.0,357.0,973.0,82.0,330.0,549.0,17.0,154.0,733.0,514.0,343.0,410.0,65025.0,127449.0,946729.0,6724.0,108900.0,301401.0,289.0,23716.0,537289.0,264196.0,117649.0,168100.0,1,1,1,1,1,1,255.0,357.0,973.0,82.0,330.0,549.0,17.0,154.0,733.0,514.0,343.0,410.0,255.0,357.0,973.0,82.0,330.0,549.0,17.0,154.0,733.0,514.0,343.0,410.0,0.02788713910761155,0.03893979057591623,0.11889051808406648,0.008649789029535865,0.03767123287671233,0.054464285714285715,0.0018591426071741031,0.016797556719022687,0.08956500488758554,0.05421940928270042,0.039155251141552515,0.040674603174603176,0.02788713910761155,0.03893979057591623,0.11889051808406648,0.008649789029535865,0.03767123287671233,-0.054464285714285715,0.0018591426071741031,0.016797556719022687,0.08956500488758554,0.05421940928270042,0.039155251141552515,-0.040674603174603176,ML,ML,ML,SCP,SCP,ML,AutoARIMA,AutoARIMA,AutoARIMA,x11 lineal,x11 lineal,AutoARIMA,SCP,SCP,SCP,ML,ML,SCP,x11 lineal,x11 lineal,x11 lineal,AutoARIMA,AutoARIMA,x11 lineal,93.33333333333333,56.86274509803923,24.665981500513876,84.04669260700389,3.7900874635568647,25.318761384335154,28320.0,28183.0,28767.0,-137.0,447.0,961.0,1267.0,417025.0,549945.0,3,320.3333333333333,422.3333333333333,372.838213349079,428.1530100326284,0.03393361581920904,0.04473870056497175,-0.004837570621468927,0.015783898305084747,SCP,x11 lineal,ML,AutoARIMA,24.151539068666132,26496.0,28081.0,27400.0,1585.0,904.0,1585.0,904.0,1139203.0,561294.0,3,528.3333333333334,301.3333333333333,616.2258785001919,432.5482632030789,0.059820350241545896,0.034118357487922704,0.059820350241545896,0.034118357487922704,ML,AutoARIMA,SCP,x11 lineal,42.96529968454259,54816.0,56264.0,56167.0,1448.0,1351.0,2546.0,2171.0,1556228.0,1111239.0,6,424.3333333333333,361.8333333333333,509.28511988210823,430.35624777618835,0.04644629305312318,0.039605224751897254,0.026415645067133682,0.024646088733216578,ML,AutoARIMA,SCP,x11 lineal,14.728986645718786,2026-07-11 12:55:22.869,0,,"
"10529,63,62,10467,1,324,""MERCADONA, 1156 VILLADANG"",""460"",,,,,,,,preserve current forecast,preserve current forecast,success,,NOT_COMPARABLE_MISSING_SCP_AND_ML,1,0,0,0.0,0.0,0.0,0.0,0.0,0.0,,,,,,,,,,,,,,,,,,,,,,,,,,,,,,,,,,,,,,,,,,,,,,,,,,,,,,,,,,,,,,,,,,,,,,,,,,,,,,,,,,,,,,,,,,,,,,,,,,,,,,,,,,,,,,,,,,,,,,,,,,,,,,,,,,,,,,,,,,,,,,,,,,,,,,,,,,,,,,,,,,,,,,,,,,,,,,,,,,,,,,,,,,,,,,,,,,,,,,,,,,2026-07-11 12:55:22.869,1,MissingHistory,NoForecastRowsMaterialized"
"10530,63,62,10467,1,325,""MERCADONA, 1041 ABRERA FR"",""330"",,,,MovingAverage3M,smooth_acceptable,smooth_acceptable_acceptable,acceptable,x11 lineal,x11 lineal,success,smooth_acceptable,COMPARABLE,1,1,1,12960.0,13608.0,11640.0,12264.0,10536.0,11544.0,12466.0,12206.0,11998.0,11749.0,11180.0,11647.0,11448.0,11448.0,11448.0,11351.0,11178.0,11134.0,-494.0,-1402.0,358.0,-515.0,644.0,103.0,-1512.0,-2160.0,-192.0,-913.0,642.0,-410.0,494.0,1402.0,358.0,515.0,644.0,103.0,1512.0,2160.0,192.0,913.0,642.0,410.0,244036.0,1965604.0,128164.0,265225.0,414736.0,10609.0,2286144.0,4665600.0,36864.0,833569.0,412164.0,168100.0,1,1,1,1,1,1,494.0,1402.0,358.0,515.0,644.0,103.0,1512.0,2160.0,192.0,913.0,642.0,410.0,494.0,1402.0,358.0,515.0,644.0,103.0,1512.0,2160.0,192.0,913.0,642.0,410.0,0.03811728395061728,0.10302763080540858,0.030756013745704466,0.0419928245270711,0.061123766135155654,0.008922383922383922,0.11666666666666667,0.15873015873015872,0.016494845360824743,0.07444553163731246,0.06093394077448747,0.035516285516285516,-0.03811728395061728,-0.10302763080540858,0.030756013745704466,-0.0419928245270711,0.061123766135155654,0.008922383922383922,-0.11666666666666667,-0.15873015873015872,-0.016494845360824743,-0.07444553163731246,0.06093394077448747,-0.035516285516285516,SCP,SCP,ML,SCP,ML,SCP,x11 lineal,x11 lineal,MovingAverage3M,x11 lineal,MovingAverage3M,x11 lineal,ML,ML,SCP,ML,SCP,ML,MovingAverage3M,MovingAverage3M,x11 lineal,MovingAverage3M,x11 lineal,MovingAverage3M,67.32804232804233,35.092592592592595,46.368715083798875,43.592552026286974,0.3105590062111723,74.8780487804878,34344.0,34576.0,33663.0,232.0,-681.0,1262.0,1965.0,690570.0,1413833.0,3,420.6666666666667,655.0,479.78120013189346,686.496661803003,0.036745865362217564,0.05721523410202656,0.006755182855811786,-0.01982879105520615,SCP,x11 lineal,ML,MovingAverage3M,35.77608142493639,38208.0,36670.0,34344.0,-1538.0,-3864.0,2254.0,3864.0,2337804.0,6988608.0,3,751.3333333333334,1288.0,882.7615759648808,1526.2817564263814,0.0589928810720268,0.10113065326633165,-0.040253350083752096,-0.10113065326633165,SCP,x11 lineal,ML,MovingAverage3M,41.666666666666664,72552.0,71246.0,68007.0,-1306.0,-4545.0,3516.0,5829.0,3028374.0,8402441.0,6,586.0,971.5,710.4428196554596,1183.3878625933821,0.04846179292093947,0.08034237512404896,-0.018000882125923476,-0.0626447237843202,SCP,x11 lineal,ML,MovingAverage3M,39.680905815748844,2026-07-11 12:55:22.869,0,,"
"10531,63,62,10467,1,326,""MERCADONA, 1131 ANTEQUERA"",""324"",,,,AutoETS,smooth_acceptable,smooth_acceptable_acceptable,acceptable,x11 seasonal,x11 seasonal,success,smooth_acceptable,COMPARABLE,1,1,1,58932.0,60312.0,52020.0,63624.0,51156.0,55560.0,57357.0,60538.0,51484.0,53478.0,47378.0,56856.0,59415.0,60688.0,52729.0,48029.0,44715.0,52968.0,-1575.0,226.0,-536.0,-10146.0,-3778.0,1296.0,483.0,376.0,709.0,-15595.0,-6441.0,-2592.0,1575.0,226.0,536.0,10146.0,3778.0,1296.0,483.0,376.0,709.0,15595.0,6441.0,2592.0,2480625.0,51076.0,287296.0,102941316,14273284,1679616.0,233289.0,141376.0,502681.0,243204025,41486481,6718464.0,1,1,1,1,1,1,1575.0,226.0,536.0,10146.0,3778.0,1296.0,483.0,376.0,709.0,15595.0,6441.0,2592.0,1575.0,226.0,536.0,10146.0,3778.0,1296.0,483.0,376.0,709.0,15595.0,6441.0,2592.0,0.026725717776420282,0.0037471813237829952,0.010303729334871203,0.1594681252357601,0.07385252951755415,0.023326133909287255,0.008195886784768886,0.006234248574081443,0.013629373317954633,0.2451119074563058,0.12590898428336852,0.04665226781857451,-0.026725717776420282,0.0037471813237829952,-0.010303729334871203,-0.1594681252357601,-0.07385252951755415,0.023326133909287255,0.008195886784768886,0.006234248574081443,0.013629373317954633,-0.2451119074563058,-0.12590898428336852,-0.04665226781857451,ML,SCP,SCP,SCP,SCP,SCP,AutoETS,x11 seasonal,x11 seasonal,x11 seasonal,x11 seasonal,x11 seasonal,SCP,ML,ML,ML,ML,ML,x11 seasonal,AutoETS,AutoETS,AutoETS,AutoETS,AutoETS,69.33333333333334,39.8936170212766,24.400564174894225,34.9406861173453,41.344511721782325,50.0,170340.0,157712.0,145712.0,-12628.0,-24628.0,15220.0,24628.0,118894216,291408970,3,5073.333333333333,8209.333333333334,6295.347912016725,9855.776140585445,0.08935071034401784,0.14458142538452506,-0.0741340847716332,-0.14458142538452506,SCP,x11 seasonal,ML,AutoETS,38.20042228357966,171264.0,169379.0,172832.0,-1885.0,1568.0,2337.0,1568.0,2818997.0,877346.0,3,779.0,522.6666666666666,969.3635368976217,540.785231553772,0.013645599775784754,0.009155455904334827,-0.011006399476831092,0.009155455904334827,ML,AutoETS,SCP,x11 seasonal,32.905434317501076,341604.0,327091.0,318544.0,-14513.0,-23060.0,17557.0,26196.0,121713213,292286316,6,2926.1666666666665,4366.0,4503.946658209886,6979.569184412459,0.0513957681994356,0.07668528471563565,-0.04248486551679723,-0.06750506434350886,SCP,x11 seasonal,ML,AutoETS,32.97831730035121,2026-07-11 12:55:22.869,0,,"
"10532,63,62,10467,1,327,""MERCADONA, 1018 INGENIO"",""391"",,,,,,,,average,average,success,,NOT_COMPARABLE_MISSING_SCP_AND_ML,1,0,0,4003.0,3896.0,1367.0,0.0,0.0,0.0,,,,,,,,,,,,,,,,,,,,,,,,,,,,,,,,,,,,,,,,,,,,,,,,,,,,,,,,,,,,,,,,,,,,,,,,,,,,,,,,,,,,,,,,,,,,,,,,,,,,,,,,,,,,,,,,,,,,,,,,,,,,,,,,,,,,,,,,,,,,,,,,,,,,,,,,,,,,,,,,,,,,,,,,,,,,,,,,,,,,,,,,,,,,,,,,,,,,,,,,,,2026-07-11 12:55:22.869,0,,NoForecastRowsMaterialized"
"10533,63,62,10467,1,328,""MERCADONA, 1105 PARC SAGU"",""327"",,,,AutoETS,smooth_acceptable,smooth_acceptable_acceptable,acceptable,x11 lineal,x11 lineal,success,smooth_acceptable,COMPARABLE,1,1,1,24640.0,25790.0,25990.0,30310.0,21660.0,24370.0,14181.0,20565.0,22211.0,28293.0,29218.0,32476.0,24438.0,24438.0,24438.0,49320.0,52638.0,57735.0,-10459.0,-5225.0,-3779.0,-2017.0,7558.0,8106.0,-202.0,-1352.0,-1552.0,19010.0,30978.0,33365.0,10459.0,5225.0,3779.0,2017.0,7558.0,8106.0,202.0,1352.0,1552.0,19010.0,30978.0,33365.0,109390681,27300625,14280841,4068289.0,57123364,65707236,40804.0,1827904.0,2408704.0,361380100,959636484,1113223225,1,1,1,1,1,1,10459.0,5225.0,3779.0,2017.0,7558.0,8106.0,202.0,1352.0,1552.0,19010.0,30978.0,33365.0,10459.0,5225.0,3779.0,2017.0,7558.0,8106.0,202.0,1352.0,1552.0,19010.0,30978.0,33365.0,0.4244724025974026,0.2025979061651803,0.14540207772220085,0.06654569449026723,0.348938134810711,0.3326220763233484,0.008198051948051947,0.05242341993020551,0.05971527510580993,0.627185747278126,1.4301939058171744,1.3691013541239228,-0.4244724025974026,-0.2025979061651803,-0.14540207772220085,-0.06654569449026723,0.348938134810711,0.3326220763233484,-0.008198051948051947,-0.05242341993020551,-0.05971527510580993,0.627185747278126,1.4301939058171744,1.3691013541239228,ML,ML,ML,SCP,SCP,SCP,AutoETS,AutoETS,AutoETS,x11 lineal,x11 lineal,x11 lineal,SCP,SCP,SCP,ML,ML,ML,x11 lineal,x11 lineal,x11 lineal,AutoETS,AutoETS,AutoETS,98.06864901042165,74.1244019138756,58.930934109552794,89.38979484481851,75.60204015753115,75.70508017383486,76340.0,89987.0,159693.0,13647.0,83353.0,17681.0,83353.0,126898889,2434239809,3,5893.666666666667,27784.333333333332,6503.816546203211,28485.316738043595,0.23160859313597065,1.0918653392716793,0.17876604663348178,1.0918653392716793,SCP,x11 lineal,ML,AutoETS,78.78780607776565,76420.0,56957.0,73314.0,-19463.0,-3106.0,19463.0,3106.0,150972147,4277412.0,3,6487.666666666667,1035.3333333333333,7093.944530372365,1194.0703496863157,0.25468463752944254,0.040643810520806074,-0.25468463752944254,-0.040643810520806074,ML,AutoETS,SCP,x11 lineal,84.04151466885887,152760.0,146944.0,233007.0,-5816.0,80247.0,37144.0,86459.0,277871036,2438517221,6,6190.666666666667,14409.833333333334,6805.28025384211,20159.84962328175,0.2431526577638125,0.5659793139565331,-0.03807279392511129,0.5253142183817754,SCP,x11 lineal,ML,AutoETS,57.03859632889577,2026-07-11 12:55:22.869,0,,"
"10534,63,62,10467,1,329,"""",""452"",,,,,,,,preserve current forecast,preserve current forecast,success,,NOT_COMPARABLE_MISSING_SCP_AND_ML,1,0,0,0.0,0.0,0.0,0.0,0.0,0.0,,,,,,,,,,,,,,,,,,,,,,,,,,,,,,,,,,,,,,,,,,,,,,,,,,,,,,,,,,,,,,,,,,,,,,,,,,,,,,,,,,,,,,,,,,,,,,,,,,,,,,,,,,,,,,,,,,,,,,,,,,,,,,,,,,,,,,,,,,,,,,,,,,,,,,,,,,,,,,,,,,,,,,,,,,,,,,,,,,,,,,,,,,,,,,,,,,,,,,,,,,2026-07-11 12:55:22.869,1,MissingHistory,NoForecastRowsMaterialized"
"10535,63,62,10467,1,330,""MERCADONA, 1025 GUADIX FR"",""324"",,,,AutoETS,smooth_acceptable,smooth_acceptable_acceptable,acceptable,x11 seasonal,x11 seasonal,success,smooth_acceptable,COMPARABLE,1,1,1,49056.0,49128.0,41064.0,46608.0,42096.0,46944.0,46829.0,49395.0,41934.0,45798.0,41456.0,48163.0,44631.0,46562.0,41795.0,48102.0,41379.0,48483.0,-2227.0,267.0,870.0,-810.0,-640.0,1219.0,-4425.0,-2566.0,731.0,1494.0,-717.0,1539.0,2227.0,267.0,870.0,810.0,640.0,1219.0,4425.0,2566.0,731.0,1494.0,717.0,1539.0,4959529.0,71289.0,756900.0,656100.0,409600.0,1485961.0,19580625,6584356.0,534361.0,2232036.0,514089.0,2368521.0,1,1,1,1,1,1,2227.0,267.0,870.0,810.0,640.0,1219.0,4425.0,2566.0,731.0,1494.0,717.0,1539.0,2227.0,267.0,870.0,810.0,640.0,1219.0,4425.0,2566.0,731.0,1494.0,717.0,1539.0,0.0453970971950424,0.005434782608695652,0.0211864406779661,0.017378990731204944,0.015203344735841885,0.025967109747784593,0.09020303326810176,0.05223090701840091,0.01780148061562439,0.03205458290422245,0.017032497149372862,0.03278374233128834,-0.0453970971950424,0.005434782608695652,0.0211864406779661,-0.017378990731204944,-0.015203344735841885,0.025967109747784593,-0.09020303326810176,-0.05223090701840091,0.01780148061562439,0.03205458290422245,-0.017032497149372862,0.03278374233128834,SCP,SCP,ML,SCP,SCP,SCP,x11 seasonal,x11 seasonal,AutoETS,x11 seasonal,x11 seasonal,x11 seasonal,ML,ML,SCP,ML,ML,ML,AutoETS,AutoETS,x11 seasonal,AutoETS,AutoETS,AutoETS,49.67231638418079,89.59469992205769,15.977011494252876,45.78313253012048,10.73919107391911,20.79272254710851,135648.0,135417.0,137964.0,-231.0,2316.0,2669.0,3750.0,2551661.0,5114646.0,3,889.6666666666666,1250.0,922.2546647573362,1305.7113004029643,0.019675925925925927,0.027645081387119602,-0.0017029370134465675,0.017073602264685066,SCP,x11 seasonal,ML,AutoETS,28.82666666666666,139248.0,138158.0,132988.0,-1090.0,-6260.0,3364.0,7722.0,5787718.0,26699342,3,1121.3333333333333,2574.0,1388.9706020407102,2983.250017458588,0.02415833620590601,0.05545501551189245,-0.007827760542341721,-0.04495576238078823,SCP,x11 seasonal,ML,AutoETS,56.43615643615644,274896.0,273575.0,270952.0,-1321.0,-3944.0,6033.0,11472.0,8339379.0,31813988,6,1005.5,1912.0,1178.938717660931,2302.67916422009,0.021946481578487866,0.04173214597520517,-0.004805453698853384,-0.014347244048658402,SCP,x11 seasonal,ML,AutoETS,47.41108786610879,2026-07-11 12:55:22.869,0,,"
"10536,63,62,10467,1,331,""MERCADONA, 1156 VILLADANG"",""357"",,,,AutoARIMA,smooth_acceptable,smooth_acceptable_acceptable,acceptable,x11 seasonal,x11 seasonal,success,smooth_acceptable,COMPARABLE,1,1,1,28872.0,31332.0,28440.0,32736.0,27540.0,29424.0,29331.0,31870.0,30113.0,29598.0,26931.0,28718.0,29703.0,32495.0,30894.0,27208.0,27208.0,27208.0,459.0,538.0,1673.0,-3138.0,-609.0,-706.0,831.0,1163.0,2454.0,-5528.0,-332.0,-2216.0,459.0,538.0,1673.0,3138.0,609.0,706.0,831.0,1163.0,2454.0,5528.0,332.0,2216.0,210681.0,289444.0,2798929.0,9847044.0,370881.0,498436.0,690561.0,1352569.0,6022116.0,30558784,110224.0,4910656.0,1,1,1,1,1,1,459.0,538.0,1673.0,3138.0,609.0,706.0,831.0,1163.0,2454.0,5528.0,332.0,2216.0,459.0,538.0,1673.0,3138.0,609.0,706.0,831.0,1163.0,2454.0,5528.0,332.0,2216.0,0.015897755610972567,0.017170943444401888,0.058825597749648385,0.09585777126099707,0.022113289760348584,0.023994018488308864,0.028782211138819618,0.03711860079152304,0.08628691983122364,0.16886608015640273,0.01205519244734931,0.0753126699293094,0.015897755610972567,0.017170943444401888,0.058825597749648385,-0.09585777126099707,-0.022113289760348584,-0.023994018488308864,0.028782211138819618,0.03711860079152304,0.08628691983122364,-0.16886608015640273,-0.01205519244734931,-0.0753126699293094,SCP,SCP,SCP,SCP,ML,SCP,x11 seasonal,x11 seasonal,x11 seasonal,x11 seasonal,AutoARIMA,x11 seasonal,ML,ML,ML,ML,SCP,ML,AutoARIMA,AutoARIMA,AutoARIMA,AutoARIMA,x11 seasonal,AutoARIMA,44.76534296028881,53.74032674118659,31.825590872045638,43.23444283646889,45.48440065681445,68.14079422382672,89700.0,85247.0,81624.0,-4453.0,-8076.0,4453.0,8076.0,10716361,35579664,3,1484.3333333333333,2692.0,1890.0053791810576,3443.818810564807,0.049643255295429206,0.0900334448160535,-0.049643255295429206,-0.0900334448160535,SCP,x11 seasonal,ML,AutoARIMA,44.86131748390292,88644.0,91314.0,93092.0,2670.0,4448.0,2670.0,4448.0,3299054.0,8065246.0,3,890.0,1482.6666666666667,1048.6585081267717,1639.6387813580568,0.030120481927710843,0.05017824105410406,0.030120481927710843,0.05017824105410406,SCP,x11 seasonal,ML,AutoARIMA,39.97302158273382,178344.0,176561.0,174716.0,-1783.0,-3628.0,7123.0,12524.0,14015415,43644910,6,1187.1666666666667,2087.3333333333335,1528.3659574853139,2697.0635266279264,0.039939667160095095,0.07022383707890369,-0.009997532857847755,-0.020342708473511866,SCP,x11 seasonal,ML,AutoARIMA,43.12519961673586,2026-07-11 12:55:22.869,0,,"
"10537,63,62,10467,1,332,""MERCADONA, 1156 VILLADANG"",""334"",,,,MovingAverage3M,smooth_acceptable,smooth_acceptable_acceptable,acceptable,x11 lineal,x11 lineal,success,smooth_acceptable,COMPARABLE,1,1,1,60992.0,66688.0,65024.0,72640.0,64000.0,75888.0,72205.0,74100.0,64207.0,62213.0,60051.0,62746.0,70843.0,70842.0,70843.0,70256.0,70256.0,70256.0,11213.0,7412.0,-817.0,-10427.0,-3949.0,-13142.0,9851.0,4154.0,5819.0,-2384.0,6256.0,-5632.0,11213.0,7412.0,817.0,10427.0,3949.0,13142.0,9851.0,4154.0,5819.0,2384.0,6256.0,5632.0,125731369,54937744,667489.0,108722329,15594601,172712164,97042201,17255716,33860761,5683456.0,39137536,31719424,1,1,1,1,1,1,11213.0,7412.0,817.0,10427.0,3949.0,13142.0,9851.0,4154.0,5819.0,2384.0,6256.0,5632.0,11213.0,7412.0,817.0,10427.0,3949.0,13142.0,9851.0,4154.0,5819.0,2384.0,6256.0,5632.0,0.18384378279118574,0.11114443378119002,0.012564591535433071,0.14354350220264317,0.061703125,0.1731762597512123,0.1615129853095488,0.06229006717850288,0.0894900344488189,0.03281938325991189,0.09775,0.0742146320893949,0.18384378279118574,0.11114443378119002,-0.012564591535433071,-0.14354350220264317,-0.061703125,-0.1731762597512123,0.1615129853095488,0.06229006717850288,0.0894900344488189,-0.03281938325991189,0.09775,-0.0742146320893949,ML,ML,SCP,ML,SCP,ML,MovingAverage3M,MovingAverage3M,x11 lineal,MovingAverage3M,x11 lineal,MovingAverage3M,SCP,SCP,ML,SCP,ML,SCP,x11 lineal,x11 lineal,MovingAverage3M,x11 lineal,MovingAverage3M,x11 lineal,12.146615535539107,43.95574743658931,85.95978690496648,77.13628080943704,36.87659846547315,57.145031197686805,212528.0,185010.0,210768.0,-27518.0,-1760.0,27518.0,14272.0,297029094,76540416,3,9172.666666666666,4757.333333333333,9950.361701968426,5051.086219814506,0.12947940977188888,0.06715350447940978,-0.12947940977188888,-0.008281261763155913,ML,MovingAverage3M,SCP,x11 lineal,48.135765680645385,192704.0,210512.0,212528.0,17808.0,19824.0,19442.0,19824.0,181336602,148158678,3,6480.666666666667,6608.0,7774.672597608211,7027.5334221901785,0.10089048488874128,0.10287279973430753,0.092411159083361,0.10287279973430753,SCP,x11 lineal,ML,MovingAverage3M,1.926957223567391,405232.0,395522.0,423296.0,-9710.0,18064.0,46960.0,34096.0,478365696,224699094,6,7826.666666666667,5682.666666666667,8929.03219839642,6119.628174979261,0.11588423421644885,0.08413945591661073,-0.02396158250088838,0.04457693370711099,ML,MovingAverage3M,SCP,x11 lineal,27.393526405451446,2026-07-11 12:55:22.869,0,,"
"10538,63,62,10467,1,333,"""",""323"",,,,MovingAverage3M,lumpy_insuficient,lumpy_insuficient_insuficient,insuficient,seasonal discrete,seasonal discrete,success,lumpy_insuficient,COMPARABLE,1,1,1,0.0,0.0,0.0,130.0,0.0,0.0,0.0,0.0,155.0,146.0,52.0,194.0,0.0,0.0,0.0,0.0,0.0,0.0,0.0,0.0,155.0,16.0,52.0,194.0,0.0,0.0,0.0,-130.0,0.0,0.0,0.0,0.0,155.0,16.0,52.0,194.0,0.0,0.0,0.0,130.0,0.0,0.0,0.0,0.0,24025.0,256.0,2704.0,37636.0,0.0,0.0,0.0,16900.0,0.0,0.0,0,0,0,1,0,0,,,,16.0,,,,,,130.0,,,,,,16.0,,,,,,130.0,,,,,,0.12307692307692308,,,,,,1.0,,,,,,0.12307692307692308,,,,,,-1.0,,,,,,SCP,,,,,,seasonal discrete,,,,,,ML,,,,,,MovingAverage3M,,,,,,87.6923076923077,,,130.0,392.0,0.0,262.0,-130.0,262.0,130.0,40596.0,16900.0,1,262.0,130.0,201.48449071826843,130.0,2.0153846153846153,1.0,2.0153846153846153,-1.0,ML,MovingAverage3M,SCP,seasonal discrete,50.38167938931297,0.0,155.0,0.0,155.0,0.0,155.0,0.0,24025.0,0.0,0,,,,,,,,,,,,,,130.0,547.0,0.0,417.0,-130.0,417.0,130.0,64621.0,16900.0,1,417.0,130.0,254.20660888340413,130.0,3.207692307692308,1.0,3.207692307692308,-1.0,ML,MovingAverage3M,SCP,seasonal discrete,68.82494004796163,2026-07-11 12:55:22.869,0,,"
"10539,63,62,10467,1,334,""MERCADONA, 939 S.SADURNI"",""327"",,,,AutoETS,smooth_acceptable,smooth_acceptable_acceptable,acceptable,x11 seasonal,x11 seasonal,success,smooth_acceptable,COMPARABLE,1,1,1,66800.0,64830.0,62040.0,66440.0,55040.0,58780.0,59536.0,61814.0,59632.0,62157.0,56379.0,59079.0,66865.0,66240.0,66658.0,65733.0,56098.0,58132.0,-7264.0,-3016.0,-2408.0,-4283.0,1339.0,299.0,65.0,1410.0,4618.0,-707.0,1058.0,-648.0,7264.0,3016.0,2408.0,4283.0,1339.0,299.0,65.0,1410.0,4618.0,707.0,1058.0,648.0,52765696,9096256.0,5798464.0,18344089,1792921.0,89401.0,4225.0,1988100.0,21325924,499849.0,1119364.0,419904.0,1,1,1,1,1,1,7264.0,3016.0,2408.0,4283.0,1339.0,299.0,65.0,1410.0,4618.0,707.0,1058.0,648.0,7264.0,3016.0,2408.0,4283.0,1339.0,299.0,65.0,1410.0,4618.0,707.0,1058.0,648.0,0.10874251497005988,0.04652167206540182,0.03881366860090264,0.06446417820590006,0.024327761627906976,0.005086764205512079,0.0009730538922156,0.02174919018972698,0.07443584784010315,0.01064118001204094,0.01922238372093023,0.011024157876828854,-0.10874251497005988,-0.04652167206540182,-0.03881366860090264,-0.06446417820590006,0.024327761627906976,0.005086764205512079,0.0009730538922156,0.02174919018972698,0.07443584784010315,-0.01064118001204094,0.01922238372093023,-0.011024157876828854,ML,ML,SCP,ML,ML,SCP,AutoETS,AutoETS,x11 seasonal,AutoETS,AutoETS,x11 seasonal,SCP,SCP,ML,SCP,SCP,ML,x11 seasonal,x11 seasonal,AutoETS,x11 seasonal,x11 seasonal,AutoETS,99.10517621145375,53.24933687002653,47.85621481160675,83.49287882325473,20.98581030619866,53.85802469135802,180260.0,177615.0,179963.0,-2645.0,-297.0,5921.0,2413.0,20226411,2039117.0,3,1973.6666666666667,804.3333333333334,2596.5625353532314,824.442640010005,0.03284699877954066,0.01338621990458227,-0.01467324975036059,-0.0016476201042937978,ML,AutoETS,SCP,x11 seasonal,59.24674885998987,193670.0,180982.0,199763.0,-12688.0,6093.0,12688.0,6093.0,67660416,23318249,3,4229.333333333333,2031.0,4749.049589128334,2787.965148036587,0.06551350234935716,0.031460732173284454,-0.06551350234935716,0.031460732173284454,ML,AutoETS,SCP,x11 seasonal,51.9782471626734,373930.0,358597.0,379726.0,-15333.0,5796.0,18609.0,8506.0,87886827,25357366,6,3101.5,1417.6666666666667,3827.245027431612,2055.779089947815,0.04976599898376702,0.0227475730751745,-0.041005000936004066,0.015500227315272912,ML,AutoETS,SCP,x11 seasonal,54.290934494062014,2026-07-11 12:55:22.869,0,,"
"10540,63,62,10467,1,335,SAN ISIDRO,""323"",,,,,unknown_oneOff,unknown_oneOff_oneOff,oneOff,syntetos-boylan,syntetos-boylan,success,unknown_oneOff,NOT_COMPARABLE_MISSING_ML,1,1,0,0.0,0.0,0.0,0.0,0.0,0.0,36.0,37.0,36.0,400.0,400.0,400.0,,,,,,,,,,,,,,,,,,,,,,,,,,,,,,,,,,,,,,,,,,,,,,,,,,,,,,,,,,,,,,,,,,,,,,,,,,,,,,,,,,,,,,,,,,,,,,,,,,,,,,,,,,,,,,,,,,,,,,,,,,,,,,,,,,,,,,,,,,,,,,,,,,,,,,,,,,,,,,,,,,,,,,,,,,,,,,,,,,,,,,,,,,,,,,,,,,,,2026-07-11 12:55:22.869,0,,"
"10541,63,62,10467,1,336,""MERCADONA, 910 HUEVAR"",""457"",,,,,,,,preserve current forecast,preserve current forecast,success,,NOT_COMPARABLE_MISSING_SCP_AND_ML,1,0,0,0.0,0.0,0.0,0.0,0.0,0.0,,,,,,,,,,,,,,,,,,,,,,,,,,,,,,,,,,,,,,,,,,,,,,,,,,,,,,,,,,,,,,,,,,,,,,,,,,,,,,,,,,,,,,,,,,,,,,,,,,,,,,,,,,,,,,,,,,,,,,,,,,,,,,,,,,,,,,,,,,,,,,,,,,,,,,,,,,,,,,,,,,,,,,,,,,,,,,,,,,,,,,,,,,,,,,,,,,,,,,,,,,2026-07-11 12:55:22.869,1,MissingHistory,NoForecastRowsMaterialized"
"10542,63,62,10467,1,337,""MERCADONA, 910 HUEVAR"",""357"",,,,AutoETS,smooth_acceptable,smooth_acceptable_acceptable,acceptable,x11 seasonal,x11 seasonal,success,smooth_acceptable,COMPARABLE,1,1,1,0.0,70176.0,66144.0,74400.0,64584.0,68700.0,69080.0,71351.0,67256.0,69796.0,63420.0,68754.0,66209.0,69444.0,66480.0,52056.0,52537.0,56790.0,69080.0,1175.0,1112.0,-4604.0,-1164.0,54.0,66209.0,-732.0,336.0,-22344.0,-12047.0,-11910.0,69080.0,1175.0,1112.0,4604.0,1164.0,54.0,66209.0,732.0,336.0,22344.0,12047.0,11910.0,4772046400,1380625.0,1236544.0,21196816,1354896.0,2916.0,4383631681,535824.0,112896.0,499254336,145130209,141848100,0,1,1,1,1,1,,1175.0,1112.0,4604.0,1164.0,54.0,,732.0,336.0,22344.0,12047.0,11910.0,,1175.0,1112.0,4604.0,1164.0,54.0,,732.0,336.0,22344.0,12047.0,11910.0,,0.01674361605107159,0.016811804547653603,0.06188172043010753,0.018023039762170196,0.0007860262008734,,0.010430916552667579,0.0050798258345428155,0.30032258064516126,0.1865322680540072,0.17336244541484716,,0.01674361605107159,0.016811804547653603,-0.06188172043010753,-0.018023039762170196,0.0007860262008734,,-0.010430916552667579,0.0050798258345428155,-0.30032258064516126,-0.1865322680540072,-0.17336244541484716,,ML,ML,SCP,SCP,SCP,,AutoETS,AutoETS,x11 seasonal,x11 seasonal,x11 seasonal,,SCP,SCP,ML,ML,ML,,x11 seasonal,x11 seasonal,AutoETS,AutoETS,AutoETS,,37.70212765957447,69.78417266187049,79.39491586108127,90.3378434465012,99.54659949622166,207684.0,201970.0,161383.0,-5714.0,-46301.0,5822.0,46301.0,22554628,786232645,3,1940.6666666666667,15433.666666666666,2741.935326249205,16188.809355024641,0.028032973170778682,0.22293965832707383,-0.02751295236994665,-0.22293965832707383,SCP,x11 seasonal,ML,AutoETS,87.42575754303363,136320.0,207687.0,202133.0,71367.0,65813.0,71367.0,67277.0,4774663569,4384280401,2,35683.5,33638.5,48860.329353167486,46820.296886072814,0.5235255281690141,0.4935225938967136,0.5235255281690141,0.4827831572769953,ML,AutoETS,SCP,x11 seasonal,5.730940070340639,344004.0,409657.0,363516.0,65653.0,19512.0,77189.0,113578.0,4797218197,5170513046,5,15437.8,22715.6,30974.887237889987,32157.46583921065,0.22438401879047917,0.33016476552598223,0.19084952500552319,0.05672027069452681,SCP,x11 seasonal,ML,AutoETS,32.03877511489901,2026-07-11 12:55:22.869,0,,"
"10543,63,62,10467,1,338,""MERCADONA, 1041 ABRERA FR"",""456"",,,,,,,,preserve current forecast,preserve current forecast,success,,NOT_COMPARABLE_MISSING_SCP_AND_ML,1,0,0,0.0,0.0,0.0,0.0,0.0,0.0,,,,,,,,,,,,,,,,,,,,,,,,,,,,,,,,,,,,,,,,,,,,,,,,,,,,,,,,,,,,,,,,,,,,,,,,,,,,,,,,,,,,,,,,,,,,,,,,,,,,,,,,,,,,,,,,,,,,,,,,,,,,,,,,,,,,,,,,,,,,,,,,,,,,,,,,,,,,,,,,,,,,,,,,,,,,,,,,,,,,,,,,,,,,,,,,,,,,,,,,,,2026-07-11 12:55:22.869,1,MissingHistory,NoForecastRowsMaterialized"
"10544,63,62,10467,1,339,""MERCADONA, 1041 ABRERA FR"",""356"",,,,AutoETS,smooth_acceptable,smooth_acceptable_acceptable,acceptable,x11 lineal,x11 lineal,success,smooth_acceptable,COMPARABLE,1,1,1,47268.0,55116.0,48804.0,52056.0,42000.0,51048.0,51694.0,54546.0,49470.0,53579.0,51416.0,53633.0,46056.0,52882.0,46428.0,49501.0,47572.0,53273.0,4426.0,-570.0,666.0,1523.0,9416.0,2585.0,-1212.0,-2234.0,-2376.0,-2555.0,5572.0,2225.0,4426.0,570.0,666.0,1523.0,9416.0,2585.0,1212.0,2234.0,2376.0,2555.0,5572.0,2225.0,19589476,324900.0,443556.0,2319529.0,88661056,6682225.0,1468944.0,4990756.0,5645376.0,6528025.0,31047184,4950625.0,1,1,1,1,1,1,4426.0,570.0,666.0,1523.0,9416.0,2585.0,1212.0,2234.0,2376.0,2555.0,5572.0,2225.0,4426.0,570.0,666.0,1523.0,9416.0,2585.0,1212.0,2234.0,2376.0,2555.0,5572.0,2225.0,0.09363628670559364,0.010341824515567168,0.013646422424391444,0.02925695404948517,0.2241904761904762,0.0506386146372042,0.02564102564102564,0.040532694680310614,0.04868453405458569,0.04908175810665437,0.13266666666666665,0.04358642845948911,0.09363628670559364,-0.010341824515567168,0.013646422424391444,0.02925695404948517,0.2241904761904762,0.0506386146372042,-0.02564102564102564,-0.040532694680310614,-0.04868453405458569,-0.04908175810665437,0.13266666666666665,0.04358642845948911,ML,SCP,SCP,SCP,ML,ML,AutoETS,x11 lineal,x11 lineal,x11 lineal,AutoETS,AutoETS,SCP,ML,ML,ML,SCP,SCP,x11 lineal,AutoETS,AutoETS,AutoETS,x11 lineal,x11 lineal,72.61635788522366,74.48522829006266,71.96969696969697,40.39138943248531,40.824129141886154,13.926499032882003,145104.0,158628.0,150346.0,13524.0,5242.0,13524.0,10352.0,97662810,42525834,3,4508.0,3450.6666666666665,5705.634933992886,3765.007038506037,0.09320211710221635,0.07134193406108721,0.09320211710221635,0.036125813209835704,ML,AutoETS,SCP,x11 lineal,23.45459923099676,151188.0,155710.0,145366.0,4522.0,-5822.0,5662.0,5822.0,20357932,12105076,3,1887.3333333333333,1940.6666666666667,2604.9908509116367,2008.7372484556893,0.03745006217424663,0.0385083472233246,0.029909781199566103,-0.0385083472233246,SCP,x11 lineal,ML,AutoETS,2.74819649604947,296292.0,314338.0,295712.0,18046.0,-580.0,19186.0,16174.0,118020742,54630910,6,3197.6666666666665,2695.6666666666665,4435.101314137781,3017.4743854201424,0.06475368892848947,0.054588041526602134,0.060906133138930514,-0.0019575283841615702,ML,AutoETS,SCP,x11 lineal,15.698947148962796,2026-07-11 12:55:22.869,0,,"
"10545,63,62,10467,1,340,SAN ISIDRO,""320"",,,,AutoARIMA,smooth_acceptable,smooth_acceptable_acceptable,acceptable,x11 lineal,x11 lineal,success,smooth_acceptable,COMPARABLE,1,1,1,33432.0,34344.0,33960.0,33744.0,27576.0,31704.0,33546.0,34321.0,33102.0,35174.0,31104.0,34041.0,34646.0,36577.0,32267.0,32866.0,32768.0,32672.0,114.0,-23.0,-858.0,1430.0,3528.0,2337.0,1214.0,2233.0,-1693.0,-878.0,5192.0,968.0,114.0,23.0,858.0,1430.0,3528.0,2337.0,1214.0,2233.0,1693.0,878.0,5192.0,968.0,12996.0,529.0,736164.0,2044900.0,12446784,5461569.0,1473796.0,4986289.0,2866249.0,770884.0,26956864,937024.0,1,1,1,1,1,1,114.0,23.0,858.0,1430.0,3528.0,2337.0,1214.0,2233.0,1693.0,878.0,5192.0,968.0,114.0,23.0,858.0,1430.0,3528.0,2337.0,1214.0,2233.0,1693.0,878.0,5192.0,968.0,0.0034099066762383347,0.0006696948520848,0.025265017667844523,0.042377904220009484,0.1279373368146214,0.07371309613928842,0.03631251495573103,0.06501863498718845,0.0498527679623086,0.026019440493124702,0.18827966347548594,0.030532424930608124,0.0034099066762383347,-0.0006696948520848,-0.025265017667844523,0.042377904220009484,0.1279373368146214,0.07371309613928842,0.03631251495573103,0.06501863498718845,-0.0498527679623086,-0.026019440493124702,0.18827966347548594,0.030532424930608124,SCP,SCP,SCP,ML,SCP,ML,x11 lineal,x11 lineal,x11 lineal,AutoARIMA,x11 lineal,AutoARIMA,ML,ML,ML,SCP,ML,SCP,AutoARIMA,AutoARIMA,AutoARIMA,x11 lineal,AutoARIMA,x11 lineal,90.60955518945634,98.96999552171965,49.320732427643236,38.60139860139861,32.04930662557782,58.579375267436895,93024.0,100319.0,98306.0,7295.0,5282.0,7295.0,7038.0,19953253,28664772,3,2431.6666666666665,2346.0,2578.9696262913476,3091.104009896788,0.07842062263501892,0.0756578947368421,0.07842062263501892,0.056781045751633986,ML,AutoARIMA,SCP,x11 lineal,3.522960932145308,101736.0,100969.0,103490.0,-767.0,1754.0,995.0,5140.0,749689.0,9326334.0,3,331.6666666666667,1713.3333333333333,499.8963225843268,1763.1727085002194,0.00978021545962098,0.05052292207281592,-0.007539120861838484,0.017240701423291656,SCP,x11 lineal,ML,AutoARIMA,80.64202334630349,194760.0,201288.0,201796.0,6528.0,7036.0,8290.0,12178.0,20702942,37991106,6,1381.6666666666667,2029.6666666666667,1857.5495507074188,2516.3169514192764,0.042565208461696445,0.06252823988498665,0.033518176216882314,0.036126514684740194,SCP,x11 lineal,ML,AutoARIMA,31.9264247002792,2026-07-11 12:55:22.869,0,,"
"10546,63,62,10467,1,341,""MERCADONA, 1156 VILLADANG"",""320"",,,,AutoETS,smooth_acceptable,smooth_acceptable_acceptable,acceptable,x11 seasonal,x11 seasonal,success,smooth_acceptable,COMPARABLE,1,1,1,28968.0,25752.0,26232.0,26784.0,19800.0,23448.0,25615.0,26792.0,23509.0,25173.0,22542.0,25201.0,25641.0,25891.0,22840.0,23592.0,20318.0,23280.0,-3353.0,1040.0,-2723.0,-1611.0,2742.0,1753.0,-3327.0,139.0,-3392.0,-3192.0,518.0,-168.0,3353.0,1040.0,2723.0,1611.0,2742.0,1753.0,3327.0,139.0,3392.0,3192.0,518.0,168.0,11242609,1081600.0,7414729.0,2595321.0,7518564.0,3073009.0,11068929,19321.0,11505664,10188864,268324.0,28224.0,1,1,1,1,1,1,3353.0,1040.0,2723.0,1611.0,2742.0,1753.0,3327.0,139.0,3392.0,3192.0,518.0,168.0,3353.0,1040.0,2723.0,1611.0,2742.0,1753.0,3327.0,139.0,3392.0,3192.0,518.0,168.0,0.11574841204087269,0.0403852127990059,0.10380451357121073,0.060147849462365593,0.1384848484848485,0.0747611736608666,0.11485086992543496,0.005397639018328674,0.12930771576700215,0.11917562724014337,0.02616161616161616,0.007164790174002047,-0.11574841204087269,0.0403852127990059,-0.10380451357121073,-0.060147849462365593,0.1384848484848485,0.0747611736608666,-0.11485086992543496,0.005397639018328674,-0.12930771576700215,-0.11917562724014337,0.02616161616161616,-0.007164790174002047,ML,ML,SCP,SCP,ML,ML,AutoETS,AutoETS,x11 seasonal,x11 seasonal,AutoETS,AutoETS,SCP,SCP,ML,ML,SCP,SCP,x11 seasonal,x11 seasonal,AutoETS,AutoETS,x11 seasonal,x11 seasonal,0.7754249925439952,86.63461538461537,19.722877358490575,49.53007518796993,81.10867979576952,90.41642897889332,70032.0,72916.0,67190.0,2884.0,-2842.0,6106.0,3878.0,13186894,10485412,3,2035.3333333333333,1292.6666666666667,2096.5760976729016,1869.5286393455794,0.0871887137308659,0.055374685857893534,0.041181174320310716,-0.04058144848069454,ML,AutoETS,SCP,x11 seasonal,36.488699639698666,80952.0,75916.0,74372.0,-5036.0,-6580.0,7116.0,6858.0,19738938,22593914,3,2372.0,2286.0,2565.082064964004,2744.3222599881865,0.08790394307737918,0.08471686925585532,-0.06220970451625655,-0.08128273544816682,ML,AutoETS,SCP,x11 seasonal,3.625632377740298,150984.0,148832.0,141562.0,-2152.0,-9422.0,13222.0,10736.0,32925832,33079326,6,2203.6666666666665,1789.3333333333333,2342.5709523228247,2348.024914688939,0.08757219308006146,0.07110687225136439,-0.014253165898373337,-0.062403963333863194,ML,AutoETS,SCP,x11 seasonal,18.801996672212972,2026-07-11 12:55:22.869,0,,"
"10547,63,62,10467,1,342,""MERCADONA, 927 CIEMPOZUEL"",""336"",,,,,smooth_obsolete,smooth_obsolete_obsolete,obsolete,seasonal discrete,seasonal discrete,success,smooth_obsolete,NOT_COMPARABLE_NO_HISTORY,1,1,1,0.0,0.0,0.0,0.0,0.0,0.0,16.0,31.0,54.0,0.0,0.0,0.0,0.0,0.0,0.0,0.0,0.0,0.0,,,,,,,,,,,,,,,,,,,,,,,,,,,,,,,,,,,,,,,,,,,,,,,,,,,,,,,,,,,,,,,,,,,,,,,,,,,,,,,,,,,,,,,,,,,,,,,,,,,,,,,,,,,,,,,,,,,,,,,,,,,,,,,,,,,,,,,,,,,,,,,,,,,,,,,,,,,,,,,,,,,,,,,,,,,,,,,,,,,,,,,,,,,,,,2026-07-11 12:55:22.869,0,,NoForecastRowsMaterialized"
"10548,63,62,10467,1,343,""MERCADONA, 1003 ZGZ PEREC"",""319"",,,,,,,,preserve current forecast,preserve current forecast,success,,NOT_COMPARABLE_MISSING_SCP_AND_ML,1,0,0,0.0,0.0,0.0,0.0,0.0,0.0,,,,,,,,,,,,,,,,,,,,,,,,,,,,,,,,,,,,,,,,,,,,,,,,,,,,,,,,,,,,,,,,,,,,,,,,,,,,,,,,,,,,,,,,,,,,,,,,,,,,,,,,,,,,,,,,,,,,,,,,,,,,,,,,,,,,,,,,,,,,,,,,,,,,,,,,,,,,,,,,,,,,,,,,,,,,,,,,,,,,,,,,,,,,,,,,,,,,,,,,,,2026-07-11 12:55:22.869,1,MissingHistory,NoForecastRowsMaterialized"
"10549,63,62,10467,1,344,""MERCADONA, 1105 PARC SAGU"",""330"",,,,AutoARIMA,smooth_acceptable,smooth_acceptable_acceptable,acceptable,x11 lineal,x11 lineal,success,smooth_acceptable,COMPARABLE,1,1,1,11928.0,12504.0,11832.0,14688.0,10680.0,13248.0,6116.0,11120.0,12327.0,15442.0,17726.0,22074.0,12859.0,12860.0,12859.0,20890.0,23191.0,27147.0,-5812.0,-1384.0,495.0,754.0,7046.0,8826.0,931.0,356.0,1027.0,6202.0,12511.0,13899.0,5812.0,1384.0,495.0,754.0,7046.0,8826.0,931.0,356.0,1027.0,6202.0,12511.0,13899.0,33779344,1915456.0,245025.0,568516.0,49646116,77898276,866761.0,126736.0,1054729.0,38464804,156525121,193182201,1,1,1,1,1,1,5812.0,1384.0,495.0,754.0,7046.0,8826.0,931.0,356.0,1027.0,6202.0,12511.0,13899.0,5812.0,1384.0,495.0,754.0,7046.0,8826.0,931.0,356.0,1027.0,6202.0,12511.0,13899.0,0.48725687458081823,0.11068458093410109,0.041835699797160245,0.05133442265795207,0.6597378277153558,0.666213768115942,0.07805164319248827,0.028470889315419065,0.08679851250845165,0.42224945533769065,1.171441947565543,1.0491394927536233,-0.48725687458081823,-0.11068458093410109,0.041835699797160245,0.05133442265795207,0.6597378277153558,0.666213768115942,0.07805164319248827,0.028470889315419065,0.08679851250845165,0.42224945533769065,1.171441947565543,1.0491394927536233,ML,ML,SCP,SCP,SCP,SCP,AutoARIMA,AutoARIMA,x11 lineal,x11 lineal,x11 lineal,x11 lineal,SCP,SCP,ML,ML,ML,ML,x11 lineal,x11 lineal,AutoARIMA,AutoARIMA,AutoARIMA,AutoARIMA,83.98141775636614,74.27745664739885,51.80136319376826,87.84263140922283,43.68156022700024,36.49902870710124,38616.0,55242.0,71228.0,16626.0,32612.0,16626.0,32612.0,128112908,388172126,3,5542.0,10870.666666666666,6534.852918518263,11375.003677655084,0.4305469235550031,0.844520406049306,0.4305469235550031,0.844520406049306,SCP,x11 lineal,ML,AutoARIMA,49.0187660983687,36264.0,29563.0,38578.0,-6701.0,2314.0,7691.0,2314.0,35939825,2048226.0,3,2563.6666666666665,771.3333333333334,3461.20523324848,826.2820341747725,0.21208360908890359,0.06380983895874696,-0.1847838076329142,0.06380983895874696,ML,AutoARIMA,SCP,x11 lineal,69.91288519048238,74880.0,84805.0,109806.0,9925.0,34926.0,24317.0,34926.0,164052733,390220352,6,4052.8333333333335,5821.0,5228.969512883649,8064.535035160635,0.32474626068376067,0.46642628205128206,0.13254540598290598,0.46642628205128206,SCP,x11 lineal,ML,AutoARIMA,30.37565137719751,2026-07-11 12:55:22.869,0,,"
"10550,63,62,10467,1,345,""MERCADONA, 1025 GUADIX FR"",""327"",,,,AutoETS,smooth_acceptable,smooth_acceptable_acceptable,acceptable,x11 seasonal,x11 seasonal,success,smooth_acceptable,COMPARABLE,1,1,1,9490.0,8930.0,8410.0,9150.0,7730.0,8630.0,8853.0,8890.0,8108.0,8786.0,8148.0,9086.0,9122.0,8752.0,8075.0,9016.0,7849.0,8904.0,-637.0,-40.0,-302.0,-364.0,418.0,456.0,-368.0,-178.0,-335.0,-134.0,119.0,274.0,637.0,40.0,302.0,364.0,418.0,456.0,368.0,178.0,335.0,134.0,119.0,274.0,405769.0,1600.0,91204.0,132496.0,174724.0,207936.0,135424.0,31684.0,112225.0,17956.0,14161.0,75076.0,1,1,1,1,1,1,637.0,40.0,302.0,364.0,418.0,456.0,368.0,178.0,335.0,134.0,119.0,274.0,637.0,40.0,302.0,364.0,418.0,456.0,368.0,178.0,335.0,134.0,119.0,274.0,0.06712328767123288,0.004479283314669653,0.03590963139120095,0.039781420765027324,0.05407503234152652,0.05283893395133256,0.03877766069546892,0.019932810750279955,0.03983353151010702,0.0146448087431694,0.015394566623544631,0.03174971031286211,-0.06712328767123288,-0.004479283314669653,-0.03590963139120095,-0.039781420765027324,0.05407503234152652,0.05283893395133256,-0.03877766069546892,-0.019932810750279955,-0.03983353151010702,-0.0146448087431694,0.015394566623544631,0.03174971031286211,ML,SCP,SCP,ML,ML,ML,AutoETS,x11 seasonal,x11 seasonal,AutoETS,AutoETS,AutoETS,SCP,ML,ML,SCP,SCP,SCP,x11 seasonal,AutoETS,AutoETS,x11 seasonal,x11 seasonal,x11 seasonal,42.22919937205651,77.52808988764045,9.850746268656723,63.18681318681318,71.5311004784689,39.912280701754376,25510.0,26020.0,25769.0,510.0,259.0,1238.0,527.0,515156.0,107193.0,3,412.6666666666667,175.66666666666666,414.38951080676094,189.02645317521038,0.04852998823990592,0.02065856526852215,0.0199921599372795,0.010152881223049784,ML,AutoETS,SCP,x11 seasonal,57.43134087237479,26830.0,25851.0,25949.0,-979.0,-881.0,979.0,881.0,498573.0,279333.0,3,326.3333333333333,293.6666666666667,407.665303895242,305.1409510373853,0.0364890048453224,0.03283637718971301,-0.0364890048453224,-0.03283637718971301,ML,AutoETS,SCP,x11 seasonal,10.010214504596524,52340.0,51871.0,51718.0,-469.0,-622.0,2217.0,1408.0,1013729.0,386526.0,6,369.5,234.66666666666666,411.04115771213634,253.81292323284092,0.042357661444401985,0.026901031715705005,-0.00896064195643867,-0.01188383645395491,ML,AutoETS,SCP,x11 seasonal,36.49075327018493,2026-07-11 12:55:22.869,0,,"
"10551,63,62,10467,1,346,""MERCADONA, 1073 VITORIA FRIO"",""437"",,,,HistoricAverage,intermittent_newRelease,intermittent_newRelease_newRelease,newRelease,syntetos-boylan,syntetos-boylan,success,intermittent_newRelease,COMPARABLE,1,1,1,0.0,0.0,0.0,0.0,3352.0,4112.0,1595.0,1595.0,1595.0,1232.0,1232.0,1232.0,0.0,0.0,0.0,2174.0,2174.0,2174.0,1595.0,1595.0,1595.0,1232.0,-2120.0,-2880.0,0.0,0.0,0.0,2174.0,-1178.0,-1938.0,1595.0,1595.0,1595.0,1232.0,2120.0,2880.0,0.0,0.0,0.0,2174.0,1178.0,1938.0,2544025.0,2544025.0,2544025.0,1517824.0,4494400.0,8294400.0,0.0,0.0,0.0,4726276.0,1387684.0,3755844.0,0,0,0,0,1,1,,,,,2120.0,2880.0,,,,,1178.0,1938.0,,,,,2120.0,2880.0,,,,,1178.0,1938.0,,,,,0.6324582338902148,0.7003891050583657,,,,,0.35143198090692124,0.4713035019455253,,,,,-0.6324582338902148,-0.7003891050583657,,,,,-0.35143198090692124,-0.4713035019455253,,,,,ML,ML,,,,,HistoricAverage,HistoricAverage,,,,,SCP,SCP,,,,,syntetos-boylan,syntetos-boylan,,,,,44.43396226415094,32.70833333333333,7464.0,3696.0,6522.0,-3768.0,-942.0,6232.0,5290.0,14306624,9869804.0,2,3116.0,2645.0,2674.5676286084076,2221.463931735107,0.834941050375134,0.7087352625937835,-0.5048231511254019,-0.12620578778135047,ML,HistoricAverage,SCP,syntetos-boylan,15.115532734274712,0.0,4785.0,0.0,4785.0,0.0,4785.0,0.0,7632075.0,0.0,0,,,,,,,,,,,,,,7464.0,8481.0,6522.0,1017.0,-942.0,11017.0,5290.0,21938699,9869804.0,2,5508.5,2645.0,3312.0008303139057,2221.463931735107,1.4760182207931405,0.7087352625937835,0.1362540192926045,-0.12620578778135047,ML,HistoricAverage,SCP,syntetos-boylan,51.98329853862214,2026-07-11 12:55:22.869,0,,"
"10552,63,62,10467,1,347,""MERCADONA, 910 HUEVAR"",""334"",,,,AutoARIMA,smooth_acceptable,smooth_acceptable_acceptable,acceptable,x11 lineal,x11 lineal,success,smooth_acceptable,COMPARABLE,1,1,1,0.0,63776.0,65056.0,75712.0,67392.0,78784.0,69356.0,73413.0,70446.0,70217.0,67997.0,70788.0,61967.0,75100.0,68818.0,72572.0,68093.0,72211.0,69356.0,9637.0,5390.0,-5495.0,605.0,-7996.0,61967.0,11324.0,3762.0,-3140.0,701.0,-6573.0,69356.0,9637.0,5390.0,5495.0,605.0,7996.0,61967.0,11324.0,3762.0,3140.0,701.0,6573.0,4810254736,92871769,29052100,30195025,366025.0,63936016,3839909089,128232976,14152644,9859600.0,491401.0,43204329,0,1,1,1,1,1,,9637.0,5390.0,5495.0,605.0,7996.0,,11324.0,3762.0,3140.0,701.0,6573.0,,9637.0,5390.0,5495.0,605.0,7996.0,,11324.0,3762.0,3140.0,701.0,6573.0,,0.15110699949824385,0.08285169699950812,0.07257766272189349,0.008977326685660019,0.10149268887083672,,0.17755895634721525,0.05782710280373832,0.04147295012679628,0.010401828110161444,0.08343064581640942,,0.15110699949824385,0.08285169699950812,-0.07257766272189349,0.008977326685660019,-0.10149268887083672,,0.17755895634721525,0.05782710280373832,-0.04147295012679628,0.010401828110161444,-0.08343064581640942,,SCP,ML,ML,SCP,ML,,x11 lineal,AutoARIMA,AutoARIMA,x11 lineal,AutoARIMA,,ML,SCP,SCP,ML,SCP,,AutoARIMA,x11 lineal,x11 lineal,AutoARIMA,x11 lineal,,14.897562698693037,30.20408163265306,42.857142857142854,13.694721825962915,17.79639819909955,221888.0,209002.0,212876.0,-12886.0,-9012.0,14096.0,10414.0,94497066,53555330,3,4698.666666666667,3471.3333333333335,5612.398952319765,4225.136289715004,0.0635275454283242,0.04693358811652726,-0.0580743438130949,-0.04061508508797231,ML,AutoARIMA,SCP,x11 lineal,26.12088535754824,128832.0,213215.0,205885.0,84383.0,77053.0,84383.0,77053.0,4932178605,3982294709,2,42191.5,38526.5,49659.73522382092,44622.274196862716,0.6549847863884749,0.5980889841033283,0.6549847863884749,0.5980889841033283,ML,AutoARIMA,SCP,x11 lineal,8.686583790573934,350720.0,422217.0,418761.0,71497.0,68041.0,98479.0,87467.0,5026675671,4035850039,5,19695.8,17493.4,31707.020266811578,28410.737544104693,0.2807909443430657,0.24939267791970804,0.20385777828467153,0.1940037636861314,ML,AutoARIMA,SCP,x11 lineal,11.182079428101414,2026-07-11 12:55:22.869,0,,"
"10553,63,62,10467,1,348,""MERCADONA, 1131 ANTEQUERA"",""321"",,,,,,,,preserve current forecast,preserve current forecast,success,,NOT_COMPARABLE_MISSING_SCP_AND_ML,1,0,0,0.0,0.0,0.0,0.0,0.0,0.0,,,,,,,,,,,,,,,,,,,,,,,,,,,,,,,,,,,,,,,,,,,,,,,,,,,,,,,,,,,,,,,,,,,,,,,,,,,,,,,,,,,,,,,,,,,,,,,,,,,,,,,,,,,,,,,,,,,,,,,,,,,,,,,,,,,,,,,,,,,,,,,,,,,,,,,,,,,,,,,,,,,,,,,,,,,,,,,,,,,,,,,,,,,,,,,,,,,,,,,,,,2026-07-11 12:55:22.869,1,MissingHistory,NoForecastRowsMaterialized"
"10554,63,62,10467,1,349,""MERCADONA, 1003 ZGZ PEREC"",""356"",,,,AutoARIMA,smooth_acceptable,smooth_acceptable_acceptable,acceptable,x11 lineal,x11 lineal,success,smooth_acceptable,COMPARABLE,1,1,1,22176.0,24528.0,21960.0,23820.0,19560.0,24840.0,23475.0,24045.0,23480.0,24692.0,24187.0,25011.0,21840.0,23013.0,22114.0,23778.0,23620.0,24251.0,1299.0,-483.0,1520.0,872.0,4627.0,171.0,-336.0,-1515.0,154.0,-42.0,4060.0,-589.0,1299.0,483.0,1520.0,872.0,4627.0,171.0,336.0,1515.0,154.0,42.0,4060.0,589.0,1687401.0,233289.0,2310400.0,760384.0,21409129,29241.0,112896.0,2295225.0,23716.0,1764.0,16483600,346921.0,1,1,1,1,1,1,1299.0,483.0,1520.0,872.0,4627.0,171.0,336.0,1515.0,154.0,42.0,4060.0,589.0,1299.0,483.0,1520.0,872.0,4627.0,171.0,336.0,1515.0,154.0,42.0,4060.0,589.0,0.058576839826839824,0.019691780821917807,0.0692167577413479,0.036607892527287994,0.23655419222903887,0.006884057971014493,0.015151515151515152,0.06176614481409002,0.007012750455373406,0.0017632241813602015,0.20756646216768918,0.023711755233494364,0.058576839826839824,-0.019691780821917807,0.0692167577413479,0.036607892527287994,0.23655419222903887,0.006884057971014493,-0.015151515151515152,-0.06176614481409002,0.007012750455373406,-0.0017632241813602015,0.20756646216768918,-0.023711755233494364,ML,SCP,ML,ML,ML,SCP,AutoARIMA,x11 lineal,AutoARIMA,AutoARIMA,AutoARIMA,x11 lineal,SCP,ML,SCP,SCP,SCP,ML,x11 lineal,AutoARIMA,x11 lineal,x11 lineal,x11 lineal,AutoARIMA,74.13394919168591,68.11881188118811,89.86842105263159,95.18348623853213,12.254160363086232,70.96774193548386,68220.0,73890.0,71649.0,5670.0,3429.0,5670.0,4691.0,22198754,16832285,3,1890.0,1563.6666666666667,2720.2177608909674,2368.7046389676084,0.08311345646437995,0.06876282615068895,0.08311345646437995,0.050263852242744066,ML,AutoARIMA,SCP,x11 lineal,17.266313932980605,68664.0,71000.0,66967.0,2336.0,-1697.0,3302.0,2005.0,4231090.0,2431837.0,3,1100.6666666666667,668.3333333333334,1187.5871897815896,900.340120917275,0.04808924618431784,0.029200163113130607,0.03402073866946289,-0.024714552021437727,ML,AutoARIMA,SCP,x11 lineal,39.27922471229559,136884.0,144890.0,138616.0,8006.0,1732.0,8972.0,6696.0,26429844,19264122,6,1495.3333333333333,1116.0,2098.802992183878,1791.8389994639585,0.06554454866894596,0.04891733146313667,0.058487478448905644,0.01265304929721516,ML,AutoARIMA,SCP,x11 lineal,25.367810967454297,2026-07-11 12:55:22.869,0,,"
"10555,63,62,10467,1,350,""MERCADONA, 910 HUEVAR"",""320"",,,,AutoETS,smooth_acceptable,smooth_acceptable_acceptable,acceptable,x11 seasonal,x11 seasonal,success,smooth_acceptable,COMPARABLE,1,1,1,0.0,42984.0,41160.0,43632.0,35088.0,39816.0,41937.0,41106.0,37892.0,42874.0,39044.0,41287.0,45138.0,42366.0,39066.0,44400.0,37693.0,40553.0,41937.0,-1878.0,-3268.0,-758.0,3956.0,1471.0,45138.0,-618.0,-2094.0,768.0,2605.0,737.0,41937.0,1878.0,3268.0,758.0,3956.0,1471.0,45138.0,618.0,2094.0,768.0,2605.0,737.0,1758711969,3526884.0,10679824,574564.0,15649936,2163841.0,2037439044,381924.0,4384836.0,589824.0,6786025.0,543169.0,0,1,1,1,1,1,,1878.0,3268.0,758.0,3956.0,1471.0,,618.0,2094.0,768.0,2605.0,737.0,,1878.0,3268.0,758.0,3956.0,1471.0,,618.0,2094.0,768.0,2605.0,737.0,,0.04369067560022334,0.07939747327502429,0.017372570590392374,0.11274509803921569,0.03694494675507334,,0.014377442769402568,0.05087463556851312,0.0176017601760176,0.07424190606475148,0.01851014667470364,,-0.04369067560022334,-0.07939747327502429,-0.017372570590392374,0.11274509803921569,0.03694494675507334,,-0.014377442769402568,-0.05087463556851312,0.0176017601760176,0.07424190606475148,0.01851014667470364,,ML,ML,SCP,ML,ML,,AutoETS,AutoETS,x11 seasonal,AutoETS,AutoETS,,SCP,SCP,ML,SCP,SCP,,x11 seasonal,x11 seasonal,AutoETS,x11 seasonal,x11 seasonal,,67.0926517571885,35.92411260709914,1.3020833333333184,34.150657229524775,49.898028552005435,118536.0,123205.0,122646.0,4669.0,4110.0,6185.0,4110.0,18388341,7919018.0,3,2061.6666666666665,1370.0,2475.77200081106,1624.7069479345087,0.05217824120942161,0.03467301073091719,0.03938887764054802,0.03467301073091719,ML,AutoETS,SCP,x11 seasonal,33.54890864995958,84144.0,120935.0,126570.0,36791.0,42426.0,47083.0,47850.0,1772918677,2042205804,2,23541.5,23925.0,29773.467021830023,31954.70078094927,0.5595526716105723,0.5686679977181974,0.43723854344932495,0.5042070735881347,SCP,x11 seasonal,ML,AutoETS,1.6029258098223766,202680.0,244140.0,249216.0,41460.0,46536.0,53268.0,51960.0,1791307018,2050124822,5,10653.6,10392.0,18927.79447267959,20249.073173851684,0.26281823564239193,0.25636471284783896,0.20455891059798698,0.229603315571344,ML,AutoETS,SCP,x11 seasonal,2.4555079972966807,2026-07-11 12:55:22.869,0,,"
"10556,63,62,10467,1,351,"""",""435"",,,,MovingAverage3M,lumpy_insuficient,lumpy_insuficient_insuficient,insuficient,seasonal discrete,seasonal discrete,success,lumpy_insuficient,COMPARABLE,1,1,1,0.0,0.0,0.0,800.0,0.0,0.0,0.0,0.0,1000.0,400.0,1000.0,600.0,0.0,0.0,0.0,0.0,0.0,0.0,0.0,0.0,1000.0,-400.0,1000.0,600.0,0.0,0.0,0.0,-800.0,0.0,0.0,0.0,0.0,1000.0,400.0,1000.0,600.0,0.0,0.0,0.0,800.0,0.0,0.0,0.0,0.0,1000000.0,160000.0,1000000.0,360000.0,0.0,0.0,0.0,640000.0,0.0,0.0,0,0,0,1,0,0,,,,400.0,,,,,,800.0,,,,,,400.0,,,,,,800.0,,,,,,0.5,,,,,,1.0,,,,,,-0.5,,,,,,-1.0,,,,,,SCP,,,,,,seasonal discrete,,,,,,ML,,,,,,MovingAverage3M,,,,,,50.0,,,800.0,2000.0,0.0,1200.0,-800.0,2000.0,800.0,1520000.0,640000.0,1,2000.0,800.0,1232.8828005937953,800.0,2.5,1.0,1.5,-1.0,ML,MovingAverage3M,SCP,seasonal discrete,60.0,0.0,1000.0,0.0,1000.0,0.0,1000.0,0.0,1000000.0,0.0,0,,,,,,,,,,,,,,800.0,3000.0,0.0,2200.0,-800.0,3000.0,800.0,2520000.0,640000.0,1,3000.0,800.0,1587.4507866387544,800.0,3.75,1.0,2.75,-1.0,ML,MovingAverage3M,SCP,seasonal discrete,73.33333333333333,2026-07-11 12:55:22.869,0,,"
"10557,63,62,10467,1,352,""MERCADONA, 927 CIEMPOZUEL"",""322"",,,,AutoARIMA,smooth_acceptable,smooth_acceptable_acceptable,acceptable,x11 seasonal,x11 seasonal,success,smooth_acceptable,COMPARABLE,1,1,1,6174.0,7254.0,6804.0,7272.0,6498.0,7830.0,6866.0,7584.0,6882.0,7121.0,6633.0,7786.0,6773.0,7493.0,6863.0,6966.0,6427.0,7866.0,692.0,330.0,78.0,-151.0,135.0,-44.0,599.0,239.0,59.0,-306.0,-71.0,36.0,692.0,330.0,78.0,151.0,135.0,44.0,599.0,239.0,59.0,306.0,71.0,36.0,478864.0,108900.0,6084.0,22801.0,18225.0,1936.0,358801.0,57121.0,3481.0,93636.0,5041.0,1296.0,1,1,1,1,1,1,692.0,330.0,78.0,151.0,135.0,44.0,599.0,239.0,59.0,306.0,71.0,36.0,692.0,330.0,78.0,151.0,135.0,44.0,599.0,239.0,59.0,306.0,71.0,36.0,0.11208292840945902,0.045492142266335814,0.01146384479717813,0.020764576457645765,0.02077562326869806,0.00561941251596424,0.09701976028506641,0.0329473393989523,0.008671369782480894,0.04207920792079208,0.01092643890427824,0.004597701149425287,0.11208292840945902,0.045492142266335814,0.01146384479717813,-0.020764576457645765,0.02077562326869806,-0.00561941251596424,0.09701976028506641,0.0329473393989523,0.008671369782480894,-0.04207920792079208,-0.01092643890427824,0.004597701149425287,ML,ML,ML,SCP,ML,ML,AutoARIMA,AutoARIMA,AutoARIMA,x11 seasonal,AutoARIMA,AutoARIMA,SCP,SCP,SCP,ML,SCP,SCP,x11 seasonal,x11 seasonal,x11 seasonal,AutoARIMA,x11 seasonal,x11 seasonal,13.439306358381497,27.575757575757574,24.35897435897435,50.65359477124183,47.40740740740741,18.18181818181818,21600.0,21540.0,21259.0,-60.0,-341.0,330.0,413.0,42962.0,99973.0,3,110.0,137.66666666666666,119.66898790692042,182.54953665603574,0.015277777777777777,0.01912037037037037,-0.002777777777777778,-0.015787037037037037,SCP,x11 seasonal,ML,AutoARIMA,20.096852300242134,20232.0,21332.0,21129.0,1100.0,897.0,1100.0,897.0,593848.0,419403.0,3,366.6666666666667,299.0,444.9149731503013,373.89971917614486,0.054369315935152235,0.04433570581257414,0.054369315935152235,0.04433570581257414,ML,AutoARIMA,SCP,x11 seasonal,18.45454545454545,41832.0,42872.0,42388.0,1040.0,556.0,1430.0,1310.0,636810.0,519376.0,6,238.33333333333334,218.33333333333334,325.7836705545568,294.21534063788494,0.0341843564735131,0.031315739147064446,0.02486135016255498,0.013291260279212087,ML,AutoARIMA,SCP,x11 seasonal,8.391608391608406,2026-07-11 12:55:22.869,0,,"
"10558,63,62,10467,1,353,SAN ISIDRO,""332"",,,,AutoETS,smooth_acceptable,smooth_acceptable_acceptable,acceptable,x11 seasonal,x11 seasonal,success,smooth_acceptable,COMPARABLE,1,1,1,124272.0,125004.0,119112.0,125292.0,106584.0,119868.0,124959.0,134568.0,119076.0,120755.0,108465.0,121751.0,130330.0,131783.0,122854.0,129694.0,109872.0,124075.0,687.0,9564.0,-36.0,-4537.0,1881.0,1883.0,6058.0,6779.0,3742.0,4402.0,3288.0,4207.0,687.0,9564.0,36.0,4537.0,1881.0,1883.0,6058.0,6779.0,3742.0,4402.0,3288.0,4207.0,471969.0,91470096,1296.0,20584369,3538161.0,3545689.0,36699364,45954841,14002564,19377604,10810944,17698849,1,1,1,1,1,1,687.0,9564.0,36.0,4537.0,1881.0,1883.0,6058.0,6779.0,3742.0,4402.0,3288.0,4207.0,687.0,9564.0,36.0,4537.0,1881.0,1883.0,6058.0,6779.0,3742.0,4402.0,3288.0,4207.0,0.005528196214754731,0.07650955169434578,0.0003022365504735,0.03621141014589918,0.017648052240486378,0.015708946507825273,0.04874790781511523,0.05423026463153179,0.031415810329773655,0.03513392714618651,0.03084890790362531,0.03509693996729736,0.005528196214754731,0.07650955169434578,-0.0003022365504735,-0.03621141014589918,0.017648052240486378,0.015708946507825273,0.04874790781511523,0.05423026463153179,0.031415810329773655,0.03513392714618651,0.03084890790362531,0.03509693996729736,SCP,ML,SCP,ML,SCP,SCP,x11 seasonal,AutoETS,x11 seasonal,AutoETS,x11 seasonal,x11 seasonal,ML,SCP,ML,SCP,ML,ML,AutoETS,x11 seasonal,AutoETS,x11 seasonal,AutoETS,AutoETS,88.6596236381644,29.11961522375575,99.03794762159272,2.9755344941591364,42.7919708029197,55.24126455906823,351744.0,350971.0,363641.0,-773.0,11897.0,8301.0,11897.0,27668219,47887397,3,2767.0,3965.6666666666665,3036.896387212884,3995.3054534874636,0.023599549672489083,0.03382289392285298,-0.0021976209970887917,0.03382289392285298,SCP,x11 seasonal,ML,AutoETS,30.226107422039167,368388.0,378603.0,384967.0,10215.0,16579.0,10287.0,16579.0,91943361,96656769,3,3429.0,5526.333333333333,5536.04434592065,5676.171509036702,0.027924362357080037,0.04500418037503936,0.02772891625134369,0.04500418037503936,SCP,x11 seasonal,ML,AutoETS,37.95162555039507,720132.0,729574.0,748608.0,9442.0,28476.0,18588.0,28476.0,119611580,144544166,6,3098.0,4746.0,4464.892309264954,4908.22720881311,0.025811934478678907,0.03954275049574245,0.013111485116617508,0.03954275049574245,SCP,x11 seasonal,ML,AutoETS,34.72397808680995,2026-07-11 12:55:22.869,0,,"
"10559,63,62,10467,1,354,""MERCADONA, 1246 RIBARROJA"",""336"",,,,HistoricAverage,smooth_recentRelease,smooth_recentRelease_recentRelease,recentRelease,average,average,success,smooth_recentRelease,COMPARABLE,1,1,1,13176.0,13158.0,14418.0,12780.0,10188.0,12456.0,11939.0,11940.0,11939.0,12237.0,12237.0,12237.0,11505.0,11504.0,11505.0,11277.0,11277.0,11277.0,-1237.0,-1218.0,-2479.0,-543.0,2049.0,-219.0,-1671.0,-1654.0,-2913.0,-1503.0,1089.0,-1179.0,1237.0,1218.0,2479.0,543.0,2049.0,219.0,1671.0,1654.0,2913.0,1503.0,1089.0,1179.0,1530169.0,1483524.0,6145441.0,294849.0,4198401.0,47961.0,2792241.0,2735716.0,8485569.0,2259009.0,1185921.0,1390041.0,1,1,1,1,1,1,1237.0,1218.0,2479.0,543.0,2049.0,219.0,1671.0,1654.0,2913.0,1503.0,1089.0,1179.0,1237.0,1218.0,2479.0,543.0,2049.0,219.0,1671.0,1654.0,2913.0,1503.0,1089.0,1179.0,0.09388281724347299,0.0925672594619243,0.17193785545845472,0.04248826291079812,0.20111896348645467,0.01758188824662813,0.12682149362477232,0.12570299437604499,0.20203911776945485,0.1176056338028169,0.1068904593639576,0.09465317919075145,-0.09388281724347299,-0.0925672594619243,-0.17193785545845472,-0.04248826291079812,0.20111896348645467,-0.01758188824662813,-0.12682149362477232,-0.12570299437604499,-0.20203911776945485,-0.1176056338028169,0.1068904593639576,-0.09465317919075145,SCP,SCP,SCP,SCP,ML,SCP,average,average,average,average,HistoricAverage,average,ML,ML,ML,ML,SCP,ML,HistoricAverage,HistoricAverage,HistoricAverage,HistoricAverage,average,HistoricAverage,25.97247157390784,26.360338573155985,14.898729831788533,63.87225548902195,46.85212298682285,81.42493638676845,35424.0,36711.0,33831.0,1287.0,-1593.0,2811.0,3771.0,4541211.0,4834971.0,3,937.0,1257.0,1230.340196856138,1269.5105356002368,0.0793529810298103,0.10645325203252033,0.03633130081300813,-0.04496951219512195,SCP,average,ML,HistoricAverage,25.457438345266514,40752.0,35818.0,34514.0,-4934.0,-6238.0,4934.0,6238.0,9159134.0,14013526,3,1644.6666666666667,2079.3333333333335,1747.2963877564293,2161.290201091314,0.1210738123282293,0.15307224185316057,-0.1210738123282293,-0.15307224185316057,SCP,average,ML,HistoricAverage,20.904135941006725,76176.0,72529.0,68345.0,-3647.0,-7831.0,7745.0,10009.0,13700345,18848497,6,1290.8333333333333,1668.1666666666667,1511.0892870156063,1772.404064164452,0.10167244276412518,0.13139308968704053,-0.04787597143457257,-0.1028014072673808,SCP,average,ML,HistoricAverage,22.619642321910273,2026-07-11 12:55:22.869,0,,"
"10560,63,62,10467,1,355,""MERCADONA, 1003 ZGZ PEREC"",""322"",,,,AutoTheta,smooth_acceptable,smooth_acceptable_acceptable,acceptable,x11 seasonal,x11 seasonal,success,smooth_acceptable,COMPARABLE,1,1,1,377.0,489.0,540.0,542.0,466.0,549.0,425.0,524.0,536.0,534.0,465.0,529.0,396.0,487.0,507.0,569.0,515.0,580.0,48.0,35.0,-4.0,-8.0,-1.0,-20.0,19.0,-2.0,-33.0,27.0,49.0,31.0,48.0,35.0,4.0,8.0,1.0,20.0,19.0,2.0,33.0,27.0,49.0,31.0,2304.0,1225.0,16.0,64.0,1.0,400.0,361.0,4.0,1089.0,729.0,2401.0,961.0,1,1,1,1,1,1,48.0,35.0,4.0,8.0,1.0,20.0,19.0,2.0,33.0,27.0,49.0,31.0,48.0,35.0,4.0,8.0,1.0,20.0,19.0,2.0,33.0,27.0,49.0,31.0,0.1273209549071618,0.07157464212678936,0.007407407407407408,0.014760147601476014,0.002145922746781116,0.03642987249544627,0.050397877984084884,0.00408997955010225,0.06111111111111111,0.04981549815498155,0.10515021459227468,0.056466302367941715,0.1273209549071618,0.07157464212678936,-0.007407407407407408,-0.014760147601476014,-0.002145922746781116,-0.03642987249544627,0.050397877984084884,-0.00408997955010225,-0.06111111111111111,0.04981549815498155,0.10515021459227468,0.056466302367941715,ML,ML,SCP,SCP,SCP,SCP,AutoTheta,AutoTheta,x11 seasonal,x11 seasonal,x11 seasonal,x11 seasonal,SCP,SCP,ML,ML,ML,ML,x11 seasonal,x11 seasonal,AutoTheta,AutoTheta,AutoTheta,AutoTheta,60.41666666666667,94.28571428571428,87.87878787878786,70.37037037037037,97.95918367346938,35.48387096774193,1557.0,1528.0,1664.0,-29.0,107.0,29.0,107.0,465.0,4091.0,3,9.666666666666666,35.666666666666664,12.449899597988733,36.927857596490306,0.018625561978163133,0.06872190109184328,-0.018625561978163133,0.06872190109184328,SCP,x11 seasonal,ML,AutoTheta,72.89719626168224,1406.0,1485.0,1390.0,79.0,-16.0,87.0,54.0,3545.0,1454.0,3,29.0,18.0,34.375378785791824,22.015146301277824,0.061877667140825036,0.03840682788051209,0.0561877667140825,-0.011379800853485065,ML,AutoTheta,SCP,x11 seasonal,37.93103448275862,2963.0,3013.0,3054.0,50.0,91.0,116.0,161.0,4010.0,5545.0,6,19.333333333333332,26.833333333333332,25.852143689321654,30.40010964892506,0.03914951063111711,0.05433682078974013,0.016874789065136685,0.030712116098548767,SCP,x11 seasonal,ML,AutoTheta,27.950310559006216,2026-07-11 12:55:22.869,0,,"
"10561,63,62,10467,1,356,""MERCADONA, 1151 GETAFE PE"",""458"",,,,,,,,preserve current forecast,preserve current forecast,success,,NOT_COMPARABLE_MISSING_SCP_AND_ML,1,0,0,0.0,0.0,0.0,0.0,0.0,0.0,,,,,,,,,,,,,,,,,,,,,,,,,,,,,,,,,,,,,,,,,,,,,,,,,,,,,,,,,,,,,,,,,,,,,,,,,,,,,,,,,,,,,,,,,,,,,,,,,,,,,,,,,,,,,,,,,,,,,,,,,,,,,,,,,,,,,,,,,,,,,,,,,,,,,,,,,,,,,,,,,,,,,,,,,,,,,,,,,,,,,,,,,,,,,,,,,,,,,,,,,,2026-07-11 12:55:22.869,1,MissingHistory,NoForecastRowsMaterialized"
"10562,63,62,10467,1,357,""MERCADONA, 1151 GETAFE PE"",""418"",,,,AutoETS,smooth_acceptable,smooth_acceptable_acceptable,acceptable,x11 lineal,x11 lineal,success,smooth_acceptable,COMPARABLE,1,1,1,10800.0,9888.0,8472.0,8256.0,6600.0,7176.0,8377.0,8154.0,7701.0,7792.0,7448.0,7613.0,9049.0,8498.0,8003.0,7691.0,6949.0,6807.0,-2423.0,-1734.0,-771.0,-464.0,848.0,437.0,-1751.0,-1390.0,-469.0,-565.0,349.0,-369.0,2423.0,1734.0,771.0,464.0,848.0,437.0,1751.0,1390.0,469.0,565.0,349.0,369.0,5870929.0,3006756.0,594441.0,215296.0,719104.0,190969.0,3066001.0,1932100.0,219961.0,319225.0,121801.0,136161.0,1,1,1,1,1,1,2423.0,1734.0,771.0,464.0,848.0,437.0,1751.0,1390.0,469.0,565.0,349.0,369.0,2423.0,1734.0,771.0,464.0,848.0,437.0,1751.0,1390.0,469.0,565.0,349.0,369.0,0.22435185185185186,0.17536407766990292,0.0910056657223796,0.0562015503875969,0.12848484848484848,0.060897435897435896,0.16212962962962962,0.14057443365695793,0.05535882908404155,0.06843507751937984,0.05287878787878788,0.05142140468227425,-0.22435185185185186,-0.17536407766990292,-0.0910056657223796,-0.0562015503875969,0.12848484848484848,0.060897435897435896,-0.16212962962962962,-0.14057443365695793,-0.05535882908404155,-0.06843507751937984,0.05287878787878788,-0.05142140468227425,ML,ML,ML,SCP,ML,ML,AutoETS,AutoETS,AutoETS,x11 lineal,AutoETS,AutoETS,SCP,SCP,SCP,ML,SCP,SCP,x11 lineal,x11 lineal,x11 lineal,AutoETS,x11 lineal,x11 lineal,27.73421378456459,19.83852364475202,39.16990920881971,17.87610619469026,58.844339622641506,15.560640732265444,22032.0,22853.0,21447.0,821.0,-585.0,1749.0,1283.0,1125369.0,577187.0,3,583.0,427.6666666666667,612.4728565414144,438.6293043865932,0.07938453159041395,0.05823347857661583,0.03726397966594045,-0.026552287581699346,ML,AutoETS,SCP,x11 lineal,26.64379645511722,29160.0,24232.0,25550.0,-4928.0,-3610.0,4928.0,3610.0,9472126.0,5218062.0,3,1642.6666666666667,1203.3333333333333,1776.9004849268665,1318.8457074275216,0.16899862825788753,0.1237997256515775,-0.16899862825788753,-0.1237997256515775,ML,AutoETS,SCP,x11 lineal,26.74512987012988,51192.0,47085.0,46997.0,-4107.0,-4195.0,6677.0,4893.0,10597495,5795249.0,6,1112.8333333333333,815.5,1329.0030724820265,982.7893127895385,0.13043053602125332,0.0955813408345054,-0.08022737927801218,-0.08194639787466791,ML,AutoETS,SCP,x11 lineal,26.718586191403322,2026-07-11 12:55:22.869,0,,"
"10563,63,62,10467,1,358,SAN ISIDRO,""326"",,,,AutoTheta,smooth_acceptable,smooth_acceptable_acceptable,acceptable,x11 seasonal,x11 seasonal,success,smooth_acceptable,COMPARABLE,1,1,1,29808.0,27458.0,25362.0,27852.0,24156.0,27030.0,28893.0,28748.0,26203.0,28320.0,25723.0,28479.0,29732.0,29085.0,26568.0,28223.0,24980.0,28080.0,-915.0,1290.0,841.0,468.0,1567.0,1449.0,-76.0,1627.0,1206.0,371.0,824.0,1050.0,915.0,1290.0,841.0,468.0,1567.0,1449.0,76.0,1627.0,1206.0,371.0,824.0,1050.0,837225.0,1664100.0,707281.0,219024.0,2455489.0,2099601.0,5776.0,2647129.0,1454436.0,137641.0,678976.0,1102500.0,1,1,1,1,1,1,915.0,1290.0,841.0,468.0,1567.0,1449.0,76.0,1627.0,1206.0,371.0,824.0,1050.0,915.0,1290.0,841.0,468.0,1567.0,1449.0,76.0,1627.0,1206.0,371.0,824.0,1050.0,0.03069645732689211,0.04698084347002695,0.03315984543805694,0.01680310211115898,0.06487001159132307,0.05360710321864595,0.002549651100375738,0.05925413358584019,0.047551454932576294,0.013320407870170903,0.03411160788209969,0.038845726970033294,-0.03069645732689211,0.04698084347002695,0.03315984543805694,0.01680310211115898,0.06487001159132307,0.05360710321864595,-0.002549651100375738,0.05925413358584019,0.047551454932576294,0.013320407870170903,0.03411160788209969,0.038845726970033294,ML,SCP,SCP,ML,ML,ML,AutoTheta,x11 seasonal,x11 seasonal,AutoTheta,AutoTheta,AutoTheta,SCP,ML,ML,SCP,SCP,SCP,x11 seasonal,AutoTheta,AutoTheta,x11 seasonal,x11 seasonal,x11 seasonal,91.69398907103825,20.71296865396435,30.265339966832492,20.72649572649572,47.41544352265475,27.536231884057976,79038.0,82522.0,81283.0,3484.0,2245.0,3484.0,2245.0,4774114.0,1919117.0,3,1161.3333333333333,748.3333333333334,1261.4956731330208,799.816020511384,0.04408006275462436,0.028404058807156053,0.04408006275462436,0.028404058807156053,ML,AutoTheta,SCP,x11 seasonal,35.562571756601606,82628.0,83844.0,85385.0,1216.0,2757.0,3046.0,2909.0,3208606.0,4107341.0,3,1015.3333333333334,969.6666666666666,1034.1834137779108,1170.0913069785054,0.03686401704022849,0.0352059834438689,0.01471656097206758,0.03336641332236046,ML,AutoTheta,SCP,x11 seasonal,4.497701904136579,161666.0,166366.0,166668.0,4700.0,5002.0,6530.0,5154.0,7982720.0,6026458.0,6,1088.3333333333333,859.0,1153.4527876481695,1002.2024080327619,0.04039191914193461,0.031880543837294176,0.029072284834164266,0.030940333774572268,ML,AutoTheta,SCP,x11 seasonal,21.071975497702912,2026-07-11 12:55:22.869,0,,"
"10564,63,62,10467,1,359,""MERCADONA, 1151 GETAFE PE"",""329"",,,,MovingAverage12M,smooth_acceptable,smooth_acceptable_acceptable,acceptable,x11 lineal,x11 lineal,success,smooth_acceptable,COMPARABLE,1,1,1,8736.0,9000.0,8016.0,8544.0,7728.0,8496.0,8716.0,8634.0,8484.0,8802.0,8347.0,8737.0,8385.0,8384.0,8385.0,8224.0,8225.0,8224.0,-20.0,-366.0,468.0,258.0,619.0,241.0,-351.0,-616.0,369.0,-320.0,497.0,-272.0,20.0,366.0,468.0,258.0,619.0,241.0,351.0,616.0,369.0,320.0,497.0,272.0,400.0,133956.0,219024.0,66564.0,383161.0,58081.0,123201.0,379456.0,136161.0,102400.0,247009.0,73984.0,1,1,1,1,1,1,20.0,366.0,468.0,258.0,619.0,241.0,351.0,616.0,369.0,320.0,497.0,272.0,20.0,366.0,468.0,258.0,619.0,241.0,351.0,616.0,369.0,320.0,497.0,272.0,0.0022893772893772895,0.04066666666666666,0.058383233532934134,0.030196629213483147,0.08009834368530021,0.028366290018832393,0.04017857142857143,0.06844444444444445,0.04603293413173653,0.03745318352059925,0.06431159420289854,0.032015065913371,-0.0022893772893772895,-0.04066666666666666,0.058383233532934134,0.030196629213483147,0.08009834368530021,0.028366290018832393,-0.04017857142857143,-0.06844444444444445,0.04603293413173653,-0.03745318352059925,0.06431159420289854,-0.032015065913371,SCP,SCP,ML,SCP,ML,SCP,x11 lineal,x11 lineal,MovingAverage12M,x11 lineal,MovingAverage12M,x11 lineal,ML,ML,SCP,ML,SCP,ML,MovingAverage12M,MovingAverage12M,x11 lineal,MovingAverage12M,x11 lineal,MovingAverage12M,94.30199430199431,40.58441558441559,21.153846153846153,19.375,19.70920840064621,11.397058823529411,24768.0,25886.0,24673.0,1118.0,-95.0,1118.0,1089.0,507806.0,423393.0,3,372.6666666666667,363.0,411.42273474695907,375.67406085594996,0.04513888888888889,0.043968023255813955,0.04513888888888889,-0.003835594315245478,ML,MovingAverage12M,SCP,x11 lineal,2.5939177101967745,25752.0,25834.0,25154.0,82.0,-598.0,854.0,1336.0,353380.0,638818.0,3,284.6666666666667,445.3333333333333,343.21033395475337,461.4535007271408,0.033162472817645235,0.05187946567256912,0.003184218701460081,-0.023221497359428394,SCP,x11 lineal,ML,MovingAverage12M,36.07784431137724,50520.0,51720.0,49827.0,1200.0,-693.0,1972.0,2425.0,861186.0,1062211.0,6,328.6666666666667,404.1666666666667,378.85485347293627,420.7554713448973,0.03903404592240697,0.048000791765637374,0.023752969121140142,-0.013717339667458433,SCP,x11 lineal,ML,MovingAverage12M,18.68041237113403,2026-07-11 12:55:22.869,0,,"
"10565,63,62,10467,1,360,""MERCADONA, 939 S.SADURNI"",""356"",,,,AutoTheta,smooth_acceptable,smooth_acceptable_acceptable,acceptable,x11 lineal,x11 lineal,success,smooth_acceptable,COMPARABLE,1,1,1,30828.0,34764.0,30336.0,31152.0,25440.0,27312.0,29845.0,31276.0,28379.0,31339.0,29926.0,31057.0,30766.0,30766.0,30766.0,26911.0,26044.0,30095.0,-983.0,-3488.0,-1957.0,187.0,4486.0,3745.0,-62.0,-3998.0,430.0,-4241.0,604.0,2783.0,983.0,3488.0,1957.0,187.0,4486.0,3745.0,62.0,3998.0,430.0,4241.0,604.0,2783.0,966289.0,12166144,3829849.0,34969.0,20124196,14025025,3844.0,15984004,184900.0,17986081,364816.0,7745089.0,1,1,1,1,1,1,983.0,3488.0,1957.0,187.0,4486.0,3745.0,62.0,3998.0,430.0,4241.0,604.0,2783.0,983.0,3488.0,1957.0,187.0,4486.0,3745.0,62.0,3998.0,430.0,4241.0,604.0,2783.0,0.03188659660049306,0.10033367851800713,0.06451081223628692,0.006002824858757062,0.1763364779874214,0.1371192149970709,0.0020111586869080056,0.11500402715452768,0.01417457805907173,0.13613893168977914,0.023742138364779876,0.1018966022261277,-0.03188659660049306,-0.10033367851800713,-0.06451081223628692,0.006002824858757062,0.1763364779874214,0.1371192149970709,-0.0020111586869080056,-0.11500402715452768,0.01417457805907173,-0.13613893168977914,0.023742138364779876,0.1018966022261277,ML,SCP,ML,SCP,ML,ML,AutoTheta,x11 lineal,AutoTheta,x11 lineal,AutoTheta,AutoTheta,SCP,ML,SCP,ML,SCP,SCP,x11 lineal,AutoTheta,x11 lineal,AutoTheta,x11 lineal,x11 lineal,93.69277721261446,12.756378189094553,78.02759325498212,95.59066257958028,86.53588943379404,25.6875834445928,83904.0,92322.0,83050.0,8418.0,-854.0,8418.0,7628.0,34184190,26095986,3,2806.0,2542.6666666666665,3375.60809336629,2949.349419787354,0.10032894736842106,0.09091342486651412,0.10032894736842106,-0.010178299008390542,ML,AutoTheta,SCP,x11 lineal,9.384651936326918,95928.0,89500.0,92298.0,-6428.0,-3630.0,6428.0,4490.0,16962282,16172748,3,2142.6666666666665,1496.6666666666667,2377.833888226846,2321.8346194335204,0.06700858977566508,0.046805937786673336,-0.06700858977566508,-0.037840880660495374,ML,AutoTheta,SCP,x11 lineal,30.14934660858743,179832.0,181822.0,175348.0,1990.0,-4484.0,14846.0,12118.0,51146472,42268734,6,2474.3333333333335,2019.6666666666667,2919.6595691963817,2654.2021400036583,0.0825548289514658,0.06738511499621869,0.011065883713688331,-0.024934383202099737,ML,AutoTheta,SCP,x11 lineal,18.37531995150209,2026-07-11 12:55:22.869,0,,"
"10566,63,62,10467,1,361,""MERCADONA, 1151 GETAFE PE"",""355"",,,,,,,,preserve current forecast,preserve current forecast,success,,NOT_COMPARABLE_MISSING_SCP_AND_ML,1,0,0,0.0,0.0,0.0,0.0,0.0,0.0,,,,,,,,,,,,,,,,,,,,,,,,,,,,,,,,,,,,,,,,,,,,,,,,,,,,,,,,,,,,,,,,,,,,,,,,,,,,,,,,,,,,,,,,,,,,,,,,,,,,,,,,,,,,,,,,,,,,,,,,,,,,,,,,,,,,,,,,,,,,,,,,,,,,,,,,,,,,,,,,,,,,,,,,,,,,,,,,,,,,,,,,,,,,,,,,,,,,,,,,,,2026-07-11 12:55:22.869,1,MissingHistory,NoForecastRowsMaterialized"
"10567,63,62,10467,1,362,""MERCADONA, 1105 PARC SAGU"",""362"",,,,AutoETS,seasonal_discontinuous_acceptable,seasonal_discontinuous_acceptable_acceptable,acceptable,syntetos-boylan,syntetos-boylan,success,seasonal_discontinuous_acceptable,NOT_COMPARABLE_MISSING_SCP,1,0,1,0.0,0.0,0.0,9584.0,2896.0,0.0,,,,,,,0.0,0.0,0.0,0.0,0.0,0.0,,,,,,,,,,,,,,,,,,,,,,,,,,,,,,,,,,,,,,,,,,,,,,,,,,,,,,,,,,,,,,,,,,,,,,,,,,,,,,,,,,,,,,,,,,,,,,,,,,,,,,,,,,,,,,,,,,,,,,,,,,,,,,,,,,,,,,,,,,,,,,,,,,,,,,,,,,,,,,,,,,,,,,,,,,,,,,,,,,,,,,,,,,,,,,2026-07-11 12:55:22.869,0,,NoForecastRowsMaterialized"
"10568,63,62,10467,1,363,"""",""189"",,,,,,,,preserve current forecast,preserve current forecast,success,,NOT_COMPARABLE_MISSING_SCP_AND_ML,1,0,0,0.0,0.0,0.0,0.0,0.0,0.0,,,,,,,,,,,,,,,,,,,,,,,,,,,,,,,,,,,,,,,,,,,,,,,,,,,,,,,,,,,,,,,,,,,,,,,,,,,,,,,,,,,,,,,,,,,,,,,,,,,,,,,,,,,,,,,,,,,,,,,,,,,,,,,,,,,,,,,,,,,,,,,,,,,,,,,,,,,,,,,,,,,,,,,,,,,,,,,,,,,,,,,,,,,,,,,,,,,,,,,,,,2026-07-11 12:55:22.869,1,MissingHistory,NoForecastRowsMaterialized"
"10569,63,62,10467,1,364,""MERCADONA, 1041 ABRERA FR"",""322"",,,,AutoETS,smooth_acceptable,smooth_acceptable_acceptable,acceptable,x11 lineal,x11 lineal,success,smooth_acceptable,COMPARABLE,1,1,1,27972.0,32814.0,33210.0,35334.0,30222.0,32940.0,29940.0,32034.0,31841.0,31077.0,29913.0,30709.0,28407.0,30854.0,31855.0,32634.0,30996.0,34380.0,1968.0,-780.0,-1369.0,-4257.0,-309.0,-2231.0,435.0,-1960.0,-1355.0,-2700.0,774.0,1440.0,1968.0,780.0,1369.0,4257.0,309.0,2231.0,435.0,1960.0,1355.0,2700.0,774.0,1440.0,3873024.0,608400.0,1874161.0,18122049,95481.0,4977361.0,189225.0,3841600.0,1836025.0,7290000.0,599076.0,2073600.0,1,1,1,1,1,1,1968.0,780.0,1369.0,4257.0,309.0,2231.0,435.0,1960.0,1355.0,2700.0,774.0,1440.0,1968.0,780.0,1369.0,4257.0,309.0,2231.0,435.0,1960.0,1355.0,2700.0,774.0,1440.0,0.07035607035607036,0.023770341927226185,0.04122252333634448,0.12047885888945492,0.010224339884852095,0.06772920461445052,0.01555126555126555,0.059730602791491436,0.04080096356519121,0.07641365257259297,0.02561048243001787,0.04371584699453552,0.07035607035607036,-0.023770341927226185,-0.04122252333634448,-0.12047885888945492,-0.010224339884852095,-0.06772920461445052,0.01555126555126555,-0.059730602791491436,-0.04080096356519121,-0.07641365257259297,0.02561048243001787,0.04371584699453552,ML,SCP,ML,ML,SCP,ML,AutoETS,x11 lineal,AutoETS,AutoETS,x11 lineal,AutoETS,SCP,ML,SCP,SCP,ML,SCP,x11 lineal,AutoETS,x11 lineal,x11 lineal,AutoETS,x11 lineal,77.89634146341464,60.204081632653065,1.0226442658875117,36.575052854122625,60.07751937984496,35.45495293590319,98496.0,91699.0,98010.0,-6797.0,-486.0,6797.0,4914.0,23194891,9962676.0,3,2265.6666666666665,1638.0,2780.580934505114,1822.3314736896798,0.06900787849252761,0.049890350877192985,-0.06900787849252761,-0.004934210526315789,ML,AutoETS,SCP,x11 lineal,27.703398558187427,93996.0,93815.0,91116.0,-181.0,-2880.0,4117.0,3750.0,6355585.0,5866850.0,3,1372.3333333333333,1250.0,1455.5165177122976,1398.433647573837,0.04379973615898549,0.03989531469424231,-0.0019256138559087621,-0.030639601685178094,ML,AutoETS,SCP,x11 lineal,8.914257954821469,192492.0,185514.0,189126.0,-6978.0,-3366.0,10914.0,8664.0,29550476,15829526,6,1819.0,1444.0,2219.2519760796276,1624.270400313117,0.056698460195748396,0.045009662739230724,-0.036250857178480145,-0.01748644099495044,ML,AutoETS,SCP,x11 lineal,20.615722924683887,2026-07-11 12:55:22.869,0,,"
"10570,63,62,10467,1,365,""MERCADONA, 1158 CIEMPOZUE"",""356"",,,,HistoricAverage,smooth_recentRelease,smooth_recentRelease_recentRelease,recentRelease,average,average,success,smooth_recentRelease,COMPARABLE,1,1,1,13488.0,15216.0,13248.0,13896.0,11424.0,12732.0,12894.0,12893.0,12894.0,13122.0,13122.0,13122.0,12436.0,12436.0,12436.0,12312.0,12312.0,12312.0,-594.0,-2323.0,-354.0,-774.0,1698.0,390.0,-1052.0,-2780.0,-812.0,-1584.0,888.0,-420.0,594.0,2323.0,354.0,774.0,1698.0,390.0,1052.0,2780.0,812.0,1584.0,888.0,420.0,352836.0,5396329.0,125316.0,599076.0,2883204.0,152100.0,1106704.0,7728400.0,659344.0,2509056.0,788544.0,176400.0,1,1,1,1,1,1,594.0,2323.0,354.0,774.0,1698.0,390.0,1052.0,2780.0,812.0,1584.0,888.0,420.0,594.0,2323.0,354.0,774.0,1698.0,390.0,1052.0,2780.0,812.0,1584.0,888.0,420.0,0.04403914590747331,0.1526682439537329,0.026721014492753624,0.05569948186528497,0.1486344537815126,0.030631479736098022,0.07799525504151839,0.1827024185068349,0.06129227053140097,0.11398963730569948,0.07773109243697479,0.03298774740810556,-0.04403914590747331,-0.1526682439537329,-0.026721014492753624,-0.05569948186528497,0.1486344537815126,0.030631479736098022,-0.07799525504151839,-0.1827024185068349,-0.06129227053140097,-0.11398963730569948,0.07773109243697479,-0.03298774740810556,SCP,SCP,SCP,SCP,ML,SCP,average,average,average,average,HistoricAverage,average,ML,ML,ML,ML,SCP,ML,HistoricAverage,HistoricAverage,HistoricAverage,HistoricAverage,average,HistoricAverage,43.536121673003805,16.438848920863315,56.40394088669951,51.13636363636363,47.70318021201413,7.142857142857138,38052.0,39366.0,36936.0,1314.0,-1116.0,2862.0,2892.0,3634380.0,3474000.0,3,954.0,964.0,1100.6634362964912,1076.1040841851684,0.07521286660359508,0.076001261431725,0.03453169347209082,-0.0293282876064333,SCP,average,ML,HistoricAverage,1.037344398340244,41952.0,38681.0,37308.0,-3271.0,-4644.0,3271.0,4644.0,5874481.0,9494448.0,3,1090.3333333333333,1548.0,1399.3428219465497,1778.9929735667872,0.07797006102212052,0.1106979405034325,-0.07797006102212052,-0.1106979405034325,SCP,average,ML,HistoricAverage,29.565030146425496,80004.0,78047.0,74244.0,-1957.0,-5760.0,6133.0,7536.0,9508861.0,12968448,6,1022.1666666666666,1256.0,1258.892436495933,1470.172778961711,0.07665866706664667,0.09419529023548823,-0.024461276936153194,-0.071996400179991,SCP,average,ML,HistoricAverage,18.61730360934182,2026-07-11 12:55:22.869,0,,"
"10571,63,62,10467,1,366,""MERCADONA, 939 S.SADURNI"",""336"",,,,,,,,preserve current forecast,preserve current forecast,success,,NOT_COMPARABLE_MISSING_SCP_AND_ML,1,0,0,0.0,0.0,0.0,0.0,0.0,0.0,,,,,,,,,,,,,,,,,,,,,,,,,,,,,,,,,,,,,,,,,,,,,,,,,,,,,,,,,,,,,,,,,,,,,,,,,,,,,,,,,,,,,,,,,,,,,,,,,,,,,,,,,,,,,,,,,,,,,,,,,,,,,,,,,,,,,,,,,,,,,,,,,,,,,,,,,,,,,,,,,,,,,,,,,,,,,,,,,,,,,,,,,,,,,,,,,,,,,,,,,,2026-07-11 12:55:22.869,1,MissingHistory,NoForecastRowsMaterialized"
"10572,63,62,10467,1,367,""MERCADONA, 1246 RIBARROJA"",""319"",,,,HistoricAverage,smooth_recentRelease,smooth_recentRelease_recentRelease,recentRelease,average,average,success,smooth_recentRelease,COMPARABLE,1,1,1,596.0,668.0,684.0,648.0,472.0,570.0,590.0,590.0,590.0,654.0,654.0,654.0,615.0,615.0,614.0,654.0,653.0,654.0,-6.0,-78.0,-94.0,6.0,182.0,84.0,19.0,-53.0,-70.0,6.0,181.0,84.0,6.0,78.0,94.0,6.0,182.0,84.0,19.0,53.0,70.0,6.0,181.0,84.0,36.0,6084.0,8836.0,36.0,33124.0,7056.0,361.0,2809.0,4900.0,36.0,32761.0,7056.0,1,1,1,1,1,1,6.0,78.0,94.0,6.0,182.0,84.0,19.0,53.0,70.0,6.0,181.0,84.0,6.0,78.0,94.0,6.0,182.0,84.0,19.0,53.0,70.0,6.0,181.0,84.0,0.010067114093959731,0.11676646706586827,0.13742690058479531,0.009259259259259259,0.3855932203389831,0.14736842105263157,0.031879194630872486,0.07934131736526946,0.1023391812865497,0.009259259259259259,0.3834745762711864,0.14736842105263157,-0.010067114093959731,-0.11676646706586827,-0.13742690058479531,0.009259259259259259,0.3855932203389831,0.14736842105263157,0.031879194630872486,-0.07934131736526946,-0.1023391812865497,0.009259259259259259,0.3834745762711864,0.14736842105263157,SCP,ML,ML,TIE,ML,TIE,average,HistoricAverage,HistoricAverage,,HistoricAverage,,ML,SCP,SCP,,SCP,,HistoricAverage,average,average,,average,,68.42105263157895,32.05128205128205,25.53191489361702,0.0,0.5494505494505624,0.0,1690.0,1962.0,1961.0,272.0,271.0,272.0,271.0,40216.0,39853.0,3,90.66666666666667,90.33333333333333,115.78140322751894,115.25768231807082,0.16094674556213018,0.1603550295857988,0.16094674556213018,0.1603550295857988,ML,HistoricAverage,SCP,average,0.36764705882353477,1948.0,1770.0,1844.0,-178.0,-104.0,178.0,142.0,14956.0,8070.0,3,59.333333333333336,47.333333333333336,70.60689295906833,51.86520991955976,0.09137577002053388,0.0728952772073922,-0.09137577002053388,-0.053388090349075976,ML,HistoricAverage,SCP,average,20.224719101123593,3638.0,3732.0,3805.0,94.0,167.0,450.0,413.0,55172.0,47923.0,6,75.0,68.83333333333333,95.89230069892648,89.37094979167821,0.12369433754810336,0.11352391423859264,0.02583837273227048,0.045904343045629466,ML,HistoricAverage,SCP,average,8.222222222222223,2026-07-11 12:55:22.869,0,,"
"10573,63,62,10467,1,368,""MERCADONA, 1246 RIBARROJA"",""356"",,,,HistoricAverage,smooth_recentRelease,smooth_recentRelease_recentRelease,recentRelease,average,average,success,smooth_recentRelease,COMPARABLE,1,1,1,57408.0,62352.0,56760.0,63084.0,49176.0,57132.0,57573.0,57572.0,57573.0,59014.0,59015.0,59014.0,56306.0,56305.0,56306.0,56187.0,56187.0,56187.0,165.0,-4780.0,813.0,-4070.0,9839.0,1882.0,-1102.0,-6047.0,-454.0,-6897.0,7011.0,-945.0,165.0,4780.0,813.0,4070.0,9839.0,1882.0,1102.0,6047.0,454.0,6897.0,7011.0,945.0,27225.0,22848400,660969.0,16564900,96805921,3541924.0,1214404.0,36566209,206116.0,47568609,49154121,893025.0,1,1,1,1,1,1,165.0,4780.0,813.0,4070.0,9839.0,1882.0,1102.0,6047.0,454.0,6897.0,7011.0,945.0,165.0,4780.0,813.0,4070.0,9839.0,1882.0,1102.0,6047.0,454.0,6897.0,7011.0,945.0,0.002874163879598662,0.07666153451372851,0.014323467230443974,0.06451715173419567,0.20007727346673174,0.03294125883917944,0.019195930880713488,0.09698165255324609,0.007998590556730092,0.10933041658740726,0.14256954612005857,0.0165406427221172,0.002874163879598662,-0.07666153451372851,0.014323467230443974,-0.06451715173419567,0.20007727346673174,0.03294125883917944,-0.019195930880713488,-0.09698165255324609,-0.007998590556730092,-0.10933041658740726,0.14256954612005857,-0.0165406427221172,SCP,SCP,ML,SCP,ML,ML,average,average,HistoricAverage,average,HistoricAverage,HistoricAverage,ML,ML,SCP,ML,SCP,SCP,HistoricAverage,HistoricAverage,average,HistoricAverage,average,average,85.02722323049001,20.9525384488176,44.157441574415735,40.98883572567783,28.74275841040756,49.787460148777896,169392.0,177043.0,168561.0,7651.0,-831.0,15791.0,14853.0,116912745,97615755,3,5263.666666666667,4951.0,6242.66890039829,5704.260250023661,0.09322163974685936,0.08768418815528478,0.04516742231038066,-0.004905780674412015,ML,HistoricAverage,SCP,average,5.940092457729094,176520.0,172718.0,168917.0,-3802.0,-7603.0,5758.0,7603.0,23536594,37986729,3,1919.3333333333333,2534.3333333333335,2800.9875639376432,3558.4045582254976,0.0326195331973714,0.04307160661681396,-0.02153863584862905,-0.04307160661681396,SCP,average,ML,HistoricAverage,24.266736814415363,345912.0,349761.0,337478.0,3849.0,-8434.0,21549.0,22456.0,140449339,135602484,6,3591.5,3742.6666666666665,4838.2045395649275,4753.989272179734,0.06229619093873586,0.06491824510280071,0.011127107472420732,-0.02438192372626564,SCP,average,ML,HistoricAverage,4.0390096188101205,2026-07-11 12:55:22.869,0,,"
"10574,63,62,10467,1,369,""MERCADONA, 939 S.SADURNI"",""456"",,,,,,,,preserve current forecast,preserve current forecast,success,,NOT_COMPARABLE_MISSING_SCP_AND_ML,1,0,0,0.0,0.0,0.0,0.0,0.0,0.0,,,,,,,,,,,,,,,,,,,,,,,,,,,,,,,,,,,,,,,,,,,,,,,,,,,,,,,,,,,,,,,,,,,,,,,,,,,,,,,,,,,,,,,,,,,,,,,,,,,,,,,,,,,,,,,,,,,,,,,,,,,,,,,,,,,,,,,,,,,,,,,,,,,,,,,,,,,,,,,,,,,,,,,,,,,,,,,,,,,,,,,,,,,,,,,,,,,,,,,,,,2026-07-11 12:55:22.869,1,MissingHistory,NoForecastRowsMaterialized"
"10575,63,62,10467,1,370,""MERCADONA, 1151 GETAFE PE"",""455"",,,,,,,,preserve current forecast,preserve current forecast,success,,NOT_COMPARABLE_MISSING_SCP_AND_ML,1,0,0,0.0,0.0,0.0,0.0,0.0,0.0,,,,,,,,,,,,,,,,,,,,,,,,,,,,,,,,,,,,,,,,,,,,,,,,,,,,,,,,,,,,,,,,,,,,,,,,,,,,,,,,,,,,,,,,,,,,,,,,,,,,,,,,,,,,,,,,,,,,,,,,,,,,,,,,,,,,,,,,,,,,,,,,,,,,,,,,,,,,,,,,,,,,,,,,,,,,,,,,,,,,,,,,,,,,,,,,,,,,,,,,,,2026-07-11 12:55:22.869,1,MissingHistory,NoForecastRowsMaterialized"
"10576,63,62,10467,1,371,""MERCADONA, 927 CIEMPOZUEL"",""325"",,,,AutoTheta,smooth_acceptable,smooth_acceptable_acceptable,acceptable,x11 lineal,x11 lineal,success,smooth_acceptable,NOT_COMPARABLE_NO_HISTORY,1,1,1,0.0,0.0,0.0,0.0,0.0,0.0,422.0,448.0,0.0,341.0,138.0,775.0,0.0,0.0,0.0,0.0,0.0,0.0,,,,,,,,,,,,,,,,,,,,,,,,,,,,,,,,,,,,,,,,,,,,,,,,,,,,,,,,,,,,,,,,,,,,,,,,,,,,,,,,,,,,,,,,,,,,,,,,,,,,,,,,,,,,,,,,,,,,,,,,,,,,,,,,,,,,,,,,,,,,,,,,,,,,,,,,,,,,,,,,,,,,,,,,,,,,,,,,,,,,,,,,,,,,,,2026-07-11 12:55:22.869,0,,"
"10577,63,62,10467,1,372,""MERCADONA, 1131 ANTEQUERA"",""418"",,,,AutoETS,smooth_acceptable,smooth_acceptable_acceptable,acceptable,x11 seasonal,x11 seasonal,success,smooth_acceptable,COMPARABLE,1,1,1,35298.0,30812.0,27472.0,29687.0,20375.0,24165.0,29484.0,29658.0,25607.0,27561.0,24880.0,25851.0,32405.0,31047.0,26737.0,28114.0,23747.0,24454.0,-5814.0,-1154.0,-1865.0,-2126.0,4505.0,1686.0,-2893.0,235.0,-735.0,-1573.0,3372.0,289.0,5814.0,1154.0,1865.0,2126.0,4505.0,1686.0,2893.0,235.0,735.0,1573.0,3372.0,289.0,33802596,1331716.0,3478225.0,4519876.0,20295025,2842596.0,8369449.0,55225.0,540225.0,2474329.0,11370384,83521.0,1,1,1,1,1,1,5814.0,1154.0,1865.0,2126.0,4505.0,1686.0,2893.0,235.0,735.0,1573.0,3372.0,289.0,5814.0,1154.0,1865.0,2126.0,4505.0,1686.0,2893.0,235.0,735.0,1573.0,3372.0,289.0,0.16471188169301376,0.03745294041282617,0.06788730343622598,0.07161383770674032,0.2211042944785276,0.06977032898820608,0.08195931780837441,0.007626898610930806,0.026754513686662783,0.05298615555630411,0.16549693251533742,0.011959445478998552,-0.16471188169301376,-0.03745294041282617,-0.06788730343622598,-0.07161383770674032,0.2211042944785276,0.06977032898820608,-0.08195931780837441,0.007626898610930806,-0.026754513686662783,-0.05298615555630411,0.16549693251533742,0.011959445478998552,ML,ML,ML,ML,ML,ML,AutoETS,AutoETS,AutoETS,AutoETS,AutoETS,AutoETS,SCP,SCP,SCP,SCP,SCP,SCP,x11 seasonal,x11 seasonal,x11 seasonal,x11 seasonal,x11 seasonal,x11 seasonal,50.24079807361541,79.63604852686309,60.589812332439685,26.0112888052681,25.149833518312985,82.858837485172,74227.0,78292.0,76315.0,4065.0,2088.0,8317.0,5234.0,27657497,13928234,3,2772.3333333333335,1744.6666666666667,3036.3079005046025,2154.7029184244093,0.11204817653953413,0.07051342503401727,0.054764438816064236,0.028129925768251445,ML,AutoETS,SCP,x11 seasonal,37.06865456294337,93582.0,84749.0,90189.0,-8833.0,-3393.0,8833.0,3863.0,38612537,8964899.0,3,2944.3333333333335,1287.6666666666667,3587.5960846598473,1728.6699125821176,0.0943878096215084,0.041279305849415485,-0.0943878096215084,-0.03625697249471052,ML,AutoETS,SCP,x11 seasonal,56.26627419902638,167809.0,163041.0,166504.0,-4768.0,-1305.0,17150.0,9097.0,66270034,22893133,6,2858.3333333333335,1516.1666666666667,3323.4027241167546,1953.3361632516473,0.10219952445935558,0.05421044163304709,-0.028413255546484394,-0.007776698508423267,ML,AutoETS,SCP,x11 seasonal,46.95626822157435,2026-07-11 12:55:22.869,0,,"
"10578,63,62,10467,1,373,SAN ISIDRO,""352"",,,,,,,,preserve current forecast,preserve current forecast,success,,NOT_COMPARABLE_MISSING_SCP_AND_ML,1,0,0,0.0,0.0,0.0,0.0,0.0,0.0,,,,,,,,,,,,,,,,,,,,,,,,,,,,,,,,,,,,,,,,,,,,,,,,,,,,,,,,,,,,,,,,,,,,,,,,,,,,,,,,,,,,,,,,,,,,,,,,,,,,,,,,,,,,,,,,,,,,,,,,,,,,,,,,,,,,,,,,,,,,,,,,,,,,,,,,,,,,,,,,,,,,,,,,,,,,,,,,,,,,,,,,,,,,,,,,,,,,,,,,,,2026-07-11 12:55:22.869,1,MissingHistory,NoForecastRowsMaterialized"
"10579,63,62,10467,1,374,""MERCADONA, 1073 VITORIA FRIO"",""325"",,,,AutoETS,smooth_acceptable,smooth_acceptable_acceptable,acceptable,x11 lineal,x11 lineal,success,smooth_acceptable,COMPARABLE,1,1,1,2112.0,2071.0,1901.0,2068.0,1651.0,1759.0,981.0,1199.0,1136.0,1413.0,1454.0,1789.0,2086.0,2101.0,1990.0,1568.0,1597.0,1627.0,-1131.0,-872.0,-765.0,-655.0,-197.0,30.0,-26.0,30.0,89.0,-500.0,-54.0,-132.0,1131.0,872.0,765.0,655.0,197.0,30.0,26.0,30.0,89.0,500.0,54.0,132.0,1279161.0,760384.0,585225.0,429025.0,38809.0,900.0,676.0,900.0,7921.0,250000.0,2916.0,17424.0,1,1,1,1,1,1,1131.0,872.0,765.0,655.0,197.0,30.0,26.0,30.0,89.0,500.0,54.0,132.0,1131.0,872.0,765.0,655.0,197.0,30.0,26.0,30.0,89.0,500.0,54.0,132.0,0.5355113636363636,0.42105263157894735,0.40241977906365073,0.3167311411992263,0.11932162325863113,0.017055144968732235,0.01231060606060606,0.014485755673587638,0.04681746449237244,0.24177949709864605,0.03270745003028468,0.07504263786242182,-0.5355113636363636,-0.42105263157894735,-0.40241977906365073,-0.3167311411992263,-0.11932162325863113,0.017055144968732235,-0.01231060606060606,0.014485755673587638,0.04681746449237244,-0.24177949709864605,-0.03270745003028468,-0.07504263786242182,ML,ML,ML,ML,ML,SCP,AutoETS,AutoETS,AutoETS,AutoETS,AutoETS,x11 lineal,SCP,SCP,SCP,SCP,SCP,ML,x11 lineal,x11 lineal,x11 lineal,x11 lineal,x11 lineal,AutoETS,97.70114942528735,96.55963302752293,88.36601307189542,23.664122137404576,72.58883248730965,77.27272727272727,5478.0,4656.0,4792.0,-822.0,-686.0,882.0,686.0,468734.0,270340.0,3,294.0,228.66666666666666,395.2779612711372,300.1888294612798,0.16100766703176342,0.12522818546914932,-0.15005476451259583,-0.12522818546914932,ML,AutoETS,SCP,x11 lineal,22.222222222222225,6084.0,3316.0,6177.0,-2768.0,93.0,2768.0,145.0,2624770.0,9497.0,3,922.6666666666666,48.333333333333336,935.3733657386944,56.26425745237083,0.4549638395792242,0.02383300460223537,-0.4549638395792242,0.015285996055226824,ML,AutoETS,SCP,x11 lineal,94.76156069364163,11562.0,7972.0,10969.0,-3590.0,-593.0,3650.0,831.0,3093504.0,279837.0,6,608.3333333333334,138.5,718.04178151414,215.96180217807037,0.31568932710603703,0.07187337830825116,-0.3104999135097734,-0.05128870437640547,ML,AutoETS,SCP,x11 lineal,77.23287671232877,2026-07-11 12:55:22.869,0,,"
"10580,63,62,10467,1,375,""MERCADONA, 1003 ZGZ PEREC"",""325"",,,,AutoTheta,smooth_acceptable,smooth_acceptable_acceptable,acceptable,x11 lineal,x11 lineal,success,smooth_acceptable,NOT_COMPARABLE_NO_HISTORY,1,1,1,0.0,0.0,0.0,0.0,0.0,0.0,96.0,152.0,0.0,161.0,51.0,203.0,0.0,0.0,0.0,160.0,109.0,338.0,,,,,,,,,,,,,,,,,,,,,,,,,,,,,,,,,,,,,,,,,,,,,,,,,,,,,,,,,,,,,,,,,,,,,,,,,,,,,,,,,,,,,,,,,,,,,,,,,,,,,,,,,,,,,,,,,,,,,,,,,,,,,,,,,,,,,,,,,,,,,,,,,,,,,,,,,,,,,,,,,,,,,,,,,,,,,,,,,,,,,,,,,,,,,,2026-07-11 12:55:22.869,0,,"
"10581,63,62,10467,1,376,""MERCADONA, 1158 CIEMPOZUE"",""353"",,,,AutoARIMA,smooth_acceptable,smooth_acceptable_acceptable,acceptable,x11 lineal,x11 lineal,success,smooth_acceptable,COMPARABLE,1,1,1,12000.0,12848.0,11440.0,13256.0,11488.0,12856.0,12415.0,12790.0,12224.0,12303.0,11779.0,12712.0,12028.0,12459.0,12194.0,12316.0,12315.0,12316.0,415.0,-58.0,784.0,-953.0,291.0,-144.0,28.0,-389.0,754.0,-940.0,827.0,-540.0,415.0,58.0,784.0,953.0,291.0,144.0,28.0,389.0,754.0,940.0,827.0,540.0,172225.0,3364.0,614656.0,908209.0,84681.0,20736.0,784.0,151321.0,568516.0,883600.0,683929.0,291600.0,1,1,1,1,1,1,415.0,58.0,784.0,953.0,291.0,144.0,28.0,389.0,754.0,940.0,827.0,540.0,415.0,58.0,784.0,953.0,291.0,144.0,28.0,389.0,754.0,940.0,827.0,540.0,0.034583333333333334,0.004514321295143213,0.06853146853146853,0.07189197344598672,0.025330779944289693,0.01120099564405725,0.0023333333333333335,0.03027708592777086,0.0659090909090909,0.07091128545564272,0.07198816155988857,0.04200373366521468,0.034583333333333334,-0.004514321295143213,0.06853146853146853,-0.07189197344598672,0.025330779944289693,-0.01120099564405725,0.0023333333333333335,-0.03027708592777086,0.0659090909090909,-0.07091128545564272,0.07198816155988857,-0.04200373366521468,ML,SCP,ML,ML,SCP,SCP,AutoARIMA,x11 lineal,AutoARIMA,AutoARIMA,x11 lineal,x11 lineal,SCP,ML,SCP,SCP,ML,ML,x11 lineal,AutoARIMA,x11 lineal,x11 lineal,AutoARIMA,AutoARIMA,93.25301204819277,85.08997429305913,3.82653061224491,1.3641133263378806,64.81257557436517,73.33333333333333,37600.0,36794.0,36947.0,-806.0,-653.0,1388.0,2307.0,1013626.0,1859129.0,3,462.6666666666667,769.0,581.2704476690118,787.2164039618755,0.03691489361702128,0.0613563829787234,-0.02143617021276596,-0.017367021276595746,SCP,x11 lineal,ML,AutoARIMA,39.83528391850888,36288.0,37429.0,36681.0,1141.0,393.0,1257.0,1171.0,790245.0,720621.0,3,419.0,390.3333333333333,513.239710077075,490.10917151181735,0.03463955026455026,0.03226962081128748,0.0314429012345679,0.010830026455026455,ML,AutoARIMA,SCP,x11 lineal,6.841686555290359,73888.0,74223.0,73628.0,335.0,-260.0,2645.0,3478.0,1803871.0,2579750.0,6,440.8333333333333,579.6666666666666,548.3111950951454,655.7120811250418,0.03579742312689476,0.047071242962321354,0.004533889129493287,-0.0035188393243828497,SCP,x11 lineal,ML,AutoARIMA,23.950546290971825,2026-07-11 12:55:22.869,0,,"
"10582,63,62,10467,1,377,"""",""461"",,,,MovingAverage3M,intermittent_insuficient,intermittent_insuficient_insuficient,insuficient,seasonal discrete,seasonal discrete,success,intermittent_insuficient,NOT_COMPARABLE_NO_HISTORY,1,1,1,0.0,0.0,0.0,0.0,0.0,0.0,0.0,0.0,1.0,0.0,0.0,0.0,0.0,0.0,0.0,0.0,0.0,0.0,,,,,,,,,,,,,,,,,,,,,,,,,,,,,,,,,,,,,,,,,,,,,,,,,,,,,,,,,,,,,,,,,,,,,,,,,,,,,,,,,,,,,,,,,,,,,,,,,,,,,,,,,,,,,,,,,,,,,,,,,,,,,,,,,,,,,,,,,,,,,,,,,,,,,,,,,,,,,,,,,,,,,,,,,,,,,,,,,,,,,,,,,,,,,,2026-07-11 12:55:22.869,0,,NoForecastRowsMaterialized"
"10583,63,62,10467,1,378,""MERCADONA, 1105 PARC SAGU"",""319"",,,,AutoARIMA,smooth_acceptable,smooth_acceptable_acceptable,acceptable,x11 seasonal,x11 seasonal,success,smooth_acceptable,NOT_COMPARABLE_NO_HISTORY,1,1,1,0.0,0.0,0.0,0.0,0.0,0.0,4.0,21.0,37.0,145.0,171.0,256.0,0.0,0.0,0.0,22.0,0.0,73.0,,,,,,,,,,,,,,,,,,,,,,,,,,,,,,,,,,,,,,,,,,,,,,,,,,,,,,,,,,,,,,,,,,,,,,,,,,,,,,,,,,,,,,,,,,,,,,,,,,,,,,,,,,,,,,,,,,,,,,,,,,,,,,,,,,,,,,,,,,,,,,,,,,,,,,,,,,,,,,,,,,,,,,,,,,,,,,,,,,,,,,,,,,,,,,2026-07-11 12:55:22.869,0,,"
"10584,63,62,10467,1,379,""MERCADONA, 939 S.SADURNI"",""459"",,,,,,,,preserve current forecast,preserve current forecast,success,,NOT_COMPARABLE_MISSING_SCP_AND_ML,1,0,0,0.0,0.0,0.0,0.0,0.0,0.0,,,,,,,,,,,,,,,,,,,,,,,,,,,,,,,,,,,,,,,,,,,,,,,,,,,,,,,,,,,,,,,,,,,,,,,,,,,,,,,,,,,,,,,,,,,,,,,,,,,,,,,,,,,,,,,,,,,,,,,,,,,,,,,,,,,,,,,,,,,,,,,,,,,,,,,,,,,,,,,,,,,,,,,,,,,,,,,,,,,,,,,,,,,,,,,,,,,,,,,,,,2026-07-11 12:55:22.869,1,MissingHistory,NoForecastRowsMaterialized"
"10585,63,62,10467,1,380,""MERCADONA, 0955 GRANADILL"",""391"",,,,MovingAverage3M,smooth_insuficient,smooth_insuficient_insuficient,insuficient,x11 lineal,x11 lineal,success,smooth_insuficient,COMPARABLE,1,1,1,3045.0,3274.0,3241.0,4231.0,3296.0,3363.0,2786.0,4108.0,3967.0,3630.0,3631.0,3630.0,3369.0,3369.0,3370.0,3342.0,3342.0,3342.0,-259.0,834.0,726.0,-601.0,335.0,267.0,324.0,95.0,129.0,-889.0,46.0,-21.0,259.0,834.0,726.0,601.0,335.0,267.0,324.0,95.0,129.0,889.0,46.0,21.0,67081.0,695556.0,527076.0,361201.0,112225.0,71289.0,104976.0,9025.0,16641.0,790321.0,2116.0,441.0,1,1,1,1,1,1,259.0,834.0,726.0,601.0,335.0,267.0,324.0,95.0,129.0,889.0,46.0,21.0,259.0,834.0,726.0,601.0,335.0,267.0,324.0,95.0,129.0,889.0,46.0,21.0,0.08505747126436781,0.2547342700061087,0.2240049367479173,0.14204679744741197,0.1016383495145631,0.07939339875111508,0.10640394088669951,0.029016493585827734,0.03980253008330762,0.21011581186480738,0.013956310679611651,0.006244424620874219,-0.08505747126436781,0.2547342700061087,0.2240049367479173,-0.14204679744741197,0.1016383495145631,0.07939339875111508,0.10640394088669951,0.029016493585827734,0.03980253008330762,-0.21011581186480738,0.013956310679611651,-0.006244424620874219,SCP,ML,ML,SCP,ML,ML,x11 lineal,MovingAverage3M,MovingAverage3M,x11 lineal,MovingAverage3M,MovingAverage3M,ML,SCP,SCP,ML,SCP,SCP,MovingAverage3M,x11 lineal,x11 lineal,MovingAverage3M,x11 lineal,x11 lineal,20.061728395061728,88.60911270983213,82.23140495867769,32.39595050618672,86.26865671641791,92.13483146067415,10890.0,10891.0,10026.0,1.0,-864.0,1203.0,956.0,544715.0,792878.0,3,401.0,318.6666666666667,426.11227002594825,514.0940251225127,0.11046831955922864,0.08778696051423324,0.0000918273645546,-0.07933884297520662,ML,MovingAverage3M,SCP,x11 lineal,20.53200332502078,9560.0,10861.0,10108.0,1301.0,548.0,1819.0,548.0,1289713.0,130642.0,3,606.3333333333334,182.66666666666666,655.6709032230524,208.67997827614735,0.19027196652719666,0.057322175732217574,0.13608786610878662,0.057322175732217574,ML,MovingAverage3M,SCP,x11 lineal,69.87355689939527,20450.0,21752.0,20134.0,1302.0,-316.0,3022.0,1504.0,1834428.0,923520.0,6,503.6666666666667,250.66666666666666,552.9358009751222,392.3263947276553,0.14777506112469438,0.07354523227383863,0.06366748166259169,-0.015452322738386308,ML,MovingAverage3M,SCP,x11 lineal,50.23163467902051,2026-07-11 12:55:22.869,0,,"
"10586,63,62,10467,1,381,""MERCADONA, 1105 PARC SAGU"",""459"",,,,,,,,preserve current forecast,preserve current forecast,success,,NOT_COMPARABLE_MISSING_SCP_AND_ML,1,0,0,0.0,0.0,0.0,0.0,0.0,0.0,,,,,,,,,,,,,,,,,,,,,,,,,,,,,,,,,,,,,,,,,,,,,,,,,,,,,,,,,,,,,,,,,,,,,,,,,,,,,,,,,,,,,,,,,,,,,,,,,,,,,,,,,,,,,,,,,,,,,,,,,,,,,,,,,,,,,,,,,,,,,,,,,,,,,,,,,,,,,,,,,,,,,,,,,,,,,,,,,,,,,,,,,,,,,,,,,,,,,,,,,,2026-07-11 12:55:22.869,1,MissingHistory,NoForecastRowsMaterialized"
"10587,63,62,10467,1,382,"""",""332"",,,,MovingAverage3M,intermittent_insuficient,intermittent_insuficient_insuficient,insuficient,seasonal discrete,seasonal discrete,success,intermittent_insuficient,COMPARABLE,1,1,1,50520.0,2400.0,0.0,0.0,0.0,0.0,0.0,0.0,8.0,0.0,0.0,0.0,0.0,0.0,0.0,0.0,0.0,0.0,-50520.0,-2400.0,8.0,0.0,0.0,0.0,-50520.0,-2400.0,0.0,0.0,0.0,0.0,50520.0,2400.0,8.0,0.0,0.0,0.0,50520.0,2400.0,0.0,0.0,0.0,0.0,2552270400,5760000.0,64.0,0.0,0.0,0.0,2552270400,5760000.0,0.0,0.0,0.0,0.0,1,1,0,0,0,0,50520.0,2400.0,,,,,50520.0,2400.0,,,,,50520.0,2400.0,,,,,50520.0,2400.0,,,,,1.0,1.0,,,,,1.0,1.0,,,,,-1.0,-1.0,,,,,-1.0,-1.0,,,,,TIE,TIE,,,,,,,,,,,,,,,,,,,,,,,0.0,0.0,,,,,0.0,0.0,0.0,0.0,0.0,0.0,0.0,0.0,0.0,0,,,,,,,,,,,,,,52920.0,8.0,0.0,-52912.0,-52920.0,52928.0,52920.0,2558030464,2558030400,2,26464.0,26460.0,35763.32244073528,35763.32199334956,1.000151171579743,1.0,-0.999848828420257,-1.0,ML,MovingAverage3M,SCP,seasonal discrete,0.015114873035074907,52920.0,8.0,0.0,-52912.0,-52920.0,52928.0,52920.0,2558030464,2558030400,2,26464.0,26460.0,35763.32244073528,35763.32199334956,1.000151171579743,1.0,-0.999848828420257,-1.0,ML,MovingAverage3M,SCP,seasonal discrete,0.015114873035074907,2026-07-11 12:55:22.869,0,,NoForecastRowsMaterialized"
"10588,63,62,10467,1,383,""MERCADONA, 1025 GUADIX FR"",""353"",,,,AutoETS,smooth_acceptable,smooth_acceptable_acceptable,acceptable,x11 seasonal,x11 seasonal,success,smooth_acceptable,COMPARABLE,1,1,1,19232.0,20000.0,18144.0,20968.0,17608.0,20896.0,18459.0,19664.0,19256.0,19066.0,18565.0,19997.0,18181.0,19764.0,18661.0,20649.0,18598.0,20803.0,-773.0,-336.0,1112.0,-1902.0,957.0,-899.0,-1051.0,-236.0,517.0,-319.0,990.0,-93.0,773.0,336.0,1112.0,1902.0,957.0,899.0,1051.0,236.0,517.0,319.0,990.0,93.0,597529.0,112896.0,1236544.0,3617604.0,915849.0,808201.0,1104601.0,55696.0,267289.0,101761.0,980100.0,8649.0,1,1,1,1,1,1,773.0,336.0,1112.0,1902.0,957.0,899.0,1051.0,236.0,517.0,319.0,990.0,93.0,773.0,336.0,1112.0,1902.0,957.0,899.0,1051.0,236.0,517.0,319.0,990.0,93.0,0.04019342762063228,0.0168,0.06128747795414462,0.09070965280427318,0.05435029532030895,0.04302258805513017,0.054648502495840266,0.0118,0.02849426807760141,0.01521365890881343,0.05622444343480236,0.0044506125574272585,-0.04019342762063228,-0.0168,0.06128747795414462,-0.09070965280427318,0.05435029532030895,-0.04302258805513017,-0.054648502495840266,-0.0118,0.02849426807760141,-0.01521365890881343,0.05622444343480236,-0.0044506125574272585,SCP,ML,ML,ML,SCP,ML,x11 seasonal,AutoETS,AutoETS,AutoETS,x11 seasonal,AutoETS,ML,SCP,SCP,SCP,ML,SCP,AutoETS,x11 seasonal,x11 seasonal,x11 seasonal,AutoETS,x11 seasonal,26.450999048525215,29.761904761904763,53.50719424460431,83.22818086225026,3.333333333333324,89.65517241379311,59472.0,57628.0,60050.0,-1844.0,578.0,3758.0,1402.0,5341654.0,1090510.0,3,1252.6666666666667,467.3333333333333,1334.3730113177999,602.9123761653374,0.06318940005380683,0.023574118913101964,-0.031006187785848804,0.009718859295130482,ML,AutoETS,SCP,x11 seasonal,62.69292176689729,57376.0,57379.0,56606.0,3.0,-770.0,2221.0,1804.0,1946969.0,1427586.0,3,740.3333333333334,601.3333333333334,805.5989490228166,689.8275146730522,0.0387095649749024,0.03144171779141104,0.0000522866703848,-0.013420245398773007,ML,AutoETS,SCP,x11 seasonal,18.775326429536246,116848.0,115007.0,116656.0,-1841.0,-192.0,5979.0,3206.0,7288623.0,2518096.0,6,996.5,534.3333333333334,1102.1662760219076,647.8291955960821,0.05116904012049842,0.027437354511844446,-0.0157555114336574,-0.0016431603450636724,ML,AutoETS,SCP,x11 seasonal,46.378993142666,2026-07-11 12:55:22.869,0,,"
"10589,63,62,10467,1,384,SAN ISIDRO,""329"",,,,AutoETS,smooth_acceptable,smooth_acceptable_acceptable,acceptable,x11 lineal,x11 lineal,success,smooth_acceptable,COMPARABLE,1,1,1,27000.0,28896.0,28872.0,28968.0,24672.0,28560.0,27658.0,28658.0,28476.0,30000.0,28286.0,29778.0,28028.0,29386.0,28160.0,29559.0,24985.0,28622.0,658.0,-238.0,-396.0,1032.0,3614.0,1218.0,1028.0,490.0,-712.0,591.0,313.0,62.0,658.0,238.0,396.0,1032.0,3614.0,1218.0,1028.0,490.0,712.0,591.0,313.0,62.0,432964.0,56644.0,156816.0,1065024.0,13060996,1483524.0,1056784.0,240100.0,506944.0,349281.0,97969.0,3844.0,1,1,1,1,1,1,658.0,238.0,396.0,1032.0,3614.0,1218.0,1028.0,490.0,712.0,591.0,313.0,62.0,658.0,238.0,396.0,1032.0,3614.0,1218.0,1028.0,490.0,712.0,591.0,313.0,62.0,0.024370370370370372,0.008236434108527133,0.01371571072319202,0.035625517812758904,0.14648184176394294,0.04264705882352941,0.03807407407407407,0.01695736434108527,0.024660570795234135,0.02040182270091135,0.01268644617380026,0.0021708683473389357,0.024370370370370372,-0.008236434108527133,-0.01371571072319202,0.035625517812758904,0.14648184176394294,0.04264705882352941,0.03807407407407407,0.01695736434108527,-0.024660570795234135,0.02040182270091135,0.01268644617380026,0.0021708683473389357,SCP,SCP,SCP,ML,ML,ML,x11 lineal,x11 lineal,x11 lineal,AutoETS,AutoETS,AutoETS,ML,ML,ML,SCP,SCP,SCP,AutoETS,AutoETS,AutoETS,x11 lineal,x11 lineal,x11 lineal,35.99221789883268,51.42857142857142,44.38202247191011,42.73255813953488,91.33923630326507,94.90968801313629,82200.0,88064.0,83166.0,5864.0,966.0,5864.0,966.0,15609544,451094.0,3,1954.6666666666667,322.0,2281.0482970190114,387.7688314791,0.071338199513382,0.011751824817518249,0.071338199513382,0.011751824817518249,ML,AutoETS,SCP,x11 lineal,83.52660300136425,84768.0,84792.0,85574.0,24.0,806.0,1292.0,2230.0,646424.0,1803828.0,3,430.6666666666667,743.3333333333334,464.192488808971,775.4198862551824,0.01524160060400151,0.026307097017742545,0.0002831257078143,0.009508305020762551,SCP,x11 lineal,ML,AutoETS,42.062780269058294,166968.0,172856.0,168740.0,5888.0,1772.0,7156.0,3196.0,16255968,2254922.0,6,1192.6666666666667,532.6666666666666,1646.0036451964497,613.0418691519636,0.04285851181064635,0.019141392362608405,0.03526424225001198,0.010612812035839202,ML,AutoETS,SCP,x11 lineal,55.33817775293459,2026-07-11 12:55:22.869,0,,"
"10590,63,62,10467,1,385,""MERCADONA, 1105 PARC SAGU"",""356"",,,,AutoARIMA,smooth_acceptable,smooth_acceptable_acceptable,acceptable,x11 lineal,x11 lineal,success,smooth_acceptable,COMPARABLE,1,1,1,74544.0,81576.0,75480.0,96024.0,64584.0,71544.0,44893.0,53263.0,72815.0,95599.0,102179.0,102665.0,78943.0,81189.0,83434.0,63663.0,68326.0,72989.0,-29651.0,-28313.0,-2665.0,-425.0,37595.0,31121.0,4399.0,-387.0,7954.0,-32361.0,3742.0,1445.0,29651.0,28313.0,2665.0,425.0,37595.0,31121.0,4399.0,387.0,7954.0,32361.0,3742.0,1445.0,879181801,801625969,7102225.0,180625.0,1413384025,968516641,19351201,149769.0,63266116,1047234321,14002564,2088025.0,1,1,1,1,1,1,29651.0,28313.0,2665.0,425.0,37595.0,31121.0,4399.0,387.0,7954.0,32361.0,3742.0,1445.0,29651.0,28313.0,2665.0,425.0,37595.0,31121.0,4399.0,387.0,7954.0,32361.0,3742.0,1445.0,0.3977650783429921,0.34707512013337255,0.03530736618971913,0.004425976839123553,0.5821101201535984,0.4349910544559991,0.05901212706589397,0.004744042365401589,0.10537890832008479,0.3370094976255936,0.05794004707048185,0.020197361064519737,-0.3977650783429921,-0.34707512013337255,-0.03530736618971913,-0.004425976839123553,0.5821101201535984,0.4349910544559991,0.05901212706589397,-0.004744042365401589,0.10537890832008479,-0.3370094976255936,0.05794004707048185,0.020197361064519737,ML,ML,SCP,SCP,ML,ML,AutoARIMA,AutoARIMA,x11 lineal,x11 lineal,AutoARIMA,AutoARIMA,SCP,SCP,ML,ML,SCP,SCP,x11 lineal,x11 lineal,AutoARIMA,AutoARIMA,x11 lineal,x11 lineal,85.1640754106101,98.63313672164729,66.49484536082474,98.68669076975371,90.04654874318393,95.35683300665146,232152.0,300443.0,204978.0,68291.0,-27174.0,69141.0,37548.0,2382081291,1063324910,3,23047.0,12516.0,28178.486421381825,18826.620426052752,0.2978264240669906,0.16173886074640753,0.2941650298080568,-0.11705262069678486,ML,AutoARIMA,SCP,x11 lineal,45.693582678873604,231600.0,170971.0,243566.0,-60629.0,11966.0,60629.0,12740.0,1687909995,82767086,3,20209.666666666668,4246.666666666667,23719.96342745916,5252.525932031813,0.2617832469775475,0.055008635578583764,-0.2617832469775475,0.051666666666666666,ML,AutoARIMA,SCP,x11 lineal,78.98695343812368,463752.0,471414.0,448544.0,7662.0,-15208.0,129770.0,50288.0,4069991286,1146091996,6,21628.333333333332,8381.333333333334,26044.805259398658,13820.829666364703,0.2798262864634546,0.10843726819506978,0.016521761631216686,-0.032793389570287566,ML,AutoARIMA,SCP,x11 lineal,61.24836248747785,2026-07-11 12:55:22.869,0,,"
"10591,63,62,10467,1,386,""MERCADONA, 1105 PARC SAGU"",""336"",,,,AutoETS,smooth_acceptable,smooth_acceptable_acceptable,acceptable,x11 lineal,x11 lineal,success,smooth_acceptable,COMPARABLE,1,1,1,11430.0,12348.0,13248.0,13446.0,10962.0,12816.0,8904.0,10117.0,11682.0,13584.0,12685.0,16111.0,11221.0,12106.0,13573.0,10682.0,11453.0,12225.0,-2526.0,-2231.0,-1566.0,138.0,1723.0,3295.0,-209.0,-242.0,325.0,-2764.0,491.0,-591.0,2526.0,2231.0,1566.0,138.0,1723.0,3295.0,209.0,242.0,325.0,2764.0,491.0,591.0,6380676.0,4977361.0,2452356.0,19044.0,2968729.0,10857025,43681.0,58564.0,105625.0,7639696.0,241081.0,349281.0,1,1,1,1,1,1,2526.0,2231.0,1566.0,138.0,1723.0,3295.0,209.0,242.0,325.0,2764.0,491.0,591.0,2526.0,2231.0,1566.0,138.0,1723.0,3295.0,209.0,242.0,325.0,2764.0,491.0,591.0,0.220997375328084,0.18067703271784905,0.11820652173913043,0.010263275323516287,0.15717934683451926,0.2571004993757803,0.018285214348206475,0.019598315516682865,0.024532004830917876,0.2055629927115871,0.04479109651523445,0.04611423220973783,-0.220997375328084,-0.18067703271784905,-0.11820652173913043,0.010263275323516287,0.15717934683451926,0.2571004993757803,-0.018285214348206475,-0.019598315516682865,0.024532004830917876,-0.2055629927115871,0.04479109651523445,-0.04611423220973783,ML,ML,ML,SCP,ML,ML,AutoETS,AutoETS,AutoETS,x11 lineal,AutoETS,AutoETS,SCP,SCP,SCP,ML,SCP,SCP,x11 lineal,x11 lineal,x11 lineal,AutoETS,x11 lineal,x11 lineal,91.72604908946951,89.15284625728373,79.24648786717754,95.00723589001447,71.5031921067905,82.06373292867983,37224.0,42380.0,34360.0,5156.0,-2864.0,5156.0,3846.0,13844798,8230058.0,3,1718.6666666666667,1282.0,2148.2394342034286,1656.3069361282849,0.13851278744895767,0.10332043842682141,0.13851278744895767,-0.07693960885450248,ML,AutoETS,SCP,x11 lineal,25.407292474786658,37026.0,30703.0,36900.0,-6323.0,-126.0,6323.0,776.0,13810393,207870.0,3,2107.6666666666665,258.6666666666667,2145.5685338234557,263.2299375071156,0.17077189002322693,0.02095824555717604,-0.17077189002322693,-0.003403014098201264,ML,AutoETS,SCP,x11 lineal,87.727344614898,74250.0,73083.0,71260.0,-1167.0,-2990.0,11479.0,4622.0,27655191,8437928.0,6,1913.1666666666667,770.3333333333334,2146.9043993620207,1185.884198955924,0.1545993265993266,0.06224915824915825,-0.015717171717171716,-0.04026936026936027,ML,AutoETS,SCP,x11 lineal,59.73516856869065,2026-07-11 12:55:22.869,0,,"
"10592,63,62,10467,1,387,""MERCADONA, 1025 GUADIX FR"",""356"",,,,AutoARIMA,smooth_acceptable,smooth_acceptable_acceptable,acceptable,x11 lineal,x11 lineal,success,smooth_acceptable,COMPARABLE,1,1,1,81024.0,86400.0,77376.0,87504.0,70560.0,79536.0,82648.0,85566.0,80731.0,84786.0,80294.0,84462.0,80803.0,82614.0,79895.0,80269.0,79472.0,80672.0,1624.0,-834.0,3355.0,-2718.0,9734.0,4926.0,-221.0,-3786.0,2519.0,-7235.0,8912.0,1136.0,1624.0,834.0,3355.0,2718.0,9734.0,4926.0,221.0,3786.0,2519.0,7235.0,8912.0,1136.0,2637376.0,695556.0,11256025,7387524.0,94750756,24265476,48841.0,14333796,6345361.0,52345225,79423744,1290496.0,1,1,1,1,1,1,1624.0,834.0,3355.0,2718.0,9734.0,4926.0,221.0,3786.0,2519.0,7235.0,8912.0,1136.0,1624.0,834.0,3355.0,2718.0,9734.0,4926.0,221.0,3786.0,2519.0,7235.0,8912.0,1136.0,0.0200434439178515,0.009652777777777777,0.043359698097601325,0.03106143719144268,0.13795351473922904,0.06193421846710923,0.002727586887835703,0.043819444444444446,0.032555314309346564,0.08268193454013531,0.12630385487528345,0.014282840474753571,0.0200434439178515,-0.009652777777777777,0.043359698097601325,-0.03106143719144268,0.13795351473922904,0.06193421846710923,-0.002727586887835703,-0.043819444444444446,0.032555314309346564,-0.08268193454013531,0.12630385487528345,0.014282840474753571,ML,SCP,ML,SCP,ML,ML,AutoARIMA,x11 lineal,AutoARIMA,x11 lineal,AutoARIMA,AutoARIMA,SCP,ML,SCP,ML,SCP,SCP,x11 lineal,AutoARIMA,x11 lineal,AutoARIMA,x11 lineal,x11 lineal,86.39162561576356,77.9714738510301,24.918032786885256,62.4326192121631,8.44462708033697,76.93869265123833,237600.0,249542.0,240413.0,11942.0,2813.0,17378.0,17283.0,126403756,133059465,3,5792.666666666667,5761.0,6491.115877361406,6659.816438911811,0.07313973063973064,0.072739898989899,0.05026094276094276,0.011839225589225589,ML,AutoARIMA,SCP,x11 lineal,0.5466682011738984,244800.0,248945.0,243312.0,4145.0,-1488.0,5813.0,6526.0,14588957,20727998,3,1937.6666666666667,2175.3333333333335,2205.2178274870416,2628.560949772074,0.02374591503267974,0.026658496732026145,0.01693218954248366,-0.00607843137254902,SCP,x11 lineal,ML,AutoARIMA,10.925528654612316,482400.0,498487.0,483725.0,16087.0,1325.0,23191.0,23809.0,140992713,153787463,6,3865.1666666666665,3968.1666666666665,4847.554589687465,5062.730867163821,0.04807421227197346,0.04935530679933665,0.03334784411276948,0.0027466832504145938,SCP,x11 lineal,ML,AutoARIMA,2.595657104456299,2026-07-11 12:55:22.869,0,,"
"10593,63,62,10467,1,388,""MERCADONA, 1151 GETAFE PE"",""352"",,,,SeasonalNaive,smooth_acceptable,smooth_acceptable_acceptable,acceptable,x11 seasonal,x11 seasonal,success,smooth_acceptable,COMPARABLE,1,1,1,34608.0,39600.0,35184.0,37656.0,34296.0,38820.0,35108.0,38808.0,33649.0,35063.0,32728.0,39037.0,34044.0,40644.0,34536.0,36542.0,33777.0,39643.0,500.0,-792.0,-1535.0,-2593.0,-1568.0,217.0,-564.0,1044.0,-648.0,-1114.0,-519.0,823.0,500.0,792.0,1535.0,2593.0,1568.0,217.0,564.0,1044.0,648.0,1114.0,519.0,823.0,250000.0,627264.0,2356225.0,6723649.0,2458624.0,47089.0,318096.0,1089936.0,419904.0,1240996.0,269361.0,677329.0,1,1,1,1,1,1,500.0,792.0,1535.0,2593.0,1568.0,217.0,564.0,1044.0,648.0,1114.0,519.0,823.0,500.0,792.0,1535.0,2593.0,1568.0,217.0,564.0,1044.0,648.0,1114.0,519.0,823.0,0.014447526583448913,0.02,0.04362778535698045,0.06886020820055237,0.0457196174480989,0.00558990211231324,0.016296809986130374,0.026363636363636363,0.018417462482946793,0.029583598895262374,0.01513296011196641,0.02120041215868109,0.014447526583448913,-0.02,-0.04362778535698045,-0.06886020820055237,-0.0457196174480989,0.00558990211231324,-0.016296809986130374,0.026363636363636363,-0.018417462482946793,-0.029583598895262374,-0.01513296011196641,0.02120041215868109,SCP,SCP,ML,ML,ML,SCP,x11 seasonal,x11 seasonal,SeasonalNaive,SeasonalNaive,SeasonalNaive,x11 seasonal,ML,ML,SCP,SCP,SCP,ML,SeasonalNaive,SeasonalNaive,x11 seasonal,x11 seasonal,x11 seasonal,SeasonalNaive,11.347517730496456,24.137931034482758,57.785016286644954,57.03817971461628,66.90051020408163,73.63304981773999,110772.0,106828.0,109962.0,-3944.0,-810.0,4378.0,2456.0,9229362.0,2187686.0,3,1459.3333333333333,818.6666666666666,1753.9823260226997,853.9488665410047,0.03952262304553497,0.02217166793052396,-0.03560466543891958,-0.007312317192070198,ML,SeasonalNaive,SCP,x11 seasonal,43.901324805847416,109392.0,107565.0,109224.0,-1827.0,-168.0,2827.0,2256.0,3233489.0,1827936.0,3,942.3333333333334,752.0,1038.185757302934,780.5843964620353,0.025842840427087906,0.020623080298376482,-0.01670140412461606,-0.00153576129881527,ML,SeasonalNaive,SCP,x11 seasonal,20.198089847895297,220164.0,214393.0,219186.0,-5771.0,-978.0,7205.0,4712.0,12462851,4015622.0,6,1200.8333333333333,785.3333333333334,1441.2292785443035,818.0894409129929,0.03272560454933595,0.02140222743046093,-0.02621227811994695,-0.004442143129666976,ML,SeasonalNaive,SCP,x11 seasonal,34.60097154753643,2026-07-11 12:55:22.869,0,,"
"10594,63,62,10467,1,389,""MERCADONA, 1151 GETAFE PE"",""332"",,,,AutoARIMA,smooth_acceptable,smooth_acceptable_acceptable,acceptable,x11 seasonal,x11 seasonal,success,smooth_acceptable,COMPARABLE,1,1,1,39552.0,43044.0,38244.0,41352.0,36384.0,41688.0,39232.0,40255.0,37698.0,36204.0,34586.0,36630.0,40930.0,42688.0,38266.0,42123.0,37961.0,41439.0,-320.0,-2789.0,-546.0,-5148.0,-1798.0,-5058.0,1378.0,-356.0,22.0,771.0,1577.0,-249.0,320.0,2789.0,546.0,5148.0,1798.0,5058.0,1378.0,356.0,22.0,771.0,1577.0,249.0,102400.0,7778521.0,298116.0,26501904,3232804.0,25583364,1898884.0,126736.0,484.0,594441.0,2486929.0,62001.0,1,1,1,1,1,1,320.0,2789.0,546.0,5148.0,1798.0,5058.0,1378.0,356.0,22.0,771.0,1577.0,249.0,320.0,2789.0,546.0,5148.0,1798.0,5058.0,1378.0,356.0,22.0,771.0,1577.0,249.0,0.008090614886731391,0.06479416411114208,0.014276749294006902,0.124492164828787,0.04941732629727353,0.12132987910189982,0.034840210355987056,0.008270606820927423,0.0005752536345571,0.018644805571677307,0.04334322779243623,0.005972941853770869,-0.008090614886731391,-0.06479416411114208,-0.014276749294006902,-0.124492164828787,-0.04941732629727353,-0.12132987910189982,0.034840210355987056,-0.008270606820927423,0.0005752536345571,0.018644805571677307,0.04334322779243623,-0.005972941853770869,SCP,ML,ML,ML,ML,ML,x11 seasonal,AutoARIMA,AutoARIMA,AutoARIMA,AutoARIMA,AutoARIMA,ML,SCP,SCP,SCP,SCP,SCP,AutoARIMA,x11 seasonal,x11 seasonal,x11 seasonal,x11 seasonal,x11 seasonal,76.77793904208998,87.23556830405164,95.97069597069597,85.02331002331003,12.291434927697454,95.07710557532621,119424.0,107420.0,121523.0,-12004.0,2099.0,12004.0,2597.0,55318072,3143371.0,3,4001.3333333333335,865.6666666666666,4294.107280137902,1023.6163018110514,0.1005158092175777,0.021746047695605574,-0.1005158092175777,0.017576031618435156,ML,AutoARIMA,SCP,x11 seasonal,78.36554481839386,120840.0,117185.0,121884.0,-3655.0,1044.0,3655.0,1756.0,8179037.0,2026104.0,3,1218.3333333333333,585.3333333333334,1651.1649422957921,821.8077634094241,0.030246607083747105,0.014531612048990401,-0.030246607083747105,0.008639523336643496,ML,AutoARIMA,SCP,x11 seasonal,51.95622435020519,240264.0,224605.0,243407.0,-15659.0,3143.0,15659.0,4353.0,63497109,5169475.0,6,2609.8333333333335,725.5,3253.129493272593,928.212888655758,0.06517414177737822,0.018117570672260514,-0.06517414177737822,0.013081443745213599,ML,AutoARIMA,SCP,x11 seasonal,72.20128999297529,2026-07-11 12:55:22.869,0,,"
"10595,63,62,10467,1,390,""MERCADONA, 1131 ANTEQUERA"",""458"",,,,,,,,preserve current forecast,preserve current forecast,success,,NOT_COMPARABLE_MISSING_SCP_AND_ML,1,0,0,0.0,0.0,0.0,0.0,0.0,0.0,,,,,,,,,,,,,,,,,,,,,,,,,,,,,,,,,,,,,,,,,,,,,,,,,,,,,,,,,,,,,,,,,,,,,,,,,,,,,,,,,,,,,,,,,,,,,,,,,,,,,,,,,,,,,,,,,,,,,,,,,,,,,,,,,,,,,,,,,,,,,,,,,,,,,,,,,,,,,,,,,,,,,,,,,,,,,,,,,,,,,,,,,,,,,,,,,,,,,,,,,,2026-07-11 12:55:22.869,1,MissingHistory,NoForecastRowsMaterialized"
"10596,63,62,10467,1,391,SAN ISIDRO,""455"",,,,,,,,preserve current forecast,preserve current forecast,success,,NOT_COMPARABLE_MISSING_SCP_AND_ML,1,0,0,0.0,0.0,0.0,0.0,0.0,0.0,,,,,,,,,,,,,,,,,,,,,,,,,,,,,,,,,,,,,,,,,,,,,,,,,,,,,,,,,,,,,,,,,,,,,,,,,,,,,,,,,,,,,,,,,,,,,,,,,,,,,,,,,,,,,,,,,,,,,,,,,,,,,,,,,,,,,,,,,,,,,,,,,,,,,,,,,,,,,,,,,,,,,,,,,,,,,,,,,,,,,,,,,,,,,,,,,,,,,,,,,,2026-07-11 12:55:22.869,1,MissingHistory,NoForecastRowsMaterialized"
"10597,63,62,10467,1,392,"""",""441"",,,,,unknown_oneOff,unknown_oneOff_oneOff,oneOff,average,average,success,unknown_oneOff,NOT_COMPARABLE_MISSING_ML,1,1,0,0.0,0.0,0.0,750.0,0.0,0.0,750.0,750.0,750.0,0.0,0.0,0.0,,,,,,,,,,,,,,,,,,,,,,,,,,,,,,,,,,,,,,,,,,,,,,,,,,,,,,,,,,,,,,,,,,,,,,,,,,,,,,,,,,,,,,,,,,,,,,,,,,,,,,,,,,,,,,,,,,,,,,,,,,,,,,,,,,,,,,,,,,,,,,,,,,,,,,,,,,,,,,,,,,,,,,,,,,,,,,,,,,,,,,,,,,,,,,,,,,,,2026-07-11 12:55:22.869,0,,NoForecastRowsMaterialized"
"10598,63,62,10467,1,393,""MERCADONA, 939 S.SADURNI"",""353"",,,,HistoricAverage,smooth_acceptable,smooth_acceptable_acceptable,acceptable,x11 lineal,x11 lineal,success,smooth_acceptable,COMPARABLE,1,1,1,34792.0,38720.0,34848.0,38240.0,33776.0,38208.0,34523.0,36164.0,35265.0,36139.0,35806.0,37396.0,38291.0,38290.0,38290.0,40996.0,37172.0,41187.0,-269.0,-2556.0,417.0,-2101.0,2030.0,-812.0,3499.0,-430.0,3442.0,2756.0,3396.0,2979.0,269.0,2556.0,417.0,2101.0,2030.0,812.0,3499.0,430.0,3442.0,2756.0,3396.0,2979.0,72361.0,6533136.0,173889.0,4414201.0,4120900.0,659344.0,12243001,184900.0,11847364,7595536.0,11532816,8874441.0,1,1,1,1,1,1,269.0,2556.0,417.0,2101.0,2030.0,812.0,3499.0,430.0,3442.0,2756.0,3396.0,2979.0,269.0,2556.0,417.0,2101.0,2030.0,812.0,3499.0,430.0,3442.0,2756.0,3396.0,2979.0,0.007731662451138193,0.06601239669421488,0.01196625344352617,0.05494246861924686,0.06010184746565609,0.021252093802345058,0.10056909634398713,0.011105371900826446,0.09877180899908172,0.07207112970711298,0.10054476551397441,0.0779679648241206,-0.007731662451138193,-0.06601239669421488,0.01196625344352617,-0.05494246861924686,0.06010184746565609,-0.021252093802345058,0.10056909634398713,-0.011105371900826446,0.09877180899908172,0.07207112970711298,0.10054476551397441,0.0779679648241206,SCP,ML,SCP,SCP,SCP,SCP,x11 lineal,HistoricAverage,x11 lineal,x11 lineal,x11 lineal,x11 lineal,ML,SCP,ML,ML,ML,ML,HistoricAverage,x11 lineal,HistoricAverage,HistoricAverage,HistoricAverage,HistoricAverage,92.31208916833381,83.17683881064163,87.88495061011041,23.766328011611034,40.223792697290925,72.74253105068816,110224.0,109341.0,119355.0,-883.0,9131.0,4943.0,9131.0,9194445.0,28002793,3,1647.6666666666667,3043.6666666666665,1750.6613036221484,3055.2028301461974,0.04484504282188997,0.08284039773552039,-0.008010959500653215,0.08284039773552039,SCP,x11 lineal,ML,HistoricAverage,45.86573212134487,108360.0,105952.0,114871.0,-2408.0,6511.0,3242.0,7371.0,6779386.0,24275265,3,1080.6666666666667,2457.0,1503.2615651753135,2844.6010265061777,0.0299187892211148,0.06802325581395349,-0.022222222222222223,0.06008674787744555,SCP,x11 lineal,ML,HistoricAverage,56.01682268348935,218584.0,215293.0,234226.0,-3291.0,15642.0,8185.0,16502.0,15973831,52278058,6,1364.1666666666667,2750.3333333333335,1631.6571841740122,2951.7807619582227,0.037445558686820625,0.07549500420890824,-0.015055996779270211,0.07156058997913846,SCP,x11 lineal,ML,HistoricAverage,50.39995152102775,2026-07-11 12:55:22.869,0,,"
"10599,63,62,10467,1,394,""MERCADONA, 1156 VILLADANG"",""326"",,,,AutoETS,smooth_acceptable,smooth_acceptable_acceptable,acceptable,x11 seasonal,x11 seasonal,success,smooth_acceptable,COMPARABLE,1,1,1,19074.0,17472.0,15870.0,18108.0,14868.0,16554.0,17368.0,18088.0,16355.0,17308.0,15559.0,17615.0,18193.0,18921.0,17226.0,18546.0,15086.0,17538.0,-1706.0,616.0,485.0,-800.0,691.0,1061.0,-881.0,1449.0,1356.0,438.0,218.0,984.0,1706.0,616.0,485.0,800.0,691.0,1061.0,881.0,1449.0,1356.0,438.0,218.0,984.0,2910436.0,379456.0,235225.0,640000.0,477481.0,1125721.0,776161.0,2099601.0,1838736.0,191844.0,47524.0,968256.0,1,1,1,1,1,1,1706.0,616.0,485.0,800.0,691.0,1061.0,881.0,1449.0,1356.0,438.0,218.0,984.0,1706.0,616.0,485.0,800.0,691.0,1061.0,881.0,1449.0,1356.0,438.0,218.0,984.0,0.08944112404320016,0.035256410256410256,0.030560806553245116,0.04417936823503424,0.0464756524078558,0.06409327050863839,0.04618852888749082,0.0829326923076923,0.08544423440453686,0.024188204108681246,0.014662362119989239,0.059441826748822035,-0.08944112404320016,0.035256410256410256,0.030560806553245116,-0.04417936823503424,0.0464756524078558,0.06409327050863839,-0.04618852888749082,0.0829326923076923,0.08544423440453686,0.024188204108681246,0.014662362119989239,0.059441826748822035,ML,SCP,SCP,ML,ML,ML,AutoETS,x11 seasonal,x11 seasonal,AutoETS,AutoETS,AutoETS,SCP,ML,ML,SCP,SCP,SCP,x11 seasonal,AutoETS,AutoETS,x11 seasonal,x11 seasonal,x11 seasonal,48.35873388042204,57.48792270531401,64.23303834808259,45.25,68.45151953690304,7.2573044297832165,49530.0,50482.0,51170.0,952.0,1640.0,2552.0,1640.0,2243202.0,1207624.0,3,850.6666666666666,546.6666666666666,864.7161383945601,634.4614514163436,0.05152432868968302,0.03311124570967091,0.019220674338784573,0.03311124570967091,ML,AutoETS,SCP,x11 seasonal,35.736677115987455,52416.0,51811.0,54340.0,-605.0,1924.0,2807.0,3686.0,3525117.0,4714498.0,3,935.6666666666666,1228.6666666666667,1083.9921586432256,1253.5945649743912,0.053552350427350424,0.07032203907203907,-0.011542277167277168,0.03670634920634921,SCP,x11 seasonal,ML,AutoETS,23.84698860553446,101946.0,102293.0,105510.0,347.0,3564.0,5359.0,5326.0,5768319.0,5922122.0,6,893.1666666666666,887.6666666666666,980.5031871442336,993.4889699102519,0.052567045298491356,0.05224334451572401,0.003403762776371805,0.03495968453887352,ML,AutoETS,SCP,x11 seasonal,0.6157865273371893,2026-07-11 12:55:22.869,0,,"
"10600,63,62,10467,1,395,"""",""324"",,,,,,,,average,average,success,,NOT_COMPARABLE_MISSING_SCP_AND_ML,1,0,0,59304.0,3024.0,0.0,0.0,0.0,0.0,,,,,,,,,,,,,,,,,,,,,,,,,,,,,,,,,,,,,,,,,,,,,,,,,,,,,,,,,,,,,,,,,,,,,,,,,,,,,,,,,,,,,,,,,,,,,,,,,,,,,,,,,,,,,,,,,,,,,,,,,,,,,,,,,,,,,,,,,,,,,,,,,,,,,,,,,,,,,,,,,,,,,,,,,,,,,,,,,,,,,,,,,,,,,,,,,,,,,,,,,,2026-07-11 12:55:22.869,0,,NoForecastRowsMaterialized"
"10601,63,62,10467,1,396,"""",""327"",,,,,,,,average,average,success,,NOT_COMPARABLE_MISSING_SCP_AND_ML,1,0,0,12380.0,460.0,0.0,0.0,0.0,0.0,,,,,,,,,,,,,,,,,,,,,,,,,,,,,,,,,,,,,,,,,,,,,,,,,,,,,,,,,,,,,,,,,,,,,,,,,,,,,,,,,,,,,,,,,,,,,,,,,,,,,,,,,,,,,,,,,,,,,,,,,,,,,,,,,,,,,,,,,,,,,,,,,,,,,,,,,,,,,,,,,,,,,,,,,,,,,,,,,,,,,,,,,,,,,,,,,,,,,,,,,,2026-07-11 12:55:22.869,0,,NoForecastRowsMaterialized"
"10602,63,62,10467,1,397,"""",""329"",,,,,,,,average,average,success,,NOT_COMPARABLE_MISSING_SCP_AND_ML,1,0,0,17880.0,648.0,0.0,0.0,0.0,0.0,,,,,,,,,,,,,,,,,,,,,,,,,,,,,,,,,,,,,,,,,,,,,,,,,,,,,,,,,,,,,,,,,,,,,,,,,,,,,,,,,,,,,,,,,,,,,,,,,,,,,,,,,,,,,,,,,,,,,,,,,,,,,,,,,,,,,,,,,,,,,,,,,,,,,,,,,,,,,,,,,,,,,,,,,,,,,,,,,,,,,,,,,,,,,,,,,,,,,,,,,,2026-07-11 12:55:22.869,0,,NoForecastRowsMaterialized"
"10603,63,62,10467,1,398,"""",""330"",,,,,,,,average,average,success,,NOT_COMPARABLE_MISSING_SCP_AND_ML,1,0,0,19584.0,672.0,0.0,0.0,0.0,0.0,,,,,,,,,,,,,,,,,,,,,,,,,,,,,,,,,,,,,,,,,,,,,,,,,,,,,,,,,,,,,,,,,,,,,,,,,,,,,,,,,,,,,,,,,,,,,,,,,,,,,,,,,,,,,,,,,,,,,,,,,,,,,,,,,,,,,,,,,,,,,,,,,,,,,,,,,,,,,,,,,,,,,,,,,,,,,,,,,,,,,,,,,,,,,,,,,,,,,,,,,,2026-07-11 12:55:22.869,0,,NoForecastRowsMaterialized"
"10604,63,62,10467,1,399,"""",""334"",,,,,,,,average,average,success,,NOT_COMPARABLE_MISSING_SCP_AND_ML,1,0,0,56704.0,3264.0,0.0,0.0,0.0,0.0,,,,,,,,,,,,,,,,,,,,,,,,,,,,,,,,,,,,,,,,,,,,,,,,,,,,,,,,,,,,,,,,,,,,,,,,,,,,,,,,,,,,,,,,,,,,,,,,,,,,,,,,,,,,,,,,,,,,,,,,,,,,,,,,,,,,,,,,,,,,,,,,,,,,,,,,,,,,,,,,,,,,,,,,,,,,,,,,,,,,,,,,,,,,,,,,,,,,,,,,,,2026-07-11 12:55:22.869,0,,NoForecastRowsMaterialized"
"10605,63,62,10467,1,400,"""",""418"",,,,,,,,average,average,success,,NOT_COMPARABLE_MISSING_SCP_AND_ML,1,0,0,13440.0,408.0,0.0,0.0,0.0,0.0,,,,,,,,,,,,,,,,,,,,,,,,,,,,,,,,,,,,,,,,,,,,,,,,,,,,,,,,,,,,,,,,,,,,,,,,,,,,,,,,,,,,,,,,,,,,,,,,,,,,,,,,,,,,,,,,,,,,,,,,,,,,,,,,,,,,,,,,,,,,,,,,,,,,,,,,,,,,,,,,,,,,,,,,,,,,,,,,,,,,,,,,,,,,,,,,,,,,,,,,,,2026-07-11 12:55:22.869,0,,NoForecastRowsMaterialized"
"10606,63,62,10467,1,401,""MERCADONA, 1105 PARC SAGU"",""1134"",,,,,,,,average,average,success,,NOT_COMPARABLE_MISSING_SCP_AND_ML,1,0,0,11400.0,1320.0,0.0,0.0,0.0,0.0,,,,,,,,,,,,,,,,,,,,,,,,,,,,,,,,,,,,,,,,,,,,,,,,,,,,,,,,,,,,,,,,,,,,,,,,,,,,,,,,,,,,,,,,,,,,,,,,,,,,,,,,,,,,,,,,,,,,,,,,,,,,,,,,,,,,,,,,,,,,,,,,,,,,,,,,,,,,,,,,,,,,,,,,,,,,,,,,,,,,,,,,,,,,,,,,,,,,,,,,,,2026-07-11 12:55:22.869,0,,NoForecastRowsMaterialized"
"10607,63,62,10467,1,402,""MERCADONA, 1246 RIBARROJA"",""1134"",,,,,,,,average,average,success,,NOT_COMPARABLE_MISSING_SCP_AND_ML,1,0,0,6588.0,672.0,0.0,0.0,0.0,0.0,,,,,,,,,,,,,,,,,,,,,,,,,,,,,,,,,,,,,,,,,,,,,,,,,,,,,,,,,,,,,,,,,,,,,,,,,,,,,,,,,,,,,,,,,,,,,,,,,,,,,,,,,,,,,,,,,,,,,,,,,,,,,,,,,,,,,,,,,,,,,,,,,,,,,,,,,,,,,,,,,,,,,,,,,,,,,,,,,,,,,,,,,,,,,,,,,,,,,,,,,,2026-07-11 12:55:22.869,0,,NoForecastRowsMaterialized"
"10608,63,62,10467,1,403,"""",""352"",,,,,,,,average,average,success,,NOT_COMPARABLE_MISSING_SCP_AND_ML,1,0,0,96168.0,5136.0,0.0,0.0,0.0,0.0,,,,,,,,,,,,,,,,,,,,,,,,,,,,,,,,,,,,,,,,,,,,,,,,,,,,,,,,,,,,,,,,,,,,,,,,,,,,,,,,,,,,,,,,,,,,,,,,,,,,,,,,,,,,,,,,,,,,,,,,,,,,,,,,,,,,,,,,,,,,,,,,,,,,,,,,,,,,,,,,,,,,,,,,,,,,,,,,,,,,,,,,,,,,,,,,,,,,,,,,,,2026-07-11 12:55:22.869,0,,NoForecastRowsMaterialized"
"10609,63,62,10467,1,404,"""",""353"",,,,,,,,average,average,success,,NOT_COMPARABLE_MISSING_SCP_AND_ML,1,0,0,44704.0,2144.0,0.0,0.0,0.0,0.0,,,,,,,,,,,,,,,,,,,,,,,,,,,,,,,,,,,,,,,,,,,,,,,,,,,,,,,,,,,,,,,,,,,,,,,,,,,,,,,,,,,,,,,,,,,,,,,,,,,,,,,,,,,,,,,,,,,,,,,,,,,,,,,,,,,,,,,,,,,,,,,,,,,,,,,,,,,,,,,,,,,,,,,,,,,,,,,,,,,,,,,,,,,,,,,,,,,,,,,,,,2026-07-11 12:55:22.869,0,,NoForecastRowsMaterialized"
"10610,63,62,10467,1,405,"""",""356"",,,,,,,,average,average,success,,NOT_COMPARABLE_MISSING_SCP_AND_ML,1,0,0,110976.0,5856.0,0.0,0.0,0.0,0.0,,,,,,,,,,,,,,,,,,,,,,,,,,,,,,,,,,,,,,,,,,,,,,,,,,,,,,,,,,,,,,,,,,,,,,,,,,,,,,,,,,,,,,,,,,,,,,,,,,,,,,,,,,,,,,,,,,,,,,,,,,,,,,,,,,,,,,,,,,,,,,,,,,,,,,,,,,,,,,,,,,,,,,,,,,,,,,,,,,,,,,,,,,,,,,,,,,,,,,,,,,2026-07-11 12:55:22.869,0,,NoForecastRowsMaterialized"
"10611,63,62,10467,1,406,"""",""357"",,,,,,,,average,average,success,,NOT_COMPARABLE_MISSING_SCP_AND_ML,1,0,0,69216.0,3744.0,0.0,0.0,0.0,0.0,,,,,,,,,,,,,,,,,,,,,,,,,,,,,,,,,,,,,,,,,,,,,,,,,,,,,,,,,,,,,,,,,,,,,,,,,,,,,,,,,,,,,,,,,,,,,,,,,,,,,,,,,,,,,,,,,,,,,,,,,,,,,,,,,,,,,,,,,,,,,,,,,,,,,,,,,,,,,,,,,,,,,,,,,,,,,,,,,,,,,,,,,,,,,,,,,,,,,,,,,,2026-07-11 12:55:22.869,0,,NoForecastRowsMaterialized"
"10612,63,62,10467,1,407,""MERCADONA, 0955 GRANADILL"",""1134"",,,,,,,,average,average,success,,NOT_COMPARABLE_MISSING_SCP_AND_ML,1,0,0,3444.0,381.0,0.0,0.0,0.0,0.0,,,,,,,,,,,,,,,,,,,,,,,,,,,,,,,,,,,,,,,,,,,,,,,,,,,,,,,,,,,,,,,,,,,,,,,,,,,,,,,,,,,,,,,,,,,,,,,,,,,,,,,,,,,,,,,,,,,,,,,,,,,,,,,,,,,,,,,,,,,,,,,,,,,,,,,,,,,,,,,,,,,,,,,,,,,,,,,,,,,,,,,,,,,,,,,,,,,,,,,,,,2026-07-11 12:55:22.869,0,,NoForecastRowsMaterialized"
"10613,63,62,10467,1,408,""MERCADONA, 1018 INGENIO"",""1134"",,,,,,,,average,average,success,,NOT_COMPARABLE_MISSING_SCP_AND_ML,1,0,0,3906.0,353.0,0.0,0.0,0.0,0.0,,,,,,,,,,,,,,,,,,,,,,,,,,,,,,,,,,,,,,,,,,,,,,,,,,,,,,,,,,,,,,,,,,,,,,,,,,,,,,,,,,,,,,,,,,,,,,,,,,,,,,,,,,,,,,,,,,,,,,,,,,,,,,,,,,,,,,,,,,,,,,,,,,,,,,,,,,,,,,,,,,,,,,,,,,,,,,,,,,,,,,,,,,,,,,,,,,,,,,,,,,2026-07-11 12:55:22.869,0,,NoForecastRowsMaterialized"
