"ID,""ID_BATCH"",""ID_RUN_STAGING"",""ID_CLIENT"",""SOURCE_RUN_ID"",""ID_CONFIGURATION"",""VALUE_LEVEL_1"",""VALUE_LEVEL_2"",""VALUE_LEVEL_3"",""VALUE_LEVEL_4"",""VALUE_LEVEL_5"",""ML_BEST_MODEL"",""ML_CLASSIFICATION"",""ML_TYPE"",""ML_STATUS"",""SCP_BEST_MODEL"",""SCP_CLASSIFICATION"",""SCP_STATUS"",""SERIES_CLASSIFICATION"",""COMPARISON_STATUS"",""HAS_BASE_CANDIDATE"",""HAS_SCP_CALCULATED"",""HAS_ML_CALCULATED"",""HISTORY_M1"",""HISTORY_M2"",""HISTORY_M3"",""HISTORY_M4"",""HISTORY_M5"",""HISTORY_M6"",""SCP_FORECAST_M1"",""SCP_FORECAST_M2"",""SCP_FORECAST_M3"",""SCP_FORECAST_M4"",""SCP_FORECAST_M5"",""SCP_FORECAST_M6"",""ML_FORECAST_M1"",""ML_FORECAST_M2"",""ML_FORECAST_M3"",""ML_FORECAST_M4"",""ML_FORECAST_M5"",""ML_FORECAST_M6"",""SCP_SIGNED_ERROR_M1"",""SCP_SIGNED_ERROR_M2"",""SCP_SIGNED_ERROR_M3"",""SCP_SIGNED_ERROR_M4"",""SCP_SIGNED_ERROR_M5"",""SCP_SIGNED_ERROR_M6"",""ML_SIGNED_ERROR_M1"",""ML_SIGNED_ERROR_M2"",""ML_SIGNED_ERROR_M3"",""ML_SIGNED_ERROR_M4"",""ML_SIGNED_ERROR_M5"",""ML_SIGNED_ERROR_M6"",""SCP_ABS_ERROR_M1"",""SCP_ABS_ERROR_M2"",""SCP_ABS_ERROR_M3"",""SCP_ABS_ERROR_M4"",""SCP_ABS_ERROR_M5"",""SCP_ABS_ERROR_M6"",""ML_ABS_ERROR_M1"",""ML_ABS_ERROR_M2"",""ML_ABS_ERROR_M3"",""ML_ABS_ERROR_M4"",""ML_ABS_ERROR_M5"",""ML_ABS_ERROR_M6"",""SCP_SQUARED_ERROR_M1"",""SCP_SQUARED_ERROR_M2"",""SCP_SQUARED_ERROR_M3"",""SCP_SQUARED_ERROR_M4"",""SCP_SQUARED_ERROR_M5"",""SCP_SQUARED_ERROR_M6"",""ML_SQUARED_ERROR_M1"",""ML_SQUARED_ERROR_M2"",""ML_SQUARED_ERROR_M3"",""ML_SQUARED_ERROR_M4"",""ML_SQUARED_ERROR_M5"",""ML_SQUARED_ERROR_M6"",""POSITIVE_HISTORY_MONTH_COUNT_M1"",""POSITIVE_HISTORY_MONTH_COUNT_M2"",""POSITIVE_HISTORY_MONTH_COUNT_M3"",""POSITIVE_HISTORY_MONTH_COUNT_M4"",""POSITIVE_HISTORY_MONTH_COUNT_M5"",""POSITIVE_HISTORY_MONTH_COUNT_M6"",""SCP_MAE_M1"",""SCP_MAE_M2"",""SCP_MAE_M3"",""SCP_MAE_M4"",""SCP_MAE_M5"",""SCP_MAE_M6"",""ML_MAE_M1"",""ML_MAE_M2"",""ML_MAE_M3"",""ML_MAE_M4"",""ML_MAE_M5"",""ML_MAE_M6"",""SCP_RMSE_M1"",""SCP_RMSE_M2"",""SCP_RMSE_M3"",""SCP_RMSE_M4"",""SCP_RMSE_M5"",""SCP_RMSE_M6"",""ML_RMSE_M1"",""ML_RMSE_M2"",""ML_RMSE_M3"",""ML_RMSE_M4"",""ML_RMSE_M5"",""ML_RMSE_M6"",""SCP_WAPE_M1"",""SCP_WAPE_M2"",""SCP_WAPE_M3"",""SCP_WAPE_M4"",""SCP_WAPE_M5"",""SCP_WAPE_M6"",""ML_WAPE_M1"",""ML_WAPE_M2"",""ML_WAPE_M3"",""ML_WAPE_M4"",""ML_WAPE_M5"",""ML_WAPE_M6"",""SCP_BIAS_M1"",""SCP_BIAS_M2"",""SCP_BIAS_M3"",""SCP_BIAS_M4"",""SCP_BIAS_M5"",""SCP_BIAS_M6"",""ML_BIAS_M1"",""ML_BIAS_M2"",""ML_BIAS_M3"",""ML_BIAS_M4"",""ML_BIAS_M5"",""ML_BIAS_M6"",""WINNER_METHOD_M1"",""WINNER_METHOD_M2"",""WINNER_METHOD_M3"",""WINNER_METHOD_M4"",""WINNER_METHOD_M5"",""WINNER_METHOD_M6"",""WINNER_MODEL_M1"",""WINNER_MODEL_M2"",""WINNER_MODEL_M3"",""WINNER_MODEL_M4"",""WINNER_MODEL_M5"",""WINNER_MODEL_M6"",""FINALIST_METHOD_M1"",""FINALIST_METHOD_M2"",""FINALIST_METHOD_M3"",""FINALIST_METHOD_M4"",""FINALIST_METHOD_M5"",""FINALIST_METHOD_M6"",""FINALIST_MODEL_M1"",""FINALIST_MODEL_M2"",""FINALIST_MODEL_M3"",""FINALIST_MODEL_M4"",""FINALIST_MODEL_M5"",""FINALIST_MODEL_M6"",""WINNER_IMPROVEMENT_PCT_M1"",""WINNER_IMPROVEMENT_PCT_M2"",""WINNER_IMPROVEMENT_PCT_M3"",""WINNER_IMPROVEMENT_PCT_M4"",""WINNER_IMPROVEMENT_PCT_M5"",""WINNER_IMPROVEMENT_PCT_M6"",""TOTAL_HISTORY_OLDER_3M"",""SCP_TOTAL_FORECAST_OLDER_3M"",""ML_TOTAL_FORECAST_OLDER_3M"",""SCP_TOTAL_SIGNED_ERROR_OLDER_3M"",""ML_TOTAL_SIGNED_ERROR_OLDER_3M"",""SCP_TOTAL_ABS_ERROR_OLDER_3M"",""ML_TOTAL_ABS_ERROR_OLDER_3M"",""SCP_TOTAL_SQUARED_ERROR_OLDER_3M"",""ML_TOTAL_SQUARED_ERROR_OLDER_3M"",""POSITIVE_HISTORY_MONTH_COUNT_OLDER_3M"",""SCP_MAE_OLDER_3M"",""ML_MAE_OLDER_3M"",""SCP_RMSE_OLDER_3M"",""ML_RMSE_OLDER_3M"",""SCP_WAPE_OLDER_3M"",""ML_WAPE_OLDER_3M"",""SCP_BIAS_OLDER_3M"",""ML_BIAS_OLDER_3M"",""WINNER_METHOD_OLDER_3M"",""WINNER_MODEL_OLDER_3M"",""FINALIST_METHOD_OLDER_3M"",""FINALIST_MODEL_OLDER_3M"",""WINNER_IMPROVEMENT_PCT_OLDER_3M"",""TOTAL_HISTORY_RECENT_3M"",""SCP_TOTAL_FORECAST_RECENT_3M"",""ML_TOTAL_FORECAST_RECENT_3M"",""SCP_TOTAL_SIGNED_ERROR_RECENT_3M"",""ML_TOTAL_SIGNED_ERROR_RECENT_3M"",""SCP_TOTAL_ABS_ERROR_RECENT_3M"",""ML_TOTAL_ABS_ERROR_RECENT_3M"",""SCP_TOTAL_SQUARED_ERROR_RECENT_3M"",""ML_TOTAL_SQUARED_ERROR_RECENT_3M"",""POSITIVE_HISTORY_MONTH_COUNT_RECENT_3M"",""SCP_MAE_RECENT_3M"",""ML_MAE_RECENT_3M"",""SCP_RMSE_RECENT_3M"",""ML_RMSE_RECENT_3M"",""SCP_WAPE_RECENT_3M"",""ML_WAPE_RECENT_3M"",""SCP_BIAS_RECENT_3M"",""ML_BIAS_RECENT_3M"",""WINNER_METHOD_RECENT_3M"",""WINNER_MODEL_RECENT_3M"",""FINALIST_METHOD_RECENT_3M"",""FINALIST_MODEL_RECENT_3M"",""WINNER_IMPROVEMENT_PCT_RECENT_3M"",""TOTAL_HISTORY_6M"",""SCP_TOTAL_FORECAST_6M"",""ML_TOTAL_FORECAST_6M"",""SCP_TOTAL_SIGNED_ERROR_6M"",""ML_TOTAL_SIGNED_ERROR_6M"",""SCP_TOTAL_ABS_ERROR_6M"",""ML_TOTAL_ABS_ERROR_6M"",""SCP_TOTAL_SQUARED_ERROR_6M"",""ML_TOTAL_SQUARED_ERROR_6M"",""POSITIVE_HISTORY_MONTH_COUNT_6M"",""SCP_MAE_6M"",""ML_MAE_6M"",""SCP_RMSE_6M"",""ML_RMSE_6M"",""SCP_WAPE_6M"",""ML_WAPE_6M"",""SCP_BIAS_6M"",""ML_BIAS_6M"",""WINNER_METHOD_6M"",""WINNER_MODEL_6M"",""FINALIST_METHOD_6M"",""FINALIST_MODEL_6M"",""WINNER_IMPROVEMENT_PCT_6M"",""COPIED_AT"",""HAS_ML_EXCLUDED"",""ML_EXCLUSION_REASON"",""SCP_NO_OUTPUT_REASON"""
"8739,63,61,10461,1,4,GARCIA MILLAN,GAZPACHO,GAZPACHO ANDALUZ GM 1L,"""",,,,,,,,,,NOT_COMPARABLE_MISSING_VALIDATION,1,1,0,,,,,,,,,,,,,,,,,,,,,,,,,,,,,,,,,,,,,,,,,,,,,,,,,,,,,,,,,,,,,,,,,,,,,,,,,,,,,,,,,,,,,,,,,,,,,,,,,,,,,,,,,,,,,,,,,,,,,,,,,,,,,,,,,,,,,,,,,,,,,,,,,,,,,,,,,,,,,,,,,,,,,,,,,,,,,,,,,,,,,,,,,,,,,,,,,,,,,,,,,,,,,,,,2026-07-11 11:22:46.237,0,,"
8740,63,61,10461,1,5,GARCIA MILLAN,GAZPACHO,GAZPACHO ANDALUZ GM 1L,AHORRAMAS,,,,,,,,,,NOT_COMPARABLE_MISSING_VALIDATION,1,1,0,,,,,,,,,,,,,,,,,,,,,,,,,,,,,,,,,,,,,,,,,,,,,,,,,,,,,,,,,,,,,,,,,,,,,,,,,,,,,,,,,,,,,,,,,,,,,,,,,,,,,,,,,,,,,,,,,,,,,,,,,,,,,,,,,,,,,,,,,,,,,,,,,,,,,,,,,,,,,,,,,,,,,,,,,,,,,,,,,,,,,,,,,,,,,,,,,,,,,,,,,,,,,,,,2026-07-11 11:22:46.237,0,,
8741,63,61,10461,1,6,GARCIA MILLAN,GAZPACHO,GAZPACHO ANDALUZ GM 1L,ALDI,,,,,,,,,,NOT_COMPARABLE_MISSING_VALIDATION,1,1,0,,,,,,,,,,,,,,,,,,,,,,,,,,,,,,,,,,,,,,,,,,,,,,,,,,,,,,,,,,,,,,,,,,,,,,,,,,,,,,,,,,,,,,,,,,,,,,,,,,,,,,,,,,,,,,,,,,,,,,,,,,,,,,,,,,,,,,,,,,,,,,,,,,,,,,,,,,,,,,,,,,,,,,,,,,,,,,,,,,,,,,,,,,,,,,,,,,,,,,,,,,,,,,,,2026-07-11 11:22:46.237,0,,
8742,63,61,10461,1,7,GARCIA MILLAN,GAZPACHO,GAZPACHO ANDALUZ GM 1L,ALIMERKA,,,,,,,,,,NOT_COMPARABLE_MISSING_VALIDATION,1,1,0,,,,,,,,,,,,,,,,,,,,,,,,,,,,,,,,,,,,,,,,,,,,,,,,,,,,,,,,,,,,,,,,,,,,,,,,,,,,,,,,,,,,,,,,,,,,,,,,,,,,,,,,,,,,,,,,,,,,,,,,,,,,,,,,,,,,,,,,,,,,,,,,,,,,,,,,,,,,,,,,,,,,,,,,,,,,,,,,,,,,,,,,,,,,,,,,,,,,,,,,,,,,,,,,2026-07-11 11:22:46.237,0,,
8743,63,61,10461,1,8,GARCIA MILLAN,GAZPACHO,GAZPACHO ANDALUZ GM 1L,ALIPENSA,,,,,,,,,,NOT_COMPARABLE_MISSING_VALIDATION,1,1,0,,,,,,,,,,,,,,,,,,,,,,,,,,,,,,,,,,,,,,,,,,,,,,,,,,,,,,,,,,,,,,,,,,,,,,,,,,,,,,,,,,,,,,,,,,,,,,,,,,,,,,,,,,,,,,,,,,,,,,,,,,,,,,,,,,,,,,,,,,,,,,,,,,,,,,,,,,,,,,,,,,,,,,,,,,,,,,,,,,,,,,,,,,,,,,,,,,,,,,,,,,,,,,,,2026-07-11 11:22:46.237,0,,
8744,63,61,10461,1,9,GARCIA MILLAN,GAZPACHO,GAZPACHO ANDALUZ GM 1L,AMAZON,,,,,,,,,,NOT_COMPARABLE_MISSING_VALIDATION,1,1,0,,,,,,,,,,,,,,,,,,,,,,,,,,,,,,,,,,,,,,,,,,,,,,,,,,,,,,,,,,,,,,,,,,,,,,,,,,,,,,,,,,,,,,,,,,,,,,,,,,,,,,,,,,,,,,,,,,,,,,,,,,,,,,,,,,,,,,,,,,,,,,,,,,,,,,,,,,,,,,,,,,,,,,,,,,,,,,,,,,,,,,,,,,,,,,,,,,,,,,,,,,,,,,,,2026-07-11 11:22:46.237,0,,
8745,63,61,10461,1,10,GARCIA MILLAN,GAZPACHO,GAZPACHO ANDALUZ GM 1L,BARMA FANGZHOU,,,,,,,,,,NOT_COMPARABLE_MISSING_VALIDATION,1,0,0,,,,,,,,,,,,,,,,,,,,,,,,,,,,,,,,,,,,,,,,,,,,,,,,,,,,,,,,,,,,,,,,,,,,,,,,,,,,,,,,,,,,,,,,,,,,,,,,,,,,,,,,,,,,,,,,,,,,,,,,,,,,,,,,,,,,,,,,,,,,,,,,,,,,,,,,,,,,,,,,,,,,,,,,,,,,,,,,,,,,,,,,,,,,,,,,,,,,,,,,,,,,,,,,2026-07-11 11:22:46.237,0,,NoForecastRowsMaterialized
8746,63,61,10461,1,11,GARCIA MILLAN,GAZPACHO,GAZPACHO ANDALUZ GM 1L,BELMAR DON BENITO,,,,,,,,,,NOT_COMPARABLE_MISSING_VALIDATION,1,0,0,,,,,,,,,,,,,,,,,,,,,,,,,,,,,,,,,,,,,,,,,,,,,,,,,,,,,,,,,,,,,,,,,,,,,,,,,,,,,,,,,,,,,,,,,,,,,,,,,,,,,,,,,,,,,,,,,,,,,,,,,,,,,,,,,,,,,,,,,,,,,,,,,,,,,,,,,,,,,,,,,,,,,,,,,,,,,,,,,,,,,,,,,,,,,,,,,,,,,,,,,,,,,,,,2026-07-11 11:22:46.237,0,,NoForecastRowsMaterialized
8747,63,61,10461,1,12,GARCIA MILLAN,GAZPACHO,GAZPACHO ANDALUZ GM 1L,BGROUP,,,,,,,,,,NOT_COMPARABLE_MISSING_VALIDATION,1,0,0,,,,,,,,,,,,,,,,,,,,,,,,,,,,,,,,,,,,,,,,,,,,,,,,,,,,,,,,,,,,,,,,,,,,,,,,,,,,,,,,,,,,,,,,,,,,,,,,,,,,,,,,,,,,,,,,,,,,,,,,,,,,,,,,,,,,,,,,,,,,,,,,,,,,,,,,,,,,,,,,,,,,,,,,,,,,,,,,,,,,,,,,,,,,,,,,,,,,,,,,,,,,,,,,2026-07-11 11:22:46.237,0,,NoForecastRowsMaterialized
8748,63,61,10461,1,13,GARCIA MILLAN,GAZPACHO,GAZPACHO ANDALUZ GM 1L,BON PREU,,,,,,,,,,NOT_COMPARABLE_MISSING_VALIDATION,1,1,0,,,,,,,,,,,,,,,,,,,,,,,,,,,,,,,,,,,,,,,,,,,,,,,,,,,,,,,,,,,,,,,,,,,,,,,,,,,,,,,,,,,,,,,,,,,,,,,,,,,,,,,,,,,,,,,,,,,,,,,,,,,,,,,,,,,,,,,,,,,,,,,,,,,,,,,,,,,,,,,,,,,,,,,,,,,,,,,,,,,,,,,,,,,,,,,,,,,,,,,,,,,,,,,,2026-07-11 11:22:46.237,0,,
8749,63,61,10461,1,14,GARCIA MILLAN,GAZPACHO,GAZPACHO ANDALUZ GM 1L,CARO RUIZ,,,,,,,,,,NOT_COMPARABLE_MISSING_VALIDATION,1,1,0,,,,,,,,,,,,,,,,,,,,,,,,,,,,,,,,,,,,,,,,,,,,,,,,,,,,,,,,,,,,,,,,,,,,,,,,,,,,,,,,,,,,,,,,,,,,,,,,,,,,,,,,,,,,,,,,,,,,,,,,,,,,,,,,,,,,,,,,,,,,,,,,,,,,,,,,,,,,,,,,,,,,,,,,,,,,,,,,,,,,,,,,,,,,,,,,,,,,,,,,,,,,,,,,2026-07-11 11:22:46.237,0,,
8750,63,61,10461,1,15,GARCIA MILLAN,GAZPACHO,GAZPACHO ANDALUZ GM 1L,CARREFOUR,,,,,,,,,,NOT_COMPARABLE_MISSING_VALIDATION,1,1,0,,,,,,,,,,,,,,,,,,,,,,,,,,,,,,,,,,,,,,,,,,,,,,,,,,,,,,,,,,,,,,,,,,,,,,,,,,,,,,,,,,,,,,,,,,,,,,,,,,,,,,,,,,,,,,,,,,,,,,,,,,,,,,,,,,,,,,,,,,,,,,,,,,,,,,,,,,,,,,,,,,,,,,,,,,,,,,,,,,,,,,,,,,,,,,,,,,,,,,,,,,,,,,,,2026-07-11 11:22:46.237,0,,
8751,63,61,10461,1,16,GARCIA MILLAN,GAZPACHO,GAZPACHO ANDALUZ GM 1L,CARRION PARADAS,,,,,,,,,,NOT_COMPARABLE_MISSING_VALIDATION,1,1,0,,,,,,,,,,,,,,,,,,,,,,,,,,,,,,,,,,,,,,,,,,,,,,,,,,,,,,,,,,,,,,,,,,,,,,,,,,,,,,,,,,,,,,,,,,,,,,,,,,,,,,,,,,,,,,,,,,,,,,,,,,,,,,,,,,,,,,,,,,,,,,,,,,,,,,,,,,,,,,,,,,,,,,,,,,,,,,,,,,,,,,,,,,,,,,,,,,,,,,,,,,,,,,,,2026-07-11 11:22:46.237,0,,
8752,63,61,10461,1,17,GARCIA MILLAN,GAZPACHO,GAZPACHO ANDALUZ GM 1L,CASH BAREA,,,,,,,,,,NOT_COMPARABLE_MISSING_VALIDATION,1,1,0,,,,,,,,,,,,,,,,,,,,,,,,,,,,,,,,,,,,,,,,,,,,,,,,,,,,,,,,,,,,,,,,,,,,,,,,,,,,,,,,,,,,,,,,,,,,,,,,,,,,,,,,,,,,,,,,,,,,,,,,,,,,,,,,,,,,,,,,,,,,,,,,,,,,,,,,,,,,,,,,,,,,,,,,,,,,,,,,,,,,,,,,,,,,,,,,,,,,,,,,,,,,,,,,2026-07-11 11:22:46.237,0,,
8753,63,61,10461,1,18,GARCIA MILLAN,GAZPACHO,GAZPACHO ANDALUZ GM 1L,CATERING DOMENICO,,,,,,,,,,NOT_COMPARABLE_MISSING_VALIDATION,1,1,0,,,,,,,,,,,,,,,,,,,,,,,,,,,,,,,,,,,,,,,,,,,,,,,,,,,,,,,,,,,,,,,,,,,,,,,,,,,,,,,,,,,,,,,,,,,,,,,,,,,,,,,,,,,,,,,,,,,,,,,,,,,,,,,,,,,,,,,,,,,,,,,,,,,,,,,,,,,,,,,,,,,,,,,,,,,,,,,,,,,,,,,,,,,,,,,,,,,,,,,,,,,,,,,,2026-07-11 11:22:46.237,0,,NoForecastRowsMaterialized
8754,63,61,10461,1,19,GARCIA MILLAN,GAZPACHO,GAZPACHO ANDALUZ GM 1L,CHAPELA LEON,,,,,,,,,,NOT_COMPARABLE_MISSING_VALIDATION,1,1,0,,,,,,,,,,,,,,,,,,,,,,,,,,,,,,,,,,,,,,,,,,,,,,,,,,,,,,,,,,,,,,,,,,,,,,,,,,,,,,,,,,,,,,,,,,,,,,,,,,,,,,,,,,,,,,,,,,,,,,,,,,,,,,,,,,,,,,,,,,,,,,,,,,,,,,,,,,,,,,,,,,,,,,,,,,,,,,,,,,,,,,,,,,,,,,,,,,,,,,,,,,,,,,,,2026-07-11 11:22:46.237,0,,
8755,63,61,10461,1,20,GARCIA MILLAN,GAZPACHO,GAZPACHO ANDALUZ GM 1L,COFRUMA,,,,,,,,,,NOT_COMPARABLE_MISSING_VALIDATION,1,0,0,,,,,,,,,,,,,,,,,,,,,,,,,,,,,,,,,,,,,,,,,,,,,,,,,,,,,,,,,,,,,,,,,,,,,,,,,,,,,,,,,,,,,,,,,,,,,,,,,,,,,,,,,,,,,,,,,,,,,,,,,,,,,,,,,,,,,,,,,,,,,,,,,,,,,,,,,,,,,,,,,,,,,,,,,,,,,,,,,,,,,,,,,,,,,,,,,,,,,,,,,,,,,,,,2026-07-11 11:22:46.237,0,,NoForecastRowsMaterialized
8756,63,61,10461,1,21,GARCIA MILLAN,GAZPACHO,GAZPACHO ANDALUZ GM 1L,COMERBAL,,,,,,,,,,NOT_COMPARABLE_MISSING_VALIDATION,1,1,0,,,,,,,,,,,,,,,,,,,,,,,,,,,,,,,,,,,,,,,,,,,,,,,,,,,,,,,,,,,,,,,,,,,,,,,,,,,,,,,,,,,,,,,,,,,,,,,,,,,,,,,,,,,,,,,,,,,,,,,,,,,,,,,,,,,,,,,,,,,,,,,,,,,,,,,,,,,,,,,,,,,,,,,,,,,,,,,,,,,,,,,,,,,,,,,,,,,,,,,,,,,,,,,,2026-07-11 11:22:46.237,0,,
8757,63,61,10461,1,22,GARCIA MILLAN,GAZPACHO,GAZPACHO ANDALUZ GM 1L,COMERCIAL PIEDRA TRUJILLO,,,,,,,,,,NOT_COMPARABLE_MISSING_VALIDATION,1,1,0,,,,,,,,,,,,,,,,,,,,,,,,,,,,,,,,,,,,,,,,,,,,,,,,,,,,,,,,,,,,,,,,,,,,,,,,,,,,,,,,,,,,,,,,,,,,,,,,,,,,,,,,,,,,,,,,,,,,,,,,,,,,,,,,,,,,,,,,,,,,,,,,,,,,,,,,,,,,,,,,,,,,,,,,,,,,,,,,,,,,,,,,,,,,,,,,,,,,,,,,,,,,,,,,2026-07-11 11:22:46.237,0,,
8758,63,61,10461,1,23,GARCIA MILLAN,GAZPACHO,GAZPACHO ANDALUZ GM 1L,CONDIS,,,,,,,,,,NOT_COMPARABLE_MISSING_VALIDATION,1,1,0,,,,,,,,,,,,,,,,,,,,,,,,,,,,,,,,,,,,,,,,,,,,,,,,,,,,,,,,,,,,,,,,,,,,,,,,,,,,,,,,,,,,,,,,,,,,,,,,,,,,,,,,,,,,,,,,,,,,,,,,,,,,,,,,,,,,,,,,,,,,,,,,,,,,,,,,,,,,,,,,,,,,,,,,,,,,,,,,,,,,,,,,,,,,,,,,,,,,,,,,,,,,,,,,2026-07-11 11:22:46.237,0,,
8759,63,61,10461,1,24,GARCIA MILLAN,GAZPACHO,GAZPACHO ANDALUZ GM 1L,CONSUM,,,,,,,,,,NOT_COMPARABLE_MISSING_VALIDATION,1,1,0,,,,,,,,,,,,,,,,,,,,,,,,,,,,,,,,,,,,,,,,,,,,,,,,,,,,,,,,,,,,,,,,,,,,,,,,,,,,,,,,,,,,,,,,,,,,,,,,,,,,,,,,,,,,,,,,,,,,,,,,,,,,,,,,,,,,,,,,,,,,,,,,,,,,,,,,,,,,,,,,,,,,,,,,,,,,,,,,,,,,,,,,,,,,,,,,,,,,,,,,,,,,,,,,2026-07-11 11:22:46.237,0,,
8760,63,61,10461,1,25,GARCIA MILLAN,GAZPACHO,GAZPACHO ANDALUZ GM 1L,COVIRAN,,,,,,,,,,NOT_COMPARABLE_MISSING_VALIDATION,1,1,0,,,,,,,,,,,,,,,,,,,,,,,,,,,,,,,,,,,,,,,,,,,,,,,,,,,,,,,,,,,,,,,,,,,,,,,,,,,,,,,,,,,,,,,,,,,,,,,,,,,,,,,,,,,,,,,,,,,,,,,,,,,,,,,,,,,,,,,,,,,,,,,,,,,,,,,,,,,,,,,,,,,,,,,,,,,,,,,,,,,,,,,,,,,,,,,,,,,,,,,,,,,,,,,,2026-07-11 11:22:46.237,0,,
8761,63,61,10461,1,26,GARCIA MILLAN,GAZPACHO,GAZPACHO ANDALUZ GM 1L,DIA,,,,,,,,,,NOT_COMPARABLE_MISSING_VALIDATION,1,1,0,,,,,,,,,,,,,,,,,,,,,,,,,,,,,,,,,,,,,,,,,,,,,,,,,,,,,,,,,,,,,,,,,,,,,,,,,,,,,,,,,,,,,,,,,,,,,,,,,,,,,,,,,,,,,,,,,,,,,,,,,,,,,,,,,,,,,,,,,,,,,,,,,,,,,,,,,,,,,,,,,,,,,,,,,,,,,,,,,,,,,,,,,,,,,,,,,,,,,,,,,,,,,,,,2026-07-11 11:22:46.237,0,,
8762,63,61,10461,1,27,GARCIA MILLAN,GAZPACHO,GAZPACHO ANDALUZ GM 1L,DINOSOL,,,,,,,,,,NOT_COMPARABLE_MISSING_VALIDATION,1,1,0,,,,,,,,,,,,,,,,,,,,,,,,,,,,,,,,,,,,,,,,,,,,,,,,,,,,,,,,,,,,,,,,,,,,,,,,,,,,,,,,,,,,,,,,,,,,,,,,,,,,,,,,,,,,,,,,,,,,,,,,,,,,,,,,,,,,,,,,,,,,,,,,,,,,,,,,,,,,,,,,,,,,,,,,,,,,,,,,,,,,,,,,,,,,,,,,,,,,,,,,,,,,,,,,2026-07-11 11:22:46.237,0,,
8763,63,61,10461,1,28,GARCIA MILLAN,GAZPACHO,GAZPACHO ANDALUZ GM 1L,DISTRIBUCIONES CARDOSO,,,,,,,,,,NOT_COMPARABLE_MISSING_VALIDATION,1,1,0,,,,,,,,,,,,,,,,,,,,,,,,,,,,,,,,,,,,,,,,,,,,,,,,,,,,,,,,,,,,,,,,,,,,,,,,,,,,,,,,,,,,,,,,,,,,,,,,,,,,,,,,,,,,,,,,,,,,,,,,,,,,,,,,,,,,,,,,,,,,,,,,,,,,,,,,,,,,,,,,,,,,,,,,,,,,,,,,,,,,,,,,,,,,,,,,,,,,,,,,,,,,,,,,2026-07-11 11:22:46.237,0,,
8764,63,61,10461,1,29,GARCIA MILLAN,GAZPACHO,GAZPACHO ANDALUZ GM 1L,DISTRIBUCIONES FROIZ,,,,,,,,,,NOT_COMPARABLE_MISSING_VALIDATION,1,1,0,,,,,,,,,,,,,,,,,,,,,,,,,,,,,,,,,,,,,,,,,,,,,,,,,,,,,,,,,,,,,,,,,,,,,,,,,,,,,,,,,,,,,,,,,,,,,,,,,,,,,,,,,,,,,,,,,,,,,,,,,,,,,,,,,,,,,,,,,,,,,,,,,,,,,,,,,,,,,,,,,,,,,,,,,,,,,,,,,,,,,,,,,,,,,,,,,,,,,,,,,,,,,,,,2026-07-11 11:22:46.237,0,,
8765,63,61,10461,1,30,GARCIA MILLAN,GAZPACHO,GAZPACHO ANDALUZ GM 1L,DISTRIBUCIONES JTT,,,,,,,,,,NOT_COMPARABLE_MISSING_VALIDATION,1,1,0,,,,,,,,,,,,,,,,,,,,,,,,,,,,,,,,,,,,,,,,,,,,,,,,,,,,,,,,,,,,,,,,,,,,,,,,,,,,,,,,,,,,,,,,,,,,,,,,,,,,,,,,,,,,,,,,,,,,,,,,,,,,,,,,,,,,,,,,,,,,,,,,,,,,,,,,,,,,,,,,,,,,,,,,,,,,,,,,,,,,,,,,,,,,,,,,,,,,,,,,,,,,,,,,2026-07-11 11:22:46.237,0,,
8766,63,61,10461,1,31,GARCIA MILLAN,GAZPACHO,GAZPACHO ANDALUZ GM 1L,DISTRIBUCIONES LOTESA,,,,,,,,,,NOT_COMPARABLE_MISSING_VALIDATION,1,1,0,,,,,,,,,,,,,,,,,,,,,,,,,,,,,,,,,,,,,,,,,,,,,,,,,,,,,,,,,,,,,,,,,,,,,,,,,,,,,,,,,,,,,,,,,,,,,,,,,,,,,,,,,,,,,,,,,,,,,,,,,,,,,,,,,,,,,,,,,,,,,,,,,,,,,,,,,,,,,,,,,,,,,,,,,,,,,,,,,,,,,,,,,,,,,,,,,,,,,,,,,,,,,,,,2026-07-11 11:22:46.237,0,,NoForecastRowsMaterialized
8767,63,61,10461,1,32,GARCIA MILLAN,GAZPACHO,GAZPACHO ANDALUZ GM 1L,DONACIONES,,,,,,,,,,NOT_COMPARABLE_MISSING_VALIDATION,1,1,0,,,,,,,,,,,,,,,,,,,,,,,,,,,,,,,,,,,,,,,,,,,,,,,,,,,,,,,,,,,,,,,,,,,,,,,,,,,,,,,,,,,,,,,,,,,,,,,,,,,,,,,,,,,,,,,,,,,,,,,,,,,,,,,,,,,,,,,,,,,,,,,,,,,,,,,,,,,,,,,,,,,,,,,,,,,,,,,,,,,,,,,,,,,,,,,,,,,,,,,,,,,,,,,,2026-07-11 11:22:46.237,0,,
8768,63,61,10461,1,33,GARCIA MILLAN,GAZPACHO,GAZPACHO ANDALUZ GM 1L,DRINKS SOL,,,,,,,,,,NOT_COMPARABLE_MISSING_VALIDATION,1,0,0,,,,,,,,,,,,,,,,,,,,,,,,,,,,,,,,,,,,,,,,,,,,,,,,,,,,,,,,,,,,,,,,,,,,,,,,,,,,,,,,,,,,,,,,,,,,,,,,,,,,,,,,,,,,,,,,,,,,,,,,,,,,,,,,,,,,,,,,,,,,,,,,,,,,,,,,,,,,,,,,,,,,,,,,,,,,,,,,,,,,,,,,,,,,,,,,,,,,,,,,,,,,,,,,2026-07-11 11:22:46.237,0,,NoForecastRowsMaterialized
8769,63,61,10461,1,34,GARCIA MILLAN,GAZPACHO,GAZPACHO ANDALUZ GM 1L,ECOMORA,,,,,,,,,,NOT_COMPARABLE_MISSING_VALIDATION,1,1,0,,,,,,,,,,,,,,,,,,,,,,,,,,,,,,,,,,,,,,,,,,,,,,,,,,,,,,,,,,,,,,,,,,,,,,,,,,,,,,,,,,,,,,,,,,,,,,,,,,,,,,,,,,,,,,,,,,,,,,,,,,,,,,,,,,,,,,,,,,,,,,,,,,,,,,,,,,,,,,,,,,,,,,,,,,,,,,,,,,,,,,,,,,,,,,,,,,,,,,,,,,,,,,,,2026-07-11 11:22:46.237,0,,
8770,63,61,10461,1,35,GARCIA MILLAN,GAZPACHO,GAZPACHO ANDALUZ GM 1L,EL CASERIO DE AGUADULCE,,,,,,,,,,NOT_COMPARABLE_MISSING_VALIDATION,1,0,0,,,,,,,,,,,,,,,,,,,,,,,,,,,,,,,,,,,,,,,,,,,,,,,,,,,,,,,,,,,,,,,,,,,,,,,,,,,,,,,,,,,,,,,,,,,,,,,,,,,,,,,,,,,,,,,,,,,,,,,,,,,,,,,,,,,,,,,,,,,,,,,,,,,,,,,,,,,,,,,,,,,,,,,,,,,,,,,,,,,,,,,,,,,,,,,,,,,,,,,,,,,,,,,,2026-07-11 11:22:46.237,0,,NoForecastRowsMaterialized
8771,63,61,10461,1,36,GARCIA MILLAN,GAZPACHO,GAZPACHO ANDALUZ GM 1L,EL CORTE INGLES,,,,,,,,,,NOT_COMPARABLE_MISSING_VALIDATION,1,1,0,,,,,,,,,,,,,,,,,,,,,,,,,,,,,,,,,,,,,,,,,,,,,,,,,,,,,,,,,,,,,,,,,,,,,,,,,,,,,,,,,,,,,,,,,,,,,,,,,,,,,,,,,,,,,,,,,,,,,,,,,,,,,,,,,,,,,,,,,,,,,,,,,,,,,,,,,,,,,,,,,,,,,,,,,,,,,,,,,,,,,,,,,,,,,,,,,,,,,,,,,,,,,,,,2026-07-11 11:22:46.237,0,,
8772,63,61,10461,1,37,GARCIA MILLAN,GAZPACHO,GAZPACHO ANDALUZ GM 1L,ESTABLECIMIENTOS PLAZA,,,,,,,,,,NOT_COMPARABLE_MISSING_VALIDATION,1,1,0,,,,,,,,,,,,,,,,,,,,,,,,,,,,,,,,,,,,,,,,,,,,,,,,,,,,,,,,,,,,,,,,,,,,,,,,,,,,,,,,,,,,,,,,,,,,,,,,,,,,,,,,,,,,,,,,,,,,,,,,,,,,,,,,,,,,,,,,,,,,,,,,,,,,,,,,,,,,,,,,,,,,,,,,,,,,,,,,,,,,,,,,,,,,,,,,,,,,,,,,,,,,,,,,2026-07-11 11:22:46.237,0,,
8773,63,61,10461,1,38,GARCIA MILLAN,GAZPACHO,GAZPACHO ANDALUZ GM 1L,EXCLUSIVAS SEYGO,,,,,,,,,,NOT_COMPARABLE_MISSING_VALIDATION,1,1,0,,,,,,,,,,,,,,,,,,,,,,,,,,,,,,,,,,,,,,,,,,,,,,,,,,,,,,,,,,,,,,,,,,,,,,,,,,,,,,,,,,,,,,,,,,,,,,,,,,,,,,,,,,,,,,,,,,,,,,,,,,,,,,,,,,,,,,,,,,,,,,,,,,,,,,,,,,,,,,,,,,,,,,,,,,,,,,,,,,,,,,,,,,,,,,,,,,,,,,,,,,,,,,,,2026-07-11 11:22:46.237,0,,
8774,63,61,10461,1,39,GARCIA MILLAN,GAZPACHO,GAZPACHO ANDALUZ GM 1L,FACSA,,,,,,,,,,NOT_COMPARABLE_MISSING_VALIDATION,1,1,0,,,,,,,,,,,,,,,,,,,,,,,,,,,,,,,,,,,,,,,,,,,,,,,,,,,,,,,,,,,,,,,,,,,,,,,,,,,,,,,,,,,,,,,,,,,,,,,,,,,,,,,,,,,,,,,,,,,,,,,,,,,,,,,,,,,,,,,,,,,,,,,,,,,,,,,,,,,,,,,,,,,,,,,,,,,,,,,,,,,,,,,,,,,,,,,,,,,,,,,,,,,,,,,,2026-07-11 11:22:46.237,0,,NoForecastRowsMaterialized
8775,63,61,10461,1,40,GARCIA MILLAN,GAZPACHO,GAZPACHO ANDALUZ GM 1L,FAMILY CASH,,,,,,,,,,NOT_COMPARABLE_MISSING_VALIDATION,1,1,0,,,,,,,,,,,,,,,,,,,,,,,,,,,,,,,,,,,,,,,,,,,,,,,,,,,,,,,,,,,,,,,,,,,,,,,,,,,,,,,,,,,,,,,,,,,,,,,,,,,,,,,,,,,,,,,,,,,,,,,,,,,,,,,,,,,,,,,,,,,,,,,,,,,,,,,,,,,,,,,,,,,,,,,,,,,,,,,,,,,,,,,,,,,,,,,,,,,,,,,,,,,,,,,,2026-07-11 11:22:46.237,0,,NoForecastRowsMaterialized
8776,63,61,10461,1,41,GARCIA MILLAN,GAZPACHO,GAZPACHO ANDALUZ GM 1L,FECAC,,,,,,,,,,NOT_COMPARABLE_MISSING_VALIDATION,1,1,0,,,,,,,,,,,,,,,,,,,,,,,,,,,,,,,,,,,,,,,,,,,,,,,,,,,,,,,,,,,,,,,,,,,,,,,,,,,,,,,,,,,,,,,,,,,,,,,,,,,,,,,,,,,,,,,,,,,,,,,,,,,,,,,,,,,,,,,,,,,,,,,,,,,,,,,,,,,,,,,,,,,,,,,,,,,,,,,,,,,,,,,,,,,,,,,,,,,,,,,,,,,,,,,,2026-07-11 11:22:46.237,0,,
8777,63,61,10461,1,42,GARCIA MILLAN,GAZPACHO,GAZPACHO ANDALUZ GM 1L,FORNES,,,,,,,,,,NOT_COMPARABLE_MISSING_VALIDATION,1,1,0,,,,,,,,,,,,,,,,,,,,,,,,,,,,,,,,,,,,,,,,,,,,,,,,,,,,,,,,,,,,,,,,,,,,,,,,,,,,,,,,,,,,,,,,,,,,,,,,,,,,,,,,,,,,,,,,,,,,,,,,,,,,,,,,,,,,,,,,,,,,,,,,,,,,,,,,,,,,,,,,,,,,,,,,,,,,,,,,,,,,,,,,,,,,,,,,,,,,,,,,,,,,,,,,2026-07-11 11:22:46.237,0,,
8778,63,61,10461,1,43,GARCIA MILLAN,GAZPACHO,GAZPACHO ANDALUZ GM 1L,FRANCO-MOR,,,,,,,,,,NOT_COMPARABLE_MISSING_VALIDATION,1,0,0,,,,,,,,,,,,,,,,,,,,,,,,,,,,,,,,,,,,,,,,,,,,,,,,,,,,,,,,,,,,,,,,,,,,,,,,,,,,,,,,,,,,,,,,,,,,,,,,,,,,,,,,,,,,,,,,,,,,,,,,,,,,,,,,,,,,,,,,,,,,,,,,,,,,,,,,,,,,,,,,,,,,,,,,,,,,,,,,,,,,,,,,,,,,,,,,,,,,,,,,,,,,,,,,2026-07-11 11:22:46.237,0,,NoForecastRowsMaterialized
8779,63,61,10461,1,44,GARCIA MILLAN,GAZPACHO,GAZPACHO ANDALUZ GM 1L,FRUFOR,,,,,,,,,,NOT_COMPARABLE_MISSING_VALIDATION,1,0,0,,,,,,,,,,,,,,,,,,,,,,,,,,,,,,,,,,,,,,,,,,,,,,,,,,,,,,,,,,,,,,,,,,,,,,,,,,,,,,,,,,,,,,,,,,,,,,,,,,,,,,,,,,,,,,,,,,,,,,,,,,,,,,,,,,,,,,,,,,,,,,,,,,,,,,,,,,,,,,,,,,,,,,,,,,,,,,,,,,,,,,,,,,,,,,,,,,,,,,,,,,,,,,,,2026-07-11 11:22:46.237,0,,NoForecastRowsMaterialized
8780,63,61,10461,1,45,GARCIA MILLAN,GAZPACHO,GAZPACHO ANDALUZ GM 1L,FRUTAS MORA ESPARTINAS,,,,,,,,,,NOT_COMPARABLE_MISSING_VALIDATION,1,0,0,,,,,,,,,,,,,,,,,,,,,,,,,,,,,,,,,,,,,,,,,,,,,,,,,,,,,,,,,,,,,,,,,,,,,,,,,,,,,,,,,,,,,,,,,,,,,,,,,,,,,,,,,,,,,,,,,,,,,,,,,,,,,,,,,,,,,,,,,,,,,,,,,,,,,,,,,,,,,,,,,,,,,,,,,,,,,,,,,,,,,,,,,,,,,,,,,,,,,,,,,,,,,,,,2026-07-11 11:22:46.237,0,,NoForecastRowsMaterialized
8781,63,61,10461,1,46,GARCIA MILLAN,GAZPACHO,GAZPACHO ANDALUZ GM 1L,FRUTAS MORA QUALITY,,,,,,,,,,NOT_COMPARABLE_MISSING_VALIDATION,1,1,0,,,,,,,,,,,,,,,,,,,,,,,,,,,,,,,,,,,,,,,,,,,,,,,,,,,,,,,,,,,,,,,,,,,,,,,,,,,,,,,,,,,,,,,,,,,,,,,,,,,,,,,,,,,,,,,,,,,,,,,,,,,,,,,,,,,,,,,,,,,,,,,,,,,,,,,,,,,,,,,,,,,,,,,,,,,,,,,,,,,,,,,,,,,,,,,,,,,,,,,,,,,,,,,,2026-07-11 11:22:46.237,0,,
8782,63,61,10461,1,47,GARCIA MILLAN,GAZPACHO,GAZPACHO ANDALUZ GM 1L,FRUTERIA LOS MANANTIALES,,,,,,,,,,NOT_COMPARABLE_MISSING_VALIDATION,1,0,0,,,,,,,,,,,,,,,,,,,,,,,,,,,,,,,,,,,,,,,,,,,,,,,,,,,,,,,,,,,,,,,,,,,,,,,,,,,,,,,,,,,,,,,,,,,,,,,,,,,,,,,,,,,,,,,,,,,,,,,,,,,,,,,,,,,,,,,,,,,,,,,,,,,,,,,,,,,,,,,,,,,,,,,,,,,,,,,,,,,,,,,,,,,,,,,,,,,,,,,,,,,,,,,,2026-07-11 11:22:46.237,0,,NoForecastRowsMaterialized
8783,63,61,10461,1,48,GARCIA MILLAN,GAZPACHO,GAZPACHO ANDALUZ GM 1L,GARIZUR,,,,,,,,,,NOT_COMPARABLE_MISSING_VALIDATION,1,1,0,,,,,,,,,,,,,,,,,,,,,,,,,,,,,,,,,,,,,,,,,,,,,,,,,,,,,,,,,,,,,,,,,,,,,,,,,,,,,,,,,,,,,,,,,,,,,,,,,,,,,,,,,,,,,,,,,,,,,,,,,,,,,,,,,,,,,,,,,,,,,,,,,,,,,,,,,,,,,,,,,,,,,,,,,,,,,,,,,,,,,,,,,,,,,,,,,,,,,,,,,,,,,,,,2026-07-11 11:22:46.237,0,,
8784,63,61,10461,1,49,GARCIA MILLAN,GAZPACHO,GAZPACHO ANDALUZ GM 1L,GRUPO AUCHAN,,,,,,,,,,NOT_COMPARABLE_MISSING_VALIDATION,1,1,0,,,,,,,,,,,,,,,,,,,,,,,,,,,,,,,,,,,,,,,,,,,,,,,,,,,,,,,,,,,,,,,,,,,,,,,,,,,,,,,,,,,,,,,,,,,,,,,,,,,,,,,,,,,,,,,,,,,,,,,,,,,,,,,,,,,,,,,,,,,,,,,,,,,,,,,,,,,,,,,,,,,,,,,,,,,,,,,,,,,,,,,,,,,,,,,,,,,,,,,,,,,,,,,,2026-07-11 11:22:46.237,0,,
8785,63,61,10461,1,50,GARCIA MILLAN,GAZPACHO,GAZPACHO ANDALUZ GM 1L,GRUPO EL JAMON,,,,,,,,,,NOT_COMPARABLE_MISSING_VALIDATION,1,1,0,,,,,,,,,,,,,,,,,,,,,,,,,,,,,,,,,,,,,,,,,,,,,,,,,,,,,,,,,,,,,,,,,,,,,,,,,,,,,,,,,,,,,,,,,,,,,,,,,,,,,,,,,,,,,,,,,,,,,,,,,,,,,,,,,,,,,,,,,,,,,,,,,,,,,,,,,,,,,,,,,,,,,,,,,,,,,,,,,,,,,,,,,,,,,,,,,,,,,,,,,,,,,,,,2026-07-11 11:22:46.237,0,,
8786,63,61,10461,1,51,GARCIA MILLAN,GAZPACHO,GAZPACHO ANDALUZ GM 1L,GRUPO EROSKI,,,,,,,,,,NOT_COMPARABLE_MISSING_VALIDATION,1,1,0,,,,,,,,,,,,,,,,,,,,,,,,,,,,,,,,,,,,,,,,,,,,,,,,,,,,,,,,,,,,,,,,,,,,,,,,,,,,,,,,,,,,,,,,,,,,,,,,,,,,,,,,,,,,,,,,,,,,,,,,,,,,,,,,,,,,,,,,,,,,,,,,,,,,,,,,,,,,,,,,,,,,,,,,,,,,,,,,,,,,,,,,,,,,,,,,,,,,,,,,,,,,,,,,2026-07-11 11:22:46.237,0,,NoForecastRowsMaterialized
8787,63,61,10461,1,52,GARCIA MILLAN,GAZPACHO,GAZPACHO ANDALUZ GM 1L,GRUPO FRUSUR,,,,,,,,,,NOT_COMPARABLE_MISSING_VALIDATION,1,0,0,,,,,,,,,,,,,,,,,,,,,,,,,,,,,,,,,,,,,,,,,,,,,,,,,,,,,,,,,,,,,,,,,,,,,,,,,,,,,,,,,,,,,,,,,,,,,,,,,,,,,,,,,,,,,,,,,,,,,,,,,,,,,,,,,,,,,,,,,,,,,,,,,,,,,,,,,,,,,,,,,,,,,,,,,,,,,,,,,,,,,,,,,,,,,,,,,,,,,,,,,,,,,,,,2026-07-11 11:22:46.237,0,,NoForecastRowsMaterialized
8788,63,61,10461,1,53,GARCIA MILLAN,GAZPACHO,GAZPACHO ANDALUZ GM 1L,GSG BUSSINES,,,,,,,,,,NOT_COMPARABLE_MISSING_VALIDATION,1,1,0,,,,,,,,,,,,,,,,,,,,,,,,,,,,,,,,,,,,,,,,,,,,,,,,,,,,,,,,,,,,,,,,,,,,,,,,,,,,,,,,,,,,,,,,,,,,,,,,,,,,,,,,,,,,,,,,,,,,,,,,,,,,,,,,,,,,,,,,,,,,,,,,,,,,,,,,,,,,,,,,,,,,,,,,,,,,,,,,,,,,,,,,,,,,,,,,,,,,,,,,,,,,,,,,2026-07-11 11:22:46.237,0,,
8789,63,61,10461,1,54,GARCIA MILLAN,GAZPACHO,GAZPACHO ANDALUZ GM 1L,HERMANOS AYALA,,,,,,,,,,NOT_COMPARABLE_MISSING_VALIDATION,1,1,0,,,,,,,,,,,,,,,,,,,,,,,,,,,,,,,,,,,,,,,,,,,,,,,,,,,,,,,,,,,,,,,,,,,,,,,,,,,,,,,,,,,,,,,,,,,,,,,,,,,,,,,,,,,,,,,,,,,,,,,,,,,,,,,,,,,,,,,,,,,,,,,,,,,,,,,,,,,,,,,,,,,,,,,,,,,,,,,,,,,,,,,,,,,,,,,,,,,,,,,,,,,,,,,,2026-07-11 11:22:46.237,0,,NoForecastRowsMaterialized
8790,63,61,10461,1,55,GARCIA MILLAN,GAZPACHO,GAZPACHO ANDALUZ GM 1L,HERMANOS MARTIN,,,,,,,,,,NOT_COMPARABLE_MISSING_VALIDATION,1,1,0,,,,,,,,,,,,,,,,,,,,,,,,,,,,,,,,,,,,,,,,,,,,,,,,,,,,,,,,,,,,,,,,,,,,,,,,,,,,,,,,,,,,,,,,,,,,,,,,,,,,,,,,,,,,,,,,,,,,,,,,,,,,,,,,,,,,,,,,,,,,,,,,,,,,,,,,,,,,,,,,,,,,,,,,,,,,,,,,,,,,,,,,,,,,,,,,,,,,,,,,,,,,,,,,2026-07-11 11:22:46.237,0,,
8791,63,61,10461,1,56,GARCIA MILLAN,GAZPACHO,GAZPACHO ANDALUZ GM 1L,HIPER TAMBO,,,,,,,,,,NOT_COMPARABLE_MISSING_VALIDATION,1,0,0,,,,,,,,,,,,,,,,,,,,,,,,,,,,,,,,,,,,,,,,,,,,,,,,,,,,,,,,,,,,,,,,,,,,,,,,,,,,,,,,,,,,,,,,,,,,,,,,,,,,,,,,,,,,,,,,,,,,,,,,,,,,,,,,,,,,,,,,,,,,,,,,,,,,,,,,,,,,,,,,,,,,,,,,,,,,,,,,,,,,,,,,,,,,,,,,,,,,,,,,,,,,,,,,2026-07-11 11:22:46.237,0,,NoForecastRowsMaterialized
8792,63,61,10461,1,57,GARCIA MILLAN,GAZPACHO,GAZPACHO ANDALUZ GM 1L,HIPER USERA,,,,,,,,,,NOT_COMPARABLE_MISSING_VALIDATION,1,1,0,,,,,,,,,,,,,,,,,,,,,,,,,,,,,,,,,,,,,,,,,,,,,,,,,,,,,,,,,,,,,,,,,,,,,,,,,,,,,,,,,,,,,,,,,,,,,,,,,,,,,,,,,,,,,,,,,,,,,,,,,,,,,,,,,,,,,,,,,,,,,,,,,,,,,,,,,,,,,,,,,,,,,,,,,,,,,,,,,,,,,,,,,,,,,,,,,,,,,,,,,,,,,,,,2026-07-11 11:22:46.237,0,,
8793,63,61,10461,1,58,GARCIA MILLAN,GAZPACHO,GAZPACHO ANDALUZ GM 1L,HIPERBER,,,,,,,,,,NOT_COMPARABLE_MISSING_VALIDATION,1,1,0,,,,,,,,,,,,,,,,,,,,,,,,,,,,,,,,,,,,,,,,,,,,,,,,,,,,,,,,,,,,,,,,,,,,,,,,,,,,,,,,,,,,,,,,,,,,,,,,,,,,,,,,,,,,,,,,,,,,,,,,,,,,,,,,,,,,,,,,,,,,,,,,,,,,,,,,,,,,,,,,,,,,,,,,,,,,,,,,,,,,,,,,,,,,,,,,,,,,,,,,,,,,,,,,2026-07-11 11:22:46.237,0,,
8794,63,61,10461,1,59,GARCIA MILLAN,GAZPACHO,GAZPACHO ANDALUZ GM 1L,INICIATIVAS SEDOX,,,,,,,,,,NOT_COMPARABLE_MISSING_VALIDATION,1,0,0,,,,,,,,,,,,,,,,,,,,,,,,,,,,,,,,,,,,,,,,,,,,,,,,,,,,,,,,,,,,,,,,,,,,,,,,,,,,,,,,,,,,,,,,,,,,,,,,,,,,,,,,,,,,,,,,,,,,,,,,,,,,,,,,,,,,,,,,,,,,,,,,,,,,,,,,,,,,,,,,,,,,,,,,,,,,,,,,,,,,,,,,,,,,,,,,,,,,,,,,,,,,,,,,2026-07-11 11:22:46.237,0,,NoForecastRowsMaterialized
8795,63,61,10461,1,60,GARCIA MILLAN,GAZPACHO,GAZPACHO ANDALUZ GM 1L,JOAQUIN TARDIO,,,,,,,,,,NOT_COMPARABLE_MISSING_VALIDATION,1,1,0,,,,,,,,,,,,,,,,,,,,,,,,,,,,,,,,,,,,,,,,,,,,,,,,,,,,,,,,,,,,,,,,,,,,,,,,,,,,,,,,,,,,,,,,,,,,,,,,,,,,,,,,,,,,,,,,,,,,,,,,,,,,,,,,,,,,,,,,,,,,,,,,,,,,,,,,,,,,,,,,,,,,,,,,,,,,,,,,,,,,,,,,,,,,,,,,,,,,,,,,,,,,,,,,2026-07-11 11:22:46.237,0,,
8796,63,61,10461,1,61,GARCIA MILLAN,GAZPACHO,GAZPACHO ANDALUZ GM 1L,JURADO GOURMET,,,,,,,,,,NOT_COMPARABLE_MISSING_VALIDATION,1,1,0,,,,,,,,,,,,,,,,,,,,,,,,,,,,,,,,,,,,,,,,,,,,,,,,,,,,,,,,,,,,,,,,,,,,,,,,,,,,,,,,,,,,,,,,,,,,,,,,,,,,,,,,,,,,,,,,,,,,,,,,,,,,,,,,,,,,,,,,,,,,,,,,,,,,,,,,,,,,,,,,,,,,,,,,,,,,,,,,,,,,,,,,,,,,,,,,,,,,,,,,,,,,,,,,2026-07-11 11:22:46.237,0,,
8797,63,61,10461,1,62,GARCIA MILLAN,GAZPACHO,GAZPACHO ANDALUZ GM 1L,LACTEAS HISPALENSE,,,,,,,,,,NOT_COMPARABLE_MISSING_VALIDATION,1,0,0,,,,,,,,,,,,,,,,,,,,,,,,,,,,,,,,,,,,,,,,,,,,,,,,,,,,,,,,,,,,,,,,,,,,,,,,,,,,,,,,,,,,,,,,,,,,,,,,,,,,,,,,,,,,,,,,,,,,,,,,,,,,,,,,,,,,,,,,,,,,,,,,,,,,,,,,,,,,,,,,,,,,,,,,,,,,,,,,,,,,,,,,,,,,,,,,,,,,,,,,,,,,,,,,2026-07-11 11:22:46.237,0,,NoForecastRowsMaterialized
8798,63,61,10461,1,63,GARCIA MILLAN,GAZPACHO,GAZPACHO ANDALUZ GM 1L,LIDL,,,,,,,,,,NOT_COMPARABLE_MISSING_VALIDATION,1,1,0,,,,,,,,,,,,,,,,,,,,,,,,,,,,,,,,,,,,,,,,,,,,,,,,,,,,,,,,,,,,,,,,,,,,,,,,,,,,,,,,,,,,,,,,,,,,,,,,,,,,,,,,,,,,,,,,,,,,,,,,,,,,,,,,,,,,,,,,,,,,,,,,,,,,,,,,,,,,,,,,,,,,,,,,,,,,,,,,,,,,,,,,,,,,,,,,,,,,,,,,,,,,,,,,2026-07-11 11:22:46.237,0,,
8799,63,61,10461,1,64,GARCIA MILLAN,GAZPACHO,GAZPACHO ANDALUZ GM 1L,LOSAN DISTRIBUCIONES,,,,,,,,,,NOT_COMPARABLE_MISSING_VALIDATION,1,1,0,,,,,,,,,,,,,,,,,,,,,,,,,,,,,,,,,,,,,,,,,,,,,,,,,,,,,,,,,,,,,,,,,,,,,,,,,,,,,,,,,,,,,,,,,,,,,,,,,,,,,,,,,,,,,,,,,,,,,,,,,,,,,,,,,,,,,,,,,,,,,,,,,,,,,,,,,,,,,,,,,,,,,,,,,,,,,,,,,,,,,,,,,,,,,,,,,,,,,,,,,,,,,,,,2026-07-11 11:22:46.237,0,,NoForecastRowsMaterialized
8800,63,61,10461,1,65,GARCIA MILLAN,GAZPACHO,GAZPACHO ANDALUZ GM 1L,LUIS PIÃ‘A,,,,,,,,,,NOT_COMPARABLE_MISSING_VALIDATION,1,1,0,,,,,,,,,,,,,,,,,,,,,,,,,,,,,,,,,,,,,,,,,,,,,,,,,,,,,,,,,,,,,,,,,,,,,,,,,,,,,,,,,,,,,,,,,,,,,,,,,,,,,,,,,,,,,,,,,,,,,,,,,,,,,,,,,,,,,,,,,,,,,,,,,,,,,,,,,,,,,,,,,,,,,,,,,,,,,,,,,,,,,,,,,,,,,,,,,,,,,,,,,,,,,,,,2026-07-11 11:22:46.237,0,,
8801,63,61,10461,1,66,GARCIA MILLAN,GAZPACHO,GAZPACHO ANDALUZ GM 1L,MARKETING,,,,,,,,,,NOT_COMPARABLE_MISSING_VALIDATION,1,1,0,,,,,,,,,,,,,,,,,,,,,,,,,,,,,,,,,,,,,,,,,,,,,,,,,,,,,,,,,,,,,,,,,,,,,,,,,,,,,,,,,,,,,,,,,,,,,,,,,,,,,,,,,,,,,,,,,,,,,,,,,,,,,,,,,,,,,,,,,,,,,,,,,,,,,,,,,,,,,,,,,,,,,,,,,,,,,,,,,,,,,,,,,,,,,,,,,,,,,,,,,,,,,,,,2026-07-11 11:22:46.237,0,,
8802,63,61,10461,1,67,GARCIA MILLAN,GAZPACHO,GAZPACHO ANDALUZ GM 1L,MASKOM,,,,,,,,,,NOT_COMPARABLE_MISSING_VALIDATION,1,1,0,,,,,,,,,,,,,,,,,,,,,,,,,,,,,,,,,,,,,,,,,,,,,,,,,,,,,,,,,,,,,,,,,,,,,,,,,,,,,,,,,,,,,,,,,,,,,,,,,,,,,,,,,,,,,,,,,,,,,,,,,,,,,,,,,,,,,,,,,,,,,,,,,,,,,,,,,,,,,,,,,,,,,,,,,,,,,,,,,,,,,,,,,,,,,,,,,,,,,,,,,,,,,,,,2026-07-11 11:22:46.237,0,,
8803,63,61,10461,1,68,GARCIA MILLAN,GAZPACHO,GAZPACHO ANDALUZ GM 1L,MERCADONA,,,,,,,,,,NOT_COMPARABLE_MISSING_VALIDATION,1,1,0,,,,,,,,,,,,,,,,,,,,,,,,,,,,,,,,,,,,,,,,,,,,,,,,,,,,,,,,,,,,,,,,,,,,,,,,,,,,,,,,,,,,,,,,,,,,,,,,,,,,,,,,,,,,,,,,,,,,,,,,,,,,,,,,,,,,,,,,,,,,,,,,,,,,,,,,,,,,,,,,,,,,,,,,,,,,,,,,,,,,,,,,,,,,,,,,,,,,,,,,,,,,,,,,2026-07-11 11:22:46.237,0,,
8804,63,61,10461,1,69,GARCIA MILLAN,GAZPACHO,GAZPACHO ANDALUZ GM 1L,MOISES MUÃ‘OZ E HIJOS,,,,,,,,,,NOT_COMPARABLE_MISSING_VALIDATION,1,1,0,,,,,,,,,,,,,,,,,,,,,,,,,,,,,,,,,,,,,,,,,,,,,,,,,,,,,,,,,,,,,,,,,,,,,,,,,,,,,,,,,,,,,,,,,,,,,,,,,,,,,,,,,,,,,,,,,,,,,,,,,,,,,,,,,,,,,,,,,,,,,,,,,,,,,,,,,,,,,,,,,,,,,,,,,,,,,,,,,,,,,,,,,,,,,,,,,,,,,,,,,,,,,,,,2026-07-11 11:22:46.237,0,,
8805,63,61,10461,1,70,GARCIA MILLAN,GAZPACHO,GAZPACHO ANDALUZ GM 1L,MUESTRAS,,,,,,,,,,NOT_COMPARABLE_MISSING_VALIDATION,1,1,0,,,,,,,,,,,,,,,,,,,,,,,,,,,,,,,,,,,,,,,,,,,,,,,,,,,,,,,,,,,,,,,,,,,,,,,,,,,,,,,,,,,,,,,,,,,,,,,,,,,,,,,,,,,,,,,,,,,,,,,,,,,,,,,,,,,,,,,,,,,,,,,,,,,,,,,,,,,,,,,,,,,,,,,,,,,,,,,,,,,,,,,,,,,,,,,,,,,,,,,,,,,,,,,,2026-07-11 11:22:46.237,0,,
8806,63,61,10461,1,71,GARCIA MILLAN,GAZPACHO,GAZPACHO ANDALUZ GM 1L,PARQUE NORTE,,,,,,,,,,NOT_COMPARABLE_MISSING_VALIDATION,1,0,0,,,,,,,,,,,,,,,,,,,,,,,,,,,,,,,,,,,,,,,,,,,,,,,,,,,,,,,,,,,,,,,,,,,,,,,,,,,,,,,,,,,,,,,,,,,,,,,,,,,,,,,,,,,,,,,,,,,,,,,,,,,,,,,,,,,,,,,,,,,,,,,,,,,,,,,,,,,,,,,,,,,,,,,,,,,,,,,,,,,,,,,,,,,,,,,,,,,,,,,,,,,,,,,,2026-07-11 11:22:46.237,0,,NoForecastRowsMaterialized
8807,63,61,10461,1,72,GARCIA MILLAN,GAZPACHO,GAZPACHO ANDALUZ GM 1L,PLASTICOSUR,,,,,,,,,,NOT_COMPARABLE_MISSING_VALIDATION,1,1,0,,,,,,,,,,,,,,,,,,,,,,,,,,,,,,,,,,,,,,,,,,,,,,,,,,,,,,,,,,,,,,,,,,,,,,,,,,,,,,,,,,,,,,,,,,,,,,,,,,,,,,,,,,,,,,,,,,,,,,,,,,,,,,,,,,,,,,,,,,,,,,,,,,,,,,,,,,,,,,,,,,,,,,,,,,,,,,,,,,,,,,,,,,,,,,,,,,,,,,,,,,,,,,,,2026-07-11 11:22:46.237,0,,
8808,63,61,10461,1,73,GARCIA MILLAN,GAZPACHO,GAZPACHO ANDALUZ GM 1L,PUNTO SADEAL UNIVERSAL,,,,,,,,,,NOT_COMPARABLE_MISSING_VALIDATION,1,1,0,,,,,,,,,,,,,,,,,,,,,,,,,,,,,,,,,,,,,,,,,,,,,,,,,,,,,,,,,,,,,,,,,,,,,,,,,,,,,,,,,,,,,,,,,,,,,,,,,,,,,,,,,,,,,,,,,,,,,,,,,,,,,,,,,,,,,,,,,,,,,,,,,,,,,,,,,,,,,,,,,,,,,,,,,,,,,,,,,,,,,,,,,,,,,,,,,,,,,,,,,,,,,,,,2026-07-11 11:22:46.237,0,,NoForecastRowsMaterialized
8809,63,61,10461,1,74,GARCIA MILLAN,GAZPACHO,GAZPACHO ANDALUZ GM 1L,RAFAEL OLIAS,,,,,,,,,,NOT_COMPARABLE_MISSING_VALIDATION,1,1,0,,,,,,,,,,,,,,,,,,,,,,,,,,,,,,,,,,,,,,,,,,,,,,,,,,,,,,,,,,,,,,,,,,,,,,,,,,,,,,,,,,,,,,,,,,,,,,,,,,,,,,,,,,,,,,,,,,,,,,,,,,,,,,,,,,,,,,,,,,,,,,,,,,,,,,,,,,,,,,,,,,,,,,,,,,,,,,,,,,,,,,,,,,,,,,,,,,,,,,,,,,,,,,,,2026-07-11 11:22:46.237,0,,
8810,63,61,10461,1,75,GARCIA MILLAN,GAZPACHO,GAZPACHO ANDALUZ GM 1L,RESTAURANTE MUCHO MAS,,,,,,,,,,NOT_COMPARABLE_MISSING_VALIDATION,1,1,0,,,,,,,,,,,,,,,,,,,,,,,,,,,,,,,,,,,,,,,,,,,,,,,,,,,,,,,,,,,,,,,,,,,,,,,,,,,,,,,,,,,,,,,,,,,,,,,,,,,,,,,,,,,,,,,,,,,,,,,,,,,,,,,,,,,,,,,,,,,,,,,,,,,,,,,,,,,,,,,,,,,,,,,,,,,,,,,,,,,,,,,,,,,,,,,,,,,,,,,,,,,,,,,,2026-07-11 11:22:46.237,0,,
8811,63,61,10461,1,76,GARCIA MILLAN,GAZPACHO,GAZPACHO ANDALUZ GM 1L,RUIZ GALAN,,,,,,,,,,NOT_COMPARABLE_MISSING_VALIDATION,1,1,0,,,,,,,,,,,,,,,,,,,,,,,,,,,,,,,,,,,,,,,,,,,,,,,,,,,,,,,,,,,,,,,,,,,,,,,,,,,,,,,,,,,,,,,,,,,,,,,,,,,,,,,,,,,,,,,,,,,,,,,,,,,,,,,,,,,,,,,,,,,,,,,,,,,,,,,,,,,,,,,,,,,,,,,,,,,,,,,,,,,,,,,,,,,,,,,,,,,,,,,,,,,,,,,,2026-07-11 11:22:46.237,0,,
8812,63,61,10461,1,77,GARCIA MILLAN,GAZPACHO,GAZPACHO ANDALUZ GM 1L,SEMARK,,,,,,,,,,NOT_COMPARABLE_MISSING_VALIDATION,1,1,0,,,,,,,,,,,,,,,,,,,,,,,,,,,,,,,,,,,,,,,,,,,,,,,,,,,,,,,,,,,,,,,,,,,,,,,,,,,,,,,,,,,,,,,,,,,,,,,,,,,,,,,,,,,,,,,,,,,,,,,,,,,,,,,,,,,,,,,,,,,,,,,,,,,,,,,,,,,,,,,,,,,,,,,,,,,,,,,,,,,,,,,,,,,,,,,,,,,,,,,,,,,,,,,,2026-07-11 11:22:46.237,0,,NoForecastRowsMaterialized
8813,63,61,10461,1,78,GARCIA MILLAN,GAZPACHO,GAZPACHO ANDALUZ GM 1L,SOALPE,,,,,,,,,,NOT_COMPARABLE_MISSING_VALIDATION,1,1,0,,,,,,,,,,,,,,,,,,,,,,,,,,,,,,,,,,,,,,,,,,,,,,,,,,,,,,,,,,,,,,,,,,,,,,,,,,,,,,,,,,,,,,,,,,,,,,,,,,,,,,,,,,,,,,,,,,,,,,,,,,,,,,,,,,,,,,,,,,,,,,,,,,,,,,,,,,,,,,,,,,,,,,,,,,,,,,,,,,,,,,,,,,,,,,,,,,,,,,,,,,,,,,,,2026-07-11 11:22:46.237,0,,
8814,63,61,10461,1,79,GARCIA MILLAN,GAZPACHO,GAZPACHO ANDALUZ GM 1L,SOLA RICCA,,,,,,,,,,NOT_COMPARABLE_MISSING_VALIDATION,1,1,0,,,,,,,,,,,,,,,,,,,,,,,,,,,,,,,,,,,,,,,,,,,,,,,,,,,,,,,,,,,,,,,,,,,,,,,,,,,,,,,,,,,,,,,,,,,,,,,,,,,,,,,,,,,,,,,,,,,,,,,,,,,,,,,,,,,,,,,,,,,,,,,,,,,,,,,,,,,,,,,,,,,,,,,,,,,,,,,,,,,,,,,,,,,,,,,,,,,,,,,,,,,,,,,,2026-07-11 11:22:46.237,0,,
8815,63,61,10461,1,80,GARCIA MILLAN,GAZPACHO,GAZPACHO ANDALUZ GM 1L,SORLI,,,,,,,,,,NOT_COMPARABLE_MISSING_VALIDATION,1,1,0,,,,,,,,,,,,,,,,,,,,,,,,,,,,,,,,,,,,,,,,,,,,,,,,,,,,,,,,,,,,,,,,,,,,,,,,,,,,,,,,,,,,,,,,,,,,,,,,,,,,,,,,,,,,,,,,,,,,,,,,,,,,,,,,,,,,,,,,,,,,,,,,,,,,,,,,,,,,,,,,,,,,,,,,,,,,,,,,,,,,,,,,,,,,,,,,,,,,,,,,,,,,,,,,2026-07-11 11:22:46.237,0,,
8816,63,61,10461,1,81,GARCIA MILLAN,GAZPACHO,GAZPACHO ANDALUZ GM 1L,SUPER ARCOS,,,,,,,,,,NOT_COMPARABLE_MISSING_VALIDATION,1,1,0,,,,,,,,,,,,,,,,,,,,,,,,,,,,,,,,,,,,,,,,,,,,,,,,,,,,,,,,,,,,,,,,,,,,,,,,,,,,,,,,,,,,,,,,,,,,,,,,,,,,,,,,,,,,,,,,,,,,,,,,,,,,,,,,,,,,,,,,,,,,,,,,,,,,,,,,,,,,,,,,,,,,,,,,,,,,,,,,,,,,,,,,,,,,,,,,,,,,,,,,,,,,,,,,2026-07-11 11:22:46.237,0,,
8817,63,61,10461,1,82,GARCIA MILLAN,GAZPACHO,GAZPACHO ANDALUZ GM 1L,SUPSA,,,,,,,,,,NOT_COMPARABLE_MISSING_VALIDATION,1,1,0,,,,,,,,,,,,,,,,,,,,,,,,,,,,,,,,,,,,,,,,,,,,,,,,,,,,,,,,,,,,,,,,,,,,,,,,,,,,,,,,,,,,,,,,,,,,,,,,,,,,,,,,,,,,,,,,,,,,,,,,,,,,,,,,,,,,,,,,,,,,,,,,,,,,,,,,,,,,,,,,,,,,,,,,,,,,,,,,,,,,,,,,,,,,,,,,,,,,,,,,,,,,,,,,2026-07-11 11:22:46.237,0,,NoForecastRowsMaterialized
8818,63,61,10461,1,83,GARCIA MILLAN,GAZPACHO,GAZPACHO ANDALUZ GM 1L,TENIS BETIS,,,,,,,,,,NOT_COMPARABLE_MISSING_VALIDATION,1,1,0,,,,,,,,,,,,,,,,,,,,,,,,,,,,,,,,,,,,,,,,,,,,,,,,,,,,,,,,,,,,,,,,,,,,,,,,,,,,,,,,,,,,,,,,,,,,,,,,,,,,,,,,,,,,,,,,,,,,,,,,,,,,,,,,,,,,,,,,,,,,,,,,,,,,,,,,,,,,,,,,,,,,,,,,,,,,,,,,,,,,,,,,,,,,,,,,,,,,,,,,,,,,,,,,2026-07-11 11:22:46.237,0,,NoForecastRowsMaterialized
8819,63,61,10461,1,84,GARCIA MILLAN,GAZPACHO,GAZPACHO ANDALUZ GM 1L,UNEI,,,,,,,,,,NOT_COMPARABLE_MISSING_VALIDATION,1,1,0,,,,,,,,,,,,,,,,,,,,,,,,,,,,,,,,,,,,,,,,,,,,,,,,,,,,,,,,,,,,,,,,,,,,,,,,,,,,,,,,,,,,,,,,,,,,,,,,,,,,,,,,,,,,,,,,,,,,,,,,,,,,,,,,,,,,,,,,,,,,,,,,,,,,,,,,,,,,,,,,,,,,,,,,,,,,,,,,,,,,,,,,,,,,,,,,,,,,,,,,,,,,,,,,2026-07-11 11:22:46.237,0,,NoForecastRowsMaterialized
8820,63,61,10461,1,85,GARCIA MILLAN,GAZPACHO,GAZPACHO ANDALUZ GM 1L,UNIALCO,,,,,,,,,,NOT_COMPARABLE_MISSING_VALIDATION,1,1,0,,,,,,,,,,,,,,,,,,,,,,,,,,,,,,,,,,,,,,,,,,,,,,,,,,,,,,,,,,,,,,,,,,,,,,,,,,,,,,,,,,,,,,,,,,,,,,,,,,,,,,,,,,,,,,,,,,,,,,,,,,,,,,,,,,,,,,,,,,,,,,,,,,,,,,,,,,,,,,,,,,,,,,,,,,,,,,,,,,,,,,,,,,,,,,,,,,,,,,,,,,,,,,,,2026-07-11 11:22:46.237,0,,
8821,63,61,10461,1,86,GARCIA MILLAN,GAZPACHO,GAZPACHO ANDALUZ GM 1L,UNIDE,,,,,,,,,,NOT_COMPARABLE_MISSING_VALIDATION,1,0,0,,,,,,,,,,,,,,,,,,,,,,,,,,,,,,,,,,,,,,,,,,,,,,,,,,,,,,,,,,,,,,,,,,,,,,,,,,,,,,,,,,,,,,,,,,,,,,,,,,,,,,,,,,,,,,,,,,,,,,,,,,,,,,,,,,,,,,,,,,,,,,,,,,,,,,,,,,,,,,,,,,,,,,,,,,,,,,,,,,,,,,,,,,,,,,,,,,,,,,,,,,,,,,,,2026-07-11 11:22:46.237,0,,NoForecastRowsMaterialized
"8822,63,61,10461,1,88,GARCIA MILLAN,GAZPACHO,GAZPACHO ANDALUZ GM 330ML,"""",,,,,,,,,,NOT_COMPARABLE_MISSING_VALIDATION,1,1,0,,,,,,,,,,,,,,,,,,,,,,,,,,,,,,,,,,,,,,,,,,,,,,,,,,,,,,,,,,,,,,,,,,,,,,,,,,,,,,,,,,,,,,,,,,,,,,,,,,,,,,,,,,,,,,,,,,,,,,,,,,,,,,,,,,,,,,,,,,,,,,,,,,,,,,,,,,,,,,,,,,,,,,,,,,,,,,,,,,,,,,,,,,,,,,,,,,,,,,,,,,,,,,,,2026-07-11 11:22:46.237,0,,"
8823,63,61,10461,1,89,GARCIA MILLAN,GAZPACHO,GAZPACHO ANDALUZ GM 330ML,AHORRAMAS,,,,,,,,,,NOT_COMPARABLE_MISSING_VALIDATION,1,1,0,,,,,,,,,,,,,,,,,,,,,,,,,,,,,,,,,,,,,,,,,,,,,,,,,,,,,,,,,,,,,,,,,,,,,,,,,,,,,,,,,,,,,,,,,,,,,,,,,,,,,,,,,,,,,,,,,,,,,,,,,,,,,,,,,,,,,,,,,,,,,,,,,,,,,,,,,,,,,,,,,,,,,,,,,,,,,,,,,,,,,,,,,,,,,,,,,,,,,,,,,,,,,,,,2026-07-11 11:22:46.237,0,,
8824,63,61,10461,1,90,GARCIA MILLAN,GAZPACHO,GAZPACHO ANDALUZ GM 330ML,ALDI,,,,,,,,,,NOT_COMPARABLE_MISSING_VALIDATION,1,0,0,,,,,,,,,,,,,,,,,,,,,,,,,,,,,,,,,,,,,,,,,,,,,,,,,,,,,,,,,,,,,,,,,,,,,,,,,,,,,,,,,,,,,,,,,,,,,,,,,,,,,,,,,,,,,,,,,,,,,,,,,,,,,,,,,,,,,,,,,,,,,,,,,,,,,,,,,,,,,,,,,,,,,,,,,,,,,,,,,,,,,,,,,,,,,,,,,,,,,,,,,,,,,,,,2026-07-11 11:22:46.237,0,,NoForecastRowsMaterialized
8825,63,61,10461,1,91,GARCIA MILLAN,GAZPACHO,GAZPACHO ANDALUZ GM 330ML,ALIPENSA,,,,,,,,,,NOT_COMPARABLE_MISSING_VALIDATION,1,1,0,,,,,,,,,,,,,,,,,,,,,,,,,,,,,,,,,,,,,,,,,,,,,,,,,,,,,,,,,,,,,,,,,,,,,,,,,,,,,,,,,,,,,,,,,,,,,,,,,,,,,,,,,,,,,,,,,,,,,,,,,,,,,,,,,,,,,,,,,,,,,,,,,,,,,,,,,,,,,,,,,,,,,,,,,,,,,,,,,,,,,,,,,,,,,,,,,,,,,,,,,,,,,,,,2026-07-11 11:22:46.237,0,,
8826,63,61,10461,1,92,GARCIA MILLAN,GAZPACHO,GAZPACHO ANDALUZ GM 330ML,AMAZON,,,,,,,,,,NOT_COMPARABLE_MISSING_VALIDATION,1,1,0,,,,,,,,,,,,,,,,,,,,,,,,,,,,,,,,,,,,,,,,,,,,,,,,,,,,,,,,,,,,,,,,,,,,,,,,,,,,,,,,,,,,,,,,,,,,,,,,,,,,,,,,,,,,,,,,,,,,,,,,,,,,,,,,,,,,,,,,,,,,,,,,,,,,,,,,,,,,,,,,,,,,,,,,,,,,,,,,,,,,,,,,,,,,,,,,,,,,,,,,,,,,,,,,2026-07-11 11:22:46.237,0,,
8827,63,61,10461,1,93,GARCIA MILLAN,GAZPACHO,GAZPACHO ANDALUZ GM 330ML,BELMAR DON BENITO,,,,,,,,,,NOT_COMPARABLE_MISSING_VALIDATION,1,0,0,,,,,,,,,,,,,,,,,,,,,,,,,,,,,,,,,,,,,,,,,,,,,,,,,,,,,,,,,,,,,,,,,,,,,,,,,,,,,,,,,,,,,,,,,,,,,,,,,,,,,,,,,,,,,,,,,,,,,,,,,,,,,,,,,,,,,,,,,,,,,,,,,,,,,,,,,,,,,,,,,,,,,,,,,,,,,,,,,,,,,,,,,,,,,,,,,,,,,,,,,,,,,,,,2026-07-11 11:22:46.237,0,,NoForecastRowsMaterialized
8828,63,61,10461,1,94,GARCIA MILLAN,GAZPACHO,GAZPACHO ANDALUZ GM 330ML,BGROUP,,,,,,,,,,NOT_COMPARABLE_MISSING_VALIDATION,1,0,0,,,,,,,,,,,,,,,,,,,,,,,,,,,,,,,,,,,,,,,,,,,,,,,,,,,,,,,,,,,,,,,,,,,,,,,,,,,,,,,,,,,,,,,,,,,,,,,,,,,,,,,,,,,,,,,,,,,,,,,,,,,,,,,,,,,,,,,,,,,,,,,,,,,,,,,,,,,,,,,,,,,,,,,,,,,,,,,,,,,,,,,,,,,,,,,,,,,,,,,,,,,,,,,,2026-07-11 11:22:46.237,0,,NoForecastRowsMaterialized
8829,63,61,10461,1,95,GARCIA MILLAN,GAZPACHO,GAZPACHO ANDALUZ GM 330ML,BON PREU,,,,,,,,,,NOT_COMPARABLE_MISSING_VALIDATION,1,1,0,,,,,,,,,,,,,,,,,,,,,,,,,,,,,,,,,,,,,,,,,,,,,,,,,,,,,,,,,,,,,,,,,,,,,,,,,,,,,,,,,,,,,,,,,,,,,,,,,,,,,,,,,,,,,,,,,,,,,,,,,,,,,,,,,,,,,,,,,,,,,,,,,,,,,,,,,,,,,,,,,,,,,,,,,,,,,,,,,,,,,,,,,,,,,,,,,,,,,,,,,,,,,,,,2026-07-11 11:22:46.237,0,,
8830,63,61,10461,1,96,GARCIA MILLAN,GAZPACHO,GAZPACHO ANDALUZ GM 330ML,CARO RUIZ,,,,,,,,,,NOT_COMPARABLE_MISSING_VALIDATION,1,1,0,,,,,,,,,,,,,,,,,,,,,,,,,,,,,,,,,,,,,,,,,,,,,,,,,,,,,,,,,,,,,,,,,,,,,,,,,,,,,,,,,,,,,,,,,,,,,,,,,,,,,,,,,,,,,,,,,,,,,,,,,,,,,,,,,,,,,,,,,,,,,,,,,,,,,,,,,,,,,,,,,,,,,,,,,,,,,,,,,,,,,,,,,,,,,,,,,,,,,,,,,,,,,,,,2026-07-11 11:22:46.237,0,,
8831,63,61,10461,1,97,GARCIA MILLAN,GAZPACHO,GAZPACHO ANDALUZ GM 330ML,CARREFOUR,,,,,,,,,,NOT_COMPARABLE_MISSING_VALIDATION,1,1,0,,,,,,,,,,,,,,,,,,,,,,,,,,,,,,,,,,,,,,,,,,,,,,,,,,,,,,,,,,,,,,,,,,,,,,,,,,,,,,,,,,,,,,,,,,,,,,,,,,,,,,,,,,,,,,,,,,,,,,,,,,,,,,,,,,,,,,,,,,,,,,,,,,,,,,,,,,,,,,,,,,,,,,,,,,,,,,,,,,,,,,,,,,,,,,,,,,,,,,,,,,,,,,,,2026-07-11 11:22:46.237,0,,
8832,63,61,10461,1,98,GARCIA MILLAN,GAZPACHO,GAZPACHO ANDALUZ GM 330ML,CARRION PARADAS,,,,,,,,,,NOT_COMPARABLE_MISSING_VALIDATION,1,1,0,,,,,,,,,,,,,,,,,,,,,,,,,,,,,,,,,,,,,,,,,,,,,,,,,,,,,,,,,,,,,,,,,,,,,,,,,,,,,,,,,,,,,,,,,,,,,,,,,,,,,,,,,,,,,,,,,,,,,,,,,,,,,,,,,,,,,,,,,,,,,,,,,,,,,,,,,,,,,,,,,,,,,,,,,,,,,,,,,,,,,,,,,,,,,,,,,,,,,,,,,,,,,,,,2026-07-11 11:22:46.237,0,,
8833,63,61,10461,1,99,GARCIA MILLAN,GAZPACHO,GAZPACHO ANDALUZ GM 330ML,CASA MARQUEZ,,,,,,,,,,NOT_COMPARABLE_MISSING_VALIDATION,1,1,0,,,,,,,,,,,,,,,,,,,,,,,,,,,,,,,,,,,,,,,,,,,,,,,,,,,,,,,,,,,,,,,,,,,,,,,,,,,,,,,,,,,,,,,,,,,,,,,,,,,,,,,,,,,,,,,,,,,,,,,,,,,,,,,,,,,,,,,,,,,,,,,,,,,,,,,,,,,,,,,,,,,,,,,,,,,,,,,,,,,,,,,,,,,,,,,,,,,,,,,,,,,,,,,,2026-07-11 11:22:46.237,0,,
8834,63,61,10461,1,100,GARCIA MILLAN,GAZPACHO,GAZPACHO ANDALUZ GM 330ML,CASH BAREA,,,,,,,,,,NOT_COMPARABLE_MISSING_VALIDATION,1,1,0,,,,,,,,,,,,,,,,,,,,,,,,,,,,,,,,,,,,,,,,,,,,,,,,,,,,,,,,,,,,,,,,,,,,,,,,,,,,,,,,,,,,,,,,,,,,,,,,,,,,,,,,,,,,,,,,,,,,,,,,,,,,,,,,,,,,,,,,,,,,,,,,,,,,,,,,,,,,,,,,,,,,,,,,,,,,,,,,,,,,,,,,,,,,,,,,,,,,,,,,,,,,,,,,2026-07-11 11:22:46.237,0,,
8835,63,61,10461,1,101,GARCIA MILLAN,GAZPACHO,GAZPACHO ANDALUZ GM 330ML,CEIP MANUEL ALTOLAGUIRRE,,,,,,,,,,NOT_COMPARABLE_MISSING_VALIDATION,1,1,0,,,,,,,,,,,,,,,,,,,,,,,,,,,,,,,,,,,,,,,,,,,,,,,,,,,,,,,,,,,,,,,,,,,,,,,,,,,,,,,,,,,,,,,,,,,,,,,,,,,,,,,,,,,,,,,,,,,,,,,,,,,,,,,,,,,,,,,,,,,,,,,,,,,,,,,,,,,,,,,,,,,,,,,,,,,,,,,,,,,,,,,,,,,,,,,,,,,,,,,,,,,,,,,,2026-07-11 11:22:46.237,0,,
8836,63,61,10461,1,102,GARCIA MILLAN,GAZPACHO,GAZPACHO ANDALUZ GM 330ML,CHAPELA LEON,,,,,,,,,,NOT_COMPARABLE_MISSING_VALIDATION,1,1,0,,,,,,,,,,,,,,,,,,,,,,,,,,,,,,,,,,,,,,,,,,,,,,,,,,,,,,,,,,,,,,,,,,,,,,,,,,,,,,,,,,,,,,,,,,,,,,,,,,,,,,,,,,,,,,,,,,,,,,,,,,,,,,,,,,,,,,,,,,,,,,,,,,,,,,,,,,,,,,,,,,,,,,,,,,,,,,,,,,,,,,,,,,,,,,,,,,,,,,,,,,,,,,,,2026-07-11 11:22:46.237,0,,
8837,63,61,10461,1,103,GARCIA MILLAN,GAZPACHO,GAZPACHO ANDALUZ GM 330ML,COFRUMA,,,,,,,,,,NOT_COMPARABLE_MISSING_VALIDATION,1,0,0,,,,,,,,,,,,,,,,,,,,,,,,,,,,,,,,,,,,,,,,,,,,,,,,,,,,,,,,,,,,,,,,,,,,,,,,,,,,,,,,,,,,,,,,,,,,,,,,,,,,,,,,,,,,,,,,,,,,,,,,,,,,,,,,,,,,,,,,,,,,,,,,,,,,,,,,,,,,,,,,,,,,,,,,,,,,,,,,,,,,,,,,,,,,,,,,,,,,,,,,,,,,,,,,2026-07-11 11:22:46.237,0,,NoForecastRowsMaterialized
8838,63,61,10461,1,104,GARCIA MILLAN,GAZPACHO,GAZPACHO ANDALUZ GM 330ML,COMEDOR SAN JUAN DE ACRE,,,,,,,,,,NOT_COMPARABLE_MISSING_VALIDATION,1,0,0,,,,,,,,,,,,,,,,,,,,,,,,,,,,,,,,,,,,,,,,,,,,,,,,,,,,,,,,,,,,,,,,,,,,,,,,,,,,,,,,,,,,,,,,,,,,,,,,,,,,,,,,,,,,,,,,,,,,,,,,,,,,,,,,,,,,,,,,,,,,,,,,,,,,,,,,,,,,,,,,,,,,,,,,,,,,,,,,,,,,,,,,,,,,,,,,,,,,,,,,,,,,,,,,2026-07-11 11:22:46.237,0,,NoForecastRowsMaterialized
8839,63,61,10461,1,105,GARCIA MILLAN,GAZPACHO,GAZPACHO ANDALUZ GM 330ML,COMERCIAL PIEDRA TRUJILLO,,,,,,,,,,NOT_COMPARABLE_MISSING_VALIDATION,1,1,0,,,,,,,,,,,,,,,,,,,,,,,,,,,,,,,,,,,,,,,,,,,,,,,,,,,,,,,,,,,,,,,,,,,,,,,,,,,,,,,,,,,,,,,,,,,,,,,,,,,,,,,,,,,,,,,,,,,,,,,,,,,,,,,,,,,,,,,,,,,,,,,,,,,,,,,,,,,,,,,,,,,,,,,,,,,,,,,,,,,,,,,,,,,,,,,,,,,,,,,,,,,,,,,,2026-07-11 11:22:46.237,0,,
8840,63,61,10461,1,106,GARCIA MILLAN,GAZPACHO,GAZPACHO ANDALUZ GM 330ML,COVIRAN,,,,,,,,,,NOT_COMPARABLE_MISSING_VALIDATION,1,1,0,,,,,,,,,,,,,,,,,,,,,,,,,,,,,,,,,,,,,,,,,,,,,,,,,,,,,,,,,,,,,,,,,,,,,,,,,,,,,,,,,,,,,,,,,,,,,,,,,,,,,,,,,,,,,,,,,,,,,,,,,,,,,,,,,,,,,,,,,,,,,,,,,,,,,,,,,,,,,,,,,,,,,,,,,,,,,,,,,,,,,,,,,,,,,,,,,,,,,,,,,,,,,,,,2026-07-11 11:22:46.237,0,,
8841,63,61,10461,1,107,GARCIA MILLAN,GAZPACHO,GAZPACHO ANDALUZ GM 330ML,DIA,,,,,,,,,,NOT_COMPARABLE_MISSING_VALIDATION,1,1,0,,,,,,,,,,,,,,,,,,,,,,,,,,,,,,,,,,,,,,,,,,,,,,,,,,,,,,,,,,,,,,,,,,,,,,,,,,,,,,,,,,,,,,,,,,,,,,,,,,,,,,,,,,,,,,,,,,,,,,,,,,,,,,,,,,,,,,,,,,,,,,,,,,,,,,,,,,,,,,,,,,,,,,,,,,,,,,,,,,,,,,,,,,,,,,,,,,,,,,,,,,,,,,,,2026-07-11 11:22:46.237,0,,
8842,63,61,10461,1,108,GARCIA MILLAN,GAZPACHO,GAZPACHO ANDALUZ GM 330ML,DISTRIBUCIONES CARDOSO,,,,,,,,,,NOT_COMPARABLE_MISSING_VALIDATION,1,1,0,,,,,,,,,,,,,,,,,,,,,,,,,,,,,,,,,,,,,,,,,,,,,,,,,,,,,,,,,,,,,,,,,,,,,,,,,,,,,,,,,,,,,,,,,,,,,,,,,,,,,,,,,,,,,,,,,,,,,,,,,,,,,,,,,,,,,,,,,,,,,,,,,,,,,,,,,,,,,,,,,,,,,,,,,,,,,,,,,,,,,,,,,,,,,,,,,,,,,,,,,,,,,,,,2026-07-11 11:22:46.237,0,,
8843,63,61,10461,1,109,GARCIA MILLAN,GAZPACHO,GAZPACHO ANDALUZ GM 330ML,DISTRIBUCIONES HOSTEAZ,,,,,,,,,,NOT_COMPARABLE_MISSING_VALIDATION,1,0,0,,,,,,,,,,,,,,,,,,,,,,,,,,,,,,,,,,,,,,,,,,,,,,,,,,,,,,,,,,,,,,,,,,,,,,,,,,,,,,,,,,,,,,,,,,,,,,,,,,,,,,,,,,,,,,,,,,,,,,,,,,,,,,,,,,,,,,,,,,,,,,,,,,,,,,,,,,,,,,,,,,,,,,,,,,,,,,,,,,,,,,,,,,,,,,,,,,,,,,,,,,,,,,,,2026-07-11 11:22:46.237,0,,NoForecastRowsMaterialized
8844,63,61,10461,1,110,GARCIA MILLAN,GAZPACHO,GAZPACHO ANDALUZ GM 330ML,DISTRIBUCIONES JTT,,,,,,,,,,NOT_COMPARABLE_MISSING_VALIDATION,1,1,0,,,,,,,,,,,,,,,,,,,,,,,,,,,,,,,,,,,,,,,,,,,,,,,,,,,,,,,,,,,,,,,,,,,,,,,,,,,,,,,,,,,,,,,,,,,,,,,,,,,,,,,,,,,,,,,,,,,,,,,,,,,,,,,,,,,,,,,,,,,,,,,,,,,,,,,,,,,,,,,,,,,,,,,,,,,,,,,,,,,,,,,,,,,,,,,,,,,,,,,,,,,,,,,,2026-07-11 11:22:46.237,0,,
8845,63,61,10461,1,111,GARCIA MILLAN,GAZPACHO,GAZPACHO ANDALUZ GM 330ML,DONACIONES,,,,,,,,,,NOT_COMPARABLE_MISSING_VALIDATION,1,1,0,,,,,,,,,,,,,,,,,,,,,,,,,,,,,,,,,,,,,,,,,,,,,,,,,,,,,,,,,,,,,,,,,,,,,,,,,,,,,,,,,,,,,,,,,,,,,,,,,,,,,,,,,,,,,,,,,,,,,,,,,,,,,,,,,,,,,,,,,,,,,,,,,,,,,,,,,,,,,,,,,,,,,,,,,,,,,,,,,,,,,,,,,,,,,,,,,,,,,,,,,,,,,,,,2026-07-11 11:22:46.237,0,,NoForecastRowsMaterialized
8846,63,61,10461,1,112,GARCIA MILLAN,GAZPACHO,GAZPACHO ANDALUZ GM 330ML,EASY VENDING,,,,,,,,,,NOT_COMPARABLE_MISSING_VALIDATION,1,1,0,,,,,,,,,,,,,,,,,,,,,,,,,,,,,,,,,,,,,,,,,,,,,,,,,,,,,,,,,,,,,,,,,,,,,,,,,,,,,,,,,,,,,,,,,,,,,,,,,,,,,,,,,,,,,,,,,,,,,,,,,,,,,,,,,,,,,,,,,,,,,,,,,,,,,,,,,,,,,,,,,,,,,,,,,,,,,,,,,,,,,,,,,,,,,,,,,,,,,,,,,,,,,,,,2026-07-11 11:22:46.237,0,,
8847,63,61,10461,1,113,GARCIA MILLAN,GAZPACHO,GAZPACHO ANDALUZ GM 330ML,EL CORTE INGLES,,,,,,,,,,NOT_COMPARABLE_MISSING_VALIDATION,1,1,0,,,,,,,,,,,,,,,,,,,,,,,,,,,,,,,,,,,,,,,,,,,,,,,,,,,,,,,,,,,,,,,,,,,,,,,,,,,,,,,,,,,,,,,,,,,,,,,,,,,,,,,,,,,,,,,,,,,,,,,,,,,,,,,,,,,,,,,,,,,,,,,,,,,,,,,,,,,,,,,,,,,,,,,,,,,,,,,,,,,,,,,,,,,,,,,,,,,,,,,,,,,,,,,,2026-07-11 11:22:46.237,0,,
8848,63,61,10461,1,114,GARCIA MILLAN,GAZPACHO,GAZPACHO ANDALUZ GM 330ML,ENRIQUE TOMAS,,,,,,,,,,NOT_COMPARABLE_MISSING_VALIDATION,1,1,0,,,,,,,,,,,,,,,,,,,,,,,,,,,,,,,,,,,,,,,,,,,,,,,,,,,,,,,,,,,,,,,,,,,,,,,,,,,,,,,,,,,,,,,,,,,,,,,,,,,,,,,,,,,,,,,,,,,,,,,,,,,,,,,,,,,,,,,,,,,,,,,,,,,,,,,,,,,,,,,,,,,,,,,,,,,,,,,,,,,,,,,,,,,,,,,,,,,,,,,,,,,,,,,,2026-07-11 11:22:46.237,0,,
8849,63,61,10461,1,115,GARCIA MILLAN,GAZPACHO,GAZPACHO ANDALUZ GM 330ML,ESTABLECIMIENTOS PLAZA,,,,,,,,,,NOT_COMPARABLE_MISSING_VALIDATION,1,1,0,,,,,,,,,,,,,,,,,,,,,,,,,,,,,,,,,,,,,,,,,,,,,,,,,,,,,,,,,,,,,,,,,,,,,,,,,,,,,,,,,,,,,,,,,,,,,,,,,,,,,,,,,,,,,,,,,,,,,,,,,,,,,,,,,,,,,,,,,,,,,,,,,,,,,,,,,,,,,,,,,,,,,,,,,,,,,,,,,,,,,,,,,,,,,,,,,,,,,,,,,,,,,,,,2026-07-11 11:22:46.237,0,,
8850,63,61,10461,1,116,GARCIA MILLAN,GAZPACHO,GAZPACHO ANDALUZ GM 330ML,FACSA,,,,,,,,,,NOT_COMPARABLE_MISSING_VALIDATION,1,1,0,,,,,,,,,,,,,,,,,,,,,,,,,,,,,,,,,,,,,,,,,,,,,,,,,,,,,,,,,,,,,,,,,,,,,,,,,,,,,,,,,,,,,,,,,,,,,,,,,,,,,,,,,,,,,,,,,,,,,,,,,,,,,,,,,,,,,,,,,,,,,,,,,,,,,,,,,,,,,,,,,,,,,,,,,,,,,,,,,,,,,,,,,,,,,,,,,,,,,,,,,,,,,,,,2026-07-11 11:22:46.237,0,,
8851,63,61,10461,1,117,GARCIA MILLAN,GAZPACHO,GAZPACHO ANDALUZ GM 330ML,FAMILY CASH,,,,,,,,,,NOT_COMPARABLE_MISSING_VALIDATION,1,1,0,,,,,,,,,,,,,,,,,,,,,,,,,,,,,,,,,,,,,,,,,,,,,,,,,,,,,,,,,,,,,,,,,,,,,,,,,,,,,,,,,,,,,,,,,,,,,,,,,,,,,,,,,,,,,,,,,,,,,,,,,,,,,,,,,,,,,,,,,,,,,,,,,,,,,,,,,,,,,,,,,,,,,,,,,,,,,,,,,,,,,,,,,,,,,,,,,,,,,,,,,,,,,,,,2026-07-11 11:22:46.237,0,,NoForecastRowsMaterialized
8852,63,61,10461,1,118,GARCIA MILLAN,GAZPACHO,GAZPACHO ANDALUZ GM 330ML,FLAVORCRAFT,,,,,,,,,,NOT_COMPARABLE_MISSING_VALIDATION,1,1,0,,,,,,,,,,,,,,,,,,,,,,,,,,,,,,,,,,,,,,,,,,,,,,,,,,,,,,,,,,,,,,,,,,,,,,,,,,,,,,,,,,,,,,,,,,,,,,,,,,,,,,,,,,,,,,,,,,,,,,,,,,,,,,,,,,,,,,,,,,,,,,,,,,,,,,,,,,,,,,,,,,,,,,,,,,,,,,,,,,,,,,,,,,,,,,,,,,,,,,,,,,,,,,,,2026-07-11 11:22:46.237,0,,
8853,63,61,10461,1,119,GARCIA MILLAN,GAZPACHO,GAZPACHO ANDALUZ GM 330ML,FRANCO-MOR,,,,,,,,,,NOT_COMPARABLE_MISSING_VALIDATION,1,0,0,,,,,,,,,,,,,,,,,,,,,,,,,,,,,,,,,,,,,,,,,,,,,,,,,,,,,,,,,,,,,,,,,,,,,,,,,,,,,,,,,,,,,,,,,,,,,,,,,,,,,,,,,,,,,,,,,,,,,,,,,,,,,,,,,,,,,,,,,,,,,,,,,,,,,,,,,,,,,,,,,,,,,,,,,,,,,,,,,,,,,,,,,,,,,,,,,,,,,,,,,,,,,,,,2026-07-11 11:22:46.237,0,,NoForecastRowsMaterialized
8854,63,61,10461,1,120,GARCIA MILLAN,GAZPACHO,GAZPACHO ANDALUZ GM 330ML,FRUFOR,,,,,,,,,,NOT_COMPARABLE_MISSING_VALIDATION,1,0,0,,,,,,,,,,,,,,,,,,,,,,,,,,,,,,,,,,,,,,,,,,,,,,,,,,,,,,,,,,,,,,,,,,,,,,,,,,,,,,,,,,,,,,,,,,,,,,,,,,,,,,,,,,,,,,,,,,,,,,,,,,,,,,,,,,,,,,,,,,,,,,,,,,,,,,,,,,,,,,,,,,,,,,,,,,,,,,,,,,,,,,,,,,,,,,,,,,,,,,,,,,,,,,,,2026-07-11 11:22:46.237,0,,NoForecastRowsMaterialized
8855,63,61,10461,1,121,GARCIA MILLAN,GAZPACHO,GAZPACHO ANDALUZ GM 330ML,FRUTAS INFANTES,,,,,,,,,,NOT_COMPARABLE_MISSING_VALIDATION,1,1,0,,,,,,,,,,,,,,,,,,,,,,,,,,,,,,,,,,,,,,,,,,,,,,,,,,,,,,,,,,,,,,,,,,,,,,,,,,,,,,,,,,,,,,,,,,,,,,,,,,,,,,,,,,,,,,,,,,,,,,,,,,,,,,,,,,,,,,,,,,,,,,,,,,,,,,,,,,,,,,,,,,,,,,,,,,,,,,,,,,,,,,,,,,,,,,,,,,,,,,,,,,,,,,,,2026-07-11 11:22:46.237,0,,
8856,63,61,10461,1,122,GARCIA MILLAN,GAZPACHO,GAZPACHO ANDALUZ GM 330ML,GARIZUR,,,,,,,,,,NOT_COMPARABLE_MISSING_VALIDATION,1,1,0,,,,,,,,,,,,,,,,,,,,,,,,,,,,,,,,,,,,,,,,,,,,,,,,,,,,,,,,,,,,,,,,,,,,,,,,,,,,,,,,,,,,,,,,,,,,,,,,,,,,,,,,,,,,,,,,,,,,,,,,,,,,,,,,,,,,,,,,,,,,,,,,,,,,,,,,,,,,,,,,,,,,,,,,,,,,,,,,,,,,,,,,,,,,,,,,,,,,,,,,,,,,,,,,2026-07-11 11:22:46.237,0,,
8857,63,61,10461,1,123,GARCIA MILLAN,GAZPACHO,GAZPACHO ANDALUZ GM 330ML,GB FOODSERVICE,,,,,,,,,,NOT_COMPARABLE_MISSING_VALIDATION,1,1,0,,,,,,,,,,,,,,,,,,,,,,,,,,,,,,,,,,,,,,,,,,,,,,,,,,,,,,,,,,,,,,,,,,,,,,,,,,,,,,,,,,,,,,,,,,,,,,,,,,,,,,,,,,,,,,,,,,,,,,,,,,,,,,,,,,,,,,,,,,,,,,,,,,,,,,,,,,,,,,,,,,,,,,,,,,,,,,,,,,,,,,,,,,,,,,,,,,,,,,,,,,,,,,,,2026-07-11 11:22:46.237,0,,NoForecastRowsMaterialized
8858,63,61,10461,1,124,GARCIA MILLAN,GAZPACHO,GAZPACHO ANDALUZ GM 330ML,GRUPO AUCHAN,,,,,,,,,,NOT_COMPARABLE_MISSING_VALIDATION,1,1,0,,,,,,,,,,,,,,,,,,,,,,,,,,,,,,,,,,,,,,,,,,,,,,,,,,,,,,,,,,,,,,,,,,,,,,,,,,,,,,,,,,,,,,,,,,,,,,,,,,,,,,,,,,,,,,,,,,,,,,,,,,,,,,,,,,,,,,,,,,,,,,,,,,,,,,,,,,,,,,,,,,,,,,,,,,,,,,,,,,,,,,,,,,,,,,,,,,,,,,,,,,,,,,,,2026-07-11 11:22:46.237,0,,
8859,63,61,10461,1,125,GARCIA MILLAN,GAZPACHO,GAZPACHO ANDALUZ GM 330ML,GRUPO EL JAMON,,,,,,,,,,NOT_COMPARABLE_MISSING_VALIDATION,1,1,0,,,,,,,,,,,,,,,,,,,,,,,,,,,,,,,,,,,,,,,,,,,,,,,,,,,,,,,,,,,,,,,,,,,,,,,,,,,,,,,,,,,,,,,,,,,,,,,,,,,,,,,,,,,,,,,,,,,,,,,,,,,,,,,,,,,,,,,,,,,,,,,,,,,,,,,,,,,,,,,,,,,,,,,,,,,,,,,,,,,,,,,,,,,,,,,,,,,,,,,,,,,,,,,,2026-07-11 11:22:46.237,0,,
8860,63,61,10461,1,126,GARCIA MILLAN,GAZPACHO,GAZPACHO ANDALUZ GM 330ML,GSG BUSSINES,,,,,,,,,,NOT_COMPARABLE_MISSING_VALIDATION,1,1,0,,,,,,,,,,,,,,,,,,,,,,,,,,,,,,,,,,,,,,,,,,,,,,,,,,,,,,,,,,,,,,,,,,,,,,,,,,,,,,,,,,,,,,,,,,,,,,,,,,,,,,,,,,,,,,,,,,,,,,,,,,,,,,,,,,,,,,,,,,,,,,,,,,,,,,,,,,,,,,,,,,,,,,,,,,,,,,,,,,,,,,,,,,,,,,,,,,,,,,,,,,,,,,,,2026-07-11 11:22:46.237,0,,
8861,63,61,10461,1,127,GARCIA MILLAN,GAZPACHO,GAZPACHO ANDALUZ GM 330ML,HERMANOS AYALA,,,,,,,,,,NOT_COMPARABLE_MISSING_VALIDATION,1,1,0,,,,,,,,,,,,,,,,,,,,,,,,,,,,,,,,,,,,,,,,,,,,,,,,,,,,,,,,,,,,,,,,,,,,,,,,,,,,,,,,,,,,,,,,,,,,,,,,,,,,,,,,,,,,,,,,,,,,,,,,,,,,,,,,,,,,,,,,,,,,,,,,,,,,,,,,,,,,,,,,,,,,,,,,,,,,,,,,,,,,,,,,,,,,,,,,,,,,,,,,,,,,,,,,2026-07-11 11:22:46.237,0,,
8862,63,61,10461,1,128,GARCIA MILLAN,GAZPACHO,GAZPACHO ANDALUZ GM 330ML,HERMANOS MARTIN,,,,,,,,,,NOT_COMPARABLE_MISSING_VALIDATION,1,1,0,,,,,,,,,,,,,,,,,,,,,,,,,,,,,,,,,,,,,,,,,,,,,,,,,,,,,,,,,,,,,,,,,,,,,,,,,,,,,,,,,,,,,,,,,,,,,,,,,,,,,,,,,,,,,,,,,,,,,,,,,,,,,,,,,,,,,,,,,,,,,,,,,,,,,,,,,,,,,,,,,,,,,,,,,,,,,,,,,,,,,,,,,,,,,,,,,,,,,,,,,,,,,,,,2026-07-11 11:22:46.237,0,,
8863,63,61,10461,1,129,GARCIA MILLAN,GAZPACHO,GAZPACHO ANDALUZ GM 330ML,HIPER TAMBO,,,,,,,,,,NOT_COMPARABLE_MISSING_VALIDATION,1,0,0,,,,,,,,,,,,,,,,,,,,,,,,,,,,,,,,,,,,,,,,,,,,,,,,,,,,,,,,,,,,,,,,,,,,,,,,,,,,,,,,,,,,,,,,,,,,,,,,,,,,,,,,,,,,,,,,,,,,,,,,,,,,,,,,,,,,,,,,,,,,,,,,,,,,,,,,,,,,,,,,,,,,,,,,,,,,,,,,,,,,,,,,,,,,,,,,,,,,,,,,,,,,,,,,2026-07-11 11:22:46.237,0,,NoForecastRowsMaterialized
8864,63,61,10461,1,130,GARCIA MILLAN,GAZPACHO,GAZPACHO ANDALUZ GM 330ML,HIPER USERA,,,,,,,,,,NOT_COMPARABLE_MISSING_VALIDATION,1,1,0,,,,,,,,,,,,,,,,,,,,,,,,,,,,,,,,,,,,,,,,,,,,,,,,,,,,,,,,,,,,,,,,,,,,,,,,,,,,,,,,,,,,,,,,,,,,,,,,,,,,,,,,,,,,,,,,,,,,,,,,,,,,,,,,,,,,,,,,,,,,,,,,,,,,,,,,,,,,,,,,,,,,,,,,,,,,,,,,,,,,,,,,,,,,,,,,,,,,,,,,,,,,,,,,2026-07-11 11:22:46.237,0,,
8865,63,61,10461,1,131,GARCIA MILLAN,GAZPACHO,GAZPACHO ANDALUZ GM 330ML,HT VENDING,,,,,,,,,,NOT_COMPARABLE_MISSING_VALIDATION,1,1,0,,,,,,,,,,,,,,,,,,,,,,,,,,,,,,,,,,,,,,,,,,,,,,,,,,,,,,,,,,,,,,,,,,,,,,,,,,,,,,,,,,,,,,,,,,,,,,,,,,,,,,,,,,,,,,,,,,,,,,,,,,,,,,,,,,,,,,,,,,,,,,,,,,,,,,,,,,,,,,,,,,,,,,,,,,,,,,,,,,,,,,,,,,,,,,,,,,,,,,,,,,,,,,,,2026-07-11 11:22:46.237,0,,
8866,63,61,10461,1,132,GARCIA MILLAN,GAZPACHO,GAZPACHO ANDALUZ GM 330ML,JOAQUIN TARDIO,,,,,,,,,,NOT_COMPARABLE_MISSING_VALIDATION,1,1,0,,,,,,,,,,,,,,,,,,,,,,,,,,,,,,,,,,,,,,,,,,,,,,,,,,,,,,,,,,,,,,,,,,,,,,,,,,,,,,,,,,,,,,,,,,,,,,,,,,,,,,,,,,,,,,,,,,,,,,,,,,,,,,,,,,,,,,,,,,,,,,,,,,,,,,,,,,,,,,,,,,,,,,,,,,,,,,,,,,,,,,,,,,,,,,,,,,,,,,,,,,,,,,,,2026-07-11 11:22:46.237,0,,
8867,63,61,10461,1,133,GARCIA MILLAN,GAZPACHO,GAZPACHO ANDALUZ GM 330ML,JURADO GOURMET,,,,,,,,,,NOT_COMPARABLE_MISSING_VALIDATION,1,1,0,,,,,,,,,,,,,,,,,,,,,,,,,,,,,,,,,,,,,,,,,,,,,,,,,,,,,,,,,,,,,,,,,,,,,,,,,,,,,,,,,,,,,,,,,,,,,,,,,,,,,,,,,,,,,,,,,,,,,,,,,,,,,,,,,,,,,,,,,,,,,,,,,,,,,,,,,,,,,,,,,,,,,,,,,,,,,,,,,,,,,,,,,,,,,,,,,,,,,,,,,,,,,,,,2026-07-11 11:22:46.237,0,,
8868,63,61,10461,1,134,GARCIA MILLAN,GAZPACHO,GAZPACHO ANDALUZ GM 330ML,LACTEAS HISPALENSE,,,,,,,,,,NOT_COMPARABLE_MISSING_VALIDATION,1,0,0,,,,,,,,,,,,,,,,,,,,,,,,,,,,,,,,,,,,,,,,,,,,,,,,,,,,,,,,,,,,,,,,,,,,,,,,,,,,,,,,,,,,,,,,,,,,,,,,,,,,,,,,,,,,,,,,,,,,,,,,,,,,,,,,,,,,,,,,,,,,,,,,,,,,,,,,,,,,,,,,,,,,,,,,,,,,,,,,,,,,,,,,,,,,,,,,,,,,,,,,,,,,,,,,2026-07-11 11:22:46.237,0,,NoForecastRowsMaterialized
8869,63,61,10461,1,135,GARCIA MILLAN,GAZPACHO,GAZPACHO ANDALUZ GM 330ML,LIDL,,,,,,,,,,NOT_COMPARABLE_MISSING_VALIDATION,1,1,0,,,,,,,,,,,,,,,,,,,,,,,,,,,,,,,,,,,,,,,,,,,,,,,,,,,,,,,,,,,,,,,,,,,,,,,,,,,,,,,,,,,,,,,,,,,,,,,,,,,,,,,,,,,,,,,,,,,,,,,,,,,,,,,,,,,,,,,,,,,,,,,,,,,,,,,,,,,,,,,,,,,,,,,,,,,,,,,,,,,,,,,,,,,,,,,,,,,,,,,,,,,,,,,,2026-07-11 11:22:46.237,0,,
8870,63,61,10461,1,136,GARCIA MILLAN,GAZPACHO,GAZPACHO ANDALUZ GM 330ML,LOSAN DISTRIBUCIONES,,,,,,,,,,NOT_COMPARABLE_MISSING_VALIDATION,1,1,0,,,,,,,,,,,,,,,,,,,,,,,,,,,,,,,,,,,,,,,,,,,,,,,,,,,,,,,,,,,,,,,,,,,,,,,,,,,,,,,,,,,,,,,,,,,,,,,,,,,,,,,,,,,,,,,,,,,,,,,,,,,,,,,,,,,,,,,,,,,,,,,,,,,,,,,,,,,,,,,,,,,,,,,,,,,,,,,,,,,,,,,,,,,,,,,,,,,,,,,,,,,,,,,,2026-07-11 11:22:46.237,0,,NoForecastRowsMaterialized
8871,63,61,10461,1,137,GARCIA MILLAN,GAZPACHO,GAZPACHO ANDALUZ GM 330ML,LUIS PIÃ‘A,,,,,,,,,,NOT_COMPARABLE_MISSING_VALIDATION,1,1,0,,,,,,,,,,,,,,,,,,,,,,,,,,,,,,,,,,,,,,,,,,,,,,,,,,,,,,,,,,,,,,,,,,,,,,,,,,,,,,,,,,,,,,,,,,,,,,,,,,,,,,,,,,,,,,,,,,,,,,,,,,,,,,,,,,,,,,,,,,,,,,,,,,,,,,,,,,,,,,,,,,,,,,,,,,,,,,,,,,,,,,,,,,,,,,,,,,,,,,,,,,,,,,,,2026-07-11 11:22:46.237,0,,
8872,63,61,10461,1,138,GARCIA MILLAN,GAZPACHO,GAZPACHO ANDALUZ GM 330ML,MARKETING,,,,,,,,,,NOT_COMPARABLE_MISSING_VALIDATION,1,0,0,,,,,,,,,,,,,,,,,,,,,,,,,,,,,,,,,,,,,,,,,,,,,,,,,,,,,,,,,,,,,,,,,,,,,,,,,,,,,,,,,,,,,,,,,,,,,,,,,,,,,,,,,,,,,,,,,,,,,,,,,,,,,,,,,,,,,,,,,,,,,,,,,,,,,,,,,,,,,,,,,,,,,,,,,,,,,,,,,,,,,,,,,,,,,,,,,,,,,,,,,,,,,,,,2026-07-11 11:22:46.237,0,,NoForecastRowsMaterialized
8873,63,61,10461,1,139,GARCIA MILLAN,GAZPACHO,GAZPACHO ANDALUZ GM 330ML,MERCADONA,,,,,,,,,,NOT_COMPARABLE_MISSING_VALIDATION,1,1,0,,,,,,,,,,,,,,,,,,,,,,,,,,,,,,,,,,,,,,,,,,,,,,,,,,,,,,,,,,,,,,,,,,,,,,,,,,,,,,,,,,,,,,,,,,,,,,,,,,,,,,,,,,,,,,,,,,,,,,,,,,,,,,,,,,,,,,,,,,,,,,,,,,,,,,,,,,,,,,,,,,,,,,,,,,,,,,,,,,,,,,,,,,,,,,,,,,,,,,,,,,,,,,,,2026-07-11 11:22:46.237,0,,
8874,63,61,10461,1,140,GARCIA MILLAN,GAZPACHO,GAZPACHO ANDALUZ GM 330ML,MOISES MUÃ‘OZ E HIJOS,,,,,,,,,,NOT_COMPARABLE_MISSING_VALIDATION,1,1,0,,,,,,,,,,,,,,,,,,,,,,,,,,,,,,,,,,,,,,,,,,,,,,,,,,,,,,,,,,,,,,,,,,,,,,,,,,,,,,,,,,,,,,,,,,,,,,,,,,,,,,,,,,,,,,,,,,,,,,,,,,,,,,,,,,,,,,,,,,,,,,,,,,,,,,,,,,,,,,,,,,,,,,,,,,,,,,,,,,,,,,,,,,,,,,,,,,,,,,,,,,,,,,,,2026-07-11 11:22:46.237,0,,
8875,63,61,10461,1,141,GARCIA MILLAN,GAZPACHO,GAZPACHO ANDALUZ GM 330ML,MUESTRAS,,,,,,,,,,NOT_COMPARABLE_MISSING_VALIDATION,1,1,0,,,,,,,,,,,,,,,,,,,,,,,,,,,,,,,,,,,,,,,,,,,,,,,,,,,,,,,,,,,,,,,,,,,,,,,,,,,,,,,,,,,,,,,,,,,,,,,,,,,,,,,,,,,,,,,,,,,,,,,,,,,,,,,,,,,,,,,,,,,,,,,,,,,,,,,,,,,,,,,,,,,,,,,,,,,,,,,,,,,,,,,,,,,,,,,,,,,,,,,,,,,,,,,,2026-07-11 11:22:46.237,0,,NoForecastRowsMaterialized
8876,63,61,10461,1,142,GARCIA MILLAN,GAZPACHO,GAZPACHO ANDALUZ GM 330ML,PARQUE ISLA MAGICA,,,,,,,,,,NOT_COMPARABLE_MISSING_VALIDATION,1,1,0,,,,,,,,,,,,,,,,,,,,,,,,,,,,,,,,,,,,,,,,,,,,,,,,,,,,,,,,,,,,,,,,,,,,,,,,,,,,,,,,,,,,,,,,,,,,,,,,,,,,,,,,,,,,,,,,,,,,,,,,,,,,,,,,,,,,,,,,,,,,,,,,,,,,,,,,,,,,,,,,,,,,,,,,,,,,,,,,,,,,,,,,,,,,,,,,,,,,,,,,,,,,,,,,2026-07-11 11:22:46.237,0,,
8877,63,61,10461,1,143,GARCIA MILLAN,GAZPACHO,GAZPACHO ANDALUZ GM 330ML,PARQUE NORTE,,,,,,,,,,NOT_COMPARABLE_MISSING_VALIDATION,1,0,0,,,,,,,,,,,,,,,,,,,,,,,,,,,,,,,,,,,,,,,,,,,,,,,,,,,,,,,,,,,,,,,,,,,,,,,,,,,,,,,,,,,,,,,,,,,,,,,,,,,,,,,,,,,,,,,,,,,,,,,,,,,,,,,,,,,,,,,,,,,,,,,,,,,,,,,,,,,,,,,,,,,,,,,,,,,,,,,,,,,,,,,,,,,,,,,,,,,,,,,,,,,,,,,,2026-07-11 11:22:46.237,0,,NoForecastRowsMaterialized
8878,63,61,10461,1,144,GARCIA MILLAN,GAZPACHO,GAZPACHO ANDALUZ GM 330ML,PLASTICOSUR,,,,,,,,,,NOT_COMPARABLE_MISSING_VALIDATION,1,1,0,,,,,,,,,,,,,,,,,,,,,,,,,,,,,,,,,,,,,,,,,,,,,,,,,,,,,,,,,,,,,,,,,,,,,,,,,,,,,,,,,,,,,,,,,,,,,,,,,,,,,,,,,,,,,,,,,,,,,,,,,,,,,,,,,,,,,,,,,,,,,,,,,,,,,,,,,,,,,,,,,,,,,,,,,,,,,,,,,,,,,,,,,,,,,,,,,,,,,,,,,,,,,,,,2026-07-11 11:22:46.237,0,,
8879,63,61,10461,1,145,GARCIA MILLAN,GAZPACHO,GAZPACHO ANDALUZ GM 330ML,PUNTO SADEAL UNIVERSAL,,,,,,,,,,NOT_COMPARABLE_MISSING_VALIDATION,1,1,0,,,,,,,,,,,,,,,,,,,,,,,,,,,,,,,,,,,,,,,,,,,,,,,,,,,,,,,,,,,,,,,,,,,,,,,,,,,,,,,,,,,,,,,,,,,,,,,,,,,,,,,,,,,,,,,,,,,,,,,,,,,,,,,,,,,,,,,,,,,,,,,,,,,,,,,,,,,,,,,,,,,,,,,,,,,,,,,,,,,,,,,,,,,,,,,,,,,,,,,,,,,,,,,,2026-07-11 11:22:46.237,0,,NoForecastRowsMaterialized
8880,63,61,10461,1,146,GARCIA MILLAN,GAZPACHO,GAZPACHO ANDALUZ GM 330ML,RAFAEL OLIAS,,,,,,,,,,NOT_COMPARABLE_MISSING_VALIDATION,1,1,0,,,,,,,,,,,,,,,,,,,,,,,,,,,,,,,,,,,,,,,,,,,,,,,,,,,,,,,,,,,,,,,,,,,,,,,,,,,,,,,,,,,,,,,,,,,,,,,,,,,,,,,,,,,,,,,,,,,,,,,,,,,,,,,,,,,,,,,,,,,,,,,,,,,,,,,,,,,,,,,,,,,,,,,,,,,,,,,,,,,,,,,,,,,,,,,,,,,,,,,,,,,,,,,,2026-07-11 11:22:46.237,0,,
8881,63,61,10461,1,147,GARCIA MILLAN,GAZPACHO,GAZPACHO ANDALUZ GM 330ML,REPRESENTACIONES MAYORAL,,,,,,,,,,NOT_COMPARABLE_MISSING_VALIDATION,1,0,0,,,,,,,,,,,,,,,,,,,,,,,,,,,,,,,,,,,,,,,,,,,,,,,,,,,,,,,,,,,,,,,,,,,,,,,,,,,,,,,,,,,,,,,,,,,,,,,,,,,,,,,,,,,,,,,,,,,,,,,,,,,,,,,,,,,,,,,,,,,,,,,,,,,,,,,,,,,,,,,,,,,,,,,,,,,,,,,,,,,,,,,,,,,,,,,,,,,,,,,,,,,,,,,,2026-07-11 11:22:46.237,0,,NoForecastRowsMaterialized
8882,63,61,10461,1,148,GARCIA MILLAN,GAZPACHO,GAZPACHO ANDALUZ GM 330ML,RUIZ GALAN,,,,,,,,,,NOT_COMPARABLE_MISSING_VALIDATION,1,1,0,,,,,,,,,,,,,,,,,,,,,,,,,,,,,,,,,,,,,,,,,,,,,,,,,,,,,,,,,,,,,,,,,,,,,,,,,,,,,,,,,,,,,,,,,,,,,,,,,,,,,,,,,,,,,,,,,,,,,,,,,,,,,,,,,,,,,,,,,,,,,,,,,,,,,,,,,,,,,,,,,,,,,,,,,,,,,,,,,,,,,,,,,,,,,,,,,,,,,,,,,,,,,,,,2026-07-11 11:22:46.237,0,,
8883,63,61,10461,1,149,GARCIA MILLAN,GAZPACHO,GAZPACHO ANDALUZ GM 330ML,SOALPE,,,,,,,,,,NOT_COMPARABLE_MISSING_VALIDATION,1,1,0,,,,,,,,,,,,,,,,,,,,,,,,,,,,,,,,,,,,,,,,,,,,,,,,,,,,,,,,,,,,,,,,,,,,,,,,,,,,,,,,,,,,,,,,,,,,,,,,,,,,,,,,,,,,,,,,,,,,,,,,,,,,,,,,,,,,,,,,,,,,,,,,,,,,,,,,,,,,,,,,,,,,,,,,,,,,,,,,,,,,,,,,,,,,,,,,,,,,,,,,,,,,,,,,2026-07-11 11:22:46.237,0,,
8884,63,61,10461,1,150,GARCIA MILLAN,GAZPACHO,GAZPACHO ANDALUZ GM 330ML,SOLA RICCA,,,,,,,,,,NOT_COMPARABLE_MISSING_VALIDATION,1,1,0,,,,,,,,,,,,,,,,,,,,,,,,,,,,,,,,,,,,,,,,,,,,,,,,,,,,,,,,,,,,,,,,,,,,,,,,,,,,,,,,,,,,,,,,,,,,,,,,,,,,,,,,,,,,,,,,,,,,,,,,,,,,,,,,,,,,,,,,,,,,,,,,,,,,,,,,,,,,,,,,,,,,,,,,,,,,,,,,,,,,,,,,,,,,,,,,,,,,,,,,,,,,,,,,2026-07-11 11:22:46.237,0,,
8885,63,61,10461,1,151,GARCIA MILLAN,GAZPACHO,GAZPACHO ANDALUZ GM 330ML,SUPER ARCOS,,,,,,,,,,NOT_COMPARABLE_MISSING_VALIDATION,1,1,0,,,,,,,,,,,,,,,,,,,,,,,,,,,,,,,,,,,,,,,,,,,,,,,,,,,,,,,,,,,,,,,,,,,,,,,,,,,,,,,,,,,,,,,,,,,,,,,,,,,,,,,,,,,,,,,,,,,,,,,,,,,,,,,,,,,,,,,,,,,,,,,,,,,,,,,,,,,,,,,,,,,,,,,,,,,,,,,,,,,,,,,,,,,,,,,,,,,,,,,,,,,,,,,,2026-07-11 11:22:46.237,0,,
8886,63,61,10461,1,152,GARCIA MILLAN,GAZPACHO,GAZPACHO ANDALUZ GM 330ML,UNAMI CATERING,,,,,,,,,,NOT_COMPARABLE_MISSING_VALIDATION,1,0,0,,,,,,,,,,,,,,,,,,,,,,,,,,,,,,,,,,,,,,,,,,,,,,,,,,,,,,,,,,,,,,,,,,,,,,,,,,,,,,,,,,,,,,,,,,,,,,,,,,,,,,,,,,,,,,,,,,,,,,,,,,,,,,,,,,,,,,,,,,,,,,,,,,,,,,,,,,,,,,,,,,,,,,,,,,,,,,,,,,,,,,,,,,,,,,,,,,,,,,,,,,,,,,,,2026-07-11 11:22:46.237,0,,NoForecastRowsMaterialized
8887,63,61,10461,1,153,GARCIA MILLAN,GAZPACHO,GAZPACHO ANDALUZ GM 330ML,UNEI,,,,,,,,,,NOT_COMPARABLE_MISSING_VALIDATION,1,1,0,,,,,,,,,,,,,,,,,,,,,,,,,,,,,,,,,,,,,,,,,,,,,,,,,,,,,,,,,,,,,,,,,,,,,,,,,,,,,,,,,,,,,,,,,,,,,,,,,,,,,,,,,,,,,,,,,,,,,,,,,,,,,,,,,,,,,,,,,,,,,,,,,,,,,,,,,,,,,,,,,,,,,,,,,,,,,,,,,,,,,,,,,,,,,,,,,,,,,,,,,,,,,,,,2026-07-11 11:22:46.237,0,,NoForecastRowsMaterialized
"8888,63,61,10461,1,308,GARCIA MILLAN,SALMOREJO,SALMOREJO ORIGINAL GM 1L,"""",,,,,,,,,,NOT_COMPARABLE_MISSING_VALIDATION,1,1,0,,,,,,,,,,,,,,,,,,,,,,,,,,,,,,,,,,,,,,,,,,,,,,,,,,,,,,,,,,,,,,,,,,,,,,,,,,,,,,,,,,,,,,,,,,,,,,,,,,,,,,,,,,,,,,,,,,,,,,,,,,,,,,,,,,,,,,,,,,,,,,,,,,,,,,,,,,,,,,,,,,,,,,,,,,,,,,,,,,,,,,,,,,,,,,,,,,,,,,,,,,,,,,,,2026-07-11 11:22:46.237,0,,"
8889,63,61,10461,1,309,GARCIA MILLAN,SALMOREJO,SALMOREJO ORIGINAL GM 1L,AHORRAMAS,,,,,,,,,,NOT_COMPARABLE_MISSING_VALIDATION,1,1,0,,,,,,,,,,,,,,,,,,,,,,,,,,,,,,,,,,,,,,,,,,,,,,,,,,,,,,,,,,,,,,,,,,,,,,,,,,,,,,,,,,,,,,,,,,,,,,,,,,,,,,,,,,,,,,,,,,,,,,,,,,,,,,,,,,,,,,,,,,,,,,,,,,,,,,,,,,,,,,,,,,,,,,,,,,,,,,,,,,,,,,,,,,,,,,,,,,,,,,,,,,,,,,,,2026-07-11 11:22:46.237,0,,
8890,63,61,10461,1,310,GARCIA MILLAN,SALMOREJO,SALMOREJO ORIGINAL GM 1L,ALDI,,,,,,,,,,NOT_COMPARABLE_MISSING_VALIDATION,1,1,0,,,,,,,,,,,,,,,,,,,,,,,,,,,,,,,,,,,,,,,,,,,,,,,,,,,,,,,,,,,,,,,,,,,,,,,,,,,,,,,,,,,,,,,,,,,,,,,,,,,,,,,,,,,,,,,,,,,,,,,,,,,,,,,,,,,,,,,,,,,,,,,,,,,,,,,,,,,,,,,,,,,,,,,,,,,,,,,,,,,,,,,,,,,,,,,,,,,,,,,,,,,,,,,,2026-07-11 11:22:46.237,0,,
8891,63,61,10461,1,311,GARCIA MILLAN,SALMOREJO,SALMOREJO ORIGINAL GM 1L,ALIMERKA,,,,,,,,,,NOT_COMPARABLE_MISSING_VALIDATION,1,1,0,,,,,,,,,,,,,,,,,,,,,,,,,,,,,,,,,,,,,,,,,,,,,,,,,,,,,,,,,,,,,,,,,,,,,,,,,,,,,,,,,,,,,,,,,,,,,,,,,,,,,,,,,,,,,,,,,,,,,,,,,,,,,,,,,,,,,,,,,,,,,,,,,,,,,,,,,,,,,,,,,,,,,,,,,,,,,,,,,,,,,,,,,,,,,,,,,,,,,,,,,,,,,,,,2026-07-11 11:22:46.237,0,,
8892,63,61,10461,1,312,GARCIA MILLAN,SALMOREJO,SALMOREJO ORIGINAL GM 1L,ALIPENSA,,,,,,,,,,NOT_COMPARABLE_MISSING_VALIDATION,1,1,0,,,,,,,,,,,,,,,,,,,,,,,,,,,,,,,,,,,,,,,,,,,,,,,,,,,,,,,,,,,,,,,,,,,,,,,,,,,,,,,,,,,,,,,,,,,,,,,,,,,,,,,,,,,,,,,,,,,,,,,,,,,,,,,,,,,,,,,,,,,,,,,,,,,,,,,,,,,,,,,,,,,,,,,,,,,,,,,,,,,,,,,,,,,,,,,,,,,,,,,,,,,,,,,,2026-07-11 11:22:46.237,0,,
8893,63,61,10461,1,313,GARCIA MILLAN,SALMOREJO,SALMOREJO ORIGINAL GM 1L,AMAZON,,,,,,,,,,NOT_COMPARABLE_MISSING_VALIDATION,1,1,0,,,,,,,,,,,,,,,,,,,,,,,,,,,,,,,,,,,,,,,,,,,,,,,,,,,,,,,,,,,,,,,,,,,,,,,,,,,,,,,,,,,,,,,,,,,,,,,,,,,,,,,,,,,,,,,,,,,,,,,,,,,,,,,,,,,,,,,,,,,,,,,,,,,,,,,,,,,,,,,,,,,,,,,,,,,,,,,,,,,,,,,,,,,,,,,,,,,,,,,,,,,,,,,,2026-07-11 11:22:46.237,0,,
8894,63,61,10461,1,314,GARCIA MILLAN,SALMOREJO,SALMOREJO ORIGINAL GM 1L,BARMA FANGZHOU,,,,,,,,,,NOT_COMPARABLE_MISSING_VALIDATION,1,0,0,,,,,,,,,,,,,,,,,,,,,,,,,,,,,,,,,,,,,,,,,,,,,,,,,,,,,,,,,,,,,,,,,,,,,,,,,,,,,,,,,,,,,,,,,,,,,,,,,,,,,,,,,,,,,,,,,,,,,,,,,,,,,,,,,,,,,,,,,,,,,,,,,,,,,,,,,,,,,,,,,,,,,,,,,,,,,,,,,,,,,,,,,,,,,,,,,,,,,,,,,,,,,,,,2026-07-11 11:22:46.237,0,,NoForecastRowsMaterialized
8895,63,61,10461,1,315,GARCIA MILLAN,SALMOREJO,SALMOREJO ORIGINAL GM 1L,BELMAR DON BENITO,,,,,,,,,,NOT_COMPARABLE_MISSING_VALIDATION,1,0,0,,,,,,,,,,,,,,,,,,,,,,,,,,,,,,,,,,,,,,,,,,,,,,,,,,,,,,,,,,,,,,,,,,,,,,,,,,,,,,,,,,,,,,,,,,,,,,,,,,,,,,,,,,,,,,,,,,,,,,,,,,,,,,,,,,,,,,,,,,,,,,,,,,,,,,,,,,,,,,,,,,,,,,,,,,,,,,,,,,,,,,,,,,,,,,,,,,,,,,,,,,,,,,,,2026-07-11 11:22:46.237,0,,NoForecastRowsMaterialized
8896,63,61,10461,1,316,GARCIA MILLAN,SALMOREJO,SALMOREJO ORIGINAL GM 1L,BGROUP,,,,,,,,,,NOT_COMPARABLE_MISSING_VALIDATION,1,0,0,,,,,,,,,,,,,,,,,,,,,,,,,,,,,,,,,,,,,,,,,,,,,,,,,,,,,,,,,,,,,,,,,,,,,,,,,,,,,,,,,,,,,,,,,,,,,,,,,,,,,,,,,,,,,,,,,,,,,,,,,,,,,,,,,,,,,,,,,,,,,,,,,,,,,,,,,,,,,,,,,,,,,,,,,,,,,,,,,,,,,,,,,,,,,,,,,,,,,,,,,,,,,,,,2026-07-11 11:22:46.237,0,,NoForecastRowsMaterialized
8897,63,61,10461,1,317,GARCIA MILLAN,SALMOREJO,SALMOREJO ORIGINAL GM 1L,BON PREU,,,,,,,,,,NOT_COMPARABLE_MISSING_VALIDATION,1,1,0,,,,,,,,,,,,,,,,,,,,,,,,,,,,,,,,,,,,,,,,,,,,,,,,,,,,,,,,,,,,,,,,,,,,,,,,,,,,,,,,,,,,,,,,,,,,,,,,,,,,,,,,,,,,,,,,,,,,,,,,,,,,,,,,,,,,,,,,,,,,,,,,,,,,,,,,,,,,,,,,,,,,,,,,,,,,,,,,,,,,,,,,,,,,,,,,,,,,,,,,,,,,,,,,2026-07-11 11:22:46.237,0,,
8898,63,61,10461,1,318,GARCIA MILLAN,SALMOREJO,SALMOREJO ORIGINAL GM 1L,CARO RUIZ,,,,,,,,,,NOT_COMPARABLE_MISSING_VALIDATION,1,1,0,,,,,,,,,,,,,,,,,,,,,,,,,,,,,,,,,,,,,,,,,,,,,,,,,,,,,,,,,,,,,,,,,,,,,,,,,,,,,,,,,,,,,,,,,,,,,,,,,,,,,,,,,,,,,,,,,,,,,,,,,,,,,,,,,,,,,,,,,,,,,,,,,,,,,,,,,,,,,,,,,,,,,,,,,,,,,,,,,,,,,,,,,,,,,,,,,,,,,,,,,,,,,,,,2026-07-11 11:22:46.237,0,,
8899,63,61,10461,1,319,GARCIA MILLAN,SALMOREJO,SALMOREJO ORIGINAL GM 1L,CARREFOUR,,,,,,,,,,NOT_COMPARABLE_MISSING_VALIDATION,1,1,0,,,,,,,,,,,,,,,,,,,,,,,,,,,,,,,,,,,,,,,,,,,,,,,,,,,,,,,,,,,,,,,,,,,,,,,,,,,,,,,,,,,,,,,,,,,,,,,,,,,,,,,,,,,,,,,,,,,,,,,,,,,,,,,,,,,,,,,,,,,,,,,,,,,,,,,,,,,,,,,,,,,,,,,,,,,,,,,,,,,,,,,,,,,,,,,,,,,,,,,,,,,,,,,,2026-07-11 11:22:46.237,0,,
8900,63,61,10461,1,320,GARCIA MILLAN,SALMOREJO,SALMOREJO ORIGINAL GM 1L,CARRION PARADAS,,,,,,,,,,NOT_COMPARABLE_MISSING_VALIDATION,1,1,0,,,,,,,,,,,,,,,,,,,,,,,,,,,,,,,,,,,,,,,,,,,,,,,,,,,,,,,,,,,,,,,,,,,,,,,,,,,,,,,,,,,,,,,,,,,,,,,,,,,,,,,,,,,,,,,,,,,,,,,,,,,,,,,,,,,,,,,,,,,,,,,,,,,,,,,,,,,,,,,,,,,,,,,,,,,,,,,,,,,,,,,,,,,,,,,,,,,,,,,,,,,,,,,,2026-07-11 11:22:46.237,0,,
8901,63,61,10461,1,321,GARCIA MILLAN,SALMOREJO,SALMOREJO ORIGINAL GM 1L,CASH BAREA,,,,,,,,,,NOT_COMPARABLE_MISSING_VALIDATION,1,1,0,,,,,,,,,,,,,,,,,,,,,,,,,,,,,,,,,,,,,,,,,,,,,,,,,,,,,,,,,,,,,,,,,,,,,,,,,,,,,,,,,,,,,,,,,,,,,,,,,,,,,,,,,,,,,,,,,,,,,,,,,,,,,,,,,,,,,,,,,,,,,,,,,,,,,,,,,,,,,,,,,,,,,,,,,,,,,,,,,,,,,,,,,,,,,,,,,,,,,,,,,,,,,,,,2026-07-11 11:22:46.237,0,,
8902,63,61,10461,1,322,GARCIA MILLAN,SALMOREJO,SALMOREJO ORIGINAL GM 1L,CATERING DOMENICO,,,,,,,,,,NOT_COMPARABLE_MISSING_VALIDATION,1,1,0,,,,,,,,,,,,,,,,,,,,,,,,,,,,,,,,,,,,,,,,,,,,,,,,,,,,,,,,,,,,,,,,,,,,,,,,,,,,,,,,,,,,,,,,,,,,,,,,,,,,,,,,,,,,,,,,,,,,,,,,,,,,,,,,,,,,,,,,,,,,,,,,,,,,,,,,,,,,,,,,,,,,,,,,,,,,,,,,,,,,,,,,,,,,,,,,,,,,,,,,,,,,,,,,2026-07-11 11:22:46.237,0,,NoForecastRowsMaterialized
8903,63,61,10461,1,323,GARCIA MILLAN,SALMOREJO,SALMOREJO ORIGINAL GM 1L,CHAPELA LEON,,,,,,,,,,NOT_COMPARABLE_MISSING_VALIDATION,1,1,0,,,,,,,,,,,,,,,,,,,,,,,,,,,,,,,,,,,,,,,,,,,,,,,,,,,,,,,,,,,,,,,,,,,,,,,,,,,,,,,,,,,,,,,,,,,,,,,,,,,,,,,,,,,,,,,,,,,,,,,,,,,,,,,,,,,,,,,,,,,,,,,,,,,,,,,,,,,,,,,,,,,,,,,,,,,,,,,,,,,,,,,,,,,,,,,,,,,,,,,,,,,,,,,,2026-07-11 11:22:46.237,0,,
8904,63,61,10461,1,324,GARCIA MILLAN,SALMOREJO,SALMOREJO ORIGINAL GM 1L,COFRUMA,,,,,,,,,,NOT_COMPARABLE_MISSING_VALIDATION,1,0,0,,,,,,,,,,,,,,,,,,,,,,,,,,,,,,,,,,,,,,,,,,,,,,,,,,,,,,,,,,,,,,,,,,,,,,,,,,,,,,,,,,,,,,,,,,,,,,,,,,,,,,,,,,,,,,,,,,,,,,,,,,,,,,,,,,,,,,,,,,,,,,,,,,,,,,,,,,,,,,,,,,,,,,,,,,,,,,,,,,,,,,,,,,,,,,,,,,,,,,,,,,,,,,,,2026-07-11 11:22:46.237,0,,NoForecastRowsMaterialized
8905,63,61,10461,1,325,GARCIA MILLAN,SALMOREJO,SALMOREJO ORIGINAL GM 1L,COMEDOR SAN JUAN DE ACRE,,,,,,,,,,NOT_COMPARABLE_MISSING_VALIDATION,1,0,0,,,,,,,,,,,,,,,,,,,,,,,,,,,,,,,,,,,,,,,,,,,,,,,,,,,,,,,,,,,,,,,,,,,,,,,,,,,,,,,,,,,,,,,,,,,,,,,,,,,,,,,,,,,,,,,,,,,,,,,,,,,,,,,,,,,,,,,,,,,,,,,,,,,,,,,,,,,,,,,,,,,,,,,,,,,,,,,,,,,,,,,,,,,,,,,,,,,,,,,,,,,,,,,,2026-07-11 11:22:46.237,0,,NoForecastRowsMaterialized
8906,63,61,10461,1,326,GARCIA MILLAN,SALMOREJO,SALMOREJO ORIGINAL GM 1L,COMERBAL,,,,,,,,,,NOT_COMPARABLE_MISSING_VALIDATION,1,1,0,,,,,,,,,,,,,,,,,,,,,,,,,,,,,,,,,,,,,,,,,,,,,,,,,,,,,,,,,,,,,,,,,,,,,,,,,,,,,,,,,,,,,,,,,,,,,,,,,,,,,,,,,,,,,,,,,,,,,,,,,,,,,,,,,,,,,,,,,,,,,,,,,,,,,,,,,,,,,,,,,,,,,,,,,,,,,,,,,,,,,,,,,,,,,,,,,,,,,,,,,,,,,,,,2026-07-11 11:22:46.237,0,,
8907,63,61,10461,1,327,GARCIA MILLAN,SALMOREJO,SALMOREJO ORIGINAL GM 1L,COMERCIAL PIEDRA TRUJILLO,,,,,,,,,,NOT_COMPARABLE_MISSING_VALIDATION,1,1,0,,,,,,,,,,,,,,,,,,,,,,,,,,,,,,,,,,,,,,,,,,,,,,,,,,,,,,,,,,,,,,,,,,,,,,,,,,,,,,,,,,,,,,,,,,,,,,,,,,,,,,,,,,,,,,,,,,,,,,,,,,,,,,,,,,,,,,,,,,,,,,,,,,,,,,,,,,,,,,,,,,,,,,,,,,,,,,,,,,,,,,,,,,,,,,,,,,,,,,,,,,,,,,,,2026-07-11 11:22:46.237,0,,
8908,63,61,10461,1,328,GARCIA MILLAN,SALMOREJO,SALMOREJO ORIGINAL GM 1L,CONDIS,,,,,,,,,,NOT_COMPARABLE_MISSING_VALIDATION,1,1,0,,,,,,,,,,,,,,,,,,,,,,,,,,,,,,,,,,,,,,,,,,,,,,,,,,,,,,,,,,,,,,,,,,,,,,,,,,,,,,,,,,,,,,,,,,,,,,,,,,,,,,,,,,,,,,,,,,,,,,,,,,,,,,,,,,,,,,,,,,,,,,,,,,,,,,,,,,,,,,,,,,,,,,,,,,,,,,,,,,,,,,,,,,,,,,,,,,,,,,,,,,,,,,,,2026-07-11 11:22:46.237,0,,
8909,63,61,10461,1,329,GARCIA MILLAN,SALMOREJO,SALMOREJO ORIGINAL GM 1L,CONSUM,,,,,,,,,,NOT_COMPARABLE_MISSING_VALIDATION,1,1,0,,,,,,,,,,,,,,,,,,,,,,,,,,,,,,,,,,,,,,,,,,,,,,,,,,,,,,,,,,,,,,,,,,,,,,,,,,,,,,,,,,,,,,,,,,,,,,,,,,,,,,,,,,,,,,,,,,,,,,,,,,,,,,,,,,,,,,,,,,,,,,,,,,,,,,,,,,,,,,,,,,,,,,,,,,,,,,,,,,,,,,,,,,,,,,,,,,,,,,,,,,,,,,,,2026-07-11 11:22:46.237,0,,
8910,63,61,10461,1,330,GARCIA MILLAN,SALMOREJO,SALMOREJO ORIGINAL GM 1L,COVIRAN,,,,,,,,,,NOT_COMPARABLE_MISSING_VALIDATION,1,1,0,,,,,,,,,,,,,,,,,,,,,,,,,,,,,,,,,,,,,,,,,,,,,,,,,,,,,,,,,,,,,,,,,,,,,,,,,,,,,,,,,,,,,,,,,,,,,,,,,,,,,,,,,,,,,,,,,,,,,,,,,,,,,,,,,,,,,,,,,,,,,,,,,,,,,,,,,,,,,,,,,,,,,,,,,,,,,,,,,,,,,,,,,,,,,,,,,,,,,,,,,,,,,,,,2026-07-11 11:22:46.237,0,,
8911,63,61,10461,1,331,GARCIA MILLAN,SALMOREJO,SALMOREJO ORIGINAL GM 1L,DIA,,,,,,,,,,NOT_COMPARABLE_MISSING_VALIDATION,1,1,0,,,,,,,,,,,,,,,,,,,,,,,,,,,,,,,,,,,,,,,,,,,,,,,,,,,,,,,,,,,,,,,,,,,,,,,,,,,,,,,,,,,,,,,,,,,,,,,,,,,,,,,,,,,,,,,,,,,,,,,,,,,,,,,,,,,,,,,,,,,,,,,,,,,,,,,,,,,,,,,,,,,,,,,,,,,,,,,,,,,,,,,,,,,,,,,,,,,,,,,,,,,,,,,,2026-07-11 11:22:46.237,0,,
8912,63,61,10461,1,332,GARCIA MILLAN,SALMOREJO,SALMOREJO ORIGINAL GM 1L,DINOSOL,,,,,,,,,,NOT_COMPARABLE_MISSING_VALIDATION,1,0,0,,,,,,,,,,,,,,,,,,,,,,,,,,,,,,,,,,,,,,,,,,,,,,,,,,,,,,,,,,,,,,,,,,,,,,,,,,,,,,,,,,,,,,,,,,,,,,,,,,,,,,,,,,,,,,,,,,,,,,,,,,,,,,,,,,,,,,,,,,,,,,,,,,,,,,,,,,,,,,,,,,,,,,,,,,,,,,,,,,,,,,,,,,,,,,,,,,,,,,,,,,,,,,,,2026-07-11 11:22:46.237,0,,NoForecastRowsMaterialized
8913,63,61,10461,1,333,GARCIA MILLAN,SALMOREJO,SALMOREJO ORIGINAL GM 1L,DISTRIBUCIONES CARDOSO,,,,,,,,,,NOT_COMPARABLE_MISSING_VALIDATION,1,1,0,,,,,,,,,,,,,,,,,,,,,,,,,,,,,,,,,,,,,,,,,,,,,,,,,,,,,,,,,,,,,,,,,,,,,,,,,,,,,,,,,,,,,,,,,,,,,,,,,,,,,,,,,,,,,,,,,,,,,,,,,,,,,,,,,,,,,,,,,,,,,,,,,,,,,,,,,,,,,,,,,,,,,,,,,,,,,,,,,,,,,,,,,,,,,,,,,,,,,,,,,,,,,,,,2026-07-11 11:22:46.237,0,,
8914,63,61,10461,1,334,GARCIA MILLAN,SALMOREJO,SALMOREJO ORIGINAL GM 1L,DISTRIBUCIONES FROIZ,,,,,,,,,,NOT_COMPARABLE_MISSING_VALIDATION,1,1,0,,,,,,,,,,,,,,,,,,,,,,,,,,,,,,,,,,,,,,,,,,,,,,,,,,,,,,,,,,,,,,,,,,,,,,,,,,,,,,,,,,,,,,,,,,,,,,,,,,,,,,,,,,,,,,,,,,,,,,,,,,,,,,,,,,,,,,,,,,,,,,,,,,,,,,,,,,,,,,,,,,,,,,,,,,,,,,,,,,,,,,,,,,,,,,,,,,,,,,,,,,,,,,,,2026-07-11 11:22:46.237,0,,
8915,63,61,10461,1,335,GARCIA MILLAN,SALMOREJO,SALMOREJO ORIGINAL GM 1L,DISTRIBUCIONES JTT,,,,,,,,,,NOT_COMPARABLE_MISSING_VALIDATION,1,1,0,,,,,,,,,,,,,,,,,,,,,,,,,,,,,,,,,,,,,,,,,,,,,,,,,,,,,,,,,,,,,,,,,,,,,,,,,,,,,,,,,,,,,,,,,,,,,,,,,,,,,,,,,,,,,,,,,,,,,,,,,,,,,,,,,,,,,,,,,,,,,,,,,,,,,,,,,,,,,,,,,,,,,,,,,,,,,,,,,,,,,,,,,,,,,,,,,,,,,,,,,,,,,,,,2026-07-11 11:22:46.237,0,,
8916,63,61,10461,1,336,GARCIA MILLAN,SALMOREJO,SALMOREJO ORIGINAL GM 1L,DISTRIBUCIONES LOTESA,,,,,,,,,,NOT_COMPARABLE_MISSING_VALIDATION,1,1,0,,,,,,,,,,,,,,,,,,,,,,,,,,,,,,,,,,,,,,,,,,,,,,,,,,,,,,,,,,,,,,,,,,,,,,,,,,,,,,,,,,,,,,,,,,,,,,,,,,,,,,,,,,,,,,,,,,,,,,,,,,,,,,,,,,,,,,,,,,,,,,,,,,,,,,,,,,,,,,,,,,,,,,,,,,,,,,,,,,,,,,,,,,,,,,,,,,,,,,,,,,,,,,,,2026-07-11 11:22:46.237,0,,NoForecastRowsMaterialized
8917,63,61,10461,1,337,GARCIA MILLAN,SALMOREJO,SALMOREJO ORIGINAL GM 1L,DONACIONES,,,,,,,,,,NOT_COMPARABLE_MISSING_VALIDATION,1,1,0,,,,,,,,,,,,,,,,,,,,,,,,,,,,,,,,,,,,,,,,,,,,,,,,,,,,,,,,,,,,,,,,,,,,,,,,,,,,,,,,,,,,,,,,,,,,,,,,,,,,,,,,,,,,,,,,,,,,,,,,,,,,,,,,,,,,,,,,,,,,,,,,,,,,,,,,,,,,,,,,,,,,,,,,,,,,,,,,,,,,,,,,,,,,,,,,,,,,,,,,,,,,,,,,2026-07-11 11:22:46.237,0,,
8918,63,61,10461,1,338,GARCIA MILLAN,SALMOREJO,SALMOREJO ORIGINAL GM 1L,DRINKS SOL,,,,,,,,,,NOT_COMPARABLE_MISSING_VALIDATION,1,0,0,,,,,,,,,,,,,,,,,,,,,,,,,,,,,,,,,,,,,,,,,,,,,,,,,,,,,,,,,,,,,,,,,,,,,,,,,,,,,,,,,,,,,,,,,,,,,,,,,,,,,,,,,,,,,,,,,,,,,,,,,,,,,,,,,,,,,,,,,,,,,,,,,,,,,,,,,,,,,,,,,,,,,,,,,,,,,,,,,,,,,,,,,,,,,,,,,,,,,,,,,,,,,,,,2026-07-11 11:22:46.237,0,,NoForecastRowsMaterialized
8919,63,61,10461,1,339,GARCIA MILLAN,SALMOREJO,SALMOREJO ORIGINAL GM 1L,ECOMORA,,,,,,,,,,NOT_COMPARABLE_MISSING_VALIDATION,1,1,0,,,,,,,,,,,,,,,,,,,,,,,,,,,,,,,,,,,,,,,,,,,,,,,,,,,,,,,,,,,,,,,,,,,,,,,,,,,,,,,,,,,,,,,,,,,,,,,,,,,,,,,,,,,,,,,,,,,,,,,,,,,,,,,,,,,,,,,,,,,,,,,,,,,,,,,,,,,,,,,,,,,,,,,,,,,,,,,,,,,,,,,,,,,,,,,,,,,,,,,,,,,,,,,,2026-07-11 11:22:46.237,0,,
8920,63,61,10461,1,340,GARCIA MILLAN,SALMOREJO,SALMOREJO ORIGINAL GM 1L,EL CASERIO DE AGUADULCE,,,,,,,,,,NOT_COMPARABLE_MISSING_VALIDATION,1,0,0,,,,,,,,,,,,,,,,,,,,,,,,,,,,,,,,,,,,,,,,,,,,,,,,,,,,,,,,,,,,,,,,,,,,,,,,,,,,,,,,,,,,,,,,,,,,,,,,,,,,,,,,,,,,,,,,,,,,,,,,,,,,,,,,,,,,,,,,,,,,,,,,,,,,,,,,,,,,,,,,,,,,,,,,,,,,,,,,,,,,,,,,,,,,,,,,,,,,,,,,,,,,,,,,2026-07-11 11:22:46.237,0,,NoForecastRowsMaterialized
8921,63,61,10461,1,341,GARCIA MILLAN,SALMOREJO,SALMOREJO ORIGINAL GM 1L,EL CORTE INGLES,,,,,,,,,,NOT_COMPARABLE_MISSING_VALIDATION,1,1,0,,,,,,,,,,,,,,,,,,,,,,,,,,,,,,,,,,,,,,,,,,,,,,,,,,,,,,,,,,,,,,,,,,,,,,,,,,,,,,,,,,,,,,,,,,,,,,,,,,,,,,,,,,,,,,,,,,,,,,,,,,,,,,,,,,,,,,,,,,,,,,,,,,,,,,,,,,,,,,,,,,,,,,,,,,,,,,,,,,,,,,,,,,,,,,,,,,,,,,,,,,,,,,,,2026-07-11 11:22:46.237,0,,
8922,63,61,10461,1,342,GARCIA MILLAN,SALMOREJO,SALMOREJO ORIGINAL GM 1L,ENRIQUE TOMAS,,,,,,,,,,NOT_COMPARABLE_MISSING_VALIDATION,1,0,0,,,,,,,,,,,,,,,,,,,,,,,,,,,,,,,,,,,,,,,,,,,,,,,,,,,,,,,,,,,,,,,,,,,,,,,,,,,,,,,,,,,,,,,,,,,,,,,,,,,,,,,,,,,,,,,,,,,,,,,,,,,,,,,,,,,,,,,,,,,,,,,,,,,,,,,,,,,,,,,,,,,,,,,,,,,,,,,,,,,,,,,,,,,,,,,,,,,,,,,,,,,,,,,,2026-07-11 11:22:46.237,0,,NoForecastRowsMaterialized
8923,63,61,10461,1,343,GARCIA MILLAN,SALMOREJO,SALMOREJO ORIGINAL GM 1L,ESTABLECIMIENTOS PLAZA,,,,,,,,,,NOT_COMPARABLE_MISSING_VALIDATION,1,1,0,,,,,,,,,,,,,,,,,,,,,,,,,,,,,,,,,,,,,,,,,,,,,,,,,,,,,,,,,,,,,,,,,,,,,,,,,,,,,,,,,,,,,,,,,,,,,,,,,,,,,,,,,,,,,,,,,,,,,,,,,,,,,,,,,,,,,,,,,,,,,,,,,,,,,,,,,,,,,,,,,,,,,,,,,,,,,,,,,,,,,,,,,,,,,,,,,,,,,,,,,,,,,,,,2026-07-11 11:22:46.237,0,,
8924,63,61,10461,1,344,GARCIA MILLAN,SALMOREJO,SALMOREJO ORIGINAL GM 1L,EXCLUSIVAS SEYGO,,,,,,,,,,NOT_COMPARABLE_MISSING_VALIDATION,1,1,0,,,,,,,,,,,,,,,,,,,,,,,,,,,,,,,,,,,,,,,,,,,,,,,,,,,,,,,,,,,,,,,,,,,,,,,,,,,,,,,,,,,,,,,,,,,,,,,,,,,,,,,,,,,,,,,,,,,,,,,,,,,,,,,,,,,,,,,,,,,,,,,,,,,,,,,,,,,,,,,,,,,,,,,,,,,,,,,,,,,,,,,,,,,,,,,,,,,,,,,,,,,,,,,,2026-07-11 11:22:46.237,0,,
8925,63,61,10461,1,345,GARCIA MILLAN,SALMOREJO,SALMOREJO ORIGINAL GM 1L,FACSA,,,,,,,,,,NOT_COMPARABLE_MISSING_VALIDATION,1,0,0,,,,,,,,,,,,,,,,,,,,,,,,,,,,,,,,,,,,,,,,,,,,,,,,,,,,,,,,,,,,,,,,,,,,,,,,,,,,,,,,,,,,,,,,,,,,,,,,,,,,,,,,,,,,,,,,,,,,,,,,,,,,,,,,,,,,,,,,,,,,,,,,,,,,,,,,,,,,,,,,,,,,,,,,,,,,,,,,,,,,,,,,,,,,,,,,,,,,,,,,,,,,,,,,2026-07-11 11:22:46.237,0,,NoForecastRowsMaterialized
8926,63,61,10461,1,346,GARCIA MILLAN,SALMOREJO,SALMOREJO ORIGINAL GM 1L,FAMILY CASH,,,,,,,,,,NOT_COMPARABLE_MISSING_VALIDATION,1,1,0,,,,,,,,,,,,,,,,,,,,,,,,,,,,,,,,,,,,,,,,,,,,,,,,,,,,,,,,,,,,,,,,,,,,,,,,,,,,,,,,,,,,,,,,,,,,,,,,,,,,,,,,,,,,,,,,,,,,,,,,,,,,,,,,,,,,,,,,,,,,,,,,,,,,,,,,,,,,,,,,,,,,,,,,,,,,,,,,,,,,,,,,,,,,,,,,,,,,,,,,,,,,,,,,2026-07-11 11:22:46.237,0,,NoForecastRowsMaterialized
8927,63,61,10461,1,347,GARCIA MILLAN,SALMOREJO,SALMOREJO ORIGINAL GM 1L,FECAC,,,,,,,,,,NOT_COMPARABLE_MISSING_VALIDATION,1,1,0,,,,,,,,,,,,,,,,,,,,,,,,,,,,,,,,,,,,,,,,,,,,,,,,,,,,,,,,,,,,,,,,,,,,,,,,,,,,,,,,,,,,,,,,,,,,,,,,,,,,,,,,,,,,,,,,,,,,,,,,,,,,,,,,,,,,,,,,,,,,,,,,,,,,,,,,,,,,,,,,,,,,,,,,,,,,,,,,,,,,,,,,,,,,,,,,,,,,,,,,,,,,,,,,2026-07-11 11:22:46.237,0,,
8928,63,61,10461,1,348,GARCIA MILLAN,SALMOREJO,SALMOREJO ORIGINAL GM 1L,FRANCO-MOR,,,,,,,,,,NOT_COMPARABLE_MISSING_VALIDATION,1,0,0,,,,,,,,,,,,,,,,,,,,,,,,,,,,,,,,,,,,,,,,,,,,,,,,,,,,,,,,,,,,,,,,,,,,,,,,,,,,,,,,,,,,,,,,,,,,,,,,,,,,,,,,,,,,,,,,,,,,,,,,,,,,,,,,,,,,,,,,,,,,,,,,,,,,,,,,,,,,,,,,,,,,,,,,,,,,,,,,,,,,,,,,,,,,,,,,,,,,,,,,,,,,,,,,2026-07-11 11:22:46.237,0,,NoForecastRowsMaterialized
8929,63,61,10461,1,349,GARCIA MILLAN,SALMOREJO,SALMOREJO ORIGINAL GM 1L,FRUFOR,,,,,,,,,,NOT_COMPARABLE_MISSING_VALIDATION,1,0,0,,,,,,,,,,,,,,,,,,,,,,,,,,,,,,,,,,,,,,,,,,,,,,,,,,,,,,,,,,,,,,,,,,,,,,,,,,,,,,,,,,,,,,,,,,,,,,,,,,,,,,,,,,,,,,,,,,,,,,,,,,,,,,,,,,,,,,,,,,,,,,,,,,,,,,,,,,,,,,,,,,,,,,,,,,,,,,,,,,,,,,,,,,,,,,,,,,,,,,,,,,,,,,,,2026-07-11 11:22:46.237,0,,NoForecastRowsMaterialized
8930,63,61,10461,1,350,GARCIA MILLAN,SALMOREJO,SALMOREJO ORIGINAL GM 1L,FRUTAS MORA ESPARTINAS,,,,,,,,,,NOT_COMPARABLE_MISSING_VALIDATION,1,0,0,,,,,,,,,,,,,,,,,,,,,,,,,,,,,,,,,,,,,,,,,,,,,,,,,,,,,,,,,,,,,,,,,,,,,,,,,,,,,,,,,,,,,,,,,,,,,,,,,,,,,,,,,,,,,,,,,,,,,,,,,,,,,,,,,,,,,,,,,,,,,,,,,,,,,,,,,,,,,,,,,,,,,,,,,,,,,,,,,,,,,,,,,,,,,,,,,,,,,,,,,,,,,,,,2026-07-11 11:22:46.237,0,,NoForecastRowsMaterialized
8931,63,61,10461,1,351,GARCIA MILLAN,SALMOREJO,SALMOREJO ORIGINAL GM 1L,FRUTAS MORA QUALITY,,,,,,,,,,NOT_COMPARABLE_MISSING_VALIDATION,1,1,0,,,,,,,,,,,,,,,,,,,,,,,,,,,,,,,,,,,,,,,,,,,,,,,,,,,,,,,,,,,,,,,,,,,,,,,,,,,,,,,,,,,,,,,,,,,,,,,,,,,,,,,,,,,,,,,,,,,,,,,,,,,,,,,,,,,,,,,,,,,,,,,,,,,,,,,,,,,,,,,,,,,,,,,,,,,,,,,,,,,,,,,,,,,,,,,,,,,,,,,,,,,,,,,,2026-07-11 11:22:46.237,0,,
8932,63,61,10461,1,352,GARCIA MILLAN,SALMOREJO,SALMOREJO ORIGINAL GM 1L,FRUTERIA LOS MANANTIALES,,,,,,,,,,NOT_COMPARABLE_MISSING_VALIDATION,1,0,0,,,,,,,,,,,,,,,,,,,,,,,,,,,,,,,,,,,,,,,,,,,,,,,,,,,,,,,,,,,,,,,,,,,,,,,,,,,,,,,,,,,,,,,,,,,,,,,,,,,,,,,,,,,,,,,,,,,,,,,,,,,,,,,,,,,,,,,,,,,,,,,,,,,,,,,,,,,,,,,,,,,,,,,,,,,,,,,,,,,,,,,,,,,,,,,,,,,,,,,,,,,,,,,,2026-07-11 11:22:46.237,0,,NoForecastRowsMaterialized
8933,63,61,10461,1,353,GARCIA MILLAN,SALMOREJO,SALMOREJO ORIGINAL GM 1L,GARIZUR,,,,,,,,,,NOT_COMPARABLE_MISSING_VALIDATION,1,1,0,,,,,,,,,,,,,,,,,,,,,,,,,,,,,,,,,,,,,,,,,,,,,,,,,,,,,,,,,,,,,,,,,,,,,,,,,,,,,,,,,,,,,,,,,,,,,,,,,,,,,,,,,,,,,,,,,,,,,,,,,,,,,,,,,,,,,,,,,,,,,,,,,,,,,,,,,,,,,,,,,,,,,,,,,,,,,,,,,,,,,,,,,,,,,,,,,,,,,,,,,,,,,,,,2026-07-11 11:22:46.237,0,,
8934,63,61,10461,1,354,GARCIA MILLAN,SALMOREJO,SALMOREJO ORIGINAL GM 1L,GASPAR TAPIA VILLAVERDE,,,,,,,,,,NOT_COMPARABLE_MISSING_VALIDATION,1,1,0,,,,,,,,,,,,,,,,,,,,,,,,,,,,,,,,,,,,,,,,,,,,,,,,,,,,,,,,,,,,,,,,,,,,,,,,,,,,,,,,,,,,,,,,,,,,,,,,,,,,,,,,,,,,,,,,,,,,,,,,,,,,,,,,,,,,,,,,,,,,,,,,,,,,,,,,,,,,,,,,,,,,,,,,,,,,,,,,,,,,,,,,,,,,,,,,,,,,,,,,,,,,,,,,2026-07-11 11:22:46.237,0,,NoForecastRowsMaterialized
8935,63,61,10461,1,355,GARCIA MILLAN,SALMOREJO,SALMOREJO ORIGINAL GM 1L,GRUPO AUCHAN,,,,,,,,,,NOT_COMPARABLE_MISSING_VALIDATION,1,1,0,,,,,,,,,,,,,,,,,,,,,,,,,,,,,,,,,,,,,,,,,,,,,,,,,,,,,,,,,,,,,,,,,,,,,,,,,,,,,,,,,,,,,,,,,,,,,,,,,,,,,,,,,,,,,,,,,,,,,,,,,,,,,,,,,,,,,,,,,,,,,,,,,,,,,,,,,,,,,,,,,,,,,,,,,,,,,,,,,,,,,,,,,,,,,,,,,,,,,,,,,,,,,,,,2026-07-11 11:22:46.237,0,,
8936,63,61,10461,1,356,GARCIA MILLAN,SALMOREJO,SALMOREJO ORIGINAL GM 1L,GRUPO EL JAMON,,,,,,,,,,NOT_COMPARABLE_MISSING_VALIDATION,1,1,0,,,,,,,,,,,,,,,,,,,,,,,,,,,,,,,,,,,,,,,,,,,,,,,,,,,,,,,,,,,,,,,,,,,,,,,,,,,,,,,,,,,,,,,,,,,,,,,,,,,,,,,,,,,,,,,,,,,,,,,,,,,,,,,,,,,,,,,,,,,,,,,,,,,,,,,,,,,,,,,,,,,,,,,,,,,,,,,,,,,,,,,,,,,,,,,,,,,,,,,,,,,,,,,,2026-07-11 11:22:46.237,0,,
8937,63,61,10461,1,357,GARCIA MILLAN,SALMOREJO,SALMOREJO ORIGINAL GM 1L,GRUPO EROSKI,,,,,,,,,,NOT_COMPARABLE_MISSING_VALIDATION,1,1,0,,,,,,,,,,,,,,,,,,,,,,,,,,,,,,,,,,,,,,,,,,,,,,,,,,,,,,,,,,,,,,,,,,,,,,,,,,,,,,,,,,,,,,,,,,,,,,,,,,,,,,,,,,,,,,,,,,,,,,,,,,,,,,,,,,,,,,,,,,,,,,,,,,,,,,,,,,,,,,,,,,,,,,,,,,,,,,,,,,,,,,,,,,,,,,,,,,,,,,,,,,,,,,,,2026-07-11 11:22:46.237,0,,
8938,63,61,10461,1,358,GARCIA MILLAN,SALMOREJO,SALMOREJO ORIGINAL GM 1L,GRUPO FRUSUR,,,,,,,,,,NOT_COMPARABLE_MISSING_VALIDATION,1,0,0,,,,,,,,,,,,,,,,,,,,,,,,,,,,,,,,,,,,,,,,,,,,,,,,,,,,,,,,,,,,,,,,,,,,,,,,,,,,,,,,,,,,,,,,,,,,,,,,,,,,,,,,,,,,,,,,,,,,,,,,,,,,,,,,,,,,,,,,,,,,,,,,,,,,,,,,,,,,,,,,,,,,,,,,,,,,,,,,,,,,,,,,,,,,,,,,,,,,,,,,,,,,,,,,2026-07-11 11:22:46.237,0,,NoForecastRowsMaterialized
8939,63,61,10461,1,359,GARCIA MILLAN,SALMOREJO,SALMOREJO ORIGINAL GM 1L,GSG BUSSINES,,,,,,,,,,NOT_COMPARABLE_MISSING_VALIDATION,1,1,0,,,,,,,,,,,,,,,,,,,,,,,,,,,,,,,,,,,,,,,,,,,,,,,,,,,,,,,,,,,,,,,,,,,,,,,,,,,,,,,,,,,,,,,,,,,,,,,,,,,,,,,,,,,,,,,,,,,,,,,,,,,,,,,,,,,,,,,,,,,,,,,,,,,,,,,,,,,,,,,,,,,,,,,,,,,,,,,,,,,,,,,,,,,,,,,,,,,,,,,,,,,,,,,,2026-07-11 11:22:46.237,0,,
8940,63,61,10461,1,360,GARCIA MILLAN,SALMOREJO,SALMOREJO ORIGINAL GM 1L,HERMANOS AYALA,,,,,,,,,,NOT_COMPARABLE_MISSING_VALIDATION,1,1,0,,,,,,,,,,,,,,,,,,,,,,,,,,,,,,,,,,,,,,,,,,,,,,,,,,,,,,,,,,,,,,,,,,,,,,,,,,,,,,,,,,,,,,,,,,,,,,,,,,,,,,,,,,,,,,,,,,,,,,,,,,,,,,,,,,,,,,,,,,,,,,,,,,,,,,,,,,,,,,,,,,,,,,,,,,,,,,,,,,,,,,,,,,,,,,,,,,,,,,,,,,,,,,,,2026-07-11 11:22:46.237,0,,NoForecastRowsMaterialized
8941,63,61,10461,1,361,GARCIA MILLAN,SALMOREJO,SALMOREJO ORIGINAL GM 1L,HERMANOS MARTIN,,,,,,,,,,NOT_COMPARABLE_MISSING_VALIDATION,1,1,0,,,,,,,,,,,,,,,,,,,,,,,,,,,,,,,,,,,,,,,,,,,,,,,,,,,,,,,,,,,,,,,,,,,,,,,,,,,,,,,,,,,,,,,,,,,,,,,,,,,,,,,,,,,,,,,,,,,,,,,,,,,,,,,,,,,,,,,,,,,,,,,,,,,,,,,,,,,,,,,,,,,,,,,,,,,,,,,,,,,,,,,,,,,,,,,,,,,,,,,,,,,,,,,,2026-07-11 11:22:46.237,0,,
8942,63,61,10461,1,362,GARCIA MILLAN,SALMOREJO,SALMOREJO ORIGINAL GM 1L,HIPER TAMBO,,,,,,,,,,NOT_COMPARABLE_MISSING_VALIDATION,1,0,0,,,,,,,,,,,,,,,,,,,,,,,,,,,,,,,,,,,,,,,,,,,,,,,,,,,,,,,,,,,,,,,,,,,,,,,,,,,,,,,,,,,,,,,,,,,,,,,,,,,,,,,,,,,,,,,,,,,,,,,,,,,,,,,,,,,,,,,,,,,,,,,,,,,,,,,,,,,,,,,,,,,,,,,,,,,,,,,,,,,,,,,,,,,,,,,,,,,,,,,,,,,,,,,,2026-07-11 11:22:46.237,0,,NoForecastRowsMaterialized
8943,63,61,10461,1,363,GARCIA MILLAN,SALMOREJO,SALMOREJO ORIGINAL GM 1L,HIPER USERA,,,,,,,,,,NOT_COMPARABLE_MISSING_VALIDATION,1,1,0,,,,,,,,,,,,,,,,,,,,,,,,,,,,,,,,,,,,,,,,,,,,,,,,,,,,,,,,,,,,,,,,,,,,,,,,,,,,,,,,,,,,,,,,,,,,,,,,,,,,,,,,,,,,,,,,,,,,,,,,,,,,,,,,,,,,,,,,,,,,,,,,,,,,,,,,,,,,,,,,,,,,,,,,,,,,,,,,,,,,,,,,,,,,,,,,,,,,,,,,,,,,,,,,2026-07-11 11:22:46.237,0,,
8944,63,61,10461,1,364,GARCIA MILLAN,SALMOREJO,SALMOREJO ORIGINAL GM 1L,HIPERBER,,,,,,,,,,NOT_COMPARABLE_MISSING_VALIDATION,1,0,0,,,,,,,,,,,,,,,,,,,,,,,,,,,,,,,,,,,,,,,,,,,,,,,,,,,,,,,,,,,,,,,,,,,,,,,,,,,,,,,,,,,,,,,,,,,,,,,,,,,,,,,,,,,,,,,,,,,,,,,,,,,,,,,,,,,,,,,,,,,,,,,,,,,,,,,,,,,,,,,,,,,,,,,,,,,,,,,,,,,,,,,,,,,,,,,,,,,,,,,,,,,,,,,,2026-07-11 11:22:46.237,0,,NoForecastRowsMaterialized
8945,63,61,10461,1,365,GARCIA MILLAN,SALMOREJO,SALMOREJO ORIGINAL GM 1L,IBERICA LACTO FRESH,,,,,,,,,,NOT_COMPARABLE_MISSING_VALIDATION,1,1,0,,,,,,,,,,,,,,,,,,,,,,,,,,,,,,,,,,,,,,,,,,,,,,,,,,,,,,,,,,,,,,,,,,,,,,,,,,,,,,,,,,,,,,,,,,,,,,,,,,,,,,,,,,,,,,,,,,,,,,,,,,,,,,,,,,,,,,,,,,,,,,,,,,,,,,,,,,,,,,,,,,,,,,,,,,,,,,,,,,,,,,,,,,,,,,,,,,,,,,,,,,,,,,,,2026-07-11 11:22:46.237,0,,
8946,63,61,10461,1,366,GARCIA MILLAN,SALMOREJO,SALMOREJO ORIGINAL GM 1L,INICIATIVAS SEDOX,,,,,,,,,,NOT_COMPARABLE_MISSING_VALIDATION,1,0,0,,,,,,,,,,,,,,,,,,,,,,,,,,,,,,,,,,,,,,,,,,,,,,,,,,,,,,,,,,,,,,,,,,,,,,,,,,,,,,,,,,,,,,,,,,,,,,,,,,,,,,,,,,,,,,,,,,,,,,,,,,,,,,,,,,,,,,,,,,,,,,,,,,,,,,,,,,,,,,,,,,,,,,,,,,,,,,,,,,,,,,,,,,,,,,,,,,,,,,,,,,,,,,,,2026-07-11 11:22:46.237,0,,NoForecastRowsMaterialized
8947,63,61,10461,1,367,GARCIA MILLAN,SALMOREJO,SALMOREJO ORIGINAL GM 1L,JOAQUIN TARDIO,,,,,,,,,,NOT_COMPARABLE_MISSING_VALIDATION,1,1,0,,,,,,,,,,,,,,,,,,,,,,,,,,,,,,,,,,,,,,,,,,,,,,,,,,,,,,,,,,,,,,,,,,,,,,,,,,,,,,,,,,,,,,,,,,,,,,,,,,,,,,,,,,,,,,,,,,,,,,,,,,,,,,,,,,,,,,,,,,,,,,,,,,,,,,,,,,,,,,,,,,,,,,,,,,,,,,,,,,,,,,,,,,,,,,,,,,,,,,,,,,,,,,,,2026-07-11 11:22:46.237,0,,
8948,63,61,10461,1,368,GARCIA MILLAN,SALMOREJO,SALMOREJO ORIGINAL GM 1L,JURADO GOURMET,,,,,,,,,,NOT_COMPARABLE_MISSING_VALIDATION,1,1,0,,,,,,,,,,,,,,,,,,,,,,,,,,,,,,,,,,,,,,,,,,,,,,,,,,,,,,,,,,,,,,,,,,,,,,,,,,,,,,,,,,,,,,,,,,,,,,,,,,,,,,,,,,,,,,,,,,,,,,,,,,,,,,,,,,,,,,,,,,,,,,,,,,,,,,,,,,,,,,,,,,,,,,,,,,,,,,,,,,,,,,,,,,,,,,,,,,,,,,,,,,,,,,,,2026-07-11 11:22:46.237,0,,
8949,63,61,10461,1,369,GARCIA MILLAN,SALMOREJO,SALMOREJO ORIGINAL GM 1L,LACTEAS HISPALENSE,,,,,,,,,,NOT_COMPARABLE_MISSING_VALIDATION,1,0,0,,,,,,,,,,,,,,,,,,,,,,,,,,,,,,,,,,,,,,,,,,,,,,,,,,,,,,,,,,,,,,,,,,,,,,,,,,,,,,,,,,,,,,,,,,,,,,,,,,,,,,,,,,,,,,,,,,,,,,,,,,,,,,,,,,,,,,,,,,,,,,,,,,,,,,,,,,,,,,,,,,,,,,,,,,,,,,,,,,,,,,,,,,,,,,,,,,,,,,,,,,,,,,,,2026-07-11 11:22:46.237,0,,NoForecastRowsMaterialized
8950,63,61,10461,1,370,GARCIA MILLAN,SALMOREJO,SALMOREJO ORIGINAL GM 1L,LIDL,,,,,,,,,,NOT_COMPARABLE_MISSING_VALIDATION,1,1,0,,,,,,,,,,,,,,,,,,,,,,,,,,,,,,,,,,,,,,,,,,,,,,,,,,,,,,,,,,,,,,,,,,,,,,,,,,,,,,,,,,,,,,,,,,,,,,,,,,,,,,,,,,,,,,,,,,,,,,,,,,,,,,,,,,,,,,,,,,,,,,,,,,,,,,,,,,,,,,,,,,,,,,,,,,,,,,,,,,,,,,,,,,,,,,,,,,,,,,,,,,,,,,,,2026-07-11 11:22:46.237,0,,
8951,63,61,10461,1,371,GARCIA MILLAN,SALMOREJO,SALMOREJO ORIGINAL GM 1L,LOSAN DISTRIBUCIONES,,,,,,,,,,NOT_COMPARABLE_MISSING_VALIDATION,1,1,0,,,,,,,,,,,,,,,,,,,,,,,,,,,,,,,,,,,,,,,,,,,,,,,,,,,,,,,,,,,,,,,,,,,,,,,,,,,,,,,,,,,,,,,,,,,,,,,,,,,,,,,,,,,,,,,,,,,,,,,,,,,,,,,,,,,,,,,,,,,,,,,,,,,,,,,,,,,,,,,,,,,,,,,,,,,,,,,,,,,,,,,,,,,,,,,,,,,,,,,,,,,,,,,,2026-07-11 11:22:46.237,0,,NoForecastRowsMaterialized
8952,63,61,10461,1,372,GARCIA MILLAN,SALMOREJO,SALMOREJO ORIGINAL GM 1L,LUIS PIÃ‘A,,,,,,,,,,NOT_COMPARABLE_MISSING_VALIDATION,1,1,0,,,,,,,,,,,,,,,,,,,,,,,,,,,,,,,,,,,,,,,,,,,,,,,,,,,,,,,,,,,,,,,,,,,,,,,,,,,,,,,,,,,,,,,,,,,,,,,,,,,,,,,,,,,,,,,,,,,,,,,,,,,,,,,,,,,,,,,,,,,,,,,,,,,,,,,,,,,,,,,,,,,,,,,,,,,,,,,,,,,,,,,,,,,,,,,,,,,,,,,,,,,,,,,,2026-07-11 11:22:46.237,0,,
8953,63,61,10461,1,373,GARCIA MILLAN,SALMOREJO,SALMOREJO ORIGINAL GM 1L,MARKETING,,,,,,,,,,NOT_COMPARABLE_MISSING_VALIDATION,1,1,0,,,,,,,,,,,,,,,,,,,,,,,,,,,,,,,,,,,,,,,,,,,,,,,,,,,,,,,,,,,,,,,,,,,,,,,,,,,,,,,,,,,,,,,,,,,,,,,,,,,,,,,,,,,,,,,,,,,,,,,,,,,,,,,,,,,,,,,,,,,,,,,,,,,,,,,,,,,,,,,,,,,,,,,,,,,,,,,,,,,,,,,,,,,,,,,,,,,,,,,,,,,,,,,,2026-07-11 11:22:46.237,0,,
8954,63,61,10461,1,374,GARCIA MILLAN,SALMOREJO,SALMOREJO ORIGINAL GM 1L,MASKOM,,,,,,,,,,NOT_COMPARABLE_MISSING_VALIDATION,1,1,0,,,,,,,,,,,,,,,,,,,,,,,,,,,,,,,,,,,,,,,,,,,,,,,,,,,,,,,,,,,,,,,,,,,,,,,,,,,,,,,,,,,,,,,,,,,,,,,,,,,,,,,,,,,,,,,,,,,,,,,,,,,,,,,,,,,,,,,,,,,,,,,,,,,,,,,,,,,,,,,,,,,,,,,,,,,,,,,,,,,,,,,,,,,,,,,,,,,,,,,,,,,,,,,,2026-07-11 11:22:46.237,0,,
8955,63,61,10461,1,375,GARCIA MILLAN,SALMOREJO,SALMOREJO ORIGINAL GM 1L,MERCADONA,,,,,,,,,,NOT_COMPARABLE_MISSING_VALIDATION,1,1,0,,,,,,,,,,,,,,,,,,,,,,,,,,,,,,,,,,,,,,,,,,,,,,,,,,,,,,,,,,,,,,,,,,,,,,,,,,,,,,,,,,,,,,,,,,,,,,,,,,,,,,,,,,,,,,,,,,,,,,,,,,,,,,,,,,,,,,,,,,,,,,,,,,,,,,,,,,,,,,,,,,,,,,,,,,,,,,,,,,,,,,,,,,,,,,,,,,,,,,,,,,,,,,,,2026-07-11 11:22:46.237,0,,
8956,63,61,10461,1,376,GARCIA MILLAN,SALMOREJO,SALMOREJO ORIGINAL GM 1L,MOISES MUÃ‘OZ E HIJOS,,,,,,,,,,NOT_COMPARABLE_MISSING_VALIDATION,1,1,0,,,,,,,,,,,,,,,,,,,,,,,,,,,,,,,,,,,,,,,,,,,,,,,,,,,,,,,,,,,,,,,,,,,,,,,,,,,,,,,,,,,,,,,,,,,,,,,,,,,,,,,,,,,,,,,,,,,,,,,,,,,,,,,,,,,,,,,,,,,,,,,,,,,,,,,,,,,,,,,,,,,,,,,,,,,,,,,,,,,,,,,,,,,,,,,,,,,,,,,,,,,,,,,,2026-07-11 11:22:46.237,0,,
8957,63,61,10461,1,377,GARCIA MILLAN,SALMOREJO,SALMOREJO ORIGINAL GM 1L,MUESTRAS,,,,,,,,,,NOT_COMPARABLE_MISSING_VALIDATION,1,1,0,,,,,,,,,,,,,,,,,,,,,,,,,,,,,,,,,,,,,,,,,,,,,,,,,,,,,,,,,,,,,,,,,,,,,,,,,,,,,,,,,,,,,,,,,,,,,,,,,,,,,,,,,,,,,,,,,,,,,,,,,,,,,,,,,,,,,,,,,,,,,,,,,,,,,,,,,,,,,,,,,,,,,,,,,,,,,,,,,,,,,,,,,,,,,,,,,,,,,,,,,,,,,,,,2026-07-11 11:22:46.237,0,,
8958,63,61,10461,1,378,GARCIA MILLAN,SALMOREJO,SALMOREJO ORIGINAL GM 1L,PARQUE ISLA MAGICA,,,,,,,,,,NOT_COMPARABLE_MISSING_VALIDATION,1,1,0,,,,,,,,,,,,,,,,,,,,,,,,,,,,,,,,,,,,,,,,,,,,,,,,,,,,,,,,,,,,,,,,,,,,,,,,,,,,,,,,,,,,,,,,,,,,,,,,,,,,,,,,,,,,,,,,,,,,,,,,,,,,,,,,,,,,,,,,,,,,,,,,,,,,,,,,,,,,,,,,,,,,,,,,,,,,,,,,,,,,,,,,,,,,,,,,,,,,,,,,,,,,,,,,2026-07-11 11:22:46.237,0,,
8959,63,61,10461,1,379,GARCIA MILLAN,SALMOREJO,SALMOREJO ORIGINAL GM 1L,PARQUE NORTE,,,,,,,,,,NOT_COMPARABLE_MISSING_VALIDATION,1,0,0,,,,,,,,,,,,,,,,,,,,,,,,,,,,,,,,,,,,,,,,,,,,,,,,,,,,,,,,,,,,,,,,,,,,,,,,,,,,,,,,,,,,,,,,,,,,,,,,,,,,,,,,,,,,,,,,,,,,,,,,,,,,,,,,,,,,,,,,,,,,,,,,,,,,,,,,,,,,,,,,,,,,,,,,,,,,,,,,,,,,,,,,,,,,,,,,,,,,,,,,,,,,,,,,2026-07-11 11:22:46.237,0,,NoForecastRowsMaterialized
8960,63,61,10461,1,380,GARCIA MILLAN,SALMOREJO,SALMOREJO ORIGINAL GM 1L,PLASTICOSUR,,,,,,,,,,NOT_COMPARABLE_MISSING_VALIDATION,1,1,0,,,,,,,,,,,,,,,,,,,,,,,,,,,,,,,,,,,,,,,,,,,,,,,,,,,,,,,,,,,,,,,,,,,,,,,,,,,,,,,,,,,,,,,,,,,,,,,,,,,,,,,,,,,,,,,,,,,,,,,,,,,,,,,,,,,,,,,,,,,,,,,,,,,,,,,,,,,,,,,,,,,,,,,,,,,,,,,,,,,,,,,,,,,,,,,,,,,,,,,,,,,,,,,,2026-07-11 11:22:46.237,0,,
8961,63,61,10461,1,381,GARCIA MILLAN,SALMOREJO,SALMOREJO ORIGINAL GM 1L,PUNTO SADEAL UNIVERSAL,,,,,,,,,,NOT_COMPARABLE_MISSING_VALIDATION,1,1,0,,,,,,,,,,,,,,,,,,,,,,,,,,,,,,,,,,,,,,,,,,,,,,,,,,,,,,,,,,,,,,,,,,,,,,,,,,,,,,,,,,,,,,,,,,,,,,,,,,,,,,,,,,,,,,,,,,,,,,,,,,,,,,,,,,,,,,,,,,,,,,,,,,,,,,,,,,,,,,,,,,,,,,,,,,,,,,,,,,,,,,,,,,,,,,,,,,,,,,,,,,,,,,,,2026-07-11 11:22:46.237,0,,NoForecastRowsMaterialized
8962,63,61,10461,1,382,GARCIA MILLAN,SALMOREJO,SALMOREJO ORIGINAL GM 1L,RAFAEL OLIAS,,,,,,,,,,NOT_COMPARABLE_MISSING_VALIDATION,1,1,0,,,,,,,,,,,,,,,,,,,,,,,,,,,,,,,,,,,,,,,,,,,,,,,,,,,,,,,,,,,,,,,,,,,,,,,,,,,,,,,,,,,,,,,,,,,,,,,,,,,,,,,,,,,,,,,,,,,,,,,,,,,,,,,,,,,,,,,,,,,,,,,,,,,,,,,,,,,,,,,,,,,,,,,,,,,,,,,,,,,,,,,,,,,,,,,,,,,,,,,,,,,,,,,,2026-07-11 11:22:46.237,0,,
8963,63,61,10461,1,383,GARCIA MILLAN,SALMOREJO,SALMOREJO ORIGINAL GM 1L,RESTAURANTE MUCHO MAS,,,,,,,,,,NOT_COMPARABLE_MISSING_VALIDATION,1,1,0,,,,,,,,,,,,,,,,,,,,,,,,,,,,,,,,,,,,,,,,,,,,,,,,,,,,,,,,,,,,,,,,,,,,,,,,,,,,,,,,,,,,,,,,,,,,,,,,,,,,,,,,,,,,,,,,,,,,,,,,,,,,,,,,,,,,,,,,,,,,,,,,,,,,,,,,,,,,,,,,,,,,,,,,,,,,,,,,,,,,,,,,,,,,,,,,,,,,,,,,,,,,,,,,2026-07-11 11:22:46.237,0,,
8964,63,61,10461,1,384,GARCIA MILLAN,SALMOREJO,SALMOREJO ORIGINAL GM 1L,RUIZ GALAN,,,,,,,,,,NOT_COMPARABLE_MISSING_VALIDATION,1,1,0,,,,,,,,,,,,,,,,,,,,,,,,,,,,,,,,,,,,,,,,,,,,,,,,,,,,,,,,,,,,,,,,,,,,,,,,,,,,,,,,,,,,,,,,,,,,,,,,,,,,,,,,,,,,,,,,,,,,,,,,,,,,,,,,,,,,,,,,,,,,,,,,,,,,,,,,,,,,,,,,,,,,,,,,,,,,,,,,,,,,,,,,,,,,,,,,,,,,,,,,,,,,,,,,2026-07-11 11:22:46.237,0,,
8965,63,61,10461,1,385,GARCIA MILLAN,SALMOREJO,SALMOREJO ORIGINAL GM 1L,SEMARK,,,,,,,,,,NOT_COMPARABLE_MISSING_VALIDATION,1,1,0,,,,,,,,,,,,,,,,,,,,,,,,,,,,,,,,,,,,,,,,,,,,,,,,,,,,,,,,,,,,,,,,,,,,,,,,,,,,,,,,,,,,,,,,,,,,,,,,,,,,,,,,,,,,,,,,,,,,,,,,,,,,,,,,,,,,,,,,,,,,,,,,,,,,,,,,,,,,,,,,,,,,,,,,,,,,,,,,,,,,,,,,,,,,,,,,,,,,,,,,,,,,,,,,2026-07-11 11:22:46.237,0,,NoForecastRowsMaterialized
8966,63,61,10461,1,386,GARCIA MILLAN,SALMOREJO,SALMOREJO ORIGINAL GM 1L,SOALPE,,,,,,,,,,NOT_COMPARABLE_MISSING_VALIDATION,1,1,0,,,,,,,,,,,,,,,,,,,,,,,,,,,,,,,,,,,,,,,,,,,,,,,,,,,,,,,,,,,,,,,,,,,,,,,,,,,,,,,,,,,,,,,,,,,,,,,,,,,,,,,,,,,,,,,,,,,,,,,,,,,,,,,,,,,,,,,,,,,,,,,,,,,,,,,,,,,,,,,,,,,,,,,,,,,,,,,,,,,,,,,,,,,,,,,,,,,,,,,,,,,,,,,,2026-07-11 11:22:46.237,0,,
8967,63,61,10461,1,387,GARCIA MILLAN,SALMOREJO,SALMOREJO ORIGINAL GM 1L,SOLA RICCA,,,,,,,,,,NOT_COMPARABLE_MISSING_VALIDATION,1,1,0,,,,,,,,,,,,,,,,,,,,,,,,,,,,,,,,,,,,,,,,,,,,,,,,,,,,,,,,,,,,,,,,,,,,,,,,,,,,,,,,,,,,,,,,,,,,,,,,,,,,,,,,,,,,,,,,,,,,,,,,,,,,,,,,,,,,,,,,,,,,,,,,,,,,,,,,,,,,,,,,,,,,,,,,,,,,,,,,,,,,,,,,,,,,,,,,,,,,,,,,,,,,,,,,2026-07-11 11:22:46.237,0,,
8968,63,61,10461,1,388,GARCIA MILLAN,SALMOREJO,SALMOREJO ORIGINAL GM 1L,SORLI,,,,,,,,,,NOT_COMPARABLE_MISSING_VALIDATION,1,1,0,,,,,,,,,,,,,,,,,,,,,,,,,,,,,,,,,,,,,,,,,,,,,,,,,,,,,,,,,,,,,,,,,,,,,,,,,,,,,,,,,,,,,,,,,,,,,,,,,,,,,,,,,,,,,,,,,,,,,,,,,,,,,,,,,,,,,,,,,,,,,,,,,,,,,,,,,,,,,,,,,,,,,,,,,,,,,,,,,,,,,,,,,,,,,,,,,,,,,,,,,,,,,,,,2026-07-11 11:22:46.237,0,,
8969,63,61,10461,1,389,GARCIA MILLAN,SALMOREJO,SALMOREJO ORIGINAL GM 1L,SUPER ARCOS,,,,,,,,,,NOT_COMPARABLE_MISSING_VALIDATION,1,1,0,,,,,,,,,,,,,,,,,,,,,,,,,,,,,,,,,,,,,,,,,,,,,,,,,,,,,,,,,,,,,,,,,,,,,,,,,,,,,,,,,,,,,,,,,,,,,,,,,,,,,,,,,,,,,,,,,,,,,,,,,,,,,,,,,,,,,,,,,,,,,,,,,,,,,,,,,,,,,,,,,,,,,,,,,,,,,,,,,,,,,,,,,,,,,,,,,,,,,,,,,,,,,,,,2026-07-11 11:22:46.237,0,,
8970,63,61,10461,1,390,GARCIA MILLAN,SALMOREJO,SALMOREJO ORIGINAL GM 1L,TENIS BETIS,,,,,,,,,,NOT_COMPARABLE_MISSING_VALIDATION,1,1,0,,,,,,,,,,,,,,,,,,,,,,,,,,,,,,,,,,,,,,,,,,,,,,,,,,,,,,,,,,,,,,,,,,,,,,,,,,,,,,,,,,,,,,,,,,,,,,,,,,,,,,,,,,,,,,,,,,,,,,,,,,,,,,,,,,,,,,,,,,,,,,,,,,,,,,,,,,,,,,,,,,,,,,,,,,,,,,,,,,,,,,,,,,,,,,,,,,,,,,,,,,,,,,,,2026-07-11 11:22:46.237,0,,
8971,63,61,10461,1,391,GARCIA MILLAN,SALMOREJO,SALMOREJO ORIGINAL GM 1L,UNEI,,,,,,,,,,NOT_COMPARABLE_MISSING_VALIDATION,1,1,0,,,,,,,,,,,,,,,,,,,,,,,,,,,,,,,,,,,,,,,,,,,,,,,,,,,,,,,,,,,,,,,,,,,,,,,,,,,,,,,,,,,,,,,,,,,,,,,,,,,,,,,,,,,,,,,,,,,,,,,,,,,,,,,,,,,,,,,,,,,,,,,,,,,,,,,,,,,,,,,,,,,,,,,,,,,,,,,,,,,,,,,,,,,,,,,,,,,,,,,,,,,,,,,,2026-07-11 11:22:46.237,0,,
8972,63,61,10461,1,392,GARCIA MILLAN,SALMOREJO,SALMOREJO ORIGINAL GM 1L,UNIALCO,,,,,,,,,,NOT_COMPARABLE_MISSING_VALIDATION,1,1,0,,,,,,,,,,,,,,,,,,,,,,,,,,,,,,,,,,,,,,,,,,,,,,,,,,,,,,,,,,,,,,,,,,,,,,,,,,,,,,,,,,,,,,,,,,,,,,,,,,,,,,,,,,,,,,,,,,,,,,,,,,,,,,,,,,,,,,,,,,,,,,,,,,,,,,,,,,,,,,,,,,,,,,,,,,,,,,,,,,,,,,,,,,,,,,,,,,,,,,,,,,,,,,,,2026-07-11 11:22:46.237,0,,
8973,63,61,10461,1,393,GARCIA MILLAN,SALMOREJO,SALMOREJO ORIGINAL GM 1L,UNIDE,,,,,,,,,,NOT_COMPARABLE_MISSING_VALIDATION,1,1,0,,,,,,,,,,,,,,,,,,,,,,,,,,,,,,,,,,,,,,,,,,,,,,,,,,,,,,,,,,,,,,,,,,,,,,,,,,,,,,,,,,,,,,,,,,,,,,,,,,,,,,,,,,,,,,,,,,,,,,,,,,,,,,,,,,,,,,,,,,,,,,,,,,,,,,,,,,,,,,,,,,,,,,,,,,,,,,,,,,,,,,,,,,,,,,,,,,,,,,,,,,,,,,,,2026-07-11 11:22:46.237,0,,NoForecastRowsMaterialized
"8974,63,61,10461,1,395,GARCIA MILLAN,SALMOREJO,SALMOREJO ORIGINAL GM 330ML,"""",,,,,,,,,,NOT_COMPARABLE_MISSING_VALIDATION,1,1,0,,,,,,,,,,,,,,,,,,,,,,,,,,,,,,,,,,,,,,,,,,,,,,,,,,,,,,,,,,,,,,,,,,,,,,,,,,,,,,,,,,,,,,,,,,,,,,,,,,,,,,,,,,,,,,,,,,,,,,,,,,,,,,,,,,,,,,,,,,,,,,,,,,,,,,,,,,,,,,,,,,,,,,,,,,,,,,,,,,,,,,,,,,,,,,,,,,,,,,,,,,,,,,,,2026-07-11 11:22:46.237,0,,"
8975,63,61,10461,1,396,GARCIA MILLAN,SALMOREJO,SALMOREJO ORIGINAL GM 330ML,AHORRAMAS,,,,,,,,,,NOT_COMPARABLE_MISSING_VALIDATION,1,1,0,,,,,,,,,,,,,,,,,,,,,,,,,,,,,,,,,,,,,,,,,,,,,,,,,,,,,,,,,,,,,,,,,,,,,,,,,,,,,,,,,,,,,,,,,,,,,,,,,,,,,,,,,,,,,,,,,,,,,,,,,,,,,,,,,,,,,,,,,,,,,,,,,,,,,,,,,,,,,,,,,,,,,,,,,,,,,,,,,,,,,,,,,,,,,,,,,,,,,,,,,,,,,,,,2026-07-11 11:22:46.237,0,,
8976,63,61,10461,1,397,GARCIA MILLAN,SALMOREJO,SALMOREJO ORIGINAL GM 330ML,ALDI,,,,,,,,,,NOT_COMPARABLE_MISSING_VALIDATION,1,1,0,,,,,,,,,,,,,,,,,,,,,,,,,,,,,,,,,,,,,,,,,,,,,,,,,,,,,,,,,,,,,,,,,,,,,,,,,,,,,,,,,,,,,,,,,,,,,,,,,,,,,,,,,,,,,,,,,,,,,,,,,,,,,,,,,,,,,,,,,,,,,,,,,,,,,,,,,,,,,,,,,,,,,,,,,,,,,,,,,,,,,,,,,,,,,,,,,,,,,,,,,,,,,,,,2026-07-11 11:22:46.237,0,,
8977,63,61,10461,1,398,GARCIA MILLAN,SALMOREJO,SALMOREJO ORIGINAL GM 330ML,ALIPENSA,,,,,,,,,,NOT_COMPARABLE_MISSING_VALIDATION,1,1,0,,,,,,,,,,,,,,,,,,,,,,,,,,,,,,,,,,,,,,,,,,,,,,,,,,,,,,,,,,,,,,,,,,,,,,,,,,,,,,,,,,,,,,,,,,,,,,,,,,,,,,,,,,,,,,,,,,,,,,,,,,,,,,,,,,,,,,,,,,,,,,,,,,,,,,,,,,,,,,,,,,,,,,,,,,,,,,,,,,,,,,,,,,,,,,,,,,,,,,,,,,,,,,,,2026-07-11 11:22:46.237,0,,
8978,63,61,10461,1,399,GARCIA MILLAN,SALMOREJO,SALMOREJO ORIGINAL GM 330ML,AMAZON,,,,,,,,,,NOT_COMPARABLE_MISSING_VALIDATION,1,1,0,,,,,,,,,,,,,,,,,,,,,,,,,,,,,,,,,,,,,,,,,,,,,,,,,,,,,,,,,,,,,,,,,,,,,,,,,,,,,,,,,,,,,,,,,,,,,,,,,,,,,,,,,,,,,,,,,,,,,,,,,,,,,,,,,,,,,,,,,,,,,,,,,,,,,,,,,,,,,,,,,,,,,,,,,,,,,,,,,,,,,,,,,,,,,,,,,,,,,,,,,,,,,,,,2026-07-11 11:22:46.237,0,,
8979,63,61,10461,1,400,GARCIA MILLAN,SALMOREJO,SALMOREJO ORIGINAL GM 330ML,BELMAR DON BENITO,,,,,,,,,,NOT_COMPARABLE_MISSING_VALIDATION,1,0,0,,,,,,,,,,,,,,,,,,,,,,,,,,,,,,,,,,,,,,,,,,,,,,,,,,,,,,,,,,,,,,,,,,,,,,,,,,,,,,,,,,,,,,,,,,,,,,,,,,,,,,,,,,,,,,,,,,,,,,,,,,,,,,,,,,,,,,,,,,,,,,,,,,,,,,,,,,,,,,,,,,,,,,,,,,,,,,,,,,,,,,,,,,,,,,,,,,,,,,,,,,,,,,,,2026-07-11 11:22:46.237,0,,NoForecastRowsMaterialized
8980,63,61,10461,1,401,GARCIA MILLAN,SALMOREJO,SALMOREJO ORIGINAL GM 330ML,CARO RUIZ,,,,,,,,,,NOT_COMPARABLE_MISSING_VALIDATION,1,1,0,,,,,,,,,,,,,,,,,,,,,,,,,,,,,,,,,,,,,,,,,,,,,,,,,,,,,,,,,,,,,,,,,,,,,,,,,,,,,,,,,,,,,,,,,,,,,,,,,,,,,,,,,,,,,,,,,,,,,,,,,,,,,,,,,,,,,,,,,,,,,,,,,,,,,,,,,,,,,,,,,,,,,,,,,,,,,,,,,,,,,,,,,,,,,,,,,,,,,,,,,,,,,,,,2026-07-11 11:22:46.237,0,,
8981,63,61,10461,1,402,GARCIA MILLAN,SALMOREJO,SALMOREJO ORIGINAL GM 330ML,CARREFOUR,,,,,,,,,,NOT_COMPARABLE_MISSING_VALIDATION,1,1,0,,,,,,,,,,,,,,,,,,,,,,,,,,,,,,,,,,,,,,,,,,,,,,,,,,,,,,,,,,,,,,,,,,,,,,,,,,,,,,,,,,,,,,,,,,,,,,,,,,,,,,,,,,,,,,,,,,,,,,,,,,,,,,,,,,,,,,,,,,,,,,,,,,,,,,,,,,,,,,,,,,,,,,,,,,,,,,,,,,,,,,,,,,,,,,,,,,,,,,,,,,,,,,,,2026-07-11 11:22:46.237,0,,
8982,63,61,10461,1,403,GARCIA MILLAN,SALMOREJO,SALMOREJO ORIGINAL GM 330ML,CARRION PARADAS,,,,,,,,,,NOT_COMPARABLE_MISSING_VALIDATION,1,1,0,,,,,,,,,,,,,,,,,,,,,,,,,,,,,,,,,,,,,,,,,,,,,,,,,,,,,,,,,,,,,,,,,,,,,,,,,,,,,,,,,,,,,,,,,,,,,,,,,,,,,,,,,,,,,,,,,,,,,,,,,,,,,,,,,,,,,,,,,,,,,,,,,,,,,,,,,,,,,,,,,,,,,,,,,,,,,,,,,,,,,,,,,,,,,,,,,,,,,,,,,,,,,,,,2026-07-11 11:22:46.237,0,,
8983,63,61,10461,1,404,GARCIA MILLAN,SALMOREJO,SALMOREJO ORIGINAL GM 330ML,CASH BAREA,,,,,,,,,,NOT_COMPARABLE_MISSING_VALIDATION,1,1,0,,,,,,,,,,,,,,,,,,,,,,,,,,,,,,,,,,,,,,,,,,,,,,,,,,,,,,,,,,,,,,,,,,,,,,,,,,,,,,,,,,,,,,,,,,,,,,,,,,,,,,,,,,,,,,,,,,,,,,,,,,,,,,,,,,,,,,,,,,,,,,,,,,,,,,,,,,,,,,,,,,,,,,,,,,,,,,,,,,,,,,,,,,,,,,,,,,,,,,,,,,,,,,,,2026-07-11 11:22:46.237,0,,
8984,63,61,10461,1,405,GARCIA MILLAN,SALMOREJO,SALMOREJO ORIGINAL GM 330ML,CHAPELA LEON,,,,,,,,,,NOT_COMPARABLE_MISSING_VALIDATION,1,1,0,,,,,,,,,,,,,,,,,,,,,,,,,,,,,,,,,,,,,,,,,,,,,,,,,,,,,,,,,,,,,,,,,,,,,,,,,,,,,,,,,,,,,,,,,,,,,,,,,,,,,,,,,,,,,,,,,,,,,,,,,,,,,,,,,,,,,,,,,,,,,,,,,,,,,,,,,,,,,,,,,,,,,,,,,,,,,,,,,,,,,,,,,,,,,,,,,,,,,,,,,,,,,,,,2026-07-11 11:22:46.237,0,,
8985,63,61,10461,1,406,GARCIA MILLAN,SALMOREJO,SALMOREJO ORIGINAL GM 330ML,COMERCIAL PIEDRA TRUJILLO,,,,,,,,,,NOT_COMPARABLE_MISSING_VALIDATION,1,1,0,,,,,,,,,,,,,,,,,,,,,,,,,,,,,,,,,,,,,,,,,,,,,,,,,,,,,,,,,,,,,,,,,,,,,,,,,,,,,,,,,,,,,,,,,,,,,,,,,,,,,,,,,,,,,,,,,,,,,,,,,,,,,,,,,,,,,,,,,,,,,,,,,,,,,,,,,,,,,,,,,,,,,,,,,,,,,,,,,,,,,,,,,,,,,,,,,,,,,,,,,,,,,,,,2026-07-11 11:22:46.237,0,,
8986,63,61,10461,1,407,GARCIA MILLAN,SALMOREJO,SALMOREJO ORIGINAL GM 330ML,COVIRAN,,,,,,,,,,NOT_COMPARABLE_MISSING_VALIDATION,1,1,0,,,,,,,,,,,,,,,,,,,,,,,,,,,,,,,,,,,,,,,,,,,,,,,,,,,,,,,,,,,,,,,,,,,,,,,,,,,,,,,,,,,,,,,,,,,,,,,,,,,,,,,,,,,,,,,,,,,,,,,,,,,,,,,,,,,,,,,,,,,,,,,,,,,,,,,,,,,,,,,,,,,,,,,,,,,,,,,,,,,,,,,,,,,,,,,,,,,,,,,,,,,,,,,,2026-07-11 11:22:46.237,0,,
8987,63,61,10461,1,408,GARCIA MILLAN,SALMOREJO,SALMOREJO ORIGINAL GM 330ML,DEGUSTACIONES,,,,,,,,,,NOT_COMPARABLE_MISSING_VALIDATION,1,1,0,,,,,,,,,,,,,,,,,,,,,,,,,,,,,,,,,,,,,,,,,,,,,,,,,,,,,,,,,,,,,,,,,,,,,,,,,,,,,,,,,,,,,,,,,,,,,,,,,,,,,,,,,,,,,,,,,,,,,,,,,,,,,,,,,,,,,,,,,,,,,,,,,,,,,,,,,,,,,,,,,,,,,,,,,,,,,,,,,,,,,,,,,,,,,,,,,,,,,,,,,,,,,,,,2026-07-11 11:22:46.237,0,,
8988,63,61,10461,1,409,GARCIA MILLAN,SALMOREJO,SALMOREJO ORIGINAL GM 330ML,DIA,,,,,,,,,,NOT_COMPARABLE_MISSING_VALIDATION,1,1,0,,,,,,,,,,,,,,,,,,,,,,,,,,,,,,,,,,,,,,,,,,,,,,,,,,,,,,,,,,,,,,,,,,,,,,,,,,,,,,,,,,,,,,,,,,,,,,,,,,,,,,,,,,,,,,,,,,,,,,,,,,,,,,,,,,,,,,,,,,,,,,,,,,,,,,,,,,,,,,,,,,,,,,,,,,,,,,,,,,,,,,,,,,,,,,,,,,,,,,,,,,,,,,,,2026-07-11 11:22:46.237,0,,
8989,63,61,10461,1,410,GARCIA MILLAN,SALMOREJO,SALMOREJO ORIGINAL GM 330ML,DISTRIBUCIONES CARDOSO,,,,,,,,,,NOT_COMPARABLE_MISSING_VALIDATION,1,1,0,,,,,,,,,,,,,,,,,,,,,,,,,,,,,,,,,,,,,,,,,,,,,,,,,,,,,,,,,,,,,,,,,,,,,,,,,,,,,,,,,,,,,,,,,,,,,,,,,,,,,,,,,,,,,,,,,,,,,,,,,,,,,,,,,,,,,,,,,,,,,,,,,,,,,,,,,,,,,,,,,,,,,,,,,,,,,,,,,,,,,,,,,,,,,,,,,,,,,,,,,,,,,,,,2026-07-11 11:22:46.237,0,,
8990,63,61,10461,1,411,GARCIA MILLAN,SALMOREJO,SALMOREJO ORIGINAL GM 330ML,DISTRIBUCIONES FROIZ,,,,,,,,,,NOT_COMPARABLE_MISSING_VALIDATION,1,1,0,,,,,,,,,,,,,,,,,,,,,,,,,,,,,,,,,,,,,,,,,,,,,,,,,,,,,,,,,,,,,,,,,,,,,,,,,,,,,,,,,,,,,,,,,,,,,,,,,,,,,,,,,,,,,,,,,,,,,,,,,,,,,,,,,,,,,,,,,,,,,,,,,,,,,,,,,,,,,,,,,,,,,,,,,,,,,,,,,,,,,,,,,,,,,,,,,,,,,,,,,,,,,,,,2026-07-11 11:22:46.237,0,,
8991,63,61,10461,1,412,GARCIA MILLAN,SALMOREJO,SALMOREJO ORIGINAL GM 330ML,DISTRIBUCIONES HOSTEAZ,,,,,,,,,,NOT_COMPARABLE_MISSING_VALIDATION,1,0,0,,,,,,,,,,,,,,,,,,,,,,,,,,,,,,,,,,,,,,,,,,,,,,,,,,,,,,,,,,,,,,,,,,,,,,,,,,,,,,,,,,,,,,,,,,,,,,,,,,,,,,,,,,,,,,,,,,,,,,,,,,,,,,,,,,,,,,,,,,,,,,,,,,,,,,,,,,,,,,,,,,,,,,,,,,,,,,,,,,,,,,,,,,,,,,,,,,,,,,,,,,,,,,,,2026-07-11 11:22:46.237,0,,NoForecastRowsMaterialized
8992,63,61,10461,1,413,GARCIA MILLAN,SALMOREJO,SALMOREJO ORIGINAL GM 330ML,DISTRIBUCIONES JTT,,,,,,,,,,NOT_COMPARABLE_MISSING_VALIDATION,1,1,0,,,,,,,,,,,,,,,,,,,,,,,,,,,,,,,,,,,,,,,,,,,,,,,,,,,,,,,,,,,,,,,,,,,,,,,,,,,,,,,,,,,,,,,,,,,,,,,,,,,,,,,,,,,,,,,,,,,,,,,,,,,,,,,,,,,,,,,,,,,,,,,,,,,,,,,,,,,,,,,,,,,,,,,,,,,,,,,,,,,,,,,,,,,,,,,,,,,,,,,,,,,,,,,,2026-07-11 11:22:46.237,0,,
8993,63,61,10461,1,414,GARCIA MILLAN,SALMOREJO,SALMOREJO ORIGINAL GM 330ML,DONACIONES,,,,,,,,,,NOT_COMPARABLE_MISSING_VALIDATION,1,1,0,,,,,,,,,,,,,,,,,,,,,,,,,,,,,,,,,,,,,,,,,,,,,,,,,,,,,,,,,,,,,,,,,,,,,,,,,,,,,,,,,,,,,,,,,,,,,,,,,,,,,,,,,,,,,,,,,,,,,,,,,,,,,,,,,,,,,,,,,,,,,,,,,,,,,,,,,,,,,,,,,,,,,,,,,,,,,,,,,,,,,,,,,,,,,,,,,,,,,,,,,,,,,,,,2026-07-11 11:22:46.237,0,,
8994,63,61,10461,1,415,GARCIA MILLAN,SALMOREJO,SALMOREJO ORIGINAL GM 330ML,EL CORTE INGLES,,,,,,,,,,NOT_COMPARABLE_MISSING_VALIDATION,1,1,0,,,,,,,,,,,,,,,,,,,,,,,,,,,,,,,,,,,,,,,,,,,,,,,,,,,,,,,,,,,,,,,,,,,,,,,,,,,,,,,,,,,,,,,,,,,,,,,,,,,,,,,,,,,,,,,,,,,,,,,,,,,,,,,,,,,,,,,,,,,,,,,,,,,,,,,,,,,,,,,,,,,,,,,,,,,,,,,,,,,,,,,,,,,,,,,,,,,,,,,,,,,,,,,,2026-07-11 11:22:46.237,0,,
8995,63,61,10461,1,416,GARCIA MILLAN,SALMOREJO,SALMOREJO ORIGINAL GM 330ML,ENRIQUE TOMAS,,,,,,,,,,NOT_COMPARABLE_MISSING_VALIDATION,1,1,0,,,,,,,,,,,,,,,,,,,,,,,,,,,,,,,,,,,,,,,,,,,,,,,,,,,,,,,,,,,,,,,,,,,,,,,,,,,,,,,,,,,,,,,,,,,,,,,,,,,,,,,,,,,,,,,,,,,,,,,,,,,,,,,,,,,,,,,,,,,,,,,,,,,,,,,,,,,,,,,,,,,,,,,,,,,,,,,,,,,,,,,,,,,,,,,,,,,,,,,,,,,,,,,,2026-07-11 11:22:46.237,0,,
8996,63,61,10461,1,417,GARCIA MILLAN,SALMOREJO,SALMOREJO ORIGINAL GM 330ML,ESTABLECIMIENTOS PLAZA,,,,,,,,,,NOT_COMPARABLE_MISSING_VALIDATION,1,1,0,,,,,,,,,,,,,,,,,,,,,,,,,,,,,,,,,,,,,,,,,,,,,,,,,,,,,,,,,,,,,,,,,,,,,,,,,,,,,,,,,,,,,,,,,,,,,,,,,,,,,,,,,,,,,,,,,,,,,,,,,,,,,,,,,,,,,,,,,,,,,,,,,,,,,,,,,,,,,,,,,,,,,,,,,,,,,,,,,,,,,,,,,,,,,,,,,,,,,,,,,,,,,,,,2026-07-11 11:22:46.237,0,,
8997,63,61,10461,1,418,GARCIA MILLAN,SALMOREJO,SALMOREJO ORIGINAL GM 330ML,FAMILY CASH,,,,,,,,,,NOT_COMPARABLE_MISSING_VALIDATION,1,1,0,,,,,,,,,,,,,,,,,,,,,,,,,,,,,,,,,,,,,,,,,,,,,,,,,,,,,,,,,,,,,,,,,,,,,,,,,,,,,,,,,,,,,,,,,,,,,,,,,,,,,,,,,,,,,,,,,,,,,,,,,,,,,,,,,,,,,,,,,,,,,,,,,,,,,,,,,,,,,,,,,,,,,,,,,,,,,,,,,,,,,,,,,,,,,,,,,,,,,,,,,,,,,,,,2026-07-11 11:22:46.237,0,,NoForecastRowsMaterialized
8998,63,61,10461,1,419,GARCIA MILLAN,SALMOREJO,SALMOREJO ORIGINAL GM 330ML,FRANCO-MOR,,,,,,,,,,NOT_COMPARABLE_MISSING_VALIDATION,1,0,0,,,,,,,,,,,,,,,,,,,,,,,,,,,,,,,,,,,,,,,,,,,,,,,,,,,,,,,,,,,,,,,,,,,,,,,,,,,,,,,,,,,,,,,,,,,,,,,,,,,,,,,,,,,,,,,,,,,,,,,,,,,,,,,,,,,,,,,,,,,,,,,,,,,,,,,,,,,,,,,,,,,,,,,,,,,,,,,,,,,,,,,,,,,,,,,,,,,,,,,,,,,,,,,,2026-07-11 11:22:46.237,0,,NoForecastRowsMaterialized
8999,63,61,10461,1,420,GARCIA MILLAN,SALMOREJO,SALMOREJO ORIGINAL GM 330ML,FRUFOR,,,,,,,,,,NOT_COMPARABLE_MISSING_VALIDATION,1,0,0,,,,,,,,,,,,,,,,,,,,,,,,,,,,,,,,,,,,,,,,,,,,,,,,,,,,,,,,,,,,,,,,,,,,,,,,,,,,,,,,,,,,,,,,,,,,,,,,,,,,,,,,,,,,,,,,,,,,,,,,,,,,,,,,,,,,,,,,,,,,,,,,,,,,,,,,,,,,,,,,,,,,,,,,,,,,,,,,,,,,,,,,,,,,,,,,,,,,,,,,,,,,,,,,2026-07-11 11:22:46.237,0,,NoForecastRowsMaterialized
9000,63,61,10461,1,421,GARCIA MILLAN,SALMOREJO,SALMOREJO ORIGINAL GM 330ML,GARIZUR,,,,,,,,,,NOT_COMPARABLE_MISSING_VALIDATION,1,1,0,,,,,,,,,,,,,,,,,,,,,,,,,,,,,,,,,,,,,,,,,,,,,,,,,,,,,,,,,,,,,,,,,,,,,,,,,,,,,,,,,,,,,,,,,,,,,,,,,,,,,,,,,,,,,,,,,,,,,,,,,,,,,,,,,,,,,,,,,,,,,,,,,,,,,,,,,,,,,,,,,,,,,,,,,,,,,,,,,,,,,,,,,,,,,,,,,,,,,,,,,,,,,,,,2026-07-11 11:22:46.237,0,,
9001,63,61,10461,1,422,GARCIA MILLAN,SALMOREJO,SALMOREJO ORIGINAL GM 330ML,GRUPO AUCHAN,,,,,,,,,,NOT_COMPARABLE_MISSING_VALIDATION,1,1,0,,,,,,,,,,,,,,,,,,,,,,,,,,,,,,,,,,,,,,,,,,,,,,,,,,,,,,,,,,,,,,,,,,,,,,,,,,,,,,,,,,,,,,,,,,,,,,,,,,,,,,,,,,,,,,,,,,,,,,,,,,,,,,,,,,,,,,,,,,,,,,,,,,,,,,,,,,,,,,,,,,,,,,,,,,,,,,,,,,,,,,,,,,,,,,,,,,,,,,,,,,,,,,,,2026-07-11 11:22:46.237,0,,
9002,63,61,10461,1,423,GARCIA MILLAN,SALMOREJO,SALMOREJO ORIGINAL GM 330ML,GRUPO EL JAMON,,,,,,,,,,NOT_COMPARABLE_MISSING_VALIDATION,1,1,0,,,,,,,,,,,,,,,,,,,,,,,,,,,,,,,,,,,,,,,,,,,,,,,,,,,,,,,,,,,,,,,,,,,,,,,,,,,,,,,,,,,,,,,,,,,,,,,,,,,,,,,,,,,,,,,,,,,,,,,,,,,,,,,,,,,,,,,,,,,,,,,,,,,,,,,,,,,,,,,,,,,,,,,,,,,,,,,,,,,,,,,,,,,,,,,,,,,,,,,,,,,,,,,,2026-07-11 11:22:46.237,0,,
9003,63,61,10461,1,424,GARCIA MILLAN,SALMOREJO,SALMOREJO ORIGINAL GM 330ML,HERMANOS AYALA,,,,,,,,,,NOT_COMPARABLE_MISSING_VALIDATION,1,1,0,,,,,,,,,,,,,,,,,,,,,,,,,,,,,,,,,,,,,,,,,,,,,,,,,,,,,,,,,,,,,,,,,,,,,,,,,,,,,,,,,,,,,,,,,,,,,,,,,,,,,,,,,,,,,,,,,,,,,,,,,,,,,,,,,,,,,,,,,,,,,,,,,,,,,,,,,,,,,,,,,,,,,,,,,,,,,,,,,,,,,,,,,,,,,,,,,,,,,,,,,,,,,,,,2026-07-11 11:22:46.237,0,,
9004,63,61,10461,1,425,GARCIA MILLAN,SALMOREJO,SALMOREJO ORIGINAL GM 330ML,HERMANOS MARTIN,,,,,,,,,,NOT_COMPARABLE_MISSING_VALIDATION,1,1,0,,,,,,,,,,,,,,,,,,,,,,,,,,,,,,,,,,,,,,,,,,,,,,,,,,,,,,,,,,,,,,,,,,,,,,,,,,,,,,,,,,,,,,,,,,,,,,,,,,,,,,,,,,,,,,,,,,,,,,,,,,,,,,,,,,,,,,,,,,,,,,,,,,,,,,,,,,,,,,,,,,,,,,,,,,,,,,,,,,,,,,,,,,,,,,,,,,,,,,,,,,,,,,,,2026-07-11 11:22:46.237,0,,
9005,63,61,10461,1,426,GARCIA MILLAN,SALMOREJO,SALMOREJO ORIGINAL GM 330ML,HIPER TAMBO,,,,,,,,,,NOT_COMPARABLE_MISSING_VALIDATION,1,1,0,,,,,,,,,,,,,,,,,,,,,,,,,,,,,,,,,,,,,,,,,,,,,,,,,,,,,,,,,,,,,,,,,,,,,,,,,,,,,,,,,,,,,,,,,,,,,,,,,,,,,,,,,,,,,,,,,,,,,,,,,,,,,,,,,,,,,,,,,,,,,,,,,,,,,,,,,,,,,,,,,,,,,,,,,,,,,,,,,,,,,,,,,,,,,,,,,,,,,,,,,,,,,,,,2026-07-11 11:22:46.237,0,,
9006,63,61,10461,1,427,GARCIA MILLAN,SALMOREJO,SALMOREJO ORIGINAL GM 330ML,HIPER USERA,,,,,,,,,,NOT_COMPARABLE_MISSING_VALIDATION,1,1,0,,,,,,,,,,,,,,,,,,,,,,,,,,,,,,,,,,,,,,,,,,,,,,,,,,,,,,,,,,,,,,,,,,,,,,,,,,,,,,,,,,,,,,,,,,,,,,,,,,,,,,,,,,,,,,,,,,,,,,,,,,,,,,,,,,,,,,,,,,,,,,,,,,,,,,,,,,,,,,,,,,,,,,,,,,,,,,,,,,,,,,,,,,,,,,,,,,,,,,,,,,,,,,,,2026-07-11 11:22:46.237,0,,
9007,63,61,10461,1,428,GARCIA MILLAN,SALMOREJO,SALMOREJO ORIGINAL GM 330ML,HIPERBER,,,,,,,,,,NOT_COMPARABLE_MISSING_VALIDATION,1,0,0,,,,,,,,,,,,,,,,,,,,,,,,,,,,,,,,,,,,,,,,,,,,,,,,,,,,,,,,,,,,,,,,,,,,,,,,,,,,,,,,,,,,,,,,,,,,,,,,,,,,,,,,,,,,,,,,,,,,,,,,,,,,,,,,,,,,,,,,,,,,,,,,,,,,,,,,,,,,,,,,,,,,,,,,,,,,,,,,,,,,,,,,,,,,,,,,,,,,,,,,,,,,,,,,2026-07-11 11:22:46.237,0,,NoForecastRowsMaterialized
9008,63,61,10461,1,429,GARCIA MILLAN,SALMOREJO,SALMOREJO ORIGINAL GM 330ML,JOAQUIN TARDIO,,,,,,,,,,NOT_COMPARABLE_MISSING_VALIDATION,1,1,0,,,,,,,,,,,,,,,,,,,,,,,,,,,,,,,,,,,,,,,,,,,,,,,,,,,,,,,,,,,,,,,,,,,,,,,,,,,,,,,,,,,,,,,,,,,,,,,,,,,,,,,,,,,,,,,,,,,,,,,,,,,,,,,,,,,,,,,,,,,,,,,,,,,,,,,,,,,,,,,,,,,,,,,,,,,,,,,,,,,,,,,,,,,,,,,,,,,,,,,,,,,,,,,,2026-07-11 11:22:46.237,0,,
9009,63,61,10461,1,430,GARCIA MILLAN,SALMOREJO,SALMOREJO ORIGINAL GM 330ML,JURADO GOURMET,,,,,,,,,,NOT_COMPARABLE_MISSING_VALIDATION,1,1,0,,,,,,,,,,,,,,,,,,,,,,,,,,,,,,,,,,,,,,,,,,,,,,,,,,,,,,,,,,,,,,,,,,,,,,,,,,,,,,,,,,,,,,,,,,,,,,,,,,,,,,,,,,,,,,,,,,,,,,,,,,,,,,,,,,,,,,,,,,,,,,,,,,,,,,,,,,,,,,,,,,,,,,,,,,,,,,,,,,,,,,,,,,,,,,,,,,,,,,,,,,,,,,,,2026-07-11 11:22:46.237,0,,
9010,63,61,10461,1,431,GARCIA MILLAN,SALMOREJO,SALMOREJO ORIGINAL GM 330ML,LACTEAS HISPALENSE,,,,,,,,,,NOT_COMPARABLE_MISSING_VALIDATION,1,0,0,,,,,,,,,,,,,,,,,,,,,,,,,,,,,,,,,,,,,,,,,,,,,,,,,,,,,,,,,,,,,,,,,,,,,,,,,,,,,,,,,,,,,,,,,,,,,,,,,,,,,,,,,,,,,,,,,,,,,,,,,,,,,,,,,,,,,,,,,,,,,,,,,,,,,,,,,,,,,,,,,,,,,,,,,,,,,,,,,,,,,,,,,,,,,,,,,,,,,,,,,,,,,,,,2026-07-11 11:22:46.237,0,,NoForecastRowsMaterialized
9011,63,61,10461,1,432,GARCIA MILLAN,SALMOREJO,SALMOREJO ORIGINAL GM 330ML,LIDL,,,,,,,,,,NOT_COMPARABLE_MISSING_VALIDATION,1,1,0,,,,,,,,,,,,,,,,,,,,,,,,,,,,,,,,,,,,,,,,,,,,,,,,,,,,,,,,,,,,,,,,,,,,,,,,,,,,,,,,,,,,,,,,,,,,,,,,,,,,,,,,,,,,,,,,,,,,,,,,,,,,,,,,,,,,,,,,,,,,,,,,,,,,,,,,,,,,,,,,,,,,,,,,,,,,,,,,,,,,,,,,,,,,,,,,,,,,,,,,,,,,,,,,2026-07-11 11:22:46.237,0,,
9012,63,61,10461,1,433,GARCIA MILLAN,SALMOREJO,SALMOREJO ORIGINAL GM 330ML,LOSAN DISTRIBUCIONES,,,,,,,,,,NOT_COMPARABLE_MISSING_VALIDATION,1,1,0,,,,,,,,,,,,,,,,,,,,,,,,,,,,,,,,,,,,,,,,,,,,,,,,,,,,,,,,,,,,,,,,,,,,,,,,,,,,,,,,,,,,,,,,,,,,,,,,,,,,,,,,,,,,,,,,,,,,,,,,,,,,,,,,,,,,,,,,,,,,,,,,,,,,,,,,,,,,,,,,,,,,,,,,,,,,,,,,,,,,,,,,,,,,,,,,,,,,,,,,,,,,,,,,2026-07-11 11:22:46.237,0,,NoForecastRowsMaterialized
9013,63,61,10461,1,434,GARCIA MILLAN,SALMOREJO,SALMOREJO ORIGINAL GM 330ML,LUIS PIÃ‘A,,,,,,,,,,NOT_COMPARABLE_MISSING_VALIDATION,1,1,0,,,,,,,,,,,,,,,,,,,,,,,,,,,,,,,,,,,,,,,,,,,,,,,,,,,,,,,,,,,,,,,,,,,,,,,,,,,,,,,,,,,,,,,,,,,,,,,,,,,,,,,,,,,,,,,,,,,,,,,,,,,,,,,,,,,,,,,,,,,,,,,,,,,,,,,,,,,,,,,,,,,,,,,,,,,,,,,,,,,,,,,,,,,,,,,,,,,,,,,,,,,,,,,,2026-07-11 11:22:46.237,0,,
9014,63,61,10461,1,435,GARCIA MILLAN,SALMOREJO,SALMOREJO ORIGINAL GM 330ML,MERCADONA,,,,,,,,,,NOT_COMPARABLE_MISSING_VALIDATION,1,1,0,,,,,,,,,,,,,,,,,,,,,,,,,,,,,,,,,,,,,,,,,,,,,,,,,,,,,,,,,,,,,,,,,,,,,,,,,,,,,,,,,,,,,,,,,,,,,,,,,,,,,,,,,,,,,,,,,,,,,,,,,,,,,,,,,,,,,,,,,,,,,,,,,,,,,,,,,,,,,,,,,,,,,,,,,,,,,,,,,,,,,,,,,,,,,,,,,,,,,,,,,,,,,,,,2026-07-11 11:22:46.237,0,,
9015,63,61,10461,1,436,GARCIA MILLAN,SALMOREJO,SALMOREJO ORIGINAL GM 330ML,MOISES MUÃ‘OZ E HIJOS,,,,,,,,,,NOT_COMPARABLE_MISSING_VALIDATION,1,1,0,,,,,,,,,,,,,,,,,,,,,,,,,,,,,,,,,,,,,,,,,,,,,,,,,,,,,,,,,,,,,,,,,,,,,,,,,,,,,,,,,,,,,,,,,,,,,,,,,,,,,,,,,,,,,,,,,,,,,,,,,,,,,,,,,,,,,,,,,,,,,,,,,,,,,,,,,,,,,,,,,,,,,,,,,,,,,,,,,,,,,,,,,,,,,,,,,,,,,,,,,,,,,,,,2026-07-11 11:22:46.237,0,,
9016,63,61,10461,1,437,GARCIA MILLAN,SALMOREJO,SALMOREJO ORIGINAL GM 330ML,MUESTRAS,,,,,,,,,,NOT_COMPARABLE_MISSING_VALIDATION,1,1,0,,,,,,,,,,,,,,,,,,,,,,,,,,,,,,,,,,,,,,,,,,,,,,,,,,,,,,,,,,,,,,,,,,,,,,,,,,,,,,,,,,,,,,,,,,,,,,,,,,,,,,,,,,,,,,,,,,,,,,,,,,,,,,,,,,,,,,,,,,,,,,,,,,,,,,,,,,,,,,,,,,,,,,,,,,,,,,,,,,,,,,,,,,,,,,,,,,,,,,,,,,,,,,,,2026-07-11 11:22:46.237,0,,NoForecastRowsMaterialized
9017,63,61,10461,1,438,GARCIA MILLAN,SALMOREJO,SALMOREJO ORIGINAL GM 330ML,PARQUE NORTE,,,,,,,,,,NOT_COMPARABLE_MISSING_VALIDATION,1,0,0,,,,,,,,,,,,,,,,,,,,,,,,,,,,,,,,,,,,,,,,,,,,,,,,,,,,,,,,,,,,,,,,,,,,,,,,,,,,,,,,,,,,,,,,,,,,,,,,,,,,,,,,,,,,,,,,,,,,,,,,,,,,,,,,,,,,,,,,,,,,,,,,,,,,,,,,,,,,,,,,,,,,,,,,,,,,,,,,,,,,,,,,,,,,,,,,,,,,,,,,,,,,,,,,2026-07-11 11:22:46.237,0,,NoForecastRowsMaterialized
9018,63,61,10461,1,439,GARCIA MILLAN,SALMOREJO,SALMOREJO ORIGINAL GM 330ML,PLASTICOSUR,,,,,,,,,,NOT_COMPARABLE_MISSING_VALIDATION,1,1,0,,,,,,,,,,,,,,,,,,,,,,,,,,,,,,,,,,,,,,,,,,,,,,,,,,,,,,,,,,,,,,,,,,,,,,,,,,,,,,,,,,,,,,,,,,,,,,,,,,,,,,,,,,,,,,,,,,,,,,,,,,,,,,,,,,,,,,,,,,,,,,,,,,,,,,,,,,,,,,,,,,,,,,,,,,,,,,,,,,,,,,,,,,,,,,,,,,,,,,,,,,,,,,,,2026-07-11 11:22:46.237,0,,
9019,63,61,10461,1,440,GARCIA MILLAN,SALMOREJO,SALMOREJO ORIGINAL GM 330ML,PUNTO SADEAL UNIVERSAL,,,,,,,,,,NOT_COMPARABLE_MISSING_VALIDATION,1,1,0,,,,,,,,,,,,,,,,,,,,,,,,,,,,,,,,,,,,,,,,,,,,,,,,,,,,,,,,,,,,,,,,,,,,,,,,,,,,,,,,,,,,,,,,,,,,,,,,,,,,,,,,,,,,,,,,,,,,,,,,,,,,,,,,,,,,,,,,,,,,,,,,,,,,,,,,,,,,,,,,,,,,,,,,,,,,,,,,,,,,,,,,,,,,,,,,,,,,,,,,,,,,,,,,2026-07-11 11:22:46.237,0,,NoForecastRowsMaterialized
9020,63,61,10461,1,441,GARCIA MILLAN,SALMOREJO,SALMOREJO ORIGINAL GM 330ML,RAFAEL OLIAS,,,,,,,,,,NOT_COMPARABLE_MISSING_VALIDATION,1,1,0,,,,,,,,,,,,,,,,,,,,,,,,,,,,,,,,,,,,,,,,,,,,,,,,,,,,,,,,,,,,,,,,,,,,,,,,,,,,,,,,,,,,,,,,,,,,,,,,,,,,,,,,,,,,,,,,,,,,,,,,,,,,,,,,,,,,,,,,,,,,,,,,,,,,,,,,,,,,,,,,,,,,,,,,,,,,,,,,,,,,,,,,,,,,,,,,,,,,,,,,,,,,,,,,2026-07-11 11:22:46.237,0,,
9021,63,61,10461,1,442,GARCIA MILLAN,SALMOREJO,SALMOREJO ORIGINAL GM 330ML,REPRESENTACIONES MAYORAL,,,,,,,,,,NOT_COMPARABLE_MISSING_VALIDATION,1,0,0,,,,,,,,,,,,,,,,,,,,,,,,,,,,,,,,,,,,,,,,,,,,,,,,,,,,,,,,,,,,,,,,,,,,,,,,,,,,,,,,,,,,,,,,,,,,,,,,,,,,,,,,,,,,,,,,,,,,,,,,,,,,,,,,,,,,,,,,,,,,,,,,,,,,,,,,,,,,,,,,,,,,,,,,,,,,,,,,,,,,,,,,,,,,,,,,,,,,,,,,,,,,,,,,2026-07-11 11:22:46.237,0,,NoForecastRowsMaterialized
9022,63,61,10461,1,443,GARCIA MILLAN,SALMOREJO,SALMOREJO ORIGINAL GM 330ML,RUIZ GALAN,,,,,,,,,,NOT_COMPARABLE_MISSING_VALIDATION,1,1,0,,,,,,,,,,,,,,,,,,,,,,,,,,,,,,,,,,,,,,,,,,,,,,,,,,,,,,,,,,,,,,,,,,,,,,,,,,,,,,,,,,,,,,,,,,,,,,,,,,,,,,,,,,,,,,,,,,,,,,,,,,,,,,,,,,,,,,,,,,,,,,,,,,,,,,,,,,,,,,,,,,,,,,,,,,,,,,,,,,,,,,,,,,,,,,,,,,,,,,,,,,,,,,,,2026-07-11 11:22:46.237,0,,
9023,63,61,10461,1,444,GARCIA MILLAN,SALMOREJO,SALMOREJO ORIGINAL GM 330ML,SOALPE,,,,,,,,,,NOT_COMPARABLE_MISSING_VALIDATION,1,1,0,,,,,,,,,,,,,,,,,,,,,,,,,,,,,,,,,,,,,,,,,,,,,,,,,,,,,,,,,,,,,,,,,,,,,,,,,,,,,,,,,,,,,,,,,,,,,,,,,,,,,,,,,,,,,,,,,,,,,,,,,,,,,,,,,,,,,,,,,,,,,,,,,,,,,,,,,,,,,,,,,,,,,,,,,,,,,,,,,,,,,,,,,,,,,,,,,,,,,,,,,,,,,,,,2026-07-11 11:22:46.237,0,,
9024,63,61,10461,1,445,GARCIA MILLAN,SALMOREJO,SALMOREJO ORIGINAL GM 330ML,SOLA RICCA,,,,,,,,,,NOT_COMPARABLE_MISSING_VALIDATION,1,1,0,,,,,,,,,,,,,,,,,,,,,,,,,,,,,,,,,,,,,,,,,,,,,,,,,,,,,,,,,,,,,,,,,,,,,,,,,,,,,,,,,,,,,,,,,,,,,,,,,,,,,,,,,,,,,,,,,,,,,,,,,,,,,,,,,,,,,,,,,,,,,,,,,,,,,,,,,,,,,,,,,,,,,,,,,,,,,,,,,,,,,,,,,,,,,,,,,,,,,,,,,,,,,,,,2026-07-11 11:22:46.237,0,,
9025,63,61,10461,1,446,GARCIA MILLAN,SALMOREJO,SALMOREJO ORIGINAL GM 330ML,SUPER ARCOS,,,,,,,,,,NOT_COMPARABLE_MISSING_VALIDATION,1,1,0,,,,,,,,,,,,,,,,,,,,,,,,,,,,,,,,,,,,,,,,,,,,,,,,,,,,,,,,,,,,,,,,,,,,,,,,,,,,,,,,,,,,,,,,,,,,,,,,,,,,,,,,,,,,,,,,,,,,,,,,,,,,,,,,,,,,,,,,,,,,,,,,,,,,,,,,,,,,,,,,,,,,,,,,,,,,,,,,,,,,,,,,,,,,,,,,,,,,,,,,,,,,,,,,2026-07-11 11:22:46.237,0,,
9026,63,61,10461,1,447,GARCIA MILLAN,SALMOREJO,SALMOREJO ORIGINAL GM 330ML,UNEI,,,,,,,,,,NOT_COMPARABLE_MISSING_VALIDATION,1,1,0,,,,,,,,,,,,,,,,,,,,,,,,,,,,,,,,,,,,,,,,,,,,,,,,,,,,,,,,,,,,,,,,,,,,,,,,,,,,,,,,,,,,,,,,,,,,,,,,,,,,,,,,,,,,,,,,,,,,,,,,,,,,,,,,,,,,,,,,,,,,,,,,,,,,,,,,,,,,,,,,,,,,,,,,,,,,,,,,,,,,,,,,,,,,,,,,,,,,,,,,,,,,,,,,2026-07-11 11:22:46.237,0,,
"9027,63,61,10461,1,449,GARCIA MILLAN,SALMOREJO,SALMOREJO ORIGINAL GM 750ML,"""",,,,,,,,,,NOT_COMPARABLE_MISSING_VALIDATION,1,1,0,,,,,,,,,,,,,,,,,,,,,,,,,,,,,,,,,,,,,,,,,,,,,,,,,,,,,,,,,,,,,,,,,,,,,,,,,,,,,,,,,,,,,,,,,,,,,,,,,,,,,,,,,,,,,,,,,,,,,,,,,,,,,,,,,,,,,,,,,,,,,,,,,,,,,,,,,,,,,,,,,,,,,,,,,,,,,,,,,,,,,,,,,,,,,,,,,,,,,,,,,,,,,,,,2026-07-11 11:22:46.237,0,,NoForecastRowsMaterialized"
9028,63,61,10461,1,450,GARCIA MILLAN,SALMOREJO,SALMOREJO ORIGINAL GM 750ML,AHORRAMAS,,,,,,,,,,NOT_COMPARABLE_MISSING_VALIDATION,1,1,0,,,,,,,,,,,,,,,,,,,,,,,,,,,,,,,,,,,,,,,,,,,,,,,,,,,,,,,,,,,,,,,,,,,,,,,,,,,,,,,,,,,,,,,,,,,,,,,,,,,,,,,,,,,,,,,,,,,,,,,,,,,,,,,,,,,,,,,,,,,,,,,,,,,,,,,,,,,,,,,,,,,,,,,,,,,,,,,,,,,,,,,,,,,,,,,,,,,,,,,,,,,,,,,,2026-07-11 11:22:46.237,0,,NoForecastRowsMaterialized
9029,63,61,10461,1,451,GARCIA MILLAN,SALMOREJO,SALMOREJO ORIGINAL GM 750ML,GRUPO EL JAMON,,,,,,,,,,NOT_COMPARABLE_MISSING_VALIDATION,1,1,0,,,,,,,,,,,,,,,,,,,,,,,,,,,,,,,,,,,,,,,,,,,,,,,,,,,,,,,,,,,,,,,,,,,,,,,,,,,,,,,,,,,,,,,,,,,,,,,,,,,,,,,,,,,,,,,,,,,,,,,,,,,,,,,,,,,,,,,,,,,,,,,,,,,,,,,,,,,,,,,,,,,,,,,,,,,,,,,,,,,,,,,,,,,,,,,,,,,,,,,,,,,,,,,,2026-07-11 11:22:46.237,0,,NoForecastRowsMaterialized
9030,63,61,10461,1,452,GARCIA MILLAN,SALMOREJO,SALMOREJO ORIGINAL GM 750ML,HERMANOS MARTIN,,,,,,,,,,NOT_COMPARABLE_MISSING_VALIDATION,1,1,0,,,,,,,,,,,,,,,,,,,,,,,,,,,,,,,,,,,,,,,,,,,,,,,,,,,,,,,,,,,,,,,,,,,,,,,,,,,,,,,,,,,,,,,,,,,,,,,,,,,,,,,,,,,,,,,,,,,,,,,,,,,,,,,,,,,,,,,,,,,,,,,,,,,,,,,,,,,,,,,,,,,,,,,,,,,,,,,,,,,,,,,,,,,,,,,,,,,,,,,,,,,,,,,,2026-07-11 11:22:46.237,0,,NoForecastRowsMaterialized
"9031,63,61,10461,1,553,SALSAS DE SALTEAS,GAZPACHO,GAZPACHO SS 1L,"""",,,,,,,,,,NOT_COMPARABLE_MISSING_VALIDATION,1,1,0,,,,,,,,,,,,,,,,,,,,,,,,,,,,,,,,,,,,,,,,,,,,,,,,,,,,,,,,,,,,,,,,,,,,,,,,,,,,,,,,,,,,,,,,,,,,,,,,,,,,,,,,,,,,,,,,,,,,,,,,,,,,,,,,,,,,,,,,,,,,,,,,,,,,,,,,,,,,,,,,,,,,,,,,,,,,,,,,,,,,,,,,,,,,,,,,,,,,,,,,,,,,,,,,2026-07-11 11:22:46.237,0,,"
9032,63,61,10461,1,554,SALSAS DE SALTEAS,GAZPACHO,GAZPACHO SS 1L,DISTRIBUCIONES HOSTEAZ,,,,,,,,,,NOT_COMPARABLE_MISSING_VALIDATION,1,0,0,,,,,,,,,,,,,,,,,,,,,,,,,,,,,,,,,,,,,,,,,,,,,,,,,,,,,,,,,,,,,,,,,,,,,,,,,,,,,,,,,,,,,,,,,,,,,,,,,,,,,,,,,,,,,,,,,,,,,,,,,,,,,,,,,,,,,,,,,,,,,,,,,,,,,,,,,,,,,,,,,,,,,,,,,,,,,,,,,,,,,,,,,,,,,,,,,,,,,,,,,,,,,,,,2026-07-11 11:22:46.237,0,,NoForecastRowsMaterialized
9033,63,61,10461,1,555,SALSAS DE SALTEAS,GAZPACHO,GAZPACHO SS 1L,EL CORTE INGLES,,,,,,,,,,NOT_COMPARABLE_MISSING_VALIDATION,1,1,0,,,,,,,,,,,,,,,,,,,,,,,,,,,,,,,,,,,,,,,,,,,,,,,,,,,,,,,,,,,,,,,,,,,,,,,,,,,,,,,,,,,,,,,,,,,,,,,,,,,,,,,,,,,,,,,,,,,,,,,,,,,,,,,,,,,,,,,,,,,,,,,,,,,,,,,,,,,,,,,,,,,,,,,,,,,,,,,,,,,,,,,,,,,,,,,,,,,,,,,,,,,,,,,,2026-07-11 11:22:46.237,0,,
9034,63,61,10461,1,556,SALSAS DE SALTEAS,GAZPACHO,GAZPACHO SS 1L,HERMANOS MARTIN,,,,,,,,,,NOT_COMPARABLE_MISSING_VALIDATION,1,0,0,,,,,,,,,,,,,,,,,,,,,,,,,,,,,,,,,,,,,,,,,,,,,,,,,,,,,,,,,,,,,,,,,,,,,,,,,,,,,,,,,,,,,,,,,,,,,,,,,,,,,,,,,,,,,,,,,,,,,,,,,,,,,,,,,,,,,,,,,,,,,,,,,,,,,,,,,,,,,,,,,,,,,,,,,,,,,,,,,,,,,,,,,,,,,,,,,,,,,,,,,,,,,,,,2026-07-11 11:22:46.237,0,,NoForecastRowsMaterialized
9035,63,61,10461,1,557,SALSAS DE SALTEAS,GAZPACHO,GAZPACHO SS 1L,IBERICA LACTO FRESH,,,,,,,,,,NOT_COMPARABLE_MISSING_VALIDATION,1,1,0,,,,,,,,,,,,,,,,,,,,,,,,,,,,,,,,,,,,,,,,,,,,,,,,,,,,,,,,,,,,,,,,,,,,,,,,,,,,,,,,,,,,,,,,,,,,,,,,,,,,,,,,,,,,,,,,,,,,,,,,,,,,,,,,,,,,,,,,,,,,,,,,,,,,,,,,,,,,,,,,,,,,,,,,,,,,,,,,,,,,,,,,,,,,,,,,,,,,,,,,,,,,,,,,2026-07-11 11:22:46.237,0,,NoForecastRowsMaterialized
9036,63,61,10461,1,558,SALSAS DE SALTEAS,GAZPACHO,GAZPACHO SS 1L,JURADO GOURMET,,,,,,,,,,NOT_COMPARABLE_MISSING_VALIDATION,1,0,0,,,,,,,,,,,,,,,,,,,,,,,,,,,,,,,,,,,,,,,,,,,,,,,,,,,,,,,,,,,,,,,,,,,,,,,,,,,,,,,,,,,,,,,,,,,,,,,,,,,,,,,,,,,,,,,,,,,,,,,,,,,,,,,,,,,,,,,,,,,,,,,,,,,,,,,,,,,,,,,,,,,,,,,,,,,,,,,,,,,,,,,,,,,,,,,,,,,,,,,,,,,,,,,,2026-07-11 11:22:46.237,0,,NoForecastRowsMaterialized
9037,63,61,10461,1,559,SALSAS DE SALTEAS,GAZPACHO,GAZPACHO SS 1L,RAFAEL OLIAS,,,,,,,,,,NOT_COMPARABLE_MISSING_VALIDATION,1,0,0,,,,,,,,,,,,,,,,,,,,,,,,,,,,,,,,,,,,,,,,,,,,,,,,,,,,,,,,,,,,,,,,,,,,,,,,,,,,,,,,,,,,,,,,,,,,,,,,,,,,,,,,,,,,,,,,,,,,,,,,,,,,,,,,,,,,,,,,,,,,,,,,,,,,,,,,,,,,,,,,,,,,,,,,,,,,,,,,,,,,,,,,,,,,,,,,,,,,,,,,,,,,,,,,2026-07-11 11:22:46.237,0,,NoForecastRowsMaterialized
"9038,63,61,10461,1,561,SALSAS DE SALTEAS,GAZPACHO,GAZPACHO SS 330ML,"""",,,,,,,,,,NOT_COMPARABLE_MISSING_VALIDATION,1,0,0,,,,,,,,,,,,,,,,,,,,,,,,,,,,,,,,,,,,,,,,,,,,,,,,,,,,,,,,,,,,,,,,,,,,,,,,,,,,,,,,,,,,,,,,,,,,,,,,,,,,,,,,,,,,,,,,,,,,,,,,,,,,,,,,,,,,,,,,,,,,,,,,,,,,,,,,,,,,,,,,,,,,,,,,,,,,,,,,,,,,,,,,,,,,,,,,,,,,,,,,,,,,,,,,2026-07-11 11:22:46.237,0,,NoForecastRowsMaterialized"
9039,63,61,10461,1,562,SALSAS DE SALTEAS,GAZPACHO,GAZPACHO SS 330ML,DISTRIBUCIONES HOSTEAZ,,,,,,,,,,NOT_COMPARABLE_MISSING_VALIDATION,1,0,0,,,,,,,,,,,,,,,,,,,,,,,,,,,,,,,,,,,,,,,,,,,,,,,,,,,,,,,,,,,,,,,,,,,,,,,,,,,,,,,,,,,,,,,,,,,,,,,,,,,,,,,,,,,,,,,,,,,,,,,,,,,,,,,,,,,,,,,,,,,,,,,,,,,,,,,,,,,,,,,,,,,,,,,,,,,,,,,,,,,,,,,,,,,,,,,,,,,,,,,,,,,,,,,,2026-07-11 11:22:46.237,0,,NoForecastRowsMaterialized
9040,63,61,10461,1,563,SALSAS DE SALTEAS,GAZPACHO,GAZPACHO SS 330ML,EL CORTE INGLES,,,,,,,,,,NOT_COMPARABLE_MISSING_VALIDATION,1,1,0,,,,,,,,,,,,,,,,,,,,,,,,,,,,,,,,,,,,,,,,,,,,,,,,,,,,,,,,,,,,,,,,,,,,,,,,,,,,,,,,,,,,,,,,,,,,,,,,,,,,,,,,,,,,,,,,,,,,,,,,,,,,,,,,,,,,,,,,,,,,,,,,,,,,,,,,,,,,,,,,,,,,,,,,,,,,,,,,,,,,,,,,,,,,,,,,,,,,,,,,,,,,,,,,2026-07-11 11:22:46.237,0,,
9041,63,61,10461,1,564,SALSAS DE SALTEAS,GAZPACHO,GAZPACHO SS 330ML,IBERICA LACTO FRESH,,,,,,,,,,NOT_COMPARABLE_MISSING_VALIDATION,1,0,0,,,,,,,,,,,,,,,,,,,,,,,,,,,,,,,,,,,,,,,,,,,,,,,,,,,,,,,,,,,,,,,,,,,,,,,,,,,,,,,,,,,,,,,,,,,,,,,,,,,,,,,,,,,,,,,,,,,,,,,,,,,,,,,,,,,,,,,,,,,,,,,,,,,,,,,,,,,,,,,,,,,,,,,,,,,,,,,,,,,,,,,,,,,,,,,,,,,,,,,,,,,,,,,,2026-07-11 11:22:46.237,0,,NoForecastRowsMaterialized
9042,63,61,10461,1,565,SALSAS DE SALTEAS,GAZPACHO,GAZPACHO SS 330ML,RAFAEL OLIAS,,,,,,,,,,NOT_COMPARABLE_MISSING_VALIDATION,1,0,0,,,,,,,,,,,,,,,,,,,,,,,,,,,,,,,,,,,,,,,,,,,,,,,,,,,,,,,,,,,,,,,,,,,,,,,,,,,,,,,,,,,,,,,,,,,,,,,,,,,,,,,,,,,,,,,,,,,,,,,,,,,,,,,,,,,,,,,,,,,,,,,,,,,,,,,,,,,,,,,,,,,,,,,,,,,,,,,,,,,,,,,,,,,,,,,,,,,,,,,,,,,,,,,,2026-07-11 11:22:46.237,0,,NoForecastRowsMaterialized
"9043,63,61,10461,1,568,SALSAS DE SALTEAS,SALMOREJO,SALMOREJO SS 1L,"""",,,,,,,,,,NOT_COMPARABLE_MISSING_VALIDATION,1,0,0,,,,,,,,,,,,,,,,,,,,,,,,,,,,,,,,,,,,,,,,,,,,,,,,,,,,,,,,,,,,,,,,,,,,,,,,,,,,,,,,,,,,,,,,,,,,,,,,,,,,,,,,,,,,,,,,,,,,,,,,,,,,,,,,,,,,,,,,,,,,,,,,,,,,,,,,,,,,,,,,,,,,,,,,,,,,,,,,,,,,,,,,,,,,,,,,,,,,,,,,,,,,,,,,2026-07-11 11:22:46.237,0,,NoForecastRowsMaterialized"
9044,63,61,10461,1,569,SALSAS DE SALTEAS,SALMOREJO,SALMOREJO SS 1L,DISTRIBUCIONES HOSTEAZ,,,,,,,,,,NOT_COMPARABLE_MISSING_VALIDATION,1,0,0,,,,,,,,,,,,,,,,,,,,,,,,,,,,,,,,,,,,,,,,,,,,,,,,,,,,,,,,,,,,,,,,,,,,,,,,,,,,,,,,,,,,,,,,,,,,,,,,,,,,,,,,,,,,,,,,,,,,,,,,,,,,,,,,,,,,,,,,,,,,,,,,,,,,,,,,,,,,,,,,,,,,,,,,,,,,,,,,,,,,,,,,,,,,,,,,,,,,,,,,,,,,,,,,2026-07-11 11:22:46.237,0,,NoForecastRowsMaterialized
9045,63,61,10461,1,570,SALSAS DE SALTEAS,SALMOREJO,SALMOREJO SS 1L,EL CORTE INGLES,,,,,,,,,,NOT_COMPARABLE_MISSING_VALIDATION,1,1,0,,,,,,,,,,,,,,,,,,,,,,,,,,,,,,,,,,,,,,,,,,,,,,,,,,,,,,,,,,,,,,,,,,,,,,,,,,,,,,,,,,,,,,,,,,,,,,,,,,,,,,,,,,,,,,,,,,,,,,,,,,,,,,,,,,,,,,,,,,,,,,,,,,,,,,,,,,,,,,,,,,,,,,,,,,,,,,,,,,,,,,,,,,,,,,,,,,,,,,,,,,,,,,,,2026-07-11 11:22:46.237,0,,
9046,63,61,10461,1,571,SALSAS DE SALTEAS,SALMOREJO,SALMOREJO SS 1L,HERMANOS MARTIN,,,,,,,,,,NOT_COMPARABLE_MISSING_VALIDATION,1,0,0,,,,,,,,,,,,,,,,,,,,,,,,,,,,,,,,,,,,,,,,,,,,,,,,,,,,,,,,,,,,,,,,,,,,,,,,,,,,,,,,,,,,,,,,,,,,,,,,,,,,,,,,,,,,,,,,,,,,,,,,,,,,,,,,,,,,,,,,,,,,,,,,,,,,,,,,,,,,,,,,,,,,,,,,,,,,,,,,,,,,,,,,,,,,,,,,,,,,,,,,,,,,,,,,2026-07-11 11:22:46.237,0,,NoForecastRowsMaterialized
9047,63,61,10461,1,572,SALSAS DE SALTEAS,SALMOREJO,SALMOREJO SS 1L,IBERICA LACTO FRESH,,,,,,,,,,NOT_COMPARABLE_MISSING_VALIDATION,1,1,0,,,,,,,,,,,,,,,,,,,,,,,,,,,,,,,,,,,,,,,,,,,,,,,,,,,,,,,,,,,,,,,,,,,,,,,,,,,,,,,,,,,,,,,,,,,,,,,,,,,,,,,,,,,,,,,,,,,,,,,,,,,,,,,,,,,,,,,,,,,,,,,,,,,,,,,,,,,,,,,,,,,,,,,,,,,,,,,,,,,,,,,,,,,,,,,,,,,,,,,,,,,,,,,,2026-07-11 11:22:46.237,0,,NoForecastRowsMaterialized
9048,63,61,10461,1,573,SALSAS DE SALTEAS,SALMOREJO,SALMOREJO SS 1L,JURADO GOURMET,,,,,,,,,,NOT_COMPARABLE_MISSING_VALIDATION,1,0,0,,,,,,,,,,,,,,,,,,,,,,,,,,,,,,,,,,,,,,,,,,,,,,,,,,,,,,,,,,,,,,,,,,,,,,,,,,,,,,,,,,,,,,,,,,,,,,,,,,,,,,,,,,,,,,,,,,,,,,,,,,,,,,,,,,,,,,,,,,,,,,,,,,,,,,,,,,,,,,,,,,,,,,,,,,,,,,,,,,,,,,,,,,,,,,,,,,,,,,,,,,,,,,,,2026-07-11 11:22:46.237,0,,NoForecastRowsMaterialized
9049,63,61,10461,1,574,SALSAS DE SALTEAS,SALMOREJO,SALMOREJO SS 1L,RAFAEL OLIAS,,,,,,,,,,NOT_COMPARABLE_MISSING_VALIDATION,1,0,0,,,,,,,,,,,,,,,,,,,,,,,,,,,,,,,,,,,,,,,,,,,,,,,,,,,,,,,,,,,,,,,,,,,,,,,,,,,,,,,,,,,,,,,,,,,,,,,,,,,,,,,,,,,,,,,,,,,,,,,,,,,,,,,,,,,,,,,,,,,,,,,,,,,,,,,,,,,,,,,,,,,,,,,,,,,,,,,,,,,,,,,,,,,,,,,,,,,,,,,,,,,,,,,,2026-07-11 11:22:46.237,0,,NoForecastRowsMaterialized
"9050,63,61,10461,1,576,SALSAS DE SALTEAS,SALMOREJO,SALMOREJO SS 330ML,"""",,,,,,,,,,NOT_COMPARABLE_MISSING_VALIDATION,1,1,0,,,,,,,,,,,,,,,,,,,,,,,,,,,,,,,,,,,,,,,,,,,,,,,,,,,,,,,,,,,,,,,,,,,,,,,,,,,,,,,,,,,,,,,,,,,,,,,,,,,,,,,,,,,,,,,,,,,,,,,,,,,,,,,,,,,,,,,,,,,,,,,,,,,,,,,,,,,,,,,,,,,,,,,,,,,,,,,,,,,,,,,,,,,,,,,,,,,,,,,,,,,,,,,,2026-07-11 11:22:46.237,0,,"
9051,63,61,10461,1,577,SALSAS DE SALTEAS,SALMOREJO,SALMOREJO SS 330ML,DISTRIBUCIONES HOSTEAZ,,,,,,,,,,NOT_COMPARABLE_MISSING_VALIDATION,1,0,0,,,,,,,,,,,,,,,,,,,,,,,,,,,,,,,,,,,,,,,,,,,,,,,,,,,,,,,,,,,,,,,,,,,,,,,,,,,,,,,,,,,,,,,,,,,,,,,,,,,,,,,,,,,,,,,,,,,,,,,,,,,,,,,,,,,,,,,,,,,,,,,,,,,,,,,,,,,,,,,,,,,,,,,,,,,,,,,,,,,,,,,,,,,,,,,,,,,,,,,,,,,,,,,,2026-07-11 11:22:46.237,0,,NoForecastRowsMaterialized
9052,63,61,10461,1,578,SALSAS DE SALTEAS,SALMOREJO,SALMOREJO SS 330ML,EL CORTE INGLES,,,,,,,,,,NOT_COMPARABLE_MISSING_VALIDATION,1,1,0,,,,,,,,,,,,,,,,,,,,,,,,,,,,,,,,,,,,,,,,,,,,,,,,,,,,,,,,,,,,,,,,,,,,,,,,,,,,,,,,,,,,,,,,,,,,,,,,,,,,,,,,,,,,,,,,,,,,,,,,,,,,,,,,,,,,,,,,,,,,,,,,,,,,,,,,,,,,,,,,,,,,,,,,,,,,,,,,,,,,,,,,,,,,,,,,,,,,,,,,,,,,,,,,2026-07-11 11:22:46.237,0,,
9053,63,61,10461,1,579,SALSAS DE SALTEAS,SALMOREJO,SALMOREJO SS 330ML,IBERICA LACTO FRESH,,,,,,,,,,NOT_COMPARABLE_MISSING_VALIDATION,1,0,0,,,,,,,,,,,,,,,,,,,,,,,,,,,,,,,,,,,,,,,,,,,,,,,,,,,,,,,,,,,,,,,,,,,,,,,,,,,,,,,,,,,,,,,,,,,,,,,,,,,,,,,,,,,,,,,,,,,,,,,,,,,,,,,,,,,,,,,,,,,,,,,,,,,,,,,,,,,,,,,,,,,,,,,,,,,,,,,,,,,,,,,,,,,,,,,,,,,,,,,,,,,,,,,,2026-07-11 11:22:46.237,0,,NoForecastRowsMaterialized
9054,63,61,10461,1,580,SALSAS DE SALTEAS,SALMOREJO,SALMOREJO SS 330ML,RAFAEL OLIAS,,,,,,,,,,NOT_COMPARABLE_MISSING_VALIDATION,1,0,0,,,,,,,,,,,,,,,,,,,,,,,,,,,,,,,,,,,,,,,,,,,,,,,,,,,,,,,,,,,,,,,,,,,,,,,,,,,,,,,,,,,,,,,,,,,,,,,,,,,,,,,,,,,,,,,,,,,,,,,,,,,,,,,,,,,,,,,,,,,,,,,,,,,,,,,,,,,,,,,,,,,,,,,,,,,,,,,,,,,,,,,,,,,,,,,,,,,,,,,,,,,,,,,,2026-07-11 11:22:46.237,0,,NoForecastRowsMaterialized
"9055,63,61,10461,1,1162,GARCIA MILLAN,GAZPACHO,GAZPACHO HUERTA GM 750ML,"""",,,,,,,,,,NOT_COMPARABLE_MISSING_VALIDATION,1,1,0,,,,,,,,,,,,,,,,,,,,,,,,,,,,,,,,,,,,,,,,,,,,,,,,,,,,,,,,,,,,,,,,,,,,,,,,,,,,,,,,,,,,,,,,,,,,,,,,,,,,,,,,,,,,,,,,,,,,,,,,,,,,,,,,,,,,,,,,,,,,,,,,,,,,,,,,,,,,,,,,,,,,,,,,,,,,,,,,,,,,,,,,,,,,,,,,,,,,,,,,,,,,,,,,2026-07-11 11:22:46.237,0,,NoForecastRowsMaterialized"
9056,63,61,10461,1,1163,GARCIA MILLAN,GAZPACHO,GAZPACHO HUERTA GM 750ML,AHORRAMAS,,,,,,,,,,NOT_COMPARABLE_MISSING_VALIDATION,1,0,0,,,,,,,,,,,,,,,,,,,,,,,,,,,,,,,,,,,,,,,,,,,,,,,,,,,,,,,,,,,,,,,,,,,,,,,,,,,,,,,,,,,,,,,,,,,,,,,,,,,,,,,,,,,,,,,,,,,,,,,,,,,,,,,,,,,,,,,,,,,,,,,,,,,,,,,,,,,,,,,,,,,,,,,,,,,,,,,,,,,,,,,,,,,,,,,,,,,,,,,,,,,,,,,,2026-07-11 11:22:46.237,0,,NoForecastRowsMaterialized
9057,63,61,10461,1,1164,GARCIA MILLAN,GAZPACHO,GAZPACHO HUERTA GM 750ML,BON PREU,,,,,,,,,,NOT_COMPARABLE_MISSING_VALIDATION,1,0,0,,,,,,,,,,,,,,,,,,,,,,,,,,,,,,,,,,,,,,,,,,,,,,,,,,,,,,,,,,,,,,,,,,,,,,,,,,,,,,,,,,,,,,,,,,,,,,,,,,,,,,,,,,,,,,,,,,,,,,,,,,,,,,,,,,,,,,,,,,,,,,,,,,,,,,,,,,,,,,,,,,,,,,,,,,,,,,,,,,,,,,,,,,,,,,,,,,,,,,,,,,,,,,,,2026-07-11 11:22:46.237,0,,NoForecastRowsMaterialized
9058,63,61,10461,1,1165,GARCIA MILLAN,GAZPACHO,GAZPACHO HUERTA GM 750ML,CARO RUIZ,,,,,,,,,,NOT_COMPARABLE_MISSING_VALIDATION,1,0,0,,,,,,,,,,,,,,,,,,,,,,,,,,,,,,,,,,,,,,,,,,,,,,,,,,,,,,,,,,,,,,,,,,,,,,,,,,,,,,,,,,,,,,,,,,,,,,,,,,,,,,,,,,,,,,,,,,,,,,,,,,,,,,,,,,,,,,,,,,,,,,,,,,,,,,,,,,,,,,,,,,,,,,,,,,,,,,,,,,,,,,,,,,,,,,,,,,,,,,,,,,,,,,,,2026-07-11 11:22:46.237,0,,NoForecastRowsMaterialized
9059,63,61,10461,1,1166,GARCIA MILLAN,GAZPACHO,GAZPACHO HUERTA GM 750ML,CARREFOUR,,,,,,,,,,NOT_COMPARABLE_MISSING_VALIDATION,1,0,0,,,,,,,,,,,,,,,,,,,,,,,,,,,,,,,,,,,,,,,,,,,,,,,,,,,,,,,,,,,,,,,,,,,,,,,,,,,,,,,,,,,,,,,,,,,,,,,,,,,,,,,,,,,,,,,,,,,,,,,,,,,,,,,,,,,,,,,,,,,,,,,,,,,,,,,,,,,,,,,,,,,,,,,,,,,,,,,,,,,,,,,,,,,,,,,,,,,,,,,,,,,,,,,,2026-07-11 11:22:46.237,0,,NoForecastRowsMaterialized
9060,63,61,10461,1,1167,GARCIA MILLAN,GAZPACHO,GAZPACHO HUERTA GM 750ML,CARRION PARADAS,,,,,,,,,,NOT_COMPARABLE_MISSING_VALIDATION,1,0,0,,,,,,,,,,,,,,,,,,,,,,,,,,,,,,,,,,,,,,,,,,,,,,,,,,,,,,,,,,,,,,,,,,,,,,,,,,,,,,,,,,,,,,,,,,,,,,,,,,,,,,,,,,,,,,,,,,,,,,,,,,,,,,,,,,,,,,,,,,,,,,,,,,,,,,,,,,,,,,,,,,,,,,,,,,,,,,,,,,,,,,,,,,,,,,,,,,,,,,,,,,,,,,,,2026-07-11 11:22:46.237,0,,NoForecastRowsMaterialized
9061,63,61,10461,1,1168,GARCIA MILLAN,GAZPACHO,GAZPACHO HUERTA GM 750ML,CASH BAREA,,,,,,,,,,NOT_COMPARABLE_MISSING_VALIDATION,1,0,0,,,,,,,,,,,,,,,,,,,,,,,,,,,,,,,,,,,,,,,,,,,,,,,,,,,,,,,,,,,,,,,,,,,,,,,,,,,,,,,,,,,,,,,,,,,,,,,,,,,,,,,,,,,,,,,,,,,,,,,,,,,,,,,,,,,,,,,,,,,,,,,,,,,,,,,,,,,,,,,,,,,,,,,,,,,,,,,,,,,,,,,,,,,,,,,,,,,,,,,,,,,,,,,,2026-07-11 11:22:46.237,0,,NoForecastRowsMaterialized
9062,63,61,10461,1,1169,GARCIA MILLAN,GAZPACHO,GAZPACHO HUERTA GM 750ML,CATERING DOMENICO,,,,,,,,,,NOT_COMPARABLE_MISSING_VALIDATION,1,0,0,,,,,,,,,,,,,,,,,,,,,,,,,,,,,,,,,,,,,,,,,,,,,,,,,,,,,,,,,,,,,,,,,,,,,,,,,,,,,,,,,,,,,,,,,,,,,,,,,,,,,,,,,,,,,,,,,,,,,,,,,,,,,,,,,,,,,,,,,,,,,,,,,,,,,,,,,,,,,,,,,,,,,,,,,,,,,,,,,,,,,,,,,,,,,,,,,,,,,,,,,,,,,,,,2026-07-11 11:22:46.237,0,,NoForecastRowsMaterialized
9063,63,61,10461,1,1170,GARCIA MILLAN,GAZPACHO,GAZPACHO HUERTA GM 750ML,CEIP MANUEL ALTOLAGUIRRE,,,,,,,,,,NOT_COMPARABLE_MISSING_VALIDATION,1,0,0,,,,,,,,,,,,,,,,,,,,,,,,,,,,,,,,,,,,,,,,,,,,,,,,,,,,,,,,,,,,,,,,,,,,,,,,,,,,,,,,,,,,,,,,,,,,,,,,,,,,,,,,,,,,,,,,,,,,,,,,,,,,,,,,,,,,,,,,,,,,,,,,,,,,,,,,,,,,,,,,,,,,,,,,,,,,,,,,,,,,,,,,,,,,,,,,,,,,,,,,,,,,,,,,2026-07-11 11:22:46.237,0,,NoForecastRowsMaterialized
9064,63,61,10461,1,1171,GARCIA MILLAN,GAZPACHO,GAZPACHO HUERTA GM 750ML,CLIENTES FRANCIA,,,,,,,,,,NOT_COMPARABLE_MISSING_VALIDATION,1,0,0,,,,,,,,,,,,,,,,,,,,,,,,,,,,,,,,,,,,,,,,,,,,,,,,,,,,,,,,,,,,,,,,,,,,,,,,,,,,,,,,,,,,,,,,,,,,,,,,,,,,,,,,,,,,,,,,,,,,,,,,,,,,,,,,,,,,,,,,,,,,,,,,,,,,,,,,,,,,,,,,,,,,,,,,,,,,,,,,,,,,,,,,,,,,,,,,,,,,,,,,,,,,,,,,2026-07-11 11:22:46.237,0,,NoForecastRowsMaterialized
9065,63,61,10461,1,1172,GARCIA MILLAN,GAZPACHO,GAZPACHO HUERTA GM 750ML,CONDIS,,,,,,,,,,NOT_COMPARABLE_MISSING_VALIDATION,1,0,0,,,,,,,,,,,,,,,,,,,,,,,,,,,,,,,,,,,,,,,,,,,,,,,,,,,,,,,,,,,,,,,,,,,,,,,,,,,,,,,,,,,,,,,,,,,,,,,,,,,,,,,,,,,,,,,,,,,,,,,,,,,,,,,,,,,,,,,,,,,,,,,,,,,,,,,,,,,,,,,,,,,,,,,,,,,,,,,,,,,,,,,,,,,,,,,,,,,,,,,,,,,,,,,,2026-07-11 11:22:46.237,0,,NoForecastRowsMaterialized
9066,63,61,10461,1,1173,GARCIA MILLAN,GAZPACHO,GAZPACHO HUERTA GM 750ML,DINOSOL,,,,,,,,,,NOT_COMPARABLE_MISSING_VALIDATION,1,0,0,,,,,,,,,,,,,,,,,,,,,,,,,,,,,,,,,,,,,,,,,,,,,,,,,,,,,,,,,,,,,,,,,,,,,,,,,,,,,,,,,,,,,,,,,,,,,,,,,,,,,,,,,,,,,,,,,,,,,,,,,,,,,,,,,,,,,,,,,,,,,,,,,,,,,,,,,,,,,,,,,,,,,,,,,,,,,,,,,,,,,,,,,,,,,,,,,,,,,,,,,,,,,,,,2026-07-11 11:22:46.237,0,,NoForecastRowsMaterialized
9067,63,61,10461,1,1174,GARCIA MILLAN,GAZPACHO,GAZPACHO HUERTA GM 750ML,DISTRIBUCIONES CARDOSO,,,,,,,,,,NOT_COMPARABLE_MISSING_VALIDATION,1,0,0,,,,,,,,,,,,,,,,,,,,,,,,,,,,,,,,,,,,,,,,,,,,,,,,,,,,,,,,,,,,,,,,,,,,,,,,,,,,,,,,,,,,,,,,,,,,,,,,,,,,,,,,,,,,,,,,,,,,,,,,,,,,,,,,,,,,,,,,,,,,,,,,,,,,,,,,,,,,,,,,,,,,,,,,,,,,,,,,,,,,,,,,,,,,,,,,,,,,,,,,,,,,,,,,2026-07-11 11:22:46.237,0,,NoForecastRowsMaterialized
9068,63,61,10461,1,1175,GARCIA MILLAN,GAZPACHO,GAZPACHO HUERTA GM 750ML,DISTRIBUCIONES JTT,,,,,,,,,,NOT_COMPARABLE_MISSING_VALIDATION,1,0,0,,,,,,,,,,,,,,,,,,,,,,,,,,,,,,,,,,,,,,,,,,,,,,,,,,,,,,,,,,,,,,,,,,,,,,,,,,,,,,,,,,,,,,,,,,,,,,,,,,,,,,,,,,,,,,,,,,,,,,,,,,,,,,,,,,,,,,,,,,,,,,,,,,,,,,,,,,,,,,,,,,,,,,,,,,,,,,,,,,,,,,,,,,,,,,,,,,,,,,,,,,,,,,,,2026-07-11 11:22:46.237,0,,NoForecastRowsMaterialized
9069,63,61,10461,1,1176,GARCIA MILLAN,GAZPACHO,GAZPACHO HUERTA GM 750ML,ECOMORA,,,,,,,,,,NOT_COMPARABLE_MISSING_VALIDATION,1,0,0,,,,,,,,,,,,,,,,,,,,,,,,,,,,,,,,,,,,,,,,,,,,,,,,,,,,,,,,,,,,,,,,,,,,,,,,,,,,,,,,,,,,,,,,,,,,,,,,,,,,,,,,,,,,,,,,,,,,,,,,,,,,,,,,,,,,,,,,,,,,,,,,,,,,,,,,,,,,,,,,,,,,,,,,,,,,,,,,,,,,,,,,,,,,,,,,,,,,,,,,,,,,,,,,2026-07-11 11:22:46.237,0,,NoForecastRowsMaterialized
9070,63,61,10461,1,1177,GARCIA MILLAN,GAZPACHO,GAZPACHO HUERTA GM 750ML,EL CORTE INGLES,,,,,,,,,,NOT_COMPARABLE_MISSING_VALIDATION,1,0,0,,,,,,,,,,,,,,,,,,,,,,,,,,,,,,,,,,,,,,,,,,,,,,,,,,,,,,,,,,,,,,,,,,,,,,,,,,,,,,,,,,,,,,,,,,,,,,,,,,,,,,,,,,,,,,,,,,,,,,,,,,,,,,,,,,,,,,,,,,,,,,,,,,,,,,,,,,,,,,,,,,,,,,,,,,,,,,,,,,,,,,,,,,,,,,,,,,,,,,,,,,,,,,,,2026-07-11 11:22:46.237,0,,NoForecastRowsMaterialized
9071,63,61,10461,1,1178,GARCIA MILLAN,GAZPACHO,GAZPACHO HUERTA GM 750ML,ESTABLECIMIENTOS PLAZA,,,,,,,,,,NOT_COMPARABLE_MISSING_VALIDATION,1,0,0,,,,,,,,,,,,,,,,,,,,,,,,,,,,,,,,,,,,,,,,,,,,,,,,,,,,,,,,,,,,,,,,,,,,,,,,,,,,,,,,,,,,,,,,,,,,,,,,,,,,,,,,,,,,,,,,,,,,,,,,,,,,,,,,,,,,,,,,,,,,,,,,,,,,,,,,,,,,,,,,,,,,,,,,,,,,,,,,,,,,,,,,,,,,,,,,,,,,,,,,,,,,,,,,2026-07-11 11:22:46.237,0,,NoForecastRowsMaterialized
9072,63,61,10461,1,1179,GARCIA MILLAN,GAZPACHO,GAZPACHO HUERTA GM 750ML,EXCLUSIVAS SEYGO,,,,,,,,,,NOT_COMPARABLE_MISSING_VALIDATION,1,0,0,,,,,,,,,,,,,,,,,,,,,,,,,,,,,,,,,,,,,,,,,,,,,,,,,,,,,,,,,,,,,,,,,,,,,,,,,,,,,,,,,,,,,,,,,,,,,,,,,,,,,,,,,,,,,,,,,,,,,,,,,,,,,,,,,,,,,,,,,,,,,,,,,,,,,,,,,,,,,,,,,,,,,,,,,,,,,,,,,,,,,,,,,,,,,,,,,,,,,,,,,,,,,,,,2026-07-11 11:22:46.237,0,,NoForecastRowsMaterialized
9073,63,61,10461,1,1180,GARCIA MILLAN,GAZPACHO,GAZPACHO HUERTA GM 750ML,FACSA,,,,,,,,,,NOT_COMPARABLE_MISSING_VALIDATION,1,0,0,,,,,,,,,,,,,,,,,,,,,,,,,,,,,,,,,,,,,,,,,,,,,,,,,,,,,,,,,,,,,,,,,,,,,,,,,,,,,,,,,,,,,,,,,,,,,,,,,,,,,,,,,,,,,,,,,,,,,,,,,,,,,,,,,,,,,,,,,,,,,,,,,,,,,,,,,,,,,,,,,,,,,,,,,,,,,,,,,,,,,,,,,,,,,,,,,,,,,,,,,,,,,,,,2026-07-11 11:22:46.237,0,,NoForecastRowsMaterialized
9074,63,61,10461,1,1181,GARCIA MILLAN,GAZPACHO,GAZPACHO HUERTA GM 750ML,FAMILY CASH,,,,,,,,,,NOT_COMPARABLE_MISSING_VALIDATION,1,0,0,,,,,,,,,,,,,,,,,,,,,,,,,,,,,,,,,,,,,,,,,,,,,,,,,,,,,,,,,,,,,,,,,,,,,,,,,,,,,,,,,,,,,,,,,,,,,,,,,,,,,,,,,,,,,,,,,,,,,,,,,,,,,,,,,,,,,,,,,,,,,,,,,,,,,,,,,,,,,,,,,,,,,,,,,,,,,,,,,,,,,,,,,,,,,,,,,,,,,,,,,,,,,,,,2026-07-11 11:22:46.237,0,,NoForecastRowsMaterialized
9075,63,61,10461,1,1182,GARCIA MILLAN,GAZPACHO,GAZPACHO HUERTA GM 750ML,FRUTAS MORA QUALITY,,,,,,,,,,NOT_COMPARABLE_MISSING_VALIDATION,1,0,0,,,,,,,,,,,,,,,,,,,,,,,,,,,,,,,,,,,,,,,,,,,,,,,,,,,,,,,,,,,,,,,,,,,,,,,,,,,,,,,,,,,,,,,,,,,,,,,,,,,,,,,,,,,,,,,,,,,,,,,,,,,,,,,,,,,,,,,,,,,,,,,,,,,,,,,,,,,,,,,,,,,,,,,,,,,,,,,,,,,,,,,,,,,,,,,,,,,,,,,,,,,,,,,,2026-07-11 11:22:46.237,0,,NoForecastRowsMaterialized
9076,63,61,10461,1,1183,GARCIA MILLAN,GAZPACHO,GAZPACHO HUERTA GM 750ML,GADISA,,,,,,,,,,NOT_COMPARABLE_MISSING_VALIDATION,1,0,0,,,,,,,,,,,,,,,,,,,,,,,,,,,,,,,,,,,,,,,,,,,,,,,,,,,,,,,,,,,,,,,,,,,,,,,,,,,,,,,,,,,,,,,,,,,,,,,,,,,,,,,,,,,,,,,,,,,,,,,,,,,,,,,,,,,,,,,,,,,,,,,,,,,,,,,,,,,,,,,,,,,,,,,,,,,,,,,,,,,,,,,,,,,,,,,,,,,,,,,,,,,,,,,,2026-07-11 11:22:46.237,0,,NoForecastRowsMaterialized
9077,63,61,10461,1,1184,GARCIA MILLAN,GAZPACHO,GAZPACHO HUERTA GM 750ML,GARIZUR,,,,,,,,,,NOT_COMPARABLE_MISSING_VALIDATION,1,0,0,,,,,,,,,,,,,,,,,,,,,,,,,,,,,,,,,,,,,,,,,,,,,,,,,,,,,,,,,,,,,,,,,,,,,,,,,,,,,,,,,,,,,,,,,,,,,,,,,,,,,,,,,,,,,,,,,,,,,,,,,,,,,,,,,,,,,,,,,,,,,,,,,,,,,,,,,,,,,,,,,,,,,,,,,,,,,,,,,,,,,,,,,,,,,,,,,,,,,,,,,,,,,,,,2026-07-11 11:22:46.237,0,,NoForecastRowsMaterialized
9078,63,61,10461,1,1185,GARCIA MILLAN,GAZPACHO,GAZPACHO HUERTA GM 750ML,GRUPO AUCHAN,,,,,,,,,,NOT_COMPARABLE_MISSING_VALIDATION,1,0,0,,,,,,,,,,,,,,,,,,,,,,,,,,,,,,,,,,,,,,,,,,,,,,,,,,,,,,,,,,,,,,,,,,,,,,,,,,,,,,,,,,,,,,,,,,,,,,,,,,,,,,,,,,,,,,,,,,,,,,,,,,,,,,,,,,,,,,,,,,,,,,,,,,,,,,,,,,,,,,,,,,,,,,,,,,,,,,,,,,,,,,,,,,,,,,,,,,,,,,,,,,,,,,,,2026-07-11 11:22:46.237,0,,NoForecastRowsMaterialized
9079,63,61,10461,1,1186,GARCIA MILLAN,GAZPACHO,GAZPACHO HUERTA GM 750ML,GRUPO EL JAMON,,,,,,,,,,NOT_COMPARABLE_MISSING_VALIDATION,1,0,0,,,,,,,,,,,,,,,,,,,,,,,,,,,,,,,,,,,,,,,,,,,,,,,,,,,,,,,,,,,,,,,,,,,,,,,,,,,,,,,,,,,,,,,,,,,,,,,,,,,,,,,,,,,,,,,,,,,,,,,,,,,,,,,,,,,,,,,,,,,,,,,,,,,,,,,,,,,,,,,,,,,,,,,,,,,,,,,,,,,,,,,,,,,,,,,,,,,,,,,,,,,,,,,,2026-07-11 11:22:46.237,0,,NoForecastRowsMaterialized
9080,63,61,10461,1,1187,GARCIA MILLAN,GAZPACHO,GAZPACHO HUERTA GM 750ML,GRUPO EROSKI,,,,,,,,,,NOT_COMPARABLE_MISSING_VALIDATION,1,0,0,,,,,,,,,,,,,,,,,,,,,,,,,,,,,,,,,,,,,,,,,,,,,,,,,,,,,,,,,,,,,,,,,,,,,,,,,,,,,,,,,,,,,,,,,,,,,,,,,,,,,,,,,,,,,,,,,,,,,,,,,,,,,,,,,,,,,,,,,,,,,,,,,,,,,,,,,,,,,,,,,,,,,,,,,,,,,,,,,,,,,,,,,,,,,,,,,,,,,,,,,,,,,,,,2026-07-11 11:22:46.237,0,,NoForecastRowsMaterialized
9081,63,61,10461,1,1188,GARCIA MILLAN,GAZPACHO,GAZPACHO HUERTA GM 750ML,GSG BUSSINES,,,,,,,,,,NOT_COMPARABLE_MISSING_VALIDATION,1,0,0,,,,,,,,,,,,,,,,,,,,,,,,,,,,,,,,,,,,,,,,,,,,,,,,,,,,,,,,,,,,,,,,,,,,,,,,,,,,,,,,,,,,,,,,,,,,,,,,,,,,,,,,,,,,,,,,,,,,,,,,,,,,,,,,,,,,,,,,,,,,,,,,,,,,,,,,,,,,,,,,,,,,,,,,,,,,,,,,,,,,,,,,,,,,,,,,,,,,,,,,,,,,,,,,2026-07-11 11:22:46.237,0,,NoForecastRowsMaterialized
9082,63,61,10461,1,1189,GARCIA MILLAN,GAZPACHO,GAZPACHO HUERTA GM 750ML,HERMANOS MARTIN,,,,,,,,,,NOT_COMPARABLE_MISSING_VALIDATION,1,0,0,,,,,,,,,,,,,,,,,,,,,,,,,,,,,,,,,,,,,,,,,,,,,,,,,,,,,,,,,,,,,,,,,,,,,,,,,,,,,,,,,,,,,,,,,,,,,,,,,,,,,,,,,,,,,,,,,,,,,,,,,,,,,,,,,,,,,,,,,,,,,,,,,,,,,,,,,,,,,,,,,,,,,,,,,,,,,,,,,,,,,,,,,,,,,,,,,,,,,,,,,,,,,,,,2026-07-11 11:22:46.237,0,,NoForecastRowsMaterialized
9083,63,61,10461,1,1190,GARCIA MILLAN,GAZPACHO,GAZPACHO HUERTA GM 750ML,HIPER USERA,,,,,,,,,,NOT_COMPARABLE_MISSING_VALIDATION,1,0,0,,,,,,,,,,,,,,,,,,,,,,,,,,,,,,,,,,,,,,,,,,,,,,,,,,,,,,,,,,,,,,,,,,,,,,,,,,,,,,,,,,,,,,,,,,,,,,,,,,,,,,,,,,,,,,,,,,,,,,,,,,,,,,,,,,,,,,,,,,,,,,,,,,,,,,,,,,,,,,,,,,,,,,,,,,,,,,,,,,,,,,,,,,,,,,,,,,,,,,,,,,,,,,,,2026-07-11 11:22:46.237,0,,NoForecastRowsMaterialized
9084,63,61,10461,1,1191,GARCIA MILLAN,GAZPACHO,GAZPACHO HUERTA GM 750ML,HIPERBER,,,,,,,,,,NOT_COMPARABLE_MISSING_VALIDATION,1,0,0,,,,,,,,,,,,,,,,,,,,,,,,,,,,,,,,,,,,,,,,,,,,,,,,,,,,,,,,,,,,,,,,,,,,,,,,,,,,,,,,,,,,,,,,,,,,,,,,,,,,,,,,,,,,,,,,,,,,,,,,,,,,,,,,,,,,,,,,,,,,,,,,,,,,,,,,,,,,,,,,,,,,,,,,,,,,,,,,,,,,,,,,,,,,,,,,,,,,,,,,,,,,,,,,2026-07-11 11:22:46.237,0,,NoForecastRowsMaterialized
9085,63,61,10461,1,1192,GARCIA MILLAN,GAZPACHO,GAZPACHO HUERTA GM 750ML,JURADO GOURMET,,,,,,,,,,NOT_COMPARABLE_MISSING_VALIDATION,1,0,0,,,,,,,,,,,,,,,,,,,,,,,,,,,,,,,,,,,,,,,,,,,,,,,,,,,,,,,,,,,,,,,,,,,,,,,,,,,,,,,,,,,,,,,,,,,,,,,,,,,,,,,,,,,,,,,,,,,,,,,,,,,,,,,,,,,,,,,,,,,,,,,,,,,,,,,,,,,,,,,,,,,,,,,,,,,,,,,,,,,,,,,,,,,,,,,,,,,,,,,,,,,,,,,,2026-07-11 11:22:46.237,0,,NoForecastRowsMaterialized
9086,63,61,10461,1,1193,GARCIA MILLAN,GAZPACHO,GAZPACHO HUERTA GM 750ML,LOSAN DISTRIBUCIONES,,,,,,,,,,NOT_COMPARABLE_MISSING_VALIDATION,1,0,0,,,,,,,,,,,,,,,,,,,,,,,,,,,,,,,,,,,,,,,,,,,,,,,,,,,,,,,,,,,,,,,,,,,,,,,,,,,,,,,,,,,,,,,,,,,,,,,,,,,,,,,,,,,,,,,,,,,,,,,,,,,,,,,,,,,,,,,,,,,,,,,,,,,,,,,,,,,,,,,,,,,,,,,,,,,,,,,,,,,,,,,,,,,,,,,,,,,,,,,,,,,,,,,,2026-07-11 11:22:46.237,0,,NoForecastRowsMaterialized
9087,63,61,10461,1,1194,GARCIA MILLAN,GAZPACHO,GAZPACHO HUERTA GM 750ML,LUIS PIÃ‘A,,,,,,,,,,NOT_COMPARABLE_MISSING_VALIDATION,1,0,0,,,,,,,,,,,,,,,,,,,,,,,,,,,,,,,,,,,,,,,,,,,,,,,,,,,,,,,,,,,,,,,,,,,,,,,,,,,,,,,,,,,,,,,,,,,,,,,,,,,,,,,,,,,,,,,,,,,,,,,,,,,,,,,,,,,,,,,,,,,,,,,,,,,,,,,,,,,,,,,,,,,,,,,,,,,,,,,,,,,,,,,,,,,,,,,,,,,,,,,,,,,,,,,,2026-07-11 11:22:46.237,0,,NoForecastRowsMaterialized
9088,63,61,10461,1,1195,GARCIA MILLAN,GAZPACHO,GAZPACHO HUERTA GM 750ML,MUESTRAS,,,,,,,,,,NOT_COMPARABLE_MISSING_VALIDATION,1,0,0,,,,,,,,,,,,,,,,,,,,,,,,,,,,,,,,,,,,,,,,,,,,,,,,,,,,,,,,,,,,,,,,,,,,,,,,,,,,,,,,,,,,,,,,,,,,,,,,,,,,,,,,,,,,,,,,,,,,,,,,,,,,,,,,,,,,,,,,,,,,,,,,,,,,,,,,,,,,,,,,,,,,,,,,,,,,,,,,,,,,,,,,,,,,,,,,,,,,,,,,,,,,,,,,2026-07-11 11:22:46.237,0,,NoForecastRowsMaterialized
9089,63,61,10461,1,1196,GARCIA MILLAN,GAZPACHO,GAZPACHO HUERTA GM 750ML,PLASTICOSUR,,,,,,,,,,NOT_COMPARABLE_MISSING_VALIDATION,1,0,0,,,,,,,,,,,,,,,,,,,,,,,,,,,,,,,,,,,,,,,,,,,,,,,,,,,,,,,,,,,,,,,,,,,,,,,,,,,,,,,,,,,,,,,,,,,,,,,,,,,,,,,,,,,,,,,,,,,,,,,,,,,,,,,,,,,,,,,,,,,,,,,,,,,,,,,,,,,,,,,,,,,,,,,,,,,,,,,,,,,,,,,,,,,,,,,,,,,,,,,,,,,,,,,,2026-07-11 11:22:46.237,0,,NoForecastRowsMaterialized
9090,63,61,10461,1,1197,GARCIA MILLAN,GAZPACHO,GAZPACHO HUERTA GM 750ML,PRIMAPRIX,,,,,,,,,,NOT_COMPARABLE_MISSING_VALIDATION,1,0,0,,,,,,,,,,,,,,,,,,,,,,,,,,,,,,,,,,,,,,,,,,,,,,,,,,,,,,,,,,,,,,,,,,,,,,,,,,,,,,,,,,,,,,,,,,,,,,,,,,,,,,,,,,,,,,,,,,,,,,,,,,,,,,,,,,,,,,,,,,,,,,,,,,,,,,,,,,,,,,,,,,,,,,,,,,,,,,,,,,,,,,,,,,,,,,,,,,,,,,,,,,,,,,,,2026-07-11 11:22:46.237,0,,NoForecastRowsMaterialized
9091,63,61,10461,1,1198,GARCIA MILLAN,GAZPACHO,GAZPACHO HUERTA GM 750ML,PUNTO SADEAL UNIVERSAL,,,,,,,,,,NOT_COMPARABLE_MISSING_VALIDATION,1,0,0,,,,,,,,,,,,,,,,,,,,,,,,,,,,,,,,,,,,,,,,,,,,,,,,,,,,,,,,,,,,,,,,,,,,,,,,,,,,,,,,,,,,,,,,,,,,,,,,,,,,,,,,,,,,,,,,,,,,,,,,,,,,,,,,,,,,,,,,,,,,,,,,,,,,,,,,,,,,,,,,,,,,,,,,,,,,,,,,,,,,,,,,,,,,,,,,,,,,,,,,,,,,,,,,2026-07-11 11:22:46.237,0,,NoForecastRowsMaterialized
9092,63,61,10461,1,1199,GARCIA MILLAN,GAZPACHO,GAZPACHO HUERTA GM 750ML,RAFAEL OLIAS,,,,,,,,,,NOT_COMPARABLE_MISSING_VALIDATION,1,0,0,,,,,,,,,,,,,,,,,,,,,,,,,,,,,,,,,,,,,,,,,,,,,,,,,,,,,,,,,,,,,,,,,,,,,,,,,,,,,,,,,,,,,,,,,,,,,,,,,,,,,,,,,,,,,,,,,,,,,,,,,,,,,,,,,,,,,,,,,,,,,,,,,,,,,,,,,,,,,,,,,,,,,,,,,,,,,,,,,,,,,,,,,,,,,,,,,,,,,,,,,,,,,,,,2026-07-11 11:22:46.237,0,,NoForecastRowsMaterialized
9093,63,61,10461,1,1200,GARCIA MILLAN,GAZPACHO,GAZPACHO HUERTA GM 750ML,RESTAURANTE MUCHO MAS,,,,,,,,,,NOT_COMPARABLE_MISSING_VALIDATION,1,0,0,,,,,,,,,,,,,,,,,,,,,,,,,,,,,,,,,,,,,,,,,,,,,,,,,,,,,,,,,,,,,,,,,,,,,,,,,,,,,,,,,,,,,,,,,,,,,,,,,,,,,,,,,,,,,,,,,,,,,,,,,,,,,,,,,,,,,,,,,,,,,,,,,,,,,,,,,,,,,,,,,,,,,,,,,,,,,,,,,,,,,,,,,,,,,,,,,,,,,,,,,,,,,,,,2026-07-11 11:22:46.237,0,,NoForecastRowsMaterialized
9094,63,61,10461,1,1201,GARCIA MILLAN,GAZPACHO,GAZPACHO HUERTA GM 750ML,SOALPE,,,,,,,,,,NOT_COMPARABLE_MISSING_VALIDATION,1,0,0,,,,,,,,,,,,,,,,,,,,,,,,,,,,,,,,,,,,,,,,,,,,,,,,,,,,,,,,,,,,,,,,,,,,,,,,,,,,,,,,,,,,,,,,,,,,,,,,,,,,,,,,,,,,,,,,,,,,,,,,,,,,,,,,,,,,,,,,,,,,,,,,,,,,,,,,,,,,,,,,,,,,,,,,,,,,,,,,,,,,,,,,,,,,,,,,,,,,,,,,,,,,,,,,2026-07-11 11:22:46.237,0,,NoForecastRowsMaterialized
9095,63,61,10461,1,1202,GARCIA MILLAN,GAZPACHO,GAZPACHO HUERTA GM 750ML,UNIALCO,,,,,,,,,,NOT_COMPARABLE_MISSING_VALIDATION,1,0,0,,,,,,,,,,,,,,,,,,,,,,,,,,,,,,,,,,,,,,,,,,,,,,,,,,,,,,,,,,,,,,,,,,,,,,,,,,,,,,,,,,,,,,,,,,,,,,,,,,,,,,,,,,,,,,,,,,,,,,,,,,,,,,,,,,,,,,,,,,,,,,,,,,,,,,,,,,,,,,,,,,,,,,,,,,,,,,,,,,,,,,,,,,,,,,,,,,,,,,,,,,,,,,,,2026-07-11 11:22:46.237,0,,NoForecastRowsMaterialized
"9096,63,61,10461,1,1204,GARCIA MILLAN,GAZPACHO,""GAZPACHO MEDITERRANEO GM 1,15L"","""",,,,,,,,,,NOT_COMPARABLE_MISSING_VALIDATION,1,1,0,,,,,,,,,,,,,,,,,,,,,,,,,,,,,,,,,,,,,,,,,,,,,,,,,,,,,,,,,,,,,,,,,,,,,,,,,,,,,,,,,,,,,,,,,,,,,,,,,,,,,,,,,,,,,,,,,,,,,,,,,,,,,,,,,,,,,,,,,,,,,,,,,,,,,,,,,,,,,,,,,,,,,,,,,,,,,,,,,,,,,,,,,,,,,,,,,,,,,,,,,,,,,,,,2026-07-11 11:22:46.237,0,,NoForecastRowsMaterialized"
"9097,63,61,10461,1,1206,GARCIA MILLAN,GAZPACHO,GAZPACHO MEDITERRANEO GM 1L,"""",,,,,,,,,,NOT_COMPARABLE_MISSING_VALIDATION,1,1,0,,,,,,,,,,,,,,,,,,,,,,,,,,,,,,,,,,,,,,,,,,,,,,,,,,,,,,,,,,,,,,,,,,,,,,,,,,,,,,,,,,,,,,,,,,,,,,,,,,,,,,,,,,,,,,,,,,,,,,,,,,,,,,,,,,,,,,,,,,,,,,,,,,,,,,,,,,,,,,,,,,,,,,,,,,,,,,,,,,,,,,,,,,,,,,,,,,,,,,,,,,,,,,,,2026-07-11 11:22:46.237,0,,"
9098,63,61,10461,1,1207,GARCIA MILLAN,GAZPACHO,GAZPACHO MEDITERRANEO GM 1L,AHORRAMAS,,,,,,,,,,NOT_COMPARABLE_MISSING_VALIDATION,1,1,0,,,,,,,,,,,,,,,,,,,,,,,,,,,,,,,,,,,,,,,,,,,,,,,,,,,,,,,,,,,,,,,,,,,,,,,,,,,,,,,,,,,,,,,,,,,,,,,,,,,,,,,,,,,,,,,,,,,,,,,,,,,,,,,,,,,,,,,,,,,,,,,,,,,,,,,,,,,,,,,,,,,,,,,,,,,,,,,,,,,,,,,,,,,,,,,,,,,,,,,,,,,,,,,,2026-07-11 11:22:46.237,0,,
9099,63,61,10461,1,1208,GARCIA MILLAN,GAZPACHO,GAZPACHO MEDITERRANEO GM 1L,ALDI,,,,,,,,,,NOT_COMPARABLE_MISSING_VALIDATION,1,0,0,,,,,,,,,,,,,,,,,,,,,,,,,,,,,,,,,,,,,,,,,,,,,,,,,,,,,,,,,,,,,,,,,,,,,,,,,,,,,,,,,,,,,,,,,,,,,,,,,,,,,,,,,,,,,,,,,,,,,,,,,,,,,,,,,,,,,,,,,,,,,,,,,,,,,,,,,,,,,,,,,,,,,,,,,,,,,,,,,,,,,,,,,,,,,,,,,,,,,,,,,,,,,,,,2026-07-11 11:22:46.237,0,,NoForecastRowsMaterialized
9100,63,61,10461,1,1209,GARCIA MILLAN,GAZPACHO,GAZPACHO MEDITERRANEO GM 1L,ALYCER ALIMENTACION,,,,,,,,,,NOT_COMPARABLE_MISSING_VALIDATION,1,1,0,,,,,,,,,,,,,,,,,,,,,,,,,,,,,,,,,,,,,,,,,,,,,,,,,,,,,,,,,,,,,,,,,,,,,,,,,,,,,,,,,,,,,,,,,,,,,,,,,,,,,,,,,,,,,,,,,,,,,,,,,,,,,,,,,,,,,,,,,,,,,,,,,,,,,,,,,,,,,,,,,,,,,,,,,,,,,,,,,,,,,,,,,,,,,,,,,,,,,,,,,,,,,,,,2026-07-11 11:22:46.237,0,,NoForecastRowsMaterialized
9101,63,61,10461,1,1210,GARCIA MILLAN,GAZPACHO,GAZPACHO MEDITERRANEO GM 1L,AMAZON,,,,,,,,,,NOT_COMPARABLE_MISSING_VALIDATION,1,1,0,,,,,,,,,,,,,,,,,,,,,,,,,,,,,,,,,,,,,,,,,,,,,,,,,,,,,,,,,,,,,,,,,,,,,,,,,,,,,,,,,,,,,,,,,,,,,,,,,,,,,,,,,,,,,,,,,,,,,,,,,,,,,,,,,,,,,,,,,,,,,,,,,,,,,,,,,,,,,,,,,,,,,,,,,,,,,,,,,,,,,,,,,,,,,,,,,,,,,,,,,,,,,,,,2026-07-11 11:22:46.237,0,,
9102,63,61,10461,1,1211,GARCIA MILLAN,GAZPACHO,GAZPACHO MEDITERRANEO GM 1L,BARMA FANGZHOU,,,,,,,,,,NOT_COMPARABLE_MISSING_VALIDATION,1,0,0,,,,,,,,,,,,,,,,,,,,,,,,,,,,,,,,,,,,,,,,,,,,,,,,,,,,,,,,,,,,,,,,,,,,,,,,,,,,,,,,,,,,,,,,,,,,,,,,,,,,,,,,,,,,,,,,,,,,,,,,,,,,,,,,,,,,,,,,,,,,,,,,,,,,,,,,,,,,,,,,,,,,,,,,,,,,,,,,,,,,,,,,,,,,,,,,,,,,,,,,,,,,,,,,2026-07-11 11:22:46.237,0,,NoForecastRowsMaterialized
9103,63,61,10461,1,1212,GARCIA MILLAN,GAZPACHO,GAZPACHO MEDITERRANEO GM 1L,CARO RUIZ,,,,,,,,,,NOT_COMPARABLE_MISSING_VALIDATION,1,1,0,,,,,,,,,,,,,,,,,,,,,,,,,,,,,,,,,,,,,,,,,,,,,,,,,,,,,,,,,,,,,,,,,,,,,,,,,,,,,,,,,,,,,,,,,,,,,,,,,,,,,,,,,,,,,,,,,,,,,,,,,,,,,,,,,,,,,,,,,,,,,,,,,,,,,,,,,,,,,,,,,,,,,,,,,,,,,,,,,,,,,,,,,,,,,,,,,,,,,,,,,,,,,,,,2026-07-11 11:22:46.237,0,,NoForecastRowsMaterialized
9104,63,61,10461,1,1213,GARCIA MILLAN,GAZPACHO,GAZPACHO MEDITERRANEO GM 1L,CARREFOUR,,,,,,,,,,NOT_COMPARABLE_MISSING_VALIDATION,1,1,0,,,,,,,,,,,,,,,,,,,,,,,,,,,,,,,,,,,,,,,,,,,,,,,,,,,,,,,,,,,,,,,,,,,,,,,,,,,,,,,,,,,,,,,,,,,,,,,,,,,,,,,,,,,,,,,,,,,,,,,,,,,,,,,,,,,,,,,,,,,,,,,,,,,,,,,,,,,,,,,,,,,,,,,,,,,,,,,,,,,,,,,,,,,,,,,,,,,,,,,,,,,,,,,,2026-07-11 11:22:46.237,0,,
9105,63,61,10461,1,1214,GARCIA MILLAN,GAZPACHO,GAZPACHO MEDITERRANEO GM 1L,CASH BAREA,,,,,,,,,,NOT_COMPARABLE_MISSING_VALIDATION,1,1,0,,,,,,,,,,,,,,,,,,,,,,,,,,,,,,,,,,,,,,,,,,,,,,,,,,,,,,,,,,,,,,,,,,,,,,,,,,,,,,,,,,,,,,,,,,,,,,,,,,,,,,,,,,,,,,,,,,,,,,,,,,,,,,,,,,,,,,,,,,,,,,,,,,,,,,,,,,,,,,,,,,,,,,,,,,,,,,,,,,,,,,,,,,,,,,,,,,,,,,,,,,,,,,,,2026-07-11 11:22:46.237,0,,NoForecastRowsMaterialized
9106,63,61,10461,1,1215,GARCIA MILLAN,GAZPACHO,GAZPACHO MEDITERRANEO GM 1L,CATERING DOMENICO,,,,,,,,,,NOT_COMPARABLE_MISSING_VALIDATION,1,1,0,,,,,,,,,,,,,,,,,,,,,,,,,,,,,,,,,,,,,,,,,,,,,,,,,,,,,,,,,,,,,,,,,,,,,,,,,,,,,,,,,,,,,,,,,,,,,,,,,,,,,,,,,,,,,,,,,,,,,,,,,,,,,,,,,,,,,,,,,,,,,,,,,,,,,,,,,,,,,,,,,,,,,,,,,,,,,,,,,,,,,,,,,,,,,,,,,,,,,,,,,,,,,,,,2026-07-11 11:22:46.237,0,,
9107,63,61,10461,1,1216,GARCIA MILLAN,GAZPACHO,GAZPACHO MEDITERRANEO GM 1L,CEIP MANUEL ALTOLAGUIRRE,,,,,,,,,,NOT_COMPARABLE_MISSING_VALIDATION,1,1,0,,,,,,,,,,,,,,,,,,,,,,,,,,,,,,,,,,,,,,,,,,,,,,,,,,,,,,,,,,,,,,,,,,,,,,,,,,,,,,,,,,,,,,,,,,,,,,,,,,,,,,,,,,,,,,,,,,,,,,,,,,,,,,,,,,,,,,,,,,,,,,,,,,,,,,,,,,,,,,,,,,,,,,,,,,,,,,,,,,,,,,,,,,,,,,,,,,,,,,,,,,,,,,,,2026-07-11 11:22:46.237,0,,
9108,63,61,10461,1,1217,GARCIA MILLAN,GAZPACHO,GAZPACHO MEDITERRANEO GM 1L,CLIENTES FRANCIA,,,,,,,,,,NOT_COMPARABLE_MISSING_VALIDATION,1,1,0,,,,,,,,,,,,,,,,,,,,,,,,,,,,,,,,,,,,,,,,,,,,,,,,,,,,,,,,,,,,,,,,,,,,,,,,,,,,,,,,,,,,,,,,,,,,,,,,,,,,,,,,,,,,,,,,,,,,,,,,,,,,,,,,,,,,,,,,,,,,,,,,,,,,,,,,,,,,,,,,,,,,,,,,,,,,,,,,,,,,,,,,,,,,,,,,,,,,,,,,,,,,,,,,2026-07-11 11:22:46.237,0,,
9109,63,61,10461,1,1218,GARCIA MILLAN,GAZPACHO,GAZPACHO MEDITERRANEO GM 1L,COMERCIAL PIEDRA TRUJILLO,,,,,,,,,,NOT_COMPARABLE_MISSING_VALIDATION,1,0,0,,,,,,,,,,,,,,,,,,,,,,,,,,,,,,,,,,,,,,,,,,,,,,,,,,,,,,,,,,,,,,,,,,,,,,,,,,,,,,,,,,,,,,,,,,,,,,,,,,,,,,,,,,,,,,,,,,,,,,,,,,,,,,,,,,,,,,,,,,,,,,,,,,,,,,,,,,,,,,,,,,,,,,,,,,,,,,,,,,,,,,,,,,,,,,,,,,,,,,,,,,,,,,,,2026-07-11 11:22:46.237,0,,NoForecastRowsMaterialized
9110,63,61,10461,1,1219,GARCIA MILLAN,GAZPACHO,GAZPACHO MEDITERRANEO GM 1L,CONDIS,,,,,,,,,,NOT_COMPARABLE_MISSING_VALIDATION,1,1,0,,,,,,,,,,,,,,,,,,,,,,,,,,,,,,,,,,,,,,,,,,,,,,,,,,,,,,,,,,,,,,,,,,,,,,,,,,,,,,,,,,,,,,,,,,,,,,,,,,,,,,,,,,,,,,,,,,,,,,,,,,,,,,,,,,,,,,,,,,,,,,,,,,,,,,,,,,,,,,,,,,,,,,,,,,,,,,,,,,,,,,,,,,,,,,,,,,,,,,,,,,,,,,,,2026-07-11 11:22:46.237,0,,
9111,63,61,10461,1,1220,GARCIA MILLAN,GAZPACHO,GAZPACHO MEDITERRANEO GM 1L,DINOSOL,,,,,,,,,,NOT_COMPARABLE_MISSING_VALIDATION,1,1,0,,,,,,,,,,,,,,,,,,,,,,,,,,,,,,,,,,,,,,,,,,,,,,,,,,,,,,,,,,,,,,,,,,,,,,,,,,,,,,,,,,,,,,,,,,,,,,,,,,,,,,,,,,,,,,,,,,,,,,,,,,,,,,,,,,,,,,,,,,,,,,,,,,,,,,,,,,,,,,,,,,,,,,,,,,,,,,,,,,,,,,,,,,,,,,,,,,,,,,,,,,,,,,,,2026-07-11 11:22:46.237,0,,
9112,63,61,10461,1,1221,GARCIA MILLAN,GAZPACHO,GAZPACHO MEDITERRANEO GM 1L,DISTRIBUCIONES JTT,,,,,,,,,,NOT_COMPARABLE_MISSING_VALIDATION,1,1,0,,,,,,,,,,,,,,,,,,,,,,,,,,,,,,,,,,,,,,,,,,,,,,,,,,,,,,,,,,,,,,,,,,,,,,,,,,,,,,,,,,,,,,,,,,,,,,,,,,,,,,,,,,,,,,,,,,,,,,,,,,,,,,,,,,,,,,,,,,,,,,,,,,,,,,,,,,,,,,,,,,,,,,,,,,,,,,,,,,,,,,,,,,,,,,,,,,,,,,,,,,,,,,,,2026-07-11 11:22:46.237,0,,
9113,63,61,10461,1,1222,GARCIA MILLAN,GAZPACHO,GAZPACHO MEDITERRANEO GM 1L,DONACIONES,,,,,,,,,,NOT_COMPARABLE_MISSING_VALIDATION,1,1,0,,,,,,,,,,,,,,,,,,,,,,,,,,,,,,,,,,,,,,,,,,,,,,,,,,,,,,,,,,,,,,,,,,,,,,,,,,,,,,,,,,,,,,,,,,,,,,,,,,,,,,,,,,,,,,,,,,,,,,,,,,,,,,,,,,,,,,,,,,,,,,,,,,,,,,,,,,,,,,,,,,,,,,,,,,,,,,,,,,,,,,,,,,,,,,,,,,,,,,,,,,,,,,,,2026-07-11 11:22:46.237,0,,NoForecastRowsMaterialized
9114,63,61,10461,1,1223,GARCIA MILLAN,GAZPACHO,GAZPACHO MEDITERRANEO GM 1L,DRINKS SOL,,,,,,,,,,NOT_COMPARABLE_MISSING_VALIDATION,1,1,0,,,,,,,,,,,,,,,,,,,,,,,,,,,,,,,,,,,,,,,,,,,,,,,,,,,,,,,,,,,,,,,,,,,,,,,,,,,,,,,,,,,,,,,,,,,,,,,,,,,,,,,,,,,,,,,,,,,,,,,,,,,,,,,,,,,,,,,,,,,,,,,,,,,,,,,,,,,,,,,,,,,,,,,,,,,,,,,,,,,,,,,,,,,,,,,,,,,,,,,,,,,,,,,,2026-07-11 11:22:46.237,0,,NoForecastRowsMaterialized
9115,63,61,10461,1,1224,GARCIA MILLAN,GAZPACHO,GAZPACHO MEDITERRANEO GM 1L,ECOMORA,,,,,,,,,,NOT_COMPARABLE_MISSING_VALIDATION,1,0,0,,,,,,,,,,,,,,,,,,,,,,,,,,,,,,,,,,,,,,,,,,,,,,,,,,,,,,,,,,,,,,,,,,,,,,,,,,,,,,,,,,,,,,,,,,,,,,,,,,,,,,,,,,,,,,,,,,,,,,,,,,,,,,,,,,,,,,,,,,,,,,,,,,,,,,,,,,,,,,,,,,,,,,,,,,,,,,,,,,,,,,,,,,,,,,,,,,,,,,,,,,,,,,,,2026-07-11 11:22:46.237,0,,NoForecastRowsMaterialized
9116,63,61,10461,1,1225,GARCIA MILLAN,GAZPACHO,GAZPACHO MEDITERRANEO GM 1L,EL CORTE INGLES,,,,,,,,,,NOT_COMPARABLE_MISSING_VALIDATION,1,1,0,,,,,,,,,,,,,,,,,,,,,,,,,,,,,,,,,,,,,,,,,,,,,,,,,,,,,,,,,,,,,,,,,,,,,,,,,,,,,,,,,,,,,,,,,,,,,,,,,,,,,,,,,,,,,,,,,,,,,,,,,,,,,,,,,,,,,,,,,,,,,,,,,,,,,,,,,,,,,,,,,,,,,,,,,,,,,,,,,,,,,,,,,,,,,,,,,,,,,,,,,,,,,,,,2026-07-11 11:22:46.237,0,,
9117,63,61,10461,1,1226,GARCIA MILLAN,GAZPACHO,GAZPACHO MEDITERRANEO GM 1L,ESTABLECIMIENTOS PLAZA,,,,,,,,,,NOT_COMPARABLE_MISSING_VALIDATION,1,1,0,,,,,,,,,,,,,,,,,,,,,,,,,,,,,,,,,,,,,,,,,,,,,,,,,,,,,,,,,,,,,,,,,,,,,,,,,,,,,,,,,,,,,,,,,,,,,,,,,,,,,,,,,,,,,,,,,,,,,,,,,,,,,,,,,,,,,,,,,,,,,,,,,,,,,,,,,,,,,,,,,,,,,,,,,,,,,,,,,,,,,,,,,,,,,,,,,,,,,,,,,,,,,,,,2026-07-11 11:22:46.237,0,,
9118,63,61,10461,1,1227,GARCIA MILLAN,GAZPACHO,GAZPACHO MEDITERRANEO GM 1L,EXCLUSIVAS SEYGO,,,,,,,,,,NOT_COMPARABLE_MISSING_VALIDATION,1,1,0,,,,,,,,,,,,,,,,,,,,,,,,,,,,,,,,,,,,,,,,,,,,,,,,,,,,,,,,,,,,,,,,,,,,,,,,,,,,,,,,,,,,,,,,,,,,,,,,,,,,,,,,,,,,,,,,,,,,,,,,,,,,,,,,,,,,,,,,,,,,,,,,,,,,,,,,,,,,,,,,,,,,,,,,,,,,,,,,,,,,,,,,,,,,,,,,,,,,,,,,,,,,,,,,2026-07-11 11:22:46.237,0,,
9119,63,61,10461,1,1228,GARCIA MILLAN,GAZPACHO,GAZPACHO MEDITERRANEO GM 1L,FACSA,,,,,,,,,,NOT_COMPARABLE_MISSING_VALIDATION,1,1,0,,,,,,,,,,,,,,,,,,,,,,,,,,,,,,,,,,,,,,,,,,,,,,,,,,,,,,,,,,,,,,,,,,,,,,,,,,,,,,,,,,,,,,,,,,,,,,,,,,,,,,,,,,,,,,,,,,,,,,,,,,,,,,,,,,,,,,,,,,,,,,,,,,,,,,,,,,,,,,,,,,,,,,,,,,,,,,,,,,,,,,,,,,,,,,,,,,,,,,,,,,,,,,,,2026-07-11 11:22:46.237,0,,NoForecastRowsMaterialized
9120,63,61,10461,1,1229,GARCIA MILLAN,GAZPACHO,GAZPACHO MEDITERRANEO GM 1L,FAMILY CASH,,,,,,,,,,NOT_COMPARABLE_MISSING_VALIDATION,1,1,0,,,,,,,,,,,,,,,,,,,,,,,,,,,,,,,,,,,,,,,,,,,,,,,,,,,,,,,,,,,,,,,,,,,,,,,,,,,,,,,,,,,,,,,,,,,,,,,,,,,,,,,,,,,,,,,,,,,,,,,,,,,,,,,,,,,,,,,,,,,,,,,,,,,,,,,,,,,,,,,,,,,,,,,,,,,,,,,,,,,,,,,,,,,,,,,,,,,,,,,,,,,,,,,,2026-07-11 11:22:46.237,0,,NoForecastRowsMaterialized
9121,63,61,10461,1,1230,GARCIA MILLAN,GAZPACHO,GAZPACHO MEDITERRANEO GM 1L,FRUFOR,,,,,,,,,,NOT_COMPARABLE_MISSING_VALIDATION,1,0,0,,,,,,,,,,,,,,,,,,,,,,,,,,,,,,,,,,,,,,,,,,,,,,,,,,,,,,,,,,,,,,,,,,,,,,,,,,,,,,,,,,,,,,,,,,,,,,,,,,,,,,,,,,,,,,,,,,,,,,,,,,,,,,,,,,,,,,,,,,,,,,,,,,,,,,,,,,,,,,,,,,,,,,,,,,,,,,,,,,,,,,,,,,,,,,,,,,,,,,,,,,,,,,,,2026-07-11 11:22:46.237,0,,NoForecastRowsMaterialized
9122,63,61,10461,1,1231,GARCIA MILLAN,GAZPACHO,GAZPACHO MEDITERRANEO GM 1L,GADISA,,,,,,,,,,NOT_COMPARABLE_MISSING_VALIDATION,1,1,0,,,,,,,,,,,,,,,,,,,,,,,,,,,,,,,,,,,,,,,,,,,,,,,,,,,,,,,,,,,,,,,,,,,,,,,,,,,,,,,,,,,,,,,,,,,,,,,,,,,,,,,,,,,,,,,,,,,,,,,,,,,,,,,,,,,,,,,,,,,,,,,,,,,,,,,,,,,,,,,,,,,,,,,,,,,,,,,,,,,,,,,,,,,,,,,,,,,,,,,,,,,,,,,,2026-07-11 11:22:46.237,0,,NoForecastRowsMaterialized
9123,63,61,10461,1,1232,GARCIA MILLAN,GAZPACHO,GAZPACHO MEDITERRANEO GM 1L,GARIZUR,,,,,,,,,,NOT_COMPARABLE_MISSING_VALIDATION,1,1,0,,,,,,,,,,,,,,,,,,,,,,,,,,,,,,,,,,,,,,,,,,,,,,,,,,,,,,,,,,,,,,,,,,,,,,,,,,,,,,,,,,,,,,,,,,,,,,,,,,,,,,,,,,,,,,,,,,,,,,,,,,,,,,,,,,,,,,,,,,,,,,,,,,,,,,,,,,,,,,,,,,,,,,,,,,,,,,,,,,,,,,,,,,,,,,,,,,,,,,,,,,,,,,,,2026-07-11 11:22:46.237,0,,
9124,63,61,10461,1,1233,GARCIA MILLAN,GAZPACHO,GAZPACHO MEDITERRANEO GM 1L,GASPAR TAPIA VILLAVERDE,,,,,,,,,,NOT_COMPARABLE_MISSING_VALIDATION,1,0,0,,,,,,,,,,,,,,,,,,,,,,,,,,,,,,,,,,,,,,,,,,,,,,,,,,,,,,,,,,,,,,,,,,,,,,,,,,,,,,,,,,,,,,,,,,,,,,,,,,,,,,,,,,,,,,,,,,,,,,,,,,,,,,,,,,,,,,,,,,,,,,,,,,,,,,,,,,,,,,,,,,,,,,,,,,,,,,,,,,,,,,,,,,,,,,,,,,,,,,,,,,,,,,,,2026-07-11 11:22:46.237,0,,NoForecastRowsMaterialized
9125,63,61,10461,1,1234,GARCIA MILLAN,GAZPACHO,GAZPACHO MEDITERRANEO GM 1L,GB FOODSERVICE,,,,,,,,,,NOT_COMPARABLE_MISSING_VALIDATION,1,1,0,,,,,,,,,,,,,,,,,,,,,,,,,,,,,,,,,,,,,,,,,,,,,,,,,,,,,,,,,,,,,,,,,,,,,,,,,,,,,,,,,,,,,,,,,,,,,,,,,,,,,,,,,,,,,,,,,,,,,,,,,,,,,,,,,,,,,,,,,,,,,,,,,,,,,,,,,,,,,,,,,,,,,,,,,,,,,,,,,,,,,,,,,,,,,,,,,,,,,,,,,,,,,,,,2026-07-11 11:22:46.237,0,,NoForecastRowsMaterialized
9126,63,61,10461,1,1235,GARCIA MILLAN,GAZPACHO,GAZPACHO MEDITERRANEO GM 1L,GRUPO AUCHAN,,,,,,,,,,NOT_COMPARABLE_MISSING_VALIDATION,1,1,0,,,,,,,,,,,,,,,,,,,,,,,,,,,,,,,,,,,,,,,,,,,,,,,,,,,,,,,,,,,,,,,,,,,,,,,,,,,,,,,,,,,,,,,,,,,,,,,,,,,,,,,,,,,,,,,,,,,,,,,,,,,,,,,,,,,,,,,,,,,,,,,,,,,,,,,,,,,,,,,,,,,,,,,,,,,,,,,,,,,,,,,,,,,,,,,,,,,,,,,,,,,,,,,,2026-07-11 11:22:46.237,0,,
9127,63,61,10461,1,1236,GARCIA MILLAN,GAZPACHO,GAZPACHO MEDITERRANEO GM 1L,GRUPO EROSKI,,,,,,,,,,NOT_COMPARABLE_MISSING_VALIDATION,1,1,0,,,,,,,,,,,,,,,,,,,,,,,,,,,,,,,,,,,,,,,,,,,,,,,,,,,,,,,,,,,,,,,,,,,,,,,,,,,,,,,,,,,,,,,,,,,,,,,,,,,,,,,,,,,,,,,,,,,,,,,,,,,,,,,,,,,,,,,,,,,,,,,,,,,,,,,,,,,,,,,,,,,,,,,,,,,,,,,,,,,,,,,,,,,,,,,,,,,,,,,,,,,,,,,,2026-07-11 11:22:46.237,0,,NoForecastRowsMaterialized
9128,63,61,10461,1,1237,GARCIA MILLAN,GAZPACHO,GAZPACHO MEDITERRANEO GM 1L,GRUPO FRUSUR,,,,,,,,,,NOT_COMPARABLE_MISSING_VALIDATION,1,0,0,,,,,,,,,,,,,,,,,,,,,,,,,,,,,,,,,,,,,,,,,,,,,,,,,,,,,,,,,,,,,,,,,,,,,,,,,,,,,,,,,,,,,,,,,,,,,,,,,,,,,,,,,,,,,,,,,,,,,,,,,,,,,,,,,,,,,,,,,,,,,,,,,,,,,,,,,,,,,,,,,,,,,,,,,,,,,,,,,,,,,,,,,,,,,,,,,,,,,,,,,,,,,,,,2026-07-11 11:22:46.237,0,,NoForecastRowsMaterialized
9129,63,61,10461,1,1238,GARCIA MILLAN,GAZPACHO,GAZPACHO MEDITERRANEO GM 1L,HIPERBER,,,,,,,,,,NOT_COMPARABLE_MISSING_VALIDATION,1,1,0,,,,,,,,,,,,,,,,,,,,,,,,,,,,,,,,,,,,,,,,,,,,,,,,,,,,,,,,,,,,,,,,,,,,,,,,,,,,,,,,,,,,,,,,,,,,,,,,,,,,,,,,,,,,,,,,,,,,,,,,,,,,,,,,,,,,,,,,,,,,,,,,,,,,,,,,,,,,,,,,,,,,,,,,,,,,,,,,,,,,,,,,,,,,,,,,,,,,,,,,,,,,,,,,2026-07-11 11:22:46.237,0,,NoForecastRowsMaterialized
9130,63,61,10461,1,1239,GARCIA MILLAN,GAZPACHO,GAZPACHO MEDITERRANEO GM 1L,JURADO GOURMET,,,,,,,,,,NOT_COMPARABLE_MISSING_VALIDATION,1,0,0,,,,,,,,,,,,,,,,,,,,,,,,,,,,,,,,,,,,,,,,,,,,,,,,,,,,,,,,,,,,,,,,,,,,,,,,,,,,,,,,,,,,,,,,,,,,,,,,,,,,,,,,,,,,,,,,,,,,,,,,,,,,,,,,,,,,,,,,,,,,,,,,,,,,,,,,,,,,,,,,,,,,,,,,,,,,,,,,,,,,,,,,,,,,,,,,,,,,,,,,,,,,,,,,2026-07-11 11:22:46.237,0,,NoForecastRowsMaterialized
9131,63,61,10461,1,1240,GARCIA MILLAN,GAZPACHO,GAZPACHO MEDITERRANEO GM 1L,LOSAN DISTRIBUCIONES,,,,,,,,,,NOT_COMPARABLE_MISSING_VALIDATION,1,0,0,,,,,,,,,,,,,,,,,,,,,,,,,,,,,,,,,,,,,,,,,,,,,,,,,,,,,,,,,,,,,,,,,,,,,,,,,,,,,,,,,,,,,,,,,,,,,,,,,,,,,,,,,,,,,,,,,,,,,,,,,,,,,,,,,,,,,,,,,,,,,,,,,,,,,,,,,,,,,,,,,,,,,,,,,,,,,,,,,,,,,,,,,,,,,,,,,,,,,,,,,,,,,,,,2026-07-11 11:22:46.237,0,,NoForecastRowsMaterialized
9132,63,61,10461,1,1241,GARCIA MILLAN,GAZPACHO,GAZPACHO MEDITERRANEO GM 1L,MARKETING,,,,,,,,,,NOT_COMPARABLE_MISSING_VALIDATION,1,1,0,,,,,,,,,,,,,,,,,,,,,,,,,,,,,,,,,,,,,,,,,,,,,,,,,,,,,,,,,,,,,,,,,,,,,,,,,,,,,,,,,,,,,,,,,,,,,,,,,,,,,,,,,,,,,,,,,,,,,,,,,,,,,,,,,,,,,,,,,,,,,,,,,,,,,,,,,,,,,,,,,,,,,,,,,,,,,,,,,,,,,,,,,,,,,,,,,,,,,,,,,,,,,,,,2026-07-11 11:22:46.237,0,,
9133,63,61,10461,1,1242,GARCIA MILLAN,GAZPACHO,GAZPACHO MEDITERRANEO GM 1L,MOISES MUÃ‘OZ E HIJOS,,,,,,,,,,NOT_COMPARABLE_MISSING_VALIDATION,1,0,0,,,,,,,,,,,,,,,,,,,,,,,,,,,,,,,,,,,,,,,,,,,,,,,,,,,,,,,,,,,,,,,,,,,,,,,,,,,,,,,,,,,,,,,,,,,,,,,,,,,,,,,,,,,,,,,,,,,,,,,,,,,,,,,,,,,,,,,,,,,,,,,,,,,,,,,,,,,,,,,,,,,,,,,,,,,,,,,,,,,,,,,,,,,,,,,,,,,,,,,,,,,,,,,,2026-07-11 11:22:46.237,0,,NoForecastRowsMaterialized
9134,63,61,10461,1,1243,GARCIA MILLAN,GAZPACHO,GAZPACHO MEDITERRANEO GM 1L,MUESTRAS,,,,,,,,,,NOT_COMPARABLE_MISSING_VALIDATION,1,1,0,,,,,,,,,,,,,,,,,,,,,,,,,,,,,,,,,,,,,,,,,,,,,,,,,,,,,,,,,,,,,,,,,,,,,,,,,,,,,,,,,,,,,,,,,,,,,,,,,,,,,,,,,,,,,,,,,,,,,,,,,,,,,,,,,,,,,,,,,,,,,,,,,,,,,,,,,,,,,,,,,,,,,,,,,,,,,,,,,,,,,,,,,,,,,,,,,,,,,,,,,,,,,,,,2026-07-11 11:22:46.237,0,,NoForecastRowsMaterialized
9135,63,61,10461,1,1244,GARCIA MILLAN,GAZPACHO,GAZPACHO MEDITERRANEO GM 1L,PRIMAPRIX,,,,,,,,,,NOT_COMPARABLE_MISSING_VALIDATION,1,1,0,,,,,,,,,,,,,,,,,,,,,,,,,,,,,,,,,,,,,,,,,,,,,,,,,,,,,,,,,,,,,,,,,,,,,,,,,,,,,,,,,,,,,,,,,,,,,,,,,,,,,,,,,,,,,,,,,,,,,,,,,,,,,,,,,,,,,,,,,,,,,,,,,,,,,,,,,,,,,,,,,,,,,,,,,,,,,,,,,,,,,,,,,,,,,,,,,,,,,,,,,,,,,,,,2026-07-11 11:22:46.237,0,,NoForecastRowsMaterialized
9136,63,61,10461,1,1245,GARCIA MILLAN,GAZPACHO,GAZPACHO MEDITERRANEO GM 1L,RAFAEL OLIAS,,,,,,,,,,NOT_COMPARABLE_MISSING_VALIDATION,1,1,0,,,,,,,,,,,,,,,,,,,,,,,,,,,,,,,,,,,,,,,,,,,,,,,,,,,,,,,,,,,,,,,,,,,,,,,,,,,,,,,,,,,,,,,,,,,,,,,,,,,,,,,,,,,,,,,,,,,,,,,,,,,,,,,,,,,,,,,,,,,,,,,,,,,,,,,,,,,,,,,,,,,,,,,,,,,,,,,,,,,,,,,,,,,,,,,,,,,,,,,,,,,,,,,,2026-07-11 11:22:46.237,0,,
9137,63,61,10461,1,1246,GARCIA MILLAN,GAZPACHO,GAZPACHO MEDITERRANEO GM 1L,REPRESENTACIONES MAYORAL,,,,,,,,,,NOT_COMPARABLE_MISSING_VALIDATION,1,0,0,,,,,,,,,,,,,,,,,,,,,,,,,,,,,,,,,,,,,,,,,,,,,,,,,,,,,,,,,,,,,,,,,,,,,,,,,,,,,,,,,,,,,,,,,,,,,,,,,,,,,,,,,,,,,,,,,,,,,,,,,,,,,,,,,,,,,,,,,,,,,,,,,,,,,,,,,,,,,,,,,,,,,,,,,,,,,,,,,,,,,,,,,,,,,,,,,,,,,,,,,,,,,,,,2026-07-11 11:22:46.237,0,,NoForecastRowsMaterialized
9138,63,61,10461,1,1247,GARCIA MILLAN,GAZPACHO,GAZPACHO MEDITERRANEO GM 1L,SORLI,,,,,,,,,,NOT_COMPARABLE_MISSING_VALIDATION,1,1,0,,,,,,,,,,,,,,,,,,,,,,,,,,,,,,,,,,,,,,,,,,,,,,,,,,,,,,,,,,,,,,,,,,,,,,,,,,,,,,,,,,,,,,,,,,,,,,,,,,,,,,,,,,,,,,,,,,,,,,,,,,,,,,,,,,,,,,,,,,,,,,,,,,,,,,,,,,,,,,,,,,,,,,,,,,,,,,,,,,,,,,,,,,,,,,,,,,,,,,,,,,,,,,,,2026-07-11 11:22:46.237,0,,
9139,63,61,10461,1,1248,GARCIA MILLAN,GAZPACHO,GAZPACHO MEDITERRANEO GM 1L,SUPSA,,,,,,,,,,NOT_COMPARABLE_MISSING_VALIDATION,1,1,0,,,,,,,,,,,,,,,,,,,,,,,,,,,,,,,,,,,,,,,,,,,,,,,,,,,,,,,,,,,,,,,,,,,,,,,,,,,,,,,,,,,,,,,,,,,,,,,,,,,,,,,,,,,,,,,,,,,,,,,,,,,,,,,,,,,,,,,,,,,,,,,,,,,,,,,,,,,,,,,,,,,,,,,,,,,,,,,,,,,,,,,,,,,,,,,,,,,,,,,,,,,,,,,,2026-07-11 11:22:46.237,0,,NoForecastRowsMaterialized
9140,63,61,10461,1,1249,GARCIA MILLAN,GAZPACHO,GAZPACHO MEDITERRANEO GM 1L,UNIALCO,,,,,,,,,,NOT_COMPARABLE_MISSING_VALIDATION,1,1,0,,,,,,,,,,,,,,,,,,,,,,,,,,,,,,,,,,,,,,,,,,,,,,,,,,,,,,,,,,,,,,,,,,,,,,,,,,,,,,,,,,,,,,,,,,,,,,,,,,,,,,,,,,,,,,,,,,,,,,,,,,,,,,,,,,,,,,,,,,,,,,,,,,,,,,,,,,,,,,,,,,,,,,,,,,,,,,,,,,,,,,,,,,,,,,,,,,,,,,,,,,,,,,,,2026-07-11 11:22:46.237,0,,
9141,63,61,10461,1,1250,GARCIA MILLAN,GAZPACHO,GAZPACHO MEDITERRANEO GM 1L,UNIDE,,,,,,,,,,NOT_COMPARABLE_MISSING_VALIDATION,1,1,0,,,,,,,,,,,,,,,,,,,,,,,,,,,,,,,,,,,,,,,,,,,,,,,,,,,,,,,,,,,,,,,,,,,,,,,,,,,,,,,,,,,,,,,,,,,,,,,,,,,,,,,,,,,,,,,,,,,,,,,,,,,,,,,,,,,,,,,,,,,,,,,,,,,,,,,,,,,,,,,,,,,,,,,,,,,,,,,,,,,,,,,,,,,,,,,,,,,,,,,,,,,,,,,,2026-07-11 11:22:46.237,0,,NoForecastRowsMaterialized
"9142,63,61,10461,1,1252,GARCIA MILLAN,GAZPACHO,GAZPACHO SUAVE GM 1L,"""",,,,,,,,,,NOT_COMPARABLE_MISSING_VALIDATION,1,1,0,,,,,,,,,,,,,,,,,,,,,,,,,,,,,,,,,,,,,,,,,,,,,,,,,,,,,,,,,,,,,,,,,,,,,,,,,,,,,,,,,,,,,,,,,,,,,,,,,,,,,,,,,,,,,,,,,,,,,,,,,,,,,,,,,,,,,,,,,,,,,,,,,,,,,,,,,,,,,,,,,,,,,,,,,,,,,,,,,,,,,,,,,,,,,,,,,,,,,,,,,,,,,,,,2026-07-11 11:22:46.237,0,,"
9143,63,61,10461,1,1253,GARCIA MILLAN,GAZPACHO,GAZPACHO SUAVE GM 1L,AHORRAMAS,,,,,,,,,,NOT_COMPARABLE_MISSING_VALIDATION,1,1,0,,,,,,,,,,,,,,,,,,,,,,,,,,,,,,,,,,,,,,,,,,,,,,,,,,,,,,,,,,,,,,,,,,,,,,,,,,,,,,,,,,,,,,,,,,,,,,,,,,,,,,,,,,,,,,,,,,,,,,,,,,,,,,,,,,,,,,,,,,,,,,,,,,,,,,,,,,,,,,,,,,,,,,,,,,,,,,,,,,,,,,,,,,,,,,,,,,,,,,,,,,,,,,,,2026-07-11 11:22:46.237,0,,
9144,63,61,10461,1,1254,GARCIA MILLAN,GAZPACHO,GAZPACHO SUAVE GM 1L,ALDI,,,,,,,,,,NOT_COMPARABLE_MISSING_VALIDATION,1,1,0,,,,,,,,,,,,,,,,,,,,,,,,,,,,,,,,,,,,,,,,,,,,,,,,,,,,,,,,,,,,,,,,,,,,,,,,,,,,,,,,,,,,,,,,,,,,,,,,,,,,,,,,,,,,,,,,,,,,,,,,,,,,,,,,,,,,,,,,,,,,,,,,,,,,,,,,,,,,,,,,,,,,,,,,,,,,,,,,,,,,,,,,,,,,,,,,,,,,,,,,,,,,,,,,2026-07-11 11:22:46.237,0,,
9145,63,61,10461,1,1255,GARCIA MILLAN,GAZPACHO,GAZPACHO SUAVE GM 1L,ALIMERKA,,,,,,,,,,NOT_COMPARABLE_MISSING_VALIDATION,1,0,0,,,,,,,,,,,,,,,,,,,,,,,,,,,,,,,,,,,,,,,,,,,,,,,,,,,,,,,,,,,,,,,,,,,,,,,,,,,,,,,,,,,,,,,,,,,,,,,,,,,,,,,,,,,,,,,,,,,,,,,,,,,,,,,,,,,,,,,,,,,,,,,,,,,,,,,,,,,,,,,,,,,,,,,,,,,,,,,,,,,,,,,,,,,,,,,,,,,,,,,,,,,,,,,,2026-07-11 11:22:46.237,0,,NoForecastRowsMaterialized
9146,63,61,10461,1,1256,GARCIA MILLAN,GAZPACHO,GAZPACHO SUAVE GM 1L,AMAZON,,,,,,,,,,NOT_COMPARABLE_MISSING_VALIDATION,1,1,0,,,,,,,,,,,,,,,,,,,,,,,,,,,,,,,,,,,,,,,,,,,,,,,,,,,,,,,,,,,,,,,,,,,,,,,,,,,,,,,,,,,,,,,,,,,,,,,,,,,,,,,,,,,,,,,,,,,,,,,,,,,,,,,,,,,,,,,,,,,,,,,,,,,,,,,,,,,,,,,,,,,,,,,,,,,,,,,,,,,,,,,,,,,,,,,,,,,,,,,,,,,,,,,,2026-07-11 11:22:46.237,0,,
9147,63,61,10461,1,1257,GARCIA MILLAN,GAZPACHO,GAZPACHO SUAVE GM 1L,BELMAR DON BENITO,,,,,,,,,,NOT_COMPARABLE_MISSING_VALIDATION,1,0,0,,,,,,,,,,,,,,,,,,,,,,,,,,,,,,,,,,,,,,,,,,,,,,,,,,,,,,,,,,,,,,,,,,,,,,,,,,,,,,,,,,,,,,,,,,,,,,,,,,,,,,,,,,,,,,,,,,,,,,,,,,,,,,,,,,,,,,,,,,,,,,,,,,,,,,,,,,,,,,,,,,,,,,,,,,,,,,,,,,,,,,,,,,,,,,,,,,,,,,,,,,,,,,,,2026-07-11 11:22:46.237,0,,NoForecastRowsMaterialized
9148,63,61,10461,1,1258,GARCIA MILLAN,GAZPACHO,GAZPACHO SUAVE GM 1L,BGROUP,,,,,,,,,,NOT_COMPARABLE_MISSING_VALIDATION,1,0,0,,,,,,,,,,,,,,,,,,,,,,,,,,,,,,,,,,,,,,,,,,,,,,,,,,,,,,,,,,,,,,,,,,,,,,,,,,,,,,,,,,,,,,,,,,,,,,,,,,,,,,,,,,,,,,,,,,,,,,,,,,,,,,,,,,,,,,,,,,,,,,,,,,,,,,,,,,,,,,,,,,,,,,,,,,,,,,,,,,,,,,,,,,,,,,,,,,,,,,,,,,,,,,,,2026-07-11 11:22:46.237,0,,NoForecastRowsMaterialized
9149,63,61,10461,1,1259,GARCIA MILLAN,GAZPACHO,GAZPACHO SUAVE GM 1L,CARO RUIZ,,,,,,,,,,NOT_COMPARABLE_MISSING_VALIDATION,1,0,0,,,,,,,,,,,,,,,,,,,,,,,,,,,,,,,,,,,,,,,,,,,,,,,,,,,,,,,,,,,,,,,,,,,,,,,,,,,,,,,,,,,,,,,,,,,,,,,,,,,,,,,,,,,,,,,,,,,,,,,,,,,,,,,,,,,,,,,,,,,,,,,,,,,,,,,,,,,,,,,,,,,,,,,,,,,,,,,,,,,,,,,,,,,,,,,,,,,,,,,,,,,,,,,,2026-07-11 11:22:46.237,0,,NoForecastRowsMaterialized
9150,63,61,10461,1,1260,GARCIA MILLAN,GAZPACHO,GAZPACHO SUAVE GM 1L,CARREFOUR,,,,,,,,,,NOT_COMPARABLE_MISSING_VALIDATION,1,1,0,,,,,,,,,,,,,,,,,,,,,,,,,,,,,,,,,,,,,,,,,,,,,,,,,,,,,,,,,,,,,,,,,,,,,,,,,,,,,,,,,,,,,,,,,,,,,,,,,,,,,,,,,,,,,,,,,,,,,,,,,,,,,,,,,,,,,,,,,,,,,,,,,,,,,,,,,,,,,,,,,,,,,,,,,,,,,,,,,,,,,,,,,,,,,,,,,,,,,,,,,,,,,,,,2026-07-11 11:22:46.237,0,,NoForecastRowsMaterialized
9151,63,61,10461,1,1261,GARCIA MILLAN,GAZPACHO,GAZPACHO SUAVE GM 1L,COMERBAL,,,,,,,,,,NOT_COMPARABLE_MISSING_VALIDATION,1,1,0,,,,,,,,,,,,,,,,,,,,,,,,,,,,,,,,,,,,,,,,,,,,,,,,,,,,,,,,,,,,,,,,,,,,,,,,,,,,,,,,,,,,,,,,,,,,,,,,,,,,,,,,,,,,,,,,,,,,,,,,,,,,,,,,,,,,,,,,,,,,,,,,,,,,,,,,,,,,,,,,,,,,,,,,,,,,,,,,,,,,,,,,,,,,,,,,,,,,,,,,,,,,,,,,2026-07-11 11:22:46.237,0,,
9152,63,61,10461,1,1262,GARCIA MILLAN,GAZPACHO,GAZPACHO SUAVE GM 1L,COMERCIAL PIEDRA TRUJILLO,,,,,,,,,,NOT_COMPARABLE_MISSING_VALIDATION,1,1,0,,,,,,,,,,,,,,,,,,,,,,,,,,,,,,,,,,,,,,,,,,,,,,,,,,,,,,,,,,,,,,,,,,,,,,,,,,,,,,,,,,,,,,,,,,,,,,,,,,,,,,,,,,,,,,,,,,,,,,,,,,,,,,,,,,,,,,,,,,,,,,,,,,,,,,,,,,,,,,,,,,,,,,,,,,,,,,,,,,,,,,,,,,,,,,,,,,,,,,,,,,,,,,,,2026-07-11 11:22:46.237,0,,NoForecastRowsMaterialized
9153,63,61,10461,1,1263,GARCIA MILLAN,GAZPACHO,GAZPACHO SUAVE GM 1L,CONDIS,,,,,,,,,,NOT_COMPARABLE_MISSING_VALIDATION,1,1,0,,,,,,,,,,,,,,,,,,,,,,,,,,,,,,,,,,,,,,,,,,,,,,,,,,,,,,,,,,,,,,,,,,,,,,,,,,,,,,,,,,,,,,,,,,,,,,,,,,,,,,,,,,,,,,,,,,,,,,,,,,,,,,,,,,,,,,,,,,,,,,,,,,,,,,,,,,,,,,,,,,,,,,,,,,,,,,,,,,,,,,,,,,,,,,,,,,,,,,,,,,,,,,,,2026-07-11 11:22:46.237,0,,
9154,63,61,10461,1,1264,GARCIA MILLAN,GAZPACHO,GAZPACHO SUAVE GM 1L,COVIRAN,,,,,,,,,,NOT_COMPARABLE_MISSING_VALIDATION,1,1,0,,,,,,,,,,,,,,,,,,,,,,,,,,,,,,,,,,,,,,,,,,,,,,,,,,,,,,,,,,,,,,,,,,,,,,,,,,,,,,,,,,,,,,,,,,,,,,,,,,,,,,,,,,,,,,,,,,,,,,,,,,,,,,,,,,,,,,,,,,,,,,,,,,,,,,,,,,,,,,,,,,,,,,,,,,,,,,,,,,,,,,,,,,,,,,,,,,,,,,,,,,,,,,,,2026-07-11 11:22:46.237,0,,
9155,63,61,10461,1,1265,GARCIA MILLAN,GAZPACHO,GAZPACHO SUAVE GM 1L,DIA,,,,,,,,,,NOT_COMPARABLE_MISSING_VALIDATION,1,0,0,,,,,,,,,,,,,,,,,,,,,,,,,,,,,,,,,,,,,,,,,,,,,,,,,,,,,,,,,,,,,,,,,,,,,,,,,,,,,,,,,,,,,,,,,,,,,,,,,,,,,,,,,,,,,,,,,,,,,,,,,,,,,,,,,,,,,,,,,,,,,,,,,,,,,,,,,,,,,,,,,,,,,,,,,,,,,,,,,,,,,,,,,,,,,,,,,,,,,,,,,,,,,,,,2026-07-11 11:22:46.237,0,,NoForecastRowsMaterialized
9156,63,61,10461,1,1266,GARCIA MILLAN,GAZPACHO,GAZPACHO SUAVE GM 1L,DINOSOL,,,,,,,,,,NOT_COMPARABLE_MISSING_VALIDATION,1,0,0,,,,,,,,,,,,,,,,,,,,,,,,,,,,,,,,,,,,,,,,,,,,,,,,,,,,,,,,,,,,,,,,,,,,,,,,,,,,,,,,,,,,,,,,,,,,,,,,,,,,,,,,,,,,,,,,,,,,,,,,,,,,,,,,,,,,,,,,,,,,,,,,,,,,,,,,,,,,,,,,,,,,,,,,,,,,,,,,,,,,,,,,,,,,,,,,,,,,,,,,,,,,,,,,2026-07-11 11:22:46.237,0,,NoForecastRowsMaterialized
9157,63,61,10461,1,1267,GARCIA MILLAN,GAZPACHO,GAZPACHO SUAVE GM 1L,DONACIONES,,,,,,,,,,NOT_COMPARABLE_MISSING_VALIDATION,1,1,0,,,,,,,,,,,,,,,,,,,,,,,,,,,,,,,,,,,,,,,,,,,,,,,,,,,,,,,,,,,,,,,,,,,,,,,,,,,,,,,,,,,,,,,,,,,,,,,,,,,,,,,,,,,,,,,,,,,,,,,,,,,,,,,,,,,,,,,,,,,,,,,,,,,,,,,,,,,,,,,,,,,,,,,,,,,,,,,,,,,,,,,,,,,,,,,,,,,,,,,,,,,,,,,,2026-07-11 11:22:46.237,0,,
9158,63,61,10461,1,1268,GARCIA MILLAN,GAZPACHO,GAZPACHO SUAVE GM 1L,EL CORTE INGLES,,,,,,,,,,NOT_COMPARABLE_MISSING_VALIDATION,1,1,0,,,,,,,,,,,,,,,,,,,,,,,,,,,,,,,,,,,,,,,,,,,,,,,,,,,,,,,,,,,,,,,,,,,,,,,,,,,,,,,,,,,,,,,,,,,,,,,,,,,,,,,,,,,,,,,,,,,,,,,,,,,,,,,,,,,,,,,,,,,,,,,,,,,,,,,,,,,,,,,,,,,,,,,,,,,,,,,,,,,,,,,,,,,,,,,,,,,,,,,,,,,,,,,,2026-07-11 11:22:46.237,0,,
9159,63,61,10461,1,1269,GARCIA MILLAN,GAZPACHO,GAZPACHO SUAVE GM 1L,ESTABLECIMIENTOS PLAZA,,,,,,,,,,NOT_COMPARABLE_MISSING_VALIDATION,1,1,0,,,,,,,,,,,,,,,,,,,,,,,,,,,,,,,,,,,,,,,,,,,,,,,,,,,,,,,,,,,,,,,,,,,,,,,,,,,,,,,,,,,,,,,,,,,,,,,,,,,,,,,,,,,,,,,,,,,,,,,,,,,,,,,,,,,,,,,,,,,,,,,,,,,,,,,,,,,,,,,,,,,,,,,,,,,,,,,,,,,,,,,,,,,,,,,,,,,,,,,,,,,,,,,,2026-07-11 11:22:46.237,0,,
9160,63,61,10461,1,1270,GARCIA MILLAN,GAZPACHO,GAZPACHO SUAVE GM 1L,FACSA,,,,,,,,,,NOT_COMPARABLE_MISSING_VALIDATION,1,1,0,,,,,,,,,,,,,,,,,,,,,,,,,,,,,,,,,,,,,,,,,,,,,,,,,,,,,,,,,,,,,,,,,,,,,,,,,,,,,,,,,,,,,,,,,,,,,,,,,,,,,,,,,,,,,,,,,,,,,,,,,,,,,,,,,,,,,,,,,,,,,,,,,,,,,,,,,,,,,,,,,,,,,,,,,,,,,,,,,,,,,,,,,,,,,,,,,,,,,,,,,,,,,,,,2026-07-11 11:22:46.237,0,,
9161,63,61,10461,1,1271,GARCIA MILLAN,GAZPACHO,GAZPACHO SUAVE GM 1L,FRANCO-MOR,,,,,,,,,,NOT_COMPARABLE_MISSING_VALIDATION,1,0,0,,,,,,,,,,,,,,,,,,,,,,,,,,,,,,,,,,,,,,,,,,,,,,,,,,,,,,,,,,,,,,,,,,,,,,,,,,,,,,,,,,,,,,,,,,,,,,,,,,,,,,,,,,,,,,,,,,,,,,,,,,,,,,,,,,,,,,,,,,,,,,,,,,,,,,,,,,,,,,,,,,,,,,,,,,,,,,,,,,,,,,,,,,,,,,,,,,,,,,,,,,,,,,,,2026-07-11 11:22:46.237,0,,NoForecastRowsMaterialized
9162,63,61,10461,1,1272,GARCIA MILLAN,GAZPACHO,GAZPACHO SUAVE GM 1L,GRUPO AUCHAN,,,,,,,,,,NOT_COMPARABLE_MISSING_VALIDATION,1,1,0,,,,,,,,,,,,,,,,,,,,,,,,,,,,,,,,,,,,,,,,,,,,,,,,,,,,,,,,,,,,,,,,,,,,,,,,,,,,,,,,,,,,,,,,,,,,,,,,,,,,,,,,,,,,,,,,,,,,,,,,,,,,,,,,,,,,,,,,,,,,,,,,,,,,,,,,,,,,,,,,,,,,,,,,,,,,,,,,,,,,,,,,,,,,,,,,,,,,,,,,,,,,,,,,2026-07-11 11:22:46.237,0,,
9163,63,61,10461,1,1273,GARCIA MILLAN,GAZPACHO,GAZPACHO SUAVE GM 1L,GRUPO EL JAMON,,,,,,,,,,NOT_COMPARABLE_MISSING_VALIDATION,1,1,0,,,,,,,,,,,,,,,,,,,,,,,,,,,,,,,,,,,,,,,,,,,,,,,,,,,,,,,,,,,,,,,,,,,,,,,,,,,,,,,,,,,,,,,,,,,,,,,,,,,,,,,,,,,,,,,,,,,,,,,,,,,,,,,,,,,,,,,,,,,,,,,,,,,,,,,,,,,,,,,,,,,,,,,,,,,,,,,,,,,,,,,,,,,,,,,,,,,,,,,,,,,,,,,,2026-07-11 11:22:46.237,0,,
9164,63,61,10461,1,1274,GARCIA MILLAN,GAZPACHO,GAZPACHO SUAVE GM 1L,HERMANOS AYALA,,,,,,,,,,NOT_COMPARABLE_MISSING_VALIDATION,1,0,0,,,,,,,,,,,,,,,,,,,,,,,,,,,,,,,,,,,,,,,,,,,,,,,,,,,,,,,,,,,,,,,,,,,,,,,,,,,,,,,,,,,,,,,,,,,,,,,,,,,,,,,,,,,,,,,,,,,,,,,,,,,,,,,,,,,,,,,,,,,,,,,,,,,,,,,,,,,,,,,,,,,,,,,,,,,,,,,,,,,,,,,,,,,,,,,,,,,,,,,,,,,,,,,,2026-07-11 11:22:46.237,0,,NoForecastRowsMaterialized
9165,63,61,10461,1,1275,GARCIA MILLAN,GAZPACHO,GAZPACHO SUAVE GM 1L,HERMANOS MARTIN,,,,,,,,,,NOT_COMPARABLE_MISSING_VALIDATION,1,1,0,,,,,,,,,,,,,,,,,,,,,,,,,,,,,,,,,,,,,,,,,,,,,,,,,,,,,,,,,,,,,,,,,,,,,,,,,,,,,,,,,,,,,,,,,,,,,,,,,,,,,,,,,,,,,,,,,,,,,,,,,,,,,,,,,,,,,,,,,,,,,,,,,,,,,,,,,,,,,,,,,,,,,,,,,,,,,,,,,,,,,,,,,,,,,,,,,,,,,,,,,,,,,,,,2026-07-11 11:22:46.237,0,,NoForecastRowsMaterialized
9166,63,61,10461,1,1276,GARCIA MILLAN,GAZPACHO,GAZPACHO SUAVE GM 1L,HIPER USERA,,,,,,,,,,NOT_COMPARABLE_MISSING_VALIDATION,1,1,0,,,,,,,,,,,,,,,,,,,,,,,,,,,,,,,,,,,,,,,,,,,,,,,,,,,,,,,,,,,,,,,,,,,,,,,,,,,,,,,,,,,,,,,,,,,,,,,,,,,,,,,,,,,,,,,,,,,,,,,,,,,,,,,,,,,,,,,,,,,,,,,,,,,,,,,,,,,,,,,,,,,,,,,,,,,,,,,,,,,,,,,,,,,,,,,,,,,,,,,,,,,,,,,,2026-07-11 11:22:46.237,0,,
9167,63,61,10461,1,1277,GARCIA MILLAN,GAZPACHO,GAZPACHO SUAVE GM 1L,HIPERBER,,,,,,,,,,NOT_COMPARABLE_MISSING_VALIDATION,1,0,0,,,,,,,,,,,,,,,,,,,,,,,,,,,,,,,,,,,,,,,,,,,,,,,,,,,,,,,,,,,,,,,,,,,,,,,,,,,,,,,,,,,,,,,,,,,,,,,,,,,,,,,,,,,,,,,,,,,,,,,,,,,,,,,,,,,,,,,,,,,,,,,,,,,,,,,,,,,,,,,,,,,,,,,,,,,,,,,,,,,,,,,,,,,,,,,,,,,,,,,,,,,,,,,,2026-07-11 11:22:46.237,0,,NoForecastRowsMaterialized
9168,63,61,10461,1,1278,GARCIA MILLAN,GAZPACHO,GAZPACHO SUAVE GM 1L,JOAQUIN TARDIO,,,,,,,,,,NOT_COMPARABLE_MISSING_VALIDATION,1,0,0,,,,,,,,,,,,,,,,,,,,,,,,,,,,,,,,,,,,,,,,,,,,,,,,,,,,,,,,,,,,,,,,,,,,,,,,,,,,,,,,,,,,,,,,,,,,,,,,,,,,,,,,,,,,,,,,,,,,,,,,,,,,,,,,,,,,,,,,,,,,,,,,,,,,,,,,,,,,,,,,,,,,,,,,,,,,,,,,,,,,,,,,,,,,,,,,,,,,,,,,,,,,,,,,2026-07-11 11:22:46.237,0,,NoForecastRowsMaterialized
9169,63,61,10461,1,1279,GARCIA MILLAN,GAZPACHO,GAZPACHO SUAVE GM 1L,LACTEAS HISPALENSE,,,,,,,,,,NOT_COMPARABLE_MISSING_VALIDATION,1,0,0,,,,,,,,,,,,,,,,,,,,,,,,,,,,,,,,,,,,,,,,,,,,,,,,,,,,,,,,,,,,,,,,,,,,,,,,,,,,,,,,,,,,,,,,,,,,,,,,,,,,,,,,,,,,,,,,,,,,,,,,,,,,,,,,,,,,,,,,,,,,,,,,,,,,,,,,,,,,,,,,,,,,,,,,,,,,,,,,,,,,,,,,,,,,,,,,,,,,,,,,,,,,,,,,2026-07-11 11:22:46.237,0,,NoForecastRowsMaterialized
9170,63,61,10461,1,1280,GARCIA MILLAN,GAZPACHO,GAZPACHO SUAVE GM 1L,LIDL,,,,,,,,,,NOT_COMPARABLE_MISSING_VALIDATION,1,1,0,,,,,,,,,,,,,,,,,,,,,,,,,,,,,,,,,,,,,,,,,,,,,,,,,,,,,,,,,,,,,,,,,,,,,,,,,,,,,,,,,,,,,,,,,,,,,,,,,,,,,,,,,,,,,,,,,,,,,,,,,,,,,,,,,,,,,,,,,,,,,,,,,,,,,,,,,,,,,,,,,,,,,,,,,,,,,,,,,,,,,,,,,,,,,,,,,,,,,,,,,,,,,,,,2026-07-11 11:22:46.237,0,,
9171,63,61,10461,1,1281,GARCIA MILLAN,GAZPACHO,GAZPACHO SUAVE GM 1L,LOSAN DISTRIBUCIONES,,,,,,,,,,NOT_COMPARABLE_MISSING_VALIDATION,1,1,0,,,,,,,,,,,,,,,,,,,,,,,,,,,,,,,,,,,,,,,,,,,,,,,,,,,,,,,,,,,,,,,,,,,,,,,,,,,,,,,,,,,,,,,,,,,,,,,,,,,,,,,,,,,,,,,,,,,,,,,,,,,,,,,,,,,,,,,,,,,,,,,,,,,,,,,,,,,,,,,,,,,,,,,,,,,,,,,,,,,,,,,,,,,,,,,,,,,,,,,,,,,,,,,,2026-07-11 11:22:46.237,0,,NoForecastRowsMaterialized
9172,63,61,10461,1,1282,GARCIA MILLAN,GAZPACHO,GAZPACHO SUAVE GM 1L,LUIS PIÃ‘A,,,,,,,,,,NOT_COMPARABLE_MISSING_VALIDATION,1,1,0,,,,,,,,,,,,,,,,,,,,,,,,,,,,,,,,,,,,,,,,,,,,,,,,,,,,,,,,,,,,,,,,,,,,,,,,,,,,,,,,,,,,,,,,,,,,,,,,,,,,,,,,,,,,,,,,,,,,,,,,,,,,,,,,,,,,,,,,,,,,,,,,,,,,,,,,,,,,,,,,,,,,,,,,,,,,,,,,,,,,,,,,,,,,,,,,,,,,,,,,,,,,,,,,2026-07-11 11:22:46.237,0,,
9173,63,61,10461,1,1283,GARCIA MILLAN,GAZPACHO,GAZPACHO SUAVE GM 1L,MOISES MUÃ‘OZ E HIJOS,,,,,,,,,,NOT_COMPARABLE_MISSING_VALIDATION,1,1,0,,,,,,,,,,,,,,,,,,,,,,,,,,,,,,,,,,,,,,,,,,,,,,,,,,,,,,,,,,,,,,,,,,,,,,,,,,,,,,,,,,,,,,,,,,,,,,,,,,,,,,,,,,,,,,,,,,,,,,,,,,,,,,,,,,,,,,,,,,,,,,,,,,,,,,,,,,,,,,,,,,,,,,,,,,,,,,,,,,,,,,,,,,,,,,,,,,,,,,,,,,,,,,,,2026-07-11 11:22:46.237,0,,
9174,63,61,10461,1,1284,GARCIA MILLAN,GAZPACHO,GAZPACHO SUAVE GM 1L,MUESTRAS,,,,,,,,,,NOT_COMPARABLE_MISSING_VALIDATION,1,1,0,,,,,,,,,,,,,,,,,,,,,,,,,,,,,,,,,,,,,,,,,,,,,,,,,,,,,,,,,,,,,,,,,,,,,,,,,,,,,,,,,,,,,,,,,,,,,,,,,,,,,,,,,,,,,,,,,,,,,,,,,,,,,,,,,,,,,,,,,,,,,,,,,,,,,,,,,,,,,,,,,,,,,,,,,,,,,,,,,,,,,,,,,,,,,,,,,,,,,,,,,,,,,,,,2026-07-11 11:22:46.237,0,,
9175,63,61,10461,1,1285,GARCIA MILLAN,GAZPACHO,GAZPACHO SUAVE GM 1L,PLASTICOSUR,,,,,,,,,,NOT_COMPARABLE_MISSING_VALIDATION,1,1,0,,,,,,,,,,,,,,,,,,,,,,,,,,,,,,,,,,,,,,,,,,,,,,,,,,,,,,,,,,,,,,,,,,,,,,,,,,,,,,,,,,,,,,,,,,,,,,,,,,,,,,,,,,,,,,,,,,,,,,,,,,,,,,,,,,,,,,,,,,,,,,,,,,,,,,,,,,,,,,,,,,,,,,,,,,,,,,,,,,,,,,,,,,,,,,,,,,,,,,,,,,,,,,,,2026-07-11 11:22:46.237,0,,
9176,63,61,10461,1,1286,GARCIA MILLAN,GAZPACHO,GAZPACHO SUAVE GM 1L,RAFAEL OLIAS,,,,,,,,,,NOT_COMPARABLE_MISSING_VALIDATION,1,1,0,,,,,,,,,,,,,,,,,,,,,,,,,,,,,,,,,,,,,,,,,,,,,,,,,,,,,,,,,,,,,,,,,,,,,,,,,,,,,,,,,,,,,,,,,,,,,,,,,,,,,,,,,,,,,,,,,,,,,,,,,,,,,,,,,,,,,,,,,,,,,,,,,,,,,,,,,,,,,,,,,,,,,,,,,,,,,,,,,,,,,,,,,,,,,,,,,,,,,,,,,,,,,,,,2026-07-11 11:22:46.237,0,,
9177,63,61,10461,1,1287,GARCIA MILLAN,GAZPACHO,GAZPACHO SUAVE GM 1L,RUIZ GALAN,,,,,,,,,,NOT_COMPARABLE_MISSING_VALIDATION,1,1,0,,,,,,,,,,,,,,,,,,,,,,,,,,,,,,,,,,,,,,,,,,,,,,,,,,,,,,,,,,,,,,,,,,,,,,,,,,,,,,,,,,,,,,,,,,,,,,,,,,,,,,,,,,,,,,,,,,,,,,,,,,,,,,,,,,,,,,,,,,,,,,,,,,,,,,,,,,,,,,,,,,,,,,,,,,,,,,,,,,,,,,,,,,,,,,,,,,,,,,,,,,,,,,,,2026-07-11 11:22:46.237,0,,NoForecastRowsMaterialized
9178,63,61,10461,1,1288,GARCIA MILLAN,GAZPACHO,GAZPACHO SUAVE GM 1L,SOLA RICCA,,,,,,,,,,NOT_COMPARABLE_MISSING_VALIDATION,1,0,0,,,,,,,,,,,,,,,,,,,,,,,,,,,,,,,,,,,,,,,,,,,,,,,,,,,,,,,,,,,,,,,,,,,,,,,,,,,,,,,,,,,,,,,,,,,,,,,,,,,,,,,,,,,,,,,,,,,,,,,,,,,,,,,,,,,,,,,,,,,,,,,,,,,,,,,,,,,,,,,,,,,,,,,,,,,,,,,,,,,,,,,,,,,,,,,,,,,,,,,,,,,,,,,,2026-07-11 11:22:46.237,0,,NoForecastRowsMaterialized
9179,63,61,10461,1,1289,GARCIA MILLAN,GAZPACHO,GAZPACHO SUAVE GM 1L,SORLI,,,,,,,,,,NOT_COMPARABLE_MISSING_VALIDATION,1,0,0,,,,,,,,,,,,,,,,,,,,,,,,,,,,,,,,,,,,,,,,,,,,,,,,,,,,,,,,,,,,,,,,,,,,,,,,,,,,,,,,,,,,,,,,,,,,,,,,,,,,,,,,,,,,,,,,,,,,,,,,,,,,,,,,,,,,,,,,,,,,,,,,,,,,,,,,,,,,,,,,,,,,,,,,,,,,,,,,,,,,,,,,,,,,,,,,,,,,,,,,,,,,,,,,2026-07-11 11:22:46.237,0,,NoForecastRowsMaterialized
9180,63,61,10461,1,1290,GARCIA MILLAN,GAZPACHO,GAZPACHO SUAVE GM 1L,UNIDE,,,,,,,,,,NOT_COMPARABLE_MISSING_VALIDATION,1,0,0,,,,,,,,,,,,,,,,,,,,,,,,,,,,,,,,,,,,,,,,,,,,,,,,,,,,,,,,,,,,,,,,,,,,,,,,,,,,,,,,,,,,,,,,,,,,,,,,,,,,,,,,,,,,,,,,,,,,,,,,,,,,,,,,,,,,,,,,,,,,,,,,,,,,,,,,,,,,,,,,,,,,,,,,,,,,,,,,,,,,,,,,,,,,,,,,,,,,,,,,,,,,,,,,2026-07-11 11:22:46.237,0,,NoForecastRowsMaterialized
9181,63,61,10461,1,1292,GARCIA MILLAN,GAZPACHO,GAZPACHO SUAVE GM 250ML,AHORRAMAS,,,,,,,,,,NOT_COMPARABLE_MISSING_VALIDATION,1,0,0,,,,,,,,,,,,,,,,,,,,,,,,,,,,,,,,,,,,,,,,,,,,,,,,,,,,,,,,,,,,,,,,,,,,,,,,,,,,,,,,,,,,,,,,,,,,,,,,,,,,,,,,,,,,,,,,,,,,,,,,,,,,,,,,,,,,,,,,,,,,,,,,,,,,,,,,,,,,,,,,,,,,,,,,,,,,,,,,,,,,,,,,,,,,,,,,,,,,,,,,,,,,,,,,2026-07-11 11:22:46.237,0,,NoForecastRowsMaterialized
9182,63,61,10461,1,1293,GARCIA MILLAN,GAZPACHO,GAZPACHO SUAVE GM 250ML,CARREFOUR,,,,,,,,,,NOT_COMPARABLE_MISSING_VALIDATION,1,0,0,,,,,,,,,,,,,,,,,,,,,,,,,,,,,,,,,,,,,,,,,,,,,,,,,,,,,,,,,,,,,,,,,,,,,,,,,,,,,,,,,,,,,,,,,,,,,,,,,,,,,,,,,,,,,,,,,,,,,,,,,,,,,,,,,,,,,,,,,,,,,,,,,,,,,,,,,,,,,,,,,,,,,,,,,,,,,,,,,,,,,,,,,,,,,,,,,,,,,,,,,,,,,,,,2026-07-11 11:22:46.237,0,,NoForecastRowsMaterialized
9183,63,61,10461,1,1294,GARCIA MILLAN,GAZPACHO,GAZPACHO SUAVE GM 250ML,GRUPO AUCHAN,,,,,,,,,,NOT_COMPARABLE_MISSING_VALIDATION,1,1,0,,,,,,,,,,,,,,,,,,,,,,,,,,,,,,,,,,,,,,,,,,,,,,,,,,,,,,,,,,,,,,,,,,,,,,,,,,,,,,,,,,,,,,,,,,,,,,,,,,,,,,,,,,,,,,,,,,,,,,,,,,,,,,,,,,,,,,,,,,,,,,,,,,,,,,,,,,,,,,,,,,,,,,,,,,,,,,,,,,,,,,,,,,,,,,,,,,,,,,,,,,,,,,,,2026-07-11 11:22:46.237,0,,NoForecastRowsMaterialized
"9184,63,61,10461,1,1296,GARCIA MILLAN,GAZPACHO,""GAZPACHO TRADICIONAL GM 1,15L"","""",,,,,,,,,,NOT_COMPARABLE_MISSING_VALIDATION,1,1,0,,,,,,,,,,,,,,,,,,,,,,,,,,,,,,,,,,,,,,,,,,,,,,,,,,,,,,,,,,,,,,,,,,,,,,,,,,,,,,,,,,,,,,,,,,,,,,,,,,,,,,,,,,,,,,,,,,,,,,,,,,,,,,,,,,,,,,,,,,,,,,,,,,,,,,,,,,,,,,,,,,,,,,,,,,,,,,,,,,,,,,,,,,,,,,,,,,,,,,,,,,,,,,,,2026-07-11 11:22:46.237,0,,NoForecastRowsMaterialized"
"9185,63,61,10461,1,1298,GARCIA MILLAN,GAZPACHO,GAZPACHO TRADICIONAL GM 1L,"""",,,,,,,,,,NOT_COMPARABLE_MISSING_VALIDATION,1,1,0,,,,,,,,,,,,,,,,,,,,,,,,,,,,,,,,,,,,,,,,,,,,,,,,,,,,,,,,,,,,,,,,,,,,,,,,,,,,,,,,,,,,,,,,,,,,,,,,,,,,,,,,,,,,,,,,,,,,,,,,,,,,,,,,,,,,,,,,,,,,,,,,,,,,,,,,,,,,,,,,,,,,,,,,,,,,,,,,,,,,,,,,,,,,,,,,,,,,,,,,,,,,,,,,2026-07-11 11:22:46.237,0,,NoForecastRowsMaterialized"
9186,63,61,10461,1,1299,GARCIA MILLAN,GAZPACHO,GAZPACHO TRADICIONAL GM 1L,DRINKS SOL,,,,,,,,,,NOT_COMPARABLE_MISSING_VALIDATION,1,1,0,,,,,,,,,,,,,,,,,,,,,,,,,,,,,,,,,,,,,,,,,,,,,,,,,,,,,,,,,,,,,,,,,,,,,,,,,,,,,,,,,,,,,,,,,,,,,,,,,,,,,,,,,,,,,,,,,,,,,,,,,,,,,,,,,,,,,,,,,,,,,,,,,,,,,,,,,,,,,,,,,,,,,,,,,,,,,,,,,,,,,,,,,,,,,,,,,,,,,,,,,,,,,,,,2026-07-11 11:22:46.237,0,,NoForecastRowsMaterialized
9187,63,61,10461,1,1300,GARCIA MILLAN,GAZPACHO,GAZPACHO TRADICIONAL GM 1L,GB FOODSERVICE,,,,,,,,,,NOT_COMPARABLE_MISSING_VALIDATION,1,1,0,,,,,,,,,,,,,,,,,,,,,,,,,,,,,,,,,,,,,,,,,,,,,,,,,,,,,,,,,,,,,,,,,,,,,,,,,,,,,,,,,,,,,,,,,,,,,,,,,,,,,,,,,,,,,,,,,,,,,,,,,,,,,,,,,,,,,,,,,,,,,,,,,,,,,,,,,,,,,,,,,,,,,,,,,,,,,,,,,,,,,,,,,,,,,,,,,,,,,,,,,,,,,,,,2026-07-11 11:22:46.237,0,,NoForecastRowsMaterialized
9188,63,61,10461,1,1301,GARCIA MILLAN,GAZPACHO,GAZPACHO TRADICIONAL GM 1L,MUESTRAS,,,,,,,,,,NOT_COMPARABLE_MISSING_VALIDATION,1,1,0,,,,,,,,,,,,,,,,,,,,,,,,,,,,,,,,,,,,,,,,,,,,,,,,,,,,,,,,,,,,,,,,,,,,,,,,,,,,,,,,,,,,,,,,,,,,,,,,,,,,,,,,,,,,,,,,,,,,,,,,,,,,,,,,,,,,,,,,,,,,,,,,,,,,,,,,,,,,,,,,,,,,,,,,,,,,,,,,,,,,,,,,,,,,,,,,,,,,,,,,,,,,,,,,2026-07-11 11:22:46.237,0,,
"9189,63,61,10461,1,1303,GARCIA MILLAN,GAZPACHO,GAZPACHO TRADICIONAL GM 330ML,"""",,,,,,,,,,NOT_COMPARABLE_MISSING_VALIDATION,1,1,0,,,,,,,,,,,,,,,,,,,,,,,,,,,,,,,,,,,,,,,,,,,,,,,,,,,,,,,,,,,,,,,,,,,,,,,,,,,,,,,,,,,,,,,,,,,,,,,,,,,,,,,,,,,,,,,,,,,,,,,,,,,,,,,,,,,,,,,,,,,,,,,,,,,,,,,,,,,,,,,,,,,,,,,,,,,,,,,,,,,,,,,,,,,,,,,,,,,,,,,,,,,,,,,,2026-07-11 11:22:46.237,0,,"
9190,63,61,10461,1,1304,GARCIA MILLAN,GAZPACHO,GAZPACHO TRADICIONAL GM 330ML,DINOSOL,,,,,,,,,,NOT_COMPARABLE_MISSING_VALIDATION,1,1,0,,,,,,,,,,,,,,,,,,,,,,,,,,,,,,,,,,,,,,,,,,,,,,,,,,,,,,,,,,,,,,,,,,,,,,,,,,,,,,,,,,,,,,,,,,,,,,,,,,,,,,,,,,,,,,,,,,,,,,,,,,,,,,,,,,,,,,,,,,,,,,,,,,,,,,,,,,,,,,,,,,,,,,,,,,,,,,,,,,,,,,,,,,,,,,,,,,,,,,,,,,,,,,,,2026-07-11 11:22:46.237,0,,
9191,63,61,10461,1,1305,GARCIA MILLAN,GAZPACHO,GAZPACHO TRADICIONAL GM 330ML,EASY VENDING,,,,,,,,,,NOT_COMPARABLE_MISSING_VALIDATION,1,1,0,,,,,,,,,,,,,,,,,,,,,,,,,,,,,,,,,,,,,,,,,,,,,,,,,,,,,,,,,,,,,,,,,,,,,,,,,,,,,,,,,,,,,,,,,,,,,,,,,,,,,,,,,,,,,,,,,,,,,,,,,,,,,,,,,,,,,,,,,,,,,,,,,,,,,,,,,,,,,,,,,,,,,,,,,,,,,,,,,,,,,,,,,,,,,,,,,,,,,,,,,,,,,,,,2026-07-11 11:22:46.237,0,,
9192,63,61,10461,1,1306,GARCIA MILLAN,GAZPACHO,GAZPACHO TRADICIONAL GM 330ML,FLAVORCRAFT,,,,,,,,,,NOT_COMPARABLE_MISSING_VALIDATION,1,1,0,,,,,,,,,,,,,,,,,,,,,,,,,,,,,,,,,,,,,,,,,,,,,,,,,,,,,,,,,,,,,,,,,,,,,,,,,,,,,,,,,,,,,,,,,,,,,,,,,,,,,,,,,,,,,,,,,,,,,,,,,,,,,,,,,,,,,,,,,,,,,,,,,,,,,,,,,,,,,,,,,,,,,,,,,,,,,,,,,,,,,,,,,,,,,,,,,,,,,,,,,,,,,,,,2026-07-11 11:22:46.237,0,,
9193,63,61,10461,1,1307,GARCIA MILLAN,GAZPACHO,GAZPACHO TRADICIONAL GM 330ML,MOEVE,,,,,,,,,,NOT_COMPARABLE_MISSING_VALIDATION,1,1,0,,,,,,,,,,,,,,,,,,,,,,,,,,,,,,,,,,,,,,,,,,,,,,,,,,,,,,,,,,,,,,,,,,,,,,,,,,,,,,,,,,,,,,,,,,,,,,,,,,,,,,,,,,,,,,,,,,,,,,,,,,,,,,,,,,,,,,,,,,,,,,,,,,,,,,,,,,,,,,,,,,,,,,,,,,,,,,,,,,,,,,,,,,,,,,,,,,,,,,,,,,,,,,,,2026-07-11 11:22:46.237,0,,
9194,63,61,10461,1,1308,GARCIA MILLAN,GAZPACHO,GAZPACHO TRADICIONAL GM 330ML,MUESTRAS,,,,,,,,,,NOT_COMPARABLE_MISSING_VALIDATION,1,1,0,,,,,,,,,,,,,,,,,,,,,,,,,,,,,,,,,,,,,,,,,,,,,,,,,,,,,,,,,,,,,,,,,,,,,,,,,,,,,,,,,,,,,,,,,,,,,,,,,,,,,,,,,,,,,,,,,,,,,,,,,,,,,,,,,,,,,,,,,,,,,,,,,,,,,,,,,,,,,,,,,,,,,,,,,,,,,,,,,,,,,,,,,,,,,,,,,,,,,,,,,,,,,,,,2026-07-11 11:22:46.237,0,,
"9195,63,61,10461,1,1310,GARCIA MILLAN,SALMOREJO,""SALMOREJO SIN PAN GM 1,15L"","""",,,,,,,,,,NOT_COMPARABLE_MISSING_VALIDATION,1,1,0,,,,,,,,,,,,,,,,,,,,,,,,,,,,,,,,,,,,,,,,,,,,,,,,,,,,,,,,,,,,,,,,,,,,,,,,,,,,,,,,,,,,,,,,,,,,,,,,,,,,,,,,,,,,,,,,,,,,,,,,,,,,,,,,,,,,,,,,,,,,,,,,,,,,,,,,,,,,,,,,,,,,,,,,,,,,,,,,,,,,,,,,,,,,,,,,,,,,,,,,,,,,,,,,2026-07-11 11:22:46.237,0,,NoForecastRowsMaterialized"
"9196,63,61,10461,1,1312,GARCIA MILLAN,SALMOREJO,SALMOREJO SIN PAN GM 1L,"""",,,,,,,,,,NOT_COMPARABLE_MISSING_VALIDATION,1,1,0,,,,,,,,,,,,,,,,,,,,,,,,,,,,,,,,,,,,,,,,,,,,,,,,,,,,,,,,,,,,,,,,,,,,,,,,,,,,,,,,,,,,,,,,,,,,,,,,,,,,,,,,,,,,,,,,,,,,,,,,,,,,,,,,,,,,,,,,,,,,,,,,,,,,,,,,,,,,,,,,,,,,,,,,,,,,,,,,,,,,,,,,,,,,,,,,,,,,,,,,,,,,,,,,2026-07-11 11:22:46.237,0,,"
9197,63,61,10461,1,1313,GARCIA MILLAN,SALMOREJO,SALMOREJO SIN PAN GM 1L,AHORRAMAS,,,,,,,,,,NOT_COMPARABLE_MISSING_VALIDATION,1,1,0,,,,,,,,,,,,,,,,,,,,,,,,,,,,,,,,,,,,,,,,,,,,,,,,,,,,,,,,,,,,,,,,,,,,,,,,,,,,,,,,,,,,,,,,,,,,,,,,,,,,,,,,,,,,,,,,,,,,,,,,,,,,,,,,,,,,,,,,,,,,,,,,,,,,,,,,,,,,,,,,,,,,,,,,,,,,,,,,,,,,,,,,,,,,,,,,,,,,,,,,,,,,,,,,2026-07-11 11:22:46.237,0,,
9198,63,61,10461,1,1314,GARCIA MILLAN,SALMOREJO,SALMOREJO SIN PAN GM 1L,ALYCER ALIMENTACION,,,,,,,,,,NOT_COMPARABLE_MISSING_VALIDATION,1,1,0,,,,,,,,,,,,,,,,,,,,,,,,,,,,,,,,,,,,,,,,,,,,,,,,,,,,,,,,,,,,,,,,,,,,,,,,,,,,,,,,,,,,,,,,,,,,,,,,,,,,,,,,,,,,,,,,,,,,,,,,,,,,,,,,,,,,,,,,,,,,,,,,,,,,,,,,,,,,,,,,,,,,,,,,,,,,,,,,,,,,,,,,,,,,,,,,,,,,,,,,,,,,,,,,2026-07-11 11:22:46.237,0,,NoForecastRowsMaterialized
9199,63,61,10461,1,1315,GARCIA MILLAN,SALMOREJO,SALMOREJO SIN PAN GM 1L,AMAZON,,,,,,,,,,NOT_COMPARABLE_MISSING_VALIDATION,1,1,0,,,,,,,,,,,,,,,,,,,,,,,,,,,,,,,,,,,,,,,,,,,,,,,,,,,,,,,,,,,,,,,,,,,,,,,,,,,,,,,,,,,,,,,,,,,,,,,,,,,,,,,,,,,,,,,,,,,,,,,,,,,,,,,,,,,,,,,,,,,,,,,,,,,,,,,,,,,,,,,,,,,,,,,,,,,,,,,,,,,,,,,,,,,,,,,,,,,,,,,,,,,,,,,,2026-07-11 11:22:46.237,0,,
9200,63,61,10461,1,1316,GARCIA MILLAN,SALMOREJO,SALMOREJO SIN PAN GM 1L,BARMA FANGZHOU,,,,,,,,,,NOT_COMPARABLE_MISSING_VALIDATION,1,0,0,,,,,,,,,,,,,,,,,,,,,,,,,,,,,,,,,,,,,,,,,,,,,,,,,,,,,,,,,,,,,,,,,,,,,,,,,,,,,,,,,,,,,,,,,,,,,,,,,,,,,,,,,,,,,,,,,,,,,,,,,,,,,,,,,,,,,,,,,,,,,,,,,,,,,,,,,,,,,,,,,,,,,,,,,,,,,,,,,,,,,,,,,,,,,,,,,,,,,,,,,,,,,,,,2026-07-11 11:22:46.237,0,,NoForecastRowsMaterialized
9201,63,61,10461,1,1317,GARCIA MILLAN,SALMOREJO,SALMOREJO SIN PAN GM 1L,BON PREU,,,,,,,,,,NOT_COMPARABLE_MISSING_VALIDATION,1,1,0,,,,,,,,,,,,,,,,,,,,,,,,,,,,,,,,,,,,,,,,,,,,,,,,,,,,,,,,,,,,,,,,,,,,,,,,,,,,,,,,,,,,,,,,,,,,,,,,,,,,,,,,,,,,,,,,,,,,,,,,,,,,,,,,,,,,,,,,,,,,,,,,,,,,,,,,,,,,,,,,,,,,,,,,,,,,,,,,,,,,,,,,,,,,,,,,,,,,,,,,,,,,,,,,2026-07-11 11:22:46.237,0,,NoForecastRowsMaterialized
9202,63,61,10461,1,1318,GARCIA MILLAN,SALMOREJO,SALMOREJO SIN PAN GM 1L,CARO RUIZ,,,,,,,,,,NOT_COMPARABLE_MISSING_VALIDATION,1,1,0,,,,,,,,,,,,,,,,,,,,,,,,,,,,,,,,,,,,,,,,,,,,,,,,,,,,,,,,,,,,,,,,,,,,,,,,,,,,,,,,,,,,,,,,,,,,,,,,,,,,,,,,,,,,,,,,,,,,,,,,,,,,,,,,,,,,,,,,,,,,,,,,,,,,,,,,,,,,,,,,,,,,,,,,,,,,,,,,,,,,,,,,,,,,,,,,,,,,,,,,,,,,,,,,2026-07-11 11:22:46.237,0,,
9203,63,61,10461,1,1319,GARCIA MILLAN,SALMOREJO,SALMOREJO SIN PAN GM 1L,CARREFOUR,,,,,,,,,,NOT_COMPARABLE_MISSING_VALIDATION,1,1,0,,,,,,,,,,,,,,,,,,,,,,,,,,,,,,,,,,,,,,,,,,,,,,,,,,,,,,,,,,,,,,,,,,,,,,,,,,,,,,,,,,,,,,,,,,,,,,,,,,,,,,,,,,,,,,,,,,,,,,,,,,,,,,,,,,,,,,,,,,,,,,,,,,,,,,,,,,,,,,,,,,,,,,,,,,,,,,,,,,,,,,,,,,,,,,,,,,,,,,,,,,,,,,,,2026-07-11 11:22:46.237,0,,
9204,63,61,10461,1,1320,GARCIA MILLAN,SALMOREJO,SALMOREJO SIN PAN GM 1L,CARRION PARADAS,,,,,,,,,,NOT_COMPARABLE_MISSING_VALIDATION,1,1,0,,,,,,,,,,,,,,,,,,,,,,,,,,,,,,,,,,,,,,,,,,,,,,,,,,,,,,,,,,,,,,,,,,,,,,,,,,,,,,,,,,,,,,,,,,,,,,,,,,,,,,,,,,,,,,,,,,,,,,,,,,,,,,,,,,,,,,,,,,,,,,,,,,,,,,,,,,,,,,,,,,,,,,,,,,,,,,,,,,,,,,,,,,,,,,,,,,,,,,,,,,,,,,,,2026-07-11 11:22:46.237,0,,
9205,63,61,10461,1,1321,GARCIA MILLAN,SALMOREJO,SALMOREJO SIN PAN GM 1L,CASH BAREA,,,,,,,,,,NOT_COMPARABLE_MISSING_VALIDATION,1,1,0,,,,,,,,,,,,,,,,,,,,,,,,,,,,,,,,,,,,,,,,,,,,,,,,,,,,,,,,,,,,,,,,,,,,,,,,,,,,,,,,,,,,,,,,,,,,,,,,,,,,,,,,,,,,,,,,,,,,,,,,,,,,,,,,,,,,,,,,,,,,,,,,,,,,,,,,,,,,,,,,,,,,,,,,,,,,,,,,,,,,,,,,,,,,,,,,,,,,,,,,,,,,,,,,2026-07-11 11:22:46.237,0,,
9206,63,61,10461,1,1322,GARCIA MILLAN,SALMOREJO,SALMOREJO SIN PAN GM 1L,CATERING DOMENICO,,,,,,,,,,NOT_COMPARABLE_MISSING_VALIDATION,1,1,0,,,,,,,,,,,,,,,,,,,,,,,,,,,,,,,,,,,,,,,,,,,,,,,,,,,,,,,,,,,,,,,,,,,,,,,,,,,,,,,,,,,,,,,,,,,,,,,,,,,,,,,,,,,,,,,,,,,,,,,,,,,,,,,,,,,,,,,,,,,,,,,,,,,,,,,,,,,,,,,,,,,,,,,,,,,,,,,,,,,,,,,,,,,,,,,,,,,,,,,,,,,,,,,,2026-07-11 11:22:46.237,0,,NoForecastRowsMaterialized
9207,63,61,10461,1,1323,GARCIA MILLAN,SALMOREJO,SALMOREJO SIN PAN GM 1L,CEIP MANUEL ALTOLAGUIRRE,,,,,,,,,,NOT_COMPARABLE_MISSING_VALIDATION,1,1,0,,,,,,,,,,,,,,,,,,,,,,,,,,,,,,,,,,,,,,,,,,,,,,,,,,,,,,,,,,,,,,,,,,,,,,,,,,,,,,,,,,,,,,,,,,,,,,,,,,,,,,,,,,,,,,,,,,,,,,,,,,,,,,,,,,,,,,,,,,,,,,,,,,,,,,,,,,,,,,,,,,,,,,,,,,,,,,,,,,,,,,,,,,,,,,,,,,,,,,,,,,,,,,,,2026-07-11 11:22:46.237,0,,
9208,63,61,10461,1,1324,GARCIA MILLAN,SALMOREJO,SALMOREJO SIN PAN GM 1L,CHAPELA LEON,,,,,,,,,,NOT_COMPARABLE_MISSING_VALIDATION,1,1,0,,,,,,,,,,,,,,,,,,,,,,,,,,,,,,,,,,,,,,,,,,,,,,,,,,,,,,,,,,,,,,,,,,,,,,,,,,,,,,,,,,,,,,,,,,,,,,,,,,,,,,,,,,,,,,,,,,,,,,,,,,,,,,,,,,,,,,,,,,,,,,,,,,,,,,,,,,,,,,,,,,,,,,,,,,,,,,,,,,,,,,,,,,,,,,,,,,,,,,,,,,,,,,,,2026-07-11 11:22:46.237,0,,
9209,63,61,10461,1,1325,GARCIA MILLAN,SALMOREJO,SALMOREJO SIN PAN GM 1L,CLIENTES FRANCIA,,,,,,,,,,NOT_COMPARABLE_MISSING_VALIDATION,1,1,0,,,,,,,,,,,,,,,,,,,,,,,,,,,,,,,,,,,,,,,,,,,,,,,,,,,,,,,,,,,,,,,,,,,,,,,,,,,,,,,,,,,,,,,,,,,,,,,,,,,,,,,,,,,,,,,,,,,,,,,,,,,,,,,,,,,,,,,,,,,,,,,,,,,,,,,,,,,,,,,,,,,,,,,,,,,,,,,,,,,,,,,,,,,,,,,,,,,,,,,,,,,,,,,,2026-07-11 11:22:46.237,0,,
9210,63,61,10461,1,1326,GARCIA MILLAN,SALMOREJO,SALMOREJO SIN PAN GM 1L,COMERBAL,,,,,,,,,,NOT_COMPARABLE_MISSING_VALIDATION,1,1,0,,,,,,,,,,,,,,,,,,,,,,,,,,,,,,,,,,,,,,,,,,,,,,,,,,,,,,,,,,,,,,,,,,,,,,,,,,,,,,,,,,,,,,,,,,,,,,,,,,,,,,,,,,,,,,,,,,,,,,,,,,,,,,,,,,,,,,,,,,,,,,,,,,,,,,,,,,,,,,,,,,,,,,,,,,,,,,,,,,,,,,,,,,,,,,,,,,,,,,,,,,,,,,,,2026-07-11 11:22:46.237,0,,
9211,63,61,10461,1,1327,GARCIA MILLAN,SALMOREJO,SALMOREJO SIN PAN GM 1L,COMERCIAL PIEDRA TRUJILLO,,,,,,,,,,NOT_COMPARABLE_MISSING_VALIDATION,1,1,0,,,,,,,,,,,,,,,,,,,,,,,,,,,,,,,,,,,,,,,,,,,,,,,,,,,,,,,,,,,,,,,,,,,,,,,,,,,,,,,,,,,,,,,,,,,,,,,,,,,,,,,,,,,,,,,,,,,,,,,,,,,,,,,,,,,,,,,,,,,,,,,,,,,,,,,,,,,,,,,,,,,,,,,,,,,,,,,,,,,,,,,,,,,,,,,,,,,,,,,,,,,,,,,,2026-07-11 11:22:46.237,0,,
9212,63,61,10461,1,1328,GARCIA MILLAN,SALMOREJO,SALMOREJO SIN PAN GM 1L,CONDIS,,,,,,,,,,NOT_COMPARABLE_MISSING_VALIDATION,1,1,0,,,,,,,,,,,,,,,,,,,,,,,,,,,,,,,,,,,,,,,,,,,,,,,,,,,,,,,,,,,,,,,,,,,,,,,,,,,,,,,,,,,,,,,,,,,,,,,,,,,,,,,,,,,,,,,,,,,,,,,,,,,,,,,,,,,,,,,,,,,,,,,,,,,,,,,,,,,,,,,,,,,,,,,,,,,,,,,,,,,,,,,,,,,,,,,,,,,,,,,,,,,,,,,,2026-07-11 11:22:46.237,0,,
9213,63,61,10461,1,1329,GARCIA MILLAN,SALMOREJO,SALMOREJO SIN PAN GM 1L,COVIRAN,,,,,,,,,,NOT_COMPARABLE_MISSING_VALIDATION,1,0,0,,,,,,,,,,,,,,,,,,,,,,,,,,,,,,,,,,,,,,,,,,,,,,,,,,,,,,,,,,,,,,,,,,,,,,,,,,,,,,,,,,,,,,,,,,,,,,,,,,,,,,,,,,,,,,,,,,,,,,,,,,,,,,,,,,,,,,,,,,,,,,,,,,,,,,,,,,,,,,,,,,,,,,,,,,,,,,,,,,,,,,,,,,,,,,,,,,,,,,,,,,,,,,,,2026-07-11 11:22:46.237,0,,NoForecastRowsMaterialized
9214,63,61,10461,1,1330,GARCIA MILLAN,SALMOREJO,SALMOREJO SIN PAN GM 1L,DEGUSTACIONES,,,,,,,,,,NOT_COMPARABLE_MISSING_VALIDATION,1,1,0,,,,,,,,,,,,,,,,,,,,,,,,,,,,,,,,,,,,,,,,,,,,,,,,,,,,,,,,,,,,,,,,,,,,,,,,,,,,,,,,,,,,,,,,,,,,,,,,,,,,,,,,,,,,,,,,,,,,,,,,,,,,,,,,,,,,,,,,,,,,,,,,,,,,,,,,,,,,,,,,,,,,,,,,,,,,,,,,,,,,,,,,,,,,,,,,,,,,,,,,,,,,,,,,2026-07-11 11:22:46.237,0,,
9215,63,61,10461,1,1331,GARCIA MILLAN,SALMOREJO,SALMOREJO SIN PAN GM 1L,DIA,,,,,,,,,,NOT_COMPARABLE_MISSING_VALIDATION,1,1,0,,,,,,,,,,,,,,,,,,,,,,,,,,,,,,,,,,,,,,,,,,,,,,,,,,,,,,,,,,,,,,,,,,,,,,,,,,,,,,,,,,,,,,,,,,,,,,,,,,,,,,,,,,,,,,,,,,,,,,,,,,,,,,,,,,,,,,,,,,,,,,,,,,,,,,,,,,,,,,,,,,,,,,,,,,,,,,,,,,,,,,,,,,,,,,,,,,,,,,,,,,,,,,,,2026-07-11 11:22:46.237,0,,
9216,63,61,10461,1,1332,GARCIA MILLAN,SALMOREJO,SALMOREJO SIN PAN GM 1L,DINOSOL,,,,,,,,,,NOT_COMPARABLE_MISSING_VALIDATION,1,1,0,,,,,,,,,,,,,,,,,,,,,,,,,,,,,,,,,,,,,,,,,,,,,,,,,,,,,,,,,,,,,,,,,,,,,,,,,,,,,,,,,,,,,,,,,,,,,,,,,,,,,,,,,,,,,,,,,,,,,,,,,,,,,,,,,,,,,,,,,,,,,,,,,,,,,,,,,,,,,,,,,,,,,,,,,,,,,,,,,,,,,,,,,,,,,,,,,,,,,,,,,,,,,,,,2026-07-11 11:22:46.237,0,,
9217,63,61,10461,1,1333,GARCIA MILLAN,SALMOREJO,SALMOREJO SIN PAN GM 1L,DISTRIBUCIONES FROIZ,,,,,,,,,,NOT_COMPARABLE_MISSING_VALIDATION,1,1,0,,,,,,,,,,,,,,,,,,,,,,,,,,,,,,,,,,,,,,,,,,,,,,,,,,,,,,,,,,,,,,,,,,,,,,,,,,,,,,,,,,,,,,,,,,,,,,,,,,,,,,,,,,,,,,,,,,,,,,,,,,,,,,,,,,,,,,,,,,,,,,,,,,,,,,,,,,,,,,,,,,,,,,,,,,,,,,,,,,,,,,,,,,,,,,,,,,,,,,,,,,,,,,,,2026-07-11 11:22:46.237,0,,
9218,63,61,10461,1,1334,GARCIA MILLAN,SALMOREJO,SALMOREJO SIN PAN GM 1L,DISTRIBUCIONES JTT,,,,,,,,,,NOT_COMPARABLE_MISSING_VALIDATION,1,1,0,,,,,,,,,,,,,,,,,,,,,,,,,,,,,,,,,,,,,,,,,,,,,,,,,,,,,,,,,,,,,,,,,,,,,,,,,,,,,,,,,,,,,,,,,,,,,,,,,,,,,,,,,,,,,,,,,,,,,,,,,,,,,,,,,,,,,,,,,,,,,,,,,,,,,,,,,,,,,,,,,,,,,,,,,,,,,,,,,,,,,,,,,,,,,,,,,,,,,,,,,,,,,,,,2026-07-11 11:22:46.237,0,,
9219,63,61,10461,1,1335,GARCIA MILLAN,SALMOREJO,SALMOREJO SIN PAN GM 1L,DONACIONES,,,,,,,,,,NOT_COMPARABLE_MISSING_VALIDATION,1,1,0,,,,,,,,,,,,,,,,,,,,,,,,,,,,,,,,,,,,,,,,,,,,,,,,,,,,,,,,,,,,,,,,,,,,,,,,,,,,,,,,,,,,,,,,,,,,,,,,,,,,,,,,,,,,,,,,,,,,,,,,,,,,,,,,,,,,,,,,,,,,,,,,,,,,,,,,,,,,,,,,,,,,,,,,,,,,,,,,,,,,,,,,,,,,,,,,,,,,,,,,,,,,,,,,2026-07-11 11:22:46.237,0,,NoForecastRowsMaterialized
9220,63,61,10461,1,1336,GARCIA MILLAN,SALMOREJO,SALMOREJO SIN PAN GM 1L,DRINKS SOL,,,,,,,,,,NOT_COMPARABLE_MISSING_VALIDATION,1,1,0,,,,,,,,,,,,,,,,,,,,,,,,,,,,,,,,,,,,,,,,,,,,,,,,,,,,,,,,,,,,,,,,,,,,,,,,,,,,,,,,,,,,,,,,,,,,,,,,,,,,,,,,,,,,,,,,,,,,,,,,,,,,,,,,,,,,,,,,,,,,,,,,,,,,,,,,,,,,,,,,,,,,,,,,,,,,,,,,,,,,,,,,,,,,,,,,,,,,,,,,,,,,,,,,2026-07-11 11:22:46.237,0,,NoForecastRowsMaterialized
9221,63,61,10461,1,1337,GARCIA MILLAN,SALMOREJO,SALMOREJO SIN PAN GM 1L,EL CORTE INGLES,,,,,,,,,,NOT_COMPARABLE_MISSING_VALIDATION,1,1,0,,,,,,,,,,,,,,,,,,,,,,,,,,,,,,,,,,,,,,,,,,,,,,,,,,,,,,,,,,,,,,,,,,,,,,,,,,,,,,,,,,,,,,,,,,,,,,,,,,,,,,,,,,,,,,,,,,,,,,,,,,,,,,,,,,,,,,,,,,,,,,,,,,,,,,,,,,,,,,,,,,,,,,,,,,,,,,,,,,,,,,,,,,,,,,,,,,,,,,,,,,,,,,,,2026-07-11 11:22:46.237,0,,
9222,63,61,10461,1,1338,GARCIA MILLAN,SALMOREJO,SALMOREJO SIN PAN GM 1L,ESTABLECIMIENTOS PLAZA,,,,,,,,,,NOT_COMPARABLE_MISSING_VALIDATION,1,1,0,,,,,,,,,,,,,,,,,,,,,,,,,,,,,,,,,,,,,,,,,,,,,,,,,,,,,,,,,,,,,,,,,,,,,,,,,,,,,,,,,,,,,,,,,,,,,,,,,,,,,,,,,,,,,,,,,,,,,,,,,,,,,,,,,,,,,,,,,,,,,,,,,,,,,,,,,,,,,,,,,,,,,,,,,,,,,,,,,,,,,,,,,,,,,,,,,,,,,,,,,,,,,,,,2026-07-11 11:22:46.237,0,,
9223,63,61,10461,1,1339,GARCIA MILLAN,SALMOREJO,SALMOREJO SIN PAN GM 1L,EXCLUSIVAS SEYGO,,,,,,,,,,NOT_COMPARABLE_MISSING_VALIDATION,1,1,0,,,,,,,,,,,,,,,,,,,,,,,,,,,,,,,,,,,,,,,,,,,,,,,,,,,,,,,,,,,,,,,,,,,,,,,,,,,,,,,,,,,,,,,,,,,,,,,,,,,,,,,,,,,,,,,,,,,,,,,,,,,,,,,,,,,,,,,,,,,,,,,,,,,,,,,,,,,,,,,,,,,,,,,,,,,,,,,,,,,,,,,,,,,,,,,,,,,,,,,,,,,,,,,,2026-07-11 11:22:46.237,0,,NoForecastRowsMaterialized
9224,63,61,10461,1,1340,GARCIA MILLAN,SALMOREJO,SALMOREJO SIN PAN GM 1L,FACSA,,,,,,,,,,NOT_COMPARABLE_MISSING_VALIDATION,1,1,0,,,,,,,,,,,,,,,,,,,,,,,,,,,,,,,,,,,,,,,,,,,,,,,,,,,,,,,,,,,,,,,,,,,,,,,,,,,,,,,,,,,,,,,,,,,,,,,,,,,,,,,,,,,,,,,,,,,,,,,,,,,,,,,,,,,,,,,,,,,,,,,,,,,,,,,,,,,,,,,,,,,,,,,,,,,,,,,,,,,,,,,,,,,,,,,,,,,,,,,,,,,,,,,,2026-07-11 11:22:46.237,0,,NoForecastRowsMaterialized
9225,63,61,10461,1,1341,GARCIA MILLAN,SALMOREJO,SALMOREJO SIN PAN GM 1L,FAMILY CASH,,,,,,,,,,NOT_COMPARABLE_MISSING_VALIDATION,1,1,0,,,,,,,,,,,,,,,,,,,,,,,,,,,,,,,,,,,,,,,,,,,,,,,,,,,,,,,,,,,,,,,,,,,,,,,,,,,,,,,,,,,,,,,,,,,,,,,,,,,,,,,,,,,,,,,,,,,,,,,,,,,,,,,,,,,,,,,,,,,,,,,,,,,,,,,,,,,,,,,,,,,,,,,,,,,,,,,,,,,,,,,,,,,,,,,,,,,,,,,,,,,,,,,,2026-07-11 11:22:46.237,0,,
9226,63,61,10461,1,1342,GARCIA MILLAN,SALMOREJO,SALMOREJO SIN PAN GM 1L,FECAC,,,,,,,,,,NOT_COMPARABLE_MISSING_VALIDATION,1,1,0,,,,,,,,,,,,,,,,,,,,,,,,,,,,,,,,,,,,,,,,,,,,,,,,,,,,,,,,,,,,,,,,,,,,,,,,,,,,,,,,,,,,,,,,,,,,,,,,,,,,,,,,,,,,,,,,,,,,,,,,,,,,,,,,,,,,,,,,,,,,,,,,,,,,,,,,,,,,,,,,,,,,,,,,,,,,,,,,,,,,,,,,,,,,,,,,,,,,,,,,,,,,,,,,2026-07-11 11:22:46.237,0,,
9227,63,61,10461,1,1343,GARCIA MILLAN,SALMOREJO,SALMOREJO SIN PAN GM 1L,FRUFOR,,,,,,,,,,NOT_COMPARABLE_MISSING_VALIDATION,1,0,0,,,,,,,,,,,,,,,,,,,,,,,,,,,,,,,,,,,,,,,,,,,,,,,,,,,,,,,,,,,,,,,,,,,,,,,,,,,,,,,,,,,,,,,,,,,,,,,,,,,,,,,,,,,,,,,,,,,,,,,,,,,,,,,,,,,,,,,,,,,,,,,,,,,,,,,,,,,,,,,,,,,,,,,,,,,,,,,,,,,,,,,,,,,,,,,,,,,,,,,,,,,,,,,,2026-07-11 11:22:46.237,0,,NoForecastRowsMaterialized
9228,63,61,10461,1,1344,GARCIA MILLAN,SALMOREJO,SALMOREJO SIN PAN GM 1L,FRUTAS MORA QUALITY,,,,,,,,,,NOT_COMPARABLE_MISSING_VALIDATION,1,0,0,,,,,,,,,,,,,,,,,,,,,,,,,,,,,,,,,,,,,,,,,,,,,,,,,,,,,,,,,,,,,,,,,,,,,,,,,,,,,,,,,,,,,,,,,,,,,,,,,,,,,,,,,,,,,,,,,,,,,,,,,,,,,,,,,,,,,,,,,,,,,,,,,,,,,,,,,,,,,,,,,,,,,,,,,,,,,,,,,,,,,,,,,,,,,,,,,,,,,,,,,,,,,,,,2026-07-11 11:22:46.237,0,,NoForecastRowsMaterialized
9229,63,61,10461,1,1345,GARCIA MILLAN,SALMOREJO,SALMOREJO SIN PAN GM 1L,GADISA,,,,,,,,,,NOT_COMPARABLE_MISSING_VALIDATION,1,1,0,,,,,,,,,,,,,,,,,,,,,,,,,,,,,,,,,,,,,,,,,,,,,,,,,,,,,,,,,,,,,,,,,,,,,,,,,,,,,,,,,,,,,,,,,,,,,,,,,,,,,,,,,,,,,,,,,,,,,,,,,,,,,,,,,,,,,,,,,,,,,,,,,,,,,,,,,,,,,,,,,,,,,,,,,,,,,,,,,,,,,,,,,,,,,,,,,,,,,,,,,,,,,,,,2026-07-11 11:22:46.237,0,,NoForecastRowsMaterialized
9230,63,61,10461,1,1346,GARCIA MILLAN,SALMOREJO,SALMOREJO SIN PAN GM 1L,GARIZUR,,,,,,,,,,NOT_COMPARABLE_MISSING_VALIDATION,1,1,0,,,,,,,,,,,,,,,,,,,,,,,,,,,,,,,,,,,,,,,,,,,,,,,,,,,,,,,,,,,,,,,,,,,,,,,,,,,,,,,,,,,,,,,,,,,,,,,,,,,,,,,,,,,,,,,,,,,,,,,,,,,,,,,,,,,,,,,,,,,,,,,,,,,,,,,,,,,,,,,,,,,,,,,,,,,,,,,,,,,,,,,,,,,,,,,,,,,,,,,,,,,,,,,,2026-07-11 11:22:46.237,0,,
9231,63,61,10461,1,1347,GARCIA MILLAN,SALMOREJO,SALMOREJO SIN PAN GM 1L,GASPAR TAPIA VILLAVERDE,,,,,,,,,,NOT_COMPARABLE_MISSING_VALIDATION,1,1,0,,,,,,,,,,,,,,,,,,,,,,,,,,,,,,,,,,,,,,,,,,,,,,,,,,,,,,,,,,,,,,,,,,,,,,,,,,,,,,,,,,,,,,,,,,,,,,,,,,,,,,,,,,,,,,,,,,,,,,,,,,,,,,,,,,,,,,,,,,,,,,,,,,,,,,,,,,,,,,,,,,,,,,,,,,,,,,,,,,,,,,,,,,,,,,,,,,,,,,,,,,,,,,,,2026-07-11 11:22:46.237,0,,
9232,63,61,10461,1,1348,GARCIA MILLAN,SALMOREJO,SALMOREJO SIN PAN GM 1L,GB FOODSERVICE,,,,,,,,,,NOT_COMPARABLE_MISSING_VALIDATION,1,1,0,,,,,,,,,,,,,,,,,,,,,,,,,,,,,,,,,,,,,,,,,,,,,,,,,,,,,,,,,,,,,,,,,,,,,,,,,,,,,,,,,,,,,,,,,,,,,,,,,,,,,,,,,,,,,,,,,,,,,,,,,,,,,,,,,,,,,,,,,,,,,,,,,,,,,,,,,,,,,,,,,,,,,,,,,,,,,,,,,,,,,,,,,,,,,,,,,,,,,,,,,,,,,,,,2026-07-11 11:22:46.237,0,,NoForecastRowsMaterialized
9233,63,61,10461,1,1349,GARCIA MILLAN,SALMOREJO,SALMOREJO SIN PAN GM 1L,GRUPO AUCHAN,,,,,,,,,,NOT_COMPARABLE_MISSING_VALIDATION,1,1,0,,,,,,,,,,,,,,,,,,,,,,,,,,,,,,,,,,,,,,,,,,,,,,,,,,,,,,,,,,,,,,,,,,,,,,,,,,,,,,,,,,,,,,,,,,,,,,,,,,,,,,,,,,,,,,,,,,,,,,,,,,,,,,,,,,,,,,,,,,,,,,,,,,,,,,,,,,,,,,,,,,,,,,,,,,,,,,,,,,,,,,,,,,,,,,,,,,,,,,,,,,,,,,,,2026-07-11 11:22:46.237,0,,
9234,63,61,10461,1,1350,GARCIA MILLAN,SALMOREJO,SALMOREJO SIN PAN GM 1L,GRUPO EL JAMON,,,,,,,,,,NOT_COMPARABLE_MISSING_VALIDATION,1,1,0,,,,,,,,,,,,,,,,,,,,,,,,,,,,,,,,,,,,,,,,,,,,,,,,,,,,,,,,,,,,,,,,,,,,,,,,,,,,,,,,,,,,,,,,,,,,,,,,,,,,,,,,,,,,,,,,,,,,,,,,,,,,,,,,,,,,,,,,,,,,,,,,,,,,,,,,,,,,,,,,,,,,,,,,,,,,,,,,,,,,,,,,,,,,,,,,,,,,,,,,,,,,,,,,2026-07-11 11:22:46.237,0,,
9235,63,61,10461,1,1351,GARCIA MILLAN,SALMOREJO,SALMOREJO SIN PAN GM 1L,GRUPO EROSKI,,,,,,,,,,NOT_COMPARABLE_MISSING_VALIDATION,1,1,0,,,,,,,,,,,,,,,,,,,,,,,,,,,,,,,,,,,,,,,,,,,,,,,,,,,,,,,,,,,,,,,,,,,,,,,,,,,,,,,,,,,,,,,,,,,,,,,,,,,,,,,,,,,,,,,,,,,,,,,,,,,,,,,,,,,,,,,,,,,,,,,,,,,,,,,,,,,,,,,,,,,,,,,,,,,,,,,,,,,,,,,,,,,,,,,,,,,,,,,,,,,,,,,,2026-07-11 11:22:46.237,0,,
9236,63,61,10461,1,1352,GARCIA MILLAN,SALMOREJO,SALMOREJO SIN PAN GM 1L,GRUPO FRUSUR,,,,,,,,,,NOT_COMPARABLE_MISSING_VALIDATION,1,0,0,,,,,,,,,,,,,,,,,,,,,,,,,,,,,,,,,,,,,,,,,,,,,,,,,,,,,,,,,,,,,,,,,,,,,,,,,,,,,,,,,,,,,,,,,,,,,,,,,,,,,,,,,,,,,,,,,,,,,,,,,,,,,,,,,,,,,,,,,,,,,,,,,,,,,,,,,,,,,,,,,,,,,,,,,,,,,,,,,,,,,,,,,,,,,,,,,,,,,,,,,,,,,,,,2026-07-11 11:22:46.237,0,,NoForecastRowsMaterialized
9237,63,61,10461,1,1353,GARCIA MILLAN,SALMOREJO,SALMOREJO SIN PAN GM 1L,GSG BUSSINES,,,,,,,,,,NOT_COMPARABLE_MISSING_VALIDATION,1,1,0,,,,,,,,,,,,,,,,,,,,,,,,,,,,,,,,,,,,,,,,,,,,,,,,,,,,,,,,,,,,,,,,,,,,,,,,,,,,,,,,,,,,,,,,,,,,,,,,,,,,,,,,,,,,,,,,,,,,,,,,,,,,,,,,,,,,,,,,,,,,,,,,,,,,,,,,,,,,,,,,,,,,,,,,,,,,,,,,,,,,,,,,,,,,,,,,,,,,,,,,,,,,,,,,2026-07-11 11:22:46.237,0,,
9238,63,61,10461,1,1354,GARCIA MILLAN,SALMOREJO,SALMOREJO SIN PAN GM 1L,HERMANOS AYALA,,,,,,,,,,NOT_COMPARABLE_MISSING_VALIDATION,1,1,0,,,,,,,,,,,,,,,,,,,,,,,,,,,,,,,,,,,,,,,,,,,,,,,,,,,,,,,,,,,,,,,,,,,,,,,,,,,,,,,,,,,,,,,,,,,,,,,,,,,,,,,,,,,,,,,,,,,,,,,,,,,,,,,,,,,,,,,,,,,,,,,,,,,,,,,,,,,,,,,,,,,,,,,,,,,,,,,,,,,,,,,,,,,,,,,,,,,,,,,,,,,,,,,,2026-07-11 11:22:46.237,0,,NoForecastRowsMaterialized
9239,63,61,10461,1,1355,GARCIA MILLAN,SALMOREJO,SALMOREJO SIN PAN GM 1L,HERMANOS MARTIN,,,,,,,,,,NOT_COMPARABLE_MISSING_VALIDATION,1,1,0,,,,,,,,,,,,,,,,,,,,,,,,,,,,,,,,,,,,,,,,,,,,,,,,,,,,,,,,,,,,,,,,,,,,,,,,,,,,,,,,,,,,,,,,,,,,,,,,,,,,,,,,,,,,,,,,,,,,,,,,,,,,,,,,,,,,,,,,,,,,,,,,,,,,,,,,,,,,,,,,,,,,,,,,,,,,,,,,,,,,,,,,,,,,,,,,,,,,,,,,,,,,,,,,2026-07-11 11:22:46.237,0,,
9240,63,61,10461,1,1356,GARCIA MILLAN,SALMOREJO,SALMOREJO SIN PAN GM 1L,HIPERBER,,,,,,,,,,NOT_COMPARABLE_MISSING_VALIDATION,1,1,0,,,,,,,,,,,,,,,,,,,,,,,,,,,,,,,,,,,,,,,,,,,,,,,,,,,,,,,,,,,,,,,,,,,,,,,,,,,,,,,,,,,,,,,,,,,,,,,,,,,,,,,,,,,,,,,,,,,,,,,,,,,,,,,,,,,,,,,,,,,,,,,,,,,,,,,,,,,,,,,,,,,,,,,,,,,,,,,,,,,,,,,,,,,,,,,,,,,,,,,,,,,,,,,,2026-07-11 11:22:46.237,0,,NoForecastRowsMaterialized
9241,63,61,10461,1,1357,GARCIA MILLAN,SALMOREJO,SALMOREJO SIN PAN GM 1L,JOAQUIN TARDIO,,,,,,,,,,NOT_COMPARABLE_MISSING_VALIDATION,1,1,0,,,,,,,,,,,,,,,,,,,,,,,,,,,,,,,,,,,,,,,,,,,,,,,,,,,,,,,,,,,,,,,,,,,,,,,,,,,,,,,,,,,,,,,,,,,,,,,,,,,,,,,,,,,,,,,,,,,,,,,,,,,,,,,,,,,,,,,,,,,,,,,,,,,,,,,,,,,,,,,,,,,,,,,,,,,,,,,,,,,,,,,,,,,,,,,,,,,,,,,,,,,,,,,,2026-07-11 11:22:46.237,0,,
9242,63,61,10461,1,1358,GARCIA MILLAN,SALMOREJO,SALMOREJO SIN PAN GM 1L,JURADO GOURMET,,,,,,,,,,NOT_COMPARABLE_MISSING_VALIDATION,1,1,0,,,,,,,,,,,,,,,,,,,,,,,,,,,,,,,,,,,,,,,,,,,,,,,,,,,,,,,,,,,,,,,,,,,,,,,,,,,,,,,,,,,,,,,,,,,,,,,,,,,,,,,,,,,,,,,,,,,,,,,,,,,,,,,,,,,,,,,,,,,,,,,,,,,,,,,,,,,,,,,,,,,,,,,,,,,,,,,,,,,,,,,,,,,,,,,,,,,,,,,,,,,,,,,,2026-07-11 11:22:46.237,0,,
9243,63,61,10461,1,1359,GARCIA MILLAN,SALMOREJO,SALMOREJO SIN PAN GM 1L,LOSAN DISTRIBUCIONES,,,,,,,,,,NOT_COMPARABLE_MISSING_VALIDATION,1,1,0,,,,,,,,,,,,,,,,,,,,,,,,,,,,,,,,,,,,,,,,,,,,,,,,,,,,,,,,,,,,,,,,,,,,,,,,,,,,,,,,,,,,,,,,,,,,,,,,,,,,,,,,,,,,,,,,,,,,,,,,,,,,,,,,,,,,,,,,,,,,,,,,,,,,,,,,,,,,,,,,,,,,,,,,,,,,,,,,,,,,,,,,,,,,,,,,,,,,,,,,,,,,,,,,2026-07-11 11:22:46.237,0,,NoForecastRowsMaterialized
9244,63,61,10461,1,1360,GARCIA MILLAN,SALMOREJO,SALMOREJO SIN PAN GM 1L,LUIS PIÃ‘A,,,,,,,,,,NOT_COMPARABLE_MISSING_VALIDATION,1,1,0,,,,,,,,,,,,,,,,,,,,,,,,,,,,,,,,,,,,,,,,,,,,,,,,,,,,,,,,,,,,,,,,,,,,,,,,,,,,,,,,,,,,,,,,,,,,,,,,,,,,,,,,,,,,,,,,,,,,,,,,,,,,,,,,,,,,,,,,,,,,,,,,,,,,,,,,,,,,,,,,,,,,,,,,,,,,,,,,,,,,,,,,,,,,,,,,,,,,,,,,,,,,,,,,2026-07-11 11:22:46.237,0,,NoForecastRowsMaterialized
9245,63,61,10461,1,1361,GARCIA MILLAN,SALMOREJO,SALMOREJO SIN PAN GM 1L,MARKETING,,,,,,,,,,NOT_COMPARABLE_MISSING_VALIDATION,1,1,0,,,,,,,,,,,,,,,,,,,,,,,,,,,,,,,,,,,,,,,,,,,,,,,,,,,,,,,,,,,,,,,,,,,,,,,,,,,,,,,,,,,,,,,,,,,,,,,,,,,,,,,,,,,,,,,,,,,,,,,,,,,,,,,,,,,,,,,,,,,,,,,,,,,,,,,,,,,,,,,,,,,,,,,,,,,,,,,,,,,,,,,,,,,,,,,,,,,,,,,,,,,,,,,,2026-07-11 11:22:46.237,0,,
9246,63,61,10461,1,1362,GARCIA MILLAN,SALMOREJO,SALMOREJO SIN PAN GM 1L,MOISES MUÃ‘OZ E HIJOS,,,,,,,,,,NOT_COMPARABLE_MISSING_VALIDATION,1,1,0,,,,,,,,,,,,,,,,,,,,,,,,,,,,,,,,,,,,,,,,,,,,,,,,,,,,,,,,,,,,,,,,,,,,,,,,,,,,,,,,,,,,,,,,,,,,,,,,,,,,,,,,,,,,,,,,,,,,,,,,,,,,,,,,,,,,,,,,,,,,,,,,,,,,,,,,,,,,,,,,,,,,,,,,,,,,,,,,,,,,,,,,,,,,,,,,,,,,,,,,,,,,,,,,2026-07-11 11:22:46.237,0,,NoForecastRowsMaterialized
9247,63,61,10461,1,1363,GARCIA MILLAN,SALMOREJO,SALMOREJO SIN PAN GM 1L,MUESTRAS,,,,,,,,,,NOT_COMPARABLE_MISSING_VALIDATION,1,1,0,,,,,,,,,,,,,,,,,,,,,,,,,,,,,,,,,,,,,,,,,,,,,,,,,,,,,,,,,,,,,,,,,,,,,,,,,,,,,,,,,,,,,,,,,,,,,,,,,,,,,,,,,,,,,,,,,,,,,,,,,,,,,,,,,,,,,,,,,,,,,,,,,,,,,,,,,,,,,,,,,,,,,,,,,,,,,,,,,,,,,,,,,,,,,,,,,,,,,,,,,,,,,,,,2026-07-11 11:22:46.237,0,,
9248,63,61,10461,1,1364,GARCIA MILLAN,SALMOREJO,SALMOREJO SIN PAN GM 1L,PARQUE ISLA MAGICA,,,,,,,,,,NOT_COMPARABLE_MISSING_VALIDATION,1,1,0,,,,,,,,,,,,,,,,,,,,,,,,,,,,,,,,,,,,,,,,,,,,,,,,,,,,,,,,,,,,,,,,,,,,,,,,,,,,,,,,,,,,,,,,,,,,,,,,,,,,,,,,,,,,,,,,,,,,,,,,,,,,,,,,,,,,,,,,,,,,,,,,,,,,,,,,,,,,,,,,,,,,,,,,,,,,,,,,,,,,,,,,,,,,,,,,,,,,,,,,,,,,,,,,2026-07-11 11:22:46.237,0,,
9249,63,61,10461,1,1365,GARCIA MILLAN,SALMOREJO,SALMOREJO SIN PAN GM 1L,PARQUE NORTE,,,,,,,,,,NOT_COMPARABLE_MISSING_VALIDATION,1,0,0,,,,,,,,,,,,,,,,,,,,,,,,,,,,,,,,,,,,,,,,,,,,,,,,,,,,,,,,,,,,,,,,,,,,,,,,,,,,,,,,,,,,,,,,,,,,,,,,,,,,,,,,,,,,,,,,,,,,,,,,,,,,,,,,,,,,,,,,,,,,,,,,,,,,,,,,,,,,,,,,,,,,,,,,,,,,,,,,,,,,,,,,,,,,,,,,,,,,,,,,,,,,,,,,2026-07-11 11:22:46.237,0,,NoForecastRowsMaterialized
9250,63,61,10461,1,1366,GARCIA MILLAN,SALMOREJO,SALMOREJO SIN PAN GM 1L,PLASTICOSUR,,,,,,,,,,NOT_COMPARABLE_MISSING_VALIDATION,1,1,0,,,,,,,,,,,,,,,,,,,,,,,,,,,,,,,,,,,,,,,,,,,,,,,,,,,,,,,,,,,,,,,,,,,,,,,,,,,,,,,,,,,,,,,,,,,,,,,,,,,,,,,,,,,,,,,,,,,,,,,,,,,,,,,,,,,,,,,,,,,,,,,,,,,,,,,,,,,,,,,,,,,,,,,,,,,,,,,,,,,,,,,,,,,,,,,,,,,,,,,,,,,,,,,,2026-07-11 11:22:46.237,0,,
9251,63,61,10461,1,1367,GARCIA MILLAN,SALMOREJO,SALMOREJO SIN PAN GM 1L,PRIMAPRIX,,,,,,,,,,NOT_COMPARABLE_MISSING_VALIDATION,1,1,0,,,,,,,,,,,,,,,,,,,,,,,,,,,,,,,,,,,,,,,,,,,,,,,,,,,,,,,,,,,,,,,,,,,,,,,,,,,,,,,,,,,,,,,,,,,,,,,,,,,,,,,,,,,,,,,,,,,,,,,,,,,,,,,,,,,,,,,,,,,,,,,,,,,,,,,,,,,,,,,,,,,,,,,,,,,,,,,,,,,,,,,,,,,,,,,,,,,,,,,,,,,,,,,,2026-07-11 11:22:46.237,0,,NoForecastRowsMaterialized
9252,63,61,10461,1,1368,GARCIA MILLAN,SALMOREJO,SALMOREJO SIN PAN GM 1L,PUNTO SADEAL UNIVERSAL,,,,,,,,,,NOT_COMPARABLE_MISSING_VALIDATION,1,1,0,,,,,,,,,,,,,,,,,,,,,,,,,,,,,,,,,,,,,,,,,,,,,,,,,,,,,,,,,,,,,,,,,,,,,,,,,,,,,,,,,,,,,,,,,,,,,,,,,,,,,,,,,,,,,,,,,,,,,,,,,,,,,,,,,,,,,,,,,,,,,,,,,,,,,,,,,,,,,,,,,,,,,,,,,,,,,,,,,,,,,,,,,,,,,,,,,,,,,,,,,,,,,,,,2026-07-11 11:22:46.237,0,,NoForecastRowsMaterialized
9253,63,61,10461,1,1369,GARCIA MILLAN,SALMOREJO,SALMOREJO SIN PAN GM 1L,RAFAEL OLIAS,,,,,,,,,,NOT_COMPARABLE_MISSING_VALIDATION,1,1,0,,,,,,,,,,,,,,,,,,,,,,,,,,,,,,,,,,,,,,,,,,,,,,,,,,,,,,,,,,,,,,,,,,,,,,,,,,,,,,,,,,,,,,,,,,,,,,,,,,,,,,,,,,,,,,,,,,,,,,,,,,,,,,,,,,,,,,,,,,,,,,,,,,,,,,,,,,,,,,,,,,,,,,,,,,,,,,,,,,,,,,,,,,,,,,,,,,,,,,,,,,,,,,,,2026-07-11 11:22:46.237,0,,
9254,63,61,10461,1,1370,GARCIA MILLAN,SALMOREJO,SALMOREJO SIN PAN GM 1L,REPRESENTACIONES MAYORAL,,,,,,,,,,NOT_COMPARABLE_MISSING_VALIDATION,1,0,0,,,,,,,,,,,,,,,,,,,,,,,,,,,,,,,,,,,,,,,,,,,,,,,,,,,,,,,,,,,,,,,,,,,,,,,,,,,,,,,,,,,,,,,,,,,,,,,,,,,,,,,,,,,,,,,,,,,,,,,,,,,,,,,,,,,,,,,,,,,,,,,,,,,,,,,,,,,,,,,,,,,,,,,,,,,,,,,,,,,,,,,,,,,,,,,,,,,,,,,,,,,,,,,,2026-07-11 11:22:46.237,0,,NoForecastRowsMaterialized
9255,63,61,10461,1,1371,GARCIA MILLAN,SALMOREJO,SALMOREJO SIN PAN GM 1L,RESTAURANTE MUCHO MAS,,,,,,,,,,NOT_COMPARABLE_MISSING_VALIDATION,1,1,0,,,,,,,,,,,,,,,,,,,,,,,,,,,,,,,,,,,,,,,,,,,,,,,,,,,,,,,,,,,,,,,,,,,,,,,,,,,,,,,,,,,,,,,,,,,,,,,,,,,,,,,,,,,,,,,,,,,,,,,,,,,,,,,,,,,,,,,,,,,,,,,,,,,,,,,,,,,,,,,,,,,,,,,,,,,,,,,,,,,,,,,,,,,,,,,,,,,,,,,,,,,,,,,,2026-07-11 11:22:46.237,0,,
9256,63,61,10461,1,1372,GARCIA MILLAN,SALMOREJO,SALMOREJO SIN PAN GM 1L,RUIZ GALAN,,,,,,,,,,NOT_COMPARABLE_MISSING_VALIDATION,1,0,0,,,,,,,,,,,,,,,,,,,,,,,,,,,,,,,,,,,,,,,,,,,,,,,,,,,,,,,,,,,,,,,,,,,,,,,,,,,,,,,,,,,,,,,,,,,,,,,,,,,,,,,,,,,,,,,,,,,,,,,,,,,,,,,,,,,,,,,,,,,,,,,,,,,,,,,,,,,,,,,,,,,,,,,,,,,,,,,,,,,,,,,,,,,,,,,,,,,,,,,,,,,,,,,,2026-07-11 11:22:46.237,0,,NoForecastRowsMaterialized
9257,63,61,10461,1,1373,GARCIA MILLAN,SALMOREJO,SALMOREJO SIN PAN GM 1L,SEMARK,,,,,,,,,,NOT_COMPARABLE_MISSING_VALIDATION,1,1,0,,,,,,,,,,,,,,,,,,,,,,,,,,,,,,,,,,,,,,,,,,,,,,,,,,,,,,,,,,,,,,,,,,,,,,,,,,,,,,,,,,,,,,,,,,,,,,,,,,,,,,,,,,,,,,,,,,,,,,,,,,,,,,,,,,,,,,,,,,,,,,,,,,,,,,,,,,,,,,,,,,,,,,,,,,,,,,,,,,,,,,,,,,,,,,,,,,,,,,,,,,,,,,,,2026-07-11 11:22:46.237,0,,NoForecastRowsMaterialized
9258,63,61,10461,1,1374,GARCIA MILLAN,SALMOREJO,SALMOREJO SIN PAN GM 1L,SOALPE,,,,,,,,,,NOT_COMPARABLE_MISSING_VALIDATION,1,1,0,,,,,,,,,,,,,,,,,,,,,,,,,,,,,,,,,,,,,,,,,,,,,,,,,,,,,,,,,,,,,,,,,,,,,,,,,,,,,,,,,,,,,,,,,,,,,,,,,,,,,,,,,,,,,,,,,,,,,,,,,,,,,,,,,,,,,,,,,,,,,,,,,,,,,,,,,,,,,,,,,,,,,,,,,,,,,,,,,,,,,,,,,,,,,,,,,,,,,,,,,,,,,,,,2026-07-11 11:22:46.237,0,,
9259,63,61,10461,1,1375,GARCIA MILLAN,SALMOREJO,SALMOREJO SIN PAN GM 1L,SUPSA,,,,,,,,,,NOT_COMPARABLE_MISSING_VALIDATION,1,1,0,,,,,,,,,,,,,,,,,,,,,,,,,,,,,,,,,,,,,,,,,,,,,,,,,,,,,,,,,,,,,,,,,,,,,,,,,,,,,,,,,,,,,,,,,,,,,,,,,,,,,,,,,,,,,,,,,,,,,,,,,,,,,,,,,,,,,,,,,,,,,,,,,,,,,,,,,,,,,,,,,,,,,,,,,,,,,,,,,,,,,,,,,,,,,,,,,,,,,,,,,,,,,,,,2026-07-11 11:22:46.237,0,,NoForecastRowsMaterialized
9260,63,61,10461,1,1376,GARCIA MILLAN,SALMOREJO,SALMOREJO SIN PAN GM 1L,TENIS BETIS,,,,,,,,,,NOT_COMPARABLE_MISSING_VALIDATION,1,1,0,,,,,,,,,,,,,,,,,,,,,,,,,,,,,,,,,,,,,,,,,,,,,,,,,,,,,,,,,,,,,,,,,,,,,,,,,,,,,,,,,,,,,,,,,,,,,,,,,,,,,,,,,,,,,,,,,,,,,,,,,,,,,,,,,,,,,,,,,,,,,,,,,,,,,,,,,,,,,,,,,,,,,,,,,,,,,,,,,,,,,,,,,,,,,,,,,,,,,,,,,,,,,,,,2026-07-11 11:22:46.237,0,,NoForecastRowsMaterialized
9261,63,61,10461,1,1377,GARCIA MILLAN,SALMOREJO,SALMOREJO SIN PAN GM 1L,UNIDE,,,,,,,,,,NOT_COMPARABLE_MISSING_VALIDATION,1,1,0,,,,,,,,,,,,,,,,,,,,,,,,,,,,,,,,,,,,,,,,,,,,,,,,,,,,,,,,,,,,,,,,,,,,,,,,,,,,,,,,,,,,,,,,,,,,,,,,,,,,,,,,,,,,,,,,,,,,,,,,,,,,,,,,,,,,,,,,,,,,,,,,,,,,,,,,,,,,,,,,,,,,,,,,,,,,,,,,,,,,,,,,,,,,,,,,,,,,,,,,,,,,,,,,2026-07-11 11:22:46.237,0,,NoForecastRowsMaterialized
"9262,63,61,10461,1,1379,GARCIA MILLAN,SALMOREJO,SALMOREJO SIN PAN GM 330ML,"""",,,,,,,,,,NOT_COMPARABLE_MISSING_VALIDATION,1,1,0,,,,,,,,,,,,,,,,,,,,,,,,,,,,,,,,,,,,,,,,,,,,,,,,,,,,,,,,,,,,,,,,,,,,,,,,,,,,,,,,,,,,,,,,,,,,,,,,,,,,,,,,,,,,,,,,,,,,,,,,,,,,,,,,,,,,,,,,,,,,,,,,,,,,,,,,,,,,,,,,,,,,,,,,,,,,,,,,,,,,,,,,,,,,,,,,,,,,,,,,,,,,,,,,2026-07-11 11:22:46.237,0,,"
9263,63,61,10461,1,1380,GARCIA MILLAN,SALMOREJO,SALMOREJO SIN PAN GM 330ML,AHORRAMAS,,,,,,,,,,NOT_COMPARABLE_MISSING_VALIDATION,1,1,0,,,,,,,,,,,,,,,,,,,,,,,,,,,,,,,,,,,,,,,,,,,,,,,,,,,,,,,,,,,,,,,,,,,,,,,,,,,,,,,,,,,,,,,,,,,,,,,,,,,,,,,,,,,,,,,,,,,,,,,,,,,,,,,,,,,,,,,,,,,,,,,,,,,,,,,,,,,,,,,,,,,,,,,,,,,,,,,,,,,,,,,,,,,,,,,,,,,,,,,,,,,,,,,,2026-07-11 11:22:46.237,0,,
9264,63,61,10461,1,1381,GARCIA MILLAN,SALMOREJO,SALMOREJO SIN PAN GM 330ML,CARREFOUR,,,,,,,,,,NOT_COMPARABLE_MISSING_VALIDATION,1,1,0,,,,,,,,,,,,,,,,,,,,,,,,,,,,,,,,,,,,,,,,,,,,,,,,,,,,,,,,,,,,,,,,,,,,,,,,,,,,,,,,,,,,,,,,,,,,,,,,,,,,,,,,,,,,,,,,,,,,,,,,,,,,,,,,,,,,,,,,,,,,,,,,,,,,,,,,,,,,,,,,,,,,,,,,,,,,,,,,,,,,,,,,,,,,,,,,,,,,,,,,,,,,,,,,2026-07-11 11:22:46.237,0,,
9265,63,61,10461,1,1382,GARCIA MILLAN,SALMOREJO,SALMOREJO SIN PAN GM 330ML,CARRION PARADAS,,,,,,,,,,NOT_COMPARABLE_MISSING_VALIDATION,1,1,0,,,,,,,,,,,,,,,,,,,,,,,,,,,,,,,,,,,,,,,,,,,,,,,,,,,,,,,,,,,,,,,,,,,,,,,,,,,,,,,,,,,,,,,,,,,,,,,,,,,,,,,,,,,,,,,,,,,,,,,,,,,,,,,,,,,,,,,,,,,,,,,,,,,,,,,,,,,,,,,,,,,,,,,,,,,,,,,,,,,,,,,,,,,,,,,,,,,,,,,,,,,,,,,,2026-07-11 11:22:46.237,0,,
9266,63,61,10461,1,1383,GARCIA MILLAN,SALMOREJO,SALMOREJO SIN PAN GM 330ML,CASA MARQUEZ,,,,,,,,,,NOT_COMPARABLE_MISSING_VALIDATION,1,1,0,,,,,,,,,,,,,,,,,,,,,,,,,,,,,,,,,,,,,,,,,,,,,,,,,,,,,,,,,,,,,,,,,,,,,,,,,,,,,,,,,,,,,,,,,,,,,,,,,,,,,,,,,,,,,,,,,,,,,,,,,,,,,,,,,,,,,,,,,,,,,,,,,,,,,,,,,,,,,,,,,,,,,,,,,,,,,,,,,,,,,,,,,,,,,,,,,,,,,,,,,,,,,,,,2026-07-11 11:22:46.237,0,,
9267,63,61,10461,1,1384,GARCIA MILLAN,SALMOREJO,SALMOREJO SIN PAN GM 330ML,CASH BAREA,,,,,,,,,,NOT_COMPARABLE_MISSING_VALIDATION,1,1,0,,,,,,,,,,,,,,,,,,,,,,,,,,,,,,,,,,,,,,,,,,,,,,,,,,,,,,,,,,,,,,,,,,,,,,,,,,,,,,,,,,,,,,,,,,,,,,,,,,,,,,,,,,,,,,,,,,,,,,,,,,,,,,,,,,,,,,,,,,,,,,,,,,,,,,,,,,,,,,,,,,,,,,,,,,,,,,,,,,,,,,,,,,,,,,,,,,,,,,,,,,,,,,,,2026-07-11 11:22:46.237,0,,
9268,63,61,10461,1,1385,GARCIA MILLAN,SALMOREJO,SALMOREJO SIN PAN GM 330ML,CLIENTES FRANCIA,,,,,,,,,,NOT_COMPARABLE_MISSING_VALIDATION,1,1,0,,,,,,,,,,,,,,,,,,,,,,,,,,,,,,,,,,,,,,,,,,,,,,,,,,,,,,,,,,,,,,,,,,,,,,,,,,,,,,,,,,,,,,,,,,,,,,,,,,,,,,,,,,,,,,,,,,,,,,,,,,,,,,,,,,,,,,,,,,,,,,,,,,,,,,,,,,,,,,,,,,,,,,,,,,,,,,,,,,,,,,,,,,,,,,,,,,,,,,,,,,,,,,,,2026-07-11 11:22:46.237,0,,
9269,63,61,10461,1,1386,GARCIA MILLAN,SALMOREJO,SALMOREJO SIN PAN GM 330ML,DEGUSTACIONES,,,,,,,,,,NOT_COMPARABLE_MISSING_VALIDATION,1,1,0,,,,,,,,,,,,,,,,,,,,,,,,,,,,,,,,,,,,,,,,,,,,,,,,,,,,,,,,,,,,,,,,,,,,,,,,,,,,,,,,,,,,,,,,,,,,,,,,,,,,,,,,,,,,,,,,,,,,,,,,,,,,,,,,,,,,,,,,,,,,,,,,,,,,,,,,,,,,,,,,,,,,,,,,,,,,,,,,,,,,,,,,,,,,,,,,,,,,,,,,,,,,,,,,2026-07-11 11:22:46.237,0,,
9270,63,61,10461,1,1387,GARCIA MILLAN,SALMOREJO,SALMOREJO SIN PAN GM 330ML,DINOSOL,,,,,,,,,,NOT_COMPARABLE_MISSING_VALIDATION,1,1,0,,,,,,,,,,,,,,,,,,,,,,,,,,,,,,,,,,,,,,,,,,,,,,,,,,,,,,,,,,,,,,,,,,,,,,,,,,,,,,,,,,,,,,,,,,,,,,,,,,,,,,,,,,,,,,,,,,,,,,,,,,,,,,,,,,,,,,,,,,,,,,,,,,,,,,,,,,,,,,,,,,,,,,,,,,,,,,,,,,,,,,,,,,,,,,,,,,,,,,,,,,,,,,,,2026-07-11 11:22:46.237,0,,
9271,63,61,10461,1,1388,GARCIA MILLAN,SALMOREJO,SALMOREJO SIN PAN GM 330ML,DISTRIBUCIONES JTT,,,,,,,,,,NOT_COMPARABLE_MISSING_VALIDATION,1,1,0,,,,,,,,,,,,,,,,,,,,,,,,,,,,,,,,,,,,,,,,,,,,,,,,,,,,,,,,,,,,,,,,,,,,,,,,,,,,,,,,,,,,,,,,,,,,,,,,,,,,,,,,,,,,,,,,,,,,,,,,,,,,,,,,,,,,,,,,,,,,,,,,,,,,,,,,,,,,,,,,,,,,,,,,,,,,,,,,,,,,,,,,,,,,,,,,,,,,,,,,,,,,,,,,2026-07-11 11:22:46.237,0,,
9272,63,61,10461,1,1389,GARCIA MILLAN,SALMOREJO,SALMOREJO SIN PAN GM 330ML,DONACIONES,,,,,,,,,,NOT_COMPARABLE_MISSING_VALIDATION,1,1,0,,,,,,,,,,,,,,,,,,,,,,,,,,,,,,,,,,,,,,,,,,,,,,,,,,,,,,,,,,,,,,,,,,,,,,,,,,,,,,,,,,,,,,,,,,,,,,,,,,,,,,,,,,,,,,,,,,,,,,,,,,,,,,,,,,,,,,,,,,,,,,,,,,,,,,,,,,,,,,,,,,,,,,,,,,,,,,,,,,,,,,,,,,,,,,,,,,,,,,,,,,,,,,,,2026-07-11 11:22:46.237,0,,
9273,63,61,10461,1,1390,GARCIA MILLAN,SALMOREJO,SALMOREJO SIN PAN GM 330ML,DRINKS SOL,,,,,,,,,,NOT_COMPARABLE_MISSING_VALIDATION,1,1,0,,,,,,,,,,,,,,,,,,,,,,,,,,,,,,,,,,,,,,,,,,,,,,,,,,,,,,,,,,,,,,,,,,,,,,,,,,,,,,,,,,,,,,,,,,,,,,,,,,,,,,,,,,,,,,,,,,,,,,,,,,,,,,,,,,,,,,,,,,,,,,,,,,,,,,,,,,,,,,,,,,,,,,,,,,,,,,,,,,,,,,,,,,,,,,,,,,,,,,,,,,,,,,,,2026-07-11 11:22:46.237,0,,NoForecastRowsMaterialized
9274,63,61,10461,1,1391,GARCIA MILLAN,SALMOREJO,SALMOREJO SIN PAN GM 330ML,FAMILY CASH,,,,,,,,,,NOT_COMPARABLE_MISSING_VALIDATION,1,1,0,,,,,,,,,,,,,,,,,,,,,,,,,,,,,,,,,,,,,,,,,,,,,,,,,,,,,,,,,,,,,,,,,,,,,,,,,,,,,,,,,,,,,,,,,,,,,,,,,,,,,,,,,,,,,,,,,,,,,,,,,,,,,,,,,,,,,,,,,,,,,,,,,,,,,,,,,,,,,,,,,,,,,,,,,,,,,,,,,,,,,,,,,,,,,,,,,,,,,,,,,,,,,,,,2026-07-11 11:22:46.237,0,,
9275,63,61,10461,1,1392,GARCIA MILLAN,SALMOREJO,SALMOREJO SIN PAN GM 330ML,FLAVORCRAFT,,,,,,,,,,NOT_COMPARABLE_MISSING_VALIDATION,1,1,0,,,,,,,,,,,,,,,,,,,,,,,,,,,,,,,,,,,,,,,,,,,,,,,,,,,,,,,,,,,,,,,,,,,,,,,,,,,,,,,,,,,,,,,,,,,,,,,,,,,,,,,,,,,,,,,,,,,,,,,,,,,,,,,,,,,,,,,,,,,,,,,,,,,,,,,,,,,,,,,,,,,,,,,,,,,,,,,,,,,,,,,,,,,,,,,,,,,,,,,,,,,,,,,,2026-07-11 11:22:46.237,0,,
9276,63,61,10461,1,1393,GARCIA MILLAN,SALMOREJO,SALMOREJO SIN PAN GM 330ML,GARIZUR,,,,,,,,,,NOT_COMPARABLE_MISSING_VALIDATION,1,1,0,,,,,,,,,,,,,,,,,,,,,,,,,,,,,,,,,,,,,,,,,,,,,,,,,,,,,,,,,,,,,,,,,,,,,,,,,,,,,,,,,,,,,,,,,,,,,,,,,,,,,,,,,,,,,,,,,,,,,,,,,,,,,,,,,,,,,,,,,,,,,,,,,,,,,,,,,,,,,,,,,,,,,,,,,,,,,,,,,,,,,,,,,,,,,,,,,,,,,,,,,,,,,,,,2026-07-11 11:22:46.237,0,,
9277,63,61,10461,1,1394,GARCIA MILLAN,SALMOREJO,SALMOREJO SIN PAN GM 330ML,GRUPO AUCHAN,,,,,,,,,,NOT_COMPARABLE_MISSING_VALIDATION,1,1,0,,,,,,,,,,,,,,,,,,,,,,,,,,,,,,,,,,,,,,,,,,,,,,,,,,,,,,,,,,,,,,,,,,,,,,,,,,,,,,,,,,,,,,,,,,,,,,,,,,,,,,,,,,,,,,,,,,,,,,,,,,,,,,,,,,,,,,,,,,,,,,,,,,,,,,,,,,,,,,,,,,,,,,,,,,,,,,,,,,,,,,,,,,,,,,,,,,,,,,,,,,,,,,,,2026-07-11 11:22:46.237,0,,
9278,63,61,10461,1,1395,GARCIA MILLAN,SALMOREJO,SALMOREJO SIN PAN GM 330ML,GRUPO EROSKI,,,,,,,,,,NOT_COMPARABLE_MISSING_VALIDATION,1,1,0,,,,,,,,,,,,,,,,,,,,,,,,,,,,,,,,,,,,,,,,,,,,,,,,,,,,,,,,,,,,,,,,,,,,,,,,,,,,,,,,,,,,,,,,,,,,,,,,,,,,,,,,,,,,,,,,,,,,,,,,,,,,,,,,,,,,,,,,,,,,,,,,,,,,,,,,,,,,,,,,,,,,,,,,,,,,,,,,,,,,,,,,,,,,,,,,,,,,,,,,,,,,,,,,2026-07-11 11:22:46.237,0,,
9279,63,61,10461,1,1396,GARCIA MILLAN,SALMOREJO,SALMOREJO SIN PAN GM 330ML,HERMANOS MARTIN,,,,,,,,,,NOT_COMPARABLE_MISSING_VALIDATION,1,1,0,,,,,,,,,,,,,,,,,,,,,,,,,,,,,,,,,,,,,,,,,,,,,,,,,,,,,,,,,,,,,,,,,,,,,,,,,,,,,,,,,,,,,,,,,,,,,,,,,,,,,,,,,,,,,,,,,,,,,,,,,,,,,,,,,,,,,,,,,,,,,,,,,,,,,,,,,,,,,,,,,,,,,,,,,,,,,,,,,,,,,,,,,,,,,,,,,,,,,,,,,,,,,,,,2026-07-11 11:22:46.237,0,,
9280,63,61,10461,1,1397,GARCIA MILLAN,SALMOREJO,SALMOREJO SIN PAN GM 330ML,HIPERBER,,,,,,,,,,NOT_COMPARABLE_MISSING_VALIDATION,1,1,0,,,,,,,,,,,,,,,,,,,,,,,,,,,,,,,,,,,,,,,,,,,,,,,,,,,,,,,,,,,,,,,,,,,,,,,,,,,,,,,,,,,,,,,,,,,,,,,,,,,,,,,,,,,,,,,,,,,,,,,,,,,,,,,,,,,,,,,,,,,,,,,,,,,,,,,,,,,,,,,,,,,,,,,,,,,,,,,,,,,,,,,,,,,,,,,,,,,,,,,,,,,,,,,,2026-07-11 11:22:46.237,0,,
9281,63,61,10461,1,1398,GARCIA MILLAN,SALMOREJO,SALMOREJO SIN PAN GM 330ML,LOSAN DISTRIBUCIONES,,,,,,,,,,NOT_COMPARABLE_MISSING_VALIDATION,1,1,0,,,,,,,,,,,,,,,,,,,,,,,,,,,,,,,,,,,,,,,,,,,,,,,,,,,,,,,,,,,,,,,,,,,,,,,,,,,,,,,,,,,,,,,,,,,,,,,,,,,,,,,,,,,,,,,,,,,,,,,,,,,,,,,,,,,,,,,,,,,,,,,,,,,,,,,,,,,,,,,,,,,,,,,,,,,,,,,,,,,,,,,,,,,,,,,,,,,,,,,,,,,,,,,,2026-07-11 11:22:46.237,0,,
9282,63,61,10461,1,1399,GARCIA MILLAN,SALMOREJO,SALMOREJO SIN PAN GM 330ML,LUIS PIÃ‘A,,,,,,,,,,NOT_COMPARABLE_MISSING_VALIDATION,1,1,0,,,,,,,,,,,,,,,,,,,,,,,,,,,,,,,,,,,,,,,,,,,,,,,,,,,,,,,,,,,,,,,,,,,,,,,,,,,,,,,,,,,,,,,,,,,,,,,,,,,,,,,,,,,,,,,,,,,,,,,,,,,,,,,,,,,,,,,,,,,,,,,,,,,,,,,,,,,,,,,,,,,,,,,,,,,,,,,,,,,,,,,,,,,,,,,,,,,,,,,,,,,,,,,,2026-07-11 11:22:46.237,0,,
9283,63,61,10461,1,1400,GARCIA MILLAN,SALMOREJO,SALMOREJO SIN PAN GM 330ML,MOEVE,,,,,,,,,,NOT_COMPARABLE_MISSING_VALIDATION,1,1,0,,,,,,,,,,,,,,,,,,,,,,,,,,,,,,,,,,,,,,,,,,,,,,,,,,,,,,,,,,,,,,,,,,,,,,,,,,,,,,,,,,,,,,,,,,,,,,,,,,,,,,,,,,,,,,,,,,,,,,,,,,,,,,,,,,,,,,,,,,,,,,,,,,,,,,,,,,,,,,,,,,,,,,,,,,,,,,,,,,,,,,,,,,,,,,,,,,,,,,,,,,,,,,,,2026-07-11 11:22:46.237,0,,
9284,63,61,10461,1,1401,GARCIA MILLAN,SALMOREJO,SALMOREJO SIN PAN GM 330ML,MOISES MUÃ‘OZ E HIJOS,,,,,,,,,,NOT_COMPARABLE_MISSING_VALIDATION,1,1,0,,,,,,,,,,,,,,,,,,,,,,,,,,,,,,,,,,,,,,,,,,,,,,,,,,,,,,,,,,,,,,,,,,,,,,,,,,,,,,,,,,,,,,,,,,,,,,,,,,,,,,,,,,,,,,,,,,,,,,,,,,,,,,,,,,,,,,,,,,,,,,,,,,,,,,,,,,,,,,,,,,,,,,,,,,,,,,,,,,,,,,,,,,,,,,,,,,,,,,,,,,,,,,,,2026-07-11 11:22:46.237,0,,
9285,63,61,10461,1,1402,GARCIA MILLAN,SALMOREJO,SALMOREJO SIN PAN GM 330ML,MUESTRAS,,,,,,,,,,NOT_COMPARABLE_MISSING_VALIDATION,1,1,0,,,,,,,,,,,,,,,,,,,,,,,,,,,,,,,,,,,,,,,,,,,,,,,,,,,,,,,,,,,,,,,,,,,,,,,,,,,,,,,,,,,,,,,,,,,,,,,,,,,,,,,,,,,,,,,,,,,,,,,,,,,,,,,,,,,,,,,,,,,,,,,,,,,,,,,,,,,,,,,,,,,,,,,,,,,,,,,,,,,,,,,,,,,,,,,,,,,,,,,,,,,,,,,,2026-07-11 11:22:46.237,0,,
9286,63,61,10461,1,1403,GARCIA MILLAN,SALMOREJO,SALMOREJO SIN PAN GM 330ML,PARQUE ISLA MAGICA,,,,,,,,,,NOT_COMPARABLE_MISSING_VALIDATION,1,1,0,,,,,,,,,,,,,,,,,,,,,,,,,,,,,,,,,,,,,,,,,,,,,,,,,,,,,,,,,,,,,,,,,,,,,,,,,,,,,,,,,,,,,,,,,,,,,,,,,,,,,,,,,,,,,,,,,,,,,,,,,,,,,,,,,,,,,,,,,,,,,,,,,,,,,,,,,,,,,,,,,,,,,,,,,,,,,,,,,,,,,,,,,,,,,,,,,,,,,,,,,,,,,,,,2026-07-11 11:22:46.237,0,,
9287,63,61,10461,1,1404,GARCIA MILLAN,SALMOREJO,SALMOREJO SIN PAN GM 330ML,PRIMAPRIX,,,,,,,,,,NOT_COMPARABLE_MISSING_VALIDATION,1,1,0,,,,,,,,,,,,,,,,,,,,,,,,,,,,,,,,,,,,,,,,,,,,,,,,,,,,,,,,,,,,,,,,,,,,,,,,,,,,,,,,,,,,,,,,,,,,,,,,,,,,,,,,,,,,,,,,,,,,,,,,,,,,,,,,,,,,,,,,,,,,,,,,,,,,,,,,,,,,,,,,,,,,,,,,,,,,,,,,,,,,,,,,,,,,,,,,,,,,,,,,,,,,,,,,2026-07-11 11:22:46.237,0,,
9288,63,61,10461,1,1649,GARCIA MILLAN, , , , ,,,,,,,,,NOT_COMPARABLE_MISSING_VALIDATION,1,0,0,,,,,,,,,,,,,,,,,,,,,,,,,,,,,,,,,,,,,,,,,,,,,,,,,,,,,,,,,,,,,,,,,,,,,,,,,,,,,,,,,,,,,,,,,,,,,,,,,,,,,,,,,,,,,,,,,,,,,,,,,,,,,,,,,,,,,,,,,,,,,,,,,,,,,,,,,,,,,,,,,,,,,,,,,,,,,,,,,,,,,,,,,,,,,,,,,,,,,,,,,,,,,,,,2026-07-11 11:22:46.237,0,,
9289,63,61,10461,1,1650,GARCIA MILLAN,GAZPACHO, , , ,,,,,,,,,NOT_COMPARABLE_MISSING_VALIDATION,1,0,0,,,,,,,,,,,,,,,,,,,,,,,,,,,,,,,,,,,,,,,,,,,,,,,,,,,,,,,,,,,,,,,,,,,,,,,,,,,,,,,,,,,,,,,,,,,,,,,,,,,,,,,,,,,,,,,,,,,,,,,,,,,,,,,,,,,,,,,,,,,,,,,,,,,,,,,,,,,,,,,,,,,,,,,,,,,,,,,,,,,,,,,,,,,,,,,,,,,,,,,,,,,,,,,,2026-07-11 11:22:46.237,0,,
9290,63,61,10461,1,1651,GARCIA MILLAN,GAZPACHO,GAZPACHO ANDALUZ GM 1L, , ,,,,,,,,,NOT_COMPARABLE_MISSING_VALIDATION,1,0,0,,,,,,,,,,,,,,,,,,,,,,,,,,,,,,,,,,,,,,,,,,,,,,,,,,,,,,,,,,,,,,,,,,,,,,,,,,,,,,,,,,,,,,,,,,,,,,,,,,,,,,,,,,,,,,,,,,,,,,,,,,,,,,,,,,,,,,,,,,,,,,,,,,,,,,,,,,,,,,,,,,,,,,,,,,,,,,,,,,,,,,,,,,,,,,,,,,,,,,,,,,,,,,,,2026-07-11 11:22:46.237,0,,
"9291,63,61,10461,1,1652,GARCIA MILLAN,GAZPACHO,GAZPACHO ANDALUZ GM 1L,"""", ,,,,,,,,,NOT_COMPARABLE_MISSING_VALIDATION,1,0,0,,,,,,,,,,,,,,,,,,,,,,,,,,,,,,,,,,,,,,,,,,,,,,,,,,,,,,,,,,,,,,,,,,,,,,,,,,,,,,,,,,,,,,,,,,,,,,,,,,,,,,,,,,,,,,,,,,,,,,,,,,,,,,,,,,,,,,,,,,,,,,,,,,,,,,,,,,,,,,,,,,,,,,,,,,,,,,,,,,,,,,,,,,,,,,,,,,,,,,,,,,,,,,,,2026-07-11 11:22:46.237,0,,"
9292,63,61,10461,1,1653,GARCIA MILLAN,GAZPACHO,GAZPACHO ANDALUZ GM 1L,AHORRAMAS, ,,,,,,,,,NOT_COMPARABLE_MISSING_VALIDATION,1,0,0,,,,,,,,,,,,,,,,,,,,,,,,,,,,,,,,,,,,,,,,,,,,,,,,,,,,,,,,,,,,,,,,,,,,,,,,,,,,,,,,,,,,,,,,,,,,,,,,,,,,,,,,,,,,,,,,,,,,,,,,,,,,,,,,,,,,,,,,,,,,,,,,,,,,,,,,,,,,,,,,,,,,,,,,,,,,,,,,,,,,,,,,,,,,,,,,,,,,,,,,,,,,,,,,2026-07-11 11:22:46.237,0,,
9293,63,61,10461,1,1654,GARCIA MILLAN,GAZPACHO,GAZPACHO ANDALUZ GM 1L,ALDI, ,,,,,,,,,NOT_COMPARABLE_MISSING_VALIDATION,1,0,0,,,,,,,,,,,,,,,,,,,,,,,,,,,,,,,,,,,,,,,,,,,,,,,,,,,,,,,,,,,,,,,,,,,,,,,,,,,,,,,,,,,,,,,,,,,,,,,,,,,,,,,,,,,,,,,,,,,,,,,,,,,,,,,,,,,,,,,,,,,,,,,,,,,,,,,,,,,,,,,,,,,,,,,,,,,,,,,,,,,,,,,,,,,,,,,,,,,,,,,,,,,,,,,,2026-07-11 11:22:46.237,0,,
9294,63,61,10461,1,1655,GARCIA MILLAN,GAZPACHO,GAZPACHO ANDALUZ GM 1L,ALIMERKA, ,,,,,,,,,NOT_COMPARABLE_MISSING_VALIDATION,1,0,0,,,,,,,,,,,,,,,,,,,,,,,,,,,,,,,,,,,,,,,,,,,,,,,,,,,,,,,,,,,,,,,,,,,,,,,,,,,,,,,,,,,,,,,,,,,,,,,,,,,,,,,,,,,,,,,,,,,,,,,,,,,,,,,,,,,,,,,,,,,,,,,,,,,,,,,,,,,,,,,,,,,,,,,,,,,,,,,,,,,,,,,,,,,,,,,,,,,,,,,,,,,,,,,,2026-07-11 11:22:46.237,0,,
9295,63,61,10461,1,1656,GARCIA MILLAN,GAZPACHO,GAZPACHO ANDALUZ GM 1L,ALIPENSA, ,,,,,,,,,NOT_COMPARABLE_MISSING_VALIDATION,1,0,0,,,,,,,,,,,,,,,,,,,,,,,,,,,,,,,,,,,,,,,,,,,,,,,,,,,,,,,,,,,,,,,,,,,,,,,,,,,,,,,,,,,,,,,,,,,,,,,,,,,,,,,,,,,,,,,,,,,,,,,,,,,,,,,,,,,,,,,,,,,,,,,,,,,,,,,,,,,,,,,,,,,,,,,,,,,,,,,,,,,,,,,,,,,,,,,,,,,,,,,,,,,,,,,,2026-07-11 11:22:46.237,0,,
9296,63,61,10461,1,1657,GARCIA MILLAN,GAZPACHO,GAZPACHO ANDALUZ GM 1L,AMAZON, ,,,,,,,,,NOT_COMPARABLE_MISSING_VALIDATION,1,0,0,,,,,,,,,,,,,,,,,,,,,,,,,,,,,,,,,,,,,,,,,,,,,,,,,,,,,,,,,,,,,,,,,,,,,,,,,,,,,,,,,,,,,,,,,,,,,,,,,,,,,,,,,,,,,,,,,,,,,,,,,,,,,,,,,,,,,,,,,,,,,,,,,,,,,,,,,,,,,,,,,,,,,,,,,,,,,,,,,,,,,,,,,,,,,,,,,,,,,,,,,,,,,,,,2026-07-11 11:22:46.237,0,,
9297,63,61,10461,1,1658,GARCIA MILLAN,GAZPACHO,GAZPACHO ANDALUZ GM 1L,BARMA FANGZHOU, ,,,,,,,,,NOT_COMPARABLE_MISSING_VALIDATION,1,0,0,,,,,,,,,,,,,,,,,,,,,,,,,,,,,,,,,,,,,,,,,,,,,,,,,,,,,,,,,,,,,,,,,,,,,,,,,,,,,,,,,,,,,,,,,,,,,,,,,,,,,,,,,,,,,,,,,,,,,,,,,,,,,,,,,,,,,,,,,,,,,,,,,,,,,,,,,,,,,,,,,,,,,,,,,,,,,,,,,,,,,,,,,,,,,,,,,,,,,,,,,,,,,,,,2026-07-11 11:22:46.237,0,,
9298,63,61,10461,1,1659,GARCIA MILLAN,GAZPACHO,GAZPACHO ANDALUZ GM 1L,BELMAR DON BENITO, ,,,,,,,,,NOT_COMPARABLE_MISSING_VALIDATION,1,0,0,,,,,,,,,,,,,,,,,,,,,,,,,,,,,,,,,,,,,,,,,,,,,,,,,,,,,,,,,,,,,,,,,,,,,,,,,,,,,,,,,,,,,,,,,,,,,,,,,,,,,,,,,,,,,,,,,,,,,,,,,,,,,,,,,,,,,,,,,,,,,,,,,,,,,,,,,,,,,,,,,,,,,,,,,,,,,,,,,,,,,,,,,,,,,,,,,,,,,,,,,,,,,,,,2026-07-11 11:22:46.237,0,,
9299,63,61,10461,1,1660,GARCIA MILLAN,GAZPACHO,GAZPACHO ANDALUZ GM 1L,BGROUP, ,,,,,,,,,NOT_COMPARABLE_MISSING_VALIDATION,1,0,0,,,,,,,,,,,,,,,,,,,,,,,,,,,,,,,,,,,,,,,,,,,,,,,,,,,,,,,,,,,,,,,,,,,,,,,,,,,,,,,,,,,,,,,,,,,,,,,,,,,,,,,,,,,,,,,,,,,,,,,,,,,,,,,,,,,,,,,,,,,,,,,,,,,,,,,,,,,,,,,,,,,,,,,,,,,,,,,,,,,,,,,,,,,,,,,,,,,,,,,,,,,,,,,,2026-07-11 11:22:46.237,0,,
9300,63,61,10461,1,1661,GARCIA MILLAN,GAZPACHO,GAZPACHO ANDALUZ GM 1L,BON PREU, ,,,,,,,,,NOT_COMPARABLE_MISSING_VALIDATION,1,0,0,,,,,,,,,,,,,,,,,,,,,,,,,,,,,,,,,,,,,,,,,,,,,,,,,,,,,,,,,,,,,,,,,,,,,,,,,,,,,,,,,,,,,,,,,,,,,,,,,,,,,,,,,,,,,,,,,,,,,,,,,,,,,,,,,,,,,,,,,,,,,,,,,,,,,,,,,,,,,,,,,,,,,,,,,,,,,,,,,,,,,,,,,,,,,,,,,,,,,,,,,,,,,,,,2026-07-11 11:22:46.237,0,,
9301,63,61,10461,1,1662,GARCIA MILLAN,GAZPACHO,GAZPACHO ANDALUZ GM 1L,CARO RUIZ, ,,,,,,,,,NOT_COMPARABLE_MISSING_VALIDATION,1,0,0,,,,,,,,,,,,,,,,,,,,,,,,,,,,,,,,,,,,,,,,,,,,,,,,,,,,,,,,,,,,,,,,,,,,,,,,,,,,,,,,,,,,,,,,,,,,,,,,,,,,,,,,,,,,,,,,,,,,,,,,,,,,,,,,,,,,,,,,,,,,,,,,,,,,,,,,,,,,,,,,,,,,,,,,,,,,,,,,,,,,,,,,,,,,,,,,,,,,,,,,,,,,,,,,2026-07-11 11:22:46.237,0,,
9302,63,61,10461,1,1663,GARCIA MILLAN,GAZPACHO,GAZPACHO ANDALUZ GM 1L,CARREFOUR, ,,,,,,,,,NOT_COMPARABLE_MISSING_VALIDATION,1,0,0,,,,,,,,,,,,,,,,,,,,,,,,,,,,,,,,,,,,,,,,,,,,,,,,,,,,,,,,,,,,,,,,,,,,,,,,,,,,,,,,,,,,,,,,,,,,,,,,,,,,,,,,,,,,,,,,,,,,,,,,,,,,,,,,,,,,,,,,,,,,,,,,,,,,,,,,,,,,,,,,,,,,,,,,,,,,,,,,,,,,,,,,,,,,,,,,,,,,,,,,,,,,,,,,2026-07-11 11:22:46.237,0,,
9303,63,61,10461,1,1664,GARCIA MILLAN,GAZPACHO,GAZPACHO ANDALUZ GM 1L,CARRION PARADAS, ,,,,,,,,,NOT_COMPARABLE_MISSING_VALIDATION,1,0,0,,,,,,,,,,,,,,,,,,,,,,,,,,,,,,,,,,,,,,,,,,,,,,,,,,,,,,,,,,,,,,,,,,,,,,,,,,,,,,,,,,,,,,,,,,,,,,,,,,,,,,,,,,,,,,,,,,,,,,,,,,,,,,,,,,,,,,,,,,,,,,,,,,,,,,,,,,,,,,,,,,,,,,,,,,,,,,,,,,,,,,,,,,,,,,,,,,,,,,,,,,,,,,,,2026-07-11 11:22:46.237,0,,
9304,63,61,10461,1,1665,GARCIA MILLAN,GAZPACHO,GAZPACHO ANDALUZ GM 1L,CASH BAREA, ,,,,,,,,,NOT_COMPARABLE_MISSING_VALIDATION,1,0,0,,,,,,,,,,,,,,,,,,,,,,,,,,,,,,,,,,,,,,,,,,,,,,,,,,,,,,,,,,,,,,,,,,,,,,,,,,,,,,,,,,,,,,,,,,,,,,,,,,,,,,,,,,,,,,,,,,,,,,,,,,,,,,,,,,,,,,,,,,,,,,,,,,,,,,,,,,,,,,,,,,,,,,,,,,,,,,,,,,,,,,,,,,,,,,,,,,,,,,,,,,,,,,,,2026-07-11 11:22:46.237,0,,
9305,63,61,10461,1,1666,GARCIA MILLAN,GAZPACHO,GAZPACHO ANDALUZ GM 1L,CATERING DOMENICO, ,,,,,,,,,NOT_COMPARABLE_MISSING_VALIDATION,1,0,0,,,,,,,,,,,,,,,,,,,,,,,,,,,,,,,,,,,,,,,,,,,,,,,,,,,,,,,,,,,,,,,,,,,,,,,,,,,,,,,,,,,,,,,,,,,,,,,,,,,,,,,,,,,,,,,,,,,,,,,,,,,,,,,,,,,,,,,,,,,,,,,,,,,,,,,,,,,,,,,,,,,,,,,,,,,,,,,,,,,,,,,,,,,,,,,,,,,,,,,,,,,,,,,,2026-07-11 11:22:46.237,0,,
9306,63,61,10461,1,1667,GARCIA MILLAN,GAZPACHO,GAZPACHO ANDALUZ GM 1L,CHAPELA LEON, ,,,,,,,,,NOT_COMPARABLE_MISSING_VALIDATION,1,0,0,,,,,,,,,,,,,,,,,,,,,,,,,,,,,,,,,,,,,,,,,,,,,,,,,,,,,,,,,,,,,,,,,,,,,,,,,,,,,,,,,,,,,,,,,,,,,,,,,,,,,,,,,,,,,,,,,,,,,,,,,,,,,,,,,,,,,,,,,,,,,,,,,,,,,,,,,,,,,,,,,,,,,,,,,,,,,,,,,,,,,,,,,,,,,,,,,,,,,,,,,,,,,,,,2026-07-11 11:22:46.237,0,,
9307,63,61,10461,1,1668,GARCIA MILLAN,GAZPACHO,GAZPACHO ANDALUZ GM 1L,COFRUMA, ,,,,,,,,,NOT_COMPARABLE_MISSING_VALIDATION,1,0,0,,,,,,,,,,,,,,,,,,,,,,,,,,,,,,,,,,,,,,,,,,,,,,,,,,,,,,,,,,,,,,,,,,,,,,,,,,,,,,,,,,,,,,,,,,,,,,,,,,,,,,,,,,,,,,,,,,,,,,,,,,,,,,,,,,,,,,,,,,,,,,,,,,,,,,,,,,,,,,,,,,,,,,,,,,,,,,,,,,,,,,,,,,,,,,,,,,,,,,,,,,,,,,,,2026-07-11 11:22:46.237,0,,
9308,63,61,10461,1,1669,GARCIA MILLAN,GAZPACHO,GAZPACHO ANDALUZ GM 1L,COMERBAL, ,,,,,,,,,NOT_COMPARABLE_MISSING_VALIDATION,1,0,0,,,,,,,,,,,,,,,,,,,,,,,,,,,,,,,,,,,,,,,,,,,,,,,,,,,,,,,,,,,,,,,,,,,,,,,,,,,,,,,,,,,,,,,,,,,,,,,,,,,,,,,,,,,,,,,,,,,,,,,,,,,,,,,,,,,,,,,,,,,,,,,,,,,,,,,,,,,,,,,,,,,,,,,,,,,,,,,,,,,,,,,,,,,,,,,,,,,,,,,,,,,,,,,,2026-07-11 11:22:46.237,0,,
9309,63,61,10461,1,1670,GARCIA MILLAN,GAZPACHO,GAZPACHO ANDALUZ GM 1L,COMERCIAL PIEDRA TRUJILLO, ,,,,,,,,,NOT_COMPARABLE_MISSING_VALIDATION,1,0,0,,,,,,,,,,,,,,,,,,,,,,,,,,,,,,,,,,,,,,,,,,,,,,,,,,,,,,,,,,,,,,,,,,,,,,,,,,,,,,,,,,,,,,,,,,,,,,,,,,,,,,,,,,,,,,,,,,,,,,,,,,,,,,,,,,,,,,,,,,,,,,,,,,,,,,,,,,,,,,,,,,,,,,,,,,,,,,,,,,,,,,,,,,,,,,,,,,,,,,,,,,,,,,,,2026-07-11 11:22:46.237,0,,
9310,63,61,10461,1,1671,GARCIA MILLAN,GAZPACHO,GAZPACHO ANDALUZ GM 1L,CONDIS, ,,,,,,,,,NOT_COMPARABLE_MISSING_VALIDATION,1,0,0,,,,,,,,,,,,,,,,,,,,,,,,,,,,,,,,,,,,,,,,,,,,,,,,,,,,,,,,,,,,,,,,,,,,,,,,,,,,,,,,,,,,,,,,,,,,,,,,,,,,,,,,,,,,,,,,,,,,,,,,,,,,,,,,,,,,,,,,,,,,,,,,,,,,,,,,,,,,,,,,,,,,,,,,,,,,,,,,,,,,,,,,,,,,,,,,,,,,,,,,,,,,,,,,2026-07-11 11:22:46.237,0,,
9311,63,61,10461,1,1672,GARCIA MILLAN,GAZPACHO,GAZPACHO ANDALUZ GM 1L,CONSUM, ,,,,,,,,,NOT_COMPARABLE_MISSING_VALIDATION,1,0,0,,,,,,,,,,,,,,,,,,,,,,,,,,,,,,,,,,,,,,,,,,,,,,,,,,,,,,,,,,,,,,,,,,,,,,,,,,,,,,,,,,,,,,,,,,,,,,,,,,,,,,,,,,,,,,,,,,,,,,,,,,,,,,,,,,,,,,,,,,,,,,,,,,,,,,,,,,,,,,,,,,,,,,,,,,,,,,,,,,,,,,,,,,,,,,,,,,,,,,,,,,,,,,,,2026-07-11 11:22:46.237,0,,
9312,63,61,10461,1,1673,GARCIA MILLAN,GAZPACHO,GAZPACHO ANDALUZ GM 1L,COVIRAN, ,,,,,,,,,NOT_COMPARABLE_MISSING_VALIDATION,1,0,0,,,,,,,,,,,,,,,,,,,,,,,,,,,,,,,,,,,,,,,,,,,,,,,,,,,,,,,,,,,,,,,,,,,,,,,,,,,,,,,,,,,,,,,,,,,,,,,,,,,,,,,,,,,,,,,,,,,,,,,,,,,,,,,,,,,,,,,,,,,,,,,,,,,,,,,,,,,,,,,,,,,,,,,,,,,,,,,,,,,,,,,,,,,,,,,,,,,,,,,,,,,,,,,,2026-07-11 11:22:46.237,0,,
9313,63,61,10461,1,1674,GARCIA MILLAN,GAZPACHO,GAZPACHO ANDALUZ GM 1L,DIA, ,,,,,,,,,NOT_COMPARABLE_MISSING_VALIDATION,1,0,0,,,,,,,,,,,,,,,,,,,,,,,,,,,,,,,,,,,,,,,,,,,,,,,,,,,,,,,,,,,,,,,,,,,,,,,,,,,,,,,,,,,,,,,,,,,,,,,,,,,,,,,,,,,,,,,,,,,,,,,,,,,,,,,,,,,,,,,,,,,,,,,,,,,,,,,,,,,,,,,,,,,,,,,,,,,,,,,,,,,,,,,,,,,,,,,,,,,,,,,,,,,,,,,,2026-07-11 11:22:46.237,0,,
9314,63,61,10461,1,1675,GARCIA MILLAN,GAZPACHO,GAZPACHO ANDALUZ GM 1L,DINOSOL, ,,,,,,,,,NOT_COMPARABLE_MISSING_VALIDATION,1,0,0,,,,,,,,,,,,,,,,,,,,,,,,,,,,,,,,,,,,,,,,,,,,,,,,,,,,,,,,,,,,,,,,,,,,,,,,,,,,,,,,,,,,,,,,,,,,,,,,,,,,,,,,,,,,,,,,,,,,,,,,,,,,,,,,,,,,,,,,,,,,,,,,,,,,,,,,,,,,,,,,,,,,,,,,,,,,,,,,,,,,,,,,,,,,,,,,,,,,,,,,,,,,,,,,2026-07-11 11:22:46.237,0,,
9315,63,61,10461,1,1676,GARCIA MILLAN,GAZPACHO,GAZPACHO ANDALUZ GM 1L,DISTRIBUCIONES CARDOSO, ,,,,,,,,,NOT_COMPARABLE_MISSING_VALIDATION,1,0,0,,,,,,,,,,,,,,,,,,,,,,,,,,,,,,,,,,,,,,,,,,,,,,,,,,,,,,,,,,,,,,,,,,,,,,,,,,,,,,,,,,,,,,,,,,,,,,,,,,,,,,,,,,,,,,,,,,,,,,,,,,,,,,,,,,,,,,,,,,,,,,,,,,,,,,,,,,,,,,,,,,,,,,,,,,,,,,,,,,,,,,,,,,,,,,,,,,,,,,,,,,,,,,,,2026-07-11 11:22:46.237,0,,
9316,63,61,10461,1,1677,GARCIA MILLAN,GAZPACHO,GAZPACHO ANDALUZ GM 1L,DISTRIBUCIONES FROIZ, ,,,,,,,,,NOT_COMPARABLE_MISSING_VALIDATION,1,0,0,,,,,,,,,,,,,,,,,,,,,,,,,,,,,,,,,,,,,,,,,,,,,,,,,,,,,,,,,,,,,,,,,,,,,,,,,,,,,,,,,,,,,,,,,,,,,,,,,,,,,,,,,,,,,,,,,,,,,,,,,,,,,,,,,,,,,,,,,,,,,,,,,,,,,,,,,,,,,,,,,,,,,,,,,,,,,,,,,,,,,,,,,,,,,,,,,,,,,,,,,,,,,,,,2026-07-11 11:22:46.237,0,,
9317,63,61,10461,1,1678,GARCIA MILLAN,GAZPACHO,GAZPACHO ANDALUZ GM 1L,DISTRIBUCIONES JTT, ,,,,,,,,,NOT_COMPARABLE_MISSING_VALIDATION,1,0,0,,,,,,,,,,,,,,,,,,,,,,,,,,,,,,,,,,,,,,,,,,,,,,,,,,,,,,,,,,,,,,,,,,,,,,,,,,,,,,,,,,,,,,,,,,,,,,,,,,,,,,,,,,,,,,,,,,,,,,,,,,,,,,,,,,,,,,,,,,,,,,,,,,,,,,,,,,,,,,,,,,,,,,,,,,,,,,,,,,,,,,,,,,,,,,,,,,,,,,,,,,,,,,,,2026-07-11 11:22:46.237,0,,
9318,63,61,10461,1,1679,GARCIA MILLAN,GAZPACHO,GAZPACHO ANDALUZ GM 1L,DISTRIBUCIONES LOTESA, ,,,,,,,,,NOT_COMPARABLE_MISSING_VALIDATION,1,0,0,,,,,,,,,,,,,,,,,,,,,,,,,,,,,,,,,,,,,,,,,,,,,,,,,,,,,,,,,,,,,,,,,,,,,,,,,,,,,,,,,,,,,,,,,,,,,,,,,,,,,,,,,,,,,,,,,,,,,,,,,,,,,,,,,,,,,,,,,,,,,,,,,,,,,,,,,,,,,,,,,,,,,,,,,,,,,,,,,,,,,,,,,,,,,,,,,,,,,,,,,,,,,,,,2026-07-11 11:22:46.237,0,,
9319,63,61,10461,1,1680,GARCIA MILLAN,GAZPACHO,GAZPACHO ANDALUZ GM 1L,DONACIONES, ,,,,,,,,,NOT_COMPARABLE_MISSING_VALIDATION,1,0,0,,,,,,,,,,,,,,,,,,,,,,,,,,,,,,,,,,,,,,,,,,,,,,,,,,,,,,,,,,,,,,,,,,,,,,,,,,,,,,,,,,,,,,,,,,,,,,,,,,,,,,,,,,,,,,,,,,,,,,,,,,,,,,,,,,,,,,,,,,,,,,,,,,,,,,,,,,,,,,,,,,,,,,,,,,,,,,,,,,,,,,,,,,,,,,,,,,,,,,,,,,,,,,,,2026-07-11 11:22:46.237,0,,
9320,63,61,10461,1,1681,GARCIA MILLAN,GAZPACHO,GAZPACHO ANDALUZ GM 1L,DRINKS SOL, ,,,,,,,,,NOT_COMPARABLE_MISSING_VALIDATION,1,0,0,,,,,,,,,,,,,,,,,,,,,,,,,,,,,,,,,,,,,,,,,,,,,,,,,,,,,,,,,,,,,,,,,,,,,,,,,,,,,,,,,,,,,,,,,,,,,,,,,,,,,,,,,,,,,,,,,,,,,,,,,,,,,,,,,,,,,,,,,,,,,,,,,,,,,,,,,,,,,,,,,,,,,,,,,,,,,,,,,,,,,,,,,,,,,,,,,,,,,,,,,,,,,,,,2026-07-11 11:22:46.237,0,,
9321,63,61,10461,1,1682,GARCIA MILLAN,GAZPACHO,GAZPACHO ANDALUZ GM 1L,ECOMORA, ,,,,,,,,,NOT_COMPARABLE_MISSING_VALIDATION,1,0,0,,,,,,,,,,,,,,,,,,,,,,,,,,,,,,,,,,,,,,,,,,,,,,,,,,,,,,,,,,,,,,,,,,,,,,,,,,,,,,,,,,,,,,,,,,,,,,,,,,,,,,,,,,,,,,,,,,,,,,,,,,,,,,,,,,,,,,,,,,,,,,,,,,,,,,,,,,,,,,,,,,,,,,,,,,,,,,,,,,,,,,,,,,,,,,,,,,,,,,,,,,,,,,,,2026-07-11 11:22:46.237,0,,
9322,63,61,10461,1,1683,GARCIA MILLAN,GAZPACHO,GAZPACHO ANDALUZ GM 1L,EL CASERIO DE AGUADULCE, ,,,,,,,,,NOT_COMPARABLE_MISSING_VALIDATION,1,0,0,,,,,,,,,,,,,,,,,,,,,,,,,,,,,,,,,,,,,,,,,,,,,,,,,,,,,,,,,,,,,,,,,,,,,,,,,,,,,,,,,,,,,,,,,,,,,,,,,,,,,,,,,,,,,,,,,,,,,,,,,,,,,,,,,,,,,,,,,,,,,,,,,,,,,,,,,,,,,,,,,,,,,,,,,,,,,,,,,,,,,,,,,,,,,,,,,,,,,,,,,,,,,,,,2026-07-11 11:22:46.237,0,,
9323,63,61,10461,1,1684,GARCIA MILLAN,GAZPACHO,GAZPACHO ANDALUZ GM 1L,EL CORTE INGLES, ,,,,,,,,,NOT_COMPARABLE_MISSING_VALIDATION,1,0,0,,,,,,,,,,,,,,,,,,,,,,,,,,,,,,,,,,,,,,,,,,,,,,,,,,,,,,,,,,,,,,,,,,,,,,,,,,,,,,,,,,,,,,,,,,,,,,,,,,,,,,,,,,,,,,,,,,,,,,,,,,,,,,,,,,,,,,,,,,,,,,,,,,,,,,,,,,,,,,,,,,,,,,,,,,,,,,,,,,,,,,,,,,,,,,,,,,,,,,,,,,,,,,,,2026-07-11 11:22:46.237,0,,
9324,63,61,10461,1,1685,GARCIA MILLAN,GAZPACHO,GAZPACHO ANDALUZ GM 1L,ESTABLECIMIENTOS PLAZA, ,,,,,,,,,NOT_COMPARABLE_MISSING_VALIDATION,1,0,0,,,,,,,,,,,,,,,,,,,,,,,,,,,,,,,,,,,,,,,,,,,,,,,,,,,,,,,,,,,,,,,,,,,,,,,,,,,,,,,,,,,,,,,,,,,,,,,,,,,,,,,,,,,,,,,,,,,,,,,,,,,,,,,,,,,,,,,,,,,,,,,,,,,,,,,,,,,,,,,,,,,,,,,,,,,,,,,,,,,,,,,,,,,,,,,,,,,,,,,,,,,,,,,,2026-07-11 11:22:46.237,0,,
9325,63,61,10461,1,1686,GARCIA MILLAN,GAZPACHO,GAZPACHO ANDALUZ GM 1L,EXCLUSIVAS SEYGO, ,,,,,,,,,NOT_COMPARABLE_MISSING_VALIDATION,1,0,0,,,,,,,,,,,,,,,,,,,,,,,,,,,,,,,,,,,,,,,,,,,,,,,,,,,,,,,,,,,,,,,,,,,,,,,,,,,,,,,,,,,,,,,,,,,,,,,,,,,,,,,,,,,,,,,,,,,,,,,,,,,,,,,,,,,,,,,,,,,,,,,,,,,,,,,,,,,,,,,,,,,,,,,,,,,,,,,,,,,,,,,,,,,,,,,,,,,,,,,,,,,,,,,,2026-07-11 11:22:46.237,0,,
9326,63,61,10461,1,1687,GARCIA MILLAN,GAZPACHO,GAZPACHO ANDALUZ GM 1L,FACSA, ,,,,,,,,,NOT_COMPARABLE_MISSING_VALIDATION,1,0,0,,,,,,,,,,,,,,,,,,,,,,,,,,,,,,,,,,,,,,,,,,,,,,,,,,,,,,,,,,,,,,,,,,,,,,,,,,,,,,,,,,,,,,,,,,,,,,,,,,,,,,,,,,,,,,,,,,,,,,,,,,,,,,,,,,,,,,,,,,,,,,,,,,,,,,,,,,,,,,,,,,,,,,,,,,,,,,,,,,,,,,,,,,,,,,,,,,,,,,,,,,,,,,,,2026-07-11 11:22:46.237,0,,
9327,63,61,10461,1,1688,GARCIA MILLAN,GAZPACHO,GAZPACHO ANDALUZ GM 1L,FAMILY CASH, ,,,,,,,,,NOT_COMPARABLE_MISSING_VALIDATION,1,0,0,,,,,,,,,,,,,,,,,,,,,,,,,,,,,,,,,,,,,,,,,,,,,,,,,,,,,,,,,,,,,,,,,,,,,,,,,,,,,,,,,,,,,,,,,,,,,,,,,,,,,,,,,,,,,,,,,,,,,,,,,,,,,,,,,,,,,,,,,,,,,,,,,,,,,,,,,,,,,,,,,,,,,,,,,,,,,,,,,,,,,,,,,,,,,,,,,,,,,,,,,,,,,,,,2026-07-11 11:22:46.237,0,,
9328,63,61,10461,1,1689,GARCIA MILLAN,GAZPACHO,GAZPACHO ANDALUZ GM 1L,FECAC, ,,,,,,,,,NOT_COMPARABLE_MISSING_VALIDATION,1,0,0,,,,,,,,,,,,,,,,,,,,,,,,,,,,,,,,,,,,,,,,,,,,,,,,,,,,,,,,,,,,,,,,,,,,,,,,,,,,,,,,,,,,,,,,,,,,,,,,,,,,,,,,,,,,,,,,,,,,,,,,,,,,,,,,,,,,,,,,,,,,,,,,,,,,,,,,,,,,,,,,,,,,,,,,,,,,,,,,,,,,,,,,,,,,,,,,,,,,,,,,,,,,,,,,2026-07-11 11:22:46.237,0,,
9329,63,61,10461,1,1690,GARCIA MILLAN,GAZPACHO,GAZPACHO ANDALUZ GM 1L,FORNES, ,,,,,,,,,NOT_COMPARABLE_MISSING_VALIDATION,1,0,0,,,,,,,,,,,,,,,,,,,,,,,,,,,,,,,,,,,,,,,,,,,,,,,,,,,,,,,,,,,,,,,,,,,,,,,,,,,,,,,,,,,,,,,,,,,,,,,,,,,,,,,,,,,,,,,,,,,,,,,,,,,,,,,,,,,,,,,,,,,,,,,,,,,,,,,,,,,,,,,,,,,,,,,,,,,,,,,,,,,,,,,,,,,,,,,,,,,,,,,,,,,,,,,,2026-07-11 11:22:46.237,0,,
9330,63,61,10461,1,1691,GARCIA MILLAN,GAZPACHO,GAZPACHO ANDALUZ GM 1L,FRANCO-MOR, ,,,,,,,,,NOT_COMPARABLE_MISSING_VALIDATION,1,0,0,,,,,,,,,,,,,,,,,,,,,,,,,,,,,,,,,,,,,,,,,,,,,,,,,,,,,,,,,,,,,,,,,,,,,,,,,,,,,,,,,,,,,,,,,,,,,,,,,,,,,,,,,,,,,,,,,,,,,,,,,,,,,,,,,,,,,,,,,,,,,,,,,,,,,,,,,,,,,,,,,,,,,,,,,,,,,,,,,,,,,,,,,,,,,,,,,,,,,,,,,,,,,,,,2026-07-11 11:22:46.237,0,,
9331,63,61,10461,1,1692,GARCIA MILLAN,GAZPACHO,GAZPACHO ANDALUZ GM 1L,FRUFOR, ,,,,,,,,,NOT_COMPARABLE_MISSING_VALIDATION,1,0,0,,,,,,,,,,,,,,,,,,,,,,,,,,,,,,,,,,,,,,,,,,,,,,,,,,,,,,,,,,,,,,,,,,,,,,,,,,,,,,,,,,,,,,,,,,,,,,,,,,,,,,,,,,,,,,,,,,,,,,,,,,,,,,,,,,,,,,,,,,,,,,,,,,,,,,,,,,,,,,,,,,,,,,,,,,,,,,,,,,,,,,,,,,,,,,,,,,,,,,,,,,,,,,,,2026-07-11 11:22:46.237,0,,
9332,63,61,10461,1,1693,GARCIA MILLAN,GAZPACHO,GAZPACHO ANDALUZ GM 1L,FRUTAS MORA ESPARTINAS, ,,,,,,,,,NOT_COMPARABLE_MISSING_VALIDATION,1,0,0,,,,,,,,,,,,,,,,,,,,,,,,,,,,,,,,,,,,,,,,,,,,,,,,,,,,,,,,,,,,,,,,,,,,,,,,,,,,,,,,,,,,,,,,,,,,,,,,,,,,,,,,,,,,,,,,,,,,,,,,,,,,,,,,,,,,,,,,,,,,,,,,,,,,,,,,,,,,,,,,,,,,,,,,,,,,,,,,,,,,,,,,,,,,,,,,,,,,,,,,,,,,,,,,2026-07-11 11:22:46.237,0,,
9333,63,61,10461,1,1694,GARCIA MILLAN,GAZPACHO,GAZPACHO ANDALUZ GM 1L,FRUTAS MORA QUALITY, ,,,,,,,,,NOT_COMPARABLE_MISSING_VALIDATION,1,0,0,,,,,,,,,,,,,,,,,,,,,,,,,,,,,,,,,,,,,,,,,,,,,,,,,,,,,,,,,,,,,,,,,,,,,,,,,,,,,,,,,,,,,,,,,,,,,,,,,,,,,,,,,,,,,,,,,,,,,,,,,,,,,,,,,,,,,,,,,,,,,,,,,,,,,,,,,,,,,,,,,,,,,,,,,,,,,,,,,,,,,,,,,,,,,,,,,,,,,,,,,,,,,,,,2026-07-11 11:22:46.237,0,,
9334,63,61,10461,1,1695,GARCIA MILLAN,GAZPACHO,GAZPACHO ANDALUZ GM 1L,FRUTERIA LOS MANANTIALES, ,,,,,,,,,NOT_COMPARABLE_MISSING_VALIDATION,1,0,0,,,,,,,,,,,,,,,,,,,,,,,,,,,,,,,,,,,,,,,,,,,,,,,,,,,,,,,,,,,,,,,,,,,,,,,,,,,,,,,,,,,,,,,,,,,,,,,,,,,,,,,,,,,,,,,,,,,,,,,,,,,,,,,,,,,,,,,,,,,,,,,,,,,,,,,,,,,,,,,,,,,,,,,,,,,,,,,,,,,,,,,,,,,,,,,,,,,,,,,,,,,,,,,,2026-07-11 11:22:46.237,0,,
9335,63,61,10461,1,1696,GARCIA MILLAN,GAZPACHO,GAZPACHO ANDALUZ GM 1L,GARIZUR, ,,,,,,,,,NOT_COMPARABLE_MISSING_VALIDATION,1,0,0,,,,,,,,,,,,,,,,,,,,,,,,,,,,,,,,,,,,,,,,,,,,,,,,,,,,,,,,,,,,,,,,,,,,,,,,,,,,,,,,,,,,,,,,,,,,,,,,,,,,,,,,,,,,,,,,,,,,,,,,,,,,,,,,,,,,,,,,,,,,,,,,,,,,,,,,,,,,,,,,,,,,,,,,,,,,,,,,,,,,,,,,,,,,,,,,,,,,,,,,,,,,,,,,2026-07-11 11:22:46.237,0,,
9336,63,61,10461,1,1697,GARCIA MILLAN,GAZPACHO,GAZPACHO ANDALUZ GM 1L,GRUPO AUCHAN, ,,,,,,,,,NOT_COMPARABLE_MISSING_VALIDATION,1,0,0,,,,,,,,,,,,,,,,,,,,,,,,,,,,,,,,,,,,,,,,,,,,,,,,,,,,,,,,,,,,,,,,,,,,,,,,,,,,,,,,,,,,,,,,,,,,,,,,,,,,,,,,,,,,,,,,,,,,,,,,,,,,,,,,,,,,,,,,,,,,,,,,,,,,,,,,,,,,,,,,,,,,,,,,,,,,,,,,,,,,,,,,,,,,,,,,,,,,,,,,,,,,,,,,2026-07-11 11:22:46.237,0,,
9337,63,61,10461,1,1698,GARCIA MILLAN,GAZPACHO,GAZPACHO ANDALUZ GM 1L,GRUPO EL JAMON, ,,,,,,,,,NOT_COMPARABLE_MISSING_VALIDATION,1,0,0,,,,,,,,,,,,,,,,,,,,,,,,,,,,,,,,,,,,,,,,,,,,,,,,,,,,,,,,,,,,,,,,,,,,,,,,,,,,,,,,,,,,,,,,,,,,,,,,,,,,,,,,,,,,,,,,,,,,,,,,,,,,,,,,,,,,,,,,,,,,,,,,,,,,,,,,,,,,,,,,,,,,,,,,,,,,,,,,,,,,,,,,,,,,,,,,,,,,,,,,,,,,,,,,2026-07-11 11:22:46.237,0,,
9338,63,61,10461,1,1699,GARCIA MILLAN,GAZPACHO,GAZPACHO ANDALUZ GM 1L,GRUPO EROSKI, ,,,,,,,,,NOT_COMPARABLE_MISSING_VALIDATION,1,0,0,,,,,,,,,,,,,,,,,,,,,,,,,,,,,,,,,,,,,,,,,,,,,,,,,,,,,,,,,,,,,,,,,,,,,,,,,,,,,,,,,,,,,,,,,,,,,,,,,,,,,,,,,,,,,,,,,,,,,,,,,,,,,,,,,,,,,,,,,,,,,,,,,,,,,,,,,,,,,,,,,,,,,,,,,,,,,,,,,,,,,,,,,,,,,,,,,,,,,,,,,,,,,,,,2026-07-11 11:22:46.237,0,,
9339,63,61,10461,1,1700,GARCIA MILLAN,GAZPACHO,GAZPACHO ANDALUZ GM 1L,GRUPO FRUSUR, ,,,,,,,,,NOT_COMPARABLE_MISSING_VALIDATION,1,0,0,,,,,,,,,,,,,,,,,,,,,,,,,,,,,,,,,,,,,,,,,,,,,,,,,,,,,,,,,,,,,,,,,,,,,,,,,,,,,,,,,,,,,,,,,,,,,,,,,,,,,,,,,,,,,,,,,,,,,,,,,,,,,,,,,,,,,,,,,,,,,,,,,,,,,,,,,,,,,,,,,,,,,,,,,,,,,,,,,,,,,,,,,,,,,,,,,,,,,,,,,,,,,,,,2026-07-11 11:22:46.237,0,,
9340,63,61,10461,1,1701,GARCIA MILLAN,GAZPACHO,GAZPACHO ANDALUZ GM 1L,GSG BUSSINES, ,,,,,,,,,NOT_COMPARABLE_MISSING_VALIDATION,1,0,0,,,,,,,,,,,,,,,,,,,,,,,,,,,,,,,,,,,,,,,,,,,,,,,,,,,,,,,,,,,,,,,,,,,,,,,,,,,,,,,,,,,,,,,,,,,,,,,,,,,,,,,,,,,,,,,,,,,,,,,,,,,,,,,,,,,,,,,,,,,,,,,,,,,,,,,,,,,,,,,,,,,,,,,,,,,,,,,,,,,,,,,,,,,,,,,,,,,,,,,,,,,,,,,,2026-07-11 11:22:46.237,0,,
9341,63,61,10461,1,1702,GARCIA MILLAN,GAZPACHO,GAZPACHO ANDALUZ GM 1L,HERMANOS AYALA, ,,,,,,,,,NOT_COMPARABLE_MISSING_VALIDATION,1,0,0,,,,,,,,,,,,,,,,,,,,,,,,,,,,,,,,,,,,,,,,,,,,,,,,,,,,,,,,,,,,,,,,,,,,,,,,,,,,,,,,,,,,,,,,,,,,,,,,,,,,,,,,,,,,,,,,,,,,,,,,,,,,,,,,,,,,,,,,,,,,,,,,,,,,,,,,,,,,,,,,,,,,,,,,,,,,,,,,,,,,,,,,,,,,,,,,,,,,,,,,,,,,,,,,2026-07-11 11:22:46.237,0,,
9342,63,61,10461,1,1703,GARCIA MILLAN,GAZPACHO,GAZPACHO ANDALUZ GM 1L,HERMANOS MARTIN, ,,,,,,,,,NOT_COMPARABLE_MISSING_VALIDATION,1,0,0,,,,,,,,,,,,,,,,,,,,,,,,,,,,,,,,,,,,,,,,,,,,,,,,,,,,,,,,,,,,,,,,,,,,,,,,,,,,,,,,,,,,,,,,,,,,,,,,,,,,,,,,,,,,,,,,,,,,,,,,,,,,,,,,,,,,,,,,,,,,,,,,,,,,,,,,,,,,,,,,,,,,,,,,,,,,,,,,,,,,,,,,,,,,,,,,,,,,,,,,,,,,,,,,2026-07-11 11:22:46.237,0,,
9343,63,61,10461,1,1704,GARCIA MILLAN,GAZPACHO,GAZPACHO ANDALUZ GM 1L,HIPER TAMBO, ,,,,,,,,,NOT_COMPARABLE_MISSING_VALIDATION,1,0,0,,,,,,,,,,,,,,,,,,,,,,,,,,,,,,,,,,,,,,,,,,,,,,,,,,,,,,,,,,,,,,,,,,,,,,,,,,,,,,,,,,,,,,,,,,,,,,,,,,,,,,,,,,,,,,,,,,,,,,,,,,,,,,,,,,,,,,,,,,,,,,,,,,,,,,,,,,,,,,,,,,,,,,,,,,,,,,,,,,,,,,,,,,,,,,,,,,,,,,,,,,,,,,,,2026-07-11 11:22:46.237,0,,
9344,63,61,10461,1,1705,GARCIA MILLAN,GAZPACHO,GAZPACHO ANDALUZ GM 1L,HIPER USERA, ,,,,,,,,,NOT_COMPARABLE_MISSING_VALIDATION,1,0,0,,,,,,,,,,,,,,,,,,,,,,,,,,,,,,,,,,,,,,,,,,,,,,,,,,,,,,,,,,,,,,,,,,,,,,,,,,,,,,,,,,,,,,,,,,,,,,,,,,,,,,,,,,,,,,,,,,,,,,,,,,,,,,,,,,,,,,,,,,,,,,,,,,,,,,,,,,,,,,,,,,,,,,,,,,,,,,,,,,,,,,,,,,,,,,,,,,,,,,,,,,,,,,,,2026-07-11 11:22:46.237,0,,
9345,63,61,10461,1,1706,GARCIA MILLAN,GAZPACHO,GAZPACHO ANDALUZ GM 1L,HIPERBER, ,,,,,,,,,NOT_COMPARABLE_MISSING_VALIDATION,1,0,0,,,,,,,,,,,,,,,,,,,,,,,,,,,,,,,,,,,,,,,,,,,,,,,,,,,,,,,,,,,,,,,,,,,,,,,,,,,,,,,,,,,,,,,,,,,,,,,,,,,,,,,,,,,,,,,,,,,,,,,,,,,,,,,,,,,,,,,,,,,,,,,,,,,,,,,,,,,,,,,,,,,,,,,,,,,,,,,,,,,,,,,,,,,,,,,,,,,,,,,,,,,,,,,,2026-07-11 11:22:46.237,0,,
9346,63,61,10461,1,1707,GARCIA MILLAN,GAZPACHO,GAZPACHO ANDALUZ GM 1L,INICIATIVAS SEDOX, ,,,,,,,,,NOT_COMPARABLE_MISSING_VALIDATION,1,0,0,,,,,,,,,,,,,,,,,,,,,,,,,,,,,,,,,,,,,,,,,,,,,,,,,,,,,,,,,,,,,,,,,,,,,,,,,,,,,,,,,,,,,,,,,,,,,,,,,,,,,,,,,,,,,,,,,,,,,,,,,,,,,,,,,,,,,,,,,,,,,,,,,,,,,,,,,,,,,,,,,,,,,,,,,,,,,,,,,,,,,,,,,,,,,,,,,,,,,,,,,,,,,,,,2026-07-11 11:22:46.237,0,,
9347,63,61,10461,1,1708,GARCIA MILLAN,GAZPACHO,GAZPACHO ANDALUZ GM 1L,JOAQUIN TARDIO, ,,,,,,,,,NOT_COMPARABLE_MISSING_VALIDATION,1,0,0,,,,,,,,,,,,,,,,,,,,,,,,,,,,,,,,,,,,,,,,,,,,,,,,,,,,,,,,,,,,,,,,,,,,,,,,,,,,,,,,,,,,,,,,,,,,,,,,,,,,,,,,,,,,,,,,,,,,,,,,,,,,,,,,,,,,,,,,,,,,,,,,,,,,,,,,,,,,,,,,,,,,,,,,,,,,,,,,,,,,,,,,,,,,,,,,,,,,,,,,,,,,,,,,2026-07-11 11:22:46.237,0,,
9348,63,61,10461,1,1709,GARCIA MILLAN,GAZPACHO,GAZPACHO ANDALUZ GM 1L,JURADO GOURMET, ,,,,,,,,,NOT_COMPARABLE_MISSING_VALIDATION,1,0,0,,,,,,,,,,,,,,,,,,,,,,,,,,,,,,,,,,,,,,,,,,,,,,,,,,,,,,,,,,,,,,,,,,,,,,,,,,,,,,,,,,,,,,,,,,,,,,,,,,,,,,,,,,,,,,,,,,,,,,,,,,,,,,,,,,,,,,,,,,,,,,,,,,,,,,,,,,,,,,,,,,,,,,,,,,,,,,,,,,,,,,,,,,,,,,,,,,,,,,,,,,,,,,,,2026-07-11 11:22:46.237,0,,
9349,63,61,10461,1,1710,GARCIA MILLAN,GAZPACHO,GAZPACHO ANDALUZ GM 1L,LACTEAS HISPALENSE, ,,,,,,,,,NOT_COMPARABLE_MISSING_VALIDATION,1,0,0,,,,,,,,,,,,,,,,,,,,,,,,,,,,,,,,,,,,,,,,,,,,,,,,,,,,,,,,,,,,,,,,,,,,,,,,,,,,,,,,,,,,,,,,,,,,,,,,,,,,,,,,,,,,,,,,,,,,,,,,,,,,,,,,,,,,,,,,,,,,,,,,,,,,,,,,,,,,,,,,,,,,,,,,,,,,,,,,,,,,,,,,,,,,,,,,,,,,,,,,,,,,,,,,2026-07-11 11:22:46.237,0,,
9350,63,61,10461,1,1711,GARCIA MILLAN,GAZPACHO,GAZPACHO ANDALUZ GM 1L,LIDL, ,,,,,,,,,NOT_COMPARABLE_MISSING_VALIDATION,1,0,0,,,,,,,,,,,,,,,,,,,,,,,,,,,,,,,,,,,,,,,,,,,,,,,,,,,,,,,,,,,,,,,,,,,,,,,,,,,,,,,,,,,,,,,,,,,,,,,,,,,,,,,,,,,,,,,,,,,,,,,,,,,,,,,,,,,,,,,,,,,,,,,,,,,,,,,,,,,,,,,,,,,,,,,,,,,,,,,,,,,,,,,,,,,,,,,,,,,,,,,,,,,,,,,,2026-07-11 11:22:46.237,0,,
9351,63,61,10461,1,1712,GARCIA MILLAN,GAZPACHO,GAZPACHO ANDALUZ GM 1L,LOSAN DISTRIBUCIONES, ,,,,,,,,,NOT_COMPARABLE_MISSING_VALIDATION,1,0,0,,,,,,,,,,,,,,,,,,,,,,,,,,,,,,,,,,,,,,,,,,,,,,,,,,,,,,,,,,,,,,,,,,,,,,,,,,,,,,,,,,,,,,,,,,,,,,,,,,,,,,,,,,,,,,,,,,,,,,,,,,,,,,,,,,,,,,,,,,,,,,,,,,,,,,,,,,,,,,,,,,,,,,,,,,,,,,,,,,,,,,,,,,,,,,,,,,,,,,,,,,,,,,,,2026-07-11 11:22:46.237,0,,
9352,63,61,10461,1,1713,GARCIA MILLAN,GAZPACHO,GAZPACHO ANDALUZ GM 1L,LUIS PIÃ‘A, ,,,,,,,,,NOT_COMPARABLE_MISSING_VALIDATION,1,0,0,,,,,,,,,,,,,,,,,,,,,,,,,,,,,,,,,,,,,,,,,,,,,,,,,,,,,,,,,,,,,,,,,,,,,,,,,,,,,,,,,,,,,,,,,,,,,,,,,,,,,,,,,,,,,,,,,,,,,,,,,,,,,,,,,,,,,,,,,,,,,,,,,,,,,,,,,,,,,,,,,,,,,,,,,,,,,,,,,,,,,,,,,,,,,,,,,,,,,,,,,,,,,,,,2026-07-11 11:22:46.237,0,,
9353,63,61,10461,1,1714,GARCIA MILLAN,GAZPACHO,GAZPACHO ANDALUZ GM 1L,MARKETING, ,,,,,,,,,NOT_COMPARABLE_MISSING_VALIDATION,1,0,0,,,,,,,,,,,,,,,,,,,,,,,,,,,,,,,,,,,,,,,,,,,,,,,,,,,,,,,,,,,,,,,,,,,,,,,,,,,,,,,,,,,,,,,,,,,,,,,,,,,,,,,,,,,,,,,,,,,,,,,,,,,,,,,,,,,,,,,,,,,,,,,,,,,,,,,,,,,,,,,,,,,,,,,,,,,,,,,,,,,,,,,,,,,,,,,,,,,,,,,,,,,,,,,,2026-07-11 11:22:46.237,0,,
9354,63,61,10461,1,1715,GARCIA MILLAN,GAZPACHO,GAZPACHO ANDALUZ GM 1L,MASKOM, ,,,,,,,,,NOT_COMPARABLE_MISSING_VALIDATION,1,0,0,,,,,,,,,,,,,,,,,,,,,,,,,,,,,,,,,,,,,,,,,,,,,,,,,,,,,,,,,,,,,,,,,,,,,,,,,,,,,,,,,,,,,,,,,,,,,,,,,,,,,,,,,,,,,,,,,,,,,,,,,,,,,,,,,,,,,,,,,,,,,,,,,,,,,,,,,,,,,,,,,,,,,,,,,,,,,,,,,,,,,,,,,,,,,,,,,,,,,,,,,,,,,,,,2026-07-11 11:22:46.237,0,,
9355,63,61,10461,1,1716,GARCIA MILLAN,GAZPACHO,GAZPACHO ANDALUZ GM 1L,MERCADONA, ,,,,,,,,,NOT_COMPARABLE_MISSING_VALIDATION,1,0,0,,,,,,,,,,,,,,,,,,,,,,,,,,,,,,,,,,,,,,,,,,,,,,,,,,,,,,,,,,,,,,,,,,,,,,,,,,,,,,,,,,,,,,,,,,,,,,,,,,,,,,,,,,,,,,,,,,,,,,,,,,,,,,,,,,,,,,,,,,,,,,,,,,,,,,,,,,,,,,,,,,,,,,,,,,,,,,,,,,,,,,,,,,,,,,,,,,,,,,,,,,,,,,,,2026-07-11 11:22:46.237,0,,
9356,63,61,10461,1,1717,GARCIA MILLAN,GAZPACHO,GAZPACHO ANDALUZ GM 1L,MOISES MUÃ‘OZ E HIJOS, ,,,,,,,,,NOT_COMPARABLE_MISSING_VALIDATION,1,0,0,,,,,,,,,,,,,,,,,,,,,,,,,,,,,,,,,,,,,,,,,,,,,,,,,,,,,,,,,,,,,,,,,,,,,,,,,,,,,,,,,,,,,,,,,,,,,,,,,,,,,,,,,,,,,,,,,,,,,,,,,,,,,,,,,,,,,,,,,,,,,,,,,,,,,,,,,,,,,,,,,,,,,,,,,,,,,,,,,,,,,,,,,,,,,,,,,,,,,,,,,,,,,,,,2026-07-11 11:22:46.237,0,,
9357,63,61,10461,1,1718,GARCIA MILLAN,GAZPACHO,GAZPACHO ANDALUZ GM 1L,MUESTRAS, ,,,,,,,,,NOT_COMPARABLE_MISSING_VALIDATION,1,0,0,,,,,,,,,,,,,,,,,,,,,,,,,,,,,,,,,,,,,,,,,,,,,,,,,,,,,,,,,,,,,,,,,,,,,,,,,,,,,,,,,,,,,,,,,,,,,,,,,,,,,,,,,,,,,,,,,,,,,,,,,,,,,,,,,,,,,,,,,,,,,,,,,,,,,,,,,,,,,,,,,,,,,,,,,,,,,,,,,,,,,,,,,,,,,,,,,,,,,,,,,,,,,,,,2026-07-11 11:22:46.237,0,,
9358,63,61,10461,1,1719,GARCIA MILLAN,GAZPACHO,GAZPACHO ANDALUZ GM 1L,PARQUE NORTE, ,,,,,,,,,NOT_COMPARABLE_MISSING_VALIDATION,1,0,0,,,,,,,,,,,,,,,,,,,,,,,,,,,,,,,,,,,,,,,,,,,,,,,,,,,,,,,,,,,,,,,,,,,,,,,,,,,,,,,,,,,,,,,,,,,,,,,,,,,,,,,,,,,,,,,,,,,,,,,,,,,,,,,,,,,,,,,,,,,,,,,,,,,,,,,,,,,,,,,,,,,,,,,,,,,,,,,,,,,,,,,,,,,,,,,,,,,,,,,,,,,,,,,,2026-07-11 11:22:46.237,0,,
9359,63,61,10461,1,1720,GARCIA MILLAN,GAZPACHO,GAZPACHO ANDALUZ GM 1L,PLASTICOSUR, ,,,,,,,,,NOT_COMPARABLE_MISSING_VALIDATION,1,0,0,,,,,,,,,,,,,,,,,,,,,,,,,,,,,,,,,,,,,,,,,,,,,,,,,,,,,,,,,,,,,,,,,,,,,,,,,,,,,,,,,,,,,,,,,,,,,,,,,,,,,,,,,,,,,,,,,,,,,,,,,,,,,,,,,,,,,,,,,,,,,,,,,,,,,,,,,,,,,,,,,,,,,,,,,,,,,,,,,,,,,,,,,,,,,,,,,,,,,,,,,,,,,,,,2026-07-11 11:22:46.237,0,,
9360,63,61,10461,1,1721,GARCIA MILLAN,GAZPACHO,GAZPACHO ANDALUZ GM 1L,PUNTO SADEAL UNIVERSAL, ,,,,,,,,,NOT_COMPARABLE_MISSING_VALIDATION,1,0,0,,,,,,,,,,,,,,,,,,,,,,,,,,,,,,,,,,,,,,,,,,,,,,,,,,,,,,,,,,,,,,,,,,,,,,,,,,,,,,,,,,,,,,,,,,,,,,,,,,,,,,,,,,,,,,,,,,,,,,,,,,,,,,,,,,,,,,,,,,,,,,,,,,,,,,,,,,,,,,,,,,,,,,,,,,,,,,,,,,,,,,,,,,,,,,,,,,,,,,,,,,,,,,,,2026-07-11 11:22:46.237,0,,
9361,63,61,10461,1,1722,GARCIA MILLAN,GAZPACHO,GAZPACHO ANDALUZ GM 1L,RAFAEL OLIAS, ,,,,,,,,,NOT_COMPARABLE_MISSING_VALIDATION,1,0,0,,,,,,,,,,,,,,,,,,,,,,,,,,,,,,,,,,,,,,,,,,,,,,,,,,,,,,,,,,,,,,,,,,,,,,,,,,,,,,,,,,,,,,,,,,,,,,,,,,,,,,,,,,,,,,,,,,,,,,,,,,,,,,,,,,,,,,,,,,,,,,,,,,,,,,,,,,,,,,,,,,,,,,,,,,,,,,,,,,,,,,,,,,,,,,,,,,,,,,,,,,,,,,,,2026-07-11 11:22:46.237,0,,
9362,63,61,10461,1,1723,GARCIA MILLAN,GAZPACHO,GAZPACHO ANDALUZ GM 1L,RESTAURANTE MUCHO MAS, ,,,,,,,,,NOT_COMPARABLE_MISSING_VALIDATION,1,0,0,,,,,,,,,,,,,,,,,,,,,,,,,,,,,,,,,,,,,,,,,,,,,,,,,,,,,,,,,,,,,,,,,,,,,,,,,,,,,,,,,,,,,,,,,,,,,,,,,,,,,,,,,,,,,,,,,,,,,,,,,,,,,,,,,,,,,,,,,,,,,,,,,,,,,,,,,,,,,,,,,,,,,,,,,,,,,,,,,,,,,,,,,,,,,,,,,,,,,,,,,,,,,,,,2026-07-11 11:22:46.237,0,,
9363,63,61,10461,1,1724,GARCIA MILLAN,GAZPACHO,GAZPACHO ANDALUZ GM 1L,RUIZ GALAN, ,,,,,,,,,NOT_COMPARABLE_MISSING_VALIDATION,1,0,0,,,,,,,,,,,,,,,,,,,,,,,,,,,,,,,,,,,,,,,,,,,,,,,,,,,,,,,,,,,,,,,,,,,,,,,,,,,,,,,,,,,,,,,,,,,,,,,,,,,,,,,,,,,,,,,,,,,,,,,,,,,,,,,,,,,,,,,,,,,,,,,,,,,,,,,,,,,,,,,,,,,,,,,,,,,,,,,,,,,,,,,,,,,,,,,,,,,,,,,,,,,,,,,,2026-07-11 11:22:46.237,0,,
9364,63,61,10461,1,1725,GARCIA MILLAN,GAZPACHO,GAZPACHO ANDALUZ GM 1L,SEMARK, ,,,,,,,,,NOT_COMPARABLE_MISSING_VALIDATION,1,0,0,,,,,,,,,,,,,,,,,,,,,,,,,,,,,,,,,,,,,,,,,,,,,,,,,,,,,,,,,,,,,,,,,,,,,,,,,,,,,,,,,,,,,,,,,,,,,,,,,,,,,,,,,,,,,,,,,,,,,,,,,,,,,,,,,,,,,,,,,,,,,,,,,,,,,,,,,,,,,,,,,,,,,,,,,,,,,,,,,,,,,,,,,,,,,,,,,,,,,,,,,,,,,,,,2026-07-11 11:22:46.237,0,,
9365,63,61,10461,1,1726,GARCIA MILLAN,GAZPACHO,GAZPACHO ANDALUZ GM 1L,SOALPE, ,,,,,,,,,NOT_COMPARABLE_MISSING_VALIDATION,1,0,0,,,,,,,,,,,,,,,,,,,,,,,,,,,,,,,,,,,,,,,,,,,,,,,,,,,,,,,,,,,,,,,,,,,,,,,,,,,,,,,,,,,,,,,,,,,,,,,,,,,,,,,,,,,,,,,,,,,,,,,,,,,,,,,,,,,,,,,,,,,,,,,,,,,,,,,,,,,,,,,,,,,,,,,,,,,,,,,,,,,,,,,,,,,,,,,,,,,,,,,,,,,,,,,,2026-07-11 11:22:46.237,0,,
9366,63,61,10461,1,1727,GARCIA MILLAN,GAZPACHO,GAZPACHO ANDALUZ GM 1L,SOLA RICCA, ,,,,,,,,,NOT_COMPARABLE_MISSING_VALIDATION,1,0,0,,,,,,,,,,,,,,,,,,,,,,,,,,,,,,,,,,,,,,,,,,,,,,,,,,,,,,,,,,,,,,,,,,,,,,,,,,,,,,,,,,,,,,,,,,,,,,,,,,,,,,,,,,,,,,,,,,,,,,,,,,,,,,,,,,,,,,,,,,,,,,,,,,,,,,,,,,,,,,,,,,,,,,,,,,,,,,,,,,,,,,,,,,,,,,,,,,,,,,,,,,,,,,,,2026-07-11 11:22:46.237,0,,
9367,63,61,10461,1,1728,GARCIA MILLAN,GAZPACHO,GAZPACHO ANDALUZ GM 1L,SORLI, ,,,,,,,,,NOT_COMPARABLE_MISSING_VALIDATION,1,0,0,,,,,,,,,,,,,,,,,,,,,,,,,,,,,,,,,,,,,,,,,,,,,,,,,,,,,,,,,,,,,,,,,,,,,,,,,,,,,,,,,,,,,,,,,,,,,,,,,,,,,,,,,,,,,,,,,,,,,,,,,,,,,,,,,,,,,,,,,,,,,,,,,,,,,,,,,,,,,,,,,,,,,,,,,,,,,,,,,,,,,,,,,,,,,,,,,,,,,,,,,,,,,,,,2026-07-11 11:22:46.237,0,,
9368,63,61,10461,1,1729,GARCIA MILLAN,GAZPACHO,GAZPACHO ANDALUZ GM 1L,SUPER ARCOS, ,,,,,,,,,NOT_COMPARABLE_MISSING_VALIDATION,1,0,0,,,,,,,,,,,,,,,,,,,,,,,,,,,,,,,,,,,,,,,,,,,,,,,,,,,,,,,,,,,,,,,,,,,,,,,,,,,,,,,,,,,,,,,,,,,,,,,,,,,,,,,,,,,,,,,,,,,,,,,,,,,,,,,,,,,,,,,,,,,,,,,,,,,,,,,,,,,,,,,,,,,,,,,,,,,,,,,,,,,,,,,,,,,,,,,,,,,,,,,,,,,,,,,,2026-07-11 11:22:46.237,0,,
9369,63,61,10461,1,1730,GARCIA MILLAN,GAZPACHO,GAZPACHO ANDALUZ GM 1L,SUPSA, ,,,,,,,,,NOT_COMPARABLE_MISSING_VALIDATION,1,0,0,,,,,,,,,,,,,,,,,,,,,,,,,,,,,,,,,,,,,,,,,,,,,,,,,,,,,,,,,,,,,,,,,,,,,,,,,,,,,,,,,,,,,,,,,,,,,,,,,,,,,,,,,,,,,,,,,,,,,,,,,,,,,,,,,,,,,,,,,,,,,,,,,,,,,,,,,,,,,,,,,,,,,,,,,,,,,,,,,,,,,,,,,,,,,,,,,,,,,,,,,,,,,,,,2026-07-11 11:22:46.237,0,,
9370,63,61,10461,1,1731,GARCIA MILLAN,GAZPACHO,GAZPACHO ANDALUZ GM 1L,TENIS BETIS, ,,,,,,,,,NOT_COMPARABLE_MISSING_VALIDATION,1,0,0,,,,,,,,,,,,,,,,,,,,,,,,,,,,,,,,,,,,,,,,,,,,,,,,,,,,,,,,,,,,,,,,,,,,,,,,,,,,,,,,,,,,,,,,,,,,,,,,,,,,,,,,,,,,,,,,,,,,,,,,,,,,,,,,,,,,,,,,,,,,,,,,,,,,,,,,,,,,,,,,,,,,,,,,,,,,,,,,,,,,,,,,,,,,,,,,,,,,,,,,,,,,,,,,2026-07-11 11:22:46.237,0,,
9371,63,61,10461,1,1732,GARCIA MILLAN,GAZPACHO,GAZPACHO ANDALUZ GM 1L,UNEI, ,,,,,,,,,NOT_COMPARABLE_MISSING_VALIDATION,1,0,0,,,,,,,,,,,,,,,,,,,,,,,,,,,,,,,,,,,,,,,,,,,,,,,,,,,,,,,,,,,,,,,,,,,,,,,,,,,,,,,,,,,,,,,,,,,,,,,,,,,,,,,,,,,,,,,,,,,,,,,,,,,,,,,,,,,,,,,,,,,,,,,,,,,,,,,,,,,,,,,,,,,,,,,,,,,,,,,,,,,,,,,,,,,,,,,,,,,,,,,,,,,,,,,,2026-07-11 11:22:46.237,0,,
9372,63,61,10461,1,1733,GARCIA MILLAN,GAZPACHO,GAZPACHO ANDALUZ GM 1L,UNIALCO, ,,,,,,,,,NOT_COMPARABLE_MISSING_VALIDATION,1,0,0,,,,,,,,,,,,,,,,,,,,,,,,,,,,,,,,,,,,,,,,,,,,,,,,,,,,,,,,,,,,,,,,,,,,,,,,,,,,,,,,,,,,,,,,,,,,,,,,,,,,,,,,,,,,,,,,,,,,,,,,,,,,,,,,,,,,,,,,,,,,,,,,,,,,,,,,,,,,,,,,,,,,,,,,,,,,,,,,,,,,,,,,,,,,,,,,,,,,,,,,,,,,,,,,2026-07-11 11:22:46.237,0,,
9373,63,61,10461,1,1734,GARCIA MILLAN,GAZPACHO,GAZPACHO ANDALUZ GM 1L,UNIDE, ,,,,,,,,,NOT_COMPARABLE_MISSING_VALIDATION,1,0,0,,,,,,,,,,,,,,,,,,,,,,,,,,,,,,,,,,,,,,,,,,,,,,,,,,,,,,,,,,,,,,,,,,,,,,,,,,,,,,,,,,,,,,,,,,,,,,,,,,,,,,,,,,,,,,,,,,,,,,,,,,,,,,,,,,,,,,,,,,,,,,,,,,,,,,,,,,,,,,,,,,,,,,,,,,,,,,,,,,,,,,,,,,,,,,,,,,,,,,,,,,,,,,,,2026-07-11 11:22:46.237,0,,
9374,63,61,10461,1,1735,GARCIA MILLAN,GAZPACHO,GAZPACHO ANDALUZ GM 330ML, , ,,,,,,,,,NOT_COMPARABLE_MISSING_VALIDATION,1,0,0,,,,,,,,,,,,,,,,,,,,,,,,,,,,,,,,,,,,,,,,,,,,,,,,,,,,,,,,,,,,,,,,,,,,,,,,,,,,,,,,,,,,,,,,,,,,,,,,,,,,,,,,,,,,,,,,,,,,,,,,,,,,,,,,,,,,,,,,,,,,,,,,,,,,,,,,,,,,,,,,,,,,,,,,,,,,,,,,,,,,,,,,,,,,,,,,,,,,,,,,,,,,,,,,2026-07-11 11:22:46.237,0,,
"9375,63,61,10461,1,1736,GARCIA MILLAN,GAZPACHO,GAZPACHO ANDALUZ GM 330ML,"""", ,,,,,,,,,NOT_COMPARABLE_MISSING_VALIDATION,1,0,0,,,,,,,,,,,,,,,,,,,,,,,,,,,,,,,,,,,,,,,,,,,,,,,,,,,,,,,,,,,,,,,,,,,,,,,,,,,,,,,,,,,,,,,,,,,,,,,,,,,,,,,,,,,,,,,,,,,,,,,,,,,,,,,,,,,,,,,,,,,,,,,,,,,,,,,,,,,,,,,,,,,,,,,,,,,,,,,,,,,,,,,,,,,,,,,,,,,,,,,,,,,,,,,,2026-07-11 11:22:46.237,0,,"
9376,63,61,10461,1,1737,GARCIA MILLAN,GAZPACHO,GAZPACHO ANDALUZ GM 330ML,AHORRAMAS, ,,,,,,,,,NOT_COMPARABLE_MISSING_VALIDATION,1,0,0,,,,,,,,,,,,,,,,,,,,,,,,,,,,,,,,,,,,,,,,,,,,,,,,,,,,,,,,,,,,,,,,,,,,,,,,,,,,,,,,,,,,,,,,,,,,,,,,,,,,,,,,,,,,,,,,,,,,,,,,,,,,,,,,,,,,,,,,,,,,,,,,,,,,,,,,,,,,,,,,,,,,,,,,,,,,,,,,,,,,,,,,,,,,,,,,,,,,,,,,,,,,,,,,2026-07-11 11:22:46.237,0,,
9377,63,61,10461,1,1738,GARCIA MILLAN,GAZPACHO,GAZPACHO ANDALUZ GM 330ML,ALDI, ,,,,,,,,,NOT_COMPARABLE_MISSING_VALIDATION,1,0,0,,,,,,,,,,,,,,,,,,,,,,,,,,,,,,,,,,,,,,,,,,,,,,,,,,,,,,,,,,,,,,,,,,,,,,,,,,,,,,,,,,,,,,,,,,,,,,,,,,,,,,,,,,,,,,,,,,,,,,,,,,,,,,,,,,,,,,,,,,,,,,,,,,,,,,,,,,,,,,,,,,,,,,,,,,,,,,,,,,,,,,,,,,,,,,,,,,,,,,,,,,,,,,,,2026-07-11 11:22:46.237,0,,
9378,63,61,10461,1,1739,GARCIA MILLAN,GAZPACHO,GAZPACHO ANDALUZ GM 330ML,ALIPENSA, ,,,,,,,,,NOT_COMPARABLE_MISSING_VALIDATION,1,0,0,,,,,,,,,,,,,,,,,,,,,,,,,,,,,,,,,,,,,,,,,,,,,,,,,,,,,,,,,,,,,,,,,,,,,,,,,,,,,,,,,,,,,,,,,,,,,,,,,,,,,,,,,,,,,,,,,,,,,,,,,,,,,,,,,,,,,,,,,,,,,,,,,,,,,,,,,,,,,,,,,,,,,,,,,,,,,,,,,,,,,,,,,,,,,,,,,,,,,,,,,,,,,,,,2026-07-11 11:22:46.237,0,,
9379,63,61,10461,1,1740,GARCIA MILLAN,GAZPACHO,GAZPACHO ANDALUZ GM 330ML,AMAZON, ,,,,,,,,,NOT_COMPARABLE_MISSING_VALIDATION,1,0,0,,,,,,,,,,,,,,,,,,,,,,,,,,,,,,,,,,,,,,,,,,,,,,,,,,,,,,,,,,,,,,,,,,,,,,,,,,,,,,,,,,,,,,,,,,,,,,,,,,,,,,,,,,,,,,,,,,,,,,,,,,,,,,,,,,,,,,,,,,,,,,,,,,,,,,,,,,,,,,,,,,,,,,,,,,,,,,,,,,,,,,,,,,,,,,,,,,,,,,,,,,,,,,,,2026-07-11 11:22:46.237,0,,
9380,63,61,10461,1,1741,GARCIA MILLAN,GAZPACHO,GAZPACHO ANDALUZ GM 330ML,BELMAR DON BENITO, ,,,,,,,,,NOT_COMPARABLE_MISSING_VALIDATION,1,0,0,,,,,,,,,,,,,,,,,,,,,,,,,,,,,,,,,,,,,,,,,,,,,,,,,,,,,,,,,,,,,,,,,,,,,,,,,,,,,,,,,,,,,,,,,,,,,,,,,,,,,,,,,,,,,,,,,,,,,,,,,,,,,,,,,,,,,,,,,,,,,,,,,,,,,,,,,,,,,,,,,,,,,,,,,,,,,,,,,,,,,,,,,,,,,,,,,,,,,,,,,,,,,,,,2026-07-11 11:22:46.237,0,,
9381,63,61,10461,1,1742,GARCIA MILLAN,GAZPACHO,GAZPACHO ANDALUZ GM 330ML,BGROUP, ,,,,,,,,,NOT_COMPARABLE_MISSING_VALIDATION,1,0,0,,,,,,,,,,,,,,,,,,,,,,,,,,,,,,,,,,,,,,,,,,,,,,,,,,,,,,,,,,,,,,,,,,,,,,,,,,,,,,,,,,,,,,,,,,,,,,,,,,,,,,,,,,,,,,,,,,,,,,,,,,,,,,,,,,,,,,,,,,,,,,,,,,,,,,,,,,,,,,,,,,,,,,,,,,,,,,,,,,,,,,,,,,,,,,,,,,,,,,,,,,,,,,,,2026-07-11 11:22:46.237,0,,
9382,63,61,10461,1,1743,GARCIA MILLAN,GAZPACHO,GAZPACHO ANDALUZ GM 330ML,BON PREU, ,,,,,,,,,NOT_COMPARABLE_MISSING_VALIDATION,1,0,0,,,,,,,,,,,,,,,,,,,,,,,,,,,,,,,,,,,,,,,,,,,,,,,,,,,,,,,,,,,,,,,,,,,,,,,,,,,,,,,,,,,,,,,,,,,,,,,,,,,,,,,,,,,,,,,,,,,,,,,,,,,,,,,,,,,,,,,,,,,,,,,,,,,,,,,,,,,,,,,,,,,,,,,,,,,,,,,,,,,,,,,,,,,,,,,,,,,,,,,,,,,,,,,,2026-07-11 11:22:46.237,0,,
9383,63,61,10461,1,1744,GARCIA MILLAN,GAZPACHO,GAZPACHO ANDALUZ GM 330ML,CARO RUIZ, ,,,,,,,,,NOT_COMPARABLE_MISSING_VALIDATION,1,0,0,,,,,,,,,,,,,,,,,,,,,,,,,,,,,,,,,,,,,,,,,,,,,,,,,,,,,,,,,,,,,,,,,,,,,,,,,,,,,,,,,,,,,,,,,,,,,,,,,,,,,,,,,,,,,,,,,,,,,,,,,,,,,,,,,,,,,,,,,,,,,,,,,,,,,,,,,,,,,,,,,,,,,,,,,,,,,,,,,,,,,,,,,,,,,,,,,,,,,,,,,,,,,,,,2026-07-11 11:22:46.237,0,,
9384,63,61,10461,1,1745,GARCIA MILLAN,GAZPACHO,GAZPACHO ANDALUZ GM 330ML,CARREFOUR, ,,,,,,,,,NOT_COMPARABLE_MISSING_VALIDATION,1,0,0,,,,,,,,,,,,,,,,,,,,,,,,,,,,,,,,,,,,,,,,,,,,,,,,,,,,,,,,,,,,,,,,,,,,,,,,,,,,,,,,,,,,,,,,,,,,,,,,,,,,,,,,,,,,,,,,,,,,,,,,,,,,,,,,,,,,,,,,,,,,,,,,,,,,,,,,,,,,,,,,,,,,,,,,,,,,,,,,,,,,,,,,,,,,,,,,,,,,,,,,,,,,,,,,2026-07-11 11:22:46.237,0,,
9385,63,61,10461,1,1746,GARCIA MILLAN,GAZPACHO,GAZPACHO ANDALUZ GM 330ML,CARRION PARADAS, ,,,,,,,,,NOT_COMPARABLE_MISSING_VALIDATION,1,0,0,,,,,,,,,,,,,,,,,,,,,,,,,,,,,,,,,,,,,,,,,,,,,,,,,,,,,,,,,,,,,,,,,,,,,,,,,,,,,,,,,,,,,,,,,,,,,,,,,,,,,,,,,,,,,,,,,,,,,,,,,,,,,,,,,,,,,,,,,,,,,,,,,,,,,,,,,,,,,,,,,,,,,,,,,,,,,,,,,,,,,,,,,,,,,,,,,,,,,,,,,,,,,,,,2026-07-11 11:22:46.237,0,,
9386,63,61,10461,1,1747,GARCIA MILLAN,GAZPACHO,GAZPACHO ANDALUZ GM 330ML,CASA MARQUEZ, ,,,,,,,,,NOT_COMPARABLE_MISSING_VALIDATION,1,0,0,,,,,,,,,,,,,,,,,,,,,,,,,,,,,,,,,,,,,,,,,,,,,,,,,,,,,,,,,,,,,,,,,,,,,,,,,,,,,,,,,,,,,,,,,,,,,,,,,,,,,,,,,,,,,,,,,,,,,,,,,,,,,,,,,,,,,,,,,,,,,,,,,,,,,,,,,,,,,,,,,,,,,,,,,,,,,,,,,,,,,,,,,,,,,,,,,,,,,,,,,,,,,,,,2026-07-11 11:22:46.237,0,,
9387,63,61,10461,1,1748,GARCIA MILLAN,GAZPACHO,GAZPACHO ANDALUZ GM 330ML,CASH BAREA, ,,,,,,,,,NOT_COMPARABLE_MISSING_VALIDATION,1,0,0,,,,,,,,,,,,,,,,,,,,,,,,,,,,,,,,,,,,,,,,,,,,,,,,,,,,,,,,,,,,,,,,,,,,,,,,,,,,,,,,,,,,,,,,,,,,,,,,,,,,,,,,,,,,,,,,,,,,,,,,,,,,,,,,,,,,,,,,,,,,,,,,,,,,,,,,,,,,,,,,,,,,,,,,,,,,,,,,,,,,,,,,,,,,,,,,,,,,,,,,,,,,,,,,2026-07-11 11:22:46.237,0,,
9388,63,61,10461,1,1749,GARCIA MILLAN,GAZPACHO,GAZPACHO ANDALUZ GM 330ML,CEIP MANUEL ALTOLAGUIRRE, ,,,,,,,,,NOT_COMPARABLE_MISSING_VALIDATION,1,0,0,,,,,,,,,,,,,,,,,,,,,,,,,,,,,,,,,,,,,,,,,,,,,,,,,,,,,,,,,,,,,,,,,,,,,,,,,,,,,,,,,,,,,,,,,,,,,,,,,,,,,,,,,,,,,,,,,,,,,,,,,,,,,,,,,,,,,,,,,,,,,,,,,,,,,,,,,,,,,,,,,,,,,,,,,,,,,,,,,,,,,,,,,,,,,,,,,,,,,,,,,,,,,,,,2026-07-11 11:22:46.237,0,,
9389,63,61,10461,1,1750,GARCIA MILLAN,GAZPACHO,GAZPACHO ANDALUZ GM 330ML,CHAPELA LEON, ,,,,,,,,,NOT_COMPARABLE_MISSING_VALIDATION,1,0,0,,,,,,,,,,,,,,,,,,,,,,,,,,,,,,,,,,,,,,,,,,,,,,,,,,,,,,,,,,,,,,,,,,,,,,,,,,,,,,,,,,,,,,,,,,,,,,,,,,,,,,,,,,,,,,,,,,,,,,,,,,,,,,,,,,,,,,,,,,,,,,,,,,,,,,,,,,,,,,,,,,,,,,,,,,,,,,,,,,,,,,,,,,,,,,,,,,,,,,,,,,,,,,,,2026-07-11 11:22:46.237,0,,
9390,63,61,10461,1,1751,GARCIA MILLAN,GAZPACHO,GAZPACHO ANDALUZ GM 330ML,COFRUMA, ,,,,,,,,,NOT_COMPARABLE_MISSING_VALIDATION,1,0,0,,,,,,,,,,,,,,,,,,,,,,,,,,,,,,,,,,,,,,,,,,,,,,,,,,,,,,,,,,,,,,,,,,,,,,,,,,,,,,,,,,,,,,,,,,,,,,,,,,,,,,,,,,,,,,,,,,,,,,,,,,,,,,,,,,,,,,,,,,,,,,,,,,,,,,,,,,,,,,,,,,,,,,,,,,,,,,,,,,,,,,,,,,,,,,,,,,,,,,,,,,,,,,,,2026-07-11 11:22:46.237,0,,
9391,63,61,10461,1,1752,GARCIA MILLAN,GAZPACHO,GAZPACHO ANDALUZ GM 330ML,COMEDOR SAN JUAN DE ACRE, ,,,,,,,,,NOT_COMPARABLE_MISSING_VALIDATION,1,0,0,,,,,,,,,,,,,,,,,,,,,,,,,,,,,,,,,,,,,,,,,,,,,,,,,,,,,,,,,,,,,,,,,,,,,,,,,,,,,,,,,,,,,,,,,,,,,,,,,,,,,,,,,,,,,,,,,,,,,,,,,,,,,,,,,,,,,,,,,,,,,,,,,,,,,,,,,,,,,,,,,,,,,,,,,,,,,,,,,,,,,,,,,,,,,,,,,,,,,,,,,,,,,,,,2026-07-11 11:22:46.237,0,,
9392,63,61,10461,1,1753,GARCIA MILLAN,GAZPACHO,GAZPACHO ANDALUZ GM 330ML,COMERCIAL PIEDRA TRUJILLO, ,,,,,,,,,NOT_COMPARABLE_MISSING_VALIDATION,1,0,0,,,,,,,,,,,,,,,,,,,,,,,,,,,,,,,,,,,,,,,,,,,,,,,,,,,,,,,,,,,,,,,,,,,,,,,,,,,,,,,,,,,,,,,,,,,,,,,,,,,,,,,,,,,,,,,,,,,,,,,,,,,,,,,,,,,,,,,,,,,,,,,,,,,,,,,,,,,,,,,,,,,,,,,,,,,,,,,,,,,,,,,,,,,,,,,,,,,,,,,,,,,,,,,,2026-07-11 11:22:46.237,0,,
9393,63,61,10461,1,1754,GARCIA MILLAN,GAZPACHO,GAZPACHO ANDALUZ GM 330ML,COVIRAN, ,,,,,,,,,NOT_COMPARABLE_MISSING_VALIDATION,1,0,0,,,,,,,,,,,,,,,,,,,,,,,,,,,,,,,,,,,,,,,,,,,,,,,,,,,,,,,,,,,,,,,,,,,,,,,,,,,,,,,,,,,,,,,,,,,,,,,,,,,,,,,,,,,,,,,,,,,,,,,,,,,,,,,,,,,,,,,,,,,,,,,,,,,,,,,,,,,,,,,,,,,,,,,,,,,,,,,,,,,,,,,,,,,,,,,,,,,,,,,,,,,,,,,,2026-07-11 11:22:46.237,0,,
9394,63,61,10461,1,1755,GARCIA MILLAN,GAZPACHO,GAZPACHO ANDALUZ GM 330ML,DIA, ,,,,,,,,,NOT_COMPARABLE_MISSING_VALIDATION,1,0,0,,,,,,,,,,,,,,,,,,,,,,,,,,,,,,,,,,,,,,,,,,,,,,,,,,,,,,,,,,,,,,,,,,,,,,,,,,,,,,,,,,,,,,,,,,,,,,,,,,,,,,,,,,,,,,,,,,,,,,,,,,,,,,,,,,,,,,,,,,,,,,,,,,,,,,,,,,,,,,,,,,,,,,,,,,,,,,,,,,,,,,,,,,,,,,,,,,,,,,,,,,,,,,,,2026-07-11 11:22:46.237,0,,
9395,63,61,10461,1,1756,GARCIA MILLAN,GAZPACHO,GAZPACHO ANDALUZ GM 330ML,DISTRIBUCIONES CARDOSO, ,,,,,,,,,NOT_COMPARABLE_MISSING_VALIDATION,1,0,0,,,,,,,,,,,,,,,,,,,,,,,,,,,,,,,,,,,,,,,,,,,,,,,,,,,,,,,,,,,,,,,,,,,,,,,,,,,,,,,,,,,,,,,,,,,,,,,,,,,,,,,,,,,,,,,,,,,,,,,,,,,,,,,,,,,,,,,,,,,,,,,,,,,,,,,,,,,,,,,,,,,,,,,,,,,,,,,,,,,,,,,,,,,,,,,,,,,,,,,,,,,,,,,,2026-07-11 11:22:46.237,0,,
9396,63,61,10461,1,1757,GARCIA MILLAN,GAZPACHO,GAZPACHO ANDALUZ GM 330ML,DISTRIBUCIONES HOSTEAZ, ,,,,,,,,,NOT_COMPARABLE_MISSING_VALIDATION,1,0,0,,,,,,,,,,,,,,,,,,,,,,,,,,,,,,,,,,,,,,,,,,,,,,,,,,,,,,,,,,,,,,,,,,,,,,,,,,,,,,,,,,,,,,,,,,,,,,,,,,,,,,,,,,,,,,,,,,,,,,,,,,,,,,,,,,,,,,,,,,,,,,,,,,,,,,,,,,,,,,,,,,,,,,,,,,,,,,,,,,,,,,,,,,,,,,,,,,,,,,,,,,,,,,,,2026-07-11 11:22:46.237,0,,
9397,63,61,10461,1,1758,GARCIA MILLAN,GAZPACHO,GAZPACHO ANDALUZ GM 330ML,DISTRIBUCIONES JTT, ,,,,,,,,,NOT_COMPARABLE_MISSING_VALIDATION,1,0,0,,,,,,,,,,,,,,,,,,,,,,,,,,,,,,,,,,,,,,,,,,,,,,,,,,,,,,,,,,,,,,,,,,,,,,,,,,,,,,,,,,,,,,,,,,,,,,,,,,,,,,,,,,,,,,,,,,,,,,,,,,,,,,,,,,,,,,,,,,,,,,,,,,,,,,,,,,,,,,,,,,,,,,,,,,,,,,,,,,,,,,,,,,,,,,,,,,,,,,,,,,,,,,,,2026-07-11 11:22:46.237,0,,
9398,63,61,10461,1,1759,GARCIA MILLAN,GAZPACHO,GAZPACHO ANDALUZ GM 330ML,DONACIONES, ,,,,,,,,,NOT_COMPARABLE_MISSING_VALIDATION,1,0,0,,,,,,,,,,,,,,,,,,,,,,,,,,,,,,,,,,,,,,,,,,,,,,,,,,,,,,,,,,,,,,,,,,,,,,,,,,,,,,,,,,,,,,,,,,,,,,,,,,,,,,,,,,,,,,,,,,,,,,,,,,,,,,,,,,,,,,,,,,,,,,,,,,,,,,,,,,,,,,,,,,,,,,,,,,,,,,,,,,,,,,,,,,,,,,,,,,,,,,,,,,,,,,,,2026-07-11 11:22:46.237,0,,
9399,63,61,10461,1,1760,GARCIA MILLAN,GAZPACHO,GAZPACHO ANDALUZ GM 330ML,EASY VENDING, ,,,,,,,,,NOT_COMPARABLE_MISSING_VALIDATION,1,0,0,,,,,,,,,,,,,,,,,,,,,,,,,,,,,,,,,,,,,,,,,,,,,,,,,,,,,,,,,,,,,,,,,,,,,,,,,,,,,,,,,,,,,,,,,,,,,,,,,,,,,,,,,,,,,,,,,,,,,,,,,,,,,,,,,,,,,,,,,,,,,,,,,,,,,,,,,,,,,,,,,,,,,,,,,,,,,,,,,,,,,,,,,,,,,,,,,,,,,,,,,,,,,,,,2026-07-11 11:22:46.237,0,,
9400,63,61,10461,1,1761,GARCIA MILLAN,GAZPACHO,GAZPACHO ANDALUZ GM 330ML,EL CORTE INGLES, ,,,,,,,,,NOT_COMPARABLE_MISSING_VALIDATION,1,0,0,,,,,,,,,,,,,,,,,,,,,,,,,,,,,,,,,,,,,,,,,,,,,,,,,,,,,,,,,,,,,,,,,,,,,,,,,,,,,,,,,,,,,,,,,,,,,,,,,,,,,,,,,,,,,,,,,,,,,,,,,,,,,,,,,,,,,,,,,,,,,,,,,,,,,,,,,,,,,,,,,,,,,,,,,,,,,,,,,,,,,,,,,,,,,,,,,,,,,,,,,,,,,,,,2026-07-11 11:22:46.237,0,,
9401,63,61,10461,1,1762,GARCIA MILLAN,GAZPACHO,GAZPACHO ANDALUZ GM 330ML,ENRIQUE TOMAS, ,,,,,,,,,NOT_COMPARABLE_MISSING_VALIDATION,1,0,0,,,,,,,,,,,,,,,,,,,,,,,,,,,,,,,,,,,,,,,,,,,,,,,,,,,,,,,,,,,,,,,,,,,,,,,,,,,,,,,,,,,,,,,,,,,,,,,,,,,,,,,,,,,,,,,,,,,,,,,,,,,,,,,,,,,,,,,,,,,,,,,,,,,,,,,,,,,,,,,,,,,,,,,,,,,,,,,,,,,,,,,,,,,,,,,,,,,,,,,,,,,,,,,,2026-07-11 11:22:46.237,0,,
9402,63,61,10461,1,1763,GARCIA MILLAN,GAZPACHO,GAZPACHO ANDALUZ GM 330ML,ESTABLECIMIENTOS PLAZA, ,,,,,,,,,NOT_COMPARABLE_MISSING_VALIDATION,1,0,0,,,,,,,,,,,,,,,,,,,,,,,,,,,,,,,,,,,,,,,,,,,,,,,,,,,,,,,,,,,,,,,,,,,,,,,,,,,,,,,,,,,,,,,,,,,,,,,,,,,,,,,,,,,,,,,,,,,,,,,,,,,,,,,,,,,,,,,,,,,,,,,,,,,,,,,,,,,,,,,,,,,,,,,,,,,,,,,,,,,,,,,,,,,,,,,,,,,,,,,,,,,,,,,,2026-07-11 11:22:46.237,0,,
9403,63,61,10461,1,1764,GARCIA MILLAN,GAZPACHO,GAZPACHO ANDALUZ GM 330ML,FACSA, ,,,,,,,,,NOT_COMPARABLE_MISSING_VALIDATION,1,0,0,,,,,,,,,,,,,,,,,,,,,,,,,,,,,,,,,,,,,,,,,,,,,,,,,,,,,,,,,,,,,,,,,,,,,,,,,,,,,,,,,,,,,,,,,,,,,,,,,,,,,,,,,,,,,,,,,,,,,,,,,,,,,,,,,,,,,,,,,,,,,,,,,,,,,,,,,,,,,,,,,,,,,,,,,,,,,,,,,,,,,,,,,,,,,,,,,,,,,,,,,,,,,,,,2026-07-11 11:22:46.237,0,,
9404,63,61,10461,1,1765,GARCIA MILLAN,GAZPACHO,GAZPACHO ANDALUZ GM 330ML,FAMILY CASH, ,,,,,,,,,NOT_COMPARABLE_MISSING_VALIDATION,1,0,0,,,,,,,,,,,,,,,,,,,,,,,,,,,,,,,,,,,,,,,,,,,,,,,,,,,,,,,,,,,,,,,,,,,,,,,,,,,,,,,,,,,,,,,,,,,,,,,,,,,,,,,,,,,,,,,,,,,,,,,,,,,,,,,,,,,,,,,,,,,,,,,,,,,,,,,,,,,,,,,,,,,,,,,,,,,,,,,,,,,,,,,,,,,,,,,,,,,,,,,,,,,,,,,,2026-07-11 11:22:46.237,0,,
9405,63,61,10461,1,1766,GARCIA MILLAN,GAZPACHO,GAZPACHO ANDALUZ GM 330ML,FLAVORCRAFT, ,,,,,,,,,NOT_COMPARABLE_MISSING_VALIDATION,1,0,0,,,,,,,,,,,,,,,,,,,,,,,,,,,,,,,,,,,,,,,,,,,,,,,,,,,,,,,,,,,,,,,,,,,,,,,,,,,,,,,,,,,,,,,,,,,,,,,,,,,,,,,,,,,,,,,,,,,,,,,,,,,,,,,,,,,,,,,,,,,,,,,,,,,,,,,,,,,,,,,,,,,,,,,,,,,,,,,,,,,,,,,,,,,,,,,,,,,,,,,,,,,,,,,,2026-07-11 11:22:46.237,0,,
9406,63,61,10461,1,1767,GARCIA MILLAN,GAZPACHO,GAZPACHO ANDALUZ GM 330ML,FRANCO-MOR, ,,,,,,,,,NOT_COMPARABLE_MISSING_VALIDATION,1,0,0,,,,,,,,,,,,,,,,,,,,,,,,,,,,,,,,,,,,,,,,,,,,,,,,,,,,,,,,,,,,,,,,,,,,,,,,,,,,,,,,,,,,,,,,,,,,,,,,,,,,,,,,,,,,,,,,,,,,,,,,,,,,,,,,,,,,,,,,,,,,,,,,,,,,,,,,,,,,,,,,,,,,,,,,,,,,,,,,,,,,,,,,,,,,,,,,,,,,,,,,,,,,,,,,2026-07-11 11:22:46.237,0,,
9407,63,61,10461,1,1768,GARCIA MILLAN,GAZPACHO,GAZPACHO ANDALUZ GM 330ML,FRUFOR, ,,,,,,,,,NOT_COMPARABLE_MISSING_VALIDATION,1,0,0,,,,,,,,,,,,,,,,,,,,,,,,,,,,,,,,,,,,,,,,,,,,,,,,,,,,,,,,,,,,,,,,,,,,,,,,,,,,,,,,,,,,,,,,,,,,,,,,,,,,,,,,,,,,,,,,,,,,,,,,,,,,,,,,,,,,,,,,,,,,,,,,,,,,,,,,,,,,,,,,,,,,,,,,,,,,,,,,,,,,,,,,,,,,,,,,,,,,,,,,,,,,,,,,2026-07-11 11:22:46.237,0,,
9408,63,61,10461,1,1769,GARCIA MILLAN,GAZPACHO,GAZPACHO ANDALUZ GM 330ML,FRUTAS INFANTES, ,,,,,,,,,NOT_COMPARABLE_MISSING_VALIDATION,1,0,0,,,,,,,,,,,,,,,,,,,,,,,,,,,,,,,,,,,,,,,,,,,,,,,,,,,,,,,,,,,,,,,,,,,,,,,,,,,,,,,,,,,,,,,,,,,,,,,,,,,,,,,,,,,,,,,,,,,,,,,,,,,,,,,,,,,,,,,,,,,,,,,,,,,,,,,,,,,,,,,,,,,,,,,,,,,,,,,,,,,,,,,,,,,,,,,,,,,,,,,,,,,,,,,,2026-07-11 11:22:46.237,0,,
9409,63,61,10461,1,1770,GARCIA MILLAN,GAZPACHO,GAZPACHO ANDALUZ GM 330ML,GARIZUR, ,,,,,,,,,NOT_COMPARABLE_MISSING_VALIDATION,1,0,0,,,,,,,,,,,,,,,,,,,,,,,,,,,,,,,,,,,,,,,,,,,,,,,,,,,,,,,,,,,,,,,,,,,,,,,,,,,,,,,,,,,,,,,,,,,,,,,,,,,,,,,,,,,,,,,,,,,,,,,,,,,,,,,,,,,,,,,,,,,,,,,,,,,,,,,,,,,,,,,,,,,,,,,,,,,,,,,,,,,,,,,,,,,,,,,,,,,,,,,,,,,,,,,,2026-07-11 11:22:46.237,0,,
9410,63,61,10461,1,1771,GARCIA MILLAN,GAZPACHO,GAZPACHO ANDALUZ GM 330ML,GB FOODSERVICE, ,,,,,,,,,NOT_COMPARABLE_MISSING_VALIDATION,1,0,0,,,,,,,,,,,,,,,,,,,,,,,,,,,,,,,,,,,,,,,,,,,,,,,,,,,,,,,,,,,,,,,,,,,,,,,,,,,,,,,,,,,,,,,,,,,,,,,,,,,,,,,,,,,,,,,,,,,,,,,,,,,,,,,,,,,,,,,,,,,,,,,,,,,,,,,,,,,,,,,,,,,,,,,,,,,,,,,,,,,,,,,,,,,,,,,,,,,,,,,,,,,,,,,,2026-07-11 11:22:46.237,0,,
9411,63,61,10461,1,1772,GARCIA MILLAN,GAZPACHO,GAZPACHO ANDALUZ GM 330ML,GRUPO AUCHAN, ,,,,,,,,,NOT_COMPARABLE_MISSING_VALIDATION,1,0,0,,,,,,,,,,,,,,,,,,,,,,,,,,,,,,,,,,,,,,,,,,,,,,,,,,,,,,,,,,,,,,,,,,,,,,,,,,,,,,,,,,,,,,,,,,,,,,,,,,,,,,,,,,,,,,,,,,,,,,,,,,,,,,,,,,,,,,,,,,,,,,,,,,,,,,,,,,,,,,,,,,,,,,,,,,,,,,,,,,,,,,,,,,,,,,,,,,,,,,,,,,,,,,,,2026-07-11 11:22:46.237,0,,
9412,63,61,10461,1,1773,GARCIA MILLAN,GAZPACHO,GAZPACHO ANDALUZ GM 330ML,GRUPO EL JAMON, ,,,,,,,,,NOT_COMPARABLE_MISSING_VALIDATION,1,0,0,,,,,,,,,,,,,,,,,,,,,,,,,,,,,,,,,,,,,,,,,,,,,,,,,,,,,,,,,,,,,,,,,,,,,,,,,,,,,,,,,,,,,,,,,,,,,,,,,,,,,,,,,,,,,,,,,,,,,,,,,,,,,,,,,,,,,,,,,,,,,,,,,,,,,,,,,,,,,,,,,,,,,,,,,,,,,,,,,,,,,,,,,,,,,,,,,,,,,,,,,,,,,,,,2026-07-11 11:22:46.237,0,,
9413,63,61,10461,1,1774,GARCIA MILLAN,GAZPACHO,GAZPACHO ANDALUZ GM 330ML,GSG BUSSINES, ,,,,,,,,,NOT_COMPARABLE_MISSING_VALIDATION,1,0,0,,,,,,,,,,,,,,,,,,,,,,,,,,,,,,,,,,,,,,,,,,,,,,,,,,,,,,,,,,,,,,,,,,,,,,,,,,,,,,,,,,,,,,,,,,,,,,,,,,,,,,,,,,,,,,,,,,,,,,,,,,,,,,,,,,,,,,,,,,,,,,,,,,,,,,,,,,,,,,,,,,,,,,,,,,,,,,,,,,,,,,,,,,,,,,,,,,,,,,,,,,,,,,,,2026-07-11 11:22:46.237,0,,
9414,63,61,10461,1,1775,GARCIA MILLAN,GAZPACHO,GAZPACHO ANDALUZ GM 330ML,HERMANOS AYALA, ,,,,,,,,,NOT_COMPARABLE_MISSING_VALIDATION,1,0,0,,,,,,,,,,,,,,,,,,,,,,,,,,,,,,,,,,,,,,,,,,,,,,,,,,,,,,,,,,,,,,,,,,,,,,,,,,,,,,,,,,,,,,,,,,,,,,,,,,,,,,,,,,,,,,,,,,,,,,,,,,,,,,,,,,,,,,,,,,,,,,,,,,,,,,,,,,,,,,,,,,,,,,,,,,,,,,,,,,,,,,,,,,,,,,,,,,,,,,,,,,,,,,,,2026-07-11 11:22:46.237,0,,
9415,63,61,10461,1,1776,GARCIA MILLAN,GAZPACHO,GAZPACHO ANDALUZ GM 330ML,HERMANOS MARTIN, ,,,,,,,,,NOT_COMPARABLE_MISSING_VALIDATION,1,0,0,,,,,,,,,,,,,,,,,,,,,,,,,,,,,,,,,,,,,,,,,,,,,,,,,,,,,,,,,,,,,,,,,,,,,,,,,,,,,,,,,,,,,,,,,,,,,,,,,,,,,,,,,,,,,,,,,,,,,,,,,,,,,,,,,,,,,,,,,,,,,,,,,,,,,,,,,,,,,,,,,,,,,,,,,,,,,,,,,,,,,,,,,,,,,,,,,,,,,,,,,,,,,,,,2026-07-11 11:22:46.237,0,,
9416,63,61,10461,1,1777,GARCIA MILLAN,GAZPACHO,GAZPACHO ANDALUZ GM 330ML,HIPER TAMBO, ,,,,,,,,,NOT_COMPARABLE_MISSING_VALIDATION,1,0,0,,,,,,,,,,,,,,,,,,,,,,,,,,,,,,,,,,,,,,,,,,,,,,,,,,,,,,,,,,,,,,,,,,,,,,,,,,,,,,,,,,,,,,,,,,,,,,,,,,,,,,,,,,,,,,,,,,,,,,,,,,,,,,,,,,,,,,,,,,,,,,,,,,,,,,,,,,,,,,,,,,,,,,,,,,,,,,,,,,,,,,,,,,,,,,,,,,,,,,,,,,,,,,,,2026-07-11 11:22:46.237,0,,
9417,63,61,10461,1,1778,GARCIA MILLAN,GAZPACHO,GAZPACHO ANDALUZ GM 330ML,HIPER USERA, ,,,,,,,,,NOT_COMPARABLE_MISSING_VALIDATION,1,0,0,,,,,,,,,,,,,,,,,,,,,,,,,,,,,,,,,,,,,,,,,,,,,,,,,,,,,,,,,,,,,,,,,,,,,,,,,,,,,,,,,,,,,,,,,,,,,,,,,,,,,,,,,,,,,,,,,,,,,,,,,,,,,,,,,,,,,,,,,,,,,,,,,,,,,,,,,,,,,,,,,,,,,,,,,,,,,,,,,,,,,,,,,,,,,,,,,,,,,,,,,,,,,,,,2026-07-11 11:22:46.237,0,,
9418,63,61,10461,1,1779,GARCIA MILLAN,GAZPACHO,GAZPACHO ANDALUZ GM 330ML,HT VENDING, ,,,,,,,,,NOT_COMPARABLE_MISSING_VALIDATION,1,0,0,,,,,,,,,,,,,,,,,,,,,,,,,,,,,,,,,,,,,,,,,,,,,,,,,,,,,,,,,,,,,,,,,,,,,,,,,,,,,,,,,,,,,,,,,,,,,,,,,,,,,,,,,,,,,,,,,,,,,,,,,,,,,,,,,,,,,,,,,,,,,,,,,,,,,,,,,,,,,,,,,,,,,,,,,,,,,,,,,,,,,,,,,,,,,,,,,,,,,,,,,,,,,,,,2026-07-11 11:22:46.237,0,,
9419,63,61,10461,1,1780,GARCIA MILLAN,GAZPACHO,GAZPACHO ANDALUZ GM 330ML,JOAQUIN TARDIO, ,,,,,,,,,NOT_COMPARABLE_MISSING_VALIDATION,1,0,0,,,,,,,,,,,,,,,,,,,,,,,,,,,,,,,,,,,,,,,,,,,,,,,,,,,,,,,,,,,,,,,,,,,,,,,,,,,,,,,,,,,,,,,,,,,,,,,,,,,,,,,,,,,,,,,,,,,,,,,,,,,,,,,,,,,,,,,,,,,,,,,,,,,,,,,,,,,,,,,,,,,,,,,,,,,,,,,,,,,,,,,,,,,,,,,,,,,,,,,,,,,,,,,,2026-07-11 11:22:46.237,0,,
9420,63,61,10461,1,1781,GARCIA MILLAN,GAZPACHO,GAZPACHO ANDALUZ GM 330ML,JURADO GOURMET, ,,,,,,,,,NOT_COMPARABLE_MISSING_VALIDATION,1,0,0,,,,,,,,,,,,,,,,,,,,,,,,,,,,,,,,,,,,,,,,,,,,,,,,,,,,,,,,,,,,,,,,,,,,,,,,,,,,,,,,,,,,,,,,,,,,,,,,,,,,,,,,,,,,,,,,,,,,,,,,,,,,,,,,,,,,,,,,,,,,,,,,,,,,,,,,,,,,,,,,,,,,,,,,,,,,,,,,,,,,,,,,,,,,,,,,,,,,,,,,,,,,,,,,2026-07-11 11:22:46.237,0,,
9421,63,61,10461,1,1782,GARCIA MILLAN,GAZPACHO,GAZPACHO ANDALUZ GM 330ML,LACTEAS HISPALENSE, ,,,,,,,,,NOT_COMPARABLE_MISSING_VALIDATION,1,0,0,,,,,,,,,,,,,,,,,,,,,,,,,,,,,,,,,,,,,,,,,,,,,,,,,,,,,,,,,,,,,,,,,,,,,,,,,,,,,,,,,,,,,,,,,,,,,,,,,,,,,,,,,,,,,,,,,,,,,,,,,,,,,,,,,,,,,,,,,,,,,,,,,,,,,,,,,,,,,,,,,,,,,,,,,,,,,,,,,,,,,,,,,,,,,,,,,,,,,,,,,,,,,,,,2026-07-11 11:22:46.237,0,,
9422,63,61,10461,1,1783,GARCIA MILLAN,GAZPACHO,GAZPACHO ANDALUZ GM 330ML,LIDL, ,,,,,,,,,NOT_COMPARABLE_MISSING_VALIDATION,1,0,0,,,,,,,,,,,,,,,,,,,,,,,,,,,,,,,,,,,,,,,,,,,,,,,,,,,,,,,,,,,,,,,,,,,,,,,,,,,,,,,,,,,,,,,,,,,,,,,,,,,,,,,,,,,,,,,,,,,,,,,,,,,,,,,,,,,,,,,,,,,,,,,,,,,,,,,,,,,,,,,,,,,,,,,,,,,,,,,,,,,,,,,,,,,,,,,,,,,,,,,,,,,,,,,,2026-07-11 11:22:46.237,0,,
9423,63,61,10461,1,1784,GARCIA MILLAN,GAZPACHO,GAZPACHO ANDALUZ GM 330ML,LOSAN DISTRIBUCIONES, ,,,,,,,,,NOT_COMPARABLE_MISSING_VALIDATION,1,0,0,,,,,,,,,,,,,,,,,,,,,,,,,,,,,,,,,,,,,,,,,,,,,,,,,,,,,,,,,,,,,,,,,,,,,,,,,,,,,,,,,,,,,,,,,,,,,,,,,,,,,,,,,,,,,,,,,,,,,,,,,,,,,,,,,,,,,,,,,,,,,,,,,,,,,,,,,,,,,,,,,,,,,,,,,,,,,,,,,,,,,,,,,,,,,,,,,,,,,,,,,,,,,,,,2026-07-11 11:22:46.237,0,,
9424,63,61,10461,1,1785,GARCIA MILLAN,GAZPACHO,GAZPACHO ANDALUZ GM 330ML,LUIS PIÃ‘A, ,,,,,,,,,NOT_COMPARABLE_MISSING_VALIDATION,1,0,0,,,,,,,,,,,,,,,,,,,,,,,,,,,,,,,,,,,,,,,,,,,,,,,,,,,,,,,,,,,,,,,,,,,,,,,,,,,,,,,,,,,,,,,,,,,,,,,,,,,,,,,,,,,,,,,,,,,,,,,,,,,,,,,,,,,,,,,,,,,,,,,,,,,,,,,,,,,,,,,,,,,,,,,,,,,,,,,,,,,,,,,,,,,,,,,,,,,,,,,,,,,,,,,,2026-07-11 11:22:46.237,0,,
9425,63,61,10461,1,1786,GARCIA MILLAN,GAZPACHO,GAZPACHO ANDALUZ GM 330ML,MARKETING, ,,,,,,,,,NOT_COMPARABLE_MISSING_VALIDATION,1,0,0,,,,,,,,,,,,,,,,,,,,,,,,,,,,,,,,,,,,,,,,,,,,,,,,,,,,,,,,,,,,,,,,,,,,,,,,,,,,,,,,,,,,,,,,,,,,,,,,,,,,,,,,,,,,,,,,,,,,,,,,,,,,,,,,,,,,,,,,,,,,,,,,,,,,,,,,,,,,,,,,,,,,,,,,,,,,,,,,,,,,,,,,,,,,,,,,,,,,,,,,,,,,,,,,2026-07-11 11:22:46.237,0,,
9426,63,61,10461,1,1787,GARCIA MILLAN,GAZPACHO,GAZPACHO ANDALUZ GM 330ML,MERCADONA, ,,,,,,,,,NOT_COMPARABLE_MISSING_VALIDATION,1,0,0,,,,,,,,,,,,,,,,,,,,,,,,,,,,,,,,,,,,,,,,,,,,,,,,,,,,,,,,,,,,,,,,,,,,,,,,,,,,,,,,,,,,,,,,,,,,,,,,,,,,,,,,,,,,,,,,,,,,,,,,,,,,,,,,,,,,,,,,,,,,,,,,,,,,,,,,,,,,,,,,,,,,,,,,,,,,,,,,,,,,,,,,,,,,,,,,,,,,,,,,,,,,,,,,2026-07-11 11:22:46.237,0,,
9427,63,61,10461,1,1788,GARCIA MILLAN,GAZPACHO,GAZPACHO ANDALUZ GM 330ML,MOISES MUÃ‘OZ E HIJOS, ,,,,,,,,,NOT_COMPARABLE_MISSING_VALIDATION,1,0,0,,,,,,,,,,,,,,,,,,,,,,,,,,,,,,,,,,,,,,,,,,,,,,,,,,,,,,,,,,,,,,,,,,,,,,,,,,,,,,,,,,,,,,,,,,,,,,,,,,,,,,,,,,,,,,,,,,,,,,,,,,,,,,,,,,,,,,,,,,,,,,,,,,,,,,,,,,,,,,,,,,,,,,,,,,,,,,,,,,,,,,,,,,,,,,,,,,,,,,,,,,,,,,,,2026-07-11 11:22:46.237,0,,
9428,63,61,10461,1,1789,GARCIA MILLAN,GAZPACHO,GAZPACHO ANDALUZ GM 330ML,MUESTRAS, ,,,,,,,,,NOT_COMPARABLE_MISSING_VALIDATION,1,0,0,,,,,,,,,,,,,,,,,,,,,,,,,,,,,,,,,,,,,,,,,,,,,,,,,,,,,,,,,,,,,,,,,,,,,,,,,,,,,,,,,,,,,,,,,,,,,,,,,,,,,,,,,,,,,,,,,,,,,,,,,,,,,,,,,,,,,,,,,,,,,,,,,,,,,,,,,,,,,,,,,,,,,,,,,,,,,,,,,,,,,,,,,,,,,,,,,,,,,,,,,,,,,,,,2026-07-11 11:22:46.237,0,,
9429,63,61,10461,1,1790,GARCIA MILLAN,GAZPACHO,GAZPACHO ANDALUZ GM 330ML,PARQUE ISLA MAGICA, ,,,,,,,,,NOT_COMPARABLE_MISSING_VALIDATION,1,0,0,,,,,,,,,,,,,,,,,,,,,,,,,,,,,,,,,,,,,,,,,,,,,,,,,,,,,,,,,,,,,,,,,,,,,,,,,,,,,,,,,,,,,,,,,,,,,,,,,,,,,,,,,,,,,,,,,,,,,,,,,,,,,,,,,,,,,,,,,,,,,,,,,,,,,,,,,,,,,,,,,,,,,,,,,,,,,,,,,,,,,,,,,,,,,,,,,,,,,,,,,,,,,,,,2026-07-11 11:22:46.237,0,,
9430,63,61,10461,1,1791,GARCIA MILLAN,GAZPACHO,GAZPACHO ANDALUZ GM 330ML,PARQUE NORTE, ,,,,,,,,,NOT_COMPARABLE_MISSING_VALIDATION,1,0,0,,,,,,,,,,,,,,,,,,,,,,,,,,,,,,,,,,,,,,,,,,,,,,,,,,,,,,,,,,,,,,,,,,,,,,,,,,,,,,,,,,,,,,,,,,,,,,,,,,,,,,,,,,,,,,,,,,,,,,,,,,,,,,,,,,,,,,,,,,,,,,,,,,,,,,,,,,,,,,,,,,,,,,,,,,,,,,,,,,,,,,,,,,,,,,,,,,,,,,,,,,,,,,,,2026-07-11 11:22:46.237,0,,
9431,63,61,10461,1,1792,GARCIA MILLAN,GAZPACHO,GAZPACHO ANDALUZ GM 330ML,PLASTICOSUR, ,,,,,,,,,NOT_COMPARABLE_MISSING_VALIDATION,1,0,0,,,,,,,,,,,,,,,,,,,,,,,,,,,,,,,,,,,,,,,,,,,,,,,,,,,,,,,,,,,,,,,,,,,,,,,,,,,,,,,,,,,,,,,,,,,,,,,,,,,,,,,,,,,,,,,,,,,,,,,,,,,,,,,,,,,,,,,,,,,,,,,,,,,,,,,,,,,,,,,,,,,,,,,,,,,,,,,,,,,,,,,,,,,,,,,,,,,,,,,,,,,,,,,,2026-07-11 11:22:46.237,0,,
9432,63,61,10461,1,1793,GARCIA MILLAN,GAZPACHO,GAZPACHO ANDALUZ GM 330ML,PUNTO SADEAL UNIVERSAL, ,,,,,,,,,NOT_COMPARABLE_MISSING_VALIDATION,1,0,0,,,,,,,,,,,,,,,,,,,,,,,,,,,,,,,,,,,,,,,,,,,,,,,,,,,,,,,,,,,,,,,,,,,,,,,,,,,,,,,,,,,,,,,,,,,,,,,,,,,,,,,,,,,,,,,,,,,,,,,,,,,,,,,,,,,,,,,,,,,,,,,,,,,,,,,,,,,,,,,,,,,,,,,,,,,,,,,,,,,,,,,,,,,,,,,,,,,,,,,,,,,,,,,,2026-07-11 11:22:46.237,0,,
9433,63,61,10461,1,1794,GARCIA MILLAN,GAZPACHO,GAZPACHO ANDALUZ GM 330ML,RAFAEL OLIAS, ,,,,,,,,,NOT_COMPARABLE_MISSING_VALIDATION,1,0,0,,,,,,,,,,,,,,,,,,,,,,,,,,,,,,,,,,,,,,,,,,,,,,,,,,,,,,,,,,,,,,,,,,,,,,,,,,,,,,,,,,,,,,,,,,,,,,,,,,,,,,,,,,,,,,,,,,,,,,,,,,,,,,,,,,,,,,,,,,,,,,,,,,,,,,,,,,,,,,,,,,,,,,,,,,,,,,,,,,,,,,,,,,,,,,,,,,,,,,,,,,,,,,,,2026-07-11 11:22:46.237,0,,
9434,63,61,10461,1,1795,GARCIA MILLAN,GAZPACHO,GAZPACHO ANDALUZ GM 330ML,REPRESENTACIONES MAYORAL, ,,,,,,,,,NOT_COMPARABLE_MISSING_VALIDATION,1,0,0,,,,,,,,,,,,,,,,,,,,,,,,,,,,,,,,,,,,,,,,,,,,,,,,,,,,,,,,,,,,,,,,,,,,,,,,,,,,,,,,,,,,,,,,,,,,,,,,,,,,,,,,,,,,,,,,,,,,,,,,,,,,,,,,,,,,,,,,,,,,,,,,,,,,,,,,,,,,,,,,,,,,,,,,,,,,,,,,,,,,,,,,,,,,,,,,,,,,,,,,,,,,,,,,2026-07-11 11:22:46.237,0,,
9435,63,61,10461,1,1796,GARCIA MILLAN,GAZPACHO,GAZPACHO ANDALUZ GM 330ML,RUIZ GALAN, ,,,,,,,,,NOT_COMPARABLE_MISSING_VALIDATION,1,0,0,,,,,,,,,,,,,,,,,,,,,,,,,,,,,,,,,,,,,,,,,,,,,,,,,,,,,,,,,,,,,,,,,,,,,,,,,,,,,,,,,,,,,,,,,,,,,,,,,,,,,,,,,,,,,,,,,,,,,,,,,,,,,,,,,,,,,,,,,,,,,,,,,,,,,,,,,,,,,,,,,,,,,,,,,,,,,,,,,,,,,,,,,,,,,,,,,,,,,,,,,,,,,,,,2026-07-11 11:22:46.237,0,,
9436,63,61,10461,1,1797,GARCIA MILLAN,GAZPACHO,GAZPACHO ANDALUZ GM 330ML,SOALPE, ,,,,,,,,,NOT_COMPARABLE_MISSING_VALIDATION,1,0,0,,,,,,,,,,,,,,,,,,,,,,,,,,,,,,,,,,,,,,,,,,,,,,,,,,,,,,,,,,,,,,,,,,,,,,,,,,,,,,,,,,,,,,,,,,,,,,,,,,,,,,,,,,,,,,,,,,,,,,,,,,,,,,,,,,,,,,,,,,,,,,,,,,,,,,,,,,,,,,,,,,,,,,,,,,,,,,,,,,,,,,,,,,,,,,,,,,,,,,,,,,,,,,,,2026-07-11 11:22:46.237,0,,
9437,63,61,10461,1,1798,GARCIA MILLAN,GAZPACHO,GAZPACHO ANDALUZ GM 330ML,SOLA RICCA, ,,,,,,,,,NOT_COMPARABLE_MISSING_VALIDATION,1,0,0,,,,,,,,,,,,,,,,,,,,,,,,,,,,,,,,,,,,,,,,,,,,,,,,,,,,,,,,,,,,,,,,,,,,,,,,,,,,,,,,,,,,,,,,,,,,,,,,,,,,,,,,,,,,,,,,,,,,,,,,,,,,,,,,,,,,,,,,,,,,,,,,,,,,,,,,,,,,,,,,,,,,,,,,,,,,,,,,,,,,,,,,,,,,,,,,,,,,,,,,,,,,,,,,2026-07-11 11:22:46.237,0,,
9438,63,61,10461,1,1799,GARCIA MILLAN,GAZPACHO,GAZPACHO ANDALUZ GM 330ML,SUPER ARCOS, ,,,,,,,,,NOT_COMPARABLE_MISSING_VALIDATION,1,0,0,,,,,,,,,,,,,,,,,,,,,,,,,,,,,,,,,,,,,,,,,,,,,,,,,,,,,,,,,,,,,,,,,,,,,,,,,,,,,,,,,,,,,,,,,,,,,,,,,,,,,,,,,,,,,,,,,,,,,,,,,,,,,,,,,,,,,,,,,,,,,,,,,,,,,,,,,,,,,,,,,,,,,,,,,,,,,,,,,,,,,,,,,,,,,,,,,,,,,,,,,,,,,,,,2026-07-11 11:22:46.237,0,,
9439,63,61,10461,1,1800,GARCIA MILLAN,GAZPACHO,GAZPACHO ANDALUZ GM 330ML,UNAMI CATERING, ,,,,,,,,,NOT_COMPARABLE_MISSING_VALIDATION,1,0,0,,,,,,,,,,,,,,,,,,,,,,,,,,,,,,,,,,,,,,,,,,,,,,,,,,,,,,,,,,,,,,,,,,,,,,,,,,,,,,,,,,,,,,,,,,,,,,,,,,,,,,,,,,,,,,,,,,,,,,,,,,,,,,,,,,,,,,,,,,,,,,,,,,,,,,,,,,,,,,,,,,,,,,,,,,,,,,,,,,,,,,,,,,,,,,,,,,,,,,,,,,,,,,,,2026-07-11 11:22:46.237,0,,
9440,63,61,10461,1,1801,GARCIA MILLAN,GAZPACHO,GAZPACHO ANDALUZ GM 330ML,UNEI, ,,,,,,,,,NOT_COMPARABLE_MISSING_VALIDATION,1,0,0,,,,,,,,,,,,,,,,,,,,,,,,,,,,,,,,,,,,,,,,,,,,,,,,,,,,,,,,,,,,,,,,,,,,,,,,,,,,,,,,,,,,,,,,,,,,,,,,,,,,,,,,,,,,,,,,,,,,,,,,,,,,,,,,,,,,,,,,,,,,,,,,,,,,,,,,,,,,,,,,,,,,,,,,,,,,,,,,,,,,,,,,,,,,,,,,,,,,,,,,,,,,,,,,2026-07-11 11:22:46.237,0,,
9441,63,61,10461,1,1802,GARCIA MILLAN,SALMOREJO, , , ,,,,,,,,,NOT_COMPARABLE_MISSING_VALIDATION,1,0,0,,,,,,,,,,,,,,,,,,,,,,,,,,,,,,,,,,,,,,,,,,,,,,,,,,,,,,,,,,,,,,,,,,,,,,,,,,,,,,,,,,,,,,,,,,,,,,,,,,,,,,,,,,,,,,,,,,,,,,,,,,,,,,,,,,,,,,,,,,,,,,,,,,,,,,,,,,,,,,,,,,,,,,,,,,,,,,,,,,,,,,,,,,,,,,,,,,,,,,,,,,,,,,,,2026-07-11 11:22:46.237,0,,
9442,63,61,10461,1,1803,GARCIA MILLAN,SALMOREJO,SALMOREJO ORIGINAL GM 1L, , ,,,,,,,,,NOT_COMPARABLE_MISSING_VALIDATION,1,0,0,,,,,,,,,,,,,,,,,,,,,,,,,,,,,,,,,,,,,,,,,,,,,,,,,,,,,,,,,,,,,,,,,,,,,,,,,,,,,,,,,,,,,,,,,,,,,,,,,,,,,,,,,,,,,,,,,,,,,,,,,,,,,,,,,,,,,,,,,,,,,,,,,,,,,,,,,,,,,,,,,,,,,,,,,,,,,,,,,,,,,,,,,,,,,,,,,,,,,,,,,,,,,,,,2026-07-11 11:22:46.237,0,,
"9443,63,61,10461,1,1804,GARCIA MILLAN,SALMOREJO,SALMOREJO ORIGINAL GM 1L,"""", ,,,,,,,,,NOT_COMPARABLE_MISSING_VALIDATION,1,0,0,,,,,,,,,,,,,,,,,,,,,,,,,,,,,,,,,,,,,,,,,,,,,,,,,,,,,,,,,,,,,,,,,,,,,,,,,,,,,,,,,,,,,,,,,,,,,,,,,,,,,,,,,,,,,,,,,,,,,,,,,,,,,,,,,,,,,,,,,,,,,,,,,,,,,,,,,,,,,,,,,,,,,,,,,,,,,,,,,,,,,,,,,,,,,,,,,,,,,,,,,,,,,,,,2026-07-11 11:22:46.237,0,,"
9444,63,61,10461,1,1805,GARCIA MILLAN,SALMOREJO,SALMOREJO ORIGINAL GM 1L,AHORRAMAS, ,,,,,,,,,NOT_COMPARABLE_MISSING_VALIDATION,1,0,0,,,,,,,,,,,,,,,,,,,,,,,,,,,,,,,,,,,,,,,,,,,,,,,,,,,,,,,,,,,,,,,,,,,,,,,,,,,,,,,,,,,,,,,,,,,,,,,,,,,,,,,,,,,,,,,,,,,,,,,,,,,,,,,,,,,,,,,,,,,,,,,,,,,,,,,,,,,,,,,,,,,,,,,,,,,,,,,,,,,,,,,,,,,,,,,,,,,,,,,,,,,,,,,,2026-07-11 11:22:46.237,0,,
9445,63,61,10461,1,1806,GARCIA MILLAN,SALMOREJO,SALMOREJO ORIGINAL GM 1L,ALDI, ,,,,,,,,,NOT_COMPARABLE_MISSING_VALIDATION,1,0,0,,,,,,,,,,,,,,,,,,,,,,,,,,,,,,,,,,,,,,,,,,,,,,,,,,,,,,,,,,,,,,,,,,,,,,,,,,,,,,,,,,,,,,,,,,,,,,,,,,,,,,,,,,,,,,,,,,,,,,,,,,,,,,,,,,,,,,,,,,,,,,,,,,,,,,,,,,,,,,,,,,,,,,,,,,,,,,,,,,,,,,,,,,,,,,,,,,,,,,,,,,,,,,,,2026-07-11 11:22:46.237,0,,
9446,63,61,10461,1,1807,GARCIA MILLAN,SALMOREJO,SALMOREJO ORIGINAL GM 1L,ALIMERKA, ,,,,,,,,,NOT_COMPARABLE_MISSING_VALIDATION,1,0,0,,,,,,,,,,,,,,,,,,,,,,,,,,,,,,,,,,,,,,,,,,,,,,,,,,,,,,,,,,,,,,,,,,,,,,,,,,,,,,,,,,,,,,,,,,,,,,,,,,,,,,,,,,,,,,,,,,,,,,,,,,,,,,,,,,,,,,,,,,,,,,,,,,,,,,,,,,,,,,,,,,,,,,,,,,,,,,,,,,,,,,,,,,,,,,,,,,,,,,,,,,,,,,,,2026-07-11 11:22:46.237,0,,
9447,63,61,10461,1,1808,GARCIA MILLAN,SALMOREJO,SALMOREJO ORIGINAL GM 1L,ALIPENSA, ,,,,,,,,,NOT_COMPARABLE_MISSING_VALIDATION,1,0,0,,,,,,,,,,,,,,,,,,,,,,,,,,,,,,,,,,,,,,,,,,,,,,,,,,,,,,,,,,,,,,,,,,,,,,,,,,,,,,,,,,,,,,,,,,,,,,,,,,,,,,,,,,,,,,,,,,,,,,,,,,,,,,,,,,,,,,,,,,,,,,,,,,,,,,,,,,,,,,,,,,,,,,,,,,,,,,,,,,,,,,,,,,,,,,,,,,,,,,,,,,,,,,,,2026-07-11 11:22:46.237,0,,
9448,63,61,10461,1,1809,GARCIA MILLAN,SALMOREJO,SALMOREJO ORIGINAL GM 1L,AMAZON, ,,,,,,,,,NOT_COMPARABLE_MISSING_VALIDATION,1,0,0,,,,,,,,,,,,,,,,,,,,,,,,,,,,,,,,,,,,,,,,,,,,,,,,,,,,,,,,,,,,,,,,,,,,,,,,,,,,,,,,,,,,,,,,,,,,,,,,,,,,,,,,,,,,,,,,,,,,,,,,,,,,,,,,,,,,,,,,,,,,,,,,,,,,,,,,,,,,,,,,,,,,,,,,,,,,,,,,,,,,,,,,,,,,,,,,,,,,,,,,,,,,,,,,2026-07-11 11:22:46.237,0,,
9449,63,61,10461,1,1810,GARCIA MILLAN,SALMOREJO,SALMOREJO ORIGINAL GM 1L,BARMA FANGZHOU, ,,,,,,,,,NOT_COMPARABLE_MISSING_VALIDATION,1,0,0,,,,,,,,,,,,,,,,,,,,,,,,,,,,,,,,,,,,,,,,,,,,,,,,,,,,,,,,,,,,,,,,,,,,,,,,,,,,,,,,,,,,,,,,,,,,,,,,,,,,,,,,,,,,,,,,,,,,,,,,,,,,,,,,,,,,,,,,,,,,,,,,,,,,,,,,,,,,,,,,,,,,,,,,,,,,,,,,,,,,,,,,,,,,,,,,,,,,,,,,,,,,,,,,2026-07-11 11:22:46.237,0,,
9450,63,61,10461,1,1811,GARCIA MILLAN,SALMOREJO,SALMOREJO ORIGINAL GM 1L,BELMAR DON BENITO, ,,,,,,,,,NOT_COMPARABLE_MISSING_VALIDATION,1,0,0,,,,,,,,,,,,,,,,,,,,,,,,,,,,,,,,,,,,,,,,,,,,,,,,,,,,,,,,,,,,,,,,,,,,,,,,,,,,,,,,,,,,,,,,,,,,,,,,,,,,,,,,,,,,,,,,,,,,,,,,,,,,,,,,,,,,,,,,,,,,,,,,,,,,,,,,,,,,,,,,,,,,,,,,,,,,,,,,,,,,,,,,,,,,,,,,,,,,,,,,,,,,,,,,2026-07-11 11:22:46.237,0,,
9451,63,61,10461,1,1812,GARCIA MILLAN,SALMOREJO,SALMOREJO ORIGINAL GM 1L,BGROUP, ,,,,,,,,,NOT_COMPARABLE_MISSING_VALIDATION,1,0,0,,,,,,,,,,,,,,,,,,,,,,,,,,,,,,,,,,,,,,,,,,,,,,,,,,,,,,,,,,,,,,,,,,,,,,,,,,,,,,,,,,,,,,,,,,,,,,,,,,,,,,,,,,,,,,,,,,,,,,,,,,,,,,,,,,,,,,,,,,,,,,,,,,,,,,,,,,,,,,,,,,,,,,,,,,,,,,,,,,,,,,,,,,,,,,,,,,,,,,,,,,,,,,,,2026-07-11 11:22:46.237,0,,
9452,63,61,10461,1,1813,GARCIA MILLAN,SALMOREJO,SALMOREJO ORIGINAL GM 1L,BON PREU, ,,,,,,,,,NOT_COMPARABLE_MISSING_VALIDATION,1,0,0,,,,,,,,,,,,,,,,,,,,,,,,,,,,,,,,,,,,,,,,,,,,,,,,,,,,,,,,,,,,,,,,,,,,,,,,,,,,,,,,,,,,,,,,,,,,,,,,,,,,,,,,,,,,,,,,,,,,,,,,,,,,,,,,,,,,,,,,,,,,,,,,,,,,,,,,,,,,,,,,,,,,,,,,,,,,,,,,,,,,,,,,,,,,,,,,,,,,,,,,,,,,,,,,2026-07-11 11:22:46.237,0,,
9453,63,61,10461,1,1814,GARCIA MILLAN,SALMOREJO,SALMOREJO ORIGINAL GM 1L,CARO RUIZ, ,,,,,,,,,NOT_COMPARABLE_MISSING_VALIDATION,1,0,0,,,,,,,,,,,,,,,,,,,,,,,,,,,,,,,,,,,,,,,,,,,,,,,,,,,,,,,,,,,,,,,,,,,,,,,,,,,,,,,,,,,,,,,,,,,,,,,,,,,,,,,,,,,,,,,,,,,,,,,,,,,,,,,,,,,,,,,,,,,,,,,,,,,,,,,,,,,,,,,,,,,,,,,,,,,,,,,,,,,,,,,,,,,,,,,,,,,,,,,,,,,,,,,,2026-07-11 11:22:46.237,0,,
9454,63,61,10461,1,1815,GARCIA MILLAN,SALMOREJO,SALMOREJO ORIGINAL GM 1L,CARREFOUR, ,,,,,,,,,NOT_COMPARABLE_MISSING_VALIDATION,1,0,0,,,,,,,,,,,,,,,,,,,,,,,,,,,,,,,,,,,,,,,,,,,,,,,,,,,,,,,,,,,,,,,,,,,,,,,,,,,,,,,,,,,,,,,,,,,,,,,,,,,,,,,,,,,,,,,,,,,,,,,,,,,,,,,,,,,,,,,,,,,,,,,,,,,,,,,,,,,,,,,,,,,,,,,,,,,,,,,,,,,,,,,,,,,,,,,,,,,,,,,,,,,,,,,,2026-07-11 11:22:46.237,0,,
9455,63,61,10461,1,1816,GARCIA MILLAN,SALMOREJO,SALMOREJO ORIGINAL GM 1L,CARRION PARADAS, ,,,,,,,,,NOT_COMPARABLE_MISSING_VALIDATION,1,0,0,,,,,,,,,,,,,,,,,,,,,,,,,,,,,,,,,,,,,,,,,,,,,,,,,,,,,,,,,,,,,,,,,,,,,,,,,,,,,,,,,,,,,,,,,,,,,,,,,,,,,,,,,,,,,,,,,,,,,,,,,,,,,,,,,,,,,,,,,,,,,,,,,,,,,,,,,,,,,,,,,,,,,,,,,,,,,,,,,,,,,,,,,,,,,,,,,,,,,,,,,,,,,,,,2026-07-11 11:22:46.237,0,,
9456,63,61,10461,1,1817,GARCIA MILLAN,SALMOREJO,SALMOREJO ORIGINAL GM 1L,CASH BAREA, ,,,,,,,,,NOT_COMPARABLE_MISSING_VALIDATION,1,0,0,,,,,,,,,,,,,,,,,,,,,,,,,,,,,,,,,,,,,,,,,,,,,,,,,,,,,,,,,,,,,,,,,,,,,,,,,,,,,,,,,,,,,,,,,,,,,,,,,,,,,,,,,,,,,,,,,,,,,,,,,,,,,,,,,,,,,,,,,,,,,,,,,,,,,,,,,,,,,,,,,,,,,,,,,,,,,,,,,,,,,,,,,,,,,,,,,,,,,,,,,,,,,,,,2026-07-11 11:22:46.237,0,,
9457,63,61,10461,1,1818,GARCIA MILLAN,SALMOREJO,SALMOREJO ORIGINAL GM 1L,CATERING DOMENICO, ,,,,,,,,,NOT_COMPARABLE_MISSING_VALIDATION,1,0,0,,,,,,,,,,,,,,,,,,,,,,,,,,,,,,,,,,,,,,,,,,,,,,,,,,,,,,,,,,,,,,,,,,,,,,,,,,,,,,,,,,,,,,,,,,,,,,,,,,,,,,,,,,,,,,,,,,,,,,,,,,,,,,,,,,,,,,,,,,,,,,,,,,,,,,,,,,,,,,,,,,,,,,,,,,,,,,,,,,,,,,,,,,,,,,,,,,,,,,,,,,,,,,,,2026-07-11 11:22:46.237,0,,
9458,63,61,10461,1,1819,GARCIA MILLAN,SALMOREJO,SALMOREJO ORIGINAL GM 1L,CHAPELA LEON, ,,,,,,,,,NOT_COMPARABLE_MISSING_VALIDATION,1,0,0,,,,,,,,,,,,,,,,,,,,,,,,,,,,,,,,,,,,,,,,,,,,,,,,,,,,,,,,,,,,,,,,,,,,,,,,,,,,,,,,,,,,,,,,,,,,,,,,,,,,,,,,,,,,,,,,,,,,,,,,,,,,,,,,,,,,,,,,,,,,,,,,,,,,,,,,,,,,,,,,,,,,,,,,,,,,,,,,,,,,,,,,,,,,,,,,,,,,,,,,,,,,,,,,2026-07-11 11:22:46.237,0,,
9459,63,61,10461,1,1820,GARCIA MILLAN,SALMOREJO,SALMOREJO ORIGINAL GM 1L,COFRUMA, ,,,,,,,,,NOT_COMPARABLE_MISSING_VALIDATION,1,0,0,,,,,,,,,,,,,,,,,,,,,,,,,,,,,,,,,,,,,,,,,,,,,,,,,,,,,,,,,,,,,,,,,,,,,,,,,,,,,,,,,,,,,,,,,,,,,,,,,,,,,,,,,,,,,,,,,,,,,,,,,,,,,,,,,,,,,,,,,,,,,,,,,,,,,,,,,,,,,,,,,,,,,,,,,,,,,,,,,,,,,,,,,,,,,,,,,,,,,,,,,,,,,,,,2026-07-11 11:22:46.237,0,,
9460,63,61,10461,1,1821,GARCIA MILLAN,SALMOREJO,SALMOREJO ORIGINAL GM 1L,COMEDOR SAN JUAN DE ACRE, ,,,,,,,,,NOT_COMPARABLE_MISSING_VALIDATION,1,0,0,,,,,,,,,,,,,,,,,,,,,,,,,,,,,,,,,,,,,,,,,,,,,,,,,,,,,,,,,,,,,,,,,,,,,,,,,,,,,,,,,,,,,,,,,,,,,,,,,,,,,,,,,,,,,,,,,,,,,,,,,,,,,,,,,,,,,,,,,,,,,,,,,,,,,,,,,,,,,,,,,,,,,,,,,,,,,,,,,,,,,,,,,,,,,,,,,,,,,,,,,,,,,,,,2026-07-11 11:22:46.237,0,,
9461,63,61,10461,1,1822,GARCIA MILLAN,SALMOREJO,SALMOREJO ORIGINAL GM 1L,COMERBAL, ,,,,,,,,,NOT_COMPARABLE_MISSING_VALIDATION,1,0,0,,,,,,,,,,,,,,,,,,,,,,,,,,,,,,,,,,,,,,,,,,,,,,,,,,,,,,,,,,,,,,,,,,,,,,,,,,,,,,,,,,,,,,,,,,,,,,,,,,,,,,,,,,,,,,,,,,,,,,,,,,,,,,,,,,,,,,,,,,,,,,,,,,,,,,,,,,,,,,,,,,,,,,,,,,,,,,,,,,,,,,,,,,,,,,,,,,,,,,,,,,,,,,,,2026-07-11 11:22:46.237,0,,
9462,63,61,10461,1,1823,GARCIA MILLAN,SALMOREJO,SALMOREJO ORIGINAL GM 1L,COMERCIAL PIEDRA TRUJILLO, ,,,,,,,,,NOT_COMPARABLE_MISSING_VALIDATION,1,0,0,,,,,,,,,,,,,,,,,,,,,,,,,,,,,,,,,,,,,,,,,,,,,,,,,,,,,,,,,,,,,,,,,,,,,,,,,,,,,,,,,,,,,,,,,,,,,,,,,,,,,,,,,,,,,,,,,,,,,,,,,,,,,,,,,,,,,,,,,,,,,,,,,,,,,,,,,,,,,,,,,,,,,,,,,,,,,,,,,,,,,,,,,,,,,,,,,,,,,,,,,,,,,,,,2026-07-11 11:22:46.237,0,,
9463,63,61,10461,1,1824,GARCIA MILLAN,SALMOREJO,SALMOREJO ORIGINAL GM 1L,CONDIS, ,,,,,,,,,NOT_COMPARABLE_MISSING_VALIDATION,1,0,0,,,,,,,,,,,,,,,,,,,,,,,,,,,,,,,,,,,,,,,,,,,,,,,,,,,,,,,,,,,,,,,,,,,,,,,,,,,,,,,,,,,,,,,,,,,,,,,,,,,,,,,,,,,,,,,,,,,,,,,,,,,,,,,,,,,,,,,,,,,,,,,,,,,,,,,,,,,,,,,,,,,,,,,,,,,,,,,,,,,,,,,,,,,,,,,,,,,,,,,,,,,,,,,,2026-07-11 11:22:46.237,0,,
9464,63,61,10461,1,1825,GARCIA MILLAN,SALMOREJO,SALMOREJO ORIGINAL GM 1L,CONSUM, ,,,,,,,,,NOT_COMPARABLE_MISSING_VALIDATION,1,0,0,,,,,,,,,,,,,,,,,,,,,,,,,,,,,,,,,,,,,,,,,,,,,,,,,,,,,,,,,,,,,,,,,,,,,,,,,,,,,,,,,,,,,,,,,,,,,,,,,,,,,,,,,,,,,,,,,,,,,,,,,,,,,,,,,,,,,,,,,,,,,,,,,,,,,,,,,,,,,,,,,,,,,,,,,,,,,,,,,,,,,,,,,,,,,,,,,,,,,,,,,,,,,,,,2026-07-11 11:22:46.237,0,,
9465,63,61,10461,1,1826,GARCIA MILLAN,SALMOREJO,SALMOREJO ORIGINAL GM 1L,COVIRAN, ,,,,,,,,,NOT_COMPARABLE_MISSING_VALIDATION,1,0,0,,,,,,,,,,,,,,,,,,,,,,,,,,,,,,,,,,,,,,,,,,,,,,,,,,,,,,,,,,,,,,,,,,,,,,,,,,,,,,,,,,,,,,,,,,,,,,,,,,,,,,,,,,,,,,,,,,,,,,,,,,,,,,,,,,,,,,,,,,,,,,,,,,,,,,,,,,,,,,,,,,,,,,,,,,,,,,,,,,,,,,,,,,,,,,,,,,,,,,,,,,,,,,,,2026-07-11 11:22:46.237,0,,
9466,63,61,10461,1,1827,GARCIA MILLAN,SALMOREJO,SALMOREJO ORIGINAL GM 1L,DIA, ,,,,,,,,,NOT_COMPARABLE_MISSING_VALIDATION,1,0,0,,,,,,,,,,,,,,,,,,,,,,,,,,,,,,,,,,,,,,,,,,,,,,,,,,,,,,,,,,,,,,,,,,,,,,,,,,,,,,,,,,,,,,,,,,,,,,,,,,,,,,,,,,,,,,,,,,,,,,,,,,,,,,,,,,,,,,,,,,,,,,,,,,,,,,,,,,,,,,,,,,,,,,,,,,,,,,,,,,,,,,,,,,,,,,,,,,,,,,,,,,,,,,,,2026-07-11 11:22:46.237,0,,
9467,63,61,10461,1,1828,GARCIA MILLAN,SALMOREJO,SALMOREJO ORIGINAL GM 1L,DINOSOL, ,,,,,,,,,NOT_COMPARABLE_MISSING_VALIDATION,1,0,0,,,,,,,,,,,,,,,,,,,,,,,,,,,,,,,,,,,,,,,,,,,,,,,,,,,,,,,,,,,,,,,,,,,,,,,,,,,,,,,,,,,,,,,,,,,,,,,,,,,,,,,,,,,,,,,,,,,,,,,,,,,,,,,,,,,,,,,,,,,,,,,,,,,,,,,,,,,,,,,,,,,,,,,,,,,,,,,,,,,,,,,,,,,,,,,,,,,,,,,,,,,,,,,,2026-07-11 11:22:46.237,0,,
9468,63,61,10461,1,1829,GARCIA MILLAN,SALMOREJO,SALMOREJO ORIGINAL GM 1L,DISTRIBUCIONES CARDOSO, ,,,,,,,,,NOT_COMPARABLE_MISSING_VALIDATION,1,0,0,,,,,,,,,,,,,,,,,,,,,,,,,,,,,,,,,,,,,,,,,,,,,,,,,,,,,,,,,,,,,,,,,,,,,,,,,,,,,,,,,,,,,,,,,,,,,,,,,,,,,,,,,,,,,,,,,,,,,,,,,,,,,,,,,,,,,,,,,,,,,,,,,,,,,,,,,,,,,,,,,,,,,,,,,,,,,,,,,,,,,,,,,,,,,,,,,,,,,,,,,,,,,,,,2026-07-11 11:22:46.237,0,,
9469,63,61,10461,1,1830,GARCIA MILLAN,SALMOREJO,SALMOREJO ORIGINAL GM 1L,DISTRIBUCIONES FROIZ, ,,,,,,,,,NOT_COMPARABLE_MISSING_VALIDATION,1,0,0,,,,,,,,,,,,,,,,,,,,,,,,,,,,,,,,,,,,,,,,,,,,,,,,,,,,,,,,,,,,,,,,,,,,,,,,,,,,,,,,,,,,,,,,,,,,,,,,,,,,,,,,,,,,,,,,,,,,,,,,,,,,,,,,,,,,,,,,,,,,,,,,,,,,,,,,,,,,,,,,,,,,,,,,,,,,,,,,,,,,,,,,,,,,,,,,,,,,,,,,,,,,,,,,2026-07-11 11:22:46.237,0,,
9470,63,61,10461,1,1831,GARCIA MILLAN,SALMOREJO,SALMOREJO ORIGINAL GM 1L,DISTRIBUCIONES JTT, ,,,,,,,,,NOT_COMPARABLE_MISSING_VALIDATION,1,0,0,,,,,,,,,,,,,,,,,,,,,,,,,,,,,,,,,,,,,,,,,,,,,,,,,,,,,,,,,,,,,,,,,,,,,,,,,,,,,,,,,,,,,,,,,,,,,,,,,,,,,,,,,,,,,,,,,,,,,,,,,,,,,,,,,,,,,,,,,,,,,,,,,,,,,,,,,,,,,,,,,,,,,,,,,,,,,,,,,,,,,,,,,,,,,,,,,,,,,,,,,,,,,,,,2026-07-11 11:22:46.237,0,,
9471,63,61,10461,1,1832,GARCIA MILLAN,SALMOREJO,SALMOREJO ORIGINAL GM 1L,DISTRIBUCIONES LOTESA, ,,,,,,,,,NOT_COMPARABLE_MISSING_VALIDATION,1,0,0,,,,,,,,,,,,,,,,,,,,,,,,,,,,,,,,,,,,,,,,,,,,,,,,,,,,,,,,,,,,,,,,,,,,,,,,,,,,,,,,,,,,,,,,,,,,,,,,,,,,,,,,,,,,,,,,,,,,,,,,,,,,,,,,,,,,,,,,,,,,,,,,,,,,,,,,,,,,,,,,,,,,,,,,,,,,,,,,,,,,,,,,,,,,,,,,,,,,,,,,,,,,,,,,2026-07-11 11:22:46.237,0,,
9472,63,61,10461,1,1833,GARCIA MILLAN,SALMOREJO,SALMOREJO ORIGINAL GM 1L,DONACIONES, ,,,,,,,,,NOT_COMPARABLE_MISSING_VALIDATION,1,0,0,,,,,,,,,,,,,,,,,,,,,,,,,,,,,,,,,,,,,,,,,,,,,,,,,,,,,,,,,,,,,,,,,,,,,,,,,,,,,,,,,,,,,,,,,,,,,,,,,,,,,,,,,,,,,,,,,,,,,,,,,,,,,,,,,,,,,,,,,,,,,,,,,,,,,,,,,,,,,,,,,,,,,,,,,,,,,,,,,,,,,,,,,,,,,,,,,,,,,,,,,,,,,,,,2026-07-11 11:22:46.237,0,,
9473,63,61,10461,1,1834,GARCIA MILLAN,SALMOREJO,SALMOREJO ORIGINAL GM 1L,DRINKS SOL, ,,,,,,,,,NOT_COMPARABLE_MISSING_VALIDATION,1,0,0,,,,,,,,,,,,,,,,,,,,,,,,,,,,,,,,,,,,,,,,,,,,,,,,,,,,,,,,,,,,,,,,,,,,,,,,,,,,,,,,,,,,,,,,,,,,,,,,,,,,,,,,,,,,,,,,,,,,,,,,,,,,,,,,,,,,,,,,,,,,,,,,,,,,,,,,,,,,,,,,,,,,,,,,,,,,,,,,,,,,,,,,,,,,,,,,,,,,,,,,,,,,,,,,2026-07-11 11:22:46.237,0,,
9474,63,61,10461,1,1835,GARCIA MILLAN,SALMOREJO,SALMOREJO ORIGINAL GM 1L,ECOMORA, ,,,,,,,,,NOT_COMPARABLE_MISSING_VALIDATION,1,0,0,,,,,,,,,,,,,,,,,,,,,,,,,,,,,,,,,,,,,,,,,,,,,,,,,,,,,,,,,,,,,,,,,,,,,,,,,,,,,,,,,,,,,,,,,,,,,,,,,,,,,,,,,,,,,,,,,,,,,,,,,,,,,,,,,,,,,,,,,,,,,,,,,,,,,,,,,,,,,,,,,,,,,,,,,,,,,,,,,,,,,,,,,,,,,,,,,,,,,,,,,,,,,,,,2026-07-11 11:22:46.237,0,,
9475,63,61,10461,1,1836,GARCIA MILLAN,SALMOREJO,SALMOREJO ORIGINAL GM 1L,EL CASERIO DE AGUADULCE, ,,,,,,,,,NOT_COMPARABLE_MISSING_VALIDATION,1,0,0,,,,,,,,,,,,,,,,,,,,,,,,,,,,,,,,,,,,,,,,,,,,,,,,,,,,,,,,,,,,,,,,,,,,,,,,,,,,,,,,,,,,,,,,,,,,,,,,,,,,,,,,,,,,,,,,,,,,,,,,,,,,,,,,,,,,,,,,,,,,,,,,,,,,,,,,,,,,,,,,,,,,,,,,,,,,,,,,,,,,,,,,,,,,,,,,,,,,,,,,,,,,,,,,2026-07-11 11:22:46.237,0,,
9476,63,61,10461,1,1837,GARCIA MILLAN,SALMOREJO,SALMOREJO ORIGINAL GM 1L,EL CORTE INGLES, ,,,,,,,,,NOT_COMPARABLE_MISSING_VALIDATION,1,0,0,,,,,,,,,,,,,,,,,,,,,,,,,,,,,,,,,,,,,,,,,,,,,,,,,,,,,,,,,,,,,,,,,,,,,,,,,,,,,,,,,,,,,,,,,,,,,,,,,,,,,,,,,,,,,,,,,,,,,,,,,,,,,,,,,,,,,,,,,,,,,,,,,,,,,,,,,,,,,,,,,,,,,,,,,,,,,,,,,,,,,,,,,,,,,,,,,,,,,,,,,,,,,,,,2026-07-11 11:22:46.237,0,,
9477,63,61,10461,1,1838,GARCIA MILLAN,SALMOREJO,SALMOREJO ORIGINAL GM 1L,ENRIQUE TOMAS, ,,,,,,,,,NOT_COMPARABLE_MISSING_VALIDATION,1,0,0,,,,,,,,,,,,,,,,,,,,,,,,,,,,,,,,,,,,,,,,,,,,,,,,,,,,,,,,,,,,,,,,,,,,,,,,,,,,,,,,,,,,,,,,,,,,,,,,,,,,,,,,,,,,,,,,,,,,,,,,,,,,,,,,,,,,,,,,,,,,,,,,,,,,,,,,,,,,,,,,,,,,,,,,,,,,,,,,,,,,,,,,,,,,,,,,,,,,,,,,,,,,,,,,2026-07-11 11:22:46.237,0,,
9478,63,61,10461,1,1839,GARCIA MILLAN,SALMOREJO,SALMOREJO ORIGINAL GM 1L,ESTABLECIMIENTOS PLAZA, ,,,,,,,,,NOT_COMPARABLE_MISSING_VALIDATION,1,0,0,,,,,,,,,,,,,,,,,,,,,,,,,,,,,,,,,,,,,,,,,,,,,,,,,,,,,,,,,,,,,,,,,,,,,,,,,,,,,,,,,,,,,,,,,,,,,,,,,,,,,,,,,,,,,,,,,,,,,,,,,,,,,,,,,,,,,,,,,,,,,,,,,,,,,,,,,,,,,,,,,,,,,,,,,,,,,,,,,,,,,,,,,,,,,,,,,,,,,,,,,,,,,,,,2026-07-11 11:22:46.237,0,,
9479,63,61,10461,1,1840,GARCIA MILLAN,SALMOREJO,SALMOREJO ORIGINAL GM 1L,EXCLUSIVAS SEYGO, ,,,,,,,,,NOT_COMPARABLE_MISSING_VALIDATION,1,0,0,,,,,,,,,,,,,,,,,,,,,,,,,,,,,,,,,,,,,,,,,,,,,,,,,,,,,,,,,,,,,,,,,,,,,,,,,,,,,,,,,,,,,,,,,,,,,,,,,,,,,,,,,,,,,,,,,,,,,,,,,,,,,,,,,,,,,,,,,,,,,,,,,,,,,,,,,,,,,,,,,,,,,,,,,,,,,,,,,,,,,,,,,,,,,,,,,,,,,,,,,,,,,,,,2026-07-11 11:22:46.237,0,,
9480,63,61,10461,1,1841,GARCIA MILLAN,SALMOREJO,SALMOREJO ORIGINAL GM 1L,FACSA, ,,,,,,,,,NOT_COMPARABLE_MISSING_VALIDATION,1,0,0,,,,,,,,,,,,,,,,,,,,,,,,,,,,,,,,,,,,,,,,,,,,,,,,,,,,,,,,,,,,,,,,,,,,,,,,,,,,,,,,,,,,,,,,,,,,,,,,,,,,,,,,,,,,,,,,,,,,,,,,,,,,,,,,,,,,,,,,,,,,,,,,,,,,,,,,,,,,,,,,,,,,,,,,,,,,,,,,,,,,,,,,,,,,,,,,,,,,,,,,,,,,,,,,2026-07-11 11:22:46.237,0,,
9481,63,61,10461,1,1842,GARCIA MILLAN,SALMOREJO,SALMOREJO ORIGINAL GM 1L,FAMILY CASH, ,,,,,,,,,NOT_COMPARABLE_MISSING_VALIDATION,1,0,0,,,,,,,,,,,,,,,,,,,,,,,,,,,,,,,,,,,,,,,,,,,,,,,,,,,,,,,,,,,,,,,,,,,,,,,,,,,,,,,,,,,,,,,,,,,,,,,,,,,,,,,,,,,,,,,,,,,,,,,,,,,,,,,,,,,,,,,,,,,,,,,,,,,,,,,,,,,,,,,,,,,,,,,,,,,,,,,,,,,,,,,,,,,,,,,,,,,,,,,,,,,,,,,,2026-07-11 11:22:46.237,0,,
9482,63,61,10461,1,1843,GARCIA MILLAN,SALMOREJO,SALMOREJO ORIGINAL GM 1L,FECAC, ,,,,,,,,,NOT_COMPARABLE_MISSING_VALIDATION,1,0,0,,,,,,,,,,,,,,,,,,,,,,,,,,,,,,,,,,,,,,,,,,,,,,,,,,,,,,,,,,,,,,,,,,,,,,,,,,,,,,,,,,,,,,,,,,,,,,,,,,,,,,,,,,,,,,,,,,,,,,,,,,,,,,,,,,,,,,,,,,,,,,,,,,,,,,,,,,,,,,,,,,,,,,,,,,,,,,,,,,,,,,,,,,,,,,,,,,,,,,,,,,,,,,,,2026-07-11 11:22:46.237,0,,
9483,63,61,10461,1,1844,GARCIA MILLAN,SALMOREJO,SALMOREJO ORIGINAL GM 1L,FRANCO-MOR, ,,,,,,,,,NOT_COMPARABLE_MISSING_VALIDATION,1,0,0,,,,,,,,,,,,,,,,,,,,,,,,,,,,,,,,,,,,,,,,,,,,,,,,,,,,,,,,,,,,,,,,,,,,,,,,,,,,,,,,,,,,,,,,,,,,,,,,,,,,,,,,,,,,,,,,,,,,,,,,,,,,,,,,,,,,,,,,,,,,,,,,,,,,,,,,,,,,,,,,,,,,,,,,,,,,,,,,,,,,,,,,,,,,,,,,,,,,,,,,,,,,,,,,2026-07-11 11:22:46.237,0,,
9484,63,61,10461,1,1845,GARCIA MILLAN,SALMOREJO,SALMOREJO ORIGINAL GM 1L,FRUFOR, ,,,,,,,,,NOT_COMPARABLE_MISSING_VALIDATION,1,0,0,,,,,,,,,,,,,,,,,,,,,,,,,,,,,,,,,,,,,,,,,,,,,,,,,,,,,,,,,,,,,,,,,,,,,,,,,,,,,,,,,,,,,,,,,,,,,,,,,,,,,,,,,,,,,,,,,,,,,,,,,,,,,,,,,,,,,,,,,,,,,,,,,,,,,,,,,,,,,,,,,,,,,,,,,,,,,,,,,,,,,,,,,,,,,,,,,,,,,,,,,,,,,,,,2026-07-11 11:22:46.237,0,,
9485,63,61,10461,1,1846,GARCIA MILLAN,SALMOREJO,SALMOREJO ORIGINAL GM 1L,FRUTAS MORA ESPARTINAS, ,,,,,,,,,NOT_COMPARABLE_MISSING_VALIDATION,1,0,0,,,,,,,,,,,,,,,,,,,,,,,,,,,,,,,,,,,,,,,,,,,,,,,,,,,,,,,,,,,,,,,,,,,,,,,,,,,,,,,,,,,,,,,,,,,,,,,,,,,,,,,,,,,,,,,,,,,,,,,,,,,,,,,,,,,,,,,,,,,,,,,,,,,,,,,,,,,,,,,,,,,,,,,,,,,,,,,,,,,,,,,,,,,,,,,,,,,,,,,,,,,,,,,,2026-07-11 11:22:46.237,0,,
9486,63,61,10461,1,1847,GARCIA MILLAN,SALMOREJO,SALMOREJO ORIGINAL GM 1L,FRUTAS MORA QUALITY, ,,,,,,,,,NOT_COMPARABLE_MISSING_VALIDATION,1,0,0,,,,,,,,,,,,,,,,,,,,,,,,,,,,,,,,,,,,,,,,,,,,,,,,,,,,,,,,,,,,,,,,,,,,,,,,,,,,,,,,,,,,,,,,,,,,,,,,,,,,,,,,,,,,,,,,,,,,,,,,,,,,,,,,,,,,,,,,,,,,,,,,,,,,,,,,,,,,,,,,,,,,,,,,,,,,,,,,,,,,,,,,,,,,,,,,,,,,,,,,,,,,,,,,2026-07-11 11:22:46.237,0,,
9487,63,61,10461,1,1848,GARCIA MILLAN,SALMOREJO,SALMOREJO ORIGINAL GM 1L,FRUTERIA LOS MANANTIALES, ,,,,,,,,,NOT_COMPARABLE_MISSING_VALIDATION,1,0,0,,,,,,,,,,,,,,,,,,,,,,,,,,,,,,,,,,,,,,,,,,,,,,,,,,,,,,,,,,,,,,,,,,,,,,,,,,,,,,,,,,,,,,,,,,,,,,,,,,,,,,,,,,,,,,,,,,,,,,,,,,,,,,,,,,,,,,,,,,,,,,,,,,,,,,,,,,,,,,,,,,,,,,,,,,,,,,,,,,,,,,,,,,,,,,,,,,,,,,,,,,,,,,,,2026-07-11 11:22:46.237,0,,
9488,63,61,10461,1,1849,GARCIA MILLAN,SALMOREJO,SALMOREJO ORIGINAL GM 1L,GARIZUR, ,,,,,,,,,NOT_COMPARABLE_MISSING_VALIDATION,1,0,0,,,,,,,,,,,,,,,,,,,,,,,,,,,,,,,,,,,,,,,,,,,,,,,,,,,,,,,,,,,,,,,,,,,,,,,,,,,,,,,,,,,,,,,,,,,,,,,,,,,,,,,,,,,,,,,,,,,,,,,,,,,,,,,,,,,,,,,,,,,,,,,,,,,,,,,,,,,,,,,,,,,,,,,,,,,,,,,,,,,,,,,,,,,,,,,,,,,,,,,,,,,,,,,,2026-07-11 11:22:46.237,0,,
9489,63,61,10461,1,1850,GARCIA MILLAN,SALMOREJO,SALMOREJO ORIGINAL GM 1L,GASPAR TAPIA VILLAVERDE, ,,,,,,,,,NOT_COMPARABLE_MISSING_VALIDATION,1,0,0,,,,,,,,,,,,,,,,,,,,,,,,,,,,,,,,,,,,,,,,,,,,,,,,,,,,,,,,,,,,,,,,,,,,,,,,,,,,,,,,,,,,,,,,,,,,,,,,,,,,,,,,,,,,,,,,,,,,,,,,,,,,,,,,,,,,,,,,,,,,,,,,,,,,,,,,,,,,,,,,,,,,,,,,,,,,,,,,,,,,,,,,,,,,,,,,,,,,,,,,,,,,,,,,2026-07-11 11:22:46.237,0,,
9490,63,61,10461,1,1851,GARCIA MILLAN,SALMOREJO,SALMOREJO ORIGINAL GM 1L,GRUPO AUCHAN, ,,,,,,,,,NOT_COMPARABLE_MISSING_VALIDATION,1,0,0,,,,,,,,,,,,,,,,,,,,,,,,,,,,,,,,,,,,,,,,,,,,,,,,,,,,,,,,,,,,,,,,,,,,,,,,,,,,,,,,,,,,,,,,,,,,,,,,,,,,,,,,,,,,,,,,,,,,,,,,,,,,,,,,,,,,,,,,,,,,,,,,,,,,,,,,,,,,,,,,,,,,,,,,,,,,,,,,,,,,,,,,,,,,,,,,,,,,,,,,,,,,,,,,2026-07-11 11:22:46.237,0,,
9491,63,61,10461,1,1852,GARCIA MILLAN,SALMOREJO,SALMOREJO ORIGINAL GM 1L,GRUPO EL JAMON, ,,,,,,,,,NOT_COMPARABLE_MISSING_VALIDATION,1,0,0,,,,,,,,,,,,,,,,,,,,,,,,,,,,,,,,,,,,,,,,,,,,,,,,,,,,,,,,,,,,,,,,,,,,,,,,,,,,,,,,,,,,,,,,,,,,,,,,,,,,,,,,,,,,,,,,,,,,,,,,,,,,,,,,,,,,,,,,,,,,,,,,,,,,,,,,,,,,,,,,,,,,,,,,,,,,,,,,,,,,,,,,,,,,,,,,,,,,,,,,,,,,,,,,2026-07-11 11:22:46.237,0,,
9492,63,61,10461,1,1853,GARCIA MILLAN,SALMOREJO,SALMOREJO ORIGINAL GM 1L,GRUPO EROSKI, ,,,,,,,,,NOT_COMPARABLE_MISSING_VALIDATION,1,0,0,,,,,,,,,,,,,,,,,,,,,,,,,,,,,,,,,,,,,,,,,,,,,,,,,,,,,,,,,,,,,,,,,,,,,,,,,,,,,,,,,,,,,,,,,,,,,,,,,,,,,,,,,,,,,,,,,,,,,,,,,,,,,,,,,,,,,,,,,,,,,,,,,,,,,,,,,,,,,,,,,,,,,,,,,,,,,,,,,,,,,,,,,,,,,,,,,,,,,,,,,,,,,,,,2026-07-11 11:22:46.237,0,,
9493,63,61,10461,1,1854,GARCIA MILLAN,SALMOREJO,SALMOREJO ORIGINAL GM 1L,GRUPO FRUSUR, ,,,,,,,,,NOT_COMPARABLE_MISSING_VALIDATION,1,0,0,,,,,,,,,,,,,,,,,,,,,,,,,,,,,,,,,,,,,,,,,,,,,,,,,,,,,,,,,,,,,,,,,,,,,,,,,,,,,,,,,,,,,,,,,,,,,,,,,,,,,,,,,,,,,,,,,,,,,,,,,,,,,,,,,,,,,,,,,,,,,,,,,,,,,,,,,,,,,,,,,,,,,,,,,,,,,,,,,,,,,,,,,,,,,,,,,,,,,,,,,,,,,,,,2026-07-11 11:22:46.237,0,,
9494,63,61,10461,1,1855,GARCIA MILLAN,SALMOREJO,SALMOREJO ORIGINAL GM 1L,GSG BUSSINES, ,,,,,,,,,NOT_COMPARABLE_MISSING_VALIDATION,1,0,0,,,,,,,,,,,,,,,,,,,,,,,,,,,,,,,,,,,,,,,,,,,,,,,,,,,,,,,,,,,,,,,,,,,,,,,,,,,,,,,,,,,,,,,,,,,,,,,,,,,,,,,,,,,,,,,,,,,,,,,,,,,,,,,,,,,,,,,,,,,,,,,,,,,,,,,,,,,,,,,,,,,,,,,,,,,,,,,,,,,,,,,,,,,,,,,,,,,,,,,,,,,,,,,,2026-07-11 11:22:46.237,0,,
9495,63,61,10461,1,1856,GARCIA MILLAN,SALMOREJO,SALMOREJO ORIGINAL GM 1L,HERMANOS AYALA, ,,,,,,,,,NOT_COMPARABLE_MISSING_VALIDATION,1,0,0,,,,,,,,,,,,,,,,,,,,,,,,,,,,,,,,,,,,,,,,,,,,,,,,,,,,,,,,,,,,,,,,,,,,,,,,,,,,,,,,,,,,,,,,,,,,,,,,,,,,,,,,,,,,,,,,,,,,,,,,,,,,,,,,,,,,,,,,,,,,,,,,,,,,,,,,,,,,,,,,,,,,,,,,,,,,,,,,,,,,,,,,,,,,,,,,,,,,,,,,,,,,,,,,2026-07-11 11:22:46.237,0,,
9496,63,61,10461,1,1857,GARCIA MILLAN,SALMOREJO,SALMOREJO ORIGINAL GM 1L,HERMANOS MARTIN, ,,,,,,,,,NOT_COMPARABLE_MISSING_VALIDATION,1,0,0,,,,,,,,,,,,,,,,,,,,,,,,,,,,,,,,,,,,,,,,,,,,,,,,,,,,,,,,,,,,,,,,,,,,,,,,,,,,,,,,,,,,,,,,,,,,,,,,,,,,,,,,,,,,,,,,,,,,,,,,,,,,,,,,,,,,,,,,,,,,,,,,,,,,,,,,,,,,,,,,,,,,,,,,,,,,,,,,,,,,,,,,,,,,,,,,,,,,,,,,,,,,,,,,2026-07-11 11:22:46.237,0,,
9497,63,61,10461,1,1858,GARCIA MILLAN,SALMOREJO,SALMOREJO ORIGINAL GM 1L,HIPER TAMBO, ,,,,,,,,,NOT_COMPARABLE_MISSING_VALIDATION,1,0,0,,,,,,,,,,,,,,,,,,,,,,,,,,,,,,,,,,,,,,,,,,,,,,,,,,,,,,,,,,,,,,,,,,,,,,,,,,,,,,,,,,,,,,,,,,,,,,,,,,,,,,,,,,,,,,,,,,,,,,,,,,,,,,,,,,,,,,,,,,,,,,,,,,,,,,,,,,,,,,,,,,,,,,,,,,,,,,,,,,,,,,,,,,,,,,,,,,,,,,,,,,,,,,,,2026-07-11 11:22:46.237,0,,
9498,63,61,10461,1,1859,GARCIA MILLAN,SALMOREJO,SALMOREJO ORIGINAL GM 1L,HIPER USERA, ,,,,,,,,,NOT_COMPARABLE_MISSING_VALIDATION,1,0,0,,,,,,,,,,,,,,,,,,,,,,,,,,,,,,,,,,,,,,,,,,,,,,,,,,,,,,,,,,,,,,,,,,,,,,,,,,,,,,,,,,,,,,,,,,,,,,,,,,,,,,,,,,,,,,,,,,,,,,,,,,,,,,,,,,,,,,,,,,,,,,,,,,,,,,,,,,,,,,,,,,,,,,,,,,,,,,,,,,,,,,,,,,,,,,,,,,,,,,,,,,,,,,,,2026-07-11 11:22:46.237,0,,
9499,63,61,10461,1,1860,GARCIA MILLAN,SALMOREJO,SALMOREJO ORIGINAL GM 1L,HIPERBER, ,,,,,,,,,NOT_COMPARABLE_MISSING_VALIDATION,1,0,0,,,,,,,,,,,,,,,,,,,,,,,,,,,,,,,,,,,,,,,,,,,,,,,,,,,,,,,,,,,,,,,,,,,,,,,,,,,,,,,,,,,,,,,,,,,,,,,,,,,,,,,,,,,,,,,,,,,,,,,,,,,,,,,,,,,,,,,,,,,,,,,,,,,,,,,,,,,,,,,,,,,,,,,,,,,,,,,,,,,,,,,,,,,,,,,,,,,,,,,,,,,,,,,,2026-07-11 11:22:46.237,0,,
9500,63,61,10461,1,1861,GARCIA MILLAN,SALMOREJO,SALMOREJO ORIGINAL GM 1L,IBERICA LACTO FRESH, ,,,,,,,,,NOT_COMPARABLE_MISSING_VALIDATION,1,0,0,,,,,,,,,,,,,,,,,,,,,,,,,,,,,,,,,,,,,,,,,,,,,,,,,,,,,,,,,,,,,,,,,,,,,,,,,,,,,,,,,,,,,,,,,,,,,,,,,,,,,,,,,,,,,,,,,,,,,,,,,,,,,,,,,,,,,,,,,,,,,,,,,,,,,,,,,,,,,,,,,,,,,,,,,,,,,,,,,,,,,,,,,,,,,,,,,,,,,,,,,,,,,,,,2026-07-11 11:22:46.237,0,,
9501,63,61,10461,1,1862,GARCIA MILLAN,SALMOREJO,SALMOREJO ORIGINAL GM 1L,INICIATIVAS SEDOX, ,,,,,,,,,NOT_COMPARABLE_MISSING_VALIDATION,1,0,0,,,,,,,,,,,,,,,,,,,,,,,,,,,,,,,,,,,,,,,,,,,,,,,,,,,,,,,,,,,,,,,,,,,,,,,,,,,,,,,,,,,,,,,,,,,,,,,,,,,,,,,,,,,,,,,,,,,,,,,,,,,,,,,,,,,,,,,,,,,,,,,,,,,,,,,,,,,,,,,,,,,,,,,,,,,,,,,,,,,,,,,,,,,,,,,,,,,,,,,,,,,,,,,,2026-07-11 11:22:46.237,0,,
9502,63,61,10461,1,1863,GARCIA MILLAN,SALMOREJO,SALMOREJO ORIGINAL GM 1L,JOAQUIN TARDIO, ,,,,,,,,,NOT_COMPARABLE_MISSING_VALIDATION,1,0,0,,,,,,,,,,,,,,,,,,,,,,,,,,,,,,,,,,,,,,,,,,,,,,,,,,,,,,,,,,,,,,,,,,,,,,,,,,,,,,,,,,,,,,,,,,,,,,,,,,,,,,,,,,,,,,,,,,,,,,,,,,,,,,,,,,,,,,,,,,,,,,,,,,,,,,,,,,,,,,,,,,,,,,,,,,,,,,,,,,,,,,,,,,,,,,,,,,,,,,,,,,,,,,,,2026-07-11 11:22:46.237,0,,
9503,63,61,10461,1,1864,GARCIA MILLAN,SALMOREJO,SALMOREJO ORIGINAL GM 1L,JURADO GOURMET, ,,,,,,,,,NOT_COMPARABLE_MISSING_VALIDATION,1,0,0,,,,,,,,,,,,,,,,,,,,,,,,,,,,,,,,,,,,,,,,,,,,,,,,,,,,,,,,,,,,,,,,,,,,,,,,,,,,,,,,,,,,,,,,,,,,,,,,,,,,,,,,,,,,,,,,,,,,,,,,,,,,,,,,,,,,,,,,,,,,,,,,,,,,,,,,,,,,,,,,,,,,,,,,,,,,,,,,,,,,,,,,,,,,,,,,,,,,,,,,,,,,,,,,2026-07-11 11:22:46.237,0,,
9504,63,61,10461,1,1865,GARCIA MILLAN,SALMOREJO,SALMOREJO ORIGINAL GM 1L,LACTEAS HISPALENSE, ,,,,,,,,,NOT_COMPARABLE_MISSING_VALIDATION,1,0,0,,,,,,,,,,,,,,,,,,,,,,,,,,,,,,,,,,,,,,,,,,,,,,,,,,,,,,,,,,,,,,,,,,,,,,,,,,,,,,,,,,,,,,,,,,,,,,,,,,,,,,,,,,,,,,,,,,,,,,,,,,,,,,,,,,,,,,,,,,,,,,,,,,,,,,,,,,,,,,,,,,,,,,,,,,,,,,,,,,,,,,,,,,,,,,,,,,,,,,,,,,,,,,,,2026-07-11 11:22:46.237,0,,
9505,63,61,10461,1,1866,GARCIA MILLAN,SALMOREJO,SALMOREJO ORIGINAL GM 1L,LIDL, ,,,,,,,,,NOT_COMPARABLE_MISSING_VALIDATION,1,0,0,,,,,,,,,,,,,,,,,,,,,,,,,,,,,,,,,,,,,,,,,,,,,,,,,,,,,,,,,,,,,,,,,,,,,,,,,,,,,,,,,,,,,,,,,,,,,,,,,,,,,,,,,,,,,,,,,,,,,,,,,,,,,,,,,,,,,,,,,,,,,,,,,,,,,,,,,,,,,,,,,,,,,,,,,,,,,,,,,,,,,,,,,,,,,,,,,,,,,,,,,,,,,,,,2026-07-11 11:22:46.237,0,,
9506,63,61,10461,1,1867,GARCIA MILLAN,SALMOREJO,SALMOREJO ORIGINAL GM 1L,LOSAN DISTRIBUCIONES, ,,,,,,,,,NOT_COMPARABLE_MISSING_VALIDATION,1,0,0,,,,,,,,,,,,,,,,,,,,,,,,,,,,,,,,,,,,,,,,,,,,,,,,,,,,,,,,,,,,,,,,,,,,,,,,,,,,,,,,,,,,,,,,,,,,,,,,,,,,,,,,,,,,,,,,,,,,,,,,,,,,,,,,,,,,,,,,,,,,,,,,,,,,,,,,,,,,,,,,,,,,,,,,,,,,,,,,,,,,,,,,,,,,,,,,,,,,,,,,,,,,,,,,2026-07-11 11:22:46.237,0,,
9507,63,61,10461,1,1868,GARCIA MILLAN,SALMOREJO,SALMOREJO ORIGINAL GM 1L,LUIS PIÃ‘A, ,,,,,,,,,NOT_COMPARABLE_MISSING_VALIDATION,1,0,0,,,,,,,,,,,,,,,,,,,,,,,,,,,,,,,,,,,,,,,,,,,,,,,,,,,,,,,,,,,,,,,,,,,,,,,,,,,,,,,,,,,,,,,,,,,,,,,,,,,,,,,,,,,,,,,,,,,,,,,,,,,,,,,,,,,,,,,,,,,,,,,,,,,,,,,,,,,,,,,,,,,,,,,,,,,,,,,,,,,,,,,,,,,,,,,,,,,,,,,,,,,,,,,,2026-07-11 11:22:46.237,0,,
9508,63,61,10461,1,1869,GARCIA MILLAN,SALMOREJO,SALMOREJO ORIGINAL GM 1L,MARKETING, ,,,,,,,,,NOT_COMPARABLE_MISSING_VALIDATION,1,0,0,,,,,,,,,,,,,,,,,,,,,,,,,,,,,,,,,,,,,,,,,,,,,,,,,,,,,,,,,,,,,,,,,,,,,,,,,,,,,,,,,,,,,,,,,,,,,,,,,,,,,,,,,,,,,,,,,,,,,,,,,,,,,,,,,,,,,,,,,,,,,,,,,,,,,,,,,,,,,,,,,,,,,,,,,,,,,,,,,,,,,,,,,,,,,,,,,,,,,,,,,,,,,,,,2026-07-11 11:22:46.237,0,,
9509,63,61,10461,1,1870,GARCIA MILLAN,SALMOREJO,SALMOREJO ORIGINAL GM 1L,MASKOM, ,,,,,,,,,NOT_COMPARABLE_MISSING_VALIDATION,1,0,0,,,,,,,,,,,,,,,,,,,,,,,,,,,,,,,,,,,,,,,,,,,,,,,,,,,,,,,,,,,,,,,,,,,,,,,,,,,,,,,,,,,,,,,,,,,,,,,,,,,,,,,,,,,,,,,,,,,,,,,,,,,,,,,,,,,,,,,,,,,,,,,,,,,,,,,,,,,,,,,,,,,,,,,,,,,,,,,,,,,,,,,,,,,,,,,,,,,,,,,,,,,,,,,,2026-07-11 11:22:46.237,0,,
9510,63,61,10461,1,1871,GARCIA MILLAN,SALMOREJO,SALMOREJO ORIGINAL GM 1L,MERCADONA, ,,,,,,,,,NOT_COMPARABLE_MISSING_VALIDATION,1,0,0,,,,,,,,,,,,,,,,,,,,,,,,,,,,,,,,,,,,,,,,,,,,,,,,,,,,,,,,,,,,,,,,,,,,,,,,,,,,,,,,,,,,,,,,,,,,,,,,,,,,,,,,,,,,,,,,,,,,,,,,,,,,,,,,,,,,,,,,,,,,,,,,,,,,,,,,,,,,,,,,,,,,,,,,,,,,,,,,,,,,,,,,,,,,,,,,,,,,,,,,,,,,,,,,2026-07-11 11:22:46.237,0,,
9511,63,61,10461,1,1872,GARCIA MILLAN,SALMOREJO,SALMOREJO ORIGINAL GM 1L,MOISES MUÃ‘OZ E HIJOS, ,,,,,,,,,NOT_COMPARABLE_MISSING_VALIDATION,1,0,0,,,,,,,,,,,,,,,,,,,,,,,,,,,,,,,,,,,,,,,,,,,,,,,,,,,,,,,,,,,,,,,,,,,,,,,,,,,,,,,,,,,,,,,,,,,,,,,,,,,,,,,,,,,,,,,,,,,,,,,,,,,,,,,,,,,,,,,,,,,,,,,,,,,,,,,,,,,,,,,,,,,,,,,,,,,,,,,,,,,,,,,,,,,,,,,,,,,,,,,,,,,,,,,,2026-07-11 11:22:46.237,0,,
9512,63,61,10461,1,1873,GARCIA MILLAN,SALMOREJO,SALMOREJO ORIGINAL GM 1L,MUESTRAS, ,,,,,,,,,NOT_COMPARABLE_MISSING_VALIDATION,1,0,0,,,,,,,,,,,,,,,,,,,,,,,,,,,,,,,,,,,,,,,,,,,,,,,,,,,,,,,,,,,,,,,,,,,,,,,,,,,,,,,,,,,,,,,,,,,,,,,,,,,,,,,,,,,,,,,,,,,,,,,,,,,,,,,,,,,,,,,,,,,,,,,,,,,,,,,,,,,,,,,,,,,,,,,,,,,,,,,,,,,,,,,,,,,,,,,,,,,,,,,,,,,,,,,,2026-07-11 11:22:46.237,0,,
9513,63,61,10461,1,1874,GARCIA MILLAN,SALMOREJO,SALMOREJO ORIGINAL GM 1L,PARQUE ISLA MAGICA, ,,,,,,,,,NOT_COMPARABLE_MISSING_VALIDATION,1,0,0,,,,,,,,,,,,,,,,,,,,,,,,,,,,,,,,,,,,,,,,,,,,,,,,,,,,,,,,,,,,,,,,,,,,,,,,,,,,,,,,,,,,,,,,,,,,,,,,,,,,,,,,,,,,,,,,,,,,,,,,,,,,,,,,,,,,,,,,,,,,,,,,,,,,,,,,,,,,,,,,,,,,,,,,,,,,,,,,,,,,,,,,,,,,,,,,,,,,,,,,,,,,,,,,2026-07-11 11:22:46.237,0,,
9514,63,61,10461,1,1875,GARCIA MILLAN,SALMOREJO,SALMOREJO ORIGINAL GM 1L,PARQUE NORTE, ,,,,,,,,,NOT_COMPARABLE_MISSING_VALIDATION,1,0,0,,,,,,,,,,,,,,,,,,,,,,,,,,,,,,,,,,,,,,,,,,,,,,,,,,,,,,,,,,,,,,,,,,,,,,,,,,,,,,,,,,,,,,,,,,,,,,,,,,,,,,,,,,,,,,,,,,,,,,,,,,,,,,,,,,,,,,,,,,,,,,,,,,,,,,,,,,,,,,,,,,,,,,,,,,,,,,,,,,,,,,,,,,,,,,,,,,,,,,,,,,,,,,,,2026-07-11 11:22:46.237,0,,
9515,63,61,10461,1,1876,GARCIA MILLAN,SALMOREJO,SALMOREJO ORIGINAL GM 1L,PLASTICOSUR, ,,,,,,,,,NOT_COMPARABLE_MISSING_VALIDATION,1,0,0,,,,,,,,,,,,,,,,,,,,,,,,,,,,,,,,,,,,,,,,,,,,,,,,,,,,,,,,,,,,,,,,,,,,,,,,,,,,,,,,,,,,,,,,,,,,,,,,,,,,,,,,,,,,,,,,,,,,,,,,,,,,,,,,,,,,,,,,,,,,,,,,,,,,,,,,,,,,,,,,,,,,,,,,,,,,,,,,,,,,,,,,,,,,,,,,,,,,,,,,,,,,,,,,2026-07-11 11:22:46.237,0,,
9516,63,61,10461,1,1877,GARCIA MILLAN,SALMOREJO,SALMOREJO ORIGINAL GM 1L,PUNTO SADEAL UNIVERSAL, ,,,,,,,,,NOT_COMPARABLE_MISSING_VALIDATION,1,0,0,,,,,,,,,,,,,,,,,,,,,,,,,,,,,,,,,,,,,,,,,,,,,,,,,,,,,,,,,,,,,,,,,,,,,,,,,,,,,,,,,,,,,,,,,,,,,,,,,,,,,,,,,,,,,,,,,,,,,,,,,,,,,,,,,,,,,,,,,,,,,,,,,,,,,,,,,,,,,,,,,,,,,,,,,,,,,,,,,,,,,,,,,,,,,,,,,,,,,,,,,,,,,,,,2026-07-11 11:22:46.237,0,,
9517,63,61,10461,1,1878,GARCIA MILLAN,SALMOREJO,SALMOREJO ORIGINAL GM 1L,RAFAEL OLIAS, ,,,,,,,,,NOT_COMPARABLE_MISSING_VALIDATION,1,0,0,,,,,,,,,,,,,,,,,,,,,,,,,,,,,,,,,,,,,,,,,,,,,,,,,,,,,,,,,,,,,,,,,,,,,,,,,,,,,,,,,,,,,,,,,,,,,,,,,,,,,,,,,,,,,,,,,,,,,,,,,,,,,,,,,,,,,,,,,,,,,,,,,,,,,,,,,,,,,,,,,,,,,,,,,,,,,,,,,,,,,,,,,,,,,,,,,,,,,,,,,,,,,,,,2026-07-11 11:22:46.237,0,,
9518,63,61,10461,1,1879,GARCIA MILLAN,SALMOREJO,SALMOREJO ORIGINAL GM 1L,RESTAURANTE MUCHO MAS, ,,,,,,,,,NOT_COMPARABLE_MISSING_VALIDATION,1,0,0,,,,,,,,,,,,,,,,,,,,,,,,,,,,,,,,,,,,,,,,,,,,,,,,,,,,,,,,,,,,,,,,,,,,,,,,,,,,,,,,,,,,,,,,,,,,,,,,,,,,,,,,,,,,,,,,,,,,,,,,,,,,,,,,,,,,,,,,,,,,,,,,,,,,,,,,,,,,,,,,,,,,,,,,,,,,,,,,,,,,,,,,,,,,,,,,,,,,,,,,,,,,,,,,2026-07-11 11:22:46.237,0,,
9519,63,61,10461,1,1880,GARCIA MILLAN,SALMOREJO,SALMOREJO ORIGINAL GM 1L,RUIZ GALAN, ,,,,,,,,,NOT_COMPARABLE_MISSING_VALIDATION,1,0,0,,,,,,,,,,,,,,,,,,,,,,,,,,,,,,,,,,,,,,,,,,,,,,,,,,,,,,,,,,,,,,,,,,,,,,,,,,,,,,,,,,,,,,,,,,,,,,,,,,,,,,,,,,,,,,,,,,,,,,,,,,,,,,,,,,,,,,,,,,,,,,,,,,,,,,,,,,,,,,,,,,,,,,,,,,,,,,,,,,,,,,,,,,,,,,,,,,,,,,,,,,,,,,,,2026-07-11 11:22:46.237,0,,
9520,63,61,10461,1,1881,GARCIA MILLAN,SALMOREJO,SALMOREJO ORIGINAL GM 1L,SEMARK, ,,,,,,,,,NOT_COMPARABLE_MISSING_VALIDATION,1,0,0,,,,,,,,,,,,,,,,,,,,,,,,,,,,,,,,,,,,,,,,,,,,,,,,,,,,,,,,,,,,,,,,,,,,,,,,,,,,,,,,,,,,,,,,,,,,,,,,,,,,,,,,,,,,,,,,,,,,,,,,,,,,,,,,,,,,,,,,,,,,,,,,,,,,,,,,,,,,,,,,,,,,,,,,,,,,,,,,,,,,,,,,,,,,,,,,,,,,,,,,,,,,,,,,2026-07-11 11:22:46.237,0,,
9521,63,61,10461,1,1882,GARCIA MILLAN,SALMOREJO,SALMOREJO ORIGINAL GM 1L,SOALPE, ,,,,,,,,,NOT_COMPARABLE_MISSING_VALIDATION,1,0,0,,,,,,,,,,,,,,,,,,,,,,,,,,,,,,,,,,,,,,,,,,,,,,,,,,,,,,,,,,,,,,,,,,,,,,,,,,,,,,,,,,,,,,,,,,,,,,,,,,,,,,,,,,,,,,,,,,,,,,,,,,,,,,,,,,,,,,,,,,,,,,,,,,,,,,,,,,,,,,,,,,,,,,,,,,,,,,,,,,,,,,,,,,,,,,,,,,,,,,,,,,,,,,,,2026-07-11 11:22:46.237,0,,
9522,63,61,10461,1,1883,GARCIA MILLAN,SALMOREJO,SALMOREJO ORIGINAL GM 1L,SOLA RICCA, ,,,,,,,,,NOT_COMPARABLE_MISSING_VALIDATION,1,0,0,,,,,,,,,,,,,,,,,,,,,,,,,,,,,,,,,,,,,,,,,,,,,,,,,,,,,,,,,,,,,,,,,,,,,,,,,,,,,,,,,,,,,,,,,,,,,,,,,,,,,,,,,,,,,,,,,,,,,,,,,,,,,,,,,,,,,,,,,,,,,,,,,,,,,,,,,,,,,,,,,,,,,,,,,,,,,,,,,,,,,,,,,,,,,,,,,,,,,,,,,,,,,,,,2026-07-11 11:22:46.237,0,,
9523,63,61,10461,1,1884,GARCIA MILLAN,SALMOREJO,SALMOREJO ORIGINAL GM 1L,SORLI, ,,,,,,,,,NOT_COMPARABLE_MISSING_VALIDATION,1,0,0,,,,,,,,,,,,,,,,,,,,,,,,,,,,,,,,,,,,,,,,,,,,,,,,,,,,,,,,,,,,,,,,,,,,,,,,,,,,,,,,,,,,,,,,,,,,,,,,,,,,,,,,,,,,,,,,,,,,,,,,,,,,,,,,,,,,,,,,,,,,,,,,,,,,,,,,,,,,,,,,,,,,,,,,,,,,,,,,,,,,,,,,,,,,,,,,,,,,,,,,,,,,,,,,2026-07-11 11:22:46.237,0,,
9524,63,61,10461,1,1885,GARCIA MILLAN,SALMOREJO,SALMOREJO ORIGINAL GM 1L,SUPER ARCOS, ,,,,,,,,,NOT_COMPARABLE_MISSING_VALIDATION,1,0,0,,,,,,,,,,,,,,,,,,,,,,,,,,,,,,,,,,,,,,,,,,,,,,,,,,,,,,,,,,,,,,,,,,,,,,,,,,,,,,,,,,,,,,,,,,,,,,,,,,,,,,,,,,,,,,,,,,,,,,,,,,,,,,,,,,,,,,,,,,,,,,,,,,,,,,,,,,,,,,,,,,,,,,,,,,,,,,,,,,,,,,,,,,,,,,,,,,,,,,,,,,,,,,,,2026-07-11 11:22:46.237,0,,
9525,63,61,10461,1,1886,GARCIA MILLAN,SALMOREJO,SALMOREJO ORIGINAL GM 1L,TENIS BETIS, ,,,,,,,,,NOT_COMPARABLE_MISSING_VALIDATION,1,0,0,,,,,,,,,,,,,,,,,,,,,,,,,,,,,,,,,,,,,,,,,,,,,,,,,,,,,,,,,,,,,,,,,,,,,,,,,,,,,,,,,,,,,,,,,,,,,,,,,,,,,,,,,,,,,,,,,,,,,,,,,,,,,,,,,,,,,,,,,,,,,,,,,,,,,,,,,,,,,,,,,,,,,,,,,,,,,,,,,,,,,,,,,,,,,,,,,,,,,,,,,,,,,,,,2026-07-11 11:22:46.237,0,,
9526,63,61,10461,1,1887,GARCIA MILLAN,SALMOREJO,SALMOREJO ORIGINAL GM 1L,UNEI, ,,,,,,,,,NOT_COMPARABLE_MISSING_VALIDATION,1,0,0,,,,,,,,,,,,,,,,,,,,,,,,,,,,,,,,,,,,,,,,,,,,,,,,,,,,,,,,,,,,,,,,,,,,,,,,,,,,,,,,,,,,,,,,,,,,,,,,,,,,,,,,,,,,,,,,,,,,,,,,,,,,,,,,,,,,,,,,,,,,,,,,,,,,,,,,,,,,,,,,,,,,,,,,,,,,,,,,,,,,,,,,,,,,,,,,,,,,,,,,,,,,,,,,2026-07-11 11:22:46.237,0,,
9527,63,61,10461,1,1888,GARCIA MILLAN,SALMOREJO,SALMOREJO ORIGINAL GM 1L,UNIALCO, ,,,,,,,,,NOT_COMPARABLE_MISSING_VALIDATION,1,0,0,,,,,,,,,,,,,,,,,,,,,,,,,,,,,,,,,,,,,,,,,,,,,,,,,,,,,,,,,,,,,,,,,,,,,,,,,,,,,,,,,,,,,,,,,,,,,,,,,,,,,,,,,,,,,,,,,,,,,,,,,,,,,,,,,,,,,,,,,,,,,,,,,,,,,,,,,,,,,,,,,,,,,,,,,,,,,,,,,,,,,,,,,,,,,,,,,,,,,,,,,,,,,,,,2026-07-11 11:22:46.237,0,,
9528,63,61,10461,1,1889,GARCIA MILLAN,SALMOREJO,SALMOREJO ORIGINAL GM 1L,UNIDE, ,,,,,,,,,NOT_COMPARABLE_MISSING_VALIDATION,1,0,0,,,,,,,,,,,,,,,,,,,,,,,,,,,,,,,,,,,,,,,,,,,,,,,,,,,,,,,,,,,,,,,,,,,,,,,,,,,,,,,,,,,,,,,,,,,,,,,,,,,,,,,,,,,,,,,,,,,,,,,,,,,,,,,,,,,,,,,,,,,,,,,,,,,,,,,,,,,,,,,,,,,,,,,,,,,,,,,,,,,,,,,,,,,,,,,,,,,,,,,,,,,,,,,,2026-07-11 11:22:46.237,0,,
9529,63,61,10461,1,1890,GARCIA MILLAN,SALMOREJO,SALMOREJO ORIGINAL GM 330ML, , ,,,,,,,,,NOT_COMPARABLE_MISSING_VALIDATION,1,0,0,,,,,,,,,,,,,,,,,,,,,,,,,,,,,,,,,,,,,,,,,,,,,,,,,,,,,,,,,,,,,,,,,,,,,,,,,,,,,,,,,,,,,,,,,,,,,,,,,,,,,,,,,,,,,,,,,,,,,,,,,,,,,,,,,,,,,,,,,,,,,,,,,,,,,,,,,,,,,,,,,,,,,,,,,,,,,,,,,,,,,,,,,,,,,,,,,,,,,,,,,,,,,,,,2026-07-11 11:22:46.237,0,,
"9530,63,61,10461,1,1891,GARCIA MILLAN,SALMOREJO,SALMOREJO ORIGINAL GM 330ML,"""", ,,,,,,,,,NOT_COMPARABLE_MISSING_VALIDATION,1,0,0,,,,,,,,,,,,,,,,,,,,,,,,,,,,,,,,,,,,,,,,,,,,,,,,,,,,,,,,,,,,,,,,,,,,,,,,,,,,,,,,,,,,,,,,,,,,,,,,,,,,,,,,,,,,,,,,,,,,,,,,,,,,,,,,,,,,,,,,,,,,,,,,,,,,,,,,,,,,,,,,,,,,,,,,,,,,,,,,,,,,,,,,,,,,,,,,,,,,,,,,,,,,,,,,2026-07-11 11:22:46.237,0,,"
9531,63,61,10461,1,1892,GARCIA MILLAN,SALMOREJO,SALMOREJO ORIGINAL GM 330ML,AHORRAMAS, ,,,,,,,,,NOT_COMPARABLE_MISSING_VALIDATION,1,0,0,,,,,,,,,,,,,,,,,,,,,,,,,,,,,,,,,,,,,,,,,,,,,,,,,,,,,,,,,,,,,,,,,,,,,,,,,,,,,,,,,,,,,,,,,,,,,,,,,,,,,,,,,,,,,,,,,,,,,,,,,,,,,,,,,,,,,,,,,,,,,,,,,,,,,,,,,,,,,,,,,,,,,,,,,,,,,,,,,,,,,,,,,,,,,,,,,,,,,,,,,,,,,,,,2026-07-11 11:22:46.237,0,,
9532,63,61,10461,1,1893,GARCIA MILLAN,SALMOREJO,SALMOREJO ORIGINAL GM 330ML,ALDI, ,,,,,,,,,NOT_COMPARABLE_MISSING_VALIDATION,1,0,0,,,,,,,,,,,,,,,,,,,,,,,,,,,,,,,,,,,,,,,,,,,,,,,,,,,,,,,,,,,,,,,,,,,,,,,,,,,,,,,,,,,,,,,,,,,,,,,,,,,,,,,,,,,,,,,,,,,,,,,,,,,,,,,,,,,,,,,,,,,,,,,,,,,,,,,,,,,,,,,,,,,,,,,,,,,,,,,,,,,,,,,,,,,,,,,,,,,,,,,,,,,,,,,,2026-07-11 11:22:46.237,0,,
9533,63,61,10461,1,1894,GARCIA MILLAN,SALMOREJO,SALMOREJO ORIGINAL GM 330ML,ALIPENSA, ,,,,,,,,,NOT_COMPARABLE_MISSING_VALIDATION,1,0,0,,,,,,,,,,,,,,,,,,,,,,,,,,,,,,,,,,,,,,,,,,,,,,,,,,,,,,,,,,,,,,,,,,,,,,,,,,,,,,,,,,,,,,,,,,,,,,,,,,,,,,,,,,,,,,,,,,,,,,,,,,,,,,,,,,,,,,,,,,,,,,,,,,,,,,,,,,,,,,,,,,,,,,,,,,,,,,,,,,,,,,,,,,,,,,,,,,,,,,,,,,,,,,,,2026-07-11 11:22:46.237,0,,
9534,63,61,10461,1,1895,GARCIA MILLAN,SALMOREJO,SALMOREJO ORIGINAL GM 330ML,AMAZON, ,,,,,,,,,NOT_COMPARABLE_MISSING_VALIDATION,1,0,0,,,,,,,,,,,,,,,,,,,,,,,,,,,,,,,,,,,,,,,,,,,,,,,,,,,,,,,,,,,,,,,,,,,,,,,,,,,,,,,,,,,,,,,,,,,,,,,,,,,,,,,,,,,,,,,,,,,,,,,,,,,,,,,,,,,,,,,,,,,,,,,,,,,,,,,,,,,,,,,,,,,,,,,,,,,,,,,,,,,,,,,,,,,,,,,,,,,,,,,,,,,,,,,,2026-07-11 11:22:46.237,0,,
9535,63,61,10461,1,1896,GARCIA MILLAN,SALMOREJO,SALMOREJO ORIGINAL GM 330ML,BELMAR DON BENITO, ,,,,,,,,,NOT_COMPARABLE_MISSING_VALIDATION,1,0,0,,,,,,,,,,,,,,,,,,,,,,,,,,,,,,,,,,,,,,,,,,,,,,,,,,,,,,,,,,,,,,,,,,,,,,,,,,,,,,,,,,,,,,,,,,,,,,,,,,,,,,,,,,,,,,,,,,,,,,,,,,,,,,,,,,,,,,,,,,,,,,,,,,,,,,,,,,,,,,,,,,,,,,,,,,,,,,,,,,,,,,,,,,,,,,,,,,,,,,,,,,,,,,,,2026-07-11 11:22:46.237,0,,
9536,63,61,10461,1,1897,GARCIA MILLAN,SALMOREJO,SALMOREJO ORIGINAL GM 330ML,CARO RUIZ, ,,,,,,,,,NOT_COMPARABLE_MISSING_VALIDATION,1,0,0,,,,,,,,,,,,,,,,,,,,,,,,,,,,,,,,,,,,,,,,,,,,,,,,,,,,,,,,,,,,,,,,,,,,,,,,,,,,,,,,,,,,,,,,,,,,,,,,,,,,,,,,,,,,,,,,,,,,,,,,,,,,,,,,,,,,,,,,,,,,,,,,,,,,,,,,,,,,,,,,,,,,,,,,,,,,,,,,,,,,,,,,,,,,,,,,,,,,,,,,,,,,,,,,2026-07-11 11:22:46.237,0,,
9537,63,61,10461,1,1898,GARCIA MILLAN,SALMOREJO,SALMOREJO ORIGINAL GM 330ML,CARREFOUR, ,,,,,,,,,NOT_COMPARABLE_MISSING_VALIDATION,1,0,0,,,,,,,,,,,,,,,,,,,,,,,,,,,,,,,,,,,,,,,,,,,,,,,,,,,,,,,,,,,,,,,,,,,,,,,,,,,,,,,,,,,,,,,,,,,,,,,,,,,,,,,,,,,,,,,,,,,,,,,,,,,,,,,,,,,,,,,,,,,,,,,,,,,,,,,,,,,,,,,,,,,,,,,,,,,,,,,,,,,,,,,,,,,,,,,,,,,,,,,,,,,,,,,,2026-07-11 11:22:46.237,0,,
9538,63,61,10461,1,1899,GARCIA MILLAN,SALMOREJO,SALMOREJO ORIGINAL GM 330ML,CARRION PARADAS, ,,,,,,,,,NOT_COMPARABLE_MISSING_VALIDATION,1,0,0,,,,,,,,,,,,,,,,,,,,,,,,,,,,,,,,,,,,,,,,,,,,,,,,,,,,,,,,,,,,,,,,,,,,,,,,,,,,,,,,,,,,,,,,,,,,,,,,,,,,,,,,,,,,,,,,,,,,,,,,,,,,,,,,,,,,,,,,,,,,,,,,,,,,,,,,,,,,,,,,,,,,,,,,,,,,,,,,,,,,,,,,,,,,,,,,,,,,,,,,,,,,,,,,2026-07-11 11:22:46.237,0,,
9539,63,61,10461,1,1900,GARCIA MILLAN,SALMOREJO,SALMOREJO ORIGINAL GM 330ML,CASH BAREA, ,,,,,,,,,NOT_COMPARABLE_MISSING_VALIDATION,1,0,0,,,,,,,,,,,,,,,,,,,,,,,,,,,,,,,,,,,,,,,,,,,,,,,,,,,,,,,,,,,,,,,,,,,,,,,,,,,,,,,,,,,,,,,,,,,,,,,,,,,,,,,,,,,,,,,,,,,,,,,,,,,,,,,,,,,,,,,,,,,,,,,,,,,,,,,,,,,,,,,,,,,,,,,,,,,,,,,,,,,,,,,,,,,,,,,,,,,,,,,,,,,,,,,,2026-07-11 11:22:46.237,0,,
9540,63,61,10461,1,1901,GARCIA MILLAN,SALMOREJO,SALMOREJO ORIGINAL GM 330ML,CHAPELA LEON, ,,,,,,,,,NOT_COMPARABLE_MISSING_VALIDATION,1,0,0,,,,,,,,,,,,,,,,,,,,,,,,,,,,,,,,,,,,,,,,,,,,,,,,,,,,,,,,,,,,,,,,,,,,,,,,,,,,,,,,,,,,,,,,,,,,,,,,,,,,,,,,,,,,,,,,,,,,,,,,,,,,,,,,,,,,,,,,,,,,,,,,,,,,,,,,,,,,,,,,,,,,,,,,,,,,,,,,,,,,,,,,,,,,,,,,,,,,,,,,,,,,,,,,2026-07-11 11:22:46.237,0,,
9541,63,61,10461,1,1902,GARCIA MILLAN,SALMOREJO,SALMOREJO ORIGINAL GM 330ML,COMERCIAL PIEDRA TRUJILLO, ,,,,,,,,,NOT_COMPARABLE_MISSING_VALIDATION,1,0,0,,,,,,,,,,,,,,,,,,,,,,,,,,,,,,,,,,,,,,,,,,,,,,,,,,,,,,,,,,,,,,,,,,,,,,,,,,,,,,,,,,,,,,,,,,,,,,,,,,,,,,,,,,,,,,,,,,,,,,,,,,,,,,,,,,,,,,,,,,,,,,,,,,,,,,,,,,,,,,,,,,,,,,,,,,,,,,,,,,,,,,,,,,,,,,,,,,,,,,,,,,,,,,,,2026-07-11 11:22:46.237,0,,
9542,63,61,10461,1,1903,GARCIA MILLAN,SALMOREJO,SALMOREJO ORIGINAL GM 330ML,COVIRAN, ,,,,,,,,,NOT_COMPARABLE_MISSING_VALIDATION,1,0,0,,,,,,,,,,,,,,,,,,,,,,,,,,,,,,,,,,,,,,,,,,,,,,,,,,,,,,,,,,,,,,,,,,,,,,,,,,,,,,,,,,,,,,,,,,,,,,,,,,,,,,,,,,,,,,,,,,,,,,,,,,,,,,,,,,,,,,,,,,,,,,,,,,,,,,,,,,,,,,,,,,,,,,,,,,,,,,,,,,,,,,,,,,,,,,,,,,,,,,,,,,,,,,,,2026-07-11 11:22:46.237,0,,
9543,63,61,10461,1,1904,GARCIA MILLAN,SALMOREJO,SALMOREJO ORIGINAL GM 330ML,DEGUSTACIONES, ,,,,,,,,,NOT_COMPARABLE_MISSING_VALIDATION,1,0,0,,,,,,,,,,,,,,,,,,,,,,,,,,,,,,,,,,,,,,,,,,,,,,,,,,,,,,,,,,,,,,,,,,,,,,,,,,,,,,,,,,,,,,,,,,,,,,,,,,,,,,,,,,,,,,,,,,,,,,,,,,,,,,,,,,,,,,,,,,,,,,,,,,,,,,,,,,,,,,,,,,,,,,,,,,,,,,,,,,,,,,,,,,,,,,,,,,,,,,,,,,,,,,,,2026-07-11 11:22:46.237,0,,
9544,63,61,10461,1,1905,GARCIA MILLAN,SALMOREJO,SALMOREJO ORIGINAL GM 330ML,DIA, ,,,,,,,,,NOT_COMPARABLE_MISSING_VALIDATION,1,0,0,,,,,,,,,,,,,,,,,,,,,,,,,,,,,,,,,,,,,,,,,,,,,,,,,,,,,,,,,,,,,,,,,,,,,,,,,,,,,,,,,,,,,,,,,,,,,,,,,,,,,,,,,,,,,,,,,,,,,,,,,,,,,,,,,,,,,,,,,,,,,,,,,,,,,,,,,,,,,,,,,,,,,,,,,,,,,,,,,,,,,,,,,,,,,,,,,,,,,,,,,,,,,,,,2026-07-11 11:22:46.237,0,,
9545,63,61,10461,1,1906,GARCIA MILLAN,SALMOREJO,SALMOREJO ORIGINAL GM 330ML,DISTRIBUCIONES CARDOSO, ,,,,,,,,,NOT_COMPARABLE_MISSING_VALIDATION,1,0,0,,,,,,,,,,,,,,,,,,,,,,,,,,,,,,,,,,,,,,,,,,,,,,,,,,,,,,,,,,,,,,,,,,,,,,,,,,,,,,,,,,,,,,,,,,,,,,,,,,,,,,,,,,,,,,,,,,,,,,,,,,,,,,,,,,,,,,,,,,,,,,,,,,,,,,,,,,,,,,,,,,,,,,,,,,,,,,,,,,,,,,,,,,,,,,,,,,,,,,,,,,,,,,,,2026-07-11 11:22:46.237,0,,
9546,63,61,10461,1,1907,GARCIA MILLAN,SALMOREJO,SALMOREJO ORIGINAL GM 330ML,DISTRIBUCIONES FROIZ, ,,,,,,,,,NOT_COMPARABLE_MISSING_VALIDATION,1,0,0,,,,,,,,,,,,,,,,,,,,,,,,,,,,,,,,,,,,,,,,,,,,,,,,,,,,,,,,,,,,,,,,,,,,,,,,,,,,,,,,,,,,,,,,,,,,,,,,,,,,,,,,,,,,,,,,,,,,,,,,,,,,,,,,,,,,,,,,,,,,,,,,,,,,,,,,,,,,,,,,,,,,,,,,,,,,,,,,,,,,,,,,,,,,,,,,,,,,,,,,,,,,,,,,2026-07-11 11:22:46.237,0,,
9547,63,61,10461,1,1908,GARCIA MILLAN,SALMOREJO,SALMOREJO ORIGINAL GM 330ML,DISTRIBUCIONES HOSTEAZ, ,,,,,,,,,NOT_COMPARABLE_MISSING_VALIDATION,1,0,0,,,,,,,,,,,,,,,,,,,,,,,,,,,,,,,,,,,,,,,,,,,,,,,,,,,,,,,,,,,,,,,,,,,,,,,,,,,,,,,,,,,,,,,,,,,,,,,,,,,,,,,,,,,,,,,,,,,,,,,,,,,,,,,,,,,,,,,,,,,,,,,,,,,,,,,,,,,,,,,,,,,,,,,,,,,,,,,,,,,,,,,,,,,,,,,,,,,,,,,,,,,,,,,,2026-07-11 11:22:46.237,0,,
9548,63,61,10461,1,1909,GARCIA MILLAN,SALMOREJO,SALMOREJO ORIGINAL GM 330ML,DISTRIBUCIONES JTT, ,,,,,,,,,NOT_COMPARABLE_MISSING_VALIDATION,1,0,0,,,,,,,,,,,,,,,,,,,,,,,,,,,,,,,,,,,,,,,,,,,,,,,,,,,,,,,,,,,,,,,,,,,,,,,,,,,,,,,,,,,,,,,,,,,,,,,,,,,,,,,,,,,,,,,,,,,,,,,,,,,,,,,,,,,,,,,,,,,,,,,,,,,,,,,,,,,,,,,,,,,,,,,,,,,,,,,,,,,,,,,,,,,,,,,,,,,,,,,,,,,,,,,,2026-07-11 11:22:46.237,0,,
9549,63,61,10461,1,1910,GARCIA MILLAN,SALMOREJO,SALMOREJO ORIGINAL GM 330ML,DONACIONES, ,,,,,,,,,NOT_COMPARABLE_MISSING_VALIDATION,1,0,0,,,,,,,,,,,,,,,,,,,,,,,,,,,,,,,,,,,,,,,,,,,,,,,,,,,,,,,,,,,,,,,,,,,,,,,,,,,,,,,,,,,,,,,,,,,,,,,,,,,,,,,,,,,,,,,,,,,,,,,,,,,,,,,,,,,,,,,,,,,,,,,,,,,,,,,,,,,,,,,,,,,,,,,,,,,,,,,,,,,,,,,,,,,,,,,,,,,,,,,,,,,,,,,,2026-07-11 11:22:46.237,0,,
9550,63,61,10461,1,1911,GARCIA MILLAN,SALMOREJO,SALMOREJO ORIGINAL GM 330ML,EL CORTE INGLES, ,,,,,,,,,NOT_COMPARABLE_MISSING_VALIDATION,1,0,0,,,,,,,,,,,,,,,,,,,,,,,,,,,,,,,,,,,,,,,,,,,,,,,,,,,,,,,,,,,,,,,,,,,,,,,,,,,,,,,,,,,,,,,,,,,,,,,,,,,,,,,,,,,,,,,,,,,,,,,,,,,,,,,,,,,,,,,,,,,,,,,,,,,,,,,,,,,,,,,,,,,,,,,,,,,,,,,,,,,,,,,,,,,,,,,,,,,,,,,,,,,,,,,,2026-07-11 11:22:46.237,0,,
9551,63,61,10461,1,1912,GARCIA MILLAN,SALMOREJO,SALMOREJO ORIGINAL GM 330ML,ENRIQUE TOMAS, ,,,,,,,,,NOT_COMPARABLE_MISSING_VALIDATION,1,0,0,,,,,,,,,,,,,,,,,,,,,,,,,,,,,,,,,,,,,,,,,,,,,,,,,,,,,,,,,,,,,,,,,,,,,,,,,,,,,,,,,,,,,,,,,,,,,,,,,,,,,,,,,,,,,,,,,,,,,,,,,,,,,,,,,,,,,,,,,,,,,,,,,,,,,,,,,,,,,,,,,,,,,,,,,,,,,,,,,,,,,,,,,,,,,,,,,,,,,,,,,,,,,,,,2026-07-11 11:22:46.237,0,,
9552,63,61,10461,1,1913,GARCIA MILLAN,SALMOREJO,SALMOREJO ORIGINAL GM 330ML,ESTABLECIMIENTOS PLAZA, ,,,,,,,,,NOT_COMPARABLE_MISSING_VALIDATION,1,0,0,,,,,,,,,,,,,,,,,,,,,,,,,,,,,,,,,,,,,,,,,,,,,,,,,,,,,,,,,,,,,,,,,,,,,,,,,,,,,,,,,,,,,,,,,,,,,,,,,,,,,,,,,,,,,,,,,,,,,,,,,,,,,,,,,,,,,,,,,,,,,,,,,,,,,,,,,,,,,,,,,,,,,,,,,,,,,,,,,,,,,,,,,,,,,,,,,,,,,,,,,,,,,,,,2026-07-11 11:22:46.237,0,,
9553,63,61,10461,1,1914,GARCIA MILLAN,SALMOREJO,SALMOREJO ORIGINAL GM 330ML,FAMILY CASH, ,,,,,,,,,NOT_COMPARABLE_MISSING_VALIDATION,1,0,0,,,,,,,,,,,,,,,,,,,,,,,,,,,,,,,,,,,,,,,,,,,,,,,,,,,,,,,,,,,,,,,,,,,,,,,,,,,,,,,,,,,,,,,,,,,,,,,,,,,,,,,,,,,,,,,,,,,,,,,,,,,,,,,,,,,,,,,,,,,,,,,,,,,,,,,,,,,,,,,,,,,,,,,,,,,,,,,,,,,,,,,,,,,,,,,,,,,,,,,,,,,,,,,,2026-07-11 11:22:46.237,0,,
9554,63,61,10461,1,1915,GARCIA MILLAN,SALMOREJO,SALMOREJO ORIGINAL GM 330ML,FRANCO-MOR, ,,,,,,,,,NOT_COMPARABLE_MISSING_VALIDATION,1,0,0,,,,,,,,,,,,,,,,,,,,,,,,,,,,,,,,,,,,,,,,,,,,,,,,,,,,,,,,,,,,,,,,,,,,,,,,,,,,,,,,,,,,,,,,,,,,,,,,,,,,,,,,,,,,,,,,,,,,,,,,,,,,,,,,,,,,,,,,,,,,,,,,,,,,,,,,,,,,,,,,,,,,,,,,,,,,,,,,,,,,,,,,,,,,,,,,,,,,,,,,,,,,,,,,2026-07-11 11:22:46.237,0,,
9555,63,61,10461,1,1916,GARCIA MILLAN,SALMOREJO,SALMOREJO ORIGINAL GM 330ML,FRUFOR, ,,,,,,,,,NOT_COMPARABLE_MISSING_VALIDATION,1,0,0,,,,,,,,,,,,,,,,,,,,,,,,,,,,,,,,,,,,,,,,,,,,,,,,,,,,,,,,,,,,,,,,,,,,,,,,,,,,,,,,,,,,,,,,,,,,,,,,,,,,,,,,,,,,,,,,,,,,,,,,,,,,,,,,,,,,,,,,,,,,,,,,,,,,,,,,,,,,,,,,,,,,,,,,,,,,,,,,,,,,,,,,,,,,,,,,,,,,,,,,,,,,,,,,2026-07-11 11:22:46.237,0,,
9556,63,61,10461,1,1917,GARCIA MILLAN,SALMOREJO,SALMOREJO ORIGINAL GM 330ML,GARIZUR, ,,,,,,,,,NOT_COMPARABLE_MISSING_VALIDATION,1,0,0,,,,,,,,,,,,,,,,,,,,,,,,,,,,,,,,,,,,,,,,,,,,,,,,,,,,,,,,,,,,,,,,,,,,,,,,,,,,,,,,,,,,,,,,,,,,,,,,,,,,,,,,,,,,,,,,,,,,,,,,,,,,,,,,,,,,,,,,,,,,,,,,,,,,,,,,,,,,,,,,,,,,,,,,,,,,,,,,,,,,,,,,,,,,,,,,,,,,,,,,,,,,,,,,2026-07-11 11:22:46.237,0,,
9557,63,61,10461,1,1918,GARCIA MILLAN,SALMOREJO,SALMOREJO ORIGINAL GM 330ML,GRUPO AUCHAN, ,,,,,,,,,NOT_COMPARABLE_MISSING_VALIDATION,1,0,0,,,,,,,,,,,,,,,,,,,,,,,,,,,,,,,,,,,,,,,,,,,,,,,,,,,,,,,,,,,,,,,,,,,,,,,,,,,,,,,,,,,,,,,,,,,,,,,,,,,,,,,,,,,,,,,,,,,,,,,,,,,,,,,,,,,,,,,,,,,,,,,,,,,,,,,,,,,,,,,,,,,,,,,,,,,,,,,,,,,,,,,,,,,,,,,,,,,,,,,,,,,,,,,,2026-07-11 11:22:46.237,0,,
9558,63,61,10461,1,1919,GARCIA MILLAN,SALMOREJO,SALMOREJO ORIGINAL GM 330ML,GRUPO EL JAMON, ,,,,,,,,,NOT_COMPARABLE_MISSING_VALIDATION,1,0,0,,,,,,,,,,,,,,,,,,,,,,,,,,,,,,,,,,,,,,,,,,,,,,,,,,,,,,,,,,,,,,,,,,,,,,,,,,,,,,,,,,,,,,,,,,,,,,,,,,,,,,,,,,,,,,,,,,,,,,,,,,,,,,,,,,,,,,,,,,,,,,,,,,,,,,,,,,,,,,,,,,,,,,,,,,,,,,,,,,,,,,,,,,,,,,,,,,,,,,,,,,,,,,,,2026-07-11 11:22:46.237,0,,
9559,63,61,10461,1,1920,GARCIA MILLAN,SALMOREJO,SALMOREJO ORIGINAL GM 330ML,HERMANOS AYALA, ,,,,,,,,,NOT_COMPARABLE_MISSING_VALIDATION,1,0,0,,,,,,,,,,,,,,,,,,,,,,,,,,,,,,,,,,,,,,,,,,,,,,,,,,,,,,,,,,,,,,,,,,,,,,,,,,,,,,,,,,,,,,,,,,,,,,,,,,,,,,,,,,,,,,,,,,,,,,,,,,,,,,,,,,,,,,,,,,,,,,,,,,,,,,,,,,,,,,,,,,,,,,,,,,,,,,,,,,,,,,,,,,,,,,,,,,,,,,,,,,,,,,,,2026-07-11 11:22:46.237,0,,
9560,63,61,10461,1,1921,GARCIA MILLAN,SALMOREJO,SALMOREJO ORIGINAL GM 330ML,HERMANOS MARTIN, ,,,,,,,,,NOT_COMPARABLE_MISSING_VALIDATION,1,0,0,,,,,,,,,,,,,,,,,,,,,,,,,,,,,,,,,,,,,,,,,,,,,,,,,,,,,,,,,,,,,,,,,,,,,,,,,,,,,,,,,,,,,,,,,,,,,,,,,,,,,,,,,,,,,,,,,,,,,,,,,,,,,,,,,,,,,,,,,,,,,,,,,,,,,,,,,,,,,,,,,,,,,,,,,,,,,,,,,,,,,,,,,,,,,,,,,,,,,,,,,,,,,,,,2026-07-11 11:22:46.237,0,,
9561,63,61,10461,1,1922,GARCIA MILLAN,SALMOREJO,SALMOREJO ORIGINAL GM 330ML,HIPER TAMBO, ,,,,,,,,,NOT_COMPARABLE_MISSING_VALIDATION,1,0,0,,,,,,,,,,,,,,,,,,,,,,,,,,,,,,,,,,,,,,,,,,,,,,,,,,,,,,,,,,,,,,,,,,,,,,,,,,,,,,,,,,,,,,,,,,,,,,,,,,,,,,,,,,,,,,,,,,,,,,,,,,,,,,,,,,,,,,,,,,,,,,,,,,,,,,,,,,,,,,,,,,,,,,,,,,,,,,,,,,,,,,,,,,,,,,,,,,,,,,,,,,,,,,,,2026-07-11 11:22:46.237,0,,
9562,63,61,10461,1,1923,GARCIA MILLAN,SALMOREJO,SALMOREJO ORIGINAL GM 330ML,HIPER USERA, ,,,,,,,,,NOT_COMPARABLE_MISSING_VALIDATION,1,0,0,,,,,,,,,,,,,,,,,,,,,,,,,,,,,,,,,,,,,,,,,,,,,,,,,,,,,,,,,,,,,,,,,,,,,,,,,,,,,,,,,,,,,,,,,,,,,,,,,,,,,,,,,,,,,,,,,,,,,,,,,,,,,,,,,,,,,,,,,,,,,,,,,,,,,,,,,,,,,,,,,,,,,,,,,,,,,,,,,,,,,,,,,,,,,,,,,,,,,,,,,,,,,,,,2026-07-11 11:22:46.237,0,,
9563,63,61,10461,1,1924,GARCIA MILLAN,SALMOREJO,SALMOREJO ORIGINAL GM 330ML,HIPERBER, ,,,,,,,,,NOT_COMPARABLE_MISSING_VALIDATION,1,0,0,,,,,,,,,,,,,,,,,,,,,,,,,,,,,,,,,,,,,,,,,,,,,,,,,,,,,,,,,,,,,,,,,,,,,,,,,,,,,,,,,,,,,,,,,,,,,,,,,,,,,,,,,,,,,,,,,,,,,,,,,,,,,,,,,,,,,,,,,,,,,,,,,,,,,,,,,,,,,,,,,,,,,,,,,,,,,,,,,,,,,,,,,,,,,,,,,,,,,,,,,,,,,,,,2026-07-11 11:22:46.237,0,,
9564,63,61,10461,1,1925,GARCIA MILLAN,SALMOREJO,SALMOREJO ORIGINAL GM 330ML,JOAQUIN TARDIO, ,,,,,,,,,NOT_COMPARABLE_MISSING_VALIDATION,1,0,0,,,,,,,,,,,,,,,,,,,,,,,,,,,,,,,,,,,,,,,,,,,,,,,,,,,,,,,,,,,,,,,,,,,,,,,,,,,,,,,,,,,,,,,,,,,,,,,,,,,,,,,,,,,,,,,,,,,,,,,,,,,,,,,,,,,,,,,,,,,,,,,,,,,,,,,,,,,,,,,,,,,,,,,,,,,,,,,,,,,,,,,,,,,,,,,,,,,,,,,,,,,,,,,,2026-07-11 11:22:46.237,0,,
9565,63,61,10461,1,1926,GARCIA MILLAN,SALMOREJO,SALMOREJO ORIGINAL GM 330ML,JURADO GOURMET, ,,,,,,,,,NOT_COMPARABLE_MISSING_VALIDATION,1,0,0,,,,,,,,,,,,,,,,,,,,,,,,,,,,,,,,,,,,,,,,,,,,,,,,,,,,,,,,,,,,,,,,,,,,,,,,,,,,,,,,,,,,,,,,,,,,,,,,,,,,,,,,,,,,,,,,,,,,,,,,,,,,,,,,,,,,,,,,,,,,,,,,,,,,,,,,,,,,,,,,,,,,,,,,,,,,,,,,,,,,,,,,,,,,,,,,,,,,,,,,,,,,,,,,2026-07-11 11:22:46.237,0,,
9566,63,61,10461,1,1927,GARCIA MILLAN,SALMOREJO,SALMOREJO ORIGINAL GM 330ML,LACTEAS HISPALENSE, ,,,,,,,,,NOT_COMPARABLE_MISSING_VALIDATION,1,0,0,,,,,,,,,,,,,,,,,,,,,,,,,,,,,,,,,,,,,,,,,,,,,,,,,,,,,,,,,,,,,,,,,,,,,,,,,,,,,,,,,,,,,,,,,,,,,,,,,,,,,,,,,,,,,,,,,,,,,,,,,,,,,,,,,,,,,,,,,,,,,,,,,,,,,,,,,,,,,,,,,,,,,,,,,,,,,,,,,,,,,,,,,,,,,,,,,,,,,,,,,,,,,,,,2026-07-11 11:22:46.237,0,,
9567,63,61,10461,1,1928,GARCIA MILLAN,SALMOREJO,SALMOREJO ORIGINAL GM 330ML,LIDL, ,,,,,,,,,NOT_COMPARABLE_MISSING_VALIDATION,1,0,0,,,,,,,,,,,,,,,,,,,,,,,,,,,,,,,,,,,,,,,,,,,,,,,,,,,,,,,,,,,,,,,,,,,,,,,,,,,,,,,,,,,,,,,,,,,,,,,,,,,,,,,,,,,,,,,,,,,,,,,,,,,,,,,,,,,,,,,,,,,,,,,,,,,,,,,,,,,,,,,,,,,,,,,,,,,,,,,,,,,,,,,,,,,,,,,,,,,,,,,,,,,,,,,,2026-07-11 11:22:46.237,0,,
9568,63,61,10461,1,1929,GARCIA MILLAN,SALMOREJO,SALMOREJO ORIGINAL GM 330ML,LOSAN DISTRIBUCIONES, ,,,,,,,,,NOT_COMPARABLE_MISSING_VALIDATION,1,0,0,,,,,,,,,,,,,,,,,,,,,,,,,,,,,,,,,,,,,,,,,,,,,,,,,,,,,,,,,,,,,,,,,,,,,,,,,,,,,,,,,,,,,,,,,,,,,,,,,,,,,,,,,,,,,,,,,,,,,,,,,,,,,,,,,,,,,,,,,,,,,,,,,,,,,,,,,,,,,,,,,,,,,,,,,,,,,,,,,,,,,,,,,,,,,,,,,,,,,,,,,,,,,,,,2026-07-11 11:22:46.237,0,,
9569,63,61,10461,1,1930,GARCIA MILLAN,SALMOREJO,SALMOREJO ORIGINAL GM 330ML,LUIS PIÃ‘A, ,,,,,,,,,NOT_COMPARABLE_MISSING_VALIDATION,1,0,0,,,,,,,,,,,,,,,,,,,,,,,,,,,,,,,,,,,,,,,,,,,,,,,,,,,,,,,,,,,,,,,,,,,,,,,,,,,,,,,,,,,,,,,,,,,,,,,,,,,,,,,,,,,,,,,,,,,,,,,,,,,,,,,,,,,,,,,,,,,,,,,,,,,,,,,,,,,,,,,,,,,,,,,,,,,,,,,,,,,,,,,,,,,,,,,,,,,,,,,,,,,,,,,,2026-07-11 11:22:46.237,0,,
9570,63,61,10461,1,1931,GARCIA MILLAN,SALMOREJO,SALMOREJO ORIGINAL GM 330ML,MERCADONA, ,,,,,,,,,NOT_COMPARABLE_MISSING_VALIDATION,1,0,0,,,,,,,,,,,,,,,,,,,,,,,,,,,,,,,,,,,,,,,,,,,,,,,,,,,,,,,,,,,,,,,,,,,,,,,,,,,,,,,,,,,,,,,,,,,,,,,,,,,,,,,,,,,,,,,,,,,,,,,,,,,,,,,,,,,,,,,,,,,,,,,,,,,,,,,,,,,,,,,,,,,,,,,,,,,,,,,,,,,,,,,,,,,,,,,,,,,,,,,,,,,,,,,,2026-07-11 11:22:46.237,0,,
9571,63,61,10461,1,1932,GARCIA MILLAN,SALMOREJO,SALMOREJO ORIGINAL GM 330ML,MOISES MUÃ‘OZ E HIJOS, ,,,,,,,,,NOT_COMPARABLE_MISSING_VALIDATION,1,0,0,,,,,,,,,,,,,,,,,,,,,,,,,,,,,,,,,,,,,,,,,,,,,,,,,,,,,,,,,,,,,,,,,,,,,,,,,,,,,,,,,,,,,,,,,,,,,,,,,,,,,,,,,,,,,,,,,,,,,,,,,,,,,,,,,,,,,,,,,,,,,,,,,,,,,,,,,,,,,,,,,,,,,,,,,,,,,,,,,,,,,,,,,,,,,,,,,,,,,,,,,,,,,,,,2026-07-11 11:22:46.237,0,,
9572,63,61,10461,1,1933,GARCIA MILLAN,SALMOREJO,SALMOREJO ORIGINAL GM 330ML,MUESTRAS, ,,,,,,,,,NOT_COMPARABLE_MISSING_VALIDATION,1,0,0,,,,,,,,,,,,,,,,,,,,,,,,,,,,,,,,,,,,,,,,,,,,,,,,,,,,,,,,,,,,,,,,,,,,,,,,,,,,,,,,,,,,,,,,,,,,,,,,,,,,,,,,,,,,,,,,,,,,,,,,,,,,,,,,,,,,,,,,,,,,,,,,,,,,,,,,,,,,,,,,,,,,,,,,,,,,,,,,,,,,,,,,,,,,,,,,,,,,,,,,,,,,,,,,2026-07-11 11:22:46.237,0,,
9573,63,61,10461,1,1934,GARCIA MILLAN,SALMOREJO,SALMOREJO ORIGINAL GM 330ML,PARQUE NORTE, ,,,,,,,,,NOT_COMPARABLE_MISSING_VALIDATION,1,0,0,,,,,,,,,,,,,,,,,,,,,,,,,,,,,,,,,,,,,,,,,,,,,,,,,,,,,,,,,,,,,,,,,,,,,,,,,,,,,,,,,,,,,,,,,,,,,,,,,,,,,,,,,,,,,,,,,,,,,,,,,,,,,,,,,,,,,,,,,,,,,,,,,,,,,,,,,,,,,,,,,,,,,,,,,,,,,,,,,,,,,,,,,,,,,,,,,,,,,,,,,,,,,,,,2026-07-11 11:22:46.237,0,,
9574,63,61,10461,1,1935,GARCIA MILLAN,SALMOREJO,SALMOREJO ORIGINAL GM 330ML,PLASTICOSUR, ,,,,,,,,,NOT_COMPARABLE_MISSING_VALIDATION,1,0,0,,,,,,,,,,,,,,,,,,,,,,,,,,,,,,,,,,,,,,,,,,,,,,,,,,,,,,,,,,,,,,,,,,,,,,,,,,,,,,,,,,,,,,,,,,,,,,,,,,,,,,,,,,,,,,,,,,,,,,,,,,,,,,,,,,,,,,,,,,,,,,,,,,,,,,,,,,,,,,,,,,,,,,,,,,,,,,,,,,,,,,,,,,,,,,,,,,,,,,,,,,,,,,,,2026-07-11 11:22:46.237,0,,
9575,63,61,10461,1,1936,GARCIA MILLAN,SALMOREJO,SALMOREJO ORIGINAL GM 330ML,PUNTO SADEAL UNIVERSAL, ,,,,,,,,,NOT_COMPARABLE_MISSING_VALIDATION,1,0,0,,,,,,,,,,,,,,,,,,,,,,,,,,,,,,,,,,,,,,,,,,,,,,,,,,,,,,,,,,,,,,,,,,,,,,,,,,,,,,,,,,,,,,,,,,,,,,,,,,,,,,,,,,,,,,,,,,,,,,,,,,,,,,,,,,,,,,,,,,,,,,,,,,,,,,,,,,,,,,,,,,,,,,,,,,,,,,,,,,,,,,,,,,,,,,,,,,,,,,,,,,,,,,,,2026-07-11 11:22:46.237,0,,
9576,63,61,10461,1,1937,GARCIA MILLAN,SALMOREJO,SALMOREJO ORIGINAL GM 330ML,RAFAEL OLIAS, ,,,,,,,,,NOT_COMPARABLE_MISSING_VALIDATION,1,0,0,,,,,,,,,,,,,,,,,,,,,,,,,,,,,,,,,,,,,,,,,,,,,,,,,,,,,,,,,,,,,,,,,,,,,,,,,,,,,,,,,,,,,,,,,,,,,,,,,,,,,,,,,,,,,,,,,,,,,,,,,,,,,,,,,,,,,,,,,,,,,,,,,,,,,,,,,,,,,,,,,,,,,,,,,,,,,,,,,,,,,,,,,,,,,,,,,,,,,,,,,,,,,,,,2026-07-11 11:22:46.237,0,,
9577,63,61,10461,1,1938,GARCIA MILLAN,SALMOREJO,SALMOREJO ORIGINAL GM 330ML,REPRESENTACIONES MAYORAL, ,,,,,,,,,NOT_COMPARABLE_MISSING_VALIDATION,1,0,0,,,,,,,,,,,,,,,,,,,,,,,,,,,,,,,,,,,,,,,,,,,,,,,,,,,,,,,,,,,,,,,,,,,,,,,,,,,,,,,,,,,,,,,,,,,,,,,,,,,,,,,,,,,,,,,,,,,,,,,,,,,,,,,,,,,,,,,,,,,,,,,,,,,,,,,,,,,,,,,,,,,,,,,,,,,,,,,,,,,,,,,,,,,,,,,,,,,,,,,,,,,,,,,,2026-07-11 11:22:46.237,0,,
9578,63,61,10461,1,1939,GARCIA MILLAN,SALMOREJO,SALMOREJO ORIGINAL GM 330ML,RUIZ GALAN, ,,,,,,,,,NOT_COMPARABLE_MISSING_VALIDATION,1,0,0,,,,,,,,,,,,,,,,,,,,,,,,,,,,,,,,,,,,,,,,,,,,,,,,,,,,,,,,,,,,,,,,,,,,,,,,,,,,,,,,,,,,,,,,,,,,,,,,,,,,,,,,,,,,,,,,,,,,,,,,,,,,,,,,,,,,,,,,,,,,,,,,,,,,,,,,,,,,,,,,,,,,,,,,,,,,,,,,,,,,,,,,,,,,,,,,,,,,,,,,,,,,,,,,2026-07-11 11:22:46.237,0,,
9579,63,61,10461,1,1940,GARCIA MILLAN,SALMOREJO,SALMOREJO ORIGINAL GM 330ML,SOALPE, ,,,,,,,,,NOT_COMPARABLE_MISSING_VALIDATION,1,0,0,,,,,,,,,,,,,,,,,,,,,,,,,,,,,,,,,,,,,,,,,,,,,,,,,,,,,,,,,,,,,,,,,,,,,,,,,,,,,,,,,,,,,,,,,,,,,,,,,,,,,,,,,,,,,,,,,,,,,,,,,,,,,,,,,,,,,,,,,,,,,,,,,,,,,,,,,,,,,,,,,,,,,,,,,,,,,,,,,,,,,,,,,,,,,,,,,,,,,,,,,,,,,,,,2026-07-11 11:22:46.237,0,,
9580,63,61,10461,1,1941,GARCIA MILLAN,SALMOREJO,SALMOREJO ORIGINAL GM 330ML,SOLA RICCA, ,,,,,,,,,NOT_COMPARABLE_MISSING_VALIDATION,1,0,0,,,,,,,,,,,,,,,,,,,,,,,,,,,,,,,,,,,,,,,,,,,,,,,,,,,,,,,,,,,,,,,,,,,,,,,,,,,,,,,,,,,,,,,,,,,,,,,,,,,,,,,,,,,,,,,,,,,,,,,,,,,,,,,,,,,,,,,,,,,,,,,,,,,,,,,,,,,,,,,,,,,,,,,,,,,,,,,,,,,,,,,,,,,,,,,,,,,,,,,,,,,,,,,,2026-07-11 11:22:46.237,0,,
9581,63,61,10461,1,1942,GARCIA MILLAN,SALMOREJO,SALMOREJO ORIGINAL GM 330ML,SUPER ARCOS, ,,,,,,,,,NOT_COMPARABLE_MISSING_VALIDATION,1,0,0,,,,,,,,,,,,,,,,,,,,,,,,,,,,,,,,,,,,,,,,,,,,,,,,,,,,,,,,,,,,,,,,,,,,,,,,,,,,,,,,,,,,,,,,,,,,,,,,,,,,,,,,,,,,,,,,,,,,,,,,,,,,,,,,,,,,,,,,,,,,,,,,,,,,,,,,,,,,,,,,,,,,,,,,,,,,,,,,,,,,,,,,,,,,,,,,,,,,,,,,,,,,,,,,2026-07-11 11:22:46.237,0,,
9582,63,61,10461,1,1943,GARCIA MILLAN,SALMOREJO,SALMOREJO ORIGINAL GM 330ML,UNEI, ,,,,,,,,,NOT_COMPARABLE_MISSING_VALIDATION,1,0,0,,,,,,,,,,,,,,,,,,,,,,,,,,,,,,,,,,,,,,,,,,,,,,,,,,,,,,,,,,,,,,,,,,,,,,,,,,,,,,,,,,,,,,,,,,,,,,,,,,,,,,,,,,,,,,,,,,,,,,,,,,,,,,,,,,,,,,,,,,,,,,,,,,,,,,,,,,,,,,,,,,,,,,,,,,,,,,,,,,,,,,,,,,,,,,,,,,,,,,,,,,,,,,,,2026-07-11 11:22:46.237,0,,
9583,63,61,10461,1,1944,GARCIA MILLAN,SALMOREJO,SALMOREJO ORIGINAL GM 750ML, , ,,,,,,,,,NOT_COMPARABLE_MISSING_VALIDATION,1,0,0,,,,,,,,,,,,,,,,,,,,,,,,,,,,,,,,,,,,,,,,,,,,,,,,,,,,,,,,,,,,,,,,,,,,,,,,,,,,,,,,,,,,,,,,,,,,,,,,,,,,,,,,,,,,,,,,,,,,,,,,,,,,,,,,,,,,,,,,,,,,,,,,,,,,,,,,,,,,,,,,,,,,,,,,,,,,,,,,,,,,,,,,,,,,,,,,,,,,,,,,,,,,,,,,2026-07-11 11:22:46.237,0,,
"9584,63,61,10461,1,1945,GARCIA MILLAN,SALMOREJO,SALMOREJO ORIGINAL GM 750ML,"""", ,,,,,,,,,NOT_COMPARABLE_MISSING_VALIDATION,1,0,0,,,,,,,,,,,,,,,,,,,,,,,,,,,,,,,,,,,,,,,,,,,,,,,,,,,,,,,,,,,,,,,,,,,,,,,,,,,,,,,,,,,,,,,,,,,,,,,,,,,,,,,,,,,,,,,,,,,,,,,,,,,,,,,,,,,,,,,,,,,,,,,,,,,,,,,,,,,,,,,,,,,,,,,,,,,,,,,,,,,,,,,,,,,,,,,,,,,,,,,,,,,,,,,,2026-07-11 11:22:46.237,0,,"
9585,63,61,10461,1,1946,GARCIA MILLAN,SALMOREJO,SALMOREJO ORIGINAL GM 750ML,AHORRAMAS, ,,,,,,,,,NOT_COMPARABLE_MISSING_VALIDATION,1,0,0,,,,,,,,,,,,,,,,,,,,,,,,,,,,,,,,,,,,,,,,,,,,,,,,,,,,,,,,,,,,,,,,,,,,,,,,,,,,,,,,,,,,,,,,,,,,,,,,,,,,,,,,,,,,,,,,,,,,,,,,,,,,,,,,,,,,,,,,,,,,,,,,,,,,,,,,,,,,,,,,,,,,,,,,,,,,,,,,,,,,,,,,,,,,,,,,,,,,,,,,,,,,,,,,2026-07-11 11:22:46.237,0,,
9586,63,61,10461,1,1947,GARCIA MILLAN,SALMOREJO,SALMOREJO ORIGINAL GM 750ML,GRUPO EL JAMON, ,,,,,,,,,NOT_COMPARABLE_MISSING_VALIDATION,1,0,0,,,,,,,,,,,,,,,,,,,,,,,,,,,,,,,,,,,,,,,,,,,,,,,,,,,,,,,,,,,,,,,,,,,,,,,,,,,,,,,,,,,,,,,,,,,,,,,,,,,,,,,,,,,,,,,,,,,,,,,,,,,,,,,,,,,,,,,,,,,,,,,,,,,,,,,,,,,,,,,,,,,,,,,,,,,,,,,,,,,,,,,,,,,,,,,,,,,,,,,,,,,,,,,,2026-07-11 11:22:46.237,0,,
9587,63,61,10461,1,1948,GARCIA MILLAN,SALMOREJO,SALMOREJO ORIGINAL GM 750ML,HERMANOS MARTIN, ,,,,,,,,,NOT_COMPARABLE_MISSING_VALIDATION,1,0,0,,,,,,,,,,,,,,,,,,,,,,,,,,,,,,,,,,,,,,,,,,,,,,,,,,,,,,,,,,,,,,,,,,,,,,,,,,,,,,,,,,,,,,,,,,,,,,,,,,,,,,,,,,,,,,,,,,,,,,,,,,,,,,,,,,,,,,,,,,,,,,,,,,,,,,,,,,,,,,,,,,,,,,,,,,,,,,,,,,,,,,,,,,,,,,,,,,,,,,,,,,,,,,,,2026-07-11 11:22:46.237,0,,
9588,63,61,10461,1,1949,SALSAS DE SALTEAS, , , , ,,,,,,,,,NOT_COMPARABLE_MISSING_VALIDATION,1,0,0,,,,,,,,,,,,,,,,,,,,,,,,,,,,,,,,,,,,,,,,,,,,,,,,,,,,,,,,,,,,,,,,,,,,,,,,,,,,,,,,,,,,,,,,,,,,,,,,,,,,,,,,,,,,,,,,,,,,,,,,,,,,,,,,,,,,,,,,,,,,,,,,,,,,,,,,,,,,,,,,,,,,,,,,,,,,,,,,,,,,,,,,,,,,,,,,,,,,,,,,,,,,,,,,2026-07-11 11:22:46.237,0,,
9589,63,61,10461,1,1950,SALSAS DE SALTEAS,GAZPACHO, , , ,,,,,,,,,NOT_COMPARABLE_MISSING_VALIDATION,1,0,0,,,,,,,,,,,,,,,,,,,,,,,,,,,,,,,,,,,,,,,,,,,,,,,,,,,,,,,,,,,,,,,,,,,,,,,,,,,,,,,,,,,,,,,,,,,,,,,,,,,,,,,,,,,,,,,,,,,,,,,,,,,,,,,,,,,,,,,,,,,,,,,,,,,,,,,,,,,,,,,,,,,,,,,,,,,,,,,,,,,,,,,,,,,,,,,,,,,,,,,,,,,,,,,,2026-07-11 11:22:46.237,0,,
9590,63,61,10461,1,1951,SALSAS DE SALTEAS,GAZPACHO,GAZPACHO SS 1L, , ,,,,,,,,,NOT_COMPARABLE_MISSING_VALIDATION,1,0,0,,,,,,,,,,,,,,,,,,,,,,,,,,,,,,,,,,,,,,,,,,,,,,,,,,,,,,,,,,,,,,,,,,,,,,,,,,,,,,,,,,,,,,,,,,,,,,,,,,,,,,,,,,,,,,,,,,,,,,,,,,,,,,,,,,,,,,,,,,,,,,,,,,,,,,,,,,,,,,,,,,,,,,,,,,,,,,,,,,,,,,,,,,,,,,,,,,,,,,,,,,,,,,,,2026-07-11 11:22:46.237,0,,
"9591,63,61,10461,1,1952,SALSAS DE SALTEAS,GAZPACHO,GAZPACHO SS 1L,"""", ,,,,,,,,,NOT_COMPARABLE_MISSING_VALIDATION,1,0,0,,,,,,,,,,,,,,,,,,,,,,,,,,,,,,,,,,,,,,,,,,,,,,,,,,,,,,,,,,,,,,,,,,,,,,,,,,,,,,,,,,,,,,,,,,,,,,,,,,,,,,,,,,,,,,,,,,,,,,,,,,,,,,,,,,,,,,,,,,,,,,,,,,,,,,,,,,,,,,,,,,,,,,,,,,,,,,,,,,,,,,,,,,,,,,,,,,,,,,,,,,,,,,,,2026-07-11 11:22:46.237,0,,"
9592,63,61,10461,1,1953,SALSAS DE SALTEAS,GAZPACHO,GAZPACHO SS 1L,DISTRIBUCIONES HOSTEAZ, ,,,,,,,,,NOT_COMPARABLE_MISSING_VALIDATION,1,0,0,,,,,,,,,,,,,,,,,,,,,,,,,,,,,,,,,,,,,,,,,,,,,,,,,,,,,,,,,,,,,,,,,,,,,,,,,,,,,,,,,,,,,,,,,,,,,,,,,,,,,,,,,,,,,,,,,,,,,,,,,,,,,,,,,,,,,,,,,,,,,,,,,,,,,,,,,,,,,,,,,,,,,,,,,,,,,,,,,,,,,,,,,,,,,,,,,,,,,,,,,,,,,,,,2026-07-11 11:22:46.237,0,,
9593,63,61,10461,1,1954,SALSAS DE SALTEAS,GAZPACHO,GAZPACHO SS 1L,EL CORTE INGLES, ,,,,,,,,,NOT_COMPARABLE_MISSING_VALIDATION,1,0,0,,,,,,,,,,,,,,,,,,,,,,,,,,,,,,,,,,,,,,,,,,,,,,,,,,,,,,,,,,,,,,,,,,,,,,,,,,,,,,,,,,,,,,,,,,,,,,,,,,,,,,,,,,,,,,,,,,,,,,,,,,,,,,,,,,,,,,,,,,,,,,,,,,,,,,,,,,,,,,,,,,,,,,,,,,,,,,,,,,,,,,,,,,,,,,,,,,,,,,,,,,,,,,,,2026-07-11 11:22:46.237,0,,
9594,63,61,10461,1,1955,SALSAS DE SALTEAS,GAZPACHO,GAZPACHO SS 1L,HERMANOS MARTIN, ,,,,,,,,,NOT_COMPARABLE_MISSING_VALIDATION,1,0,0,,,,,,,,,,,,,,,,,,,,,,,,,,,,,,,,,,,,,,,,,,,,,,,,,,,,,,,,,,,,,,,,,,,,,,,,,,,,,,,,,,,,,,,,,,,,,,,,,,,,,,,,,,,,,,,,,,,,,,,,,,,,,,,,,,,,,,,,,,,,,,,,,,,,,,,,,,,,,,,,,,,,,,,,,,,,,,,,,,,,,,,,,,,,,,,,,,,,,,,,,,,,,,,,2026-07-11 11:22:46.237,0,,
9595,63,61,10461,1,1956,SALSAS DE SALTEAS,GAZPACHO,GAZPACHO SS 1L,IBERICA LACTO FRESH, ,,,,,,,,,NOT_COMPARABLE_MISSING_VALIDATION,1,0,0,,,,,,,,,,,,,,,,,,,,,,,,,,,,,,,,,,,,,,,,,,,,,,,,,,,,,,,,,,,,,,,,,,,,,,,,,,,,,,,,,,,,,,,,,,,,,,,,,,,,,,,,,,,,,,,,,,,,,,,,,,,,,,,,,,,,,,,,,,,,,,,,,,,,,,,,,,,,,,,,,,,,,,,,,,,,,,,,,,,,,,,,,,,,,,,,,,,,,,,,,,,,,,,,2026-07-11 11:22:46.237,0,,
9596,63,61,10461,1,1957,SALSAS DE SALTEAS,GAZPACHO,GAZPACHO SS 1L,JURADO GOURMET, ,,,,,,,,,NOT_COMPARABLE_MISSING_VALIDATION,1,0,0,,,,,,,,,,,,,,,,,,,,,,,,,,,,,,,,,,,,,,,,,,,,,,,,,,,,,,,,,,,,,,,,,,,,,,,,,,,,,,,,,,,,,,,,,,,,,,,,,,,,,,,,,,,,,,,,,,,,,,,,,,,,,,,,,,,,,,,,,,,,,,,,,,,,,,,,,,,,,,,,,,,,,,,,,,,,,,,,,,,,,,,,,,,,,,,,,,,,,,,,,,,,,,,,2026-07-11 11:22:46.237,0,,
9597,63,61,10461,1,1958,SALSAS DE SALTEAS,GAZPACHO,GAZPACHO SS 1L,RAFAEL OLIAS, ,,,,,,,,,NOT_COMPARABLE_MISSING_VALIDATION,1,0,0,,,,,,,,,,,,,,,,,,,,,,,,,,,,,,,,,,,,,,,,,,,,,,,,,,,,,,,,,,,,,,,,,,,,,,,,,,,,,,,,,,,,,,,,,,,,,,,,,,,,,,,,,,,,,,,,,,,,,,,,,,,,,,,,,,,,,,,,,,,,,,,,,,,,,,,,,,,,,,,,,,,,,,,,,,,,,,,,,,,,,,,,,,,,,,,,,,,,,,,,,,,,,,,,2026-07-11 11:22:46.237,0,,
9598,63,61,10461,1,1959,SALSAS DE SALTEAS,GAZPACHO,GAZPACHO SS 330ML, , ,,,,,,,,,NOT_COMPARABLE_MISSING_VALIDATION,1,0,0,,,,,,,,,,,,,,,,,,,,,,,,,,,,,,,,,,,,,,,,,,,,,,,,,,,,,,,,,,,,,,,,,,,,,,,,,,,,,,,,,,,,,,,,,,,,,,,,,,,,,,,,,,,,,,,,,,,,,,,,,,,,,,,,,,,,,,,,,,,,,,,,,,,,,,,,,,,,,,,,,,,,,,,,,,,,,,,,,,,,,,,,,,,,,,,,,,,,,,,,,,,,,,,,2026-07-11 11:22:46.237,0,,
"9599,63,61,10461,1,1960,SALSAS DE SALTEAS,GAZPACHO,GAZPACHO SS 330ML,"""", ,,,,,,,,,NOT_COMPARABLE_MISSING_VALIDATION,1,0,0,,,,,,,,,,,,,,,,,,,,,,,,,,,,,,,,,,,,,,,,,,,,,,,,,,,,,,,,,,,,,,,,,,,,,,,,,,,,,,,,,,,,,,,,,,,,,,,,,,,,,,,,,,,,,,,,,,,,,,,,,,,,,,,,,,,,,,,,,,,,,,,,,,,,,,,,,,,,,,,,,,,,,,,,,,,,,,,,,,,,,,,,,,,,,,,,,,,,,,,,,,,,,,,,2026-07-11 11:22:46.237,0,,"
9600,63,61,10461,1,1961,SALSAS DE SALTEAS,GAZPACHO,GAZPACHO SS 330ML,DISTRIBUCIONES HOSTEAZ, ,,,,,,,,,NOT_COMPARABLE_MISSING_VALIDATION,1,0,0,,,,,,,,,,,,,,,,,,,,,,,,,,,,,,,,,,,,,,,,,,,,,,,,,,,,,,,,,,,,,,,,,,,,,,,,,,,,,,,,,,,,,,,,,,,,,,,,,,,,,,,,,,,,,,,,,,,,,,,,,,,,,,,,,,,,,,,,,,,,,,,,,,,,,,,,,,,,,,,,,,,,,,,,,,,,,,,,,,,,,,,,,,,,,,,,,,,,,,,,,,,,,,,,2026-07-11 11:22:46.237,0,,
9601,63,61,10461,1,1962,SALSAS DE SALTEAS,GAZPACHO,GAZPACHO SS 330ML,EL CORTE INGLES, ,,,,,,,,,NOT_COMPARABLE_MISSING_VALIDATION,1,0,0,,,,,,,,,,,,,,,,,,,,,,,,,,,,,,,,,,,,,,,,,,,,,,,,,,,,,,,,,,,,,,,,,,,,,,,,,,,,,,,,,,,,,,,,,,,,,,,,,,,,,,,,,,,,,,,,,,,,,,,,,,,,,,,,,,,,,,,,,,,,,,,,,,,,,,,,,,,,,,,,,,,,,,,,,,,,,,,,,,,,,,,,,,,,,,,,,,,,,,,,,,,,,,,,2026-07-11 11:22:46.237,0,,
9602,63,61,10461,1,1963,SALSAS DE SALTEAS,GAZPACHO,GAZPACHO SS 330ML,IBERICA LACTO FRESH, ,,,,,,,,,NOT_COMPARABLE_MISSING_VALIDATION,1,0,0,,,,,,,,,,,,,,,,,,,,,,,,,,,,,,,,,,,,,,,,,,,,,,,,,,,,,,,,,,,,,,,,,,,,,,,,,,,,,,,,,,,,,,,,,,,,,,,,,,,,,,,,,,,,,,,,,,,,,,,,,,,,,,,,,,,,,,,,,,,,,,,,,,,,,,,,,,,,,,,,,,,,,,,,,,,,,,,,,,,,,,,,,,,,,,,,,,,,,,,,,,,,,,,,2026-07-11 11:22:46.237,0,,
9603,63,61,10461,1,1964,SALSAS DE SALTEAS,GAZPACHO,GAZPACHO SS 330ML,RAFAEL OLIAS, ,,,,,,,,,NOT_COMPARABLE_MISSING_VALIDATION,1,0,0,,,,,,,,,,,,,,,,,,,,,,,,,,,,,,,,,,,,,,,,,,,,,,,,,,,,,,,,,,,,,,,,,,,,,,,,,,,,,,,,,,,,,,,,,,,,,,,,,,,,,,,,,,,,,,,,,,,,,,,,,,,,,,,,,,,,,,,,,,,,,,,,,,,,,,,,,,,,,,,,,,,,,,,,,,,,,,,,,,,,,,,,,,,,,,,,,,,,,,,,,,,,,,,,2026-07-11 11:22:46.237,0,,
9604,63,61,10461,1,1965,SALSAS DE SALTEAS,SALMOREJO, , , ,,,,,,,,,NOT_COMPARABLE_MISSING_VALIDATION,1,0,0,,,,,,,,,,,,,,,,,,,,,,,,,,,,,,,,,,,,,,,,,,,,,,,,,,,,,,,,,,,,,,,,,,,,,,,,,,,,,,,,,,,,,,,,,,,,,,,,,,,,,,,,,,,,,,,,,,,,,,,,,,,,,,,,,,,,,,,,,,,,,,,,,,,,,,,,,,,,,,,,,,,,,,,,,,,,,,,,,,,,,,,,,,,,,,,,,,,,,,,,,,,,,,,,2026-07-11 11:22:46.237,0,,
9605,63,61,10461,1,1966,SALSAS DE SALTEAS,SALMOREJO,SALMOREJO SS 1L, , ,,,,,,,,,NOT_COMPARABLE_MISSING_VALIDATION,1,0,0,,,,,,,,,,,,,,,,,,,,,,,,,,,,,,,,,,,,,,,,,,,,,,,,,,,,,,,,,,,,,,,,,,,,,,,,,,,,,,,,,,,,,,,,,,,,,,,,,,,,,,,,,,,,,,,,,,,,,,,,,,,,,,,,,,,,,,,,,,,,,,,,,,,,,,,,,,,,,,,,,,,,,,,,,,,,,,,,,,,,,,,,,,,,,,,,,,,,,,,,,,,,,,,,2026-07-11 11:22:46.237,0,,
"9606,63,61,10461,1,1967,SALSAS DE SALTEAS,SALMOREJO,SALMOREJO SS 1L,"""", ,,,,,,,,,NOT_COMPARABLE_MISSING_VALIDATION,1,0,0,,,,,,,,,,,,,,,,,,,,,,,,,,,,,,,,,,,,,,,,,,,,,,,,,,,,,,,,,,,,,,,,,,,,,,,,,,,,,,,,,,,,,,,,,,,,,,,,,,,,,,,,,,,,,,,,,,,,,,,,,,,,,,,,,,,,,,,,,,,,,,,,,,,,,,,,,,,,,,,,,,,,,,,,,,,,,,,,,,,,,,,,,,,,,,,,,,,,,,,,,,,,,,,,2026-07-11 11:22:46.237,0,,"
9607,63,61,10461,1,1968,SALSAS DE SALTEAS,SALMOREJO,SALMOREJO SS 1L,DISTRIBUCIONES HOSTEAZ, ,,,,,,,,,NOT_COMPARABLE_MISSING_VALIDATION,1,0,0,,,,,,,,,,,,,,,,,,,,,,,,,,,,,,,,,,,,,,,,,,,,,,,,,,,,,,,,,,,,,,,,,,,,,,,,,,,,,,,,,,,,,,,,,,,,,,,,,,,,,,,,,,,,,,,,,,,,,,,,,,,,,,,,,,,,,,,,,,,,,,,,,,,,,,,,,,,,,,,,,,,,,,,,,,,,,,,,,,,,,,,,,,,,,,,,,,,,,,,,,,,,,,,,2026-07-11 11:22:46.237,0,,
9608,63,61,10461,1,1969,SALSAS DE SALTEAS,SALMOREJO,SALMOREJO SS 1L,EL CORTE INGLES, ,,,,,,,,,NOT_COMPARABLE_MISSING_VALIDATION,1,0,0,,,,,,,,,,,,,,,,,,,,,,,,,,,,,,,,,,,,,,,,,,,,,,,,,,,,,,,,,,,,,,,,,,,,,,,,,,,,,,,,,,,,,,,,,,,,,,,,,,,,,,,,,,,,,,,,,,,,,,,,,,,,,,,,,,,,,,,,,,,,,,,,,,,,,,,,,,,,,,,,,,,,,,,,,,,,,,,,,,,,,,,,,,,,,,,,,,,,,,,,,,,,,,,,2026-07-11 11:22:46.237,0,,
9609,63,61,10461,1,1970,SALSAS DE SALTEAS,SALMOREJO,SALMOREJO SS 1L,HERMANOS MARTIN, ,,,,,,,,,NOT_COMPARABLE_MISSING_VALIDATION,1,0,0,,,,,,,,,,,,,,,,,,,,,,,,,,,,,,,,,,,,,,,,,,,,,,,,,,,,,,,,,,,,,,,,,,,,,,,,,,,,,,,,,,,,,,,,,,,,,,,,,,,,,,,,,,,,,,,,,,,,,,,,,,,,,,,,,,,,,,,,,,,,,,,,,,,,,,,,,,,,,,,,,,,,,,,,,,,,,,,,,,,,,,,,,,,,,,,,,,,,,,,,,,,,,,,,2026-07-11 11:22:46.237,0,,
9610,63,61,10461,1,1971,SALSAS DE SALTEAS,SALMOREJO,SALMOREJO SS 1L,IBERICA LACTO FRESH, ,,,,,,,,,NOT_COMPARABLE_MISSING_VALIDATION,1,0,0,,,,,,,,,,,,,,,,,,,,,,,,,,,,,,,,,,,,,,,,,,,,,,,,,,,,,,,,,,,,,,,,,,,,,,,,,,,,,,,,,,,,,,,,,,,,,,,,,,,,,,,,,,,,,,,,,,,,,,,,,,,,,,,,,,,,,,,,,,,,,,,,,,,,,,,,,,,,,,,,,,,,,,,,,,,,,,,,,,,,,,,,,,,,,,,,,,,,,,,,,,,,,,,,2026-07-11 11:22:46.237,0,,
9611,63,61,10461,1,1972,SALSAS DE SALTEAS,SALMOREJO,SALMOREJO SS 1L,JURADO GOURMET, ,,,,,,,,,NOT_COMPARABLE_MISSING_VALIDATION,1,0,0,,,,,,,,,,,,,,,,,,,,,,,,,,,,,,,,,,,,,,,,,,,,,,,,,,,,,,,,,,,,,,,,,,,,,,,,,,,,,,,,,,,,,,,,,,,,,,,,,,,,,,,,,,,,,,,,,,,,,,,,,,,,,,,,,,,,,,,,,,,,,,,,,,,,,,,,,,,,,,,,,,,,,,,,,,,,,,,,,,,,,,,,,,,,,,,,,,,,,,,,,,,,,,,,2026-07-11 11:22:46.237,0,,
9612,63,61,10461,1,1973,SALSAS DE SALTEAS,SALMOREJO,SALMOREJO SS 1L,RAFAEL OLIAS, ,,,,,,,,,NOT_COMPARABLE_MISSING_VALIDATION,1,0,0,,,,,,,,,,,,,,,,,,,,,,,,,,,,,,,,,,,,,,,,,,,,,,,,,,,,,,,,,,,,,,,,,,,,,,,,,,,,,,,,,,,,,,,,,,,,,,,,,,,,,,,,,,,,,,,,,,,,,,,,,,,,,,,,,,,,,,,,,,,,,,,,,,,,,,,,,,,,,,,,,,,,,,,,,,,,,,,,,,,,,,,,,,,,,,,,,,,,,,,,,,,,,,,,2026-07-11 11:22:46.237,0,,
9613,63,61,10461,1,1974,SALSAS DE SALTEAS,SALMOREJO,SALMOREJO SS 330ML, , ,,,,,,,,,NOT_COMPARABLE_MISSING_VALIDATION,1,0,0,,,,,,,,,,,,,,,,,,,,,,,,,,,,,,,,,,,,,,,,,,,,,,,,,,,,,,,,,,,,,,,,,,,,,,,,,,,,,,,,,,,,,,,,,,,,,,,,,,,,,,,,,,,,,,,,,,,,,,,,,,,,,,,,,,,,,,,,,,,,,,,,,,,,,,,,,,,,,,,,,,,,,,,,,,,,,,,,,,,,,,,,,,,,,,,,,,,,,,,,,,,,,,,,2026-07-11 11:22:46.237,0,,
"9614,63,61,10461,1,1975,SALSAS DE SALTEAS,SALMOREJO,SALMOREJO SS 330ML,"""", ,,,,,,,,,NOT_COMPARABLE_MISSING_VALIDATION,1,0,0,,,,,,,,,,,,,,,,,,,,,,,,,,,,,,,,,,,,,,,,,,,,,,,,,,,,,,,,,,,,,,,,,,,,,,,,,,,,,,,,,,,,,,,,,,,,,,,,,,,,,,,,,,,,,,,,,,,,,,,,,,,,,,,,,,,,,,,,,,,,,,,,,,,,,,,,,,,,,,,,,,,,,,,,,,,,,,,,,,,,,,,,,,,,,,,,,,,,,,,,,,,,,,,,2026-07-11 11:22:46.237,0,,"
9615,63,61,10461,1,1976,SALSAS DE SALTEAS,SALMOREJO,SALMOREJO SS 330ML,DISTRIBUCIONES HOSTEAZ, ,,,,,,,,,NOT_COMPARABLE_MISSING_VALIDATION,1,0,0,,,,,,,,,,,,,,,,,,,,,,,,,,,,,,,,,,,,,,,,,,,,,,,,,,,,,,,,,,,,,,,,,,,,,,,,,,,,,,,,,,,,,,,,,,,,,,,,,,,,,,,,,,,,,,,,,,,,,,,,,,,,,,,,,,,,,,,,,,,,,,,,,,,,,,,,,,,,,,,,,,,,,,,,,,,,,,,,,,,,,,,,,,,,,,,,,,,,,,,,,,,,,,,,2026-07-11 11:22:46.237,0,,
9616,63,61,10461,1,1977,SALSAS DE SALTEAS,SALMOREJO,SALMOREJO SS 330ML,EL CORTE INGLES, ,,,,,,,,,NOT_COMPARABLE_MISSING_VALIDATION,1,0,0,,,,,,,,,,,,,,,,,,,,,,,,,,,,,,,,,,,,,,,,,,,,,,,,,,,,,,,,,,,,,,,,,,,,,,,,,,,,,,,,,,,,,,,,,,,,,,,,,,,,,,,,,,,,,,,,,,,,,,,,,,,,,,,,,,,,,,,,,,,,,,,,,,,,,,,,,,,,,,,,,,,,,,,,,,,,,,,,,,,,,,,,,,,,,,,,,,,,,,,,,,,,,,,,2026-07-11 11:22:46.237,0,,
9617,63,61,10461,1,1978,SALSAS DE SALTEAS,SALMOREJO,SALMOREJO SS 330ML,IBERICA LACTO FRESH, ,,,,,,,,,NOT_COMPARABLE_MISSING_VALIDATION,1,0,0,,,,,,,,,,,,,,,,,,,,,,,,,,,,,,,,,,,,,,,,,,,,,,,,,,,,,,,,,,,,,,,,,,,,,,,,,,,,,,,,,,,,,,,,,,,,,,,,,,,,,,,,,,,,,,,,,,,,,,,,,,,,,,,,,,,,,,,,,,,,,,,,,,,,,,,,,,,,,,,,,,,,,,,,,,,,,,,,,,,,,,,,,,,,,,,,,,,,,,,,,,,,,,,,2026-07-11 11:22:46.237,0,,
9618,63,61,10461,1,1979,SALSAS DE SALTEAS,SALMOREJO,SALMOREJO SS 330ML,RAFAEL OLIAS, ,,,,,,,,,NOT_COMPARABLE_MISSING_VALIDATION,1,0,0,,,,,,,,,,,,,,,,,,,,,,,,,,,,,,,,,,,,,,,,,,,,,,,,,,,,,,,,,,,,,,,,,,,,,,,,,,,,,,,,,,,,,,,,,,,,,,,,,,,,,,,,,,,,,,,,,,,,,,,,,,,,,,,,,,,,,,,,,,,,,,,,,,,,,,,,,,,,,,,,,,,,,,,,,,,,,,,,,,,,,,,,,,,,,,,,,,,,,,,,,,,,,,,,2026-07-11 11:22:46.237,0,,
9619,63,61,10461,1,1980,GARCIA MILLAN,GAZPACHO,GAZPACHO HUERTA GM 750ML, , ,,,,,,,,,NOT_COMPARABLE_MISSING_VALIDATION,1,0,0,,,,,,,,,,,,,,,,,,,,,,,,,,,,,,,,,,,,,,,,,,,,,,,,,,,,,,,,,,,,,,,,,,,,,,,,,,,,,,,,,,,,,,,,,,,,,,,,,,,,,,,,,,,,,,,,,,,,,,,,,,,,,,,,,,,,,,,,,,,,,,,,,,,,,,,,,,,,,,,,,,,,,,,,,,,,,,,,,,,,,,,,,,,,,,,,,,,,,,,,,,,,,,,,2026-07-11 11:22:46.237,0,,
"9620,63,61,10461,1,1981,GARCIA MILLAN,GAZPACHO,GAZPACHO HUERTA GM 750ML,"""", ,,,,,,,,,NOT_COMPARABLE_MISSING_VALIDATION,1,0,0,,,,,,,,,,,,,,,,,,,,,,,,,,,,,,,,,,,,,,,,,,,,,,,,,,,,,,,,,,,,,,,,,,,,,,,,,,,,,,,,,,,,,,,,,,,,,,,,,,,,,,,,,,,,,,,,,,,,,,,,,,,,,,,,,,,,,,,,,,,,,,,,,,,,,,,,,,,,,,,,,,,,,,,,,,,,,,,,,,,,,,,,,,,,,,,,,,,,,,,,,,,,,,,,2026-07-11 11:22:46.237,0,,"
9621,63,61,10461,1,1982,GARCIA MILLAN,GAZPACHO,GAZPACHO HUERTA GM 750ML,AHORRAMAS, ,,,,,,,,,NOT_COMPARABLE_MISSING_VALIDATION,1,0,0,,,,,,,,,,,,,,,,,,,,,,,,,,,,,,,,,,,,,,,,,,,,,,,,,,,,,,,,,,,,,,,,,,,,,,,,,,,,,,,,,,,,,,,,,,,,,,,,,,,,,,,,,,,,,,,,,,,,,,,,,,,,,,,,,,,,,,,,,,,,,,,,,,,,,,,,,,,,,,,,,,,,,,,,,,,,,,,,,,,,,,,,,,,,,,,,,,,,,,,,,,,,,,,,2026-07-11 11:22:46.237,0,,
9622,63,61,10461,1,1983,GARCIA MILLAN,GAZPACHO,GAZPACHO HUERTA GM 750ML,BON PREU, ,,,,,,,,,NOT_COMPARABLE_MISSING_VALIDATION,1,0,0,,,,,,,,,,,,,,,,,,,,,,,,,,,,,,,,,,,,,,,,,,,,,,,,,,,,,,,,,,,,,,,,,,,,,,,,,,,,,,,,,,,,,,,,,,,,,,,,,,,,,,,,,,,,,,,,,,,,,,,,,,,,,,,,,,,,,,,,,,,,,,,,,,,,,,,,,,,,,,,,,,,,,,,,,,,,,,,,,,,,,,,,,,,,,,,,,,,,,,,,,,,,,,,,2026-07-11 11:22:46.237,0,,
9623,63,61,10461,1,1984,GARCIA MILLAN,GAZPACHO,GAZPACHO HUERTA GM 750ML,CARO RUIZ, ,,,,,,,,,NOT_COMPARABLE_MISSING_VALIDATION,1,0,0,,,,,,,,,,,,,,,,,,,,,,,,,,,,,,,,,,,,,,,,,,,,,,,,,,,,,,,,,,,,,,,,,,,,,,,,,,,,,,,,,,,,,,,,,,,,,,,,,,,,,,,,,,,,,,,,,,,,,,,,,,,,,,,,,,,,,,,,,,,,,,,,,,,,,,,,,,,,,,,,,,,,,,,,,,,,,,,,,,,,,,,,,,,,,,,,,,,,,,,,,,,,,,,,2026-07-11 11:22:46.237,0,,
9624,63,61,10461,1,1985,GARCIA MILLAN,GAZPACHO,GAZPACHO HUERTA GM 750ML,CARREFOUR, ,,,,,,,,,NOT_COMPARABLE_MISSING_VALIDATION,1,0,0,,,,,,,,,,,,,,,,,,,,,,,,,,,,,,,,,,,,,,,,,,,,,,,,,,,,,,,,,,,,,,,,,,,,,,,,,,,,,,,,,,,,,,,,,,,,,,,,,,,,,,,,,,,,,,,,,,,,,,,,,,,,,,,,,,,,,,,,,,,,,,,,,,,,,,,,,,,,,,,,,,,,,,,,,,,,,,,,,,,,,,,,,,,,,,,,,,,,,,,,,,,,,,,,2026-07-11 11:22:46.237,0,,
9625,63,61,10461,1,1986,GARCIA MILLAN,GAZPACHO,GAZPACHO HUERTA GM 750ML,CARRION PARADAS, ,,,,,,,,,NOT_COMPARABLE_MISSING_VALIDATION,1,0,0,,,,,,,,,,,,,,,,,,,,,,,,,,,,,,,,,,,,,,,,,,,,,,,,,,,,,,,,,,,,,,,,,,,,,,,,,,,,,,,,,,,,,,,,,,,,,,,,,,,,,,,,,,,,,,,,,,,,,,,,,,,,,,,,,,,,,,,,,,,,,,,,,,,,,,,,,,,,,,,,,,,,,,,,,,,,,,,,,,,,,,,,,,,,,,,,,,,,,,,,,,,,,,,,2026-07-11 11:22:46.237,0,,
9626,63,61,10461,1,1987,GARCIA MILLAN,GAZPACHO,GAZPACHO HUERTA GM 750ML,CASH BAREA, ,,,,,,,,,NOT_COMPARABLE_MISSING_VALIDATION,1,0,0,,,,,,,,,,,,,,,,,,,,,,,,,,,,,,,,,,,,,,,,,,,,,,,,,,,,,,,,,,,,,,,,,,,,,,,,,,,,,,,,,,,,,,,,,,,,,,,,,,,,,,,,,,,,,,,,,,,,,,,,,,,,,,,,,,,,,,,,,,,,,,,,,,,,,,,,,,,,,,,,,,,,,,,,,,,,,,,,,,,,,,,,,,,,,,,,,,,,,,,,,,,,,,,,2026-07-11 11:22:46.237,0,,
9627,63,61,10461,1,1988,GARCIA MILLAN,GAZPACHO,GAZPACHO HUERTA GM 750ML,CATERING DOMENICO, ,,,,,,,,,NOT_COMPARABLE_MISSING_VALIDATION,1,0,0,,,,,,,,,,,,,,,,,,,,,,,,,,,,,,,,,,,,,,,,,,,,,,,,,,,,,,,,,,,,,,,,,,,,,,,,,,,,,,,,,,,,,,,,,,,,,,,,,,,,,,,,,,,,,,,,,,,,,,,,,,,,,,,,,,,,,,,,,,,,,,,,,,,,,,,,,,,,,,,,,,,,,,,,,,,,,,,,,,,,,,,,,,,,,,,,,,,,,,,,,,,,,,,,2026-07-11 11:22:46.237,0,,
9628,63,61,10461,1,1989,GARCIA MILLAN,GAZPACHO,GAZPACHO HUERTA GM 750ML,CEIP MANUEL ALTOLAGUIRRE, ,,,,,,,,,NOT_COMPARABLE_MISSING_VALIDATION,1,0,0,,,,,,,,,,,,,,,,,,,,,,,,,,,,,,,,,,,,,,,,,,,,,,,,,,,,,,,,,,,,,,,,,,,,,,,,,,,,,,,,,,,,,,,,,,,,,,,,,,,,,,,,,,,,,,,,,,,,,,,,,,,,,,,,,,,,,,,,,,,,,,,,,,,,,,,,,,,,,,,,,,,,,,,,,,,,,,,,,,,,,,,,,,,,,,,,,,,,,,,,,,,,,,,,2026-07-11 11:22:46.237,0,,
9629,63,61,10461,1,1990,GARCIA MILLAN,GAZPACHO,GAZPACHO HUERTA GM 750ML,CLIENTES FRANCIA, ,,,,,,,,,NOT_COMPARABLE_MISSING_VALIDATION,1,0,0,,,,,,,,,,,,,,,,,,,,,,,,,,,,,,,,,,,,,,,,,,,,,,,,,,,,,,,,,,,,,,,,,,,,,,,,,,,,,,,,,,,,,,,,,,,,,,,,,,,,,,,,,,,,,,,,,,,,,,,,,,,,,,,,,,,,,,,,,,,,,,,,,,,,,,,,,,,,,,,,,,,,,,,,,,,,,,,,,,,,,,,,,,,,,,,,,,,,,,,,,,,,,,,,2026-07-11 11:22:46.237,0,,
9630,63,61,10461,1,1991,GARCIA MILLAN,GAZPACHO,GAZPACHO HUERTA GM 750ML,CONDIS, ,,,,,,,,,NOT_COMPARABLE_MISSING_VALIDATION,1,0,0,,,,,,,,,,,,,,,,,,,,,,,,,,,,,,,,,,,,,,,,,,,,,,,,,,,,,,,,,,,,,,,,,,,,,,,,,,,,,,,,,,,,,,,,,,,,,,,,,,,,,,,,,,,,,,,,,,,,,,,,,,,,,,,,,,,,,,,,,,,,,,,,,,,,,,,,,,,,,,,,,,,,,,,,,,,,,,,,,,,,,,,,,,,,,,,,,,,,,,,,,,,,,,,,2026-07-11 11:22:46.237,0,,
9631,63,61,10461,1,1992,GARCIA MILLAN,GAZPACHO,GAZPACHO HUERTA GM 750ML,DINOSOL, ,,,,,,,,,NOT_COMPARABLE_MISSING_VALIDATION,1,0,0,,,,,,,,,,,,,,,,,,,,,,,,,,,,,,,,,,,,,,,,,,,,,,,,,,,,,,,,,,,,,,,,,,,,,,,,,,,,,,,,,,,,,,,,,,,,,,,,,,,,,,,,,,,,,,,,,,,,,,,,,,,,,,,,,,,,,,,,,,,,,,,,,,,,,,,,,,,,,,,,,,,,,,,,,,,,,,,,,,,,,,,,,,,,,,,,,,,,,,,,,,,,,,,,2026-07-11 11:22:46.237,0,,
9632,63,61,10461,1,1993,GARCIA MILLAN,GAZPACHO,GAZPACHO HUERTA GM 750ML,DISTRIBUCIONES CARDOSO, ,,,,,,,,,NOT_COMPARABLE_MISSING_VALIDATION,1,0,0,,,,,,,,,,,,,,,,,,,,,,,,,,,,,,,,,,,,,,,,,,,,,,,,,,,,,,,,,,,,,,,,,,,,,,,,,,,,,,,,,,,,,,,,,,,,,,,,,,,,,,,,,,,,,,,,,,,,,,,,,,,,,,,,,,,,,,,,,,,,,,,,,,,,,,,,,,,,,,,,,,,,,,,,,,,,,,,,,,,,,,,,,,,,,,,,,,,,,,,,,,,,,,,,2026-07-11 11:22:46.237,0,,
9633,63,61,10461,1,1994,GARCIA MILLAN,GAZPACHO,GAZPACHO HUERTA GM 750ML,DISTRIBUCIONES JTT, ,,,,,,,,,NOT_COMPARABLE_MISSING_VALIDATION,1,0,0,,,,,,,,,,,,,,,,,,,,,,,,,,,,,,,,,,,,,,,,,,,,,,,,,,,,,,,,,,,,,,,,,,,,,,,,,,,,,,,,,,,,,,,,,,,,,,,,,,,,,,,,,,,,,,,,,,,,,,,,,,,,,,,,,,,,,,,,,,,,,,,,,,,,,,,,,,,,,,,,,,,,,,,,,,,,,,,,,,,,,,,,,,,,,,,,,,,,,,,,,,,,,,,,2026-07-11 11:22:46.237,0,,
9634,63,61,10461,1,1995,GARCIA MILLAN,GAZPACHO,GAZPACHO HUERTA GM 750ML,ECOMORA, ,,,,,,,,,NOT_COMPARABLE_MISSING_VALIDATION,1,0,0,,,,,,,,,,,,,,,,,,,,,,,,,,,,,,,,,,,,,,,,,,,,,,,,,,,,,,,,,,,,,,,,,,,,,,,,,,,,,,,,,,,,,,,,,,,,,,,,,,,,,,,,,,,,,,,,,,,,,,,,,,,,,,,,,,,,,,,,,,,,,,,,,,,,,,,,,,,,,,,,,,,,,,,,,,,,,,,,,,,,,,,,,,,,,,,,,,,,,,,,,,,,,,,,2026-07-11 11:22:46.237,0,,
9635,63,61,10461,1,1996,GARCIA MILLAN,GAZPACHO,GAZPACHO HUERTA GM 750ML,EL CORTE INGLES, ,,,,,,,,,NOT_COMPARABLE_MISSING_VALIDATION,1,0,0,,,,,,,,,,,,,,,,,,,,,,,,,,,,,,,,,,,,,,,,,,,,,,,,,,,,,,,,,,,,,,,,,,,,,,,,,,,,,,,,,,,,,,,,,,,,,,,,,,,,,,,,,,,,,,,,,,,,,,,,,,,,,,,,,,,,,,,,,,,,,,,,,,,,,,,,,,,,,,,,,,,,,,,,,,,,,,,,,,,,,,,,,,,,,,,,,,,,,,,,,,,,,,,,2026-07-11 11:22:46.237,0,,
9636,63,61,10461,1,1997,GARCIA MILLAN,GAZPACHO,GAZPACHO HUERTA GM 750ML,ESTABLECIMIENTOS PLAZA, ,,,,,,,,,NOT_COMPARABLE_MISSING_VALIDATION,1,0,0,,,,,,,,,,,,,,,,,,,,,,,,,,,,,,,,,,,,,,,,,,,,,,,,,,,,,,,,,,,,,,,,,,,,,,,,,,,,,,,,,,,,,,,,,,,,,,,,,,,,,,,,,,,,,,,,,,,,,,,,,,,,,,,,,,,,,,,,,,,,,,,,,,,,,,,,,,,,,,,,,,,,,,,,,,,,,,,,,,,,,,,,,,,,,,,,,,,,,,,,,,,,,,,,2026-07-11 11:22:46.237,0,,
9637,63,61,10461,1,1998,GARCIA MILLAN,GAZPACHO,GAZPACHO HUERTA GM 750ML,EXCLUSIVAS SEYGO, ,,,,,,,,,NOT_COMPARABLE_MISSING_VALIDATION,1,0,0,,,,,,,,,,,,,,,,,,,,,,,,,,,,,,,,,,,,,,,,,,,,,,,,,,,,,,,,,,,,,,,,,,,,,,,,,,,,,,,,,,,,,,,,,,,,,,,,,,,,,,,,,,,,,,,,,,,,,,,,,,,,,,,,,,,,,,,,,,,,,,,,,,,,,,,,,,,,,,,,,,,,,,,,,,,,,,,,,,,,,,,,,,,,,,,,,,,,,,,,,,,,,,,,2026-07-11 11:22:46.237,0,,
9638,63,61,10461,1,1999,GARCIA MILLAN,GAZPACHO,GAZPACHO HUERTA GM 750ML,FACSA, ,,,,,,,,,NOT_COMPARABLE_MISSING_VALIDATION,1,0,0,,,,,,,,,,,,,,,,,,,,,,,,,,,,,,,,,,,,,,,,,,,,,,,,,,,,,,,,,,,,,,,,,,,,,,,,,,,,,,,,,,,,,,,,,,,,,,,,,,,,,,,,,,,,,,,,,,,,,,,,,,,,,,,,,,,,,,,,,,,,,,,,,,,,,,,,,,,,,,,,,,,,,,,,,,,,,,,,,,,,,,,,,,,,,,,,,,,,,,,,,,,,,,,,2026-07-11 11:22:46.237,0,,
9639,63,61,10461,1,2000,GARCIA MILLAN,GAZPACHO,GAZPACHO HUERTA GM 750ML,FAMILY CASH, ,,,,,,,,,NOT_COMPARABLE_MISSING_VALIDATION,1,0,0,,,,,,,,,,,,,,,,,,,,,,,,,,,,,,,,,,,,,,,,,,,,,,,,,,,,,,,,,,,,,,,,,,,,,,,,,,,,,,,,,,,,,,,,,,,,,,,,,,,,,,,,,,,,,,,,,,,,,,,,,,,,,,,,,,,,,,,,,,,,,,,,,,,,,,,,,,,,,,,,,,,,,,,,,,,,,,,,,,,,,,,,,,,,,,,,,,,,,,,,,,,,,,,,2026-07-11 11:22:46.237,0,,
9640,63,61,10461,1,2001,GARCIA MILLAN,GAZPACHO,GAZPACHO HUERTA GM 750ML,FRUTAS MORA QUALITY, ,,,,,,,,,NOT_COMPARABLE_MISSING_VALIDATION,1,0,0,,,,,,,,,,,,,,,,,,,,,,,,,,,,,,,,,,,,,,,,,,,,,,,,,,,,,,,,,,,,,,,,,,,,,,,,,,,,,,,,,,,,,,,,,,,,,,,,,,,,,,,,,,,,,,,,,,,,,,,,,,,,,,,,,,,,,,,,,,,,,,,,,,,,,,,,,,,,,,,,,,,,,,,,,,,,,,,,,,,,,,,,,,,,,,,,,,,,,,,,,,,,,,,,2026-07-11 11:22:46.237,0,,
9641,63,61,10461,1,2002,GARCIA MILLAN,GAZPACHO,GAZPACHO HUERTA GM 750ML,GADISA, ,,,,,,,,,NOT_COMPARABLE_MISSING_VALIDATION,1,0,0,,,,,,,,,,,,,,,,,,,,,,,,,,,,,,,,,,,,,,,,,,,,,,,,,,,,,,,,,,,,,,,,,,,,,,,,,,,,,,,,,,,,,,,,,,,,,,,,,,,,,,,,,,,,,,,,,,,,,,,,,,,,,,,,,,,,,,,,,,,,,,,,,,,,,,,,,,,,,,,,,,,,,,,,,,,,,,,,,,,,,,,,,,,,,,,,,,,,,,,,,,,,,,,,2026-07-11 11:22:46.237,0,,
9642,63,61,10461,1,2003,GARCIA MILLAN,GAZPACHO,GAZPACHO HUERTA GM 750ML,GARIZUR, ,,,,,,,,,NOT_COMPARABLE_MISSING_VALIDATION,1,0,0,,,,,,,,,,,,,,,,,,,,,,,,,,,,,,,,,,,,,,,,,,,,,,,,,,,,,,,,,,,,,,,,,,,,,,,,,,,,,,,,,,,,,,,,,,,,,,,,,,,,,,,,,,,,,,,,,,,,,,,,,,,,,,,,,,,,,,,,,,,,,,,,,,,,,,,,,,,,,,,,,,,,,,,,,,,,,,,,,,,,,,,,,,,,,,,,,,,,,,,,,,,,,,,,2026-07-11 11:22:46.237,0,,
9643,63,61,10461,1,2004,GARCIA MILLAN,GAZPACHO,GAZPACHO HUERTA GM 750ML,GRUPO AUCHAN, ,,,,,,,,,NOT_COMPARABLE_MISSING_VALIDATION,1,0,0,,,,,,,,,,,,,,,,,,,,,,,,,,,,,,,,,,,,,,,,,,,,,,,,,,,,,,,,,,,,,,,,,,,,,,,,,,,,,,,,,,,,,,,,,,,,,,,,,,,,,,,,,,,,,,,,,,,,,,,,,,,,,,,,,,,,,,,,,,,,,,,,,,,,,,,,,,,,,,,,,,,,,,,,,,,,,,,,,,,,,,,,,,,,,,,,,,,,,,,,,,,,,,,,2026-07-11 11:22:46.237,0,,
9644,63,61,10461,1,2005,GARCIA MILLAN,GAZPACHO,GAZPACHO HUERTA GM 750ML,GRUPO EL JAMON, ,,,,,,,,,NOT_COMPARABLE_MISSING_VALIDATION,1,0,0,,,,,,,,,,,,,,,,,,,,,,,,,,,,,,,,,,,,,,,,,,,,,,,,,,,,,,,,,,,,,,,,,,,,,,,,,,,,,,,,,,,,,,,,,,,,,,,,,,,,,,,,,,,,,,,,,,,,,,,,,,,,,,,,,,,,,,,,,,,,,,,,,,,,,,,,,,,,,,,,,,,,,,,,,,,,,,,,,,,,,,,,,,,,,,,,,,,,,,,,,,,,,,,,2026-07-11 11:22:46.237,0,,
9645,63,61,10461,1,2006,GARCIA MILLAN,GAZPACHO,GAZPACHO HUERTA GM 750ML,GRUPO EROSKI, ,,,,,,,,,NOT_COMPARABLE_MISSING_VALIDATION,1,0,0,,,,,,,,,,,,,,,,,,,,,,,,,,,,,,,,,,,,,,,,,,,,,,,,,,,,,,,,,,,,,,,,,,,,,,,,,,,,,,,,,,,,,,,,,,,,,,,,,,,,,,,,,,,,,,,,,,,,,,,,,,,,,,,,,,,,,,,,,,,,,,,,,,,,,,,,,,,,,,,,,,,,,,,,,,,,,,,,,,,,,,,,,,,,,,,,,,,,,,,,,,,,,,,,2026-07-11 11:22:46.237,0,,
9646,63,61,10461,1,2007,GARCIA MILLAN,GAZPACHO,GAZPACHO HUERTA GM 750ML,GSG BUSSINES, ,,,,,,,,,NOT_COMPARABLE_MISSING_VALIDATION,1,0,0,,,,,,,,,,,,,,,,,,,,,,,,,,,,,,,,,,,,,,,,,,,,,,,,,,,,,,,,,,,,,,,,,,,,,,,,,,,,,,,,,,,,,,,,,,,,,,,,,,,,,,,,,,,,,,,,,,,,,,,,,,,,,,,,,,,,,,,,,,,,,,,,,,,,,,,,,,,,,,,,,,,,,,,,,,,,,,,,,,,,,,,,,,,,,,,,,,,,,,,,,,,,,,,,2026-07-11 11:22:46.237,0,,
9647,63,61,10461,1,2008,GARCIA MILLAN,GAZPACHO,GAZPACHO HUERTA GM 750ML,HERMANOS MARTIN, ,,,,,,,,,NOT_COMPARABLE_MISSING_VALIDATION,1,0,0,,,,,,,,,,,,,,,,,,,,,,,,,,,,,,,,,,,,,,,,,,,,,,,,,,,,,,,,,,,,,,,,,,,,,,,,,,,,,,,,,,,,,,,,,,,,,,,,,,,,,,,,,,,,,,,,,,,,,,,,,,,,,,,,,,,,,,,,,,,,,,,,,,,,,,,,,,,,,,,,,,,,,,,,,,,,,,,,,,,,,,,,,,,,,,,,,,,,,,,,,,,,,,,,2026-07-11 11:22:46.237,0,,
9648,63,61,10461,1,2009,GARCIA MILLAN,GAZPACHO,GAZPACHO HUERTA GM 750ML,HIPER USERA, ,,,,,,,,,NOT_COMPARABLE_MISSING_VALIDATION,1,0,0,,,,,,,,,,,,,,,,,,,,,,,,,,,,,,,,,,,,,,,,,,,,,,,,,,,,,,,,,,,,,,,,,,,,,,,,,,,,,,,,,,,,,,,,,,,,,,,,,,,,,,,,,,,,,,,,,,,,,,,,,,,,,,,,,,,,,,,,,,,,,,,,,,,,,,,,,,,,,,,,,,,,,,,,,,,,,,,,,,,,,,,,,,,,,,,,,,,,,,,,,,,,,,,,2026-07-11 11:22:46.237,0,,
9649,63,61,10461,1,2010,GARCIA MILLAN,GAZPACHO,GAZPACHO HUERTA GM 750ML,HIPERBER, ,,,,,,,,,NOT_COMPARABLE_MISSING_VALIDATION,1,0,0,,,,,,,,,,,,,,,,,,,,,,,,,,,,,,,,,,,,,,,,,,,,,,,,,,,,,,,,,,,,,,,,,,,,,,,,,,,,,,,,,,,,,,,,,,,,,,,,,,,,,,,,,,,,,,,,,,,,,,,,,,,,,,,,,,,,,,,,,,,,,,,,,,,,,,,,,,,,,,,,,,,,,,,,,,,,,,,,,,,,,,,,,,,,,,,,,,,,,,,,,,,,,,,,2026-07-11 11:22:46.237,0,,
9650,63,61,10461,1,2011,GARCIA MILLAN,GAZPACHO,GAZPACHO HUERTA GM 750ML,JURADO GOURMET, ,,,,,,,,,NOT_COMPARABLE_MISSING_VALIDATION,1,0,0,,,,,,,,,,,,,,,,,,,,,,,,,,,,,,,,,,,,,,,,,,,,,,,,,,,,,,,,,,,,,,,,,,,,,,,,,,,,,,,,,,,,,,,,,,,,,,,,,,,,,,,,,,,,,,,,,,,,,,,,,,,,,,,,,,,,,,,,,,,,,,,,,,,,,,,,,,,,,,,,,,,,,,,,,,,,,,,,,,,,,,,,,,,,,,,,,,,,,,,,,,,,,,,,2026-07-11 11:22:46.237,0,,
9651,63,61,10461,1,2012,GARCIA MILLAN,GAZPACHO,GAZPACHO HUERTA GM 750ML,LOSAN DISTRIBUCIONES, ,,,,,,,,,NOT_COMPARABLE_MISSING_VALIDATION,1,0,0,,,,,,,,,,,,,,,,,,,,,,,,,,,,,,,,,,,,,,,,,,,,,,,,,,,,,,,,,,,,,,,,,,,,,,,,,,,,,,,,,,,,,,,,,,,,,,,,,,,,,,,,,,,,,,,,,,,,,,,,,,,,,,,,,,,,,,,,,,,,,,,,,,,,,,,,,,,,,,,,,,,,,,,,,,,,,,,,,,,,,,,,,,,,,,,,,,,,,,,,,,,,,,,,2026-07-11 11:22:46.237,0,,
9652,63,61,10461,1,2013,GARCIA MILLAN,GAZPACHO,GAZPACHO HUERTA GM 750ML,LUIS PIÃ‘A, ,,,,,,,,,NOT_COMPARABLE_MISSING_VALIDATION,1,0,0,,,,,,,,,,,,,,,,,,,,,,,,,,,,,,,,,,,,,,,,,,,,,,,,,,,,,,,,,,,,,,,,,,,,,,,,,,,,,,,,,,,,,,,,,,,,,,,,,,,,,,,,,,,,,,,,,,,,,,,,,,,,,,,,,,,,,,,,,,,,,,,,,,,,,,,,,,,,,,,,,,,,,,,,,,,,,,,,,,,,,,,,,,,,,,,,,,,,,,,,,,,,,,,,2026-07-11 11:22:46.237,0,,
9653,63,61,10461,1,2014,GARCIA MILLAN,GAZPACHO,GAZPACHO HUERTA GM 750ML,MUESTRAS, ,,,,,,,,,NOT_COMPARABLE_MISSING_VALIDATION,1,0,0,,,,,,,,,,,,,,,,,,,,,,,,,,,,,,,,,,,,,,,,,,,,,,,,,,,,,,,,,,,,,,,,,,,,,,,,,,,,,,,,,,,,,,,,,,,,,,,,,,,,,,,,,,,,,,,,,,,,,,,,,,,,,,,,,,,,,,,,,,,,,,,,,,,,,,,,,,,,,,,,,,,,,,,,,,,,,,,,,,,,,,,,,,,,,,,,,,,,,,,,,,,,,,,,2026-07-11 11:22:46.237,0,,
9654,63,61,10461,1,2015,GARCIA MILLAN,GAZPACHO,GAZPACHO HUERTA GM 750ML,PLASTICOSUR, ,,,,,,,,,NOT_COMPARABLE_MISSING_VALIDATION,1,0,0,,,,,,,,,,,,,,,,,,,,,,,,,,,,,,,,,,,,,,,,,,,,,,,,,,,,,,,,,,,,,,,,,,,,,,,,,,,,,,,,,,,,,,,,,,,,,,,,,,,,,,,,,,,,,,,,,,,,,,,,,,,,,,,,,,,,,,,,,,,,,,,,,,,,,,,,,,,,,,,,,,,,,,,,,,,,,,,,,,,,,,,,,,,,,,,,,,,,,,,,,,,,,,,,2026-07-11 11:22:46.237,0,,
9655,63,61,10461,1,2016,GARCIA MILLAN,GAZPACHO,GAZPACHO HUERTA GM 750ML,PRIMAPRIX, ,,,,,,,,,NOT_COMPARABLE_MISSING_VALIDATION,1,0,0,,,,,,,,,,,,,,,,,,,,,,,,,,,,,,,,,,,,,,,,,,,,,,,,,,,,,,,,,,,,,,,,,,,,,,,,,,,,,,,,,,,,,,,,,,,,,,,,,,,,,,,,,,,,,,,,,,,,,,,,,,,,,,,,,,,,,,,,,,,,,,,,,,,,,,,,,,,,,,,,,,,,,,,,,,,,,,,,,,,,,,,,,,,,,,,,,,,,,,,,,,,,,,,,2026-07-11 11:22:46.237,0,,
9656,63,61,10461,1,2017,GARCIA MILLAN,GAZPACHO,GAZPACHO HUERTA GM 750ML,PUNTO SADEAL UNIVERSAL, ,,,,,,,,,NOT_COMPARABLE_MISSING_VALIDATION,1,0,0,,,,,,,,,,,,,,,,,,,,,,,,,,,,,,,,,,,,,,,,,,,,,,,,,,,,,,,,,,,,,,,,,,,,,,,,,,,,,,,,,,,,,,,,,,,,,,,,,,,,,,,,,,,,,,,,,,,,,,,,,,,,,,,,,,,,,,,,,,,,,,,,,,,,,,,,,,,,,,,,,,,,,,,,,,,,,,,,,,,,,,,,,,,,,,,,,,,,,,,,,,,,,,,,2026-07-11 11:22:46.237,0,,
9657,63,61,10461,1,2018,GARCIA MILLAN,GAZPACHO,GAZPACHO HUERTA GM 750ML,RAFAEL OLIAS, ,,,,,,,,,NOT_COMPARABLE_MISSING_VALIDATION,1,0,0,,,,,,,,,,,,,,,,,,,,,,,,,,,,,,,,,,,,,,,,,,,,,,,,,,,,,,,,,,,,,,,,,,,,,,,,,,,,,,,,,,,,,,,,,,,,,,,,,,,,,,,,,,,,,,,,,,,,,,,,,,,,,,,,,,,,,,,,,,,,,,,,,,,,,,,,,,,,,,,,,,,,,,,,,,,,,,,,,,,,,,,,,,,,,,,,,,,,,,,,,,,,,,,,2026-07-11 11:22:46.237,0,,
9658,63,61,10461,1,2019,GARCIA MILLAN,GAZPACHO,GAZPACHO HUERTA GM 750ML,RESTAURANTE MUCHO MAS, ,,,,,,,,,NOT_COMPARABLE_MISSING_VALIDATION,1,0,0,,,,,,,,,,,,,,,,,,,,,,,,,,,,,,,,,,,,,,,,,,,,,,,,,,,,,,,,,,,,,,,,,,,,,,,,,,,,,,,,,,,,,,,,,,,,,,,,,,,,,,,,,,,,,,,,,,,,,,,,,,,,,,,,,,,,,,,,,,,,,,,,,,,,,,,,,,,,,,,,,,,,,,,,,,,,,,,,,,,,,,,,,,,,,,,,,,,,,,,,,,,,,,,,2026-07-11 11:22:46.237,0,,
9659,63,61,10461,1,2020,GARCIA MILLAN,GAZPACHO,GAZPACHO HUERTA GM 750ML,SOALPE, ,,,,,,,,,NOT_COMPARABLE_MISSING_VALIDATION,1,0,0,,,,,,,,,,,,,,,,,,,,,,,,,,,,,,,,,,,,,,,,,,,,,,,,,,,,,,,,,,,,,,,,,,,,,,,,,,,,,,,,,,,,,,,,,,,,,,,,,,,,,,,,,,,,,,,,,,,,,,,,,,,,,,,,,,,,,,,,,,,,,,,,,,,,,,,,,,,,,,,,,,,,,,,,,,,,,,,,,,,,,,,,,,,,,,,,,,,,,,,,,,,,,,,,2026-07-11 11:22:46.237,0,,
9660,63,61,10461,1,2021,GARCIA MILLAN,GAZPACHO,GAZPACHO HUERTA GM 750ML,UNIALCO, ,,,,,,,,,NOT_COMPARABLE_MISSING_VALIDATION,1,0,0,,,,,,,,,,,,,,,,,,,,,,,,,,,,,,,,,,,,,,,,,,,,,,,,,,,,,,,,,,,,,,,,,,,,,,,,,,,,,,,,,,,,,,,,,,,,,,,,,,,,,,,,,,,,,,,,,,,,,,,,,,,,,,,,,,,,,,,,,,,,,,,,,,,,,,,,,,,,,,,,,,,,,,,,,,,,,,,,,,,,,,,,,,,,,,,,,,,,,,,,,,,,,,,,2026-07-11 11:22:46.237,0,,
"9661,63,61,10461,1,2022,GARCIA MILLAN,GAZPACHO,""GAZPACHO MEDITERRANEO GM 1,15L"", , ,,,,,,,,,NOT_COMPARABLE_MISSING_VALIDATION,1,0,0,,,,,,,,,,,,,,,,,,,,,,,,,,,,,,,,,,,,,,,,,,,,,,,,,,,,,,,,,,,,,,,,,,,,,,,,,,,,,,,,,,,,,,,,,,,,,,,,,,,,,,,,,,,,,,,,,,,,,,,,,,,,,,,,,,,,,,,,,,,,,,,,,,,,,,,,,,,,,,,,,,,,,,,,,,,,,,,,,,,,,,,,,,,,,,,,,,,,,,,,,,,,,,,,2026-07-11 11:22:46.237,0,,"
"9662,63,61,10461,1,2023,GARCIA MILLAN,GAZPACHO,""GAZPACHO MEDITERRANEO GM 1,15L"","""", ,,,,,,,,,NOT_COMPARABLE_MISSING_VALIDATION,1,0,0,,,,,,,,,,,,,,,,,,,,,,,,,,,,,,,,,,,,,,,,,,,,,,,,,,,,,,,,,,,,,,,,,,,,,,,,,,,,,,,,,,,,,,,,,,,,,,,,,,,,,,,,,,,,,,,,,,,,,,,,,,,,,,,,,,,,,,,,,,,,,,,,,,,,,,,,,,,,,,,,,,,,,,,,,,,,,,,,,,,,,,,,,,,,,,,,,,,,,,,,,,,,,,,,2026-07-11 11:22:46.237,0,,"
9663,63,61,10461,1,2024,GARCIA MILLAN,GAZPACHO,GAZPACHO MEDITERRANEO GM 1L, , ,,,,,,,,,NOT_COMPARABLE_MISSING_VALIDATION,1,0,0,,,,,,,,,,,,,,,,,,,,,,,,,,,,,,,,,,,,,,,,,,,,,,,,,,,,,,,,,,,,,,,,,,,,,,,,,,,,,,,,,,,,,,,,,,,,,,,,,,,,,,,,,,,,,,,,,,,,,,,,,,,,,,,,,,,,,,,,,,,,,,,,,,,,,,,,,,,,,,,,,,,,,,,,,,,,,,,,,,,,,,,,,,,,,,,,,,,,,,,,,,,,,,,,2026-07-11 11:22:46.237,0,,
"9664,63,61,10461,1,2025,GARCIA MILLAN,GAZPACHO,GAZPACHO MEDITERRANEO GM 1L,"""", ,,,,,,,,,NOT_COMPARABLE_MISSING_VALIDATION,1,0,0,,,,,,,,,,,,,,,,,,,,,,,,,,,,,,,,,,,,,,,,,,,,,,,,,,,,,,,,,,,,,,,,,,,,,,,,,,,,,,,,,,,,,,,,,,,,,,,,,,,,,,,,,,,,,,,,,,,,,,,,,,,,,,,,,,,,,,,,,,,,,,,,,,,,,,,,,,,,,,,,,,,,,,,,,,,,,,,,,,,,,,,,,,,,,,,,,,,,,,,,,,,,,,,,2026-07-11 11:22:46.237,0,,"
9665,63,61,10461,1,2026,GARCIA MILLAN,GAZPACHO,GAZPACHO MEDITERRANEO GM 1L,AHORRAMAS, ,,,,,,,,,NOT_COMPARABLE_MISSING_VALIDATION,1,0,0,,,,,,,,,,,,,,,,,,,,,,,,,,,,,,,,,,,,,,,,,,,,,,,,,,,,,,,,,,,,,,,,,,,,,,,,,,,,,,,,,,,,,,,,,,,,,,,,,,,,,,,,,,,,,,,,,,,,,,,,,,,,,,,,,,,,,,,,,,,,,,,,,,,,,,,,,,,,,,,,,,,,,,,,,,,,,,,,,,,,,,,,,,,,,,,,,,,,,,,,,,,,,,,,2026-07-11 11:22:46.237,0,,
9666,63,61,10461,1,2027,GARCIA MILLAN,GAZPACHO,GAZPACHO MEDITERRANEO GM 1L,ALDI, ,,,,,,,,,NOT_COMPARABLE_MISSING_VALIDATION,1,0,0,,,,,,,,,,,,,,,,,,,,,,,,,,,,,,,,,,,,,,,,,,,,,,,,,,,,,,,,,,,,,,,,,,,,,,,,,,,,,,,,,,,,,,,,,,,,,,,,,,,,,,,,,,,,,,,,,,,,,,,,,,,,,,,,,,,,,,,,,,,,,,,,,,,,,,,,,,,,,,,,,,,,,,,,,,,,,,,,,,,,,,,,,,,,,,,,,,,,,,,,,,,,,,,,2026-07-11 11:22:46.237,0,,
9667,63,61,10461,1,2028,GARCIA MILLAN,GAZPACHO,GAZPACHO MEDITERRANEO GM 1L,ALYCER ALIMENTACION, ,,,,,,,,,NOT_COMPARABLE_MISSING_VALIDATION,1,0,0,,,,,,,,,,,,,,,,,,,,,,,,,,,,,,,,,,,,,,,,,,,,,,,,,,,,,,,,,,,,,,,,,,,,,,,,,,,,,,,,,,,,,,,,,,,,,,,,,,,,,,,,,,,,,,,,,,,,,,,,,,,,,,,,,,,,,,,,,,,,,,,,,,,,,,,,,,,,,,,,,,,,,,,,,,,,,,,,,,,,,,,,,,,,,,,,,,,,,,,,,,,,,,,,2026-07-11 11:22:46.237,0,,
9668,63,61,10461,1,2029,GARCIA MILLAN,GAZPACHO,GAZPACHO MEDITERRANEO GM 1L,AMAZON, ,,,,,,,,,NOT_COMPARABLE_MISSING_VALIDATION,1,0,0,,,,,,,,,,,,,,,,,,,,,,,,,,,,,,,,,,,,,,,,,,,,,,,,,,,,,,,,,,,,,,,,,,,,,,,,,,,,,,,,,,,,,,,,,,,,,,,,,,,,,,,,,,,,,,,,,,,,,,,,,,,,,,,,,,,,,,,,,,,,,,,,,,,,,,,,,,,,,,,,,,,,,,,,,,,,,,,,,,,,,,,,,,,,,,,,,,,,,,,,,,,,,,,,2026-07-11 11:22:46.237,0,,
9669,63,61,10461,1,2030,GARCIA MILLAN,GAZPACHO,GAZPACHO MEDITERRANEO GM 1L,BARMA FANGZHOU, ,,,,,,,,,NOT_COMPARABLE_MISSING_VALIDATION,1,0,0,,,,,,,,,,,,,,,,,,,,,,,,,,,,,,,,,,,,,,,,,,,,,,,,,,,,,,,,,,,,,,,,,,,,,,,,,,,,,,,,,,,,,,,,,,,,,,,,,,,,,,,,,,,,,,,,,,,,,,,,,,,,,,,,,,,,,,,,,,,,,,,,,,,,,,,,,,,,,,,,,,,,,,,,,,,,,,,,,,,,,,,,,,,,,,,,,,,,,,,,,,,,,,,,2026-07-11 11:22:46.237,0,,
9670,63,61,10461,1,2031,GARCIA MILLAN,GAZPACHO,GAZPACHO MEDITERRANEO GM 1L,CARO RUIZ, ,,,,,,,,,NOT_COMPARABLE_MISSING_VALIDATION,1,0,0,,,,,,,,,,,,,,,,,,,,,,,,,,,,,,,,,,,,,,,,,,,,,,,,,,,,,,,,,,,,,,,,,,,,,,,,,,,,,,,,,,,,,,,,,,,,,,,,,,,,,,,,,,,,,,,,,,,,,,,,,,,,,,,,,,,,,,,,,,,,,,,,,,,,,,,,,,,,,,,,,,,,,,,,,,,,,,,,,,,,,,,,,,,,,,,,,,,,,,,,,,,,,,,,2026-07-11 11:22:46.237,0,,
9671,63,61,10461,1,2032,GARCIA MILLAN,GAZPACHO,GAZPACHO MEDITERRANEO GM 1L,CARREFOUR, ,,,,,,,,,NOT_COMPARABLE_MISSING_VALIDATION,1,0,0,,,,,,,,,,,,,,,,,,,,,,,,,,,,,,,,,,,,,,,,,,,,,,,,,,,,,,,,,,,,,,,,,,,,,,,,,,,,,,,,,,,,,,,,,,,,,,,,,,,,,,,,,,,,,,,,,,,,,,,,,,,,,,,,,,,,,,,,,,,,,,,,,,,,,,,,,,,,,,,,,,,,,,,,,,,,,,,,,,,,,,,,,,,,,,,,,,,,,,,,,,,,,,,,2026-07-11 11:22:46.237,0,,
9672,63,61,10461,1,2033,GARCIA MILLAN,GAZPACHO,GAZPACHO MEDITERRANEO GM 1L,CASH BAREA, ,,,,,,,,,NOT_COMPARABLE_MISSING_VALIDATION,1,0,0,,,,,,,,,,,,,,,,,,,,,,,,,,,,,,,,,,,,,,,,,,,,,,,,,,,,,,,,,,,,,,,,,,,,,,,,,,,,,,,,,,,,,,,,,,,,,,,,,,,,,,,,,,,,,,,,,,,,,,,,,,,,,,,,,,,,,,,,,,,,,,,,,,,,,,,,,,,,,,,,,,,,,,,,,,,,,,,,,,,,,,,,,,,,,,,,,,,,,,,,,,,,,,,,2026-07-11 11:22:46.237,0,,
9673,63,61,10461,1,2034,GARCIA MILLAN,GAZPACHO,GAZPACHO MEDITERRANEO GM 1L,CATERING DOMENICO, ,,,,,,,,,NOT_COMPARABLE_MISSING_VALIDATION,1,0,0,,,,,,,,,,,,,,,,,,,,,,,,,,,,,,,,,,,,,,,,,,,,,,,,,,,,,,,,,,,,,,,,,,,,,,,,,,,,,,,,,,,,,,,,,,,,,,,,,,,,,,,,,,,,,,,,,,,,,,,,,,,,,,,,,,,,,,,,,,,,,,,,,,,,,,,,,,,,,,,,,,,,,,,,,,,,,,,,,,,,,,,,,,,,,,,,,,,,,,,,,,,,,,,,2026-07-11 11:22:46.237,0,,
9674,63,61,10461,1,2035,GARCIA MILLAN,GAZPACHO,GAZPACHO MEDITERRANEO GM 1L,CEIP MANUEL ALTOLAGUIRRE, ,,,,,,,,,NOT_COMPARABLE_MISSING_VALIDATION,1,0,0,,,,,,,,,,,,,,,,,,,,,,,,,,,,,,,,,,,,,,,,,,,,,,,,,,,,,,,,,,,,,,,,,,,,,,,,,,,,,,,,,,,,,,,,,,,,,,,,,,,,,,,,,,,,,,,,,,,,,,,,,,,,,,,,,,,,,,,,,,,,,,,,,,,,,,,,,,,,,,,,,,,,,,,,,,,,,,,,,,,,,,,,,,,,,,,,,,,,,,,,,,,,,,,,2026-07-11 11:22:46.237,0,,
9675,63,61,10461,1,2036,GARCIA MILLAN,GAZPACHO,GAZPACHO MEDITERRANEO GM 1L,CLIENTES FRANCIA, ,,,,,,,,,NOT_COMPARABLE_MISSING_VALIDATION,1,0,0,,,,,,,,,,,,,,,,,,,,,,,,,,,,,,,,,,,,,,,,,,,,,,,,,,,,,,,,,,,,,,,,,,,,,,,,,,,,,,,,,,,,,,,,,,,,,,,,,,,,,,,,,,,,,,,,,,,,,,,,,,,,,,,,,,,,,,,,,,,,,,,,,,,,,,,,,,,,,,,,,,,,,,,,,,,,,,,,,,,,,,,,,,,,,,,,,,,,,,,,,,,,,,,,2026-07-11 11:22:46.237,0,,
9676,63,61,10461,1,2037,GARCIA MILLAN,GAZPACHO,GAZPACHO MEDITERRANEO GM 1L,COMERCIAL PIEDRA TRUJILLO, ,,,,,,,,,NOT_COMPARABLE_MISSING_VALIDATION,1,0,0,,,,,,,,,,,,,,,,,,,,,,,,,,,,,,,,,,,,,,,,,,,,,,,,,,,,,,,,,,,,,,,,,,,,,,,,,,,,,,,,,,,,,,,,,,,,,,,,,,,,,,,,,,,,,,,,,,,,,,,,,,,,,,,,,,,,,,,,,,,,,,,,,,,,,,,,,,,,,,,,,,,,,,,,,,,,,,,,,,,,,,,,,,,,,,,,,,,,,,,,,,,,,,,,2026-07-11 11:22:46.237,0,,
9677,63,61,10461,1,2038,GARCIA MILLAN,GAZPACHO,GAZPACHO MEDITERRANEO GM 1L,CONDIS, ,,,,,,,,,NOT_COMPARABLE_MISSING_VALIDATION,1,0,0,,,,,,,,,,,,,,,,,,,,,,,,,,,,,,,,,,,,,,,,,,,,,,,,,,,,,,,,,,,,,,,,,,,,,,,,,,,,,,,,,,,,,,,,,,,,,,,,,,,,,,,,,,,,,,,,,,,,,,,,,,,,,,,,,,,,,,,,,,,,,,,,,,,,,,,,,,,,,,,,,,,,,,,,,,,,,,,,,,,,,,,,,,,,,,,,,,,,,,,,,,,,,,,,2026-07-11 11:22:46.237,0,,
9678,63,61,10461,1,2039,GARCIA MILLAN,GAZPACHO,GAZPACHO MEDITERRANEO GM 1L,DINOSOL, ,,,,,,,,,NOT_COMPARABLE_MISSING_VALIDATION,1,0,0,,,,,,,,,,,,,,,,,,,,,,,,,,,,,,,,,,,,,,,,,,,,,,,,,,,,,,,,,,,,,,,,,,,,,,,,,,,,,,,,,,,,,,,,,,,,,,,,,,,,,,,,,,,,,,,,,,,,,,,,,,,,,,,,,,,,,,,,,,,,,,,,,,,,,,,,,,,,,,,,,,,,,,,,,,,,,,,,,,,,,,,,,,,,,,,,,,,,,,,,,,,,,,,,2026-07-11 11:22:46.237,0,,
9679,63,61,10461,1,2040,GARCIA MILLAN,GAZPACHO,GAZPACHO MEDITERRANEO GM 1L,DISTRIBUCIONES JTT, ,,,,,,,,,NOT_COMPARABLE_MISSING_VALIDATION,1,0,0,,,,,,,,,,,,,,,,,,,,,,,,,,,,,,,,,,,,,,,,,,,,,,,,,,,,,,,,,,,,,,,,,,,,,,,,,,,,,,,,,,,,,,,,,,,,,,,,,,,,,,,,,,,,,,,,,,,,,,,,,,,,,,,,,,,,,,,,,,,,,,,,,,,,,,,,,,,,,,,,,,,,,,,,,,,,,,,,,,,,,,,,,,,,,,,,,,,,,,,,,,,,,,,,2026-07-11 11:22:46.237,0,,
9680,63,61,10461,1,2041,GARCIA MILLAN,GAZPACHO,GAZPACHO MEDITERRANEO GM 1L,DONACIONES, ,,,,,,,,,NOT_COMPARABLE_MISSING_VALIDATION,1,0,0,,,,,,,,,,,,,,,,,,,,,,,,,,,,,,,,,,,,,,,,,,,,,,,,,,,,,,,,,,,,,,,,,,,,,,,,,,,,,,,,,,,,,,,,,,,,,,,,,,,,,,,,,,,,,,,,,,,,,,,,,,,,,,,,,,,,,,,,,,,,,,,,,,,,,,,,,,,,,,,,,,,,,,,,,,,,,,,,,,,,,,,,,,,,,,,,,,,,,,,,,,,,,,,,2026-07-11 11:22:46.237,0,,
9681,63,61,10461,1,2042,GARCIA MILLAN,GAZPACHO,GAZPACHO MEDITERRANEO GM 1L,DRINKS SOL, ,,,,,,,,,NOT_COMPARABLE_MISSING_VALIDATION,1,0,0,,,,,,,,,,,,,,,,,,,,,,,,,,,,,,,,,,,,,,,,,,,,,,,,,,,,,,,,,,,,,,,,,,,,,,,,,,,,,,,,,,,,,,,,,,,,,,,,,,,,,,,,,,,,,,,,,,,,,,,,,,,,,,,,,,,,,,,,,,,,,,,,,,,,,,,,,,,,,,,,,,,,,,,,,,,,,,,,,,,,,,,,,,,,,,,,,,,,,,,,,,,,,,,,2026-07-11 11:22:46.237,0,,
9682,63,61,10461,1,2043,GARCIA MILLAN,GAZPACHO,GAZPACHO MEDITERRANEO GM 1L,ECOMORA, ,,,,,,,,,NOT_COMPARABLE_MISSING_VALIDATION,1,0,0,,,,,,,,,,,,,,,,,,,,,,,,,,,,,,,,,,,,,,,,,,,,,,,,,,,,,,,,,,,,,,,,,,,,,,,,,,,,,,,,,,,,,,,,,,,,,,,,,,,,,,,,,,,,,,,,,,,,,,,,,,,,,,,,,,,,,,,,,,,,,,,,,,,,,,,,,,,,,,,,,,,,,,,,,,,,,,,,,,,,,,,,,,,,,,,,,,,,,,,,,,,,,,,,2026-07-11 11:22:46.237,0,,
9683,63,61,10461,1,2044,GARCIA MILLAN,GAZPACHO,GAZPACHO MEDITERRANEO GM 1L,EL CORTE INGLES, ,,,,,,,,,NOT_COMPARABLE_MISSING_VALIDATION,1,0,0,,,,,,,,,,,,,,,,,,,,,,,,,,,,,,,,,,,,,,,,,,,,,,,,,,,,,,,,,,,,,,,,,,,,,,,,,,,,,,,,,,,,,,,,,,,,,,,,,,,,,,,,,,,,,,,,,,,,,,,,,,,,,,,,,,,,,,,,,,,,,,,,,,,,,,,,,,,,,,,,,,,,,,,,,,,,,,,,,,,,,,,,,,,,,,,,,,,,,,,,,,,,,,,,2026-07-11 11:22:46.237,0,,
9684,63,61,10461,1,2045,GARCIA MILLAN,GAZPACHO,GAZPACHO MEDITERRANEO GM 1L,ESTABLECIMIENTOS PLAZA, ,,,,,,,,,NOT_COMPARABLE_MISSING_VALIDATION,1,0,0,,,,,,,,,,,,,,,,,,,,,,,,,,,,,,,,,,,,,,,,,,,,,,,,,,,,,,,,,,,,,,,,,,,,,,,,,,,,,,,,,,,,,,,,,,,,,,,,,,,,,,,,,,,,,,,,,,,,,,,,,,,,,,,,,,,,,,,,,,,,,,,,,,,,,,,,,,,,,,,,,,,,,,,,,,,,,,,,,,,,,,,,,,,,,,,,,,,,,,,,,,,,,,,,2026-07-11 11:22:46.237,0,,
9685,63,61,10461,1,2046,GARCIA MILLAN,GAZPACHO,GAZPACHO MEDITERRANEO GM 1L,EXCLUSIVAS SEYGO, ,,,,,,,,,NOT_COMPARABLE_MISSING_VALIDATION,1,0,0,,,,,,,,,,,,,,,,,,,,,,,,,,,,,,,,,,,,,,,,,,,,,,,,,,,,,,,,,,,,,,,,,,,,,,,,,,,,,,,,,,,,,,,,,,,,,,,,,,,,,,,,,,,,,,,,,,,,,,,,,,,,,,,,,,,,,,,,,,,,,,,,,,,,,,,,,,,,,,,,,,,,,,,,,,,,,,,,,,,,,,,,,,,,,,,,,,,,,,,,,,,,,,,,2026-07-11 11:22:46.237,0,,
9686,63,61,10461,1,2047,GARCIA MILLAN,GAZPACHO,GAZPACHO MEDITERRANEO GM 1L,FACSA, ,,,,,,,,,NOT_COMPARABLE_MISSING_VALIDATION,1,0,0,,,,,,,,,,,,,,,,,,,,,,,,,,,,,,,,,,,,,,,,,,,,,,,,,,,,,,,,,,,,,,,,,,,,,,,,,,,,,,,,,,,,,,,,,,,,,,,,,,,,,,,,,,,,,,,,,,,,,,,,,,,,,,,,,,,,,,,,,,,,,,,,,,,,,,,,,,,,,,,,,,,,,,,,,,,,,,,,,,,,,,,,,,,,,,,,,,,,,,,,,,,,,,,,2026-07-11 11:22:46.237,0,,
9687,63,61,10461,1,2048,GARCIA MILLAN,GAZPACHO,GAZPACHO MEDITERRANEO GM 1L,FAMILY CASH, ,,,,,,,,,NOT_COMPARABLE_MISSING_VALIDATION,1,0,0,,,,,,,,,,,,,,,,,,,,,,,,,,,,,,,,,,,,,,,,,,,,,,,,,,,,,,,,,,,,,,,,,,,,,,,,,,,,,,,,,,,,,,,,,,,,,,,,,,,,,,,,,,,,,,,,,,,,,,,,,,,,,,,,,,,,,,,,,,,,,,,,,,,,,,,,,,,,,,,,,,,,,,,,,,,,,,,,,,,,,,,,,,,,,,,,,,,,,,,,,,,,,,,,2026-07-11 11:22:46.237,0,,
9688,63,61,10461,1,2049,GARCIA MILLAN,GAZPACHO,GAZPACHO MEDITERRANEO GM 1L,FRUFOR, ,,,,,,,,,NOT_COMPARABLE_MISSING_VALIDATION,1,0,0,,,,,,,,,,,,,,,,,,,,,,,,,,,,,,,,,,,,,,,,,,,,,,,,,,,,,,,,,,,,,,,,,,,,,,,,,,,,,,,,,,,,,,,,,,,,,,,,,,,,,,,,,,,,,,,,,,,,,,,,,,,,,,,,,,,,,,,,,,,,,,,,,,,,,,,,,,,,,,,,,,,,,,,,,,,,,,,,,,,,,,,,,,,,,,,,,,,,,,,,,,,,,,,,2026-07-11 11:22:46.237,0,,
9689,63,61,10461,1,2050,GARCIA MILLAN,GAZPACHO,GAZPACHO MEDITERRANEO GM 1L,GADISA, ,,,,,,,,,NOT_COMPARABLE_MISSING_VALIDATION,1,0,0,,,,,,,,,,,,,,,,,,,,,,,,,,,,,,,,,,,,,,,,,,,,,,,,,,,,,,,,,,,,,,,,,,,,,,,,,,,,,,,,,,,,,,,,,,,,,,,,,,,,,,,,,,,,,,,,,,,,,,,,,,,,,,,,,,,,,,,,,,,,,,,,,,,,,,,,,,,,,,,,,,,,,,,,,,,,,,,,,,,,,,,,,,,,,,,,,,,,,,,,,,,,,,,,2026-07-11 11:22:46.237,0,,
9690,63,61,10461,1,2051,GARCIA MILLAN,GAZPACHO,GAZPACHO MEDITERRANEO GM 1L,GARIZUR, ,,,,,,,,,NOT_COMPARABLE_MISSING_VALIDATION,1,0,0,,,,,,,,,,,,,,,,,,,,,,,,,,,,,,,,,,,,,,,,,,,,,,,,,,,,,,,,,,,,,,,,,,,,,,,,,,,,,,,,,,,,,,,,,,,,,,,,,,,,,,,,,,,,,,,,,,,,,,,,,,,,,,,,,,,,,,,,,,,,,,,,,,,,,,,,,,,,,,,,,,,,,,,,,,,,,,,,,,,,,,,,,,,,,,,,,,,,,,,,,,,,,,,,2026-07-11 11:22:46.237,0,,
9691,63,61,10461,1,2052,GARCIA MILLAN,GAZPACHO,GAZPACHO MEDITERRANEO GM 1L,GASPAR TAPIA VILLAVERDE, ,,,,,,,,,NOT_COMPARABLE_MISSING_VALIDATION,1,0,0,,,,,,,,,,,,,,,,,,,,,,,,,,,,,,,,,,,,,,,,,,,,,,,,,,,,,,,,,,,,,,,,,,,,,,,,,,,,,,,,,,,,,,,,,,,,,,,,,,,,,,,,,,,,,,,,,,,,,,,,,,,,,,,,,,,,,,,,,,,,,,,,,,,,,,,,,,,,,,,,,,,,,,,,,,,,,,,,,,,,,,,,,,,,,,,,,,,,,,,,,,,,,,,,2026-07-11 11:22:46.237,0,,
9692,63,61,10461,1,2053,GARCIA MILLAN,GAZPACHO,GAZPACHO MEDITERRANEO GM 1L,GB FOODSERVICE, ,,,,,,,,,NOT_COMPARABLE_MISSING_VALIDATION,1,0,0,,,,,,,,,,,,,,,,,,,,,,,,,,,,,,,,,,,,,,,,,,,,,,,,,,,,,,,,,,,,,,,,,,,,,,,,,,,,,,,,,,,,,,,,,,,,,,,,,,,,,,,,,,,,,,,,,,,,,,,,,,,,,,,,,,,,,,,,,,,,,,,,,,,,,,,,,,,,,,,,,,,,,,,,,,,,,,,,,,,,,,,,,,,,,,,,,,,,,,,,,,,,,,,,2026-07-11 11:22:46.237,0,,
9693,63,61,10461,1,2054,GARCIA MILLAN,GAZPACHO,GAZPACHO MEDITERRANEO GM 1L,GRUPO AUCHAN, ,,,,,,,,,NOT_COMPARABLE_MISSING_VALIDATION,1,0,0,,,,,,,,,,,,,,,,,,,,,,,,,,,,,,,,,,,,,,,,,,,,,,,,,,,,,,,,,,,,,,,,,,,,,,,,,,,,,,,,,,,,,,,,,,,,,,,,,,,,,,,,,,,,,,,,,,,,,,,,,,,,,,,,,,,,,,,,,,,,,,,,,,,,,,,,,,,,,,,,,,,,,,,,,,,,,,,,,,,,,,,,,,,,,,,,,,,,,,,,,,,,,,,,2026-07-11 11:22:46.237,0,,
9694,63,61,10461,1,2055,GARCIA MILLAN,GAZPACHO,GAZPACHO MEDITERRANEO GM 1L,GRUPO EROSKI, ,,,,,,,,,NOT_COMPARABLE_MISSING_VALIDATION,1,0,0,,,,,,,,,,,,,,,,,,,,,,,,,,,,,,,,,,,,,,,,,,,,,,,,,,,,,,,,,,,,,,,,,,,,,,,,,,,,,,,,,,,,,,,,,,,,,,,,,,,,,,,,,,,,,,,,,,,,,,,,,,,,,,,,,,,,,,,,,,,,,,,,,,,,,,,,,,,,,,,,,,,,,,,,,,,,,,,,,,,,,,,,,,,,,,,,,,,,,,,,,,,,,,,,2026-07-11 11:22:46.237,0,,
9695,63,61,10461,1,2056,GARCIA MILLAN,GAZPACHO,GAZPACHO MEDITERRANEO GM 1L,GRUPO FRUSUR, ,,,,,,,,,NOT_COMPARABLE_MISSING_VALIDATION,1,0,0,,,,,,,,,,,,,,,,,,,,,,,,,,,,,,,,,,,,,,,,,,,,,,,,,,,,,,,,,,,,,,,,,,,,,,,,,,,,,,,,,,,,,,,,,,,,,,,,,,,,,,,,,,,,,,,,,,,,,,,,,,,,,,,,,,,,,,,,,,,,,,,,,,,,,,,,,,,,,,,,,,,,,,,,,,,,,,,,,,,,,,,,,,,,,,,,,,,,,,,,,,,,,,,,2026-07-11 11:22:46.237,0,,
9696,63,61,10461,1,2057,GARCIA MILLAN,GAZPACHO,GAZPACHO MEDITERRANEO GM 1L,HIPERBER, ,,,,,,,,,NOT_COMPARABLE_MISSING_VALIDATION,1,0,0,,,,,,,,,,,,,,,,,,,,,,,,,,,,,,,,,,,,,,,,,,,,,,,,,,,,,,,,,,,,,,,,,,,,,,,,,,,,,,,,,,,,,,,,,,,,,,,,,,,,,,,,,,,,,,,,,,,,,,,,,,,,,,,,,,,,,,,,,,,,,,,,,,,,,,,,,,,,,,,,,,,,,,,,,,,,,,,,,,,,,,,,,,,,,,,,,,,,,,,,,,,,,,,,2026-07-11 11:22:46.237,0,,
9697,63,61,10461,1,2058,GARCIA MILLAN,GAZPACHO,GAZPACHO MEDITERRANEO GM 1L,JURADO GOURMET, ,,,,,,,,,NOT_COMPARABLE_MISSING_VALIDATION,1,0,0,,,,,,,,,,,,,,,,,,,,,,,,,,,,,,,,,,,,,,,,,,,,,,,,,,,,,,,,,,,,,,,,,,,,,,,,,,,,,,,,,,,,,,,,,,,,,,,,,,,,,,,,,,,,,,,,,,,,,,,,,,,,,,,,,,,,,,,,,,,,,,,,,,,,,,,,,,,,,,,,,,,,,,,,,,,,,,,,,,,,,,,,,,,,,,,,,,,,,,,,,,,,,,,,2026-07-11 11:22:46.237,0,,
9698,63,61,10461,1,2059,GARCIA MILLAN,GAZPACHO,GAZPACHO MEDITERRANEO GM 1L,LOSAN DISTRIBUCIONES, ,,,,,,,,,NOT_COMPARABLE_MISSING_VALIDATION,1,0,0,,,,,,,,,,,,,,,,,,,,,,,,,,,,,,,,,,,,,,,,,,,,,,,,,,,,,,,,,,,,,,,,,,,,,,,,,,,,,,,,,,,,,,,,,,,,,,,,,,,,,,,,,,,,,,,,,,,,,,,,,,,,,,,,,,,,,,,,,,,,,,,,,,,,,,,,,,,,,,,,,,,,,,,,,,,,,,,,,,,,,,,,,,,,,,,,,,,,,,,,,,,,,,,,2026-07-11 11:22:46.237,0,,
9699,63,61,10461,1,2060,GARCIA MILLAN,GAZPACHO,GAZPACHO MEDITERRANEO GM 1L,MARKETING, ,,,,,,,,,NOT_COMPARABLE_MISSING_VALIDATION,1,0,0,,,,,,,,,,,,,,,,,,,,,,,,,,,,,,,,,,,,,,,,,,,,,,,,,,,,,,,,,,,,,,,,,,,,,,,,,,,,,,,,,,,,,,,,,,,,,,,,,,,,,,,,,,,,,,,,,,,,,,,,,,,,,,,,,,,,,,,,,,,,,,,,,,,,,,,,,,,,,,,,,,,,,,,,,,,,,,,,,,,,,,,,,,,,,,,,,,,,,,,,,,,,,,,,2026-07-11 11:22:46.237,0,,
9700,63,61,10461,1,2061,GARCIA MILLAN,GAZPACHO,GAZPACHO MEDITERRANEO GM 1L,MOISES MUÃ‘OZ E HIJOS, ,,,,,,,,,NOT_COMPARABLE_MISSING_VALIDATION,1,0,0,,,,,,,,,,,,,,,,,,,,,,,,,,,,,,,,,,,,,,,,,,,,,,,,,,,,,,,,,,,,,,,,,,,,,,,,,,,,,,,,,,,,,,,,,,,,,,,,,,,,,,,,,,,,,,,,,,,,,,,,,,,,,,,,,,,,,,,,,,,,,,,,,,,,,,,,,,,,,,,,,,,,,,,,,,,,,,,,,,,,,,,,,,,,,,,,,,,,,,,,,,,,,,,,2026-07-11 11:22:46.237,0,,
9701,63,61,10461,1,2062,GARCIA MILLAN,GAZPACHO,GAZPACHO MEDITERRANEO GM 1L,MUESTRAS, ,,,,,,,,,NOT_COMPARABLE_MISSING_VALIDATION,1,0,0,,,,,,,,,,,,,,,,,,,,,,,,,,,,,,,,,,,,,,,,,,,,,,,,,,,,,,,,,,,,,,,,,,,,,,,,,,,,,,,,,,,,,,,,,,,,,,,,,,,,,,,,,,,,,,,,,,,,,,,,,,,,,,,,,,,,,,,,,,,,,,,,,,,,,,,,,,,,,,,,,,,,,,,,,,,,,,,,,,,,,,,,,,,,,,,,,,,,,,,,,,,,,,,,2026-07-11 11:22:46.237,0,,
9702,63,61,10461,1,2063,GARCIA MILLAN,GAZPACHO,GAZPACHO MEDITERRANEO GM 1L,PRIMAPRIX, ,,,,,,,,,NOT_COMPARABLE_MISSING_VALIDATION,1,0,0,,,,,,,,,,,,,,,,,,,,,,,,,,,,,,,,,,,,,,,,,,,,,,,,,,,,,,,,,,,,,,,,,,,,,,,,,,,,,,,,,,,,,,,,,,,,,,,,,,,,,,,,,,,,,,,,,,,,,,,,,,,,,,,,,,,,,,,,,,,,,,,,,,,,,,,,,,,,,,,,,,,,,,,,,,,,,,,,,,,,,,,,,,,,,,,,,,,,,,,,,,,,,,,,2026-07-11 11:22:46.237,0,,
9703,63,61,10461,1,2064,GARCIA MILLAN,GAZPACHO,GAZPACHO MEDITERRANEO GM 1L,RAFAEL OLIAS, ,,,,,,,,,NOT_COMPARABLE_MISSING_VALIDATION,1,0,0,,,,,,,,,,,,,,,,,,,,,,,,,,,,,,,,,,,,,,,,,,,,,,,,,,,,,,,,,,,,,,,,,,,,,,,,,,,,,,,,,,,,,,,,,,,,,,,,,,,,,,,,,,,,,,,,,,,,,,,,,,,,,,,,,,,,,,,,,,,,,,,,,,,,,,,,,,,,,,,,,,,,,,,,,,,,,,,,,,,,,,,,,,,,,,,,,,,,,,,,,,,,,,,,2026-07-11 11:22:46.237,0,,
9704,63,61,10461,1,2065,GARCIA MILLAN,GAZPACHO,GAZPACHO MEDITERRANEO GM 1L,REPRESENTACIONES MAYORAL, ,,,,,,,,,NOT_COMPARABLE_MISSING_VALIDATION,1,0,0,,,,,,,,,,,,,,,,,,,,,,,,,,,,,,,,,,,,,,,,,,,,,,,,,,,,,,,,,,,,,,,,,,,,,,,,,,,,,,,,,,,,,,,,,,,,,,,,,,,,,,,,,,,,,,,,,,,,,,,,,,,,,,,,,,,,,,,,,,,,,,,,,,,,,,,,,,,,,,,,,,,,,,,,,,,,,,,,,,,,,,,,,,,,,,,,,,,,,,,,,,,,,,,,2026-07-11 11:22:46.237,0,,
9705,63,61,10461,1,2066,GARCIA MILLAN,GAZPACHO,GAZPACHO MEDITERRANEO GM 1L,SORLI, ,,,,,,,,,NOT_COMPARABLE_MISSING_VALIDATION,1,0,0,,,,,,,,,,,,,,,,,,,,,,,,,,,,,,,,,,,,,,,,,,,,,,,,,,,,,,,,,,,,,,,,,,,,,,,,,,,,,,,,,,,,,,,,,,,,,,,,,,,,,,,,,,,,,,,,,,,,,,,,,,,,,,,,,,,,,,,,,,,,,,,,,,,,,,,,,,,,,,,,,,,,,,,,,,,,,,,,,,,,,,,,,,,,,,,,,,,,,,,,,,,,,,,,2026-07-11 11:22:46.237,0,,
9706,63,61,10461,1,2067,GARCIA MILLAN,GAZPACHO,GAZPACHO MEDITERRANEO GM 1L,SUPSA, ,,,,,,,,,NOT_COMPARABLE_MISSING_VALIDATION,1,0,0,,,,,,,,,,,,,,,,,,,,,,,,,,,,,,,,,,,,,,,,,,,,,,,,,,,,,,,,,,,,,,,,,,,,,,,,,,,,,,,,,,,,,,,,,,,,,,,,,,,,,,,,,,,,,,,,,,,,,,,,,,,,,,,,,,,,,,,,,,,,,,,,,,,,,,,,,,,,,,,,,,,,,,,,,,,,,,,,,,,,,,,,,,,,,,,,,,,,,,,,,,,,,,,,2026-07-11 11:22:46.237,0,,
9707,63,61,10461,1,2068,GARCIA MILLAN,GAZPACHO,GAZPACHO MEDITERRANEO GM 1L,UNIALCO, ,,,,,,,,,NOT_COMPARABLE_MISSING_VALIDATION,1,0,0,,,,,,,,,,,,,,,,,,,,,,,,,,,,,,,,,,,,,,,,,,,,,,,,,,,,,,,,,,,,,,,,,,,,,,,,,,,,,,,,,,,,,,,,,,,,,,,,,,,,,,,,,,,,,,,,,,,,,,,,,,,,,,,,,,,,,,,,,,,,,,,,,,,,,,,,,,,,,,,,,,,,,,,,,,,,,,,,,,,,,,,,,,,,,,,,,,,,,,,,,,,,,,,,2026-07-11 11:22:46.237,0,,
9708,63,61,10461,1,2069,GARCIA MILLAN,GAZPACHO,GAZPACHO MEDITERRANEO GM 1L,UNIDE, ,,,,,,,,,NOT_COMPARABLE_MISSING_VALIDATION,1,0,0,,,,,,,,,,,,,,,,,,,,,,,,,,,,,,,,,,,,,,,,,,,,,,,,,,,,,,,,,,,,,,,,,,,,,,,,,,,,,,,,,,,,,,,,,,,,,,,,,,,,,,,,,,,,,,,,,,,,,,,,,,,,,,,,,,,,,,,,,,,,,,,,,,,,,,,,,,,,,,,,,,,,,,,,,,,,,,,,,,,,,,,,,,,,,,,,,,,,,,,,,,,,,,,,2026-07-11 11:22:46.237,0,,
9709,63,61,10461,1,2070,GARCIA MILLAN,GAZPACHO,GAZPACHO SUAVE GM 1L, , ,,,,,,,,,NOT_COMPARABLE_MISSING_VALIDATION,1,0,0,,,,,,,,,,,,,,,,,,,,,,,,,,,,,,,,,,,,,,,,,,,,,,,,,,,,,,,,,,,,,,,,,,,,,,,,,,,,,,,,,,,,,,,,,,,,,,,,,,,,,,,,,,,,,,,,,,,,,,,,,,,,,,,,,,,,,,,,,,,,,,,,,,,,,,,,,,,,,,,,,,,,,,,,,,,,,,,,,,,,,,,,,,,,,,,,,,,,,,,,,,,,,,,,2026-07-11 11:22:46.237,0,,
"9710,63,61,10461,1,2071,GARCIA MILLAN,GAZPACHO,GAZPACHO SUAVE GM 1L,"""", ,,,,,,,,,NOT_COMPARABLE_MISSING_VALIDATION,1,0,0,,,,,,,,,,,,,,,,,,,,,,,,,,,,,,,,,,,,,,,,,,,,,,,,,,,,,,,,,,,,,,,,,,,,,,,,,,,,,,,,,,,,,,,,,,,,,,,,,,,,,,,,,,,,,,,,,,,,,,,,,,,,,,,,,,,,,,,,,,,,,,,,,,,,,,,,,,,,,,,,,,,,,,,,,,,,,,,,,,,,,,,,,,,,,,,,,,,,,,,,,,,,,,,,2026-07-11 11:22:46.237,0,,"
9711,63,61,10461,1,2072,GARCIA MILLAN,GAZPACHO,GAZPACHO SUAVE GM 1L,AHORRAMAS, ,,,,,,,,,NOT_COMPARABLE_MISSING_VALIDATION,1,0,0,,,,,,,,,,,,,,,,,,,,,,,,,,,,,,,,,,,,,,,,,,,,,,,,,,,,,,,,,,,,,,,,,,,,,,,,,,,,,,,,,,,,,,,,,,,,,,,,,,,,,,,,,,,,,,,,,,,,,,,,,,,,,,,,,,,,,,,,,,,,,,,,,,,,,,,,,,,,,,,,,,,,,,,,,,,,,,,,,,,,,,,,,,,,,,,,,,,,,,,,,,,,,,,,2026-07-11 11:22:46.237,0,,
9712,63,61,10461,1,2073,GARCIA MILLAN,GAZPACHO,GAZPACHO SUAVE GM 1L,ALDI, ,,,,,,,,,NOT_COMPARABLE_MISSING_VALIDATION,1,0,0,,,,,,,,,,,,,,,,,,,,,,,,,,,,,,,,,,,,,,,,,,,,,,,,,,,,,,,,,,,,,,,,,,,,,,,,,,,,,,,,,,,,,,,,,,,,,,,,,,,,,,,,,,,,,,,,,,,,,,,,,,,,,,,,,,,,,,,,,,,,,,,,,,,,,,,,,,,,,,,,,,,,,,,,,,,,,,,,,,,,,,,,,,,,,,,,,,,,,,,,,,,,,,,,2026-07-11 11:22:46.237,0,,
9713,63,61,10461,1,2074,GARCIA MILLAN,GAZPACHO,GAZPACHO SUAVE GM 1L,ALIMERKA, ,,,,,,,,,NOT_COMPARABLE_MISSING_VALIDATION,1,0,0,,,,,,,,,,,,,,,,,,,,,,,,,,,,,,,,,,,,,,,,,,,,,,,,,,,,,,,,,,,,,,,,,,,,,,,,,,,,,,,,,,,,,,,,,,,,,,,,,,,,,,,,,,,,,,,,,,,,,,,,,,,,,,,,,,,,,,,,,,,,,,,,,,,,,,,,,,,,,,,,,,,,,,,,,,,,,,,,,,,,,,,,,,,,,,,,,,,,,,,,,,,,,,,,2026-07-11 11:22:46.237,0,,
9714,63,61,10461,1,2075,GARCIA MILLAN,GAZPACHO,GAZPACHO SUAVE GM 1L,AMAZON, ,,,,,,,,,NOT_COMPARABLE_MISSING_VALIDATION,1,0,0,,,,,,,,,,,,,,,,,,,,,,,,,,,,,,,,,,,,,,,,,,,,,,,,,,,,,,,,,,,,,,,,,,,,,,,,,,,,,,,,,,,,,,,,,,,,,,,,,,,,,,,,,,,,,,,,,,,,,,,,,,,,,,,,,,,,,,,,,,,,,,,,,,,,,,,,,,,,,,,,,,,,,,,,,,,,,,,,,,,,,,,,,,,,,,,,,,,,,,,,,,,,,,,,2026-07-11 11:22:46.237,0,,
9715,63,61,10461,1,2076,GARCIA MILLAN,GAZPACHO,GAZPACHO SUAVE GM 1L,BELMAR DON BENITO, ,,,,,,,,,NOT_COMPARABLE_MISSING_VALIDATION,1,0,0,,,,,,,,,,,,,,,,,,,,,,,,,,,,,,,,,,,,,,,,,,,,,,,,,,,,,,,,,,,,,,,,,,,,,,,,,,,,,,,,,,,,,,,,,,,,,,,,,,,,,,,,,,,,,,,,,,,,,,,,,,,,,,,,,,,,,,,,,,,,,,,,,,,,,,,,,,,,,,,,,,,,,,,,,,,,,,,,,,,,,,,,,,,,,,,,,,,,,,,,,,,,,,,,2026-07-11 11:22:46.237,0,,
9716,63,61,10461,1,2077,GARCIA MILLAN,GAZPACHO,GAZPACHO SUAVE GM 1L,BGROUP, ,,,,,,,,,NOT_COMPARABLE_MISSING_VALIDATION,1,0,0,,,,,,,,,,,,,,,,,,,,,,,,,,,,,,,,,,,,,,,,,,,,,,,,,,,,,,,,,,,,,,,,,,,,,,,,,,,,,,,,,,,,,,,,,,,,,,,,,,,,,,,,,,,,,,,,,,,,,,,,,,,,,,,,,,,,,,,,,,,,,,,,,,,,,,,,,,,,,,,,,,,,,,,,,,,,,,,,,,,,,,,,,,,,,,,,,,,,,,,,,,,,,,,,2026-07-11 11:22:46.237,0,,
9717,63,61,10461,1,2078,GARCIA MILLAN,GAZPACHO,GAZPACHO SUAVE GM 1L,CARO RUIZ, ,,,,,,,,,NOT_COMPARABLE_MISSING_VALIDATION,1,0,0,,,,,,,,,,,,,,,,,,,,,,,,,,,,,,,,,,,,,,,,,,,,,,,,,,,,,,,,,,,,,,,,,,,,,,,,,,,,,,,,,,,,,,,,,,,,,,,,,,,,,,,,,,,,,,,,,,,,,,,,,,,,,,,,,,,,,,,,,,,,,,,,,,,,,,,,,,,,,,,,,,,,,,,,,,,,,,,,,,,,,,,,,,,,,,,,,,,,,,,,,,,,,,,,2026-07-11 11:22:46.237,0,,
9718,63,61,10461,1,2079,GARCIA MILLAN,GAZPACHO,GAZPACHO SUAVE GM 1L,CARREFOUR, ,,,,,,,,,NOT_COMPARABLE_MISSING_VALIDATION,1,0,0,,,,,,,,,,,,,,,,,,,,,,,,,,,,,,,,,,,,,,,,,,,,,,,,,,,,,,,,,,,,,,,,,,,,,,,,,,,,,,,,,,,,,,,,,,,,,,,,,,,,,,,,,,,,,,,,,,,,,,,,,,,,,,,,,,,,,,,,,,,,,,,,,,,,,,,,,,,,,,,,,,,,,,,,,,,,,,,,,,,,,,,,,,,,,,,,,,,,,,,,,,,,,,,,2026-07-11 11:22:46.237,0,,
9719,63,61,10461,1,2080,GARCIA MILLAN,GAZPACHO,GAZPACHO SUAVE GM 1L,COMERBAL, ,,,,,,,,,NOT_COMPARABLE_MISSING_VALIDATION,1,0,0,,,,,,,,,,,,,,,,,,,,,,,,,,,,,,,,,,,,,,,,,,,,,,,,,,,,,,,,,,,,,,,,,,,,,,,,,,,,,,,,,,,,,,,,,,,,,,,,,,,,,,,,,,,,,,,,,,,,,,,,,,,,,,,,,,,,,,,,,,,,,,,,,,,,,,,,,,,,,,,,,,,,,,,,,,,,,,,,,,,,,,,,,,,,,,,,,,,,,,,,,,,,,,,,2026-07-11 11:22:46.237,0,,
9720,63,61,10461,1,2081,GARCIA MILLAN,GAZPACHO,GAZPACHO SUAVE GM 1L,COMERCIAL PIEDRA TRUJILLO, ,,,,,,,,,NOT_COMPARABLE_MISSING_VALIDATION,1,0,0,,,,,,,,,,,,,,,,,,,,,,,,,,,,,,,,,,,,,,,,,,,,,,,,,,,,,,,,,,,,,,,,,,,,,,,,,,,,,,,,,,,,,,,,,,,,,,,,,,,,,,,,,,,,,,,,,,,,,,,,,,,,,,,,,,,,,,,,,,,,,,,,,,,,,,,,,,,,,,,,,,,,,,,,,,,,,,,,,,,,,,,,,,,,,,,,,,,,,,,,,,,,,,,,2026-07-11 11:22:46.237,0,,
9721,63,61,10461,1,2082,GARCIA MILLAN,GAZPACHO,GAZPACHO SUAVE GM 1L,CONDIS, ,,,,,,,,,NOT_COMPARABLE_MISSING_VALIDATION,1,0,0,,,,,,,,,,,,,,,,,,,,,,,,,,,,,,,,,,,,,,,,,,,,,,,,,,,,,,,,,,,,,,,,,,,,,,,,,,,,,,,,,,,,,,,,,,,,,,,,,,,,,,,,,,,,,,,,,,,,,,,,,,,,,,,,,,,,,,,,,,,,,,,,,,,,,,,,,,,,,,,,,,,,,,,,,,,,,,,,,,,,,,,,,,,,,,,,,,,,,,,,,,,,,,,,2026-07-11 11:22:46.237,0,,
9722,63,61,10461,1,2083,GARCIA MILLAN,GAZPACHO,GAZPACHO SUAVE GM 1L,COVIRAN, ,,,,,,,,,NOT_COMPARABLE_MISSING_VALIDATION,1,0,0,,,,,,,,,,,,,,,,,,,,,,,,,,,,,,,,,,,,,,,,,,,,,,,,,,,,,,,,,,,,,,,,,,,,,,,,,,,,,,,,,,,,,,,,,,,,,,,,,,,,,,,,,,,,,,,,,,,,,,,,,,,,,,,,,,,,,,,,,,,,,,,,,,,,,,,,,,,,,,,,,,,,,,,,,,,,,,,,,,,,,,,,,,,,,,,,,,,,,,,,,,,,,,,,2026-07-11 11:22:46.237,0,,
9723,63,61,10461,1,2084,GARCIA MILLAN,GAZPACHO,GAZPACHO SUAVE GM 1L,DIA, ,,,,,,,,,NOT_COMPARABLE_MISSING_VALIDATION,1,0,0,,,,,,,,,,,,,,,,,,,,,,,,,,,,,,,,,,,,,,,,,,,,,,,,,,,,,,,,,,,,,,,,,,,,,,,,,,,,,,,,,,,,,,,,,,,,,,,,,,,,,,,,,,,,,,,,,,,,,,,,,,,,,,,,,,,,,,,,,,,,,,,,,,,,,,,,,,,,,,,,,,,,,,,,,,,,,,,,,,,,,,,,,,,,,,,,,,,,,,,,,,,,,,,,2026-07-11 11:22:46.237,0,,
9724,63,61,10461,1,2085,GARCIA MILLAN,GAZPACHO,GAZPACHO SUAVE GM 1L,DINOSOL, ,,,,,,,,,NOT_COMPARABLE_MISSING_VALIDATION,1,0,0,,,,,,,,,,,,,,,,,,,,,,,,,,,,,,,,,,,,,,,,,,,,,,,,,,,,,,,,,,,,,,,,,,,,,,,,,,,,,,,,,,,,,,,,,,,,,,,,,,,,,,,,,,,,,,,,,,,,,,,,,,,,,,,,,,,,,,,,,,,,,,,,,,,,,,,,,,,,,,,,,,,,,,,,,,,,,,,,,,,,,,,,,,,,,,,,,,,,,,,,,,,,,,,,2026-07-11 11:22:46.237,0,,
9725,63,61,10461,1,2086,GARCIA MILLAN,GAZPACHO,GAZPACHO SUAVE GM 1L,DONACIONES, ,,,,,,,,,NOT_COMPARABLE_MISSING_VALIDATION,1,0,0,,,,,,,,,,,,,,,,,,,,,,,,,,,,,,,,,,,,,,,,,,,,,,,,,,,,,,,,,,,,,,,,,,,,,,,,,,,,,,,,,,,,,,,,,,,,,,,,,,,,,,,,,,,,,,,,,,,,,,,,,,,,,,,,,,,,,,,,,,,,,,,,,,,,,,,,,,,,,,,,,,,,,,,,,,,,,,,,,,,,,,,,,,,,,,,,,,,,,,,,,,,,,,,,2026-07-11 11:22:46.237,0,,
9726,63,61,10461,1,2087,GARCIA MILLAN,GAZPACHO,GAZPACHO SUAVE GM 1L,EL CORTE INGLES, ,,,,,,,,,NOT_COMPARABLE_MISSING_VALIDATION,1,0,0,,,,,,,,,,,,,,,,,,,,,,,,,,,,,,,,,,,,,,,,,,,,,,,,,,,,,,,,,,,,,,,,,,,,,,,,,,,,,,,,,,,,,,,,,,,,,,,,,,,,,,,,,,,,,,,,,,,,,,,,,,,,,,,,,,,,,,,,,,,,,,,,,,,,,,,,,,,,,,,,,,,,,,,,,,,,,,,,,,,,,,,,,,,,,,,,,,,,,,,,,,,,,,,,2026-07-11 11:22:46.237,0,,
9727,63,61,10461,1,2088,GARCIA MILLAN,GAZPACHO,GAZPACHO SUAVE GM 1L,ESTABLECIMIENTOS PLAZA, ,,,,,,,,,NOT_COMPARABLE_MISSING_VALIDATION,1,0,0,,,,,,,,,,,,,,,,,,,,,,,,,,,,,,,,,,,,,,,,,,,,,,,,,,,,,,,,,,,,,,,,,,,,,,,,,,,,,,,,,,,,,,,,,,,,,,,,,,,,,,,,,,,,,,,,,,,,,,,,,,,,,,,,,,,,,,,,,,,,,,,,,,,,,,,,,,,,,,,,,,,,,,,,,,,,,,,,,,,,,,,,,,,,,,,,,,,,,,,,,,,,,,,,2026-07-11 11:22:46.237,0,,
9728,63,61,10461,1,2089,GARCIA MILLAN,GAZPACHO,GAZPACHO SUAVE GM 1L,FACSA, ,,,,,,,,,NOT_COMPARABLE_MISSING_VALIDATION,1,0,0,,,,,,,,,,,,,,,,,,,,,,,,,,,,,,,,,,,,,,,,,,,,,,,,,,,,,,,,,,,,,,,,,,,,,,,,,,,,,,,,,,,,,,,,,,,,,,,,,,,,,,,,,,,,,,,,,,,,,,,,,,,,,,,,,,,,,,,,,,,,,,,,,,,,,,,,,,,,,,,,,,,,,,,,,,,,,,,,,,,,,,,,,,,,,,,,,,,,,,,,,,,,,,,,2026-07-11 11:22:46.237,0,,
9729,63,61,10461,1,2090,GARCIA MILLAN,GAZPACHO,GAZPACHO SUAVE GM 1L,FRANCO-MOR, ,,,,,,,,,NOT_COMPARABLE_MISSING_VALIDATION,1,0,0,,,,,,,,,,,,,,,,,,,,,,,,,,,,,,,,,,,,,,,,,,,,,,,,,,,,,,,,,,,,,,,,,,,,,,,,,,,,,,,,,,,,,,,,,,,,,,,,,,,,,,,,,,,,,,,,,,,,,,,,,,,,,,,,,,,,,,,,,,,,,,,,,,,,,,,,,,,,,,,,,,,,,,,,,,,,,,,,,,,,,,,,,,,,,,,,,,,,,,,,,,,,,,,,2026-07-11 11:22:46.237,0,,
9730,63,61,10461,1,2091,GARCIA MILLAN,GAZPACHO,GAZPACHO SUAVE GM 1L,GRUPO AUCHAN, ,,,,,,,,,NOT_COMPARABLE_MISSING_VALIDATION,1,0,0,,,,,,,,,,,,,,,,,,,,,,,,,,,,,,,,,,,,,,,,,,,,,,,,,,,,,,,,,,,,,,,,,,,,,,,,,,,,,,,,,,,,,,,,,,,,,,,,,,,,,,,,,,,,,,,,,,,,,,,,,,,,,,,,,,,,,,,,,,,,,,,,,,,,,,,,,,,,,,,,,,,,,,,,,,,,,,,,,,,,,,,,,,,,,,,,,,,,,,,,,,,,,,,,2026-07-11 11:22:46.237,0,,
9731,63,61,10461,1,2092,GARCIA MILLAN,GAZPACHO,GAZPACHO SUAVE GM 1L,GRUPO EL JAMON, ,,,,,,,,,NOT_COMPARABLE_MISSING_VALIDATION,1,0,0,,,,,,,,,,,,,,,,,,,,,,,,,,,,,,,,,,,,,,,,,,,,,,,,,,,,,,,,,,,,,,,,,,,,,,,,,,,,,,,,,,,,,,,,,,,,,,,,,,,,,,,,,,,,,,,,,,,,,,,,,,,,,,,,,,,,,,,,,,,,,,,,,,,,,,,,,,,,,,,,,,,,,,,,,,,,,,,,,,,,,,,,,,,,,,,,,,,,,,,,,,,,,,,,2026-07-11 11:22:46.237,0,,
9732,63,61,10461,1,2093,GARCIA MILLAN,GAZPACHO,GAZPACHO SUAVE GM 1L,HERMANOS AYALA, ,,,,,,,,,NOT_COMPARABLE_MISSING_VALIDATION,1,0,0,,,,,,,,,,,,,,,,,,,,,,,,,,,,,,,,,,,,,,,,,,,,,,,,,,,,,,,,,,,,,,,,,,,,,,,,,,,,,,,,,,,,,,,,,,,,,,,,,,,,,,,,,,,,,,,,,,,,,,,,,,,,,,,,,,,,,,,,,,,,,,,,,,,,,,,,,,,,,,,,,,,,,,,,,,,,,,,,,,,,,,,,,,,,,,,,,,,,,,,,,,,,,,,,2026-07-11 11:22:46.237,0,,
9733,63,61,10461,1,2094,GARCIA MILLAN,GAZPACHO,GAZPACHO SUAVE GM 1L,HERMANOS MARTIN, ,,,,,,,,,NOT_COMPARABLE_MISSING_VALIDATION,1,0,0,,,,,,,,,,,,,,,,,,,,,,,,,,,,,,,,,,,,,,,,,,,,,,,,,,,,,,,,,,,,,,,,,,,,,,,,,,,,,,,,,,,,,,,,,,,,,,,,,,,,,,,,,,,,,,,,,,,,,,,,,,,,,,,,,,,,,,,,,,,,,,,,,,,,,,,,,,,,,,,,,,,,,,,,,,,,,,,,,,,,,,,,,,,,,,,,,,,,,,,,,,,,,,,,2026-07-11 11:22:46.237,0,,
9734,63,61,10461,1,2095,GARCIA MILLAN,GAZPACHO,GAZPACHO SUAVE GM 1L,HIPER USERA, ,,,,,,,,,NOT_COMPARABLE_MISSING_VALIDATION,1,0,0,,,,,,,,,,,,,,,,,,,,,,,,,,,,,,,,,,,,,,,,,,,,,,,,,,,,,,,,,,,,,,,,,,,,,,,,,,,,,,,,,,,,,,,,,,,,,,,,,,,,,,,,,,,,,,,,,,,,,,,,,,,,,,,,,,,,,,,,,,,,,,,,,,,,,,,,,,,,,,,,,,,,,,,,,,,,,,,,,,,,,,,,,,,,,,,,,,,,,,,,,,,,,,,,2026-07-11 11:22:46.237,0,,
9735,63,61,10461,1,2096,GARCIA MILLAN,GAZPACHO,GAZPACHO SUAVE GM 1L,HIPERBER, ,,,,,,,,,NOT_COMPARABLE_MISSING_VALIDATION,1,0,0,,,,,,,,,,,,,,,,,,,,,,,,,,,,,,,,,,,,,,,,,,,,,,,,,,,,,,,,,,,,,,,,,,,,,,,,,,,,,,,,,,,,,,,,,,,,,,,,,,,,,,,,,,,,,,,,,,,,,,,,,,,,,,,,,,,,,,,,,,,,,,,,,,,,,,,,,,,,,,,,,,,,,,,,,,,,,,,,,,,,,,,,,,,,,,,,,,,,,,,,,,,,,,,,2026-07-11 11:22:46.237,0,,
9736,63,61,10461,1,2097,GARCIA MILLAN,GAZPACHO,GAZPACHO SUAVE GM 1L,JOAQUIN TARDIO, ,,,,,,,,,NOT_COMPARABLE_MISSING_VALIDATION,1,0,0,,,,,,,,,,,,,,,,,,,,,,,,,,,,,,,,,,,,,,,,,,,,,,,,,,,,,,,,,,,,,,,,,,,,,,,,,,,,,,,,,,,,,,,,,,,,,,,,,,,,,,,,,,,,,,,,,,,,,,,,,,,,,,,,,,,,,,,,,,,,,,,,,,,,,,,,,,,,,,,,,,,,,,,,,,,,,,,,,,,,,,,,,,,,,,,,,,,,,,,,,,,,,,,,2026-07-11 11:22:46.237,0,,
9737,63,61,10461,1,2098,GARCIA MILLAN,GAZPACHO,GAZPACHO SUAVE GM 1L,LACTEAS HISPALENSE, ,,,,,,,,,NOT_COMPARABLE_MISSING_VALIDATION,1,0,0,,,,,,,,,,,,,,,,,,,,,,,,,,,,,,,,,,,,,,,,,,,,,,,,,,,,,,,,,,,,,,,,,,,,,,,,,,,,,,,,,,,,,,,,,,,,,,,,,,,,,,,,,,,,,,,,,,,,,,,,,,,,,,,,,,,,,,,,,,,,,,,,,,,,,,,,,,,,,,,,,,,,,,,,,,,,,,,,,,,,,,,,,,,,,,,,,,,,,,,,,,,,,,,,2026-07-11 11:22:46.237,0,,
9738,63,61,10461,1,2099,GARCIA MILLAN,GAZPACHO,GAZPACHO SUAVE GM 1L,LIDL, ,,,,,,,,,NOT_COMPARABLE_MISSING_VALIDATION,1,0,0,,,,,,,,,,,,,,,,,,,,,,,,,,,,,,,,,,,,,,,,,,,,,,,,,,,,,,,,,,,,,,,,,,,,,,,,,,,,,,,,,,,,,,,,,,,,,,,,,,,,,,,,,,,,,,,,,,,,,,,,,,,,,,,,,,,,,,,,,,,,,,,,,,,,,,,,,,,,,,,,,,,,,,,,,,,,,,,,,,,,,,,,,,,,,,,,,,,,,,,,,,,,,,,,2026-07-11 11:22:46.237,0,,
9739,63,61,10461,1,2100,GARCIA MILLAN,GAZPACHO,GAZPACHO SUAVE GM 1L,LOSAN DISTRIBUCIONES, ,,,,,,,,,NOT_COMPARABLE_MISSING_VALIDATION,1,0,0,,,,,,,,,,,,,,,,,,,,,,,,,,,,,,,,,,,,,,,,,,,,,,,,,,,,,,,,,,,,,,,,,,,,,,,,,,,,,,,,,,,,,,,,,,,,,,,,,,,,,,,,,,,,,,,,,,,,,,,,,,,,,,,,,,,,,,,,,,,,,,,,,,,,,,,,,,,,,,,,,,,,,,,,,,,,,,,,,,,,,,,,,,,,,,,,,,,,,,,,,,,,,,,,2026-07-11 11:22:46.237,0,,
9740,63,61,10461,1,2101,GARCIA MILLAN,GAZPACHO,GAZPACHO SUAVE GM 1L,LUIS PIÃ‘A, ,,,,,,,,,NOT_COMPARABLE_MISSING_VALIDATION,1,0,0,,,,,,,,,,,,,,,,,,,,,,,,,,,,,,,,,,,,,,,,,,,,,,,,,,,,,,,,,,,,,,,,,,,,,,,,,,,,,,,,,,,,,,,,,,,,,,,,,,,,,,,,,,,,,,,,,,,,,,,,,,,,,,,,,,,,,,,,,,,,,,,,,,,,,,,,,,,,,,,,,,,,,,,,,,,,,,,,,,,,,,,,,,,,,,,,,,,,,,,,,,,,,,,,2026-07-11 11:22:46.237,0,,
9741,63,61,10461,1,2102,GARCIA MILLAN,GAZPACHO,GAZPACHO SUAVE GM 1L,MOISES MUÃ‘OZ E HIJOS, ,,,,,,,,,NOT_COMPARABLE_MISSING_VALIDATION,1,0,0,,,,,,,,,,,,,,,,,,,,,,,,,,,,,,,,,,,,,,,,,,,,,,,,,,,,,,,,,,,,,,,,,,,,,,,,,,,,,,,,,,,,,,,,,,,,,,,,,,,,,,,,,,,,,,,,,,,,,,,,,,,,,,,,,,,,,,,,,,,,,,,,,,,,,,,,,,,,,,,,,,,,,,,,,,,,,,,,,,,,,,,,,,,,,,,,,,,,,,,,,,,,,,,,2026-07-11 11:22:46.237,0,,
9742,63,61,10461,1,2103,GARCIA MILLAN,GAZPACHO,GAZPACHO SUAVE GM 1L,MUESTRAS, ,,,,,,,,,NOT_COMPARABLE_MISSING_VALIDATION,1,0,0,,,,,,,,,,,,,,,,,,,,,,,,,,,,,,,,,,,,,,,,,,,,,,,,,,,,,,,,,,,,,,,,,,,,,,,,,,,,,,,,,,,,,,,,,,,,,,,,,,,,,,,,,,,,,,,,,,,,,,,,,,,,,,,,,,,,,,,,,,,,,,,,,,,,,,,,,,,,,,,,,,,,,,,,,,,,,,,,,,,,,,,,,,,,,,,,,,,,,,,,,,,,,,,,2026-07-11 11:22:46.237,0,,
9743,63,61,10461,1,2104,GARCIA MILLAN,GAZPACHO,GAZPACHO SUAVE GM 1L,PLASTICOSUR, ,,,,,,,,,NOT_COMPARABLE_MISSING_VALIDATION,1,0,0,,,,,,,,,,,,,,,,,,,,,,,,,,,,,,,,,,,,,,,,,,,,,,,,,,,,,,,,,,,,,,,,,,,,,,,,,,,,,,,,,,,,,,,,,,,,,,,,,,,,,,,,,,,,,,,,,,,,,,,,,,,,,,,,,,,,,,,,,,,,,,,,,,,,,,,,,,,,,,,,,,,,,,,,,,,,,,,,,,,,,,,,,,,,,,,,,,,,,,,,,,,,,,,,2026-07-11 11:22:46.237,0,,
9744,63,61,10461,1,2105,GARCIA MILLAN,GAZPACHO,GAZPACHO SUAVE GM 1L,RAFAEL OLIAS, ,,,,,,,,,NOT_COMPARABLE_MISSING_VALIDATION,1,0,0,,,,,,,,,,,,,,,,,,,,,,,,,,,,,,,,,,,,,,,,,,,,,,,,,,,,,,,,,,,,,,,,,,,,,,,,,,,,,,,,,,,,,,,,,,,,,,,,,,,,,,,,,,,,,,,,,,,,,,,,,,,,,,,,,,,,,,,,,,,,,,,,,,,,,,,,,,,,,,,,,,,,,,,,,,,,,,,,,,,,,,,,,,,,,,,,,,,,,,,,,,,,,,,,2026-07-11 11:22:46.237,0,,
9745,63,61,10461,1,2106,GARCIA MILLAN,GAZPACHO,GAZPACHO SUAVE GM 1L,RUIZ GALAN, ,,,,,,,,,NOT_COMPARABLE_MISSING_VALIDATION,1,0,0,,,,,,,,,,,,,,,,,,,,,,,,,,,,,,,,,,,,,,,,,,,,,,,,,,,,,,,,,,,,,,,,,,,,,,,,,,,,,,,,,,,,,,,,,,,,,,,,,,,,,,,,,,,,,,,,,,,,,,,,,,,,,,,,,,,,,,,,,,,,,,,,,,,,,,,,,,,,,,,,,,,,,,,,,,,,,,,,,,,,,,,,,,,,,,,,,,,,,,,,,,,,,,,,2026-07-11 11:22:46.237,0,,
9746,63,61,10461,1,2107,GARCIA MILLAN,GAZPACHO,GAZPACHO SUAVE GM 1L,SOLA RICCA, ,,,,,,,,,NOT_COMPARABLE_MISSING_VALIDATION,1,0,0,,,,,,,,,,,,,,,,,,,,,,,,,,,,,,,,,,,,,,,,,,,,,,,,,,,,,,,,,,,,,,,,,,,,,,,,,,,,,,,,,,,,,,,,,,,,,,,,,,,,,,,,,,,,,,,,,,,,,,,,,,,,,,,,,,,,,,,,,,,,,,,,,,,,,,,,,,,,,,,,,,,,,,,,,,,,,,,,,,,,,,,,,,,,,,,,,,,,,,,,,,,,,,,,2026-07-11 11:22:46.237,0,,
9747,63,61,10461,1,2108,GARCIA MILLAN,GAZPACHO,GAZPACHO SUAVE GM 1L,SORLI, ,,,,,,,,,NOT_COMPARABLE_MISSING_VALIDATION,1,0,0,,,,,,,,,,,,,,,,,,,,,,,,,,,,,,,,,,,,,,,,,,,,,,,,,,,,,,,,,,,,,,,,,,,,,,,,,,,,,,,,,,,,,,,,,,,,,,,,,,,,,,,,,,,,,,,,,,,,,,,,,,,,,,,,,,,,,,,,,,,,,,,,,,,,,,,,,,,,,,,,,,,,,,,,,,,,,,,,,,,,,,,,,,,,,,,,,,,,,,,,,,,,,,,,2026-07-11 11:22:46.237,0,,
9748,63,61,10461,1,2109,GARCIA MILLAN,GAZPACHO,GAZPACHO SUAVE GM 1L,UNIDE, ,,,,,,,,,NOT_COMPARABLE_MISSING_VALIDATION,1,0,0,,,,,,,,,,,,,,,,,,,,,,,,,,,,,,,,,,,,,,,,,,,,,,,,,,,,,,,,,,,,,,,,,,,,,,,,,,,,,,,,,,,,,,,,,,,,,,,,,,,,,,,,,,,,,,,,,,,,,,,,,,,,,,,,,,,,,,,,,,,,,,,,,,,,,,,,,,,,,,,,,,,,,,,,,,,,,,,,,,,,,,,,,,,,,,,,,,,,,,,,,,,,,,,,2026-07-11 11:22:46.237,0,,
9749,63,61,10461,1,2110,GARCIA MILLAN,GAZPACHO,GAZPACHO SUAVE GM 250ML, , ,,,,,,,,,NOT_COMPARABLE_MISSING_VALIDATION,1,0,0,,,,,,,,,,,,,,,,,,,,,,,,,,,,,,,,,,,,,,,,,,,,,,,,,,,,,,,,,,,,,,,,,,,,,,,,,,,,,,,,,,,,,,,,,,,,,,,,,,,,,,,,,,,,,,,,,,,,,,,,,,,,,,,,,,,,,,,,,,,,,,,,,,,,,,,,,,,,,,,,,,,,,,,,,,,,,,,,,,,,,,,,,,,,,,,,,,,,,,,,,,,,,,,,2026-07-11 11:22:46.237,0,,
9750,63,61,10461,1,2111,GARCIA MILLAN,GAZPACHO,GAZPACHO SUAVE GM 250ML,AHORRAMAS, ,,,,,,,,,NOT_COMPARABLE_MISSING_VALIDATION,1,0,0,,,,,,,,,,,,,,,,,,,,,,,,,,,,,,,,,,,,,,,,,,,,,,,,,,,,,,,,,,,,,,,,,,,,,,,,,,,,,,,,,,,,,,,,,,,,,,,,,,,,,,,,,,,,,,,,,,,,,,,,,,,,,,,,,,,,,,,,,,,,,,,,,,,,,,,,,,,,,,,,,,,,,,,,,,,,,,,,,,,,,,,,,,,,,,,,,,,,,,,,,,,,,,,,2026-07-11 11:22:46.237,0,,
9751,63,61,10461,1,2112,GARCIA MILLAN,GAZPACHO,GAZPACHO SUAVE GM 250ML,CARREFOUR, ,,,,,,,,,NOT_COMPARABLE_MISSING_VALIDATION,1,0,0,,,,,,,,,,,,,,,,,,,,,,,,,,,,,,,,,,,,,,,,,,,,,,,,,,,,,,,,,,,,,,,,,,,,,,,,,,,,,,,,,,,,,,,,,,,,,,,,,,,,,,,,,,,,,,,,,,,,,,,,,,,,,,,,,,,,,,,,,,,,,,,,,,,,,,,,,,,,,,,,,,,,,,,,,,,,,,,,,,,,,,,,,,,,,,,,,,,,,,,,,,,,,,,,2026-07-11 11:22:46.237,0,,
9752,63,61,10461,1,2113,GARCIA MILLAN,GAZPACHO,GAZPACHO SUAVE GM 250ML,GRUPO AUCHAN, ,,,,,,,,,NOT_COMPARABLE_MISSING_VALIDATION,1,0,0,,,,,,,,,,,,,,,,,,,,,,,,,,,,,,,,,,,,,,,,,,,,,,,,,,,,,,,,,,,,,,,,,,,,,,,,,,,,,,,,,,,,,,,,,,,,,,,,,,,,,,,,,,,,,,,,,,,,,,,,,,,,,,,,,,,,,,,,,,,,,,,,,,,,,,,,,,,,,,,,,,,,,,,,,,,,,,,,,,,,,,,,,,,,,,,,,,,,,,,,,,,,,,,,2026-07-11 11:22:46.237,0,,
"9753,63,61,10461,1,2114,GARCIA MILLAN,GAZPACHO,""GAZPACHO TRADICIONAL GM 1,15L"", , ,,,,,,,,,NOT_COMPARABLE_MISSING_VALIDATION,1,0,0,,,,,,,,,,,,,,,,,,,,,,,,,,,,,,,,,,,,,,,,,,,,,,,,,,,,,,,,,,,,,,,,,,,,,,,,,,,,,,,,,,,,,,,,,,,,,,,,,,,,,,,,,,,,,,,,,,,,,,,,,,,,,,,,,,,,,,,,,,,,,,,,,,,,,,,,,,,,,,,,,,,,,,,,,,,,,,,,,,,,,,,,,,,,,,,,,,,,,,,,,,,,,,,,2026-07-11 11:22:46.237,0,,"
"9754,63,61,10461,1,2115,GARCIA MILLAN,GAZPACHO,""GAZPACHO TRADICIONAL GM 1,15L"","""", ,,,,,,,,,NOT_COMPARABLE_MISSING_VALIDATION,1,0,0,,,,,,,,,,,,,,,,,,,,,,,,,,,,,,,,,,,,,,,,,,,,,,,,,,,,,,,,,,,,,,,,,,,,,,,,,,,,,,,,,,,,,,,,,,,,,,,,,,,,,,,,,,,,,,,,,,,,,,,,,,,,,,,,,,,,,,,,,,,,,,,,,,,,,,,,,,,,,,,,,,,,,,,,,,,,,,,,,,,,,,,,,,,,,,,,,,,,,,,,,,,,,,,,2026-07-11 11:22:46.237,0,,"
9755,63,61,10461,1,2116,GARCIA MILLAN,GAZPACHO,GAZPACHO TRADICIONAL GM 1L, , ,,,,,,,,,NOT_COMPARABLE_MISSING_VALIDATION,1,0,0,,,,,,,,,,,,,,,,,,,,,,,,,,,,,,,,,,,,,,,,,,,,,,,,,,,,,,,,,,,,,,,,,,,,,,,,,,,,,,,,,,,,,,,,,,,,,,,,,,,,,,,,,,,,,,,,,,,,,,,,,,,,,,,,,,,,,,,,,,,,,,,,,,,,,,,,,,,,,,,,,,,,,,,,,,,,,,,,,,,,,,,,,,,,,,,,,,,,,,,,,,,,,,,,2026-07-11 11:22:46.237,0,,
"9756,63,61,10461,1,2117,GARCIA MILLAN,GAZPACHO,GAZPACHO TRADICIONAL GM 1L,"""", ,,,,,,,,,NOT_COMPARABLE_MISSING_VALIDATION,1,0,0,,,,,,,,,,,,,,,,,,,,,,,,,,,,,,,,,,,,,,,,,,,,,,,,,,,,,,,,,,,,,,,,,,,,,,,,,,,,,,,,,,,,,,,,,,,,,,,,,,,,,,,,,,,,,,,,,,,,,,,,,,,,,,,,,,,,,,,,,,,,,,,,,,,,,,,,,,,,,,,,,,,,,,,,,,,,,,,,,,,,,,,,,,,,,,,,,,,,,,,,,,,,,,,,2026-07-11 11:22:46.237,0,,"
9757,63,61,10461,1,2118,GARCIA MILLAN,GAZPACHO,GAZPACHO TRADICIONAL GM 1L,DRINKS SOL, ,,,,,,,,,NOT_COMPARABLE_MISSING_VALIDATION,1,0,0,,,,,,,,,,,,,,,,,,,,,,,,,,,,,,,,,,,,,,,,,,,,,,,,,,,,,,,,,,,,,,,,,,,,,,,,,,,,,,,,,,,,,,,,,,,,,,,,,,,,,,,,,,,,,,,,,,,,,,,,,,,,,,,,,,,,,,,,,,,,,,,,,,,,,,,,,,,,,,,,,,,,,,,,,,,,,,,,,,,,,,,,,,,,,,,,,,,,,,,,,,,,,,,,2026-07-11 11:22:46.237,0,,
9758,63,61,10461,1,2119,GARCIA MILLAN,GAZPACHO,GAZPACHO TRADICIONAL GM 1L,GB FOODSERVICE, ,,,,,,,,,NOT_COMPARABLE_MISSING_VALIDATION,1,0,0,,,,,,,,,,,,,,,,,,,,,,,,,,,,,,,,,,,,,,,,,,,,,,,,,,,,,,,,,,,,,,,,,,,,,,,,,,,,,,,,,,,,,,,,,,,,,,,,,,,,,,,,,,,,,,,,,,,,,,,,,,,,,,,,,,,,,,,,,,,,,,,,,,,,,,,,,,,,,,,,,,,,,,,,,,,,,,,,,,,,,,,,,,,,,,,,,,,,,,,,,,,,,,,,2026-07-11 11:22:46.237,0,,
9759,63,61,10461,1,2120,GARCIA MILLAN,GAZPACHO,GAZPACHO TRADICIONAL GM 1L,MUESTRAS, ,,,,,,,,,NOT_COMPARABLE_MISSING_VALIDATION,1,0,0,,,,,,,,,,,,,,,,,,,,,,,,,,,,,,,,,,,,,,,,,,,,,,,,,,,,,,,,,,,,,,,,,,,,,,,,,,,,,,,,,,,,,,,,,,,,,,,,,,,,,,,,,,,,,,,,,,,,,,,,,,,,,,,,,,,,,,,,,,,,,,,,,,,,,,,,,,,,,,,,,,,,,,,,,,,,,,,,,,,,,,,,,,,,,,,,,,,,,,,,,,,,,,,,2026-07-11 11:22:46.237,0,,
9760,63,61,10461,1,2121,GARCIA MILLAN,GAZPACHO,GAZPACHO TRADICIONAL GM 330ML, , ,,,,,,,,,NOT_COMPARABLE_MISSING_VALIDATION,1,0,0,,,,,,,,,,,,,,,,,,,,,,,,,,,,,,,,,,,,,,,,,,,,,,,,,,,,,,,,,,,,,,,,,,,,,,,,,,,,,,,,,,,,,,,,,,,,,,,,,,,,,,,,,,,,,,,,,,,,,,,,,,,,,,,,,,,,,,,,,,,,,,,,,,,,,,,,,,,,,,,,,,,,,,,,,,,,,,,,,,,,,,,,,,,,,,,,,,,,,,,,,,,,,,,,2026-07-11 11:22:46.237,0,,
"9761,63,61,10461,1,2122,GARCIA MILLAN,GAZPACHO,GAZPACHO TRADICIONAL GM 330ML,"""", ,,,,,,,,,NOT_COMPARABLE_MISSING_VALIDATION,1,0,0,,,,,,,,,,,,,,,,,,,,,,,,,,,,,,,,,,,,,,,,,,,,,,,,,,,,,,,,,,,,,,,,,,,,,,,,,,,,,,,,,,,,,,,,,,,,,,,,,,,,,,,,,,,,,,,,,,,,,,,,,,,,,,,,,,,,,,,,,,,,,,,,,,,,,,,,,,,,,,,,,,,,,,,,,,,,,,,,,,,,,,,,,,,,,,,,,,,,,,,,,,,,,,,,2026-07-11 11:22:46.237,0,,"
9762,63,61,10461,1,2123,GARCIA MILLAN,GAZPACHO,GAZPACHO TRADICIONAL GM 330ML,DINOSOL, ,,,,,,,,,NOT_COMPARABLE_MISSING_VALIDATION,1,0,0,,,,,,,,,,,,,,,,,,,,,,,,,,,,,,,,,,,,,,,,,,,,,,,,,,,,,,,,,,,,,,,,,,,,,,,,,,,,,,,,,,,,,,,,,,,,,,,,,,,,,,,,,,,,,,,,,,,,,,,,,,,,,,,,,,,,,,,,,,,,,,,,,,,,,,,,,,,,,,,,,,,,,,,,,,,,,,,,,,,,,,,,,,,,,,,,,,,,,,,,,,,,,,,,2026-07-11 11:22:46.237,0,,
9763,63,61,10461,1,2124,GARCIA MILLAN,GAZPACHO,GAZPACHO TRADICIONAL GM 330ML,EASY VENDING, ,,,,,,,,,NOT_COMPARABLE_MISSING_VALIDATION,1,0,0,,,,,,,,,,,,,,,,,,,,,,,,,,,,,,,,,,,,,,,,,,,,,,,,,,,,,,,,,,,,,,,,,,,,,,,,,,,,,,,,,,,,,,,,,,,,,,,,,,,,,,,,,,,,,,,,,,,,,,,,,,,,,,,,,,,,,,,,,,,,,,,,,,,,,,,,,,,,,,,,,,,,,,,,,,,,,,,,,,,,,,,,,,,,,,,,,,,,,,,,,,,,,,,,2026-07-11 11:22:46.237,0,,
9764,63,61,10461,1,2125,GARCIA MILLAN,GAZPACHO,GAZPACHO TRADICIONAL GM 330ML,FLAVORCRAFT, ,,,,,,,,,NOT_COMPARABLE_MISSING_VALIDATION,1,0,0,,,,,,,,,,,,,,,,,,,,,,,,,,,,,,,,,,,,,,,,,,,,,,,,,,,,,,,,,,,,,,,,,,,,,,,,,,,,,,,,,,,,,,,,,,,,,,,,,,,,,,,,,,,,,,,,,,,,,,,,,,,,,,,,,,,,,,,,,,,,,,,,,,,,,,,,,,,,,,,,,,,,,,,,,,,,,,,,,,,,,,,,,,,,,,,,,,,,,,,,,,,,,,,,2026-07-11 11:22:46.237,0,,
9765,63,61,10461,1,2126,GARCIA MILLAN,GAZPACHO,GAZPACHO TRADICIONAL GM 330ML,MOEVE, ,,,,,,,,,NOT_COMPARABLE_MISSING_VALIDATION,1,0,0,,,,,,,,,,,,,,,,,,,,,,,,,,,,,,,,,,,,,,,,,,,,,,,,,,,,,,,,,,,,,,,,,,,,,,,,,,,,,,,,,,,,,,,,,,,,,,,,,,,,,,,,,,,,,,,,,,,,,,,,,,,,,,,,,,,,,,,,,,,,,,,,,,,,,,,,,,,,,,,,,,,,,,,,,,,,,,,,,,,,,,,,,,,,,,,,,,,,,,,,,,,,,,,,2026-07-11 11:22:46.237,0,,
9766,63,61,10461,1,2127,GARCIA MILLAN,GAZPACHO,GAZPACHO TRADICIONAL GM 330ML,MUESTRAS, ,,,,,,,,,NOT_COMPARABLE_MISSING_VALIDATION,1,0,0,,,,,,,,,,,,,,,,,,,,,,,,,,,,,,,,,,,,,,,,,,,,,,,,,,,,,,,,,,,,,,,,,,,,,,,,,,,,,,,,,,,,,,,,,,,,,,,,,,,,,,,,,,,,,,,,,,,,,,,,,,,,,,,,,,,,,,,,,,,,,,,,,,,,,,,,,,,,,,,,,,,,,,,,,,,,,,,,,,,,,,,,,,,,,,,,,,,,,,,,,,,,,,,,2026-07-11 11:22:46.237,0,,
"9767,63,61,10461,1,2128,GARCIA MILLAN,SALMOREJO,""SALMOREJO SIN PAN GM 1,15L"", , ,,,,,,,,,NOT_COMPARABLE_MISSING_VALIDATION,1,0,0,,,,,,,,,,,,,,,,,,,,,,,,,,,,,,,,,,,,,,,,,,,,,,,,,,,,,,,,,,,,,,,,,,,,,,,,,,,,,,,,,,,,,,,,,,,,,,,,,,,,,,,,,,,,,,,,,,,,,,,,,,,,,,,,,,,,,,,,,,,,,,,,,,,,,,,,,,,,,,,,,,,,,,,,,,,,,,,,,,,,,,,,,,,,,,,,,,,,,,,,,,,,,,,,2026-07-11 11:22:46.237,0,,"
"9768,63,61,10461,1,2129,GARCIA MILLAN,SALMOREJO,""SALMOREJO SIN PAN GM 1,15L"","""", ,,,,,,,,,NOT_COMPARABLE_MISSING_VALIDATION,1,0,0,,,,,,,,,,,,,,,,,,,,,,,,,,,,,,,,,,,,,,,,,,,,,,,,,,,,,,,,,,,,,,,,,,,,,,,,,,,,,,,,,,,,,,,,,,,,,,,,,,,,,,,,,,,,,,,,,,,,,,,,,,,,,,,,,,,,,,,,,,,,,,,,,,,,,,,,,,,,,,,,,,,,,,,,,,,,,,,,,,,,,,,,,,,,,,,,,,,,,,,,,,,,,,,,2026-07-11 11:22:46.237,0,,"
9769,63,61,10461,1,2130,GARCIA MILLAN,SALMOREJO,SALMOREJO SIN PAN GM 1L, , ,,,,,,,,,NOT_COMPARABLE_MISSING_VALIDATION,1,0,0,,,,,,,,,,,,,,,,,,,,,,,,,,,,,,,,,,,,,,,,,,,,,,,,,,,,,,,,,,,,,,,,,,,,,,,,,,,,,,,,,,,,,,,,,,,,,,,,,,,,,,,,,,,,,,,,,,,,,,,,,,,,,,,,,,,,,,,,,,,,,,,,,,,,,,,,,,,,,,,,,,,,,,,,,,,,,,,,,,,,,,,,,,,,,,,,,,,,,,,,,,,,,,,,2026-07-11 11:22:46.237,0,,
"9770,63,61,10461,1,2131,GARCIA MILLAN,SALMOREJO,SALMOREJO SIN PAN GM 1L,"""", ,,,,,,,,,NOT_COMPARABLE_MISSING_VALIDATION,1,0,0,,,,,,,,,,,,,,,,,,,,,,,,,,,,,,,,,,,,,,,,,,,,,,,,,,,,,,,,,,,,,,,,,,,,,,,,,,,,,,,,,,,,,,,,,,,,,,,,,,,,,,,,,,,,,,,,,,,,,,,,,,,,,,,,,,,,,,,,,,,,,,,,,,,,,,,,,,,,,,,,,,,,,,,,,,,,,,,,,,,,,,,,,,,,,,,,,,,,,,,,,,,,,,,,2026-07-11 11:22:46.237,0,,"
9771,63,61,10461,1,2132,GARCIA MILLAN,SALMOREJO,SALMOREJO SIN PAN GM 1L,AHORRAMAS, ,,,,,,,,,NOT_COMPARABLE_MISSING_VALIDATION,1,0,0,,,,,,,,,,,,,,,,,,,,,,,,,,,,,,,,,,,,,,,,,,,,,,,,,,,,,,,,,,,,,,,,,,,,,,,,,,,,,,,,,,,,,,,,,,,,,,,,,,,,,,,,,,,,,,,,,,,,,,,,,,,,,,,,,,,,,,,,,,,,,,,,,,,,,,,,,,,,,,,,,,,,,,,,,,,,,,,,,,,,,,,,,,,,,,,,,,,,,,,,,,,,,,,,2026-07-11 11:22:46.237,0,,
9772,63,61,10461,1,2133,GARCIA MILLAN,SALMOREJO,SALMOREJO SIN PAN GM 1L,ALYCER ALIMENTACION, ,,,,,,,,,NOT_COMPARABLE_MISSING_VALIDATION,1,0,0,,,,,,,,,,,,,,,,,,,,,,,,,,,,,,,,,,,,,,,,,,,,,,,,,,,,,,,,,,,,,,,,,,,,,,,,,,,,,,,,,,,,,,,,,,,,,,,,,,,,,,,,,,,,,,,,,,,,,,,,,,,,,,,,,,,,,,,,,,,,,,,,,,,,,,,,,,,,,,,,,,,,,,,,,,,,,,,,,,,,,,,,,,,,,,,,,,,,,,,,,,,,,,,,2026-07-11 11:22:46.237,0,,
9773,63,61,10461,1,2134,GARCIA MILLAN,SALMOREJO,SALMOREJO SIN PAN GM 1L,AMAZON, ,,,,,,,,,NOT_COMPARABLE_MISSING_VALIDATION,1,0,0,,,,,,,,,,,,,,,,,,,,,,,,,,,,,,,,,,,,,,,,,,,,,,,,,,,,,,,,,,,,,,,,,,,,,,,,,,,,,,,,,,,,,,,,,,,,,,,,,,,,,,,,,,,,,,,,,,,,,,,,,,,,,,,,,,,,,,,,,,,,,,,,,,,,,,,,,,,,,,,,,,,,,,,,,,,,,,,,,,,,,,,,,,,,,,,,,,,,,,,,,,,,,,,,2026-07-11 11:22:46.237,0,,
9774,63,61,10461,1,2135,GARCIA MILLAN,SALMOREJO,SALMOREJO SIN PAN GM 1L,BARMA FANGZHOU, ,,,,,,,,,NOT_COMPARABLE_MISSING_VALIDATION,1,0,0,,,,,,,,,,,,,,,,,,,,,,,,,,,,,,,,,,,,,,,,,,,,,,,,,,,,,,,,,,,,,,,,,,,,,,,,,,,,,,,,,,,,,,,,,,,,,,,,,,,,,,,,,,,,,,,,,,,,,,,,,,,,,,,,,,,,,,,,,,,,,,,,,,,,,,,,,,,,,,,,,,,,,,,,,,,,,,,,,,,,,,,,,,,,,,,,,,,,,,,,,,,,,,,,2026-07-11 11:22:46.237,0,,
9775,63,61,10461,1,2136,GARCIA MILLAN,SALMOREJO,SALMOREJO SIN PAN GM 1L,BON PREU, ,,,,,,,,,NOT_COMPARABLE_MISSING_VALIDATION,1,0,0,,,,,,,,,,,,,,,,,,,,,,,,,,,,,,,,,,,,,,,,,,,,,,,,,,,,,,,,,,,,,,,,,,,,,,,,,,,,,,,,,,,,,,,,,,,,,,,,,,,,,,,,,,,,,,,,,,,,,,,,,,,,,,,,,,,,,,,,,,,,,,,,,,,,,,,,,,,,,,,,,,,,,,,,,,,,,,,,,,,,,,,,,,,,,,,,,,,,,,,,,,,,,,,,2026-07-11 11:22:46.237,0,,
9776,63,61,10461,1,2137,GARCIA MILLAN,SALMOREJO,SALMOREJO SIN PAN GM 1L,CARO RUIZ, ,,,,,,,,,NOT_COMPARABLE_MISSING_VALIDATION,1,0,0,,,,,,,,,,,,,,,,,,,,,,,,,,,,,,,,,,,,,,,,,,,,,,,,,,,,,,,,,,,,,,,,,,,,,,,,,,,,,,,,,,,,,,,,,,,,,,,,,,,,,,,,,,,,,,,,,,,,,,,,,,,,,,,,,,,,,,,,,,,,,,,,,,,,,,,,,,,,,,,,,,,,,,,,,,,,,,,,,,,,,,,,,,,,,,,,,,,,,,,,,,,,,,,,2026-07-11 11:22:46.237,0,,
9777,63,61,10461,1,2138,GARCIA MILLAN,SALMOREJO,SALMOREJO SIN PAN GM 1L,CARREFOUR, ,,,,,,,,,NOT_COMPARABLE_MISSING_VALIDATION,1,0,0,,,,,,,,,,,,,,,,,,,,,,,,,,,,,,,,,,,,,,,,,,,,,,,,,,,,,,,,,,,,,,,,,,,,,,,,,,,,,,,,,,,,,,,,,,,,,,,,,,,,,,,,,,,,,,,,,,,,,,,,,,,,,,,,,,,,,,,,,,,,,,,,,,,,,,,,,,,,,,,,,,,,,,,,,,,,,,,,,,,,,,,,,,,,,,,,,,,,,,,,,,,,,,,,2026-07-11 11:22:46.237,0,,
9778,63,61,10461,1,2139,GARCIA MILLAN,SALMOREJO,SALMOREJO SIN PAN GM 1L,CARRION PARADAS, ,,,,,,,,,NOT_COMPARABLE_MISSING_VALIDATION,1,0,0,,,,,,,,,,,,,,,,,,,,,,,,,,,,,,,,,,,,,,,,,,,,,,,,,,,,,,,,,,,,,,,,,,,,,,,,,,,,,,,,,,,,,,,,,,,,,,,,,,,,,,,,,,,,,,,,,,,,,,,,,,,,,,,,,,,,,,,,,,,,,,,,,,,,,,,,,,,,,,,,,,,,,,,,,,,,,,,,,,,,,,,,,,,,,,,,,,,,,,,,,,,,,,,,2026-07-11 11:22:46.237,0,,
9779,63,61,10461,1,2140,GARCIA MILLAN,SALMOREJO,SALMOREJO SIN PAN GM 1L,CASH BAREA, ,,,,,,,,,NOT_COMPARABLE_MISSING_VALIDATION,1,0,0,,,,,,,,,,,,,,,,,,,,,,,,,,,,,,,,,,,,,,,,,,,,,,,,,,,,,,,,,,,,,,,,,,,,,,,,,,,,,,,,,,,,,,,,,,,,,,,,,,,,,,,,,,,,,,,,,,,,,,,,,,,,,,,,,,,,,,,,,,,,,,,,,,,,,,,,,,,,,,,,,,,,,,,,,,,,,,,,,,,,,,,,,,,,,,,,,,,,,,,,,,,,,,,,2026-07-11 11:22:46.237,0,,
9780,63,61,10461,1,2141,GARCIA MILLAN,SALMOREJO,SALMOREJO SIN PAN GM 1L,CATERING DOMENICO, ,,,,,,,,,NOT_COMPARABLE_MISSING_VALIDATION,1,0,0,,,,,,,,,,,,,,,,,,,,,,,,,,,,,,,,,,,,,,,,,,,,,,,,,,,,,,,,,,,,,,,,,,,,,,,,,,,,,,,,,,,,,,,,,,,,,,,,,,,,,,,,,,,,,,,,,,,,,,,,,,,,,,,,,,,,,,,,,,,,,,,,,,,,,,,,,,,,,,,,,,,,,,,,,,,,,,,,,,,,,,,,,,,,,,,,,,,,,,,,,,,,,,,,2026-07-11 11:22:46.237,0,,
9781,63,61,10461,1,2142,GARCIA MILLAN,SALMOREJO,SALMOREJO SIN PAN GM 1L,CEIP MANUEL ALTOLAGUIRRE, ,,,,,,,,,NOT_COMPARABLE_MISSING_VALIDATION,1,0,0,,,,,,,,,,,,,,,,,,,,,,,,,,,,,,,,,,,,,,,,,,,,,,,,,,,,,,,,,,,,,,,,,,,,,,,,,,,,,,,,,,,,,,,,,,,,,,,,,,,,,,,,,,,,,,,,,,,,,,,,,,,,,,,,,,,,,,,,,,,,,,,,,,,,,,,,,,,,,,,,,,,,,,,,,,,,,,,,,,,,,,,,,,,,,,,,,,,,,,,,,,,,,,,,2026-07-11 11:22:46.237,0,,
9782,63,61,10461,1,2143,GARCIA MILLAN,SALMOREJO,SALMOREJO SIN PAN GM 1L,CHAPELA LEON, ,,,,,,,,,NOT_COMPARABLE_MISSING_VALIDATION,1,0,0,,,,,,,,,,,,,,,,,,,,,,,,,,,,,,,,,,,,,,,,,,,,,,,,,,,,,,,,,,,,,,,,,,,,,,,,,,,,,,,,,,,,,,,,,,,,,,,,,,,,,,,,,,,,,,,,,,,,,,,,,,,,,,,,,,,,,,,,,,,,,,,,,,,,,,,,,,,,,,,,,,,,,,,,,,,,,,,,,,,,,,,,,,,,,,,,,,,,,,,,,,,,,,,,2026-07-11 11:22:46.237,0,,
9783,63,61,10461,1,2144,GARCIA MILLAN,SALMOREJO,SALMOREJO SIN PAN GM 1L,CLIENTES FRANCIA, ,,,,,,,,,NOT_COMPARABLE_MISSING_VALIDATION,1,0,0,,,,,,,,,,,,,,,,,,,,,,,,,,,,,,,,,,,,,,,,,,,,,,,,,,,,,,,,,,,,,,,,,,,,,,,,,,,,,,,,,,,,,,,,,,,,,,,,,,,,,,,,,,,,,,,,,,,,,,,,,,,,,,,,,,,,,,,,,,,,,,,,,,,,,,,,,,,,,,,,,,,,,,,,,,,,,,,,,,,,,,,,,,,,,,,,,,,,,,,,,,,,,,,,2026-07-11 11:22:46.237,0,,
9784,63,61,10461,1,2145,GARCIA MILLAN,SALMOREJO,SALMOREJO SIN PAN GM 1L,COMERBAL, ,,,,,,,,,NOT_COMPARABLE_MISSING_VALIDATION,1,0,0,,,,,,,,,,,,,,,,,,,,,,,,,,,,,,,,,,,,,,,,,,,,,,,,,,,,,,,,,,,,,,,,,,,,,,,,,,,,,,,,,,,,,,,,,,,,,,,,,,,,,,,,,,,,,,,,,,,,,,,,,,,,,,,,,,,,,,,,,,,,,,,,,,,,,,,,,,,,,,,,,,,,,,,,,,,,,,,,,,,,,,,,,,,,,,,,,,,,,,,,,,,,,,,,2026-07-11 11:22:46.237,0,,
9785,63,61,10461,1,2146,GARCIA MILLAN,SALMOREJO,SALMOREJO SIN PAN GM 1L,COMERCIAL PIEDRA TRUJILLO, ,,,,,,,,,NOT_COMPARABLE_MISSING_VALIDATION,1,0,0,,,,,,,,,,,,,,,,,,,,,,,,,,,,,,,,,,,,,,,,,,,,,,,,,,,,,,,,,,,,,,,,,,,,,,,,,,,,,,,,,,,,,,,,,,,,,,,,,,,,,,,,,,,,,,,,,,,,,,,,,,,,,,,,,,,,,,,,,,,,,,,,,,,,,,,,,,,,,,,,,,,,,,,,,,,,,,,,,,,,,,,,,,,,,,,,,,,,,,,,,,,,,,,,2026-07-11 11:22:46.237,0,,
9786,63,61,10461,1,2147,GARCIA MILLAN,SALMOREJO,SALMOREJO SIN PAN GM 1L,CONDIS, ,,,,,,,,,NOT_COMPARABLE_MISSING_VALIDATION,1,0,0,,,,,,,,,,,,,,,,,,,,,,,,,,,,,,,,,,,,,,,,,,,,,,,,,,,,,,,,,,,,,,,,,,,,,,,,,,,,,,,,,,,,,,,,,,,,,,,,,,,,,,,,,,,,,,,,,,,,,,,,,,,,,,,,,,,,,,,,,,,,,,,,,,,,,,,,,,,,,,,,,,,,,,,,,,,,,,,,,,,,,,,,,,,,,,,,,,,,,,,,,,,,,,,,2026-07-11 11:22:46.237,0,,
9787,63,61,10461,1,2148,GARCIA MILLAN,SALMOREJO,SALMOREJO SIN PAN GM 1L,COVIRAN, ,,,,,,,,,NOT_COMPARABLE_MISSING_VALIDATION,1,0,0,,,,,,,,,,,,,,,,,,,,,,,,,,,,,,,,,,,,,,,,,,,,,,,,,,,,,,,,,,,,,,,,,,,,,,,,,,,,,,,,,,,,,,,,,,,,,,,,,,,,,,,,,,,,,,,,,,,,,,,,,,,,,,,,,,,,,,,,,,,,,,,,,,,,,,,,,,,,,,,,,,,,,,,,,,,,,,,,,,,,,,,,,,,,,,,,,,,,,,,,,,,,,,,,2026-07-11 11:22:46.237,0,,
9788,63,61,10461,1,2149,GARCIA MILLAN,SALMOREJO,SALMOREJO SIN PAN GM 1L,DEGUSTACIONES, ,,,,,,,,,NOT_COMPARABLE_MISSING_VALIDATION,1,0,0,,,,,,,,,,,,,,,,,,,,,,,,,,,,,,,,,,,,,,,,,,,,,,,,,,,,,,,,,,,,,,,,,,,,,,,,,,,,,,,,,,,,,,,,,,,,,,,,,,,,,,,,,,,,,,,,,,,,,,,,,,,,,,,,,,,,,,,,,,,,,,,,,,,,,,,,,,,,,,,,,,,,,,,,,,,,,,,,,,,,,,,,,,,,,,,,,,,,,,,,,,,,,,,,2026-07-11 11:22:46.237,0,,
9789,63,61,10461,1,2150,GARCIA MILLAN,SALMOREJO,SALMOREJO SIN PAN GM 1L,DIA, ,,,,,,,,,NOT_COMPARABLE_MISSING_VALIDATION,1,0,0,,,,,,,,,,,,,,,,,,,,,,,,,,,,,,,,,,,,,,,,,,,,,,,,,,,,,,,,,,,,,,,,,,,,,,,,,,,,,,,,,,,,,,,,,,,,,,,,,,,,,,,,,,,,,,,,,,,,,,,,,,,,,,,,,,,,,,,,,,,,,,,,,,,,,,,,,,,,,,,,,,,,,,,,,,,,,,,,,,,,,,,,,,,,,,,,,,,,,,,,,,,,,,,,2026-07-11 11:22:46.237,0,,
9790,63,61,10461,1,2151,GARCIA MILLAN,SALMOREJO,SALMOREJO SIN PAN GM 1L,DINOSOL, ,,,,,,,,,NOT_COMPARABLE_MISSING_VALIDATION,1,0,0,,,,,,,,,,,,,,,,,,,,,,,,,,,,,,,,,,,,,,,,,,,,,,,,,,,,,,,,,,,,,,,,,,,,,,,,,,,,,,,,,,,,,,,,,,,,,,,,,,,,,,,,,,,,,,,,,,,,,,,,,,,,,,,,,,,,,,,,,,,,,,,,,,,,,,,,,,,,,,,,,,,,,,,,,,,,,,,,,,,,,,,,,,,,,,,,,,,,,,,,,,,,,,,,2026-07-11 11:22:46.237,0,,
9791,63,61,10461,1,2152,GARCIA MILLAN,SALMOREJO,SALMOREJO SIN PAN GM 1L,DISTRIBUCIONES FROIZ, ,,,,,,,,,NOT_COMPARABLE_MISSING_VALIDATION,1,0,0,,,,,,,,,,,,,,,,,,,,,,,,,,,,,,,,,,,,,,,,,,,,,,,,,,,,,,,,,,,,,,,,,,,,,,,,,,,,,,,,,,,,,,,,,,,,,,,,,,,,,,,,,,,,,,,,,,,,,,,,,,,,,,,,,,,,,,,,,,,,,,,,,,,,,,,,,,,,,,,,,,,,,,,,,,,,,,,,,,,,,,,,,,,,,,,,,,,,,,,,,,,,,,,,2026-07-11 11:22:46.237,0,,
9792,63,61,10461,1,2153,GARCIA MILLAN,SALMOREJO,SALMOREJO SIN PAN GM 1L,DISTRIBUCIONES JTT, ,,,,,,,,,NOT_COMPARABLE_MISSING_VALIDATION,1,0,0,,,,,,,,,,,,,,,,,,,,,,,,,,,,,,,,,,,,,,,,,,,,,,,,,,,,,,,,,,,,,,,,,,,,,,,,,,,,,,,,,,,,,,,,,,,,,,,,,,,,,,,,,,,,,,,,,,,,,,,,,,,,,,,,,,,,,,,,,,,,,,,,,,,,,,,,,,,,,,,,,,,,,,,,,,,,,,,,,,,,,,,,,,,,,,,,,,,,,,,,,,,,,,,,2026-07-11 11:22:46.237,0,,
9793,63,61,10461,1,2154,GARCIA MILLAN,SALMOREJO,SALMOREJO SIN PAN GM 1L,DONACIONES, ,,,,,,,,,NOT_COMPARABLE_MISSING_VALIDATION,1,0,0,,,,,,,,,,,,,,,,,,,,,,,,,,,,,,,,,,,,,,,,,,,,,,,,,,,,,,,,,,,,,,,,,,,,,,,,,,,,,,,,,,,,,,,,,,,,,,,,,,,,,,,,,,,,,,,,,,,,,,,,,,,,,,,,,,,,,,,,,,,,,,,,,,,,,,,,,,,,,,,,,,,,,,,,,,,,,,,,,,,,,,,,,,,,,,,,,,,,,,,,,,,,,,,,2026-07-11 11:22:46.237,0,,
9794,63,61,10461,1,2155,GARCIA MILLAN,SALMOREJO,SALMOREJO SIN PAN GM 1L,DRINKS SOL, ,,,,,,,,,NOT_COMPARABLE_MISSING_VALIDATION,1,0,0,,,,,,,,,,,,,,,,,,,,,,,,,,,,,,,,,,,,,,,,,,,,,,,,,,,,,,,,,,,,,,,,,,,,,,,,,,,,,,,,,,,,,,,,,,,,,,,,,,,,,,,,,,,,,,,,,,,,,,,,,,,,,,,,,,,,,,,,,,,,,,,,,,,,,,,,,,,,,,,,,,,,,,,,,,,,,,,,,,,,,,,,,,,,,,,,,,,,,,,,,,,,,,,,2026-07-11 11:22:46.237,0,,
9795,63,61,10461,1,2156,GARCIA MILLAN,SALMOREJO,SALMOREJO SIN PAN GM 1L,EL CORTE INGLES, ,,,,,,,,,NOT_COMPARABLE_MISSING_VALIDATION,1,0,0,,,,,,,,,,,,,,,,,,,,,,,,,,,,,,,,,,,,,,,,,,,,,,,,,,,,,,,,,,,,,,,,,,,,,,,,,,,,,,,,,,,,,,,,,,,,,,,,,,,,,,,,,,,,,,,,,,,,,,,,,,,,,,,,,,,,,,,,,,,,,,,,,,,,,,,,,,,,,,,,,,,,,,,,,,,,,,,,,,,,,,,,,,,,,,,,,,,,,,,,,,,,,,,,2026-07-11 11:22:46.237,0,,
9796,63,61,10461,1,2157,GARCIA MILLAN,SALMOREJO,SALMOREJO SIN PAN GM 1L,ESTABLECIMIENTOS PLAZA, ,,,,,,,,,NOT_COMPARABLE_MISSING_VALIDATION,1,0,0,,,,,,,,,,,,,,,,,,,,,,,,,,,,,,,,,,,,,,,,,,,,,,,,,,,,,,,,,,,,,,,,,,,,,,,,,,,,,,,,,,,,,,,,,,,,,,,,,,,,,,,,,,,,,,,,,,,,,,,,,,,,,,,,,,,,,,,,,,,,,,,,,,,,,,,,,,,,,,,,,,,,,,,,,,,,,,,,,,,,,,,,,,,,,,,,,,,,,,,,,,,,,,,,2026-07-11 11:22:46.237,0,,
9797,63,61,10461,1,2158,GARCIA MILLAN,SALMOREJO,SALMOREJO SIN PAN GM 1L,EXCLUSIVAS SEYGO, ,,,,,,,,,NOT_COMPARABLE_MISSING_VALIDATION,1,0,0,,,,,,,,,,,,,,,,,,,,,,,,,,,,,,,,,,,,,,,,,,,,,,,,,,,,,,,,,,,,,,,,,,,,,,,,,,,,,,,,,,,,,,,,,,,,,,,,,,,,,,,,,,,,,,,,,,,,,,,,,,,,,,,,,,,,,,,,,,,,,,,,,,,,,,,,,,,,,,,,,,,,,,,,,,,,,,,,,,,,,,,,,,,,,,,,,,,,,,,,,,,,,,,,2026-07-11 11:22:46.237,0,,
9798,63,61,10461,1,2159,GARCIA MILLAN,SALMOREJO,SALMOREJO SIN PAN GM 1L,FACSA, ,,,,,,,,,NOT_COMPARABLE_MISSING_VALIDATION,1,0,0,,,,,,,,,,,,,,,,,,,,,,,,,,,,,,,,,,,,,,,,,,,,,,,,,,,,,,,,,,,,,,,,,,,,,,,,,,,,,,,,,,,,,,,,,,,,,,,,,,,,,,,,,,,,,,,,,,,,,,,,,,,,,,,,,,,,,,,,,,,,,,,,,,,,,,,,,,,,,,,,,,,,,,,,,,,,,,,,,,,,,,,,,,,,,,,,,,,,,,,,,,,,,,,,2026-07-11 11:22:46.237,0,,
9799,63,61,10461,1,2160,GARCIA MILLAN,SALMOREJO,SALMOREJO SIN PAN GM 1L,FAMILY CASH, ,,,,,,,,,NOT_COMPARABLE_MISSING_VALIDATION,1,0,0,,,,,,,,,,,,,,,,,,,,,,,,,,,,,,,,,,,,,,,,,,,,,,,,,,,,,,,,,,,,,,,,,,,,,,,,,,,,,,,,,,,,,,,,,,,,,,,,,,,,,,,,,,,,,,,,,,,,,,,,,,,,,,,,,,,,,,,,,,,,,,,,,,,,,,,,,,,,,,,,,,,,,,,,,,,,,,,,,,,,,,,,,,,,,,,,,,,,,,,,,,,,,,,,2026-07-11 11:22:46.237,0,,
9800,63,61,10461,1,2161,GARCIA MILLAN,SALMOREJO,SALMOREJO SIN PAN GM 1L,FECAC, ,,,,,,,,,NOT_COMPARABLE_MISSING_VALIDATION,1,0,0,,,,,,,,,,,,,,,,,,,,,,,,,,,,,,,,,,,,,,,,,,,,,,,,,,,,,,,,,,,,,,,,,,,,,,,,,,,,,,,,,,,,,,,,,,,,,,,,,,,,,,,,,,,,,,,,,,,,,,,,,,,,,,,,,,,,,,,,,,,,,,,,,,,,,,,,,,,,,,,,,,,,,,,,,,,,,,,,,,,,,,,,,,,,,,,,,,,,,,,,,,,,,,,,2026-07-11 11:22:46.237,0,,
9801,63,61,10461,1,2162,GARCIA MILLAN,SALMOREJO,SALMOREJO SIN PAN GM 1L,FRUFOR, ,,,,,,,,,NOT_COMPARABLE_MISSING_VALIDATION,1,0,0,,,,,,,,,,,,,,,,,,,,,,,,,,,,,,,,,,,,,,,,,,,,,,,,,,,,,,,,,,,,,,,,,,,,,,,,,,,,,,,,,,,,,,,,,,,,,,,,,,,,,,,,,,,,,,,,,,,,,,,,,,,,,,,,,,,,,,,,,,,,,,,,,,,,,,,,,,,,,,,,,,,,,,,,,,,,,,,,,,,,,,,,,,,,,,,,,,,,,,,,,,,,,,,,2026-07-11 11:22:46.237,0,,
9802,63,61,10461,1,2163,GARCIA MILLAN,SALMOREJO,SALMOREJO SIN PAN GM 1L,FRUTAS MORA QUALITY, ,,,,,,,,,NOT_COMPARABLE_MISSING_VALIDATION,1,0,0,,,,,,,,,,,,,,,,,,,,,,,,,,,,,,,,,,,,,,,,,,,,,,,,,,,,,,,,,,,,,,,,,,,,,,,,,,,,,,,,,,,,,,,,,,,,,,,,,,,,,,,,,,,,,,,,,,,,,,,,,,,,,,,,,,,,,,,,,,,,,,,,,,,,,,,,,,,,,,,,,,,,,,,,,,,,,,,,,,,,,,,,,,,,,,,,,,,,,,,,,,,,,,,,2026-07-11 11:22:46.237,0,,
9803,63,61,10461,1,2164,GARCIA MILLAN,SALMOREJO,SALMOREJO SIN PAN GM 1L,GADISA, ,,,,,,,,,NOT_COMPARABLE_MISSING_VALIDATION,1,0,0,,,,,,,,,,,,,,,,,,,,,,,,,,,,,,,,,,,,,,,,,,,,,,,,,,,,,,,,,,,,,,,,,,,,,,,,,,,,,,,,,,,,,,,,,,,,,,,,,,,,,,,,,,,,,,,,,,,,,,,,,,,,,,,,,,,,,,,,,,,,,,,,,,,,,,,,,,,,,,,,,,,,,,,,,,,,,,,,,,,,,,,,,,,,,,,,,,,,,,,,,,,,,,,,2026-07-11 11:22:46.237,0,,
9804,63,61,10461,1,2165,GARCIA MILLAN,SALMOREJO,SALMOREJO SIN PAN GM 1L,GARIZUR, ,,,,,,,,,NOT_COMPARABLE_MISSING_VALIDATION,1,0,0,,,,,,,,,,,,,,,,,,,,,,,,,,,,,,,,,,,,,,,,,,,,,,,,,,,,,,,,,,,,,,,,,,,,,,,,,,,,,,,,,,,,,,,,,,,,,,,,,,,,,,,,,,,,,,,,,,,,,,,,,,,,,,,,,,,,,,,,,,,,,,,,,,,,,,,,,,,,,,,,,,,,,,,,,,,,,,,,,,,,,,,,,,,,,,,,,,,,,,,,,,,,,,,,2026-07-11 11:22:46.237,0,,
9805,63,61,10461,1,2166,GARCIA MILLAN,SALMOREJO,SALMOREJO SIN PAN GM 1L,GASPAR TAPIA VILLAVERDE, ,,,,,,,,,NOT_COMPARABLE_MISSING_VALIDATION,1,0,0,,,,,,,,,,,,,,,,,,,,,,,,,,,,,,,,,,,,,,,,,,,,,,,,,,,,,,,,,,,,,,,,,,,,,,,,,,,,,,,,,,,,,,,,,,,,,,,,,,,,,,,,,,,,,,,,,,,,,,,,,,,,,,,,,,,,,,,,,,,,,,,,,,,,,,,,,,,,,,,,,,,,,,,,,,,,,,,,,,,,,,,,,,,,,,,,,,,,,,,,,,,,,,,,2026-07-11 11:22:46.237,0,,
9806,63,61,10461,1,2167,GARCIA MILLAN,SALMOREJO,SALMOREJO SIN PAN GM 1L,GB FOODSERVICE, ,,,,,,,,,NOT_COMPARABLE_MISSING_VALIDATION,1,0,0,,,,,,,,,,,,,,,,,,,,,,,,,,,,,,,,,,,,,,,,,,,,,,,,,,,,,,,,,,,,,,,,,,,,,,,,,,,,,,,,,,,,,,,,,,,,,,,,,,,,,,,,,,,,,,,,,,,,,,,,,,,,,,,,,,,,,,,,,,,,,,,,,,,,,,,,,,,,,,,,,,,,,,,,,,,,,,,,,,,,,,,,,,,,,,,,,,,,,,,,,,,,,,,,2026-07-11 11:22:46.237,0,,
9807,63,61,10461,1,2168,GARCIA MILLAN,SALMOREJO,SALMOREJO SIN PAN GM 1L,GRUPO AUCHAN, ,,,,,,,,,NOT_COMPARABLE_MISSING_VALIDATION,1,0,0,,,,,,,,,,,,,,,,,,,,,,,,,,,,,,,,,,,,,,,,,,,,,,,,,,,,,,,,,,,,,,,,,,,,,,,,,,,,,,,,,,,,,,,,,,,,,,,,,,,,,,,,,,,,,,,,,,,,,,,,,,,,,,,,,,,,,,,,,,,,,,,,,,,,,,,,,,,,,,,,,,,,,,,,,,,,,,,,,,,,,,,,,,,,,,,,,,,,,,,,,,,,,,,,2026-07-11 11:22:46.237,0,,
9808,63,61,10461,1,2169,GARCIA MILLAN,SALMOREJO,SALMOREJO SIN PAN GM 1L,GRUPO EL JAMON, ,,,,,,,,,NOT_COMPARABLE_MISSING_VALIDATION,1,0,0,,,,,,,,,,,,,,,,,,,,,,,,,,,,,,,,,,,,,,,,,,,,,,,,,,,,,,,,,,,,,,,,,,,,,,,,,,,,,,,,,,,,,,,,,,,,,,,,,,,,,,,,,,,,,,,,,,,,,,,,,,,,,,,,,,,,,,,,,,,,,,,,,,,,,,,,,,,,,,,,,,,,,,,,,,,,,,,,,,,,,,,,,,,,,,,,,,,,,,,,,,,,,,,,2026-07-11 11:22:46.237,0,,
9809,63,61,10461,1,2170,GARCIA MILLAN,SALMOREJO,SALMOREJO SIN PAN GM 1L,GRUPO EROSKI, ,,,,,,,,,NOT_COMPARABLE_MISSING_VALIDATION,1,0,0,,,,,,,,,,,,,,,,,,,,,,,,,,,,,,,,,,,,,,,,,,,,,,,,,,,,,,,,,,,,,,,,,,,,,,,,,,,,,,,,,,,,,,,,,,,,,,,,,,,,,,,,,,,,,,,,,,,,,,,,,,,,,,,,,,,,,,,,,,,,,,,,,,,,,,,,,,,,,,,,,,,,,,,,,,,,,,,,,,,,,,,,,,,,,,,,,,,,,,,,,,,,,,,,2026-07-11 11:22:46.237,0,,
9810,63,61,10461,1,2171,GARCIA MILLAN,SALMOREJO,SALMOREJO SIN PAN GM 1L,GRUPO FRUSUR, ,,,,,,,,,NOT_COMPARABLE_MISSING_VALIDATION,1,0,0,,,,,,,,,,,,,,,,,,,,,,,,,,,,,,,,,,,,,,,,,,,,,,,,,,,,,,,,,,,,,,,,,,,,,,,,,,,,,,,,,,,,,,,,,,,,,,,,,,,,,,,,,,,,,,,,,,,,,,,,,,,,,,,,,,,,,,,,,,,,,,,,,,,,,,,,,,,,,,,,,,,,,,,,,,,,,,,,,,,,,,,,,,,,,,,,,,,,,,,,,,,,,,,,2026-07-11 11:22:46.237,0,,
9811,63,61,10461,1,2172,GARCIA MILLAN,SALMOREJO,SALMOREJO SIN PAN GM 1L,GSG BUSSINES, ,,,,,,,,,NOT_COMPARABLE_MISSING_VALIDATION,1,0,0,,,,,,,,,,,,,,,,,,,,,,,,,,,,,,,,,,,,,,,,,,,,,,,,,,,,,,,,,,,,,,,,,,,,,,,,,,,,,,,,,,,,,,,,,,,,,,,,,,,,,,,,,,,,,,,,,,,,,,,,,,,,,,,,,,,,,,,,,,,,,,,,,,,,,,,,,,,,,,,,,,,,,,,,,,,,,,,,,,,,,,,,,,,,,,,,,,,,,,,,,,,,,,,,2026-07-11 11:22:46.237,0,,
9812,63,61,10461,1,2173,GARCIA MILLAN,SALMOREJO,SALMOREJO SIN PAN GM 1L,HERMANOS AYALA, ,,,,,,,,,NOT_COMPARABLE_MISSING_VALIDATION,1,0,0,,,,,,,,,,,,,,,,,,,,,,,,,,,,,,,,,,,,,,,,,,,,,,,,,,,,,,,,,,,,,,,,,,,,,,,,,,,,,,,,,,,,,,,,,,,,,,,,,,,,,,,,,,,,,,,,,,,,,,,,,,,,,,,,,,,,,,,,,,,,,,,,,,,,,,,,,,,,,,,,,,,,,,,,,,,,,,,,,,,,,,,,,,,,,,,,,,,,,,,,,,,,,,,,2026-07-11 11:22:46.237,0,,
9813,63,61,10461,1,2174,GARCIA MILLAN,SALMOREJO,SALMOREJO SIN PAN GM 1L,HERMANOS MARTIN, ,,,,,,,,,NOT_COMPARABLE_MISSING_VALIDATION,1,0,0,,,,,,,,,,,,,,,,,,,,,,,,,,,,,,,,,,,,,,,,,,,,,,,,,,,,,,,,,,,,,,,,,,,,,,,,,,,,,,,,,,,,,,,,,,,,,,,,,,,,,,,,,,,,,,,,,,,,,,,,,,,,,,,,,,,,,,,,,,,,,,,,,,,,,,,,,,,,,,,,,,,,,,,,,,,,,,,,,,,,,,,,,,,,,,,,,,,,,,,,,,,,,,,,2026-07-11 11:22:46.237,0,,
9814,63,61,10461,1,2175,GARCIA MILLAN,SALMOREJO,SALMOREJO SIN PAN GM 1L,HIPERBER, ,,,,,,,,,NOT_COMPARABLE_MISSING_VALIDATION,1,0,0,,,,,,,,,,,,,,,,,,,,,,,,,,,,,,,,,,,,,,,,,,,,,,,,,,,,,,,,,,,,,,,,,,,,,,,,,,,,,,,,,,,,,,,,,,,,,,,,,,,,,,,,,,,,,,,,,,,,,,,,,,,,,,,,,,,,,,,,,,,,,,,,,,,,,,,,,,,,,,,,,,,,,,,,,,,,,,,,,,,,,,,,,,,,,,,,,,,,,,,,,,,,,,,,2026-07-11 11:22:46.237,0,,
9815,63,61,10461,1,2176,GARCIA MILLAN,SALMOREJO,SALMOREJO SIN PAN GM 1L,JOAQUIN TARDIO, ,,,,,,,,,NOT_COMPARABLE_MISSING_VALIDATION,1,0,0,,,,,,,,,,,,,,,,,,,,,,,,,,,,,,,,,,,,,,,,,,,,,,,,,,,,,,,,,,,,,,,,,,,,,,,,,,,,,,,,,,,,,,,,,,,,,,,,,,,,,,,,,,,,,,,,,,,,,,,,,,,,,,,,,,,,,,,,,,,,,,,,,,,,,,,,,,,,,,,,,,,,,,,,,,,,,,,,,,,,,,,,,,,,,,,,,,,,,,,,,,,,,,,,2026-07-11 11:22:46.237,0,,
9816,63,61,10461,1,2177,GARCIA MILLAN,SALMOREJO,SALMOREJO SIN PAN GM 1L,JURADO GOURMET, ,,,,,,,,,NOT_COMPARABLE_MISSING_VALIDATION,1,0,0,,,,,,,,,,,,,,,,,,,,,,,,,,,,,,,,,,,,,,,,,,,,,,,,,,,,,,,,,,,,,,,,,,,,,,,,,,,,,,,,,,,,,,,,,,,,,,,,,,,,,,,,,,,,,,,,,,,,,,,,,,,,,,,,,,,,,,,,,,,,,,,,,,,,,,,,,,,,,,,,,,,,,,,,,,,,,,,,,,,,,,,,,,,,,,,,,,,,,,,,,,,,,,,,2026-07-11 11:22:46.237,0,,
9817,63,61,10461,1,2178,GARCIA MILLAN,SALMOREJO,SALMOREJO SIN PAN GM 1L,LOSAN DISTRIBUCIONES, ,,,,,,,,,NOT_COMPARABLE_MISSING_VALIDATION,1,0,0,,,,,,,,,,,,,,,,,,,,,,,,,,,,,,,,,,,,,,,,,,,,,,,,,,,,,,,,,,,,,,,,,,,,,,,,,,,,,,,,,,,,,,,,,,,,,,,,,,,,,,,,,,,,,,,,,,,,,,,,,,,,,,,,,,,,,,,,,,,,,,,,,,,,,,,,,,,,,,,,,,,,,,,,,,,,,,,,,,,,,,,,,,,,,,,,,,,,,,,,,,,,,,,,2026-07-11 11:22:46.237,0,,
9818,63,61,10461,1,2179,GARCIA MILLAN,SALMOREJO,SALMOREJO SIN PAN GM 1L,LUIS PIÃ‘A, ,,,,,,,,,NOT_COMPARABLE_MISSING_VALIDATION,1,0,0,,,,,,,,,,,,,,,,,,,,,,,,,,,,,,,,,,,,,,,,,,,,,,,,,,,,,,,,,,,,,,,,,,,,,,,,,,,,,,,,,,,,,,,,,,,,,,,,,,,,,,,,,,,,,,,,,,,,,,,,,,,,,,,,,,,,,,,,,,,,,,,,,,,,,,,,,,,,,,,,,,,,,,,,,,,,,,,,,,,,,,,,,,,,,,,,,,,,,,,,,,,,,,,,2026-07-11 11:22:46.237,0,,
9819,63,61,10461,1,2180,GARCIA MILLAN,SALMOREJO,SALMOREJO SIN PAN GM 1L,MARKETING, ,,,,,,,,,NOT_COMPARABLE_MISSING_VALIDATION,1,0,0,,,,,,,,,,,,,,,,,,,,,,,,,,,,,,,,,,,,,,,,,,,,,,,,,,,,,,,,,,,,,,,,,,,,,,,,,,,,,,,,,,,,,,,,,,,,,,,,,,,,,,,,,,,,,,,,,,,,,,,,,,,,,,,,,,,,,,,,,,,,,,,,,,,,,,,,,,,,,,,,,,,,,,,,,,,,,,,,,,,,,,,,,,,,,,,,,,,,,,,,,,,,,,,,2026-07-11 11:22:46.237,0,,
9820,63,61,10461,1,2181,GARCIA MILLAN,SALMOREJO,SALMOREJO SIN PAN GM 1L,MOISES MUÃ‘OZ E HIJOS, ,,,,,,,,,NOT_COMPARABLE_MISSING_VALIDATION,1,0,0,,,,,,,,,,,,,,,,,,,,,,,,,,,,,,,,,,,,,,,,,,,,,,,,,,,,,,,,,,,,,,,,,,,,,,,,,,,,,,,,,,,,,,,,,,,,,,,,,,,,,,,,,,,,,,,,,,,,,,,,,,,,,,,,,,,,,,,,,,,,,,,,,,,,,,,,,,,,,,,,,,,,,,,,,,,,,,,,,,,,,,,,,,,,,,,,,,,,,,,,,,,,,,,,2026-07-11 11:22:46.237,0,,
9821,63,61,10461,1,2182,GARCIA MILLAN,SALMOREJO,SALMOREJO SIN PAN GM 1L,MUESTRAS, ,,,,,,,,,NOT_COMPARABLE_MISSING_VALIDATION,1,0,0,,,,,,,,,,,,,,,,,,,,,,,,,,,,,,,,,,,,,,,,,,,,,,,,,,,,,,,,,,,,,,,,,,,,,,,,,,,,,,,,,,,,,,,,,,,,,,,,,,,,,,,,,,,,,,,,,,,,,,,,,,,,,,,,,,,,,,,,,,,,,,,,,,,,,,,,,,,,,,,,,,,,,,,,,,,,,,,,,,,,,,,,,,,,,,,,,,,,,,,,,,,,,,,,2026-07-11 11:22:46.237,0,,
9822,63,61,10461,1,2183,GARCIA MILLAN,SALMOREJO,SALMOREJO SIN PAN GM 1L,PARQUE ISLA MAGICA, ,,,,,,,,,NOT_COMPARABLE_MISSING_VALIDATION,1,0,0,,,,,,,,,,,,,,,,,,,,,,,,,,,,,,,,,,,,,,,,,,,,,,,,,,,,,,,,,,,,,,,,,,,,,,,,,,,,,,,,,,,,,,,,,,,,,,,,,,,,,,,,,,,,,,,,,,,,,,,,,,,,,,,,,,,,,,,,,,,,,,,,,,,,,,,,,,,,,,,,,,,,,,,,,,,,,,,,,,,,,,,,,,,,,,,,,,,,,,,,,,,,,,,,2026-07-11 11:22:46.237,0,,
9823,63,61,10461,1,2184,GARCIA MILLAN,SALMOREJO,SALMOREJO SIN PAN GM 1L,PARQUE NORTE, ,,,,,,,,,NOT_COMPARABLE_MISSING_VALIDATION,1,0,0,,,,,,,,,,,,,,,,,,,,,,,,,,,,,,,,,,,,,,,,,,,,,,,,,,,,,,,,,,,,,,,,,,,,,,,,,,,,,,,,,,,,,,,,,,,,,,,,,,,,,,,,,,,,,,,,,,,,,,,,,,,,,,,,,,,,,,,,,,,,,,,,,,,,,,,,,,,,,,,,,,,,,,,,,,,,,,,,,,,,,,,,,,,,,,,,,,,,,,,,,,,,,,,,2026-07-11 11:22:46.237,0,,
9824,63,61,10461,1,2185,GARCIA MILLAN,SALMOREJO,SALMOREJO SIN PAN GM 1L,PLASTICOSUR, ,,,,,,,,,NOT_COMPARABLE_MISSING_VALIDATION,1,0,0,,,,,,,,,,,,,,,,,,,,,,,,,,,,,,,,,,,,,,,,,,,,,,,,,,,,,,,,,,,,,,,,,,,,,,,,,,,,,,,,,,,,,,,,,,,,,,,,,,,,,,,,,,,,,,,,,,,,,,,,,,,,,,,,,,,,,,,,,,,,,,,,,,,,,,,,,,,,,,,,,,,,,,,,,,,,,,,,,,,,,,,,,,,,,,,,,,,,,,,,,,,,,,,,2026-07-11 11:22:46.237,0,,
9825,63,61,10461,1,2186,GARCIA MILLAN,SALMOREJO,SALMOREJO SIN PAN GM 1L,PRIMAPRIX, ,,,,,,,,,NOT_COMPARABLE_MISSING_VALIDATION,1,0,0,,,,,,,,,,,,,,,,,,,,,,,,,,,,,,,,,,,,,,,,,,,,,,,,,,,,,,,,,,,,,,,,,,,,,,,,,,,,,,,,,,,,,,,,,,,,,,,,,,,,,,,,,,,,,,,,,,,,,,,,,,,,,,,,,,,,,,,,,,,,,,,,,,,,,,,,,,,,,,,,,,,,,,,,,,,,,,,,,,,,,,,,,,,,,,,,,,,,,,,,,,,,,,,,2026-07-11 11:22:46.237,0,,
9826,63,61,10461,1,2187,GARCIA MILLAN,SALMOREJO,SALMOREJO SIN PAN GM 1L,PUNTO SADEAL UNIVERSAL, ,,,,,,,,,NOT_COMPARABLE_MISSING_VALIDATION,1,0,0,,,,,,,,,,,,,,,,,,,,,,,,,,,,,,,,,,,,,,,,,,,,,,,,,,,,,,,,,,,,,,,,,,,,,,,,,,,,,,,,,,,,,,,,,,,,,,,,,,,,,,,,,,,,,,,,,,,,,,,,,,,,,,,,,,,,,,,,,,,,,,,,,,,,,,,,,,,,,,,,,,,,,,,,,,,,,,,,,,,,,,,,,,,,,,,,,,,,,,,,,,,,,,,,2026-07-11 11:22:46.237,0,,
9827,63,61,10461,1,2188,GARCIA MILLAN,SALMOREJO,SALMOREJO SIN PAN GM 1L,RAFAEL OLIAS, ,,,,,,,,,NOT_COMPARABLE_MISSING_VALIDATION,1,0,0,,,,,,,,,,,,,,,,,,,,,,,,,,,,,,,,,,,,,,,,,,,,,,,,,,,,,,,,,,,,,,,,,,,,,,,,,,,,,,,,,,,,,,,,,,,,,,,,,,,,,,,,,,,,,,,,,,,,,,,,,,,,,,,,,,,,,,,,,,,,,,,,,,,,,,,,,,,,,,,,,,,,,,,,,,,,,,,,,,,,,,,,,,,,,,,,,,,,,,,,,,,,,,,,2026-07-11 11:22:46.237,0,,
9828,63,61,10461,1,2189,GARCIA MILLAN,SALMOREJO,SALMOREJO SIN PAN GM 1L,REPRESENTACIONES MAYORAL, ,,,,,,,,,NOT_COMPARABLE_MISSING_VALIDATION,1,0,0,,,,,,,,,,,,,,,,,,,,,,,,,,,,,,,,,,,,,,,,,,,,,,,,,,,,,,,,,,,,,,,,,,,,,,,,,,,,,,,,,,,,,,,,,,,,,,,,,,,,,,,,,,,,,,,,,,,,,,,,,,,,,,,,,,,,,,,,,,,,,,,,,,,,,,,,,,,,,,,,,,,,,,,,,,,,,,,,,,,,,,,,,,,,,,,,,,,,,,,,,,,,,,,,2026-07-11 11:22:46.237,0,,
9829,63,61,10461,1,2190,GARCIA MILLAN,SALMOREJO,SALMOREJO SIN PAN GM 1L,RESTAURANTE MUCHO MAS, ,,,,,,,,,NOT_COMPARABLE_MISSING_VALIDATION,1,0,0,,,,,,,,,,,,,,,,,,,,,,,,,,,,,,,,,,,,,,,,,,,,,,,,,,,,,,,,,,,,,,,,,,,,,,,,,,,,,,,,,,,,,,,,,,,,,,,,,,,,,,,,,,,,,,,,,,,,,,,,,,,,,,,,,,,,,,,,,,,,,,,,,,,,,,,,,,,,,,,,,,,,,,,,,,,,,,,,,,,,,,,,,,,,,,,,,,,,,,,,,,,,,,,,2026-07-11 11:22:46.237,0,,
9830,63,61,10461,1,2191,GARCIA MILLAN,SALMOREJO,SALMOREJO SIN PAN GM 1L,RUIZ GALAN, ,,,,,,,,,NOT_COMPARABLE_MISSING_VALIDATION,1,0,0,,,,,,,,,,,,,,,,,,,,,,,,,,,,,,,,,,,,,,,,,,,,,,,,,,,,,,,,,,,,,,,,,,,,,,,,,,,,,,,,,,,,,,,,,,,,,,,,,,,,,,,,,,,,,,,,,,,,,,,,,,,,,,,,,,,,,,,,,,,,,,,,,,,,,,,,,,,,,,,,,,,,,,,,,,,,,,,,,,,,,,,,,,,,,,,,,,,,,,,,,,,,,,,,2026-07-11 11:22:46.237,0,,
9831,63,61,10461,1,2192,GARCIA MILLAN,SALMOREJO,SALMOREJO SIN PAN GM 1L,SEMARK, ,,,,,,,,,NOT_COMPARABLE_MISSING_VALIDATION,1,0,0,,,,,,,,,,,,,,,,,,,,,,,,,,,,,,,,,,,,,,,,,,,,,,,,,,,,,,,,,,,,,,,,,,,,,,,,,,,,,,,,,,,,,,,,,,,,,,,,,,,,,,,,,,,,,,,,,,,,,,,,,,,,,,,,,,,,,,,,,,,,,,,,,,,,,,,,,,,,,,,,,,,,,,,,,,,,,,,,,,,,,,,,,,,,,,,,,,,,,,,,,,,,,,,,2026-07-11 11:22:46.237,0,,
9832,63,61,10461,1,2193,GARCIA MILLAN,SALMOREJO,SALMOREJO SIN PAN GM 1L,SOALPE, ,,,,,,,,,NOT_COMPARABLE_MISSING_VALIDATION,1,0,0,,,,,,,,,,,,,,,,,,,,,,,,,,,,,,,,,,,,,,,,,,,,,,,,,,,,,,,,,,,,,,,,,,,,,,,,,,,,,,,,,,,,,,,,,,,,,,,,,,,,,,,,,,,,,,,,,,,,,,,,,,,,,,,,,,,,,,,,,,,,,,,,,,,,,,,,,,,,,,,,,,,,,,,,,,,,,,,,,,,,,,,,,,,,,,,,,,,,,,,,,,,,,,,,2026-07-11 11:22:46.237,0,,
9833,63,61,10461,1,2194,GARCIA MILLAN,SALMOREJO,SALMOREJO SIN PAN GM 1L,SUPSA, ,,,,,,,,,NOT_COMPARABLE_MISSING_VALIDATION,1,0,0,,,,,,,,,,,,,,,,,,,,,,,,,,,,,,,,,,,,,,,,,,,,,,,,,,,,,,,,,,,,,,,,,,,,,,,,,,,,,,,,,,,,,,,,,,,,,,,,,,,,,,,,,,,,,,,,,,,,,,,,,,,,,,,,,,,,,,,,,,,,,,,,,,,,,,,,,,,,,,,,,,,,,,,,,,,,,,,,,,,,,,,,,,,,,,,,,,,,,,,,,,,,,,,,2026-07-11 11:22:46.237,0,,
9834,63,61,10461,1,2195,GARCIA MILLAN,SALMOREJO,SALMOREJO SIN PAN GM 1L,TENIS BETIS, ,,,,,,,,,NOT_COMPARABLE_MISSING_VALIDATION,1,0,0,,,,,,,,,,,,,,,,,,,,,,,,,,,,,,,,,,,,,,,,,,,,,,,,,,,,,,,,,,,,,,,,,,,,,,,,,,,,,,,,,,,,,,,,,,,,,,,,,,,,,,,,,,,,,,,,,,,,,,,,,,,,,,,,,,,,,,,,,,,,,,,,,,,,,,,,,,,,,,,,,,,,,,,,,,,,,,,,,,,,,,,,,,,,,,,,,,,,,,,,,,,,,,,,2026-07-11 11:22:46.237,0,,
9835,63,61,10461,1,2196,GARCIA MILLAN,SALMOREJO,SALMOREJO SIN PAN GM 1L,UNIDE, ,,,,,,,,,NOT_COMPARABLE_MISSING_VALIDATION,1,0,0,,,,,,,,,,,,,,,,,,,,,,,,,,,,,,,,,,,,,,,,,,,,,,,,,,,,,,,,,,,,,,,,,,,,,,,,,,,,,,,,,,,,,,,,,,,,,,,,,,,,,,,,,,,,,,,,,,,,,,,,,,,,,,,,,,,,,,,,,,,,,,,,,,,,,,,,,,,,,,,,,,,,,,,,,,,,,,,,,,,,,,,,,,,,,,,,,,,,,,,,,,,,,,,,2026-07-11 11:22:46.237,0,,
9836,63,61,10461,1,2197,GARCIA MILLAN,SALMOREJO,SALMOREJO SIN PAN GM 330ML, , ,,,,,,,,,NOT_COMPARABLE_MISSING_VALIDATION,1,0,0,,,,,,,,,,,,,,,,,,,,,,,,,,,,,,,,,,,,,,,,,,,,,,,,,,,,,,,,,,,,,,,,,,,,,,,,,,,,,,,,,,,,,,,,,,,,,,,,,,,,,,,,,,,,,,,,,,,,,,,,,,,,,,,,,,,,,,,,,,,,,,,,,,,,,,,,,,,,,,,,,,,,,,,,,,,,,,,,,,,,,,,,,,,,,,,,,,,,,,,,,,,,,,,,2026-07-11 11:22:46.237,0,,
"9837,63,61,10461,1,2198,GARCIA MILLAN,SALMOREJO,SALMOREJO SIN PAN GM 330ML,"""", ,,,,,,,,,NOT_COMPARABLE_MISSING_VALIDATION,1,0,0,,,,,,,,,,,,,,,,,,,,,,,,,,,,,,,,,,,,,,,,,,,,,,,,,,,,,,,,,,,,,,,,,,,,,,,,,,,,,,,,,,,,,,,,,,,,,,,,,,,,,,,,,,,,,,,,,,,,,,,,,,,,,,,,,,,,,,,,,,,,,,,,,,,,,,,,,,,,,,,,,,,,,,,,,,,,,,,,,,,,,,,,,,,,,,,,,,,,,,,,,,,,,,,,2026-07-11 11:22:46.237,0,,"
9838,63,61,10461,1,2199,GARCIA MILLAN,SALMOREJO,SALMOREJO SIN PAN GM 330ML,AHORRAMAS, ,,,,,,,,,NOT_COMPARABLE_MISSING_VALIDATION,1,0,0,,,,,,,,,,,,,,,,,,,,,,,,,,,,,,,,,,,,,,,,,,,,,,,,,,,,,,,,,,,,,,,,,,,,,,,,,,,,,,,,,,,,,,,,,,,,,,,,,,,,,,,,,,,,,,,,,,,,,,,,,,,,,,,,,,,,,,,,,,,,,,,,,,,,,,,,,,,,,,,,,,,,,,,,,,,,,,,,,,,,,,,,,,,,,,,,,,,,,,,,,,,,,,,,2026-07-11 11:22:46.237,0,,
9839,63,61,10461,1,2200,GARCIA MILLAN,SALMOREJO,SALMOREJO SIN PAN GM 330ML,CARREFOUR, ,,,,,,,,,NOT_COMPARABLE_MISSING_VALIDATION,1,0,0,,,,,,,,,,,,,,,,,,,,,,,,,,,,,,,,,,,,,,,,,,,,,,,,,,,,,,,,,,,,,,,,,,,,,,,,,,,,,,,,,,,,,,,,,,,,,,,,,,,,,,,,,,,,,,,,,,,,,,,,,,,,,,,,,,,,,,,,,,,,,,,,,,,,,,,,,,,,,,,,,,,,,,,,,,,,,,,,,,,,,,,,,,,,,,,,,,,,,,,,,,,,,,,,2026-07-11 11:22:46.237,0,,
9840,63,61,10461,1,2201,GARCIA MILLAN,SALMOREJO,SALMOREJO SIN PAN GM 330ML,CARRION PARADAS, ,,,,,,,,,NOT_COMPARABLE_MISSING_VALIDATION,1,0,0,,,,,,,,,,,,,,,,,,,,,,,,,,,,,,,,,,,,,,,,,,,,,,,,,,,,,,,,,,,,,,,,,,,,,,,,,,,,,,,,,,,,,,,,,,,,,,,,,,,,,,,,,,,,,,,,,,,,,,,,,,,,,,,,,,,,,,,,,,,,,,,,,,,,,,,,,,,,,,,,,,,,,,,,,,,,,,,,,,,,,,,,,,,,,,,,,,,,,,,,,,,,,,,,2026-07-11 11:22:46.237,0,,
9841,63,61,10461,1,2202,GARCIA MILLAN,SALMOREJO,SALMOREJO SIN PAN GM 330ML,CASA MARQUEZ, ,,,,,,,,,NOT_COMPARABLE_MISSING_VALIDATION,1,0,0,,,,,,,,,,,,,,,,,,,,,,,,,,,,,,,,,,,,,,,,,,,,,,,,,,,,,,,,,,,,,,,,,,,,,,,,,,,,,,,,,,,,,,,,,,,,,,,,,,,,,,,,,,,,,,,,,,,,,,,,,,,,,,,,,,,,,,,,,,,,,,,,,,,,,,,,,,,,,,,,,,,,,,,,,,,,,,,,,,,,,,,,,,,,,,,,,,,,,,,,,,,,,,,,2026-07-11 11:22:46.237,0,,
9842,63,61,10461,1,2203,GARCIA MILLAN,SALMOREJO,SALMOREJO SIN PAN GM 330ML,CASH BAREA, ,,,,,,,,,NOT_COMPARABLE_MISSING_VALIDATION,1,0,0,,,,,,,,,,,,,,,,,,,,,,,,,,,,,,,,,,,,,,,,,,,,,,,,,,,,,,,,,,,,,,,,,,,,,,,,,,,,,,,,,,,,,,,,,,,,,,,,,,,,,,,,,,,,,,,,,,,,,,,,,,,,,,,,,,,,,,,,,,,,,,,,,,,,,,,,,,,,,,,,,,,,,,,,,,,,,,,,,,,,,,,,,,,,,,,,,,,,,,,,,,,,,,,,2026-07-11 11:22:46.237,0,,
9843,63,61,10461,1,2204,GARCIA MILLAN,SALMOREJO,SALMOREJO SIN PAN GM 330ML,CLIENTES FRANCIA, ,,,,,,,,,NOT_COMPARABLE_MISSING_VALIDATION,1,0,0,,,,,,,,,,,,,,,,,,,,,,,,,,,,,,,,,,,,,,,,,,,,,,,,,,,,,,,,,,,,,,,,,,,,,,,,,,,,,,,,,,,,,,,,,,,,,,,,,,,,,,,,,,,,,,,,,,,,,,,,,,,,,,,,,,,,,,,,,,,,,,,,,,,,,,,,,,,,,,,,,,,,,,,,,,,,,,,,,,,,,,,,,,,,,,,,,,,,,,,,,,,,,,,,2026-07-11 11:22:46.237,0,,
9844,63,61,10461,1,2205,GARCIA MILLAN,SALMOREJO,SALMOREJO SIN PAN GM 330ML,DEGUSTACIONES, ,,,,,,,,,NOT_COMPARABLE_MISSING_VALIDATION,1,0,0,,,,,,,,,,,,,,,,,,,,,,,,,,,,,,,,,,,,,,,,,,,,,,,,,,,,,,,,,,,,,,,,,,,,,,,,,,,,,,,,,,,,,,,,,,,,,,,,,,,,,,,,,,,,,,,,,,,,,,,,,,,,,,,,,,,,,,,,,,,,,,,,,,,,,,,,,,,,,,,,,,,,,,,,,,,,,,,,,,,,,,,,,,,,,,,,,,,,,,,,,,,,,,,,2026-07-11 11:22:46.237,0,,
9845,63,61,10461,1,2206,GARCIA MILLAN,SALMOREJO,SALMOREJO SIN PAN GM 330ML,DINOSOL, ,,,,,,,,,NOT_COMPARABLE_MISSING_VALIDATION,1,0,0,,,,,,,,,,,,,,,,,,,,,,,,,,,,,,,,,,,,,,,,,,,,,,,,,,,,,,,,,,,,,,,,,,,,,,,,,,,,,,,,,,,,,,,,,,,,,,,,,,,,,,,,,,,,,,,,,,,,,,,,,,,,,,,,,,,,,,,,,,,,,,,,,,,,,,,,,,,,,,,,,,,,,,,,,,,,,,,,,,,,,,,,,,,,,,,,,,,,,,,,,,,,,,,,2026-07-11 11:22:46.237,0,,
9846,63,61,10461,1,2207,GARCIA MILLAN,SALMOREJO,SALMOREJO SIN PAN GM 330ML,DISTRIBUCIONES JTT, ,,,,,,,,,NOT_COMPARABLE_MISSING_VALIDATION,1,0,0,,,,,,,,,,,,,,,,,,,,,,,,,,,,,,,,,,,,,,,,,,,,,,,,,,,,,,,,,,,,,,,,,,,,,,,,,,,,,,,,,,,,,,,,,,,,,,,,,,,,,,,,,,,,,,,,,,,,,,,,,,,,,,,,,,,,,,,,,,,,,,,,,,,,,,,,,,,,,,,,,,,,,,,,,,,,,,,,,,,,,,,,,,,,,,,,,,,,,,,,,,,,,,,,2026-07-11 11:22:46.237,0,,
9847,63,61,10461,1,2208,GARCIA MILLAN,SALMOREJO,SALMOREJO SIN PAN GM 330ML,DONACIONES, ,,,,,,,,,NOT_COMPARABLE_MISSING_VALIDATION,1,0,0,,,,,,,,,,,,,,,,,,,,,,,,,,,,,,,,,,,,,,,,,,,,,,,,,,,,,,,,,,,,,,,,,,,,,,,,,,,,,,,,,,,,,,,,,,,,,,,,,,,,,,,,,,,,,,,,,,,,,,,,,,,,,,,,,,,,,,,,,,,,,,,,,,,,,,,,,,,,,,,,,,,,,,,,,,,,,,,,,,,,,,,,,,,,,,,,,,,,,,,,,,,,,,,,2026-07-11 11:22:46.237,0,,
9848,63,61,10461,1,2209,GARCIA MILLAN,SALMOREJO,SALMOREJO SIN PAN GM 330ML,DRINKS SOL, ,,,,,,,,,NOT_COMPARABLE_MISSING_VALIDATION,1,0,0,,,,,,,,,,,,,,,,,,,,,,,,,,,,,,,,,,,,,,,,,,,,,,,,,,,,,,,,,,,,,,,,,,,,,,,,,,,,,,,,,,,,,,,,,,,,,,,,,,,,,,,,,,,,,,,,,,,,,,,,,,,,,,,,,,,,,,,,,,,,,,,,,,,,,,,,,,,,,,,,,,,,,,,,,,,,,,,,,,,,,,,,,,,,,,,,,,,,,,,,,,,,,,,,2026-07-11 11:22:46.237,0,,
9849,63,61,10461,1,2210,GARCIA MILLAN,SALMOREJO,SALMOREJO SIN PAN GM 330ML,FAMILY CASH, ,,,,,,,,,NOT_COMPARABLE_MISSING_VALIDATION,1,0,0,,,,,,,,,,,,,,,,,,,,,,,,,,,,,,,,,,,,,,,,,,,,,,,,,,,,,,,,,,,,,,,,,,,,,,,,,,,,,,,,,,,,,,,,,,,,,,,,,,,,,,,,,,,,,,,,,,,,,,,,,,,,,,,,,,,,,,,,,,,,,,,,,,,,,,,,,,,,,,,,,,,,,,,,,,,,,,,,,,,,,,,,,,,,,,,,,,,,,,,,,,,,,,,,2026-07-11 11:22:46.237,0,,
9850,63,61,10461,1,2211,GARCIA MILLAN,SALMOREJO,SALMOREJO SIN PAN GM 330ML,FLAVORCRAFT, ,,,,,,,,,NOT_COMPARABLE_MISSING_VALIDATION,1,0,0,,,,,,,,,,,,,,,,,,,,,,,,,,,,,,,,,,,,,,,,,,,,,,,,,,,,,,,,,,,,,,,,,,,,,,,,,,,,,,,,,,,,,,,,,,,,,,,,,,,,,,,,,,,,,,,,,,,,,,,,,,,,,,,,,,,,,,,,,,,,,,,,,,,,,,,,,,,,,,,,,,,,,,,,,,,,,,,,,,,,,,,,,,,,,,,,,,,,,,,,,,,,,,,,2026-07-11 11:22:46.237,0,,
9851,63,61,10461,1,2212,GARCIA MILLAN,SALMOREJO,SALMOREJO SIN PAN GM 330ML,GARIZUR, ,,,,,,,,,NOT_COMPARABLE_MISSING_VALIDATION,1,0,0,,,,,,,,,,,,,,,,,,,,,,,,,,,,,,,,,,,,,,,,,,,,,,,,,,,,,,,,,,,,,,,,,,,,,,,,,,,,,,,,,,,,,,,,,,,,,,,,,,,,,,,,,,,,,,,,,,,,,,,,,,,,,,,,,,,,,,,,,,,,,,,,,,,,,,,,,,,,,,,,,,,,,,,,,,,,,,,,,,,,,,,,,,,,,,,,,,,,,,,,,,,,,,,,2026-07-11 11:22:46.237,0,,
9852,63,61,10461,1,2213,GARCIA MILLAN,SALMOREJO,SALMOREJO SIN PAN GM 330ML,GRUPO AUCHAN, ,,,,,,,,,NOT_COMPARABLE_MISSING_VALIDATION,1,0,0,,,,,,,,,,,,,,,,,,,,,,,,,,,,,,,,,,,,,,,,,,,,,,,,,,,,,,,,,,,,,,,,,,,,,,,,,,,,,,,,,,,,,,,,,,,,,,,,,,,,,,,,,,,,,,,,,,,,,,,,,,,,,,,,,,,,,,,,,,,,,,,,,,,,,,,,,,,,,,,,,,,,,,,,,,,,,,,,,,,,,,,,,,,,,,,,,,,,,,,,,,,,,,,,2026-07-11 11:22:46.237,0,,
9853,63,61,10461,1,2214,GARCIA MILLAN,SALMOREJO,SALMOREJO SIN PAN GM 330ML,GRUPO EROSKI, ,,,,,,,,,NOT_COMPARABLE_MISSING_VALIDATION,1,0,0,,,,,,,,,,,,,,,,,,,,,,,,,,,,,,,,,,,,,,,,,,,,,,,,,,,,,,,,,,,,,,,,,,,,,,,,,,,,,,,,,,,,,,,,,,,,,,,,,,,,,,,,,,,,,,,,,,,,,,,,,,,,,,,,,,,,,,,,,,,,,,,,,,,,,,,,,,,,,,,,,,,,,,,,,,,,,,,,,,,,,,,,,,,,,,,,,,,,,,,,,,,,,,,,2026-07-11 11:22:46.237,0,,
9854,63,61,10461,1,2215,GARCIA MILLAN,SALMOREJO,SALMOREJO SIN PAN GM 330ML,HERMANOS MARTIN, ,,,,,,,,,NOT_COMPARABLE_MISSING_VALIDATION,1,0,0,,,,,,,,,,,,,,,,,,,,,,,,,,,,,,,,,,,,,,,,,,,,,,,,,,,,,,,,,,,,,,,,,,,,,,,,,,,,,,,,,,,,,,,,,,,,,,,,,,,,,,,,,,,,,,,,,,,,,,,,,,,,,,,,,,,,,,,,,,,,,,,,,,,,,,,,,,,,,,,,,,,,,,,,,,,,,,,,,,,,,,,,,,,,,,,,,,,,,,,,,,,,,,,,2026-07-11 11:22:46.237,0,,
9855,63,61,10461,1,2216,GARCIA MILLAN,SALMOREJO,SALMOREJO SIN PAN GM 330ML,HIPERBER, ,,,,,,,,,NOT_COMPARABLE_MISSING_VALIDATION,1,0,0,,,,,,,,,,,,,,,,,,,,,,,,,,,,,,,,,,,,,,,,,,,,,,,,,,,,,,,,,,,,,,,,,,,,,,,,,,,,,,,,,,,,,,,,,,,,,,,,,,,,,,,,,,,,,,,,,,,,,,,,,,,,,,,,,,,,,,,,,,,,,,,,,,,,,,,,,,,,,,,,,,,,,,,,,,,,,,,,,,,,,,,,,,,,,,,,,,,,,,,,,,,,,,,,2026-07-11 11:22:46.237,0,,
9856,63,61,10461,1,2217,GARCIA MILLAN,SALMOREJO,SALMOREJO SIN PAN GM 330ML,LOSAN DISTRIBUCIONES, ,,,,,,,,,NOT_COMPARABLE_MISSING_VALIDATION,1,0,0,,,,,,,,,,,,,,,,,,,,,,,,,,,,,,,,,,,,,,,,,,,,,,,,,,,,,,,,,,,,,,,,,,,,,,,,,,,,,,,,,,,,,,,,,,,,,,,,,,,,,,,,,,,,,,,,,,,,,,,,,,,,,,,,,,,,,,,,,,,,,,,,,,,,,,,,,,,,,,,,,,,,,,,,,,,,,,,,,,,,,,,,,,,,,,,,,,,,,,,,,,,,,,,,2026-07-11 11:22:46.237,0,,
9857,63,61,10461,1,2218,GARCIA MILLAN,SALMOREJO,SALMOREJO SIN PAN GM 330ML,LUIS PIÃ‘A, ,,,,,,,,,NOT_COMPARABLE_MISSING_VALIDATION,1,0,0,,,,,,,,,,,,,,,,,,,,,,,,,,,,,,,,,,,,,,,,,,,,,,,,,,,,,,,,,,,,,,,,,,,,,,,,,,,,,,,,,,,,,,,,,,,,,,,,,,,,,,,,,,,,,,,,,,,,,,,,,,,,,,,,,,,,,,,,,,,,,,,,,,,,,,,,,,,,,,,,,,,,,,,,,,,,,,,,,,,,,,,,,,,,,,,,,,,,,,,,,,,,,,,,2026-07-11 11:22:46.237,0,,
9858,63,61,10461,1,2219,GARCIA MILLAN,SALMOREJO,SALMOREJO SIN PAN GM 330ML,MOEVE, ,,,,,,,,,NOT_COMPARABLE_MISSING_VALIDATION,1,0,0,,,,,,,,,,,,,,,,,,,,,,,,,,,,,,,,,,,,,,,,,,,,,,,,,,,,,,,,,,,,,,,,,,,,,,,,,,,,,,,,,,,,,,,,,,,,,,,,,,,,,,,,,,,,,,,,,,,,,,,,,,,,,,,,,,,,,,,,,,,,,,,,,,,,,,,,,,,,,,,,,,,,,,,,,,,,,,,,,,,,,,,,,,,,,,,,,,,,,,,,,,,,,,,,2026-07-11 11:22:46.237,0,,
9859,63,61,10461,1,2220,GARCIA MILLAN,SALMOREJO,SALMOREJO SIN PAN GM 330ML,MOISES MUÃ‘OZ E HIJOS, ,,,,,,,,,NOT_COMPARABLE_MISSING_VALIDATION,1,0,0,,,,,,,,,,,,,,,,,,,,,,,,,,,,,,,,,,,,,,,,,,,,,,,,,,,,,,,,,,,,,,,,,,,,,,,,,,,,,,,,,,,,,,,,,,,,,,,,,,,,,,,,,,,,,,,,,,,,,,,,,,,,,,,,,,,,,,,,,,,,,,,,,,,,,,,,,,,,,,,,,,,,,,,,,,,,,,,,,,,,,,,,,,,,,,,,,,,,,,,,,,,,,,,,2026-07-11 11:22:46.237,0,,
9860,63,61,10461,1,2221,GARCIA MILLAN,SALMOREJO,SALMOREJO SIN PAN GM 330ML,MUESTRAS, ,,,,,,,,,NOT_COMPARABLE_MISSING_VALIDATION,1,0,0,,,,,,,,,,,,,,,,,,,,,,,,,,,,,,,,,,,,,,,,,,,,,,,,,,,,,,,,,,,,,,,,,,,,,,,,,,,,,,,,,,,,,,,,,,,,,,,,,,,,,,,,,,,,,,,,,,,,,,,,,,,,,,,,,,,,,,,,,,,,,,,,,,,,,,,,,,,,,,,,,,,,,,,,,,,,,,,,,,,,,,,,,,,,,,,,,,,,,,,,,,,,,,,,2026-07-11 11:22:46.237,0,,
9861,63,61,10461,1,2222,GARCIA MILLAN,SALMOREJO,SALMOREJO SIN PAN GM 330ML,PARQUE ISLA MAGICA, ,,,,,,,,,NOT_COMPARABLE_MISSING_VALIDATION,1,0,0,,,,,,,,,,,,,,,,,,,,,,,,,,,,,,,,,,,,,,,,,,,,,,,,,,,,,,,,,,,,,,,,,,,,,,,,,,,,,,,,,,,,,,,,,,,,,,,,,,,,,,,,,,,,,,,,,,,,,,,,,,,,,,,,,,,,,,,,,,,,,,,,,,,,,,,,,,,,,,,,,,,,,,,,,,,,,,,,,,,,,,,,,,,,,,,,,,,,,,,,,,,,,,,,2026-07-11 11:22:46.237,0,,
9862,63,61,10461,1,2223,GARCIA MILLAN,SALMOREJO,SALMOREJO SIN PAN GM 330ML,PRIMAPRIX, ,,,,,,,,,NOT_COMPARABLE_MISSING_VALIDATION,1,0,0,,,,,,,,,,,,,,,,,,,,,,,,,,,,,,,,,,,,,,,,,,,,,,,,,,,,,,,,,,,,,,,,,,,,,,,,,,,,,,,,,,,,,,,,,,,,,,,,,,,,,,,,,,,,,,,,,,,,,,,,,,,,,,,,,,,,,,,,,,,,,,,,,,,,,,,,,,,,,,,,,,,,,,,,,,,,,,,,,,,,,,,,,,,,,,,,,,,,,,,,,,,,,,,,2026-07-11 11:22:46.237,0,,
"9863,63,61,10461,1,2225,GARCIA MILLAN,GAZPACHO,GAZPACHO FRESON GM 750ML,"""",,,,,,,,,,NOT_COMPARABLE_MISSING_VALIDATION,1,1,0,,,,,,,,,,,,,,,,,,,,,,,,,,,,,,,,,,,,,,,,,,,,,,,,,,,,,,,,,,,,,,,,,,,,,,,,,,,,,,,,,,,,,,,,,,,,,,,,,,,,,,,,,,,,,,,,,,,,,,,,,,,,,,,,,,,,,,,,,,,,,,,,,,,,,,,,,,,,,,,,,,,,,,,,,,,,,,,,,,,,,,,,,,,,,,,,,,,,,,,,,,,,,,,,2026-07-11 11:22:46.237,0,,"
9864,63,61,10461,1,2226,GARCIA MILLAN,GAZPACHO,GAZPACHO FRESON GM 750ML,AHORRAMAS,,,,,,,,,,NOT_COMPARABLE_MISSING_VALIDATION,1,1,0,,,,,,,,,,,,,,,,,,,,,,,,,,,,,,,,,,,,,,,,,,,,,,,,,,,,,,,,,,,,,,,,,,,,,,,,,,,,,,,,,,,,,,,,,,,,,,,,,,,,,,,,,,,,,,,,,,,,,,,,,,,,,,,,,,,,,,,,,,,,,,,,,,,,,,,,,,,,,,,,,,,,,,,,,,,,,,,,,,,,,,,,,,,,,,,,,,,,,,,,,,,,,,,,2026-07-11 11:22:46.237,0,,
9865,63,61,10461,1,2227,GARCIA MILLAN,GAZPACHO,GAZPACHO FRESON GM 750ML,BON PREU,,,,,,,,,,NOT_COMPARABLE_MISSING_VALIDATION,1,1,0,,,,,,,,,,,,,,,,,,,,,,,,,,,,,,,,,,,,,,,,,,,,,,,,,,,,,,,,,,,,,,,,,,,,,,,,,,,,,,,,,,,,,,,,,,,,,,,,,,,,,,,,,,,,,,,,,,,,,,,,,,,,,,,,,,,,,,,,,,,,,,,,,,,,,,,,,,,,,,,,,,,,,,,,,,,,,,,,,,,,,,,,,,,,,,,,,,,,,,,,,,,,,,,,2026-07-11 11:22:46.237,0,,
9866,63,61,10461,1,2228,GARCIA MILLAN,GAZPACHO,GAZPACHO FRESON GM 750ML,CARO RUIZ,,,,,,,,,,NOT_COMPARABLE_MISSING_VALIDATION,1,1,0,,,,,,,,,,,,,,,,,,,,,,,,,,,,,,,,,,,,,,,,,,,,,,,,,,,,,,,,,,,,,,,,,,,,,,,,,,,,,,,,,,,,,,,,,,,,,,,,,,,,,,,,,,,,,,,,,,,,,,,,,,,,,,,,,,,,,,,,,,,,,,,,,,,,,,,,,,,,,,,,,,,,,,,,,,,,,,,,,,,,,,,,,,,,,,,,,,,,,,,,,,,,,,,,2026-07-11 11:22:46.237,0,,NoForecastRowsMaterialized
9867,63,61,10461,1,2229,GARCIA MILLAN,GAZPACHO,GAZPACHO FRESON GM 750ML,CARREFOUR,,,,,,,,,,NOT_COMPARABLE_MISSING_VALIDATION,1,1,0,,,,,,,,,,,,,,,,,,,,,,,,,,,,,,,,,,,,,,,,,,,,,,,,,,,,,,,,,,,,,,,,,,,,,,,,,,,,,,,,,,,,,,,,,,,,,,,,,,,,,,,,,,,,,,,,,,,,,,,,,,,,,,,,,,,,,,,,,,,,,,,,,,,,,,,,,,,,,,,,,,,,,,,,,,,,,,,,,,,,,,,,,,,,,,,,,,,,,,,,,,,,,,,,2026-07-11 11:22:46.237,0,,
9868,63,61,10461,1,2230,GARCIA MILLAN,GAZPACHO,GAZPACHO FRESON GM 750ML,CARRION PARADAS,,,,,,,,,,NOT_COMPARABLE_MISSING_VALIDATION,1,1,0,,,,,,,,,,,,,,,,,,,,,,,,,,,,,,,,,,,,,,,,,,,,,,,,,,,,,,,,,,,,,,,,,,,,,,,,,,,,,,,,,,,,,,,,,,,,,,,,,,,,,,,,,,,,,,,,,,,,,,,,,,,,,,,,,,,,,,,,,,,,,,,,,,,,,,,,,,,,,,,,,,,,,,,,,,,,,,,,,,,,,,,,,,,,,,,,,,,,,,,,,,,,,,,,2026-07-11 11:22:46.237,0,,
9869,63,61,10461,1,2231,GARCIA MILLAN,GAZPACHO,GAZPACHO FRESON GM 750ML,CASH BAREA,,,,,,,,,,NOT_COMPARABLE_MISSING_VALIDATION,1,1,0,,,,,,,,,,,,,,,,,,,,,,,,,,,,,,,,,,,,,,,,,,,,,,,,,,,,,,,,,,,,,,,,,,,,,,,,,,,,,,,,,,,,,,,,,,,,,,,,,,,,,,,,,,,,,,,,,,,,,,,,,,,,,,,,,,,,,,,,,,,,,,,,,,,,,,,,,,,,,,,,,,,,,,,,,,,,,,,,,,,,,,,,,,,,,,,,,,,,,,,,,,,,,,,,2026-07-11 11:22:46.237,0,,
9870,63,61,10461,1,2232,GARCIA MILLAN,GAZPACHO,GAZPACHO FRESON GM 750ML,CATERING DOMENICO,,,,,,,,,,NOT_COMPARABLE_MISSING_VALIDATION,1,1,0,,,,,,,,,,,,,,,,,,,,,,,,,,,,,,,,,,,,,,,,,,,,,,,,,,,,,,,,,,,,,,,,,,,,,,,,,,,,,,,,,,,,,,,,,,,,,,,,,,,,,,,,,,,,,,,,,,,,,,,,,,,,,,,,,,,,,,,,,,,,,,,,,,,,,,,,,,,,,,,,,,,,,,,,,,,,,,,,,,,,,,,,,,,,,,,,,,,,,,,,,,,,,,,,2026-07-11 11:22:46.237,0,,
9871,63,61,10461,1,2233,GARCIA MILLAN,GAZPACHO,GAZPACHO FRESON GM 750ML,CEIP MANUEL ALTOLAGUIRRE,,,,,,,,,,NOT_COMPARABLE_MISSING_VALIDATION,1,1,0,,,,,,,,,,,,,,,,,,,,,,,,,,,,,,,,,,,,,,,,,,,,,,,,,,,,,,,,,,,,,,,,,,,,,,,,,,,,,,,,,,,,,,,,,,,,,,,,,,,,,,,,,,,,,,,,,,,,,,,,,,,,,,,,,,,,,,,,,,,,,,,,,,,,,,,,,,,,,,,,,,,,,,,,,,,,,,,,,,,,,,,,,,,,,,,,,,,,,,,,,,,,,,,,2026-07-11 11:22:46.237,0,,
9872,63,61,10461,1,2234,GARCIA MILLAN,GAZPACHO,GAZPACHO FRESON GM 750ML,CLIENTES FRANCIA,,,,,,,,,,NOT_COMPARABLE_MISSING_VALIDATION,1,1,0,,,,,,,,,,,,,,,,,,,,,,,,,,,,,,,,,,,,,,,,,,,,,,,,,,,,,,,,,,,,,,,,,,,,,,,,,,,,,,,,,,,,,,,,,,,,,,,,,,,,,,,,,,,,,,,,,,,,,,,,,,,,,,,,,,,,,,,,,,,,,,,,,,,,,,,,,,,,,,,,,,,,,,,,,,,,,,,,,,,,,,,,,,,,,,,,,,,,,,,,,,,,,,,,2026-07-11 11:22:46.237,0,,
9873,63,61,10461,1,2235,GARCIA MILLAN,GAZPACHO,GAZPACHO FRESON GM 750ML,CONDIS,,,,,,,,,,NOT_COMPARABLE_MISSING_VALIDATION,1,1,0,,,,,,,,,,,,,,,,,,,,,,,,,,,,,,,,,,,,,,,,,,,,,,,,,,,,,,,,,,,,,,,,,,,,,,,,,,,,,,,,,,,,,,,,,,,,,,,,,,,,,,,,,,,,,,,,,,,,,,,,,,,,,,,,,,,,,,,,,,,,,,,,,,,,,,,,,,,,,,,,,,,,,,,,,,,,,,,,,,,,,,,,,,,,,,,,,,,,,,,,,,,,,,,,2026-07-11 11:22:46.237,0,,
9874,63,61,10461,1,2236,GARCIA MILLAN,GAZPACHO,GAZPACHO FRESON GM 750ML,DINOSOL,,,,,,,,,,NOT_COMPARABLE_MISSING_VALIDATION,1,1,0,,,,,,,,,,,,,,,,,,,,,,,,,,,,,,,,,,,,,,,,,,,,,,,,,,,,,,,,,,,,,,,,,,,,,,,,,,,,,,,,,,,,,,,,,,,,,,,,,,,,,,,,,,,,,,,,,,,,,,,,,,,,,,,,,,,,,,,,,,,,,,,,,,,,,,,,,,,,,,,,,,,,,,,,,,,,,,,,,,,,,,,,,,,,,,,,,,,,,,,,,,,,,,,,2026-07-11 11:22:46.237,0,,
9875,63,61,10461,1,2237,GARCIA MILLAN,GAZPACHO,GAZPACHO FRESON GM 750ML,DISTRIBUCIONES CARDOSO,,,,,,,,,,NOT_COMPARABLE_MISSING_VALIDATION,1,1,0,,,,,,,,,,,,,,,,,,,,,,,,,,,,,,,,,,,,,,,,,,,,,,,,,,,,,,,,,,,,,,,,,,,,,,,,,,,,,,,,,,,,,,,,,,,,,,,,,,,,,,,,,,,,,,,,,,,,,,,,,,,,,,,,,,,,,,,,,,,,,,,,,,,,,,,,,,,,,,,,,,,,,,,,,,,,,,,,,,,,,,,,,,,,,,,,,,,,,,,,,,,,,,,,2026-07-11 11:22:46.237,0,,
9876,63,61,10461,1,2238,GARCIA MILLAN,GAZPACHO,GAZPACHO FRESON GM 750ML,DISTRIBUCIONES JTT,,,,,,,,,,NOT_COMPARABLE_MISSING_VALIDATION,1,1,0,,,,,,,,,,,,,,,,,,,,,,,,,,,,,,,,,,,,,,,,,,,,,,,,,,,,,,,,,,,,,,,,,,,,,,,,,,,,,,,,,,,,,,,,,,,,,,,,,,,,,,,,,,,,,,,,,,,,,,,,,,,,,,,,,,,,,,,,,,,,,,,,,,,,,,,,,,,,,,,,,,,,,,,,,,,,,,,,,,,,,,,,,,,,,,,,,,,,,,,,,,,,,,,,2026-07-11 11:22:46.237,0,,
9877,63,61,10461,1,2239,GARCIA MILLAN,GAZPACHO,GAZPACHO FRESON GM 750ML,DONACIONES,,,,,,,,,,NOT_COMPARABLE_MISSING_VALIDATION,1,1,0,,,,,,,,,,,,,,,,,,,,,,,,,,,,,,,,,,,,,,,,,,,,,,,,,,,,,,,,,,,,,,,,,,,,,,,,,,,,,,,,,,,,,,,,,,,,,,,,,,,,,,,,,,,,,,,,,,,,,,,,,,,,,,,,,,,,,,,,,,,,,,,,,,,,,,,,,,,,,,,,,,,,,,,,,,,,,,,,,,,,,,,,,,,,,,,,,,,,,,,,,,,,,,,,2026-07-11 11:22:46.237,0,,NoForecastRowsMaterialized
9878,63,61,10461,1,2240,GARCIA MILLAN,GAZPACHO,GAZPACHO FRESON GM 750ML,DRINKS SOL,,,,,,,,,,NOT_COMPARABLE_MISSING_VALIDATION,1,1,0,,,,,,,,,,,,,,,,,,,,,,,,,,,,,,,,,,,,,,,,,,,,,,,,,,,,,,,,,,,,,,,,,,,,,,,,,,,,,,,,,,,,,,,,,,,,,,,,,,,,,,,,,,,,,,,,,,,,,,,,,,,,,,,,,,,,,,,,,,,,,,,,,,,,,,,,,,,,,,,,,,,,,,,,,,,,,,,,,,,,,,,,,,,,,,,,,,,,,,,,,,,,,,,,2026-07-11 11:22:46.237,0,,NoForecastRowsMaterialized
9879,63,61,10461,1,2241,GARCIA MILLAN,GAZPACHO,GAZPACHO FRESON GM 750ML,ECOMORA,,,,,,,,,,NOT_COMPARABLE_MISSING_VALIDATION,1,1,0,,,,,,,,,,,,,,,,,,,,,,,,,,,,,,,,,,,,,,,,,,,,,,,,,,,,,,,,,,,,,,,,,,,,,,,,,,,,,,,,,,,,,,,,,,,,,,,,,,,,,,,,,,,,,,,,,,,,,,,,,,,,,,,,,,,,,,,,,,,,,,,,,,,,,,,,,,,,,,,,,,,,,,,,,,,,,,,,,,,,,,,,,,,,,,,,,,,,,,,,,,,,,,,,2026-07-11 11:22:46.237,0,,
9880,63,61,10461,1,2242,GARCIA MILLAN,GAZPACHO,GAZPACHO FRESON GM 750ML,EL CORTE INGLES,,,,,,,,,,NOT_COMPARABLE_MISSING_VALIDATION,1,1,0,,,,,,,,,,,,,,,,,,,,,,,,,,,,,,,,,,,,,,,,,,,,,,,,,,,,,,,,,,,,,,,,,,,,,,,,,,,,,,,,,,,,,,,,,,,,,,,,,,,,,,,,,,,,,,,,,,,,,,,,,,,,,,,,,,,,,,,,,,,,,,,,,,,,,,,,,,,,,,,,,,,,,,,,,,,,,,,,,,,,,,,,,,,,,,,,,,,,,,,,,,,,,,,,2026-07-11 11:22:46.237,0,,
9881,63,61,10461,1,2243,GARCIA MILLAN,GAZPACHO,GAZPACHO FRESON GM 750ML,ESTABLECIMIENTOS PLAZA,,,,,,,,,,NOT_COMPARABLE_MISSING_VALIDATION,1,1,0,,,,,,,,,,,,,,,,,,,,,,,,,,,,,,,,,,,,,,,,,,,,,,,,,,,,,,,,,,,,,,,,,,,,,,,,,,,,,,,,,,,,,,,,,,,,,,,,,,,,,,,,,,,,,,,,,,,,,,,,,,,,,,,,,,,,,,,,,,,,,,,,,,,,,,,,,,,,,,,,,,,,,,,,,,,,,,,,,,,,,,,,,,,,,,,,,,,,,,,,,,,,,,,,2026-07-11 11:22:46.237,0,,
9882,63,61,10461,1,2244,GARCIA MILLAN,GAZPACHO,GAZPACHO FRESON GM 750ML,EXCLUSIVAS SEYGO,,,,,,,,,,NOT_COMPARABLE_MISSING_VALIDATION,1,1,0,,,,,,,,,,,,,,,,,,,,,,,,,,,,,,,,,,,,,,,,,,,,,,,,,,,,,,,,,,,,,,,,,,,,,,,,,,,,,,,,,,,,,,,,,,,,,,,,,,,,,,,,,,,,,,,,,,,,,,,,,,,,,,,,,,,,,,,,,,,,,,,,,,,,,,,,,,,,,,,,,,,,,,,,,,,,,,,,,,,,,,,,,,,,,,,,,,,,,,,,,,,,,,,,2026-07-11 11:22:46.237,0,,NoForecastRowsMaterialized
9883,63,61,10461,1,2245,GARCIA MILLAN,GAZPACHO,GAZPACHO FRESON GM 750ML,FACSA,,,,,,,,,,NOT_COMPARABLE_MISSING_VALIDATION,1,1,0,,,,,,,,,,,,,,,,,,,,,,,,,,,,,,,,,,,,,,,,,,,,,,,,,,,,,,,,,,,,,,,,,,,,,,,,,,,,,,,,,,,,,,,,,,,,,,,,,,,,,,,,,,,,,,,,,,,,,,,,,,,,,,,,,,,,,,,,,,,,,,,,,,,,,,,,,,,,,,,,,,,,,,,,,,,,,,,,,,,,,,,,,,,,,,,,,,,,,,,,,,,,,,,,2026-07-11 11:22:46.237,0,,
9884,63,61,10461,1,2246,GARCIA MILLAN,GAZPACHO,GAZPACHO FRESON GM 750ML,FAMILY CASH,,,,,,,,,,NOT_COMPARABLE_MISSING_VALIDATION,1,1,0,,,,,,,,,,,,,,,,,,,,,,,,,,,,,,,,,,,,,,,,,,,,,,,,,,,,,,,,,,,,,,,,,,,,,,,,,,,,,,,,,,,,,,,,,,,,,,,,,,,,,,,,,,,,,,,,,,,,,,,,,,,,,,,,,,,,,,,,,,,,,,,,,,,,,,,,,,,,,,,,,,,,,,,,,,,,,,,,,,,,,,,,,,,,,,,,,,,,,,,,,,,,,,,,2026-07-11 11:22:46.237,0,,
9885,63,61,10461,1,2247,GARCIA MILLAN,GAZPACHO,GAZPACHO FRESON GM 750ML,FRUTAS MORA QUALITY,,,,,,,,,,NOT_COMPARABLE_MISSING_VALIDATION,1,1,0,,,,,,,,,,,,,,,,,,,,,,,,,,,,,,,,,,,,,,,,,,,,,,,,,,,,,,,,,,,,,,,,,,,,,,,,,,,,,,,,,,,,,,,,,,,,,,,,,,,,,,,,,,,,,,,,,,,,,,,,,,,,,,,,,,,,,,,,,,,,,,,,,,,,,,,,,,,,,,,,,,,,,,,,,,,,,,,,,,,,,,,,,,,,,,,,,,,,,,,,,,,,,,,,2026-07-11 11:22:46.237,0,,
9886,63,61,10461,1,2248,GARCIA MILLAN,GAZPACHO,GAZPACHO FRESON GM 750ML,GADISA,,,,,,,,,,NOT_COMPARABLE_MISSING_VALIDATION,1,1,0,,,,,,,,,,,,,,,,,,,,,,,,,,,,,,,,,,,,,,,,,,,,,,,,,,,,,,,,,,,,,,,,,,,,,,,,,,,,,,,,,,,,,,,,,,,,,,,,,,,,,,,,,,,,,,,,,,,,,,,,,,,,,,,,,,,,,,,,,,,,,,,,,,,,,,,,,,,,,,,,,,,,,,,,,,,,,,,,,,,,,,,,,,,,,,,,,,,,,,,,,,,,,,,,2026-07-11 11:22:46.237,0,,
9887,63,61,10461,1,2249,GARCIA MILLAN,GAZPACHO,GAZPACHO FRESON GM 750ML,GARIZUR,,,,,,,,,,NOT_COMPARABLE_MISSING_VALIDATION,1,1,0,,,,,,,,,,,,,,,,,,,,,,,,,,,,,,,,,,,,,,,,,,,,,,,,,,,,,,,,,,,,,,,,,,,,,,,,,,,,,,,,,,,,,,,,,,,,,,,,,,,,,,,,,,,,,,,,,,,,,,,,,,,,,,,,,,,,,,,,,,,,,,,,,,,,,,,,,,,,,,,,,,,,,,,,,,,,,,,,,,,,,,,,,,,,,,,,,,,,,,,,,,,,,,,,2026-07-11 11:22:46.237,0,,
9888,63,61,10461,1,2250,GARCIA MILLAN,GAZPACHO,GAZPACHO FRESON GM 750ML,GB FOODSERVICE,,,,,,,,,,NOT_COMPARABLE_MISSING_VALIDATION,1,1,0,,,,,,,,,,,,,,,,,,,,,,,,,,,,,,,,,,,,,,,,,,,,,,,,,,,,,,,,,,,,,,,,,,,,,,,,,,,,,,,,,,,,,,,,,,,,,,,,,,,,,,,,,,,,,,,,,,,,,,,,,,,,,,,,,,,,,,,,,,,,,,,,,,,,,,,,,,,,,,,,,,,,,,,,,,,,,,,,,,,,,,,,,,,,,,,,,,,,,,,,,,,,,,,,2026-07-11 11:22:46.237,0,,NoForecastRowsMaterialized
9889,63,61,10461,1,2251,GARCIA MILLAN,GAZPACHO,GAZPACHO FRESON GM 750ML,GRUPO AUCHAN,,,,,,,,,,NOT_COMPARABLE_MISSING_VALIDATION,1,1,0,,,,,,,,,,,,,,,,,,,,,,,,,,,,,,,,,,,,,,,,,,,,,,,,,,,,,,,,,,,,,,,,,,,,,,,,,,,,,,,,,,,,,,,,,,,,,,,,,,,,,,,,,,,,,,,,,,,,,,,,,,,,,,,,,,,,,,,,,,,,,,,,,,,,,,,,,,,,,,,,,,,,,,,,,,,,,,,,,,,,,,,,,,,,,,,,,,,,,,,,,,,,,,,,2026-07-11 11:22:46.237,0,,
9890,63,61,10461,1,2252,GARCIA MILLAN,GAZPACHO,GAZPACHO FRESON GM 750ML,GRUPO EL JAMON,,,,,,,,,,NOT_COMPARABLE_MISSING_VALIDATION,1,1,0,,,,,,,,,,,,,,,,,,,,,,,,,,,,,,,,,,,,,,,,,,,,,,,,,,,,,,,,,,,,,,,,,,,,,,,,,,,,,,,,,,,,,,,,,,,,,,,,,,,,,,,,,,,,,,,,,,,,,,,,,,,,,,,,,,,,,,,,,,,,,,,,,,,,,,,,,,,,,,,,,,,,,,,,,,,,,,,,,,,,,,,,,,,,,,,,,,,,,,,,,,,,,,,,2026-07-11 11:22:46.237,0,,
9891,63,61,10461,1,2253,GARCIA MILLAN,GAZPACHO,GAZPACHO FRESON GM 750ML,GRUPO EROSKI,,,,,,,,,,NOT_COMPARABLE_MISSING_VALIDATION,1,1,0,,,,,,,,,,,,,,,,,,,,,,,,,,,,,,,,,,,,,,,,,,,,,,,,,,,,,,,,,,,,,,,,,,,,,,,,,,,,,,,,,,,,,,,,,,,,,,,,,,,,,,,,,,,,,,,,,,,,,,,,,,,,,,,,,,,,,,,,,,,,,,,,,,,,,,,,,,,,,,,,,,,,,,,,,,,,,,,,,,,,,,,,,,,,,,,,,,,,,,,,,,,,,,,,2026-07-11 11:22:46.237,0,,
9892,63,61,10461,1,2254,GARCIA MILLAN,GAZPACHO,GAZPACHO FRESON GM 750ML,GSG BUSSINES,,,,,,,,,,NOT_COMPARABLE_MISSING_VALIDATION,1,1,0,,,,,,,,,,,,,,,,,,,,,,,,,,,,,,,,,,,,,,,,,,,,,,,,,,,,,,,,,,,,,,,,,,,,,,,,,,,,,,,,,,,,,,,,,,,,,,,,,,,,,,,,,,,,,,,,,,,,,,,,,,,,,,,,,,,,,,,,,,,,,,,,,,,,,,,,,,,,,,,,,,,,,,,,,,,,,,,,,,,,,,,,,,,,,,,,,,,,,,,,,,,,,,,,2026-07-11 11:22:46.237,0,,
9893,63,61,10461,1,2255,GARCIA MILLAN,GAZPACHO,GAZPACHO FRESON GM 750ML,HERMANOS MARTIN,,,,,,,,,,NOT_COMPARABLE_MISSING_VALIDATION,1,1,0,,,,,,,,,,,,,,,,,,,,,,,,,,,,,,,,,,,,,,,,,,,,,,,,,,,,,,,,,,,,,,,,,,,,,,,,,,,,,,,,,,,,,,,,,,,,,,,,,,,,,,,,,,,,,,,,,,,,,,,,,,,,,,,,,,,,,,,,,,,,,,,,,,,,,,,,,,,,,,,,,,,,,,,,,,,,,,,,,,,,,,,,,,,,,,,,,,,,,,,,,,,,,,,,2026-07-11 11:22:46.237,0,,
9894,63,61,10461,1,2256,GARCIA MILLAN,GAZPACHO,GAZPACHO FRESON GM 750ML,HIPER USERA,,,,,,,,,,NOT_COMPARABLE_MISSING_VALIDATION,1,1,0,,,,,,,,,,,,,,,,,,,,,,,,,,,,,,,,,,,,,,,,,,,,,,,,,,,,,,,,,,,,,,,,,,,,,,,,,,,,,,,,,,,,,,,,,,,,,,,,,,,,,,,,,,,,,,,,,,,,,,,,,,,,,,,,,,,,,,,,,,,,,,,,,,,,,,,,,,,,,,,,,,,,,,,,,,,,,,,,,,,,,,,,,,,,,,,,,,,,,,,,,,,,,,,,2026-07-11 11:22:46.237,0,,
9895,63,61,10461,1,2257,GARCIA MILLAN,GAZPACHO,GAZPACHO FRESON GM 750ML,HIPERBER,,,,,,,,,,NOT_COMPARABLE_MISSING_VALIDATION,1,1,0,,,,,,,,,,,,,,,,,,,,,,,,,,,,,,,,,,,,,,,,,,,,,,,,,,,,,,,,,,,,,,,,,,,,,,,,,,,,,,,,,,,,,,,,,,,,,,,,,,,,,,,,,,,,,,,,,,,,,,,,,,,,,,,,,,,,,,,,,,,,,,,,,,,,,,,,,,,,,,,,,,,,,,,,,,,,,,,,,,,,,,,,,,,,,,,,,,,,,,,,,,,,,,,,2026-07-11 11:22:46.237,0,,
9896,63,61,10461,1,2258,GARCIA MILLAN,GAZPACHO,GAZPACHO FRESON GM 750ML,JURADO GOURMET,,,,,,,,,,NOT_COMPARABLE_MISSING_VALIDATION,1,1,0,,,,,,,,,,,,,,,,,,,,,,,,,,,,,,,,,,,,,,,,,,,,,,,,,,,,,,,,,,,,,,,,,,,,,,,,,,,,,,,,,,,,,,,,,,,,,,,,,,,,,,,,,,,,,,,,,,,,,,,,,,,,,,,,,,,,,,,,,,,,,,,,,,,,,,,,,,,,,,,,,,,,,,,,,,,,,,,,,,,,,,,,,,,,,,,,,,,,,,,,,,,,,,,,2026-07-11 11:22:46.237,0,,NoForecastRowsMaterialized
9897,63,61,10461,1,2259,GARCIA MILLAN,GAZPACHO,GAZPACHO FRESON GM 750ML,LOSAN DISTRIBUCIONES,,,,,,,,,,NOT_COMPARABLE_MISSING_VALIDATION,1,1,0,,,,,,,,,,,,,,,,,,,,,,,,,,,,,,,,,,,,,,,,,,,,,,,,,,,,,,,,,,,,,,,,,,,,,,,,,,,,,,,,,,,,,,,,,,,,,,,,,,,,,,,,,,,,,,,,,,,,,,,,,,,,,,,,,,,,,,,,,,,,,,,,,,,,,,,,,,,,,,,,,,,,,,,,,,,,,,,,,,,,,,,,,,,,,,,,,,,,,,,,,,,,,,,,2026-07-11 11:22:46.237,0,,
9898,63,61,10461,1,2260,GARCIA MILLAN,GAZPACHO,GAZPACHO FRESON GM 750ML,LUIS PIÃ‘A,,,,,,,,,,NOT_COMPARABLE_MISSING_VALIDATION,1,1,0,,,,,,,,,,,,,,,,,,,,,,,,,,,,,,,,,,,,,,,,,,,,,,,,,,,,,,,,,,,,,,,,,,,,,,,,,,,,,,,,,,,,,,,,,,,,,,,,,,,,,,,,,,,,,,,,,,,,,,,,,,,,,,,,,,,,,,,,,,,,,,,,,,,,,,,,,,,,,,,,,,,,,,,,,,,,,,,,,,,,,,,,,,,,,,,,,,,,,,,,,,,,,,,,2026-07-11 11:22:46.237,0,,
9899,63,61,10461,1,2261,GARCIA MILLAN,GAZPACHO,GAZPACHO FRESON GM 750ML,MUESTRAS,,,,,,,,,,NOT_COMPARABLE_MISSING_VALIDATION,1,1,0,,,,,,,,,,,,,,,,,,,,,,,,,,,,,,,,,,,,,,,,,,,,,,,,,,,,,,,,,,,,,,,,,,,,,,,,,,,,,,,,,,,,,,,,,,,,,,,,,,,,,,,,,,,,,,,,,,,,,,,,,,,,,,,,,,,,,,,,,,,,,,,,,,,,,,,,,,,,,,,,,,,,,,,,,,,,,,,,,,,,,,,,,,,,,,,,,,,,,,,,,,,,,,,,2026-07-11 11:22:46.237,0,,
9900,63,61,10461,1,2262,GARCIA MILLAN,GAZPACHO,GAZPACHO FRESON GM 750ML,PLASTICOSUR,,,,,,,,,,NOT_COMPARABLE_MISSING_VALIDATION,1,1,0,,,,,,,,,,,,,,,,,,,,,,,,,,,,,,,,,,,,,,,,,,,,,,,,,,,,,,,,,,,,,,,,,,,,,,,,,,,,,,,,,,,,,,,,,,,,,,,,,,,,,,,,,,,,,,,,,,,,,,,,,,,,,,,,,,,,,,,,,,,,,,,,,,,,,,,,,,,,,,,,,,,,,,,,,,,,,,,,,,,,,,,,,,,,,,,,,,,,,,,,,,,,,,,,2026-07-11 11:22:46.237,0,,
9901,63,61,10461,1,2263,GARCIA MILLAN,GAZPACHO,GAZPACHO FRESON GM 750ML,PRIMAPRIX,,,,,,,,,,NOT_COMPARABLE_MISSING_VALIDATION,1,1,0,,,,,,,,,,,,,,,,,,,,,,,,,,,,,,,,,,,,,,,,,,,,,,,,,,,,,,,,,,,,,,,,,,,,,,,,,,,,,,,,,,,,,,,,,,,,,,,,,,,,,,,,,,,,,,,,,,,,,,,,,,,,,,,,,,,,,,,,,,,,,,,,,,,,,,,,,,,,,,,,,,,,,,,,,,,,,,,,,,,,,,,,,,,,,,,,,,,,,,,,,,,,,,,,2026-07-11 11:22:46.237,0,,
9902,63,61,10461,1,2264,GARCIA MILLAN,GAZPACHO,GAZPACHO FRESON GM 750ML,PUNTO SADEAL UNIVERSAL,,,,,,,,,,NOT_COMPARABLE_MISSING_VALIDATION,1,1,0,,,,,,,,,,,,,,,,,,,,,,,,,,,,,,,,,,,,,,,,,,,,,,,,,,,,,,,,,,,,,,,,,,,,,,,,,,,,,,,,,,,,,,,,,,,,,,,,,,,,,,,,,,,,,,,,,,,,,,,,,,,,,,,,,,,,,,,,,,,,,,,,,,,,,,,,,,,,,,,,,,,,,,,,,,,,,,,,,,,,,,,,,,,,,,,,,,,,,,,,,,,,,,,,2026-07-11 11:22:46.237,0,,
9903,63,61,10461,1,2265,GARCIA MILLAN,GAZPACHO,GAZPACHO FRESON GM 750ML,RAFAEL OLIAS,,,,,,,,,,NOT_COMPARABLE_MISSING_VALIDATION,1,1,0,,,,,,,,,,,,,,,,,,,,,,,,,,,,,,,,,,,,,,,,,,,,,,,,,,,,,,,,,,,,,,,,,,,,,,,,,,,,,,,,,,,,,,,,,,,,,,,,,,,,,,,,,,,,,,,,,,,,,,,,,,,,,,,,,,,,,,,,,,,,,,,,,,,,,,,,,,,,,,,,,,,,,,,,,,,,,,,,,,,,,,,,,,,,,,,,,,,,,,,,,,,,,,,,2026-07-11 11:22:46.237,0,,
9904,63,61,10461,1,2266,GARCIA MILLAN,GAZPACHO,GAZPACHO FRESON GM 750ML,RESTAURANTE MUCHO MAS,,,,,,,,,,NOT_COMPARABLE_MISSING_VALIDATION,1,1,0,,,,,,,,,,,,,,,,,,,,,,,,,,,,,,,,,,,,,,,,,,,,,,,,,,,,,,,,,,,,,,,,,,,,,,,,,,,,,,,,,,,,,,,,,,,,,,,,,,,,,,,,,,,,,,,,,,,,,,,,,,,,,,,,,,,,,,,,,,,,,,,,,,,,,,,,,,,,,,,,,,,,,,,,,,,,,,,,,,,,,,,,,,,,,,,,,,,,,,,,,,,,,,,,2026-07-11 11:22:46.237,0,,
9905,63,61,10461,1,2267,GARCIA MILLAN,GAZPACHO,GAZPACHO FRESON GM 750ML,SOALPE,,,,,,,,,,NOT_COMPARABLE_MISSING_VALIDATION,1,1,0,,,,,,,,,,,,,,,,,,,,,,,,,,,,,,,,,,,,,,,,,,,,,,,,,,,,,,,,,,,,,,,,,,,,,,,,,,,,,,,,,,,,,,,,,,,,,,,,,,,,,,,,,,,,,,,,,,,,,,,,,,,,,,,,,,,,,,,,,,,,,,,,,,,,,,,,,,,,,,,,,,,,,,,,,,,,,,,,,,,,,,,,,,,,,,,,,,,,,,,,,,,,,,,,2026-07-11 11:22:46.237,0,,
9906,63,61,10461,1,2268,GARCIA MILLAN,GAZPACHO,GAZPACHO FRESON GM 750ML,UNIALCO,,,,,,,,,,NOT_COMPARABLE_MISSING_VALIDATION,1,1,0,,,,,,,,,,,,,,,,,,,,,,,,,,,,,,,,,,,,,,,,,,,,,,,,,,,,,,,,,,,,,,,,,,,,,,,,,,,,,,,,,,,,,,,,,,,,,,,,,,,,,,,,,,,,,,,,,,,,,,,,,,,,,,,,,,,,,,,,,,,,,,,,,,,,,,,,,,,,,,,,,,,,,,,,,,,,,,,,,,,,,,,,,,,,,,,,,,,,,,,,,,,,,,,,2026-07-11 11:22:46.237,0,,
9907,63,61,10461,1,2269,GARCIA MILLAN,GAZPACHO,GAZPACHO FRESON GM 750ML, , ,,,,,,,,,NOT_COMPARABLE_MISSING_VALIDATION,1,0,0,,,,,,,,,,,,,,,,,,,,,,,,,,,,,,,,,,,,,,,,,,,,,,,,,,,,,,,,,,,,,,,,,,,,,,,,,,,,,,,,,,,,,,,,,,,,,,,,,,,,,,,,,,,,,,,,,,,,,,,,,,,,,,,,,,,,,,,,,,,,,,,,,,,,,,,,,,,,,,,,,,,,,,,,,,,,,,,,,,,,,,,,,,,,,,,,,,,,,,,,,,,,,,,,2026-07-11 11:22:46.237,0,,
"9908,63,61,10461,1,2270,GARCIA MILLAN,GAZPACHO,GAZPACHO FRESON GM 750ML,"""", ,,,,,,,,,NOT_COMPARABLE_MISSING_VALIDATION,1,0,0,,,,,,,,,,,,,,,,,,,,,,,,,,,,,,,,,,,,,,,,,,,,,,,,,,,,,,,,,,,,,,,,,,,,,,,,,,,,,,,,,,,,,,,,,,,,,,,,,,,,,,,,,,,,,,,,,,,,,,,,,,,,,,,,,,,,,,,,,,,,,,,,,,,,,,,,,,,,,,,,,,,,,,,,,,,,,,,,,,,,,,,,,,,,,,,,,,,,,,,,,,,,,,,,2026-07-11 11:22:46.237,0,,"
9909,63,61,10461,1,2271,GARCIA MILLAN,GAZPACHO,GAZPACHO FRESON GM 750ML,AHORRAMAS, ,,,,,,,,,NOT_COMPARABLE_MISSING_VALIDATION,1,0,0,,,,,,,,,,,,,,,,,,,,,,,,,,,,,,,,,,,,,,,,,,,,,,,,,,,,,,,,,,,,,,,,,,,,,,,,,,,,,,,,,,,,,,,,,,,,,,,,,,,,,,,,,,,,,,,,,,,,,,,,,,,,,,,,,,,,,,,,,,,,,,,,,,,,,,,,,,,,,,,,,,,,,,,,,,,,,,,,,,,,,,,,,,,,,,,,,,,,,,,,,,,,,,,,2026-07-11 11:22:46.237,0,,
9910,63,61,10461,1,2272,GARCIA MILLAN,GAZPACHO,GAZPACHO FRESON GM 750ML,BON PREU, ,,,,,,,,,NOT_COMPARABLE_MISSING_VALIDATION,1,0,0,,,,,,,,,,,,,,,,,,,,,,,,,,,,,,,,,,,,,,,,,,,,,,,,,,,,,,,,,,,,,,,,,,,,,,,,,,,,,,,,,,,,,,,,,,,,,,,,,,,,,,,,,,,,,,,,,,,,,,,,,,,,,,,,,,,,,,,,,,,,,,,,,,,,,,,,,,,,,,,,,,,,,,,,,,,,,,,,,,,,,,,,,,,,,,,,,,,,,,,,,,,,,,,,2026-07-11 11:22:46.237,0,,
9911,63,61,10461,1,2273,GARCIA MILLAN,GAZPACHO,GAZPACHO FRESON GM 750ML,CARO RUIZ, ,,,,,,,,,NOT_COMPARABLE_MISSING_VALIDATION,1,0,0,,,,,,,,,,,,,,,,,,,,,,,,,,,,,,,,,,,,,,,,,,,,,,,,,,,,,,,,,,,,,,,,,,,,,,,,,,,,,,,,,,,,,,,,,,,,,,,,,,,,,,,,,,,,,,,,,,,,,,,,,,,,,,,,,,,,,,,,,,,,,,,,,,,,,,,,,,,,,,,,,,,,,,,,,,,,,,,,,,,,,,,,,,,,,,,,,,,,,,,,,,,,,,,,2026-07-11 11:22:46.237,0,,
9912,63,61,10461,1,2274,GARCIA MILLAN,GAZPACHO,GAZPACHO FRESON GM 750ML,CARREFOUR, ,,,,,,,,,NOT_COMPARABLE_MISSING_VALIDATION,1,0,0,,,,,,,,,,,,,,,,,,,,,,,,,,,,,,,,,,,,,,,,,,,,,,,,,,,,,,,,,,,,,,,,,,,,,,,,,,,,,,,,,,,,,,,,,,,,,,,,,,,,,,,,,,,,,,,,,,,,,,,,,,,,,,,,,,,,,,,,,,,,,,,,,,,,,,,,,,,,,,,,,,,,,,,,,,,,,,,,,,,,,,,,,,,,,,,,,,,,,,,,,,,,,,,,2026-07-11 11:22:46.237,0,,
9913,63,61,10461,1,2275,GARCIA MILLAN,GAZPACHO,GAZPACHO FRESON GM 750ML,CARRION PARADAS, ,,,,,,,,,NOT_COMPARABLE_MISSING_VALIDATION,1,0,0,,,,,,,,,,,,,,,,,,,,,,,,,,,,,,,,,,,,,,,,,,,,,,,,,,,,,,,,,,,,,,,,,,,,,,,,,,,,,,,,,,,,,,,,,,,,,,,,,,,,,,,,,,,,,,,,,,,,,,,,,,,,,,,,,,,,,,,,,,,,,,,,,,,,,,,,,,,,,,,,,,,,,,,,,,,,,,,,,,,,,,,,,,,,,,,,,,,,,,,,,,,,,,,,2026-07-11 11:22:46.237,0,,
9914,63,61,10461,1,2276,GARCIA MILLAN,GAZPACHO,GAZPACHO FRESON GM 750ML,CASH BAREA, ,,,,,,,,,NOT_COMPARABLE_MISSING_VALIDATION,1,0,0,,,,,,,,,,,,,,,,,,,,,,,,,,,,,,,,,,,,,,,,,,,,,,,,,,,,,,,,,,,,,,,,,,,,,,,,,,,,,,,,,,,,,,,,,,,,,,,,,,,,,,,,,,,,,,,,,,,,,,,,,,,,,,,,,,,,,,,,,,,,,,,,,,,,,,,,,,,,,,,,,,,,,,,,,,,,,,,,,,,,,,,,,,,,,,,,,,,,,,,,,,,,,,,,2026-07-11 11:22:46.237,0,,
9915,63,61,10461,1,2277,GARCIA MILLAN,GAZPACHO,GAZPACHO FRESON GM 750ML,CATERING DOMENICO, ,,,,,,,,,NOT_COMPARABLE_MISSING_VALIDATION,1,0,0,,,,,,,,,,,,,,,,,,,,,,,,,,,,,,,,,,,,,,,,,,,,,,,,,,,,,,,,,,,,,,,,,,,,,,,,,,,,,,,,,,,,,,,,,,,,,,,,,,,,,,,,,,,,,,,,,,,,,,,,,,,,,,,,,,,,,,,,,,,,,,,,,,,,,,,,,,,,,,,,,,,,,,,,,,,,,,,,,,,,,,,,,,,,,,,,,,,,,,,,,,,,,,,,2026-07-11 11:22:46.237,0,,
9916,63,61,10461,1,2278,GARCIA MILLAN,GAZPACHO,GAZPACHO FRESON GM 750ML,CEIP MANUEL ALTOLAGUIRRE, ,,,,,,,,,NOT_COMPARABLE_MISSING_VALIDATION,1,0,0,,,,,,,,,,,,,,,,,,,,,,,,,,,,,,,,,,,,,,,,,,,,,,,,,,,,,,,,,,,,,,,,,,,,,,,,,,,,,,,,,,,,,,,,,,,,,,,,,,,,,,,,,,,,,,,,,,,,,,,,,,,,,,,,,,,,,,,,,,,,,,,,,,,,,,,,,,,,,,,,,,,,,,,,,,,,,,,,,,,,,,,,,,,,,,,,,,,,,,,,,,,,,,,,2026-07-11 11:22:46.237,0,,
9917,63,61,10461,1,2279,GARCIA MILLAN,GAZPACHO,GAZPACHO FRESON GM 750ML,CLIENTES FRANCIA, ,,,,,,,,,NOT_COMPARABLE_MISSING_VALIDATION,1,0,0,,,,,,,,,,,,,,,,,,,,,,,,,,,,,,,,,,,,,,,,,,,,,,,,,,,,,,,,,,,,,,,,,,,,,,,,,,,,,,,,,,,,,,,,,,,,,,,,,,,,,,,,,,,,,,,,,,,,,,,,,,,,,,,,,,,,,,,,,,,,,,,,,,,,,,,,,,,,,,,,,,,,,,,,,,,,,,,,,,,,,,,,,,,,,,,,,,,,,,,,,,,,,,,,2026-07-11 11:22:46.237,0,,
9918,63,61,10461,1,2280,GARCIA MILLAN,GAZPACHO,GAZPACHO FRESON GM 750ML,CONDIS, ,,,,,,,,,NOT_COMPARABLE_MISSING_VALIDATION,1,0,0,,,,,,,,,,,,,,,,,,,,,,,,,,,,,,,,,,,,,,,,,,,,,,,,,,,,,,,,,,,,,,,,,,,,,,,,,,,,,,,,,,,,,,,,,,,,,,,,,,,,,,,,,,,,,,,,,,,,,,,,,,,,,,,,,,,,,,,,,,,,,,,,,,,,,,,,,,,,,,,,,,,,,,,,,,,,,,,,,,,,,,,,,,,,,,,,,,,,,,,,,,,,,,,,2026-07-11 11:22:46.237,0,,
9919,63,61,10461,1,2281,GARCIA MILLAN,GAZPACHO,GAZPACHO FRESON GM 750ML,DINOSOL, ,,,,,,,,,NOT_COMPARABLE_MISSING_VALIDATION,1,0,0,,,,,,,,,,,,,,,,,,,,,,,,,,,,,,,,,,,,,,,,,,,,,,,,,,,,,,,,,,,,,,,,,,,,,,,,,,,,,,,,,,,,,,,,,,,,,,,,,,,,,,,,,,,,,,,,,,,,,,,,,,,,,,,,,,,,,,,,,,,,,,,,,,,,,,,,,,,,,,,,,,,,,,,,,,,,,,,,,,,,,,,,,,,,,,,,,,,,,,,,,,,,,,,,2026-07-11 11:22:46.237,0,,
9920,63,61,10461,1,2282,GARCIA MILLAN,GAZPACHO,GAZPACHO FRESON GM 750ML,DISTRIBUCIONES CARDOSO, ,,,,,,,,,NOT_COMPARABLE_MISSING_VALIDATION,1,0,0,,,,,,,,,,,,,,,,,,,,,,,,,,,,,,,,,,,,,,,,,,,,,,,,,,,,,,,,,,,,,,,,,,,,,,,,,,,,,,,,,,,,,,,,,,,,,,,,,,,,,,,,,,,,,,,,,,,,,,,,,,,,,,,,,,,,,,,,,,,,,,,,,,,,,,,,,,,,,,,,,,,,,,,,,,,,,,,,,,,,,,,,,,,,,,,,,,,,,,,,,,,,,,,,2026-07-11 11:22:46.237,0,,
9921,63,61,10461,1,2283,GARCIA MILLAN,GAZPACHO,GAZPACHO FRESON GM 750ML,DISTRIBUCIONES JTT, ,,,,,,,,,NOT_COMPARABLE_MISSING_VALIDATION,1,0,0,,,,,,,,,,,,,,,,,,,,,,,,,,,,,,,,,,,,,,,,,,,,,,,,,,,,,,,,,,,,,,,,,,,,,,,,,,,,,,,,,,,,,,,,,,,,,,,,,,,,,,,,,,,,,,,,,,,,,,,,,,,,,,,,,,,,,,,,,,,,,,,,,,,,,,,,,,,,,,,,,,,,,,,,,,,,,,,,,,,,,,,,,,,,,,,,,,,,,,,,,,,,,,,,2026-07-11 11:22:46.237,0,,
9922,63,61,10461,1,2284,GARCIA MILLAN,GAZPACHO,GAZPACHO FRESON GM 750ML,DONACIONES, ,,,,,,,,,NOT_COMPARABLE_MISSING_VALIDATION,1,0,0,,,,,,,,,,,,,,,,,,,,,,,,,,,,,,,,,,,,,,,,,,,,,,,,,,,,,,,,,,,,,,,,,,,,,,,,,,,,,,,,,,,,,,,,,,,,,,,,,,,,,,,,,,,,,,,,,,,,,,,,,,,,,,,,,,,,,,,,,,,,,,,,,,,,,,,,,,,,,,,,,,,,,,,,,,,,,,,,,,,,,,,,,,,,,,,,,,,,,,,,,,,,,,,,2026-07-11 11:22:46.237,0,,
9923,63,61,10461,1,2285,GARCIA MILLAN,GAZPACHO,GAZPACHO FRESON GM 750ML,DRINKS SOL, ,,,,,,,,,NOT_COMPARABLE_MISSING_VALIDATION,1,0,0,,,,,,,,,,,,,,,,,,,,,,,,,,,,,,,,,,,,,,,,,,,,,,,,,,,,,,,,,,,,,,,,,,,,,,,,,,,,,,,,,,,,,,,,,,,,,,,,,,,,,,,,,,,,,,,,,,,,,,,,,,,,,,,,,,,,,,,,,,,,,,,,,,,,,,,,,,,,,,,,,,,,,,,,,,,,,,,,,,,,,,,,,,,,,,,,,,,,,,,,,,,,,,,,2026-07-11 11:22:46.237,0,,
9924,63,61,10461,1,2286,GARCIA MILLAN,GAZPACHO,GAZPACHO FRESON GM 750ML,ECOMORA, ,,,,,,,,,NOT_COMPARABLE_MISSING_VALIDATION,1,0,0,,,,,,,,,,,,,,,,,,,,,,,,,,,,,,,,,,,,,,,,,,,,,,,,,,,,,,,,,,,,,,,,,,,,,,,,,,,,,,,,,,,,,,,,,,,,,,,,,,,,,,,,,,,,,,,,,,,,,,,,,,,,,,,,,,,,,,,,,,,,,,,,,,,,,,,,,,,,,,,,,,,,,,,,,,,,,,,,,,,,,,,,,,,,,,,,,,,,,,,,,,,,,,,,2026-07-11 11:22:46.237,0,,
9925,63,61,10461,1,2287,GARCIA MILLAN,GAZPACHO,GAZPACHO FRESON GM 750ML,EL CORTE INGLES, ,,,,,,,,,NOT_COMPARABLE_MISSING_VALIDATION,1,0,0,,,,,,,,,,,,,,,,,,,,,,,,,,,,,,,,,,,,,,,,,,,,,,,,,,,,,,,,,,,,,,,,,,,,,,,,,,,,,,,,,,,,,,,,,,,,,,,,,,,,,,,,,,,,,,,,,,,,,,,,,,,,,,,,,,,,,,,,,,,,,,,,,,,,,,,,,,,,,,,,,,,,,,,,,,,,,,,,,,,,,,,,,,,,,,,,,,,,,,,,,,,,,,,,2026-07-11 11:22:46.237,0,,
9926,63,61,10461,1,2288,GARCIA MILLAN,GAZPACHO,GAZPACHO FRESON GM 750ML,ESTABLECIMIENTOS PLAZA, ,,,,,,,,,NOT_COMPARABLE_MISSING_VALIDATION,1,0,0,,,,,,,,,,,,,,,,,,,,,,,,,,,,,,,,,,,,,,,,,,,,,,,,,,,,,,,,,,,,,,,,,,,,,,,,,,,,,,,,,,,,,,,,,,,,,,,,,,,,,,,,,,,,,,,,,,,,,,,,,,,,,,,,,,,,,,,,,,,,,,,,,,,,,,,,,,,,,,,,,,,,,,,,,,,,,,,,,,,,,,,,,,,,,,,,,,,,,,,,,,,,,,,,2026-07-11 11:22:46.237,0,,
9927,63,61,10461,1,2289,GARCIA MILLAN,GAZPACHO,GAZPACHO FRESON GM 750ML,EXCLUSIVAS SEYGO, ,,,,,,,,,NOT_COMPARABLE_MISSING_VALIDATION,1,0,0,,,,,,,,,,,,,,,,,,,,,,,,,,,,,,,,,,,,,,,,,,,,,,,,,,,,,,,,,,,,,,,,,,,,,,,,,,,,,,,,,,,,,,,,,,,,,,,,,,,,,,,,,,,,,,,,,,,,,,,,,,,,,,,,,,,,,,,,,,,,,,,,,,,,,,,,,,,,,,,,,,,,,,,,,,,,,,,,,,,,,,,,,,,,,,,,,,,,,,,,,,,,,,,,2026-07-11 11:22:46.237,0,,
9928,63,61,10461,1,2290,GARCIA MILLAN,GAZPACHO,GAZPACHO FRESON GM 750ML,FACSA, ,,,,,,,,,NOT_COMPARABLE_MISSING_VALIDATION,1,0,0,,,,,,,,,,,,,,,,,,,,,,,,,,,,,,,,,,,,,,,,,,,,,,,,,,,,,,,,,,,,,,,,,,,,,,,,,,,,,,,,,,,,,,,,,,,,,,,,,,,,,,,,,,,,,,,,,,,,,,,,,,,,,,,,,,,,,,,,,,,,,,,,,,,,,,,,,,,,,,,,,,,,,,,,,,,,,,,,,,,,,,,,,,,,,,,,,,,,,,,,,,,,,,,,2026-07-11 11:22:46.237,0,,
9929,63,61,10461,1,2291,GARCIA MILLAN,GAZPACHO,GAZPACHO FRESON GM 750ML,FAMILY CASH, ,,,,,,,,,NOT_COMPARABLE_MISSING_VALIDATION,1,0,0,,,,,,,,,,,,,,,,,,,,,,,,,,,,,,,,,,,,,,,,,,,,,,,,,,,,,,,,,,,,,,,,,,,,,,,,,,,,,,,,,,,,,,,,,,,,,,,,,,,,,,,,,,,,,,,,,,,,,,,,,,,,,,,,,,,,,,,,,,,,,,,,,,,,,,,,,,,,,,,,,,,,,,,,,,,,,,,,,,,,,,,,,,,,,,,,,,,,,,,,,,,,,,,,2026-07-11 11:22:46.237,0,,
9930,63,61,10461,1,2292,GARCIA MILLAN,GAZPACHO,GAZPACHO FRESON GM 750ML,FRUTAS MORA QUALITY, ,,,,,,,,,NOT_COMPARABLE_MISSING_VALIDATION,1,0,0,,,,,,,,,,,,,,,,,,,,,,,,,,,,,,,,,,,,,,,,,,,,,,,,,,,,,,,,,,,,,,,,,,,,,,,,,,,,,,,,,,,,,,,,,,,,,,,,,,,,,,,,,,,,,,,,,,,,,,,,,,,,,,,,,,,,,,,,,,,,,,,,,,,,,,,,,,,,,,,,,,,,,,,,,,,,,,,,,,,,,,,,,,,,,,,,,,,,,,,,,,,,,,,,2026-07-11 11:22:46.237,0,,
9931,63,61,10461,1,2293,GARCIA MILLAN,GAZPACHO,GAZPACHO FRESON GM 750ML,GADISA, ,,,,,,,,,NOT_COMPARABLE_MISSING_VALIDATION,1,0,0,,,,,,,,,,,,,,,,,,,,,,,,,,,,,,,,,,,,,,,,,,,,,,,,,,,,,,,,,,,,,,,,,,,,,,,,,,,,,,,,,,,,,,,,,,,,,,,,,,,,,,,,,,,,,,,,,,,,,,,,,,,,,,,,,,,,,,,,,,,,,,,,,,,,,,,,,,,,,,,,,,,,,,,,,,,,,,,,,,,,,,,,,,,,,,,,,,,,,,,,,,,,,,,,2026-07-11 11:22:46.237,0,,
9932,63,61,10461,1,2294,GARCIA MILLAN,GAZPACHO,GAZPACHO FRESON GM 750ML,GARIZUR, ,,,,,,,,,NOT_COMPARABLE_MISSING_VALIDATION,1,0,0,,,,,,,,,,,,,,,,,,,,,,,,,,,,,,,,,,,,,,,,,,,,,,,,,,,,,,,,,,,,,,,,,,,,,,,,,,,,,,,,,,,,,,,,,,,,,,,,,,,,,,,,,,,,,,,,,,,,,,,,,,,,,,,,,,,,,,,,,,,,,,,,,,,,,,,,,,,,,,,,,,,,,,,,,,,,,,,,,,,,,,,,,,,,,,,,,,,,,,,,,,,,,,,,2026-07-11 11:22:46.237,0,,
9933,63,61,10461,1,2295,GARCIA MILLAN,GAZPACHO,GAZPACHO FRESON GM 750ML,GB FOODSERVICE, ,,,,,,,,,NOT_COMPARABLE_MISSING_VALIDATION,1,0,0,,,,,,,,,,,,,,,,,,,,,,,,,,,,,,,,,,,,,,,,,,,,,,,,,,,,,,,,,,,,,,,,,,,,,,,,,,,,,,,,,,,,,,,,,,,,,,,,,,,,,,,,,,,,,,,,,,,,,,,,,,,,,,,,,,,,,,,,,,,,,,,,,,,,,,,,,,,,,,,,,,,,,,,,,,,,,,,,,,,,,,,,,,,,,,,,,,,,,,,,,,,,,,,,2026-07-11 11:22:46.237,0,,
9934,63,61,10461,1,2296,GARCIA MILLAN,GAZPACHO,GAZPACHO FRESON GM 750ML,GRUPO AUCHAN, ,,,,,,,,,NOT_COMPARABLE_MISSING_VALIDATION,1,0,0,,,,,,,,,,,,,,,,,,,,,,,,,,,,,,,,,,,,,,,,,,,,,,,,,,,,,,,,,,,,,,,,,,,,,,,,,,,,,,,,,,,,,,,,,,,,,,,,,,,,,,,,,,,,,,,,,,,,,,,,,,,,,,,,,,,,,,,,,,,,,,,,,,,,,,,,,,,,,,,,,,,,,,,,,,,,,,,,,,,,,,,,,,,,,,,,,,,,,,,,,,,,,,,,2026-07-11 11:22:46.237,0,,
9935,63,61,10461,1,2297,GARCIA MILLAN,GAZPACHO,GAZPACHO FRESON GM 750ML,GRUPO EL JAMON, ,,,,,,,,,NOT_COMPARABLE_MISSING_VALIDATION,1,0,0,,,,,,,,,,,,,,,,,,,,,,,,,,,,,,,,,,,,,,,,,,,,,,,,,,,,,,,,,,,,,,,,,,,,,,,,,,,,,,,,,,,,,,,,,,,,,,,,,,,,,,,,,,,,,,,,,,,,,,,,,,,,,,,,,,,,,,,,,,,,,,,,,,,,,,,,,,,,,,,,,,,,,,,,,,,,,,,,,,,,,,,,,,,,,,,,,,,,,,,,,,,,,,,,2026-07-11 11:22:46.237,0,,
9936,63,61,10461,1,2298,GARCIA MILLAN,GAZPACHO,GAZPACHO FRESON GM 750ML,GRUPO EROSKI, ,,,,,,,,,NOT_COMPARABLE_MISSING_VALIDATION,1,0,0,,,,,,,,,,,,,,,,,,,,,,,,,,,,,,,,,,,,,,,,,,,,,,,,,,,,,,,,,,,,,,,,,,,,,,,,,,,,,,,,,,,,,,,,,,,,,,,,,,,,,,,,,,,,,,,,,,,,,,,,,,,,,,,,,,,,,,,,,,,,,,,,,,,,,,,,,,,,,,,,,,,,,,,,,,,,,,,,,,,,,,,,,,,,,,,,,,,,,,,,,,,,,,,,2026-07-11 11:22:46.237,0,,
9937,63,61,10461,1,2299,GARCIA MILLAN,GAZPACHO,GAZPACHO FRESON GM 750ML,GSG BUSSINES, ,,,,,,,,,NOT_COMPARABLE_MISSING_VALIDATION,1,0,0,,,,,,,,,,,,,,,,,,,,,,,,,,,,,,,,,,,,,,,,,,,,,,,,,,,,,,,,,,,,,,,,,,,,,,,,,,,,,,,,,,,,,,,,,,,,,,,,,,,,,,,,,,,,,,,,,,,,,,,,,,,,,,,,,,,,,,,,,,,,,,,,,,,,,,,,,,,,,,,,,,,,,,,,,,,,,,,,,,,,,,,,,,,,,,,,,,,,,,,,,,,,,,,,2026-07-11 11:22:46.237,0,,
9938,63,61,10461,1,2300,GARCIA MILLAN,GAZPACHO,GAZPACHO FRESON GM 750ML,HERMANOS MARTIN, ,,,,,,,,,NOT_COMPARABLE_MISSING_VALIDATION,1,0,0,,,,,,,,,,,,,,,,,,,,,,,,,,,,,,,,,,,,,,,,,,,,,,,,,,,,,,,,,,,,,,,,,,,,,,,,,,,,,,,,,,,,,,,,,,,,,,,,,,,,,,,,,,,,,,,,,,,,,,,,,,,,,,,,,,,,,,,,,,,,,,,,,,,,,,,,,,,,,,,,,,,,,,,,,,,,,,,,,,,,,,,,,,,,,,,,,,,,,,,,,,,,,,,,2026-07-11 11:22:46.237,0,,
9939,63,61,10461,1,2301,GARCIA MILLAN,GAZPACHO,GAZPACHO FRESON GM 750ML,HIPER USERA, ,,,,,,,,,NOT_COMPARABLE_MISSING_VALIDATION,1,0,0,,,,,,,,,,,,,,,,,,,,,,,,,,,,,,,,,,,,,,,,,,,,,,,,,,,,,,,,,,,,,,,,,,,,,,,,,,,,,,,,,,,,,,,,,,,,,,,,,,,,,,,,,,,,,,,,,,,,,,,,,,,,,,,,,,,,,,,,,,,,,,,,,,,,,,,,,,,,,,,,,,,,,,,,,,,,,,,,,,,,,,,,,,,,,,,,,,,,,,,,,,,,,,,,2026-07-11 11:22:46.237,0,,
9940,63,61,10461,1,2302,GARCIA MILLAN,GAZPACHO,GAZPACHO FRESON GM 750ML,HIPERBER, ,,,,,,,,,NOT_COMPARABLE_MISSING_VALIDATION,1,0,0,,,,,,,,,,,,,,,,,,,,,,,,,,,,,,,,,,,,,,,,,,,,,,,,,,,,,,,,,,,,,,,,,,,,,,,,,,,,,,,,,,,,,,,,,,,,,,,,,,,,,,,,,,,,,,,,,,,,,,,,,,,,,,,,,,,,,,,,,,,,,,,,,,,,,,,,,,,,,,,,,,,,,,,,,,,,,,,,,,,,,,,,,,,,,,,,,,,,,,,,,,,,,,,,2026-07-11 11:22:46.237,0,,
9941,63,61,10461,1,2303,GARCIA MILLAN,GAZPACHO,GAZPACHO FRESON GM 750ML,JURADO GOURMET, ,,,,,,,,,NOT_COMPARABLE_MISSING_VALIDATION,1,0,0,,,,,,,,,,,,,,,,,,,,,,,,,,,,,,,,,,,,,,,,,,,,,,,,,,,,,,,,,,,,,,,,,,,,,,,,,,,,,,,,,,,,,,,,,,,,,,,,,,,,,,,,,,,,,,,,,,,,,,,,,,,,,,,,,,,,,,,,,,,,,,,,,,,,,,,,,,,,,,,,,,,,,,,,,,,,,,,,,,,,,,,,,,,,,,,,,,,,,,,,,,,,,,,,2026-07-11 11:22:46.237,0,,
9942,63,61,10461,1,2304,GARCIA MILLAN,GAZPACHO,GAZPACHO FRESON GM 750ML,LOSAN DISTRIBUCIONES, ,,,,,,,,,NOT_COMPARABLE_MISSING_VALIDATION,1,0,0,,,,,,,,,,,,,,,,,,,,,,,,,,,,,,,,,,,,,,,,,,,,,,,,,,,,,,,,,,,,,,,,,,,,,,,,,,,,,,,,,,,,,,,,,,,,,,,,,,,,,,,,,,,,,,,,,,,,,,,,,,,,,,,,,,,,,,,,,,,,,,,,,,,,,,,,,,,,,,,,,,,,,,,,,,,,,,,,,,,,,,,,,,,,,,,,,,,,,,,,,,,,,,,,2026-07-11 11:22:46.237,0,,
9943,63,61,10461,1,2305,GARCIA MILLAN,GAZPACHO,GAZPACHO FRESON GM 750ML,LUIS PIÃ‘A, ,,,,,,,,,NOT_COMPARABLE_MISSING_VALIDATION,1,0,0,,,,,,,,,,,,,,,,,,,,,,,,,,,,,,,,,,,,,,,,,,,,,,,,,,,,,,,,,,,,,,,,,,,,,,,,,,,,,,,,,,,,,,,,,,,,,,,,,,,,,,,,,,,,,,,,,,,,,,,,,,,,,,,,,,,,,,,,,,,,,,,,,,,,,,,,,,,,,,,,,,,,,,,,,,,,,,,,,,,,,,,,,,,,,,,,,,,,,,,,,,,,,,,,2026-07-11 11:22:46.237,0,,
9944,63,61,10461,1,2306,GARCIA MILLAN,GAZPACHO,GAZPACHO FRESON GM 750ML,MUESTRAS, ,,,,,,,,,NOT_COMPARABLE_MISSING_VALIDATION,1,0,0,,,,,,,,,,,,,,,,,,,,,,,,,,,,,,,,,,,,,,,,,,,,,,,,,,,,,,,,,,,,,,,,,,,,,,,,,,,,,,,,,,,,,,,,,,,,,,,,,,,,,,,,,,,,,,,,,,,,,,,,,,,,,,,,,,,,,,,,,,,,,,,,,,,,,,,,,,,,,,,,,,,,,,,,,,,,,,,,,,,,,,,,,,,,,,,,,,,,,,,,,,,,,,,,2026-07-11 11:22:46.237,0,,
9945,63,61,10461,1,2307,GARCIA MILLAN,GAZPACHO,GAZPACHO FRESON GM 750ML,PLASTICOSUR, ,,,,,,,,,NOT_COMPARABLE_MISSING_VALIDATION,1,0,0,,,,,,,,,,,,,,,,,,,,,,,,,,,,,,,,,,,,,,,,,,,,,,,,,,,,,,,,,,,,,,,,,,,,,,,,,,,,,,,,,,,,,,,,,,,,,,,,,,,,,,,,,,,,,,,,,,,,,,,,,,,,,,,,,,,,,,,,,,,,,,,,,,,,,,,,,,,,,,,,,,,,,,,,,,,,,,,,,,,,,,,,,,,,,,,,,,,,,,,,,,,,,,,,2026-07-11 11:22:46.237,0,,
9946,63,61,10461,1,2308,GARCIA MILLAN,GAZPACHO,GAZPACHO FRESON GM 750ML,PRIMAPRIX, ,,,,,,,,,NOT_COMPARABLE_MISSING_VALIDATION,1,0,0,,,,,,,,,,,,,,,,,,,,,,,,,,,,,,,,,,,,,,,,,,,,,,,,,,,,,,,,,,,,,,,,,,,,,,,,,,,,,,,,,,,,,,,,,,,,,,,,,,,,,,,,,,,,,,,,,,,,,,,,,,,,,,,,,,,,,,,,,,,,,,,,,,,,,,,,,,,,,,,,,,,,,,,,,,,,,,,,,,,,,,,,,,,,,,,,,,,,,,,,,,,,,,,,2026-07-11 11:22:46.237,0,,
9947,63,61,10461,1,2309,GARCIA MILLAN,GAZPACHO,GAZPACHO FRESON GM 750ML,PUNTO SADEAL UNIVERSAL, ,,,,,,,,,NOT_COMPARABLE_MISSING_VALIDATION,1,0,0,,,,,,,,,,,,,,,,,,,,,,,,,,,,,,,,,,,,,,,,,,,,,,,,,,,,,,,,,,,,,,,,,,,,,,,,,,,,,,,,,,,,,,,,,,,,,,,,,,,,,,,,,,,,,,,,,,,,,,,,,,,,,,,,,,,,,,,,,,,,,,,,,,,,,,,,,,,,,,,,,,,,,,,,,,,,,,,,,,,,,,,,,,,,,,,,,,,,,,,,,,,,,,,,2026-07-11 11:22:46.237,0,,
9948,63,61,10461,1,2310,GARCIA MILLAN,GAZPACHO,GAZPACHO FRESON GM 750ML,RAFAEL OLIAS, ,,,,,,,,,NOT_COMPARABLE_MISSING_VALIDATION,1,0,0,,,,,,,,,,,,,,,,,,,,,,,,,,,,,,,,,,,,,,,,,,,,,,,,,,,,,,,,,,,,,,,,,,,,,,,,,,,,,,,,,,,,,,,,,,,,,,,,,,,,,,,,,,,,,,,,,,,,,,,,,,,,,,,,,,,,,,,,,,,,,,,,,,,,,,,,,,,,,,,,,,,,,,,,,,,,,,,,,,,,,,,,,,,,,,,,,,,,,,,,,,,,,,,,2026-07-11 11:22:46.237,0,,
9949,63,61,10461,1,2311,GARCIA MILLAN,GAZPACHO,GAZPACHO FRESON GM 750ML,RESTAURANTE MUCHO MAS, ,,,,,,,,,NOT_COMPARABLE_MISSING_VALIDATION,1,0,0,,,,,,,,,,,,,,,,,,,,,,,,,,,,,,,,,,,,,,,,,,,,,,,,,,,,,,,,,,,,,,,,,,,,,,,,,,,,,,,,,,,,,,,,,,,,,,,,,,,,,,,,,,,,,,,,,,,,,,,,,,,,,,,,,,,,,,,,,,,,,,,,,,,,,,,,,,,,,,,,,,,,,,,,,,,,,,,,,,,,,,,,,,,,,,,,,,,,,,,,,,,,,,,,2026-07-11 11:22:46.237,0,,
9950,63,61,10461,1,2312,GARCIA MILLAN,GAZPACHO,GAZPACHO FRESON GM 750ML,SOALPE, ,,,,,,,,,NOT_COMPARABLE_MISSING_VALIDATION,1,0,0,,,,,,,,,,,,,,,,,,,,,,,,,,,,,,,,,,,,,,,,,,,,,,,,,,,,,,,,,,,,,,,,,,,,,,,,,,,,,,,,,,,,,,,,,,,,,,,,,,,,,,,,,,,,,,,,,,,,,,,,,,,,,,,,,,,,,,,,,,,,,,,,,,,,,,,,,,,,,,,,,,,,,,,,,,,,,,,,,,,,,,,,,,,,,,,,,,,,,,,,,,,,,,,,2026-07-11 11:22:46.237,0,,
9951,63,61,10461,1,2313,GARCIA MILLAN,GAZPACHO,GAZPACHO FRESON GM 750ML,UNIALCO, ,,,,,,,,,NOT_COMPARABLE_MISSING_VALIDATION,1,0,0,,,,,,,,,,,,,,,,,,,,,,,,,,,,,,,,,,,,,,,,,,,,,,,,,,,,,,,,,,,,,,,,,,,,,,,,,,,,,,,,,,,,,,,,,,,,,,,,,,,,,,,,,,,,,,,,,,,,,,,,,,,,,,,,,,,,,,,,,,,,,,,,,,,,,,,,,,,,,,,,,,,,,,,,,,,,,,,,,,,,,,,,,,,,,,,,,,,,,,,,,,,,,,,,2026-07-11 11:22:46.237,0,,
"9952,63,61,10461,1,2315,GARCIA MILLAN,SALMOREJO,SALMOREJO REMOLACHA GM 750ML,"""",,,,,,,,,,NOT_COMPARABLE_MISSING_VALIDATION,1,1,0,,,,,,,,,,,,,,,,,,,,,,,,,,,,,,,,,,,,,,,,,,,,,,,,,,,,,,,,,,,,,,,,,,,,,,,,,,,,,,,,,,,,,,,,,,,,,,,,,,,,,,,,,,,,,,,,,,,,,,,,,,,,,,,,,,,,,,,,,,,,,,,,,,,,,,,,,,,,,,,,,,,,,,,,,,,,,,,,,,,,,,,,,,,,,,,,,,,,,,,,,,,,,,,,2026-07-11 11:22:46.237,0,,"
9953,63,61,10461,1,2316,GARCIA MILLAN,SALMOREJO,SALMOREJO REMOLACHA GM 750ML,AHORRAMAS,,,,,,,,,,NOT_COMPARABLE_MISSING_VALIDATION,1,1,0,,,,,,,,,,,,,,,,,,,,,,,,,,,,,,,,,,,,,,,,,,,,,,,,,,,,,,,,,,,,,,,,,,,,,,,,,,,,,,,,,,,,,,,,,,,,,,,,,,,,,,,,,,,,,,,,,,,,,,,,,,,,,,,,,,,,,,,,,,,,,,,,,,,,,,,,,,,,,,,,,,,,,,,,,,,,,,,,,,,,,,,,,,,,,,,,,,,,,,,,,,,,,,,,2026-07-11 11:22:46.237,0,,NoForecastRowsMaterialized
9954,63,61,10461,1,2317,GARCIA MILLAN,SALMOREJO,SALMOREJO REMOLACHA GM 750ML,ALDI,,,,,,,,,,NOT_COMPARABLE_MISSING_VALIDATION,1,1,0,,,,,,,,,,,,,,,,,,,,,,,,,,,,,,,,,,,,,,,,,,,,,,,,,,,,,,,,,,,,,,,,,,,,,,,,,,,,,,,,,,,,,,,,,,,,,,,,,,,,,,,,,,,,,,,,,,,,,,,,,,,,,,,,,,,,,,,,,,,,,,,,,,,,,,,,,,,,,,,,,,,,,,,,,,,,,,,,,,,,,,,,,,,,,,,,,,,,,,,,,,,,,,,,2026-07-11 11:22:46.237,0,,
9955,63,61,10461,1,2318,GARCIA MILLAN,SALMOREJO,SALMOREJO REMOLACHA GM 750ML,AMAZON,,,,,,,,,,NOT_COMPARABLE_MISSING_VALIDATION,1,1,0,,,,,,,,,,,,,,,,,,,,,,,,,,,,,,,,,,,,,,,,,,,,,,,,,,,,,,,,,,,,,,,,,,,,,,,,,,,,,,,,,,,,,,,,,,,,,,,,,,,,,,,,,,,,,,,,,,,,,,,,,,,,,,,,,,,,,,,,,,,,,,,,,,,,,,,,,,,,,,,,,,,,,,,,,,,,,,,,,,,,,,,,,,,,,,,,,,,,,,,,,,,,,,,,2026-07-11 11:22:46.237,0,,NoForecastRowsMaterialized
9956,63,61,10461,1,2319,GARCIA MILLAN,SALMOREJO,SALMOREJO REMOLACHA GM 750ML,CARO RUIZ,,,,,,,,,,NOT_COMPARABLE_MISSING_VALIDATION,1,0,0,,,,,,,,,,,,,,,,,,,,,,,,,,,,,,,,,,,,,,,,,,,,,,,,,,,,,,,,,,,,,,,,,,,,,,,,,,,,,,,,,,,,,,,,,,,,,,,,,,,,,,,,,,,,,,,,,,,,,,,,,,,,,,,,,,,,,,,,,,,,,,,,,,,,,,,,,,,,,,,,,,,,,,,,,,,,,,,,,,,,,,,,,,,,,,,,,,,,,,,,,,,,,,,,2026-07-11 11:22:46.237,0,,NoForecastRowsMaterialized
9957,63,61,10461,1,2320,GARCIA MILLAN,SALMOREJO,SALMOREJO REMOLACHA GM 750ML,CARREFOUR,,,,,,,,,,NOT_COMPARABLE_MISSING_VALIDATION,1,1,0,,,,,,,,,,,,,,,,,,,,,,,,,,,,,,,,,,,,,,,,,,,,,,,,,,,,,,,,,,,,,,,,,,,,,,,,,,,,,,,,,,,,,,,,,,,,,,,,,,,,,,,,,,,,,,,,,,,,,,,,,,,,,,,,,,,,,,,,,,,,,,,,,,,,,,,,,,,,,,,,,,,,,,,,,,,,,,,,,,,,,,,,,,,,,,,,,,,,,,,,,,,,,,,,2026-07-11 11:22:46.237,0,,
9958,63,61,10461,1,2321,GARCIA MILLAN,SALMOREJO,SALMOREJO REMOLACHA GM 750ML,CARRION PARADAS,,,,,,,,,,NOT_COMPARABLE_MISSING_VALIDATION,1,1,0,,,,,,,,,,,,,,,,,,,,,,,,,,,,,,,,,,,,,,,,,,,,,,,,,,,,,,,,,,,,,,,,,,,,,,,,,,,,,,,,,,,,,,,,,,,,,,,,,,,,,,,,,,,,,,,,,,,,,,,,,,,,,,,,,,,,,,,,,,,,,,,,,,,,,,,,,,,,,,,,,,,,,,,,,,,,,,,,,,,,,,,,,,,,,,,,,,,,,,,,,,,,,,,,2026-07-11 11:22:46.237,0,,
9959,63,61,10461,1,2322,GARCIA MILLAN,SALMOREJO,SALMOREJO REMOLACHA GM 750ML,CASH BAREA,,,,,,,,,,NOT_COMPARABLE_MISSING_VALIDATION,1,1,0,,,,,,,,,,,,,,,,,,,,,,,,,,,,,,,,,,,,,,,,,,,,,,,,,,,,,,,,,,,,,,,,,,,,,,,,,,,,,,,,,,,,,,,,,,,,,,,,,,,,,,,,,,,,,,,,,,,,,,,,,,,,,,,,,,,,,,,,,,,,,,,,,,,,,,,,,,,,,,,,,,,,,,,,,,,,,,,,,,,,,,,,,,,,,,,,,,,,,,,,,,,,,,,,2026-07-11 11:22:46.237,0,,NoForecastRowsMaterialized
9960,63,61,10461,1,2323,GARCIA MILLAN,SALMOREJO,SALMOREJO REMOLACHA GM 750ML,CATERING DOMENICO,,,,,,,,,,NOT_COMPARABLE_MISSING_VALIDATION,1,0,0,,,,,,,,,,,,,,,,,,,,,,,,,,,,,,,,,,,,,,,,,,,,,,,,,,,,,,,,,,,,,,,,,,,,,,,,,,,,,,,,,,,,,,,,,,,,,,,,,,,,,,,,,,,,,,,,,,,,,,,,,,,,,,,,,,,,,,,,,,,,,,,,,,,,,,,,,,,,,,,,,,,,,,,,,,,,,,,,,,,,,,,,,,,,,,,,,,,,,,,,,,,,,,,,2026-07-11 11:22:46.237,0,,NoForecastRowsMaterialized
9961,63,61,10461,1,2324,GARCIA MILLAN,SALMOREJO,SALMOREJO REMOLACHA GM 750ML,CLIENTES FRANCIA,,,,,,,,,,NOT_COMPARABLE_MISSING_VALIDATION,1,1,0,,,,,,,,,,,,,,,,,,,,,,,,,,,,,,,,,,,,,,,,,,,,,,,,,,,,,,,,,,,,,,,,,,,,,,,,,,,,,,,,,,,,,,,,,,,,,,,,,,,,,,,,,,,,,,,,,,,,,,,,,,,,,,,,,,,,,,,,,,,,,,,,,,,,,,,,,,,,,,,,,,,,,,,,,,,,,,,,,,,,,,,,,,,,,,,,,,,,,,,,,,,,,,,,2026-07-11 11:22:46.237,0,,
9962,63,61,10461,1,2325,GARCIA MILLAN,SALMOREJO,SALMOREJO REMOLACHA GM 750ML,COMERBAL,,,,,,,,,,NOT_COMPARABLE_MISSING_VALIDATION,1,1,0,,,,,,,,,,,,,,,,,,,,,,,,,,,,,,,,,,,,,,,,,,,,,,,,,,,,,,,,,,,,,,,,,,,,,,,,,,,,,,,,,,,,,,,,,,,,,,,,,,,,,,,,,,,,,,,,,,,,,,,,,,,,,,,,,,,,,,,,,,,,,,,,,,,,,,,,,,,,,,,,,,,,,,,,,,,,,,,,,,,,,,,,,,,,,,,,,,,,,,,,,,,,,,,,2026-07-11 11:22:46.237,0,,
9963,63,61,10461,1,2326,GARCIA MILLAN,SALMOREJO,SALMOREJO REMOLACHA GM 750ML,COMERCIAL PIEDRA TRUJILLO,,,,,,,,,,NOT_COMPARABLE_MISSING_VALIDATION,1,1,0,,,,,,,,,,,,,,,,,,,,,,,,,,,,,,,,,,,,,,,,,,,,,,,,,,,,,,,,,,,,,,,,,,,,,,,,,,,,,,,,,,,,,,,,,,,,,,,,,,,,,,,,,,,,,,,,,,,,,,,,,,,,,,,,,,,,,,,,,,,,,,,,,,,,,,,,,,,,,,,,,,,,,,,,,,,,,,,,,,,,,,,,,,,,,,,,,,,,,,,,,,,,,,,,2026-07-11 11:22:46.237,0,,NoForecastRowsMaterialized
9964,63,61,10461,1,2327,GARCIA MILLAN,SALMOREJO,SALMOREJO REMOLACHA GM 750ML,CONDIS,,,,,,,,,,NOT_COMPARABLE_MISSING_VALIDATION,1,1,0,,,,,,,,,,,,,,,,,,,,,,,,,,,,,,,,,,,,,,,,,,,,,,,,,,,,,,,,,,,,,,,,,,,,,,,,,,,,,,,,,,,,,,,,,,,,,,,,,,,,,,,,,,,,,,,,,,,,,,,,,,,,,,,,,,,,,,,,,,,,,,,,,,,,,,,,,,,,,,,,,,,,,,,,,,,,,,,,,,,,,,,,,,,,,,,,,,,,,,,,,,,,,,,,2026-07-11 11:22:46.237,0,,
9965,63,61,10461,1,2328,GARCIA MILLAN,SALMOREJO,SALMOREJO REMOLACHA GM 750ML,DIA,,,,,,,,,,NOT_COMPARABLE_MISSING_VALIDATION,1,1,0,,,,,,,,,,,,,,,,,,,,,,,,,,,,,,,,,,,,,,,,,,,,,,,,,,,,,,,,,,,,,,,,,,,,,,,,,,,,,,,,,,,,,,,,,,,,,,,,,,,,,,,,,,,,,,,,,,,,,,,,,,,,,,,,,,,,,,,,,,,,,,,,,,,,,,,,,,,,,,,,,,,,,,,,,,,,,,,,,,,,,,,,,,,,,,,,,,,,,,,,,,,,,,,,2026-07-11 11:22:46.237,0,,
9966,63,61,10461,1,2329,GARCIA MILLAN,SALMOREJO,SALMOREJO REMOLACHA GM 750ML,DINOSOL,,,,,,,,,,NOT_COMPARABLE_MISSING_VALIDATION,1,0,0,,,,,,,,,,,,,,,,,,,,,,,,,,,,,,,,,,,,,,,,,,,,,,,,,,,,,,,,,,,,,,,,,,,,,,,,,,,,,,,,,,,,,,,,,,,,,,,,,,,,,,,,,,,,,,,,,,,,,,,,,,,,,,,,,,,,,,,,,,,,,,,,,,,,,,,,,,,,,,,,,,,,,,,,,,,,,,,,,,,,,,,,,,,,,,,,,,,,,,,,,,,,,,,,2026-07-11 11:22:46.237,0,,NoForecastRowsMaterialized
9967,63,61,10461,1,2330,GARCIA MILLAN,SALMOREJO,SALMOREJO REMOLACHA GM 750ML,DONACIONES,,,,,,,,,,NOT_COMPARABLE_MISSING_VALIDATION,1,1,0,,,,,,,,,,,,,,,,,,,,,,,,,,,,,,,,,,,,,,,,,,,,,,,,,,,,,,,,,,,,,,,,,,,,,,,,,,,,,,,,,,,,,,,,,,,,,,,,,,,,,,,,,,,,,,,,,,,,,,,,,,,,,,,,,,,,,,,,,,,,,,,,,,,,,,,,,,,,,,,,,,,,,,,,,,,,,,,,,,,,,,,,,,,,,,,,,,,,,,,,,,,,,,,,2026-07-11 11:22:46.237,0,,NoForecastRowsMaterialized
9968,63,61,10461,1,2331,GARCIA MILLAN,SALMOREJO,SALMOREJO REMOLACHA GM 750ML,DRINKS SOL,,,,,,,,,,NOT_COMPARABLE_MISSING_VALIDATION,1,1,0,,,,,,,,,,,,,,,,,,,,,,,,,,,,,,,,,,,,,,,,,,,,,,,,,,,,,,,,,,,,,,,,,,,,,,,,,,,,,,,,,,,,,,,,,,,,,,,,,,,,,,,,,,,,,,,,,,,,,,,,,,,,,,,,,,,,,,,,,,,,,,,,,,,,,,,,,,,,,,,,,,,,,,,,,,,,,,,,,,,,,,,,,,,,,,,,,,,,,,,,,,,,,,,,2026-07-11 11:22:46.237,0,,NoForecastRowsMaterialized
9969,63,61,10461,1,2332,GARCIA MILLAN,SALMOREJO,SALMOREJO REMOLACHA GM 750ML,ESTABLECIMIENTOS PLAZA,,,,,,,,,,NOT_COMPARABLE_MISSING_VALIDATION,1,1,0,,,,,,,,,,,,,,,,,,,,,,,,,,,,,,,,,,,,,,,,,,,,,,,,,,,,,,,,,,,,,,,,,,,,,,,,,,,,,,,,,,,,,,,,,,,,,,,,,,,,,,,,,,,,,,,,,,,,,,,,,,,,,,,,,,,,,,,,,,,,,,,,,,,,,,,,,,,,,,,,,,,,,,,,,,,,,,,,,,,,,,,,,,,,,,,,,,,,,,,,,,,,,,,,2026-07-11 11:22:46.237,0,,
9970,63,61,10461,1,2333,GARCIA MILLAN,SALMOREJO,SALMOREJO REMOLACHA GM 750ML,FRUFOR,,,,,,,,,,NOT_COMPARABLE_MISSING_VALIDATION,1,0,0,,,,,,,,,,,,,,,,,,,,,,,,,,,,,,,,,,,,,,,,,,,,,,,,,,,,,,,,,,,,,,,,,,,,,,,,,,,,,,,,,,,,,,,,,,,,,,,,,,,,,,,,,,,,,,,,,,,,,,,,,,,,,,,,,,,,,,,,,,,,,,,,,,,,,,,,,,,,,,,,,,,,,,,,,,,,,,,,,,,,,,,,,,,,,,,,,,,,,,,,,,,,,,,,2026-07-11 11:22:46.237,0,,NoForecastRowsMaterialized
9971,63,61,10461,1,2334,GARCIA MILLAN,SALMOREJO,SALMOREJO REMOLACHA GM 750ML,FRUTAS MORA QUALITY,,,,,,,,,,NOT_COMPARABLE_MISSING_VALIDATION,1,0,0,,,,,,,,,,,,,,,,,,,,,,,,,,,,,,,,,,,,,,,,,,,,,,,,,,,,,,,,,,,,,,,,,,,,,,,,,,,,,,,,,,,,,,,,,,,,,,,,,,,,,,,,,,,,,,,,,,,,,,,,,,,,,,,,,,,,,,,,,,,,,,,,,,,,,,,,,,,,,,,,,,,,,,,,,,,,,,,,,,,,,,,,,,,,,,,,,,,,,,,,,,,,,,,,2026-07-11 11:22:46.237,0,,NoForecastRowsMaterialized
9972,63,61,10461,1,2335,GARCIA MILLAN,SALMOREJO,SALMOREJO REMOLACHA GM 750ML,GADISA,,,,,,,,,,NOT_COMPARABLE_MISSING_VALIDATION,1,0,0,,,,,,,,,,,,,,,,,,,,,,,,,,,,,,,,,,,,,,,,,,,,,,,,,,,,,,,,,,,,,,,,,,,,,,,,,,,,,,,,,,,,,,,,,,,,,,,,,,,,,,,,,,,,,,,,,,,,,,,,,,,,,,,,,,,,,,,,,,,,,,,,,,,,,,,,,,,,,,,,,,,,,,,,,,,,,,,,,,,,,,,,,,,,,,,,,,,,,,,,,,,,,,,,2026-07-11 11:22:46.237,0,,NoForecastRowsMaterialized
9973,63,61,10461,1,2336,GARCIA MILLAN,SALMOREJO,SALMOREJO REMOLACHA GM 750ML,GARIZUR,,,,,,,,,,NOT_COMPARABLE_MISSING_VALIDATION,1,1,0,,,,,,,,,,,,,,,,,,,,,,,,,,,,,,,,,,,,,,,,,,,,,,,,,,,,,,,,,,,,,,,,,,,,,,,,,,,,,,,,,,,,,,,,,,,,,,,,,,,,,,,,,,,,,,,,,,,,,,,,,,,,,,,,,,,,,,,,,,,,,,,,,,,,,,,,,,,,,,,,,,,,,,,,,,,,,,,,,,,,,,,,,,,,,,,,,,,,,,,,,,,,,,,,2026-07-11 11:22:46.237,0,,
9974,63,61,10461,1,2337,GARCIA MILLAN,SALMOREJO,SALMOREJO REMOLACHA GM 750ML,GASPAR TAPIA VILLAVERDE,,,,,,,,,,NOT_COMPARABLE_MISSING_VALIDATION,1,1,0,,,,,,,,,,,,,,,,,,,,,,,,,,,,,,,,,,,,,,,,,,,,,,,,,,,,,,,,,,,,,,,,,,,,,,,,,,,,,,,,,,,,,,,,,,,,,,,,,,,,,,,,,,,,,,,,,,,,,,,,,,,,,,,,,,,,,,,,,,,,,,,,,,,,,,,,,,,,,,,,,,,,,,,,,,,,,,,,,,,,,,,,,,,,,,,,,,,,,,,,,,,,,,,,2026-07-11 11:22:46.237,0,,
9975,63,61,10461,1,2338,GARCIA MILLAN,SALMOREJO,SALMOREJO REMOLACHA GM 750ML,GB FOODSERVICE,,,,,,,,,,NOT_COMPARABLE_MISSING_VALIDATION,1,1,0,,,,,,,,,,,,,,,,,,,,,,,,,,,,,,,,,,,,,,,,,,,,,,,,,,,,,,,,,,,,,,,,,,,,,,,,,,,,,,,,,,,,,,,,,,,,,,,,,,,,,,,,,,,,,,,,,,,,,,,,,,,,,,,,,,,,,,,,,,,,,,,,,,,,,,,,,,,,,,,,,,,,,,,,,,,,,,,,,,,,,,,,,,,,,,,,,,,,,,,,,,,,,,,,2026-07-11 11:22:46.237,0,,NoForecastRowsMaterialized
9976,63,61,10461,1,2339,GARCIA MILLAN,SALMOREJO,SALMOREJO REMOLACHA GM 750ML,GRUPO AUCHAN,,,,,,,,,,NOT_COMPARABLE_MISSING_VALIDATION,1,1,0,,,,,,,,,,,,,,,,,,,,,,,,,,,,,,,,,,,,,,,,,,,,,,,,,,,,,,,,,,,,,,,,,,,,,,,,,,,,,,,,,,,,,,,,,,,,,,,,,,,,,,,,,,,,,,,,,,,,,,,,,,,,,,,,,,,,,,,,,,,,,,,,,,,,,,,,,,,,,,,,,,,,,,,,,,,,,,,,,,,,,,,,,,,,,,,,,,,,,,,,,,,,,,,,2026-07-11 11:22:46.237,0,,
9977,63,61,10461,1,2340,GARCIA MILLAN,SALMOREJO,SALMOREJO REMOLACHA GM 750ML,GRUPO EL JAMON,,,,,,,,,,NOT_COMPARABLE_MISSING_VALIDATION,1,1,0,,,,,,,,,,,,,,,,,,,,,,,,,,,,,,,,,,,,,,,,,,,,,,,,,,,,,,,,,,,,,,,,,,,,,,,,,,,,,,,,,,,,,,,,,,,,,,,,,,,,,,,,,,,,,,,,,,,,,,,,,,,,,,,,,,,,,,,,,,,,,,,,,,,,,,,,,,,,,,,,,,,,,,,,,,,,,,,,,,,,,,,,,,,,,,,,,,,,,,,,,,,,,,,,2026-07-11 11:22:46.237,0,,
9978,63,61,10461,1,2341,GARCIA MILLAN,SALMOREJO,SALMOREJO REMOLACHA GM 750ML,GRUPO EROSKI,,,,,,,,,,NOT_COMPARABLE_MISSING_VALIDATION,1,1,0,,,,,,,,,,,,,,,,,,,,,,,,,,,,,,,,,,,,,,,,,,,,,,,,,,,,,,,,,,,,,,,,,,,,,,,,,,,,,,,,,,,,,,,,,,,,,,,,,,,,,,,,,,,,,,,,,,,,,,,,,,,,,,,,,,,,,,,,,,,,,,,,,,,,,,,,,,,,,,,,,,,,,,,,,,,,,,,,,,,,,,,,,,,,,,,,,,,,,,,,,,,,,,,,2026-07-11 11:22:46.237,0,,
9979,63,61,10461,1,2342,GARCIA MILLAN,SALMOREJO,SALMOREJO REMOLACHA GM 750ML,GRUPO FRUSUR,,,,,,,,,,NOT_COMPARABLE_MISSING_VALIDATION,1,0,0,,,,,,,,,,,,,,,,,,,,,,,,,,,,,,,,,,,,,,,,,,,,,,,,,,,,,,,,,,,,,,,,,,,,,,,,,,,,,,,,,,,,,,,,,,,,,,,,,,,,,,,,,,,,,,,,,,,,,,,,,,,,,,,,,,,,,,,,,,,,,,,,,,,,,,,,,,,,,,,,,,,,,,,,,,,,,,,,,,,,,,,,,,,,,,,,,,,,,,,,,,,,,,,,2026-07-11 11:22:46.237,0,,NoForecastRowsMaterialized
9980,63,61,10461,1,2343,GARCIA MILLAN,SALMOREJO,SALMOREJO REMOLACHA GM 750ML,HERMANOS MARTIN,,,,,,,,,,NOT_COMPARABLE_MISSING_VALIDATION,1,1,0,,,,,,,,,,,,,,,,,,,,,,,,,,,,,,,,,,,,,,,,,,,,,,,,,,,,,,,,,,,,,,,,,,,,,,,,,,,,,,,,,,,,,,,,,,,,,,,,,,,,,,,,,,,,,,,,,,,,,,,,,,,,,,,,,,,,,,,,,,,,,,,,,,,,,,,,,,,,,,,,,,,,,,,,,,,,,,,,,,,,,,,,,,,,,,,,,,,,,,,,,,,,,,,,2026-07-11 11:22:46.237,0,,
9981,63,61,10461,1,2344,GARCIA MILLAN,SALMOREJO,SALMOREJO REMOLACHA GM 750ML,HIPERBER,,,,,,,,,,NOT_COMPARABLE_MISSING_VALIDATION,1,1,0,,,,,,,,,,,,,,,,,,,,,,,,,,,,,,,,,,,,,,,,,,,,,,,,,,,,,,,,,,,,,,,,,,,,,,,,,,,,,,,,,,,,,,,,,,,,,,,,,,,,,,,,,,,,,,,,,,,,,,,,,,,,,,,,,,,,,,,,,,,,,,,,,,,,,,,,,,,,,,,,,,,,,,,,,,,,,,,,,,,,,,,,,,,,,,,,,,,,,,,,,,,,,,,,2026-07-11 11:22:46.237,0,,NoForecastRowsMaterialized
9982,63,61,10461,1,2345,GARCIA MILLAN,SALMOREJO,SALMOREJO REMOLACHA GM 750ML,JURADO GOURMET,,,,,,,,,,NOT_COMPARABLE_MISSING_VALIDATION,1,1,0,,,,,,,,,,,,,,,,,,,,,,,,,,,,,,,,,,,,,,,,,,,,,,,,,,,,,,,,,,,,,,,,,,,,,,,,,,,,,,,,,,,,,,,,,,,,,,,,,,,,,,,,,,,,,,,,,,,,,,,,,,,,,,,,,,,,,,,,,,,,,,,,,,,,,,,,,,,,,,,,,,,,,,,,,,,,,,,,,,,,,,,,,,,,,,,,,,,,,,,,,,,,,,,,2026-07-11 11:22:46.237,0,,NoForecastRowsMaterialized
9983,63,61,10461,1,2346,GARCIA MILLAN,SALMOREJO,SALMOREJO REMOLACHA GM 750ML,LIDL,,,,,,,,,,NOT_COMPARABLE_MISSING_VALIDATION,1,0,0,,,,,,,,,,,,,,,,,,,,,,,,,,,,,,,,,,,,,,,,,,,,,,,,,,,,,,,,,,,,,,,,,,,,,,,,,,,,,,,,,,,,,,,,,,,,,,,,,,,,,,,,,,,,,,,,,,,,,,,,,,,,,,,,,,,,,,,,,,,,,,,,,,,,,,,,,,,,,,,,,,,,,,,,,,,,,,,,,,,,,,,,,,,,,,,,,,,,,,,,,,,,,,,,2026-07-11 11:22:46.237,0,,NoForecastRowsMaterialized
9984,63,61,10461,1,2347,GARCIA MILLAN,SALMOREJO,SALMOREJO REMOLACHA GM 750ML,LOSAN DISTRIBUCIONES,,,,,,,,,,NOT_COMPARABLE_MISSING_VALIDATION,1,1,0,,,,,,,,,,,,,,,,,,,,,,,,,,,,,,,,,,,,,,,,,,,,,,,,,,,,,,,,,,,,,,,,,,,,,,,,,,,,,,,,,,,,,,,,,,,,,,,,,,,,,,,,,,,,,,,,,,,,,,,,,,,,,,,,,,,,,,,,,,,,,,,,,,,,,,,,,,,,,,,,,,,,,,,,,,,,,,,,,,,,,,,,,,,,,,,,,,,,,,,,,,,,,,,,2026-07-11 11:22:46.237,0,,NoForecastRowsMaterialized
9985,63,61,10461,1,2348,GARCIA MILLAN,SALMOREJO,SALMOREJO REMOLACHA GM 750ML,LUIS PIÃ‘A,,,,,,,,,,NOT_COMPARABLE_MISSING_VALIDATION,1,0,0,,,,,,,,,,,,,,,,,,,,,,,,,,,,,,,,,,,,,,,,,,,,,,,,,,,,,,,,,,,,,,,,,,,,,,,,,,,,,,,,,,,,,,,,,,,,,,,,,,,,,,,,,,,,,,,,,,,,,,,,,,,,,,,,,,,,,,,,,,,,,,,,,,,,,,,,,,,,,,,,,,,,,,,,,,,,,,,,,,,,,,,,,,,,,,,,,,,,,,,,,,,,,,,,2026-07-11 11:22:46.237,0,,NoForecastRowsMaterialized
9986,63,61,10461,1,2349,GARCIA MILLAN,SALMOREJO,SALMOREJO REMOLACHA GM 750ML,MARKETING,,,,,,,,,,NOT_COMPARABLE_MISSING_VALIDATION,1,0,0,,,,,,,,,,,,,,,,,,,,,,,,,,,,,,,,,,,,,,,,,,,,,,,,,,,,,,,,,,,,,,,,,,,,,,,,,,,,,,,,,,,,,,,,,,,,,,,,,,,,,,,,,,,,,,,,,,,,,,,,,,,,,,,,,,,,,,,,,,,,,,,,,,,,,,,,,,,,,,,,,,,,,,,,,,,,,,,,,,,,,,,,,,,,,,,,,,,,,,,,,,,,,,,,2026-07-11 11:22:46.237,0,,NoForecastRowsMaterialized
9987,63,61,10461,1,2350,GARCIA MILLAN,SALMOREJO,SALMOREJO REMOLACHA GM 750ML,MOISES MUÃ‘OZ E HIJOS,,,,,,,,,,NOT_COMPARABLE_MISSING_VALIDATION,1,0,0,,,,,,,,,,,,,,,,,,,,,,,,,,,,,,,,,,,,,,,,,,,,,,,,,,,,,,,,,,,,,,,,,,,,,,,,,,,,,,,,,,,,,,,,,,,,,,,,,,,,,,,,,,,,,,,,,,,,,,,,,,,,,,,,,,,,,,,,,,,,,,,,,,,,,,,,,,,,,,,,,,,,,,,,,,,,,,,,,,,,,,,,,,,,,,,,,,,,,,,,,,,,,,,,2026-07-11 11:22:46.237,0,,NoForecastRowsMaterialized
9988,63,61,10461,1,2351,GARCIA MILLAN,SALMOREJO,SALMOREJO REMOLACHA GM 750ML,MUESTRAS,,,,,,,,,,NOT_COMPARABLE_MISSING_VALIDATION,1,1,0,,,,,,,,,,,,,,,,,,,,,,,,,,,,,,,,,,,,,,,,,,,,,,,,,,,,,,,,,,,,,,,,,,,,,,,,,,,,,,,,,,,,,,,,,,,,,,,,,,,,,,,,,,,,,,,,,,,,,,,,,,,,,,,,,,,,,,,,,,,,,,,,,,,,,,,,,,,,,,,,,,,,,,,,,,,,,,,,,,,,,,,,,,,,,,,,,,,,,,,,,,,,,,,,2026-07-11 11:22:46.237,0,,
9989,63,61,10461,1,2352,GARCIA MILLAN,SALMOREJO,SALMOREJO REMOLACHA GM 750ML,PARQUE ISLA MAGICA,,,,,,,,,,NOT_COMPARABLE_MISSING_VALIDATION,1,1,0,,,,,,,,,,,,,,,,,,,,,,,,,,,,,,,,,,,,,,,,,,,,,,,,,,,,,,,,,,,,,,,,,,,,,,,,,,,,,,,,,,,,,,,,,,,,,,,,,,,,,,,,,,,,,,,,,,,,,,,,,,,,,,,,,,,,,,,,,,,,,,,,,,,,,,,,,,,,,,,,,,,,,,,,,,,,,,,,,,,,,,,,,,,,,,,,,,,,,,,,,,,,,,,,2026-07-11 11:22:46.237,0,,
9990,63,61,10461,1,2353,GARCIA MILLAN,SALMOREJO,SALMOREJO REMOLACHA GM 750ML,PARQUE NORTE,,,,,,,,,,NOT_COMPARABLE_MISSING_VALIDATION,1,0,0,,,,,,,,,,,,,,,,,,,,,,,,,,,,,,,,,,,,,,,,,,,,,,,,,,,,,,,,,,,,,,,,,,,,,,,,,,,,,,,,,,,,,,,,,,,,,,,,,,,,,,,,,,,,,,,,,,,,,,,,,,,,,,,,,,,,,,,,,,,,,,,,,,,,,,,,,,,,,,,,,,,,,,,,,,,,,,,,,,,,,,,,,,,,,,,,,,,,,,,,,,,,,,,,2026-07-11 11:22:46.237,0,,NoForecastRowsMaterialized
9991,63,61,10461,1,2354,GARCIA MILLAN,SALMOREJO,SALMOREJO REMOLACHA GM 750ML,PLASTICOSUR,,,,,,,,,,NOT_COMPARABLE_MISSING_VALIDATION,1,1,0,,,,,,,,,,,,,,,,,,,,,,,,,,,,,,,,,,,,,,,,,,,,,,,,,,,,,,,,,,,,,,,,,,,,,,,,,,,,,,,,,,,,,,,,,,,,,,,,,,,,,,,,,,,,,,,,,,,,,,,,,,,,,,,,,,,,,,,,,,,,,,,,,,,,,,,,,,,,,,,,,,,,,,,,,,,,,,,,,,,,,,,,,,,,,,,,,,,,,,,,,,,,,,,,2026-07-11 11:22:46.237,0,,
9992,63,61,10461,1,2355,GARCIA MILLAN,SALMOREJO,SALMOREJO REMOLACHA GM 750ML,PRIMAPRIX,,,,,,,,,,NOT_COMPARABLE_MISSING_VALIDATION,1,1,0,,,,,,,,,,,,,,,,,,,,,,,,,,,,,,,,,,,,,,,,,,,,,,,,,,,,,,,,,,,,,,,,,,,,,,,,,,,,,,,,,,,,,,,,,,,,,,,,,,,,,,,,,,,,,,,,,,,,,,,,,,,,,,,,,,,,,,,,,,,,,,,,,,,,,,,,,,,,,,,,,,,,,,,,,,,,,,,,,,,,,,,,,,,,,,,,,,,,,,,,,,,,,,,,2026-07-11 11:22:46.237,0,,
9993,63,61,10461,1,2356,GARCIA MILLAN,SALMOREJO,SALMOREJO REMOLACHA GM 750ML,PUNTO SADEAL UNIVERSAL,,,,,,,,,,NOT_COMPARABLE_MISSING_VALIDATION,1,1,0,,,,,,,,,,,,,,,,,,,,,,,,,,,,,,,,,,,,,,,,,,,,,,,,,,,,,,,,,,,,,,,,,,,,,,,,,,,,,,,,,,,,,,,,,,,,,,,,,,,,,,,,,,,,,,,,,,,,,,,,,,,,,,,,,,,,,,,,,,,,,,,,,,,,,,,,,,,,,,,,,,,,,,,,,,,,,,,,,,,,,,,,,,,,,,,,,,,,,,,,,,,,,,,,2026-07-11 11:22:46.237,0,,NoForecastRowsMaterialized
9994,63,61,10461,1,2357,GARCIA MILLAN,SALMOREJO,SALMOREJO REMOLACHA GM 750ML,RAFAEL OLIAS,,,,,,,,,,NOT_COMPARABLE_MISSING_VALIDATION,1,1,0,,,,,,,,,,,,,,,,,,,,,,,,,,,,,,,,,,,,,,,,,,,,,,,,,,,,,,,,,,,,,,,,,,,,,,,,,,,,,,,,,,,,,,,,,,,,,,,,,,,,,,,,,,,,,,,,,,,,,,,,,,,,,,,,,,,,,,,,,,,,,,,,,,,,,,,,,,,,,,,,,,,,,,,,,,,,,,,,,,,,,,,,,,,,,,,,,,,,,,,,,,,,,,,,2026-07-11 11:22:46.237,0,,
9995,63,61,10461,1,2358,GARCIA MILLAN,SALMOREJO,SALMOREJO REMOLACHA GM 750ML,RESTAURANTE MUCHO MAS,,,,,,,,,,NOT_COMPARABLE_MISSING_VALIDATION,1,1,0,,,,,,,,,,,,,,,,,,,,,,,,,,,,,,,,,,,,,,,,,,,,,,,,,,,,,,,,,,,,,,,,,,,,,,,,,,,,,,,,,,,,,,,,,,,,,,,,,,,,,,,,,,,,,,,,,,,,,,,,,,,,,,,,,,,,,,,,,,,,,,,,,,,,,,,,,,,,,,,,,,,,,,,,,,,,,,,,,,,,,,,,,,,,,,,,,,,,,,,,,,,,,,,,2026-07-11 11:22:46.237,0,,NoForecastRowsMaterialized
9996,63,61,10461,1,2359,GARCIA MILLAN,SALMOREJO,SALMOREJO REMOLACHA GM 750ML,SOALPE,,,,,,,,,,NOT_COMPARABLE_MISSING_VALIDATION,1,1,0,,,,,,,,,,,,,,,,,,,,,,,,,,,,,,,,,,,,,,,,,,,,,,,,,,,,,,,,,,,,,,,,,,,,,,,,,,,,,,,,,,,,,,,,,,,,,,,,,,,,,,,,,,,,,,,,,,,,,,,,,,,,,,,,,,,,,,,,,,,,,,,,,,,,,,,,,,,,,,,,,,,,,,,,,,,,,,,,,,,,,,,,,,,,,,,,,,,,,,,,,,,,,,,,2026-07-11 11:22:46.237,0,,
9997,63,61,10461,1,2360,GARCIA MILLAN,SALMOREJO,SALMOREJO REMOLACHA GM 750ML,TENIS BETIS,,,,,,,,,,NOT_COMPARABLE_MISSING_VALIDATION,1,1,0,,,,,,,,,,,,,,,,,,,,,,,,,,,,,,,,,,,,,,,,,,,,,,,,,,,,,,,,,,,,,,,,,,,,,,,,,,,,,,,,,,,,,,,,,,,,,,,,,,,,,,,,,,,,,,,,,,,,,,,,,,,,,,,,,,,,,,,,,,,,,,,,,,,,,,,,,,,,,,,,,,,,,,,,,,,,,,,,,,,,,,,,,,,,,,,,,,,,,,,,,,,,,,,,2026-07-11 11:22:46.237,0,,NoForecastRowsMaterialized
9998,63,61,10461,1,2361,GARCIA MILLAN,SALMOREJO,SALMOREJO REMOLACHA GM 750ML,UNIALCO,,,,,,,,,,NOT_COMPARABLE_MISSING_VALIDATION,1,0,0,,,,,,,,,,,,,,,,,,,,,,,,,,,,,,,,,,,,,,,,,,,,,,,,,,,,,,,,,,,,,,,,,,,,,,,,,,,,,,,,,,,,,,,,,,,,,,,,,,,,,,,,,,,,,,,,,,,,,,,,,,,,,,,,,,,,,,,,,,,,,,,,,,,,,,,,,,,,,,,,,,,,,,,,,,,,,,,,,,,,,,,,,,,,,,,,,,,,,,,,,,,,,,,,2026-07-11 11:22:46.237,0,,NoForecastRowsMaterialized
9999,63,61,10461,1,2362,GARCIA MILLAN,GAZPACHO,GAZPACHO MEDITERRANEO GM 1L,DISTRIBUCIONES CARDOSO,,,,,,,,,,NOT_COMPARABLE_MISSING_VALIDATION,1,0,0,,,,,,,,,,,,,,,,,,,,,,,,,,,,,,,,,,,,,,,,,,,,,,,,,,,,,,,,,,,,,,,,,,,,,,,,,,,,,,,,,,,,,,,,,,,,,,,,,,,,,,,,,,,,,,,,,,,,,,,,,,,,,,,,,,,,,,,,,,,,,,,,,,,,,,,,,,,,,,,,,,,,,,,,,,,,,,,,,,,,,,,,,,,,,,,,,,,,,,,,,,,,,,,,2026-07-11 11:22:46.237,0,,NoForecastRowsMaterialized
10000,63,61,10461,1,2363,GARCIA MILLAN,GAZPACHO,GAZPACHO MEDITERRANEO GM 1L,PLASTICOSUR,,,,,,,,,,NOT_COMPARABLE_MISSING_VALIDATION,1,0,0,,,,,,,,,,,,,,,,,,,,,,,,,,,,,,,,,,,,,,,,,,,,,,,,,,,,,,,,,,,,,,,,,,,,,,,,,,,,,,,,,,,,,,,,,,,,,,,,,,,,,,,,,,,,,,,,,,,,,,,,,,,,,,,,,,,,,,,,,,,,,,,,,,,,,,,,,,,,,,,,,,,,,,,,,,,,,,,,,,,,,,,,,,,,,,,,,,,,,,,,,,,,,,,,2026-07-11 11:22:46.237,0,,NoForecastRowsMaterialized
10001,63,61,10461,1,2364,GARCIA MILLAN,GAZPACHO,GAZPACHO MEDITERRANEO GM 1L,LUIS PIÃ‘A,,,,,,,,,,NOT_COMPARABLE_MISSING_VALIDATION,1,0,0,,,,,,,,,,,,,,,,,,,,,,,,,,,,,,,,,,,,,,,,,,,,,,,,,,,,,,,,,,,,,,,,,,,,,,,,,,,,,,,,,,,,,,,,,,,,,,,,,,,,,,,,,,,,,,,,,,,,,,,,,,,,,,,,,,,,,,,,,,,,,,,,,,,,,,,,,,,,,,,,,,,,,,,,,,,,,,,,,,,,,,,,,,,,,,,,,,,,,,,,,,,,,,,,2026-07-11 11:22:46.237,0,,NoForecastRowsMaterialized
10002,63,61,10461,1,2365,GARCIA MILLAN,GAZPACHO,GAZPACHO MEDITERRANEO GM 1L,HIPER USERA,,,,,,,,,,NOT_COMPARABLE_MISSING_VALIDATION,1,0,0,,,,,,,,,,,,,,,,,,,,,,,,,,,,,,,,,,,,,,,,,,,,,,,,,,,,,,,,,,,,,,,,,,,,,,,,,,,,,,,,,,,,,,,,,,,,,,,,,,,,,,,,,,,,,,,,,,,,,,,,,,,,,,,,,,,,,,,,,,,,,,,,,,,,,,,,,,,,,,,,,,,,,,,,,,,,,,,,,,,,,,,,,,,,,,,,,,,,,,,,,,,,,,,,2026-07-11 11:22:46.237,0,,NoForecastRowsMaterialized
10003,63,61,10461,1,2366,GARCIA MILLAN,GAZPACHO,GAZPACHO MEDITERRANEO GM 1L,JOAQUIN TARDIO,,,,,,,,,,NOT_COMPARABLE_MISSING_VALIDATION,1,0,0,,,,,,,,,,,,,,,,,,,,,,,,,,,,,,,,,,,,,,,,,,,,,,,,,,,,,,,,,,,,,,,,,,,,,,,,,,,,,,,,,,,,,,,,,,,,,,,,,,,,,,,,,,,,,,,,,,,,,,,,,,,,,,,,,,,,,,,,,,,,,,,,,,,,,,,,,,,,,,,,,,,,,,,,,,,,,,,,,,,,,,,,,,,,,,,,,,,,,,,,,,,,,,,,2026-07-11 11:22:46.237,0,,NoForecastRowsMaterialized
10004,63,61,10461,1,2367,GARCIA MILLAN,SALMOREJO,SALMOREJO REMOLACHA GM 750ML,DISTRIBUCIONES CARDOSO,,,,,,,,,,NOT_COMPARABLE_MISSING_VALIDATION,1,0,0,,,,,,,,,,,,,,,,,,,,,,,,,,,,,,,,,,,,,,,,,,,,,,,,,,,,,,,,,,,,,,,,,,,,,,,,,,,,,,,,,,,,,,,,,,,,,,,,,,,,,,,,,,,,,,,,,,,,,,,,,,,,,,,,,,,,,,,,,,,,,,,,,,,,,,,,,,,,,,,,,,,,,,,,,,,,,,,,,,,,,,,,,,,,,,,,,,,,,,,,,,,,,,,,2026-07-11 11:22:46.237,0,,NoForecastRowsMaterialized
10005,63,61,10461,1,2368,GARCIA MILLAN,SALMOREJO,SALMOREJO SIN PAN GM 1L,SUPER ARCOS,,,,,,,,,,NOT_COMPARABLE_MISSING_VALIDATION,1,0,0,,,,,,,,,,,,,,,,,,,,,,,,,,,,,,,,,,,,,,,,,,,,,,,,,,,,,,,,,,,,,,,,,,,,,,,,,,,,,,,,,,,,,,,,,,,,,,,,,,,,,,,,,,,,,,,,,,,,,,,,,,,,,,,,,,,,,,,,,,,,,,,,,,,,,,,,,,,,,,,,,,,,,,,,,,,,,,,,,,,,,,,,,,,,,,,,,,,,,,,,,,,,,,,,2026-07-11 11:22:46.237,0,,NoForecastRowsMaterialized
10006,63,61,10461,1,2369,GARCIA MILLAN,SALMOREJO,SALMOREJO SIN PAN GM 1L,DISTRIBUCIONES CARDOSO,,,,,,,,,,NOT_COMPARABLE_MISSING_VALIDATION,1,0,0,,,,,,,,,,,,,,,,,,,,,,,,,,,,,,,,,,,,,,,,,,,,,,,,,,,,,,,,,,,,,,,,,,,,,,,,,,,,,,,,,,,,,,,,,,,,,,,,,,,,,,,,,,,,,,,,,,,,,,,,,,,,,,,,,,,,,,,,,,,,,,,,,,,,,,,,,,,,,,,,,,,,,,,,,,,,,,,,,,,,,,,,,,,,,,,,,,,,,,,,,,,,,,,,2026-07-11 11:22:46.237,0,,NoForecastRowsMaterialized
10007,63,61,10461,1,2370,GARCIA MILLAN,SALMOREJO,SALMOREJO SIN PAN GM 330ML,JOAQUIN TARDIO,,,,,,,,,,NOT_COMPARABLE_MISSING_VALIDATION,1,0,0,,,,,,,,,,,,,,,,,,,,,,,,,,,,,,,,,,,,,,,,,,,,,,,,,,,,,,,,,,,,,,,,,,,,,,,,,,,,,,,,,,,,,,,,,,,,,,,,,,,,,,,,,,,,,,,,,,,,,,,,,,,,,,,,,,,,,,,,,,,,,,,,,,,,,,,,,,,,,,,,,,,,,,,,,,,,,,,,,,,,,,,,,,,,,,,,,,,,,,,,,,,,,,,,2026-07-11 11:22:46.237,0,,NoForecastRowsMaterialized
10008,63,61,10461,1,2371,GARCIA MILLAN,SALMOREJO,SALMOREJO SIN PAN GM 330ML,RAFAEL OLIAS,,,,,,,,,,NOT_COMPARABLE_MISSING_VALIDATION,1,0,0,,,,,,,,,,,,,,,,,,,,,,,,,,,,,,,,,,,,,,,,,,,,,,,,,,,,,,,,,,,,,,,,,,,,,,,,,,,,,,,,,,,,,,,,,,,,,,,,,,,,,,,,,,,,,,,,,,,,,,,,,,,,,,,,,,,,,,,,,,,,,,,,,,,,,,,,,,,,,,,,,,,,,,,,,,,,,,,,,,,,,,,,,,,,,,,,,,,,,,,,,,,,,,,,2026-07-11 11:22:46.237,0,,NoForecastRowsMaterialized
10009,63,61,10461,1,2372,GARCIA MILLAN,SALMOREJO,SALMOREJO SIN PAN GM 330ML,ESTABLECIMIENTOS PLAZA,,,,,,,,,,NOT_COMPARABLE_MISSING_VALIDATION,1,0,0,,,,,,,,,,,,,,,,,,,,,,,,,,,,,,,,,,,,,,,,,,,,,,,,,,,,,,,,,,,,,,,,,,,,,,,,,,,,,,,,,,,,,,,,,,,,,,,,,,,,,,,,,,,,,,,,,,,,,,,,,,,,,,,,,,,,,,,,,,,,,,,,,,,,,,,,,,,,,,,,,,,,,,,,,,,,,,,,,,,,,,,,,,,,,,,,,,,,,,,,,,,,,,,,2026-07-11 11:22:46.237,0,,NoForecastRowsMaterialized
10010,63,61,10461,1,2373,GARCIA MILLAN,SALMOREJO,SALMOREJO SIN PAN GM 330ML,COMERCIAL PIEDRA TRUJILLO,,,,,,,,,,NOT_COMPARABLE_MISSING_VALIDATION,1,0,0,,,,,,,,,,,,,,,,,,,,,,,,,,,,,,,,,,,,,,,,,,,,,,,,,,,,,,,,,,,,,,,,,,,,,,,,,,,,,,,,,,,,,,,,,,,,,,,,,,,,,,,,,,,,,,,,,,,,,,,,,,,,,,,,,,,,,,,,,,,,,,,,,,,,,,,,,,,,,,,,,,,,,,,,,,,,,,,,,,,,,,,,,,,,,,,,,,,,,,,,,,,,,,,,2026-07-11 11:22:46.237,0,,NoForecastRowsMaterialized
10011,63,61,10461,1,2374,GARCIA MILLAN,SALMOREJO,SALMOREJO SIN PAN GM 330ML,DISTRIBUCIONES CARDOSO,,,,,,,,,,NOT_COMPARABLE_MISSING_VALIDATION,1,0,0,,,,,,,,,,,,,,,,,,,,,,,,,,,,,,,,,,,,,,,,,,,,,,,,,,,,,,,,,,,,,,,,,,,,,,,,,,,,,,,,,,,,,,,,,,,,,,,,,,,,,,,,,,,,,,,,,,,,,,,,,,,,,,,,,,,,,,,,,,,,,,,,,,,,,,,,,,,,,,,,,,,,,,,,,,,,,,,,,,,,,,,,,,,,,,,,,,,,,,,,,,,,,,,,2026-07-11 11:22:46.237,0,,NoForecastRowsMaterialized
10012,63,61,10461,1,2375,GARCIA MILLAN,SALMOREJO,SALMOREJO SIN PAN GM 330ML,RUIZ GALAN,,,,,,,,,,NOT_COMPARABLE_MISSING_VALIDATION,1,0,0,,,,,,,,,,,,,,,,,,,,,,,,,,,,,,,,,,,,,,,,,,,,,,,,,,,,,,,,,,,,,,,,,,,,,,,,,,,,,,,,,,,,,,,,,,,,,,,,,,,,,,,,,,,,,,,,,,,,,,,,,,,,,,,,,,,,,,,,,,,,,,,,,,,,,,,,,,,,,,,,,,,,,,,,,,,,,,,,,,,,,,,,,,,,,,,,,,,,,,,,,,,,,,,,2026-07-11 11:22:46.237,0,,NoForecastRowsMaterialized
"10013,63,61,10461,1,2376,GARCIA MILLAN,GAZPACHO,""GAZPACHO MEDITERRANEO GM 1,15L"",MUESTRAS,,,,,,,,,,NOT_COMPARABLE_MISSING_VALIDATION,1,1,0,,,,,,,,,,,,,,,,,,,,,,,,,,,,,,,,,,,,,,,,,,,,,,,,,,,,,,,,,,,,,,,,,,,,,,,,,,,,,,,,,,,,,,,,,,,,,,,,,,,,,,,,,,,,,,,,,,,,,,,,,,,,,,,,,,,,,,,,,,,,,,,,,,,,,,,,,,,,,,,,,,,,,,,,,,,,,,,,,,,,,,,,,,,,,,,,,,,,,,,,,,,,,,,,2026-07-11 11:22:46.237,0,,NoForecastRowsMaterialized"
"10014,63,61,10461,1,2377,GARCIA MILLAN,GAZPACHO,""GAZPACHO TRADICIONAL GM 1,15L"",MUESTRAS,,,,,,,,,,NOT_COMPARABLE_MISSING_VALIDATION,1,1,0,,,,,,,,,,,,,,,,,,,,,,,,,,,,,,,,,,,,,,,,,,,,,,,,,,,,,,,,,,,,,,,,,,,,,,,,,,,,,,,,,,,,,,,,,,,,,,,,,,,,,,,,,,,,,,,,,,,,,,,,,,,,,,,,,,,,,,,,,,,,,,,,,,,,,,,,,,,,,,,,,,,,,,,,,,,,,,,,,,,,,,,,,,,,,,,,,,,,,,,,,,,,,,,,2026-07-11 11:22:46.237,0,,NoForecastRowsMaterialized"
10015,63,61,10461,1,2378,GARCIA MILLAN,GAZPACHO,GAZPACHO TRADICIONAL GM 330ML,REPSOL,,,,,,,,,,NOT_COMPARABLE_MISSING_VALIDATION,1,1,0,,,,,,,,,,,,,,,,,,,,,,,,,,,,,,,,,,,,,,,,,,,,,,,,,,,,,,,,,,,,,,,,,,,,,,,,,,,,,,,,,,,,,,,,,,,,,,,,,,,,,,,,,,,,,,,,,,,,,,,,,,,,,,,,,,,,,,,,,,,,,,,,,,,,,,,,,,,,,,,,,,,,,,,,,,,,,,,,,,,,,,,,,,,,,,,,,,,,,,,,,,,,,,,,2026-07-11 11:22:46.237,0,,NoForecastRowsMaterialized
"10016,63,61,10461,1,2379,GARCIA MILLAN,SALMOREJO,""SALMOREJO SIN PAN GM 1,15L"",MUESTRAS,,,,,,,,,,NOT_COMPARABLE_MISSING_VALIDATION,1,1,0,,,,,,,,,,,,,,,,,,,,,,,,,,,,,,,,,,,,,,,,,,,,,,,,,,,,,,,,,,,,,,,,,,,,,,,,,,,,,,,,,,,,,,,,,,,,,,,,,,,,,,,,,,,,,,,,,,,,,,,,,,,,,,,,,,,,,,,,,,,,,,,,,,,,,,,,,,,,,,,,,,,,,,,,,,,,,,,,,,,,,,,,,,,,,,,,,,,,,,,,,,,,,,,,2026-07-11 11:22:46.237,0,,NoForecastRowsMaterialized"
10017,63,61,10461,1,2380,GARCIA MILLAN,SALMOREJO,SALMOREJO SIN PAN GM 330ML,REPSOL,,,,,,,,,,NOT_COMPARABLE_MISSING_VALIDATION,1,1,0,,,,,,,,,,,,,,,,,,,,,,,,,,,,,,,,,,,,,,,,,,,,,,,,,,,,,,,,,,,,,,,,,,,,,,,,,,,,,,,,,,,,,,,,,,,,,,,,,,,,,,,,,,,,,,,,,,,,,,,,,,,,,,,,,,,,,,,,,,,,,,,,,,,,,,,,,,,,,,,,,,,,,,,,,,,,,,,,,,,,,,,,,,,,,,,,,,,,,,,,,,,,,,,,2026-07-11 11:22:46.237,0,,NoForecastRowsMaterialized
"10018,63,61,10461,1,2381,GARCIA MILLAN,GAZPACHO,""GAZPACHO MEDITERRANEO GM 1,15L"",GB FOODSERVICE,,,,,,,,,,NOT_COMPARABLE_MISSING_VALIDATION,1,1,0,,,,,,,,,,,,,,,,,,,,,,,,,,,,,,,,,,,,,,,,,,,,,,,,,,,,,,,,,,,,,,,,,,,,,,,,,,,,,,,,,,,,,,,,,,,,,,,,,,,,,,,,,,,,,,,,,,,,,,,,,,,,,,,,,,,,,,,,,,,,,,,,,,,,,,,,,,,,,,,,,,,,,,,,,,,,,,,,,,,,,,,,,,,,,,,,,,,,,,,,,,,,,,,,2026-07-11 11:22:46.237,0,,NoForecastRowsMaterialized"
10019,63,61,10461,1,2382,GARCIA MILLAN,GAZPACHO,GAZPACHO TRADICIONAL GM 330ML,GB FOODSERVICE,,,,,,,,,,NOT_COMPARABLE_MISSING_VALIDATION,1,1,0,,,,,,,,,,,,,,,,,,,,,,,,,,,,,,,,,,,,,,,,,,,,,,,,,,,,,,,,,,,,,,,,,,,,,,,,,,,,,,,,,,,,,,,,,,,,,,,,,,,,,,,,,,,,,,,,,,,,,,,,,,,,,,,,,,,,,,,,,,,,,,,,,,,,,,,,,,,,,,,,,,,,,,,,,,,,,,,,,,,,,,,,,,,,,,,,,,,,,,,,,,,,,,,,2026-07-11 11:22:46.237,0,,NoForecastRowsMaterialized
10020,63,61,10461,1,2383,GARCIA MILLAN,SALMOREJO,SALMOREJO SIN PAN GM 1L,ALDI,,,,,,,,,,NOT_COMPARABLE_MISSING_VALIDATION,1,1,0,,,,,,,,,,,,,,,,,,,,,,,,,,,,,,,,,,,,,,,,,,,,,,,,,,,,,,,,,,,,,,,,,,,,,,,,,,,,,,,,,,,,,,,,,,,,,,,,,,,,,,,,,,,,,,,,,,,,,,,,,,,,,,,,,,,,,,,,,,,,,,,,,,,,,,,,,,,,,,,,,,,,,,,,,,,,,,,,,,,,,,,,,,,,,,,,,,,,,,,,,,,,,,,,2026-07-11 11:22:46.237,0,,NoForecastRowsMaterialized
10021,63,61,10461,1,2384,GARCIA MILLAN,SALMOREJO,SALMOREJO SIN PAN GM 1L,SOLA RICCA,,,,,,,,,,NOT_COMPARABLE_MISSING_VALIDATION,1,1,0,,,,,,,,,,,,,,,,,,,,,,,,,,,,,,,,,,,,,,,,,,,,,,,,,,,,,,,,,,,,,,,,,,,,,,,,,,,,,,,,,,,,,,,,,,,,,,,,,,,,,,,,,,,,,,,,,,,,,,,,,,,,,,,,,,,,,,,,,,,,,,,,,,,,,,,,,,,,,,,,,,,,,,,,,,,,,,,,,,,,,,,,,,,,,,,,,,,,,,,,,,,,,,,,2026-07-11 11:22:46.237,0,,NoForecastRowsMaterialized
10022,63,61,10461,1,2385,GARCIA MILLAN,GAZPACHO,GAZPACHO ANDALUZ GM 330ML,MASKOM,,,,,,,,,,NOT_COMPARABLE_MISSING_VALIDATION,1,1,0,,,,,,,,,,,,,,,,,,,,,,,,,,,,,,,,,,,,,,,,,,,,,,,,,,,,,,,,,,,,,,,,,,,,,,,,,,,,,,,,,,,,,,,,,,,,,,,,,,,,,,,,,,,,,,,,,,,,,,,,,,,,,,,,,,,,,,,,,,,,,,,,,,,,,,,,,,,,,,,,,,,,,,,,,,,,,,,,,,,,,,,,,,,,,,,,,,,,,,,,,,,,,,,,2026-07-11 11:22:46.237,0,,NoForecastRowsMaterialized
"10023,63,61,10461,1,2386,GARCIA MILLAN,GAZPACHO,""GAZPACHO TRADICIONAL GM 1,15L"",GB FOODSERVICE,,,,,,,,,,NOT_COMPARABLE_MISSING_VALIDATION,1,1,0,,,,,,,,,,,,,,,,,,,,,,,,,,,,,,,,,,,,,,,,,,,,,,,,,,,,,,,,,,,,,,,,,,,,,,,,,,,,,,,,,,,,,,,,,,,,,,,,,,,,,,,,,,,,,,,,,,,,,,,,,,,,,,,,,,,,,,,,,,,,,,,,,,,,,,,,,,,,,,,,,,,,,,,,,,,,,,,,,,,,,,,,,,,,,,,,,,,,,,,,,,,,,,,,2026-07-11 11:22:46.237,0,,NoForecastRowsMaterialized"
"10024,63,61,10461,1,2387,GARCIA MILLAN,SALMOREJO,""SALMOREJO SIN PAN GM 1,15L"",GB FOODSERVICE,,,,,,,,,,NOT_COMPARABLE_MISSING_VALIDATION,1,1,0,,,,,,,,,,,,,,,,,,,,,,,,,,,,,,,,,,,,,,,,,,,,,,,,,,,,,,,,,,,,,,,,,,,,,,,,,,,,,,,,,,,,,,,,,,,,,,,,,,,,,,,,,,,,,,,,,,,,,,,,,,,,,,,,,,,,,,,,,,,,,,,,,,,,,,,,,,,,,,,,,,,,,,,,,,,,,,,,,,,,,,,,,,,,,,,,,,,,,,,,,,,,,,,,2026-07-11 11:22:46.237,0,,NoForecastRowsMaterialized"
10025,63,61,10461,1,2388,GARCIA MILLAN,SALMOREJO,SALMOREJO SIN PAN GM 1L,MASKOM,,,,,,,,,,NOT_COMPARABLE_MISSING_VALIDATION,1,1,0,,,,,,,,,,,,,,,,,,,,,,,,,,,,,,,,,,,,,,,,,,,,,,,,,,,,,,,,,,,,,,,,,,,,,,,,,,,,,,,,,,,,,,,,,,,,,,,,,,,,,,,,,,,,,,,,,,,,,,,,,,,,,,,,,,,,,,,,,,,,,,,,,,,,,,,,,,,,,,,,,,,,,,,,,,,,,,,,,,,,,,,,,,,,,,,,,,,,,,,,,,,,,,,,2026-07-11 11:22:46.237,0,,NoForecastRowsMaterialized
10026,63,61,10461,1,2389,GARCIA MILLAN,SALMOREJO,SALMOREJO SIN PAN GM 330ML,GB FOODSERVICE,,,,,,,,,,NOT_COMPARABLE_MISSING_VALIDATION,1,1,0,,,,,,,,,,,,,,,,,,,,,,,,,,,,,,,,,,,,,,,,,,,,,,,,,,,,,,,,,,,,,,,,,,,,,,,,,,,,,,,,,,,,,,,,,,,,,,,,,,,,,,,,,,,,,,,,,,,,,,,,,,,,,,,,,,,,,,,,,,,,,,,,,,,,,,,,,,,,,,,,,,,,,,,,,,,,,,,,,,,,,,,,,,,,,,,,,,,,,,,,,,,,,,,,2026-07-11 11:22:46.237,0,,NoForecastRowsMaterialized
10027,63,61,10461,1,2390,GARCIA MILLAN,SALMOREJO,SALMOREJO SIN PAN GM 330ML,MASKOM,,,,,,,,,,NOT_COMPARABLE_MISSING_VALIDATION,1,1,0,,,,,,,,,,,,,,,,,,,,,,,,,,,,,,,,,,,,,,,,,,,,,,,,,,,,,,,,,,,,,,,,,,,,,,,,,,,,,,,,,,,,,,,,,,,,,,,,,,,,,,,,,,,,,,,,,,,,,,,,,,,,,,,,,,,,,,,,,,,,,,,,,,,,,,,,,,,,,,,,,,,,,,,,,,,,,,,,,,,,,,,,,,,,,,,,,,,,,,,,,,,,,,,,2026-07-11 11:22:46.237,0,,NoForecastRowsMaterialized
10028,63,61,10461,1,2391,GARCIA MILLAN,GAZPACHO,GAZPACHO ANDALUZ GM 1L,CASH SAYMU,,,,,,,,,,NOT_COMPARABLE_MISSING_VALIDATION,1,1,0,,,,,,,,,,,,,,,,,,,,,,,,,,,,,,,,,,,,,,,,,,,,,,,,,,,,,,,,,,,,,,,,,,,,,,,,,,,,,,,,,,,,,,,,,,,,,,,,,,,,,,,,,,,,,,,,,,,,,,,,,,,,,,,,,,,,,,,,,,,,,,,,,,,,,,,,,,,,,,,,,,,,,,,,,,,,,,,,,,,,,,,,,,,,,,,,,,,,,,,,,,,,,,,,2026-07-11 11:22:46.237,0,,NoForecastRowsMaterialized
10029,63,61,10461,1,2392,GARCIA MILLAN,GAZPACHO,GAZPACHO ANDALUZ GM 330ML,CASH SAYMU,,,,,,,,,,NOT_COMPARABLE_MISSING_VALIDATION,1,1,0,,,,,,,,,,,,,,,,,,,,,,,,,,,,,,,,,,,,,,,,,,,,,,,,,,,,,,,,,,,,,,,,,,,,,,,,,,,,,,,,,,,,,,,,,,,,,,,,,,,,,,,,,,,,,,,,,,,,,,,,,,,,,,,,,,,,,,,,,,,,,,,,,,,,,,,,,,,,,,,,,,,,,,,,,,,,,,,,,,,,,,,,,,,,,,,,,,,,,,,,,,,,,,,,2026-07-11 11:22:46.237,0,,NoForecastRowsMaterialized
10030,63,61,10461,1,2393,GARCIA MILLAN,GAZPACHO,GAZPACHO ANDALUZ GM 330ML,DISTRIBUCIONES FROIZ,,,,,,,,,,NOT_COMPARABLE_MISSING_VALIDATION,1,1,0,,,,,,,,,,,,,,,,,,,,,,,,,,,,,,,,,,,,,,,,,,,,,,,,,,,,,,,,,,,,,,,,,,,,,,,,,,,,,,,,,,,,,,,,,,,,,,,,,,,,,,,,,,,,,,,,,,,,,,,,,,,,,,,,,,,,,,,,,,,,,,,,,,,,,,,,,,,,,,,,,,,,,,,,,,,,,,,,,,,,,,,,,,,,,,,,,,,,,,,,,,,,,,,,2026-07-11 11:22:46.237,0,,NoForecastRowsMaterialized
10031,63,61,10461,1,2394,GARCIA MILLAN,GAZPACHO,GAZPACHO FRESON GM 750ML,CASH SAYMU,,,,,,,,,,NOT_COMPARABLE_MISSING_VALIDATION,1,1,0,,,,,,,,,,,,,,,,,,,,,,,,,,,,,,,,,,,,,,,,,,,,,,,,,,,,,,,,,,,,,,,,,,,,,,,,,,,,,,,,,,,,,,,,,,,,,,,,,,,,,,,,,,,,,,,,,,,,,,,,,,,,,,,,,,,,,,,,,,,,,,,,,,,,,,,,,,,,,,,,,,,,,,,,,,,,,,,,,,,,,,,,,,,,,,,,,,,,,,,,,,,,,,,,2026-07-11 11:22:46.237,0,,NoForecastRowsMaterialized
10032,63,61,10461,1,2396,GARCIA MILLAN,GAZPACHO,GAZPACHO FRESON GM 750ML EX,GRUPO MARNIERE,,,,,,,,,,NOT_COMPARABLE_MISSING_VALIDATION,1,1,0,,,,,,,,,,,,,,,,,,,,,,,,,,,,,,,,,,,,,,,,,,,,,,,,,,,,,,,,,,,,,,,,,,,,,,,,,,,,,,,,,,,,,,,,,,,,,,,,,,,,,,,,,,,,,,,,,,,,,,,,,,,,,,,,,,,,,,,,,,,,,,,,,,,,,,,,,,,,,,,,,,,,,,,,,,,,,,,,,,,,,,,,,,,,,,,,,,,,,,,,,,,,,,,,2026-07-11 11:22:46.237,0,,NoForecastRowsMaterialized
10033,63,61,10461,1,2397,GARCIA MILLAN,GAZPACHO,GAZPACHO SUAVE GM 1L,CASH SAYMU,,,,,,,,,,NOT_COMPARABLE_MISSING_VALIDATION,1,1,0,,,,,,,,,,,,,,,,,,,,,,,,,,,,,,,,,,,,,,,,,,,,,,,,,,,,,,,,,,,,,,,,,,,,,,,,,,,,,,,,,,,,,,,,,,,,,,,,,,,,,,,,,,,,,,,,,,,,,,,,,,,,,,,,,,,,,,,,,,,,,,,,,,,,,,,,,,,,,,,,,,,,,,,,,,,,,,,,,,,,,,,,,,,,,,,,,,,,,,,,,,,,,,,,2026-07-11 11:22:46.237,0,,NoForecastRowsMaterialized
10034,63,61,10461,1,2399,GARCIA MILLAN,GAZPACHO,GAZPACHO TRADICION GM 330ML EX,GRUPO MARNIERE,,,,,,,,,,NOT_COMPARABLE_MISSING_VALIDATION,1,1,0,,,,,,,,,,,,,,,,,,,,,,,,,,,,,,,,,,,,,,,,,,,,,,,,,,,,,,,,,,,,,,,,,,,,,,,,,,,,,,,,,,,,,,,,,,,,,,,,,,,,,,,,,,,,,,,,,,,,,,,,,,,,,,,,,,,,,,,,,,,,,,,,,,,,,,,,,,,,,,,,,,,,,,,,,,,,,,,,,,,,,,,,,,,,,,,,,,,,,,,,,,,,,,,,2026-07-11 11:22:46.237,0,,NoForecastRowsMaterialized
10035,63,61,10461,1,2401,GARCIA MILLAN,GAZPACHO,GAZPACHO TRADICIONAL GM 1L EX,GRUPO MARNIERE,,,,,,,,,,NOT_COMPARABLE_MISSING_VALIDATION,1,1,0,,,,,,,,,,,,,,,,,,,,,,,,,,,,,,,,,,,,,,,,,,,,,,,,,,,,,,,,,,,,,,,,,,,,,,,,,,,,,,,,,,,,,,,,,,,,,,,,,,,,,,,,,,,,,,,,,,,,,,,,,,,,,,,,,,,,,,,,,,,,,,,,,,,,,,,,,,,,,,,,,,,,,,,,,,,,,,,,,,,,,,,,,,,,,,,,,,,,,,,,,,,,,,,,2026-07-11 11:22:46.237,0,,NoForecastRowsMaterialized
10036,63,61,10461,1,2402,GARCIA MILLAN,GAZPACHO,GAZPACHO TRADICIONAL GM 1L EX,MUESTRAS,,,,,,,,,,NOT_COMPARABLE_MISSING_VALIDATION,1,1,0,,,,,,,,,,,,,,,,,,,,,,,,,,,,,,,,,,,,,,,,,,,,,,,,,,,,,,,,,,,,,,,,,,,,,,,,,,,,,,,,,,,,,,,,,,,,,,,,,,,,,,,,,,,,,,,,,,,,,,,,,,,,,,,,,,,,,,,,,,,,,,,,,,,,,,,,,,,,,,,,,,,,,,,,,,,,,,,,,,,,,,,,,,,,,,,,,,,,,,,,,,,,,,,,2026-07-11 11:22:46.237,0,,NoForecastRowsMaterialized
10037,63,61,10461,1,2403,GARCIA MILLAN,SALMOREJO,SALMOREJO ORIGINAL GM 1L,CASH SAYMU,,,,,,,,,,NOT_COMPARABLE_MISSING_VALIDATION,1,1,0,,,,,,,,,,,,,,,,,,,,,,,,,,,,,,,,,,,,,,,,,,,,,,,,,,,,,,,,,,,,,,,,,,,,,,,,,,,,,,,,,,,,,,,,,,,,,,,,,,,,,,,,,,,,,,,,,,,,,,,,,,,,,,,,,,,,,,,,,,,,,,,,,,,,,,,,,,,,,,,,,,,,,,,,,,,,,,,,,,,,,,,,,,,,,,,,,,,,,,,,,,,,,,,,2026-07-11 11:22:46.237,0,,NoForecastRowsMaterialized
10038,63,61,10461,1,2404,GARCIA MILLAN,SALMOREJO,SALMOREJO ORIGINAL GM 330ML,CASH SAYMU,,,,,,,,,,NOT_COMPARABLE_MISSING_VALIDATION,1,1,0,,,,,,,,,,,,,,,,,,,,,,,,,,,,,,,,,,,,,,,,,,,,,,,,,,,,,,,,,,,,,,,,,,,,,,,,,,,,,,,,,,,,,,,,,,,,,,,,,,,,,,,,,,,,,,,,,,,,,,,,,,,,,,,,,,,,,,,,,,,,,,,,,,,,,,,,,,,,,,,,,,,,,,,,,,,,,,,,,,,,,,,,,,,,,,,,,,,,,,,,,,,,,,,,2026-07-11 11:22:46.237,0,,NoForecastRowsMaterialized
10039,63,61,10461,1,2406,GARCIA MILLAN,SALMOREJO,SALMOREJO REMOLAC GM 750 ML EX,GRUPO MARNIERE,,,,,,,,,,NOT_COMPARABLE_MISSING_VALIDATION,1,1,0,,,,,,,,,,,,,,,,,,,,,,,,,,,,,,,,,,,,,,,,,,,,,,,,,,,,,,,,,,,,,,,,,,,,,,,,,,,,,,,,,,,,,,,,,,,,,,,,,,,,,,,,,,,,,,,,,,,,,,,,,,,,,,,,,,,,,,,,,,,,,,,,,,,,,,,,,,,,,,,,,,,,,,,,,,,,,,,,,,,,,,,,,,,,,,,,,,,,,,,,,,,,,,,,2026-07-11 11:22:46.237,0,,NoForecastRowsMaterialized
10040,63,61,10461,1,2407,GARCIA MILLAN,SALMOREJO,SALMOREJO REMOLACHA GM 750ML,CASH SAYMU,,,,,,,,,,NOT_COMPARABLE_MISSING_VALIDATION,1,1,0,,,,,,,,,,,,,,,,,,,,,,,,,,,,,,,,,,,,,,,,,,,,,,,,,,,,,,,,,,,,,,,,,,,,,,,,,,,,,,,,,,,,,,,,,,,,,,,,,,,,,,,,,,,,,,,,,,,,,,,,,,,,,,,,,,,,,,,,,,,,,,,,,,,,,,,,,,,,,,,,,,,,,,,,,,,,,,,,,,,,,,,,,,,,,,,,,,,,,,,,,,,,,,,,2026-07-11 11:22:46.237,0,,NoForecastRowsMaterialized
10041,63,61,10461,1,2408,GARCIA MILLAN,SALMOREJO,SALMOREJO SIN PAN GM 1L,CASH SAYMU,,,,,,,,,,NOT_COMPARABLE_MISSING_VALIDATION,1,1,0,,,,,,,,,,,,,,,,,,,,,,,,,,,,,,,,,,,,,,,,,,,,,,,,,,,,,,,,,,,,,,,,,,,,,,,,,,,,,,,,,,,,,,,,,,,,,,,,,,,,,,,,,,,,,,,,,,,,,,,,,,,,,,,,,,,,,,,,,,,,,,,,,,,,,,,,,,,,,,,,,,,,,,,,,,,,,,,,,,,,,,,,,,,,,,,,,,,,,,,,,,,,,,,,2026-07-11 11:22:46.237,0,,NoForecastRowsMaterialized
10042,63,61,10461,1,2410,GARCIA MILLAN,SALMOREJO,SALMOREJO SIN PAN GM 1L EX,GRUPO MARNIERE,,,,,,,,,,NOT_COMPARABLE_MISSING_VALIDATION,1,1,0,,,,,,,,,,,,,,,,,,,,,,,,,,,,,,,,,,,,,,,,,,,,,,,,,,,,,,,,,,,,,,,,,,,,,,,,,,,,,,,,,,,,,,,,,,,,,,,,,,,,,,,,,,,,,,,,,,,,,,,,,,,,,,,,,,,,,,,,,,,,,,,,,,,,,,,,,,,,,,,,,,,,,,,,,,,,,,,,,,,,,,,,,,,,,,,,,,,,,,,,,,,,,,,,2026-07-11 11:22:46.237,0,,NoForecastRowsMaterialized
10043,63,61,10461,1,2411,GARCIA MILLAN,SALMOREJO,SALMOREJO SIN PAN GM 330ML,DISTRIBUCIONES FROIZ,,,,,,,,,,NOT_COMPARABLE_MISSING_VALIDATION,1,1,0,,,,,,,,,,,,,,,,,,,,,,,,,,,,,,,,,,,,,,,,,,,,,,,,,,,,,,,,,,,,,,,,,,,,,,,,,,,,,,,,,,,,,,,,,,,,,,,,,,,,,,,,,,,,,,,,,,,,,,,,,,,,,,,,,,,,,,,,,,,,,,,,,,,,,,,,,,,,,,,,,,,,,,,,,,,,,,,,,,,,,,,,,,,,,,,,,,,,,,,,,,,,,,,,2026-07-11 11:22:46.237,0,,NoForecastRowsMaterialized
10044,63,61,10461,1,2413,GARCIA MILLAN,SALMOREJO,SALMOREJO SIN PAN GM 330ML EX,GRUPO MARNIERE,,,,,,,,,,NOT_COMPARABLE_MISSING_VALIDATION,1,1,0,,,,,,,,,,,,,,,,,,,,,,,,,,,,,,,,,,,,,,,,,,,,,,,,,,,,,,,,,,,,,,,,,,,,,,,,,,,,,,,,,,,,,,,,,,,,,,,,,,,,,,,,,,,,,,,,,,,,,,,,,,,,,,,,,,,,,,,,,,,,,,,,,,,,,,,,,,,,,,,,,,,,,,,,,,,,,,,,,,,,,,,,,,,,,,,,,,,,,,,,,,,,,,,,2026-07-11 11:22:46.237,0,,NoForecastRowsMaterialized
10045,63,61,10461,1,2414,GARCIA MILLAN,GAZPACHO,GAZPACHO FRESON GM 750ML,BUTTERFLY,,,,,,,,,,NOT_COMPARABLE_MISSING_VALIDATION,1,1,0,,,,,,,,,,,,,,,,,,,,,,,,,,,,,,,,,,,,,,,,,,,,,,,,,,,,,,,,,,,,,,,,,,,,,,,,,,,,,,,,,,,,,,,,,,,,,,,,,,,,,,,,,,,,,,,,,,,,,,,,,,,,,,,,,,,,,,,,,,,,,,,,,,,,,,,,,,,,,,,,,,,,,,,,,,,,,,,,,,,,,,,,,,,,,,,,,,,,,,,,,,,,,,,,2026-07-11 11:22:46.237,0,,
10046,63,61,10461,1,2415,GARCIA MILLAN,GAZPACHO,GAZPACHO FRESON GM 750ML EX,MUESTRAS,,,,,,,,,,NOT_COMPARABLE_MISSING_VALIDATION,1,0,0,,,,,,,,,,,,,,,,,,,,,,,,,,,,,,,,,,,,,,,,,,,,,,,,,,,,,,,,,,,,,,,,,,,,,,,,,,,,,,,,,,,,,,,,,,,,,,,,,,,,,,,,,,,,,,,,,,,,,,,,,,,,,,,,,,,,,,,,,,,,,,,,,,,,,,,,,,,,,,,,,,,,,,,,,,,,,,,,,,,,,,,,,,,,,,,,,,,,,,,,,,,,,,,,2026-07-11 11:22:46.237,0,,NoForecastRowsMaterialized
10047,63,61,10461,1,2416,GARCIA MILLAN,GAZPACHO,GAZPACHO HUERTA GM 750ML,BUTTERFLY,,,,,,,,,,NOT_COMPARABLE_MISSING_VALIDATION,1,0,0,,,,,,,,,,,,,,,,,,,,,,,,,,,,,,,,,,,,,,,,,,,,,,,,,,,,,,,,,,,,,,,,,,,,,,,,,,,,,,,,,,,,,,,,,,,,,,,,,,,,,,,,,,,,,,,,,,,,,,,,,,,,,,,,,,,,,,,,,,,,,,,,,,,,,,,,,,,,,,,,,,,,,,,,,,,,,,,,,,,,,,,,,,,,,,,,,,,,,,,,,,,,,,,,2026-07-11 11:22:46.237,0,,NoForecastRowsMaterialized
10048,63,61,10461,1,2417,GARCIA MILLAN,GAZPACHO,GAZPACHO MEDITERRANEO GM 1L,BUTTERFLY,,,,,,,,,,NOT_COMPARABLE_MISSING_VALIDATION,1,1,0,,,,,,,,,,,,,,,,,,,,,,,,,,,,,,,,,,,,,,,,,,,,,,,,,,,,,,,,,,,,,,,,,,,,,,,,,,,,,,,,,,,,,,,,,,,,,,,,,,,,,,,,,,,,,,,,,,,,,,,,,,,,,,,,,,,,,,,,,,,,,,,,,,,,,,,,,,,,,,,,,,,,,,,,,,,,,,,,,,,,,,,,,,,,,,,,,,,,,,,,,,,,,,,,2026-07-11 11:22:46.237,0,,
10049,63,61,10461,1,2419,GARCIA MILLAN,GAZPACHO,GAZPACHO MEDITERRANEO GM 1L EX,BUTTERFLY,,,,,,,,,,NOT_COMPARABLE_MISSING_VALIDATION,1,0,0,,,,,,,,,,,,,,,,,,,,,,,,,,,,,,,,,,,,,,,,,,,,,,,,,,,,,,,,,,,,,,,,,,,,,,,,,,,,,,,,,,,,,,,,,,,,,,,,,,,,,,,,,,,,,,,,,,,,,,,,,,,,,,,,,,,,,,,,,,,,,,,,,,,,,,,,,,,,,,,,,,,,,,,,,,,,,,,,,,,,,,,,,,,,,,,,,,,,,,,,,,,,,,,,2026-07-11 11:22:46.237,0,,NoForecastRowsMaterialized
10050,63,61,10461,1,2420,GARCIA MILLAN,GAZPACHO,GAZPACHO MEDITERRANEO GM 1L EX,MUESTRAS,,,,,,,,,,NOT_COMPARABLE_MISSING_VALIDATION,1,0,0,,,,,,,,,,,,,,,,,,,,,,,,,,,,,,,,,,,,,,,,,,,,,,,,,,,,,,,,,,,,,,,,,,,,,,,,,,,,,,,,,,,,,,,,,,,,,,,,,,,,,,,,,,,,,,,,,,,,,,,,,,,,,,,,,,,,,,,,,,,,,,,,,,,,,,,,,,,,,,,,,,,,,,,,,,,,,,,,,,,,,,,,,,,,,,,,,,,,,,,,,,,,,,,,2026-07-11 11:22:46.237,0,,NoForecastRowsMaterialized
10051,63,61,10461,1,2421,GARCIA MILLAN,GAZPACHO,GAZPACHO MEDITERRANEO GM 1L EX,TRANSGOURMET FR,,,,,,,,,,NOT_COMPARABLE_MISSING_VALIDATION,1,0,0,,,,,,,,,,,,,,,,,,,,,,,,,,,,,,,,,,,,,,,,,,,,,,,,,,,,,,,,,,,,,,,,,,,,,,,,,,,,,,,,,,,,,,,,,,,,,,,,,,,,,,,,,,,,,,,,,,,,,,,,,,,,,,,,,,,,,,,,,,,,,,,,,,,,,,,,,,,,,,,,,,,,,,,,,,,,,,,,,,,,,,,,,,,,,,,,,,,,,,,,,,,,,,,,2026-07-11 11:22:46.237,0,,NoForecastRowsMaterialized
10052,63,61,10461,1,2422,GARCIA MILLAN,GAZPACHO,GAZPACHO SUAVE GM 1L,FAMILY CASH,,,,,,,,,,NOT_COMPARABLE_MISSING_VALIDATION,1,0,0,,,,,,,,,,,,,,,,,,,,,,,,,,,,,,,,,,,,,,,,,,,,,,,,,,,,,,,,,,,,,,,,,,,,,,,,,,,,,,,,,,,,,,,,,,,,,,,,,,,,,,,,,,,,,,,,,,,,,,,,,,,,,,,,,,,,,,,,,,,,,,,,,,,,,,,,,,,,,,,,,,,,,,,,,,,,,,,,,,,,,,,,,,,,,,,,,,,,,,,,,,,,,,,,2026-07-11 11:22:46.237,0,,NoForecastRowsMaterialized
10053,63,61,10461,1,2423,GARCIA MILLAN,GAZPACHO,GAZPACHO TRADICION GM 330ML EX,BUTTERFLY,,,,,,,,,,NOT_COMPARABLE_MISSING_VALIDATION,1,0,0,,,,,,,,,,,,,,,,,,,,,,,,,,,,,,,,,,,,,,,,,,,,,,,,,,,,,,,,,,,,,,,,,,,,,,,,,,,,,,,,,,,,,,,,,,,,,,,,,,,,,,,,,,,,,,,,,,,,,,,,,,,,,,,,,,,,,,,,,,,,,,,,,,,,,,,,,,,,,,,,,,,,,,,,,,,,,,,,,,,,,,,,,,,,,,,,,,,,,,,,,,,,,,,,2026-07-11 11:22:46.237,0,,NoForecastRowsMaterialized
10054,63,61,10461,1,2424,GARCIA MILLAN,GAZPACHO,GAZPACHO TRADICION GM 330ML EX,MUESTRAS,,,,,,,,,,NOT_COMPARABLE_MISSING_VALIDATION,1,0,0,,,,,,,,,,,,,,,,,,,,,,,,,,,,,,,,,,,,,,,,,,,,,,,,,,,,,,,,,,,,,,,,,,,,,,,,,,,,,,,,,,,,,,,,,,,,,,,,,,,,,,,,,,,,,,,,,,,,,,,,,,,,,,,,,,,,,,,,,,,,,,,,,,,,,,,,,,,,,,,,,,,,,,,,,,,,,,,,,,,,,,,,,,,,,,,,,,,,,,,,,,,,,,,,2026-07-11 11:22:46.237,0,,NoForecastRowsMaterialized
10055,63,61,10461,1,2425,GARCIA MILLAN,GAZPACHO,GAZPACHO TRADICIONAL GM 1L,BUTTERFLY,,,,,,,,,,NOT_COMPARABLE_MISSING_VALIDATION,1,1,0,,,,,,,,,,,,,,,,,,,,,,,,,,,,,,,,,,,,,,,,,,,,,,,,,,,,,,,,,,,,,,,,,,,,,,,,,,,,,,,,,,,,,,,,,,,,,,,,,,,,,,,,,,,,,,,,,,,,,,,,,,,,,,,,,,,,,,,,,,,,,,,,,,,,,,,,,,,,,,,,,,,,,,,,,,,,,,,,,,,,,,,,,,,,,,,,,,,,,,,,,,,,,,,,2026-07-11 11:22:46.237,0,,NoForecastRowsMaterialized
10056,63,61,10461,1,2426,GARCIA MILLAN,GAZPACHO,GAZPACHO TRADICIONAL GM 1L,DINOSOL,,,,,,,,,,NOT_COMPARABLE_MISSING_VALIDATION,1,0,0,,,,,,,,,,,,,,,,,,,,,,,,,,,,,,,,,,,,,,,,,,,,,,,,,,,,,,,,,,,,,,,,,,,,,,,,,,,,,,,,,,,,,,,,,,,,,,,,,,,,,,,,,,,,,,,,,,,,,,,,,,,,,,,,,,,,,,,,,,,,,,,,,,,,,,,,,,,,,,,,,,,,,,,,,,,,,,,,,,,,,,,,,,,,,,,,,,,,,,,,,,,,,,,,2026-07-11 11:22:46.237,0,,NoForecastRowsMaterialized
10057,63,61,10461,1,2427,GARCIA MILLAN,GAZPACHO,GAZPACHO TRADICIONAL GM 1L EX,BUTTERFLY,,,,,,,,,,NOT_COMPARABLE_MISSING_VALIDATION,1,0,0,,,,,,,,,,,,,,,,,,,,,,,,,,,,,,,,,,,,,,,,,,,,,,,,,,,,,,,,,,,,,,,,,,,,,,,,,,,,,,,,,,,,,,,,,,,,,,,,,,,,,,,,,,,,,,,,,,,,,,,,,,,,,,,,,,,,,,,,,,,,,,,,,,,,,,,,,,,,,,,,,,,,,,,,,,,,,,,,,,,,,,,,,,,,,,,,,,,,,,,,,,,,,,,,2026-07-11 11:22:46.237,0,,NoForecastRowsMaterialized
10058,63,61,10461,1,2428,GARCIA MILLAN,GAZPACHO,GAZPACHO TRADICIONAL GM 330ML,BUTTERFLY,,,,,,,,,,NOT_COMPARABLE_MISSING_VALIDATION,1,1,0,,,,,,,,,,,,,,,,,,,,,,,,,,,,,,,,,,,,,,,,,,,,,,,,,,,,,,,,,,,,,,,,,,,,,,,,,,,,,,,,,,,,,,,,,,,,,,,,,,,,,,,,,,,,,,,,,,,,,,,,,,,,,,,,,,,,,,,,,,,,,,,,,,,,,,,,,,,,,,,,,,,,,,,,,,,,,,,,,,,,,,,,,,,,,,,,,,,,,,,,,,,,,,,,2026-07-11 11:22:46.237,0,,
10059,63,61,10461,1,2429,GARCIA MILLAN,SALMOREJO,SALMOREJO ORIGINAL GM 330ML,BON PREU,,,,,,,,,,NOT_COMPARABLE_MISSING_VALIDATION,1,0,0,,,,,,,,,,,,,,,,,,,,,,,,,,,,,,,,,,,,,,,,,,,,,,,,,,,,,,,,,,,,,,,,,,,,,,,,,,,,,,,,,,,,,,,,,,,,,,,,,,,,,,,,,,,,,,,,,,,,,,,,,,,,,,,,,,,,,,,,,,,,,,,,,,,,,,,,,,,,,,,,,,,,,,,,,,,,,,,,,,,,,,,,,,,,,,,,,,,,,,,,,,,,,,,,2026-07-11 11:22:46.237,0,,NoForecastRowsMaterialized
10060,63,61,10461,1,2430,GARCIA MILLAN,SALMOREJO,SALMOREJO REMOLAC GM 750 ML EX,MUESTRAS,,,,,,,,,,NOT_COMPARABLE_MISSING_VALIDATION,1,0,0,,,,,,,,,,,,,,,,,,,,,,,,,,,,,,,,,,,,,,,,,,,,,,,,,,,,,,,,,,,,,,,,,,,,,,,,,,,,,,,,,,,,,,,,,,,,,,,,,,,,,,,,,,,,,,,,,,,,,,,,,,,,,,,,,,,,,,,,,,,,,,,,,,,,,,,,,,,,,,,,,,,,,,,,,,,,,,,,,,,,,,,,,,,,,,,,,,,,,,,,,,,,,,,,2026-07-11 11:22:46.237,0,,NoForecastRowsMaterialized
10061,63,61,10461,1,2431,GARCIA MILLAN,SALMOREJO,SALMOREJO REMOLAC GM 750 ML EX,TRANSGOURMET FR,,,,,,,,,,NOT_COMPARABLE_MISSING_VALIDATION,1,0,0,,,,,,,,,,,,,,,,,,,,,,,,,,,,,,,,,,,,,,,,,,,,,,,,,,,,,,,,,,,,,,,,,,,,,,,,,,,,,,,,,,,,,,,,,,,,,,,,,,,,,,,,,,,,,,,,,,,,,,,,,,,,,,,,,,,,,,,,,,,,,,,,,,,,,,,,,,,,,,,,,,,,,,,,,,,,,,,,,,,,,,,,,,,,,,,,,,,,,,,,,,,,,,,,2026-07-11 11:22:46.237,0,,NoForecastRowsMaterialized
10062,63,61,10461,1,2432,GARCIA MILLAN,SALMOREJO,SALMOREJO SIN PAN GM 1L,BUTTERFLY,,,,,,,,,,NOT_COMPARABLE_MISSING_VALIDATION,1,1,0,,,,,,,,,,,,,,,,,,,,,,,,,,,,,,,,,,,,,,,,,,,,,,,,,,,,,,,,,,,,,,,,,,,,,,,,,,,,,,,,,,,,,,,,,,,,,,,,,,,,,,,,,,,,,,,,,,,,,,,,,,,,,,,,,,,,,,,,,,,,,,,,,,,,,,,,,,,,,,,,,,,,,,,,,,,,,,,,,,,,,,,,,,,,,,,,,,,,,,,,,,,,,,,,2026-07-11 11:22:46.237,0,,
10063,63,61,10461,1,2433,GARCIA MILLAN,SALMOREJO,SALMOREJO SIN PAN GM 1L EX,MUESTRAS,,,,,,,,,,NOT_COMPARABLE_MISSING_VALIDATION,1,0,0,,,,,,,,,,,,,,,,,,,,,,,,,,,,,,,,,,,,,,,,,,,,,,,,,,,,,,,,,,,,,,,,,,,,,,,,,,,,,,,,,,,,,,,,,,,,,,,,,,,,,,,,,,,,,,,,,,,,,,,,,,,,,,,,,,,,,,,,,,,,,,,,,,,,,,,,,,,,,,,,,,,,,,,,,,,,,,,,,,,,,,,,,,,,,,,,,,,,,,,,,,,,,,,,2026-07-11 11:22:46.237,0,,NoForecastRowsMaterialized
10064,63,61,10461,1,2434,GARCIA MILLAN,SALMOREJO,SALMOREJO SIN PAN GM 330ML,BUTTERFLY,,,,,,,,,,NOT_COMPARABLE_MISSING_VALIDATION,1,1,0,,,,,,,,,,,,,,,,,,,,,,,,,,,,,,,,,,,,,,,,,,,,,,,,,,,,,,,,,,,,,,,,,,,,,,,,,,,,,,,,,,,,,,,,,,,,,,,,,,,,,,,,,,,,,,,,,,,,,,,,,,,,,,,,,,,,,,,,,,,,,,,,,,,,,,,,,,,,,,,,,,,,,,,,,,,,,,,,,,,,,,,,,,,,,,,,,,,,,,,,,,,,,,,,2026-07-11 11:22:46.237,0,,
10065,63,61,10461,1,2435,GARCIA MILLAN,SALMOREJO,SALMOREJO SIN PAN GM 330ML,CASH SAYMU,,,,,,,,,,NOT_COMPARABLE_MISSING_VALIDATION,1,0,0,,,,,,,,,,,,,,,,,,,,,,,,,,,,,,,,,,,,,,,,,,,,,,,,,,,,,,,,,,,,,,,,,,,,,,,,,,,,,,,,,,,,,,,,,,,,,,,,,,,,,,,,,,,,,,,,,,,,,,,,,,,,,,,,,,,,,,,,,,,,,,,,,,,,,,,,,,,,,,,,,,,,,,,,,,,,,,,,,,,,,,,,,,,,,,,,,,,,,,,,,,,,,,,,2026-07-11 11:22:46.237,0,,NoForecastRowsMaterialized
10066,63,61,10461,1,2436,GARCIA MILLAN,SALMOREJO,SALMOREJO SIN PAN GM 330ML EX,MUESTRAS,,,,,,,,,,NOT_COMPARABLE_MISSING_VALIDATION,1,0,0,,,,,,,,,,,,,,,,,,,,,,,,,,,,,,,,,,,,,,,,,,,,,,,,,,,,,,,,,,,,,,,,,,,,,,,,,,,,,,,,,,,,,,,,,,,,,,,,,,,,,,,,,,,,,,,,,,,,,,,,,,,,,,,,,,,,,,,,,,,,,,,,,,,,,,,,,,,,,,,,,,,,,,,,,,,,,,,,,,,,,,,,,,,,,,,,,,,,,,,,,,,,,,,,2026-07-11 11:22:46.237,0,,NoForecastRowsMaterialized
10067,63,61,10461,1,2437,GARCIA MILLAN,GAZPACHO,GAZPACHO ANDALUZ GM 1L,ENRIQUE TOMAS,,,,,,,,,,NOT_COMPARABLE_MISSING_VALIDATION,1,0,0,,,,,,,,,,,,,,,,,,,,,,,,,,,,,,,,,,,,,,,,,,,,,,,,,,,,,,,,,,,,,,,,,,,,,,,,,,,,,,,,,,,,,,,,,,,,,,,,,,,,,,,,,,,,,,,,,,,,,,,,,,,,,,,,,,,,,,,,,,,,,,,,,,,,,,,,,,,,,,,,,,,,,,,,,,,,,,,,,,,,,,,,,,,,,,,,,,,,,,,,,,,,,,,,2026-07-11 11:22:46.237,0,,NoForecastRowsMaterialized
10068,63,61,10461,1,2438,GARCIA MILLAN,GAZPACHO,GAZPACHO FRESON GM 750ML,UNIDE,,,,,,,,,,NOT_COMPARABLE_MISSING_VALIDATION,1,0,0,,,,,,,,,,,,,,,,,,,,,,,,,,,,,,,,,,,,,,,,,,,,,,,,,,,,,,,,,,,,,,,,,,,,,,,,,,,,,,,,,,,,,,,,,,,,,,,,,,,,,,,,,,,,,,,,,,,,,,,,,,,,,,,,,,,,,,,,,,,,,,,,,,,,,,,,,,,,,,,,,,,,,,,,,,,,,,,,,,,,,,,,,,,,,,,,,,,,,,,,,,,,,,,,2026-07-11 11:22:46.237,0,,NoForecastRowsMaterialized
"10069,63,61,10461,1,2439,GARCIA MILLAN,GAZPACHO,GAZPACHO FRESON GM 750ML EX,"""",,,,,,,,,,NOT_COMPARABLE_MISSING_VALIDATION,1,0,0,,,,,,,,,,,,,,,,,,,,,,,,,,,,,,,,,,,,,,,,,,,,,,,,,,,,,,,,,,,,,,,,,,,,,,,,,,,,,,,,,,,,,,,,,,,,,,,,,,,,,,,,,,,,,,,,,,,,,,,,,,,,,,,,,,,,,,,,,,,,,,,,,,,,,,,,,,,,,,,,,,,,,,,,,,,,,,,,,,,,,,,,,,,,,,,,,,,,,,,,,,,,,,,,2026-07-11 11:22:46.237,0,,NoForecastRowsMaterialized"
10070,63,61,10461,1,2440,GARCIA MILLAN,GAZPACHO,GAZPACHO HUERTA GM 750ML,UNIDE,,,,,,,,,,NOT_COMPARABLE_MISSING_VALIDATION,1,0,0,,,,,,,,,,,,,,,,,,,,,,,,,,,,,,,,,,,,,,,,,,,,,,,,,,,,,,,,,,,,,,,,,,,,,,,,,,,,,,,,,,,,,,,,,,,,,,,,,,,,,,,,,,,,,,,,,,,,,,,,,,,,,,,,,,,,,,,,,,,,,,,,,,,,,,,,,,,,,,,,,,,,,,,,,,,,,,,,,,,,,,,,,,,,,,,,,,,,,,,,,,,,,,,,2026-07-11 11:22:46.237,0,,NoForecastRowsMaterialized
"10071,63,61,10461,1,2441,GARCIA MILLAN,GAZPACHO,GAZPACHO MEDITERRANEO GM 1L EX,"""",,,,,,,,,,NOT_COMPARABLE_MISSING_VALIDATION,1,0,0,,,,,,,,,,,,,,,,,,,,,,,,,,,,,,,,,,,,,,,,,,,,,,,,,,,,,,,,,,,,,,,,,,,,,,,,,,,,,,,,,,,,,,,,,,,,,,,,,,,,,,,,,,,,,,,,,,,,,,,,,,,,,,,,,,,,,,,,,,,,,,,,,,,,,,,,,,,,,,,,,,,,,,,,,,,,,,,,,,,,,,,,,,,,,,,,,,,,,,,,,,,,,,,,2026-07-11 11:22:46.237,0,,NoForecastRowsMaterialized"
"10072,63,61,10461,1,2442,GARCIA MILLAN,GAZPACHO,GAZPACHO TRADICION GM 330ML EX,"""",,,,,,,,,,NOT_COMPARABLE_MISSING_VALIDATION,1,0,0,,,,,,,,,,,,,,,,,,,,,,,,,,,,,,,,,,,,,,,,,,,,,,,,,,,,,,,,,,,,,,,,,,,,,,,,,,,,,,,,,,,,,,,,,,,,,,,,,,,,,,,,,,,,,,,,,,,,,,,,,,,,,,,,,,,,,,,,,,,,,,,,,,,,,,,,,,,,,,,,,,,,,,,,,,,,,,,,,,,,,,,,,,,,,,,,,,,,,,,,,,,,,,,,2026-07-11 11:22:46.237,0,,NoForecastRowsMaterialized"
"10073,63,61,10461,1,2443,GARCIA MILLAN,GAZPACHO,GAZPACHO TRADICIONAL GM 1L EX,"""",,,,,,,,,,NOT_COMPARABLE_MISSING_VALIDATION,1,0,0,,,,,,,,,,,,,,,,,,,,,,,,,,,,,,,,,,,,,,,,,,,,,,,,,,,,,,,,,,,,,,,,,,,,,,,,,,,,,,,,,,,,,,,,,,,,,,,,,,,,,,,,,,,,,,,,,,,,,,,,,,,,,,,,,,,,,,,,,,,,,,,,,,,,,,,,,,,,,,,,,,,,,,,,,,,,,,,,,,,,,,,,,,,,,,,,,,,,,,,,,,,,,,,,2026-07-11 11:22:46.237,0,,NoForecastRowsMaterialized"
"10074,63,61,10461,1,2444,GARCIA MILLAN,SALMOREJO,SALMOREJO REMOLAC GM 750 ML EX,"""",,,,,,,,,,NOT_COMPARABLE_MISSING_VALIDATION,1,0,0,,,,,,,,,,,,,,,,,,,,,,,,,,,,,,,,,,,,,,,,,,,,,,,,,,,,,,,,,,,,,,,,,,,,,,,,,,,,,,,,,,,,,,,,,,,,,,,,,,,,,,,,,,,,,,,,,,,,,,,,,,,,,,,,,,,,,,,,,,,,,,,,,,,,,,,,,,,,,,,,,,,,,,,,,,,,,,,,,,,,,,,,,,,,,,,,,,,,,,,,,,,,,,,,2026-07-11 11:22:46.237,0,,NoForecastRowsMaterialized"
10075,63,61,10461,1,2445,GARCIA MILLAN,SALMOREJO,SALMOREJO REMOLACHA GM 750ML,UNIDE,,,,,,,,,,NOT_COMPARABLE_MISSING_VALIDATION,1,0,0,,,,,,,,,,,,,,,,,,,,,,,,,,,,,,,,,,,,,,,,,,,,,,,,,,,,,,,,,,,,,,,,,,,,,,,,,,,,,,,,,,,,,,,,,,,,,,,,,,,,,,,,,,,,,,,,,,,,,,,,,,,,,,,,,,,,,,,,,,,,,,,,,,,,,,,,,,,,,,,,,,,,,,,,,,,,,,,,,,,,,,,,,,,,,,,,,,,,,,,,,,,,,,,,2026-07-11 11:22:46.237,0,,NoForecastRowsMaterialized
"10076,63,61,10461,1,2446,GARCIA MILLAN,SALMOREJO,""SALMOREJO SIN PAN GM 1,15L"",MARKETING,,,,,,,,,,NOT_COMPARABLE_MISSING_VALIDATION,1,0,0,,,,,,,,,,,,,,,,,,,,,,,,,,,,,,,,,,,,,,,,,,,,,,,,,,,,,,,,,,,,,,,,,,,,,,,,,,,,,,,,,,,,,,,,,,,,,,,,,,,,,,,,,,,,,,,,,,,,,,,,,,,,,,,,,,,,,,,,,,,,,,,,,,,,,,,,,,,,,,,,,,,,,,,,,,,,,,,,,,,,,,,,,,,,,,,,,,,,,,,,,,,,,,,,2026-07-11 11:22:46.237,0,,NoForecastRowsMaterialized"
10077,63,61,10461,1,2447,GARCIA MILLAN,SALMOREJO,SALMOREJO SIN PAN GM 1L,SORLI,,,,,,,,,,NOT_COMPARABLE_MISSING_VALIDATION,1,0,0,,,,,,,,,,,,,,,,,,,,,,,,,,,,,,,,,,,,,,,,,,,,,,,,,,,,,,,,,,,,,,,,,,,,,,,,,,,,,,,,,,,,,,,,,,,,,,,,,,,,,,,,,,,,,,,,,,,,,,,,,,,,,,,,,,,,,,,,,,,,,,,,,,,,,,,,,,,,,,,,,,,,,,,,,,,,,,,,,,,,,,,,,,,,,,,,,,,,,,,,,,,,,,,,2026-07-11 11:22:46.237,0,,NoForecastRowsMaterialized
10078,63,61,10461,1,2448,GARCIA MILLAN,SALMOREJO,SALMOREJO SIN PAN GM 1L,UNEI,,,,,,,,,,NOT_COMPARABLE_MISSING_VALIDATION,1,0,0,,,,,,,,,,,,,,,,,,,,,,,,,,,,,,,,,,,,,,,,,,,,,,,,,,,,,,,,,,,,,,,,,,,,,,,,,,,,,,,,,,,,,,,,,,,,,,,,,,,,,,,,,,,,,,,,,,,,,,,,,,,,,,,,,,,,,,,,,,,,,,,,,,,,,,,,,,,,,,,,,,,,,,,,,,,,,,,,,,,,,,,,,,,,,,,,,,,,,,,,,,,,,,,,2026-07-11 11:22:46.237,0,,NoForecastRowsMaterialized
"10079,63,61,10461,1,2449,GARCIA MILLAN,SALMOREJO,SALMOREJO SIN PAN GM 1L EX,"""",,,,,,,,,,NOT_COMPARABLE_MISSING_VALIDATION,1,0,0,,,,,,,,,,,,,,,,,,,,,,,,,,,,,,,,,,,,,,,,,,,,,,,,,,,,,,,,,,,,,,,,,,,,,,,,,,,,,,,,,,,,,,,,,,,,,,,,,,,,,,,,,,,,,,,,,,,,,,,,,,,,,,,,,,,,,,,,,,,,,,,,,,,,,,,,,,,,,,,,,,,,,,,,,,,,,,,,,,,,,,,,,,,,,,,,,,,,,,,,,,,,,,,,2026-07-11 11:22:46.237,0,,NoForecastRowsMaterialized"
10080,63,61,10461,1,2450,GARCIA MILLAN,SALMOREJO,SALMOREJO SIN PAN GM 330ML,AMAZON,,,,,,,,,,NOT_COMPARABLE_MISSING_VALIDATION,1,0,0,,,,,,,,,,,,,,,,,,,,,,,,,,,,,,,,,,,,,,,,,,,,,,,,,,,,,,,,,,,,,,,,,,,,,,,,,,,,,,,,,,,,,,,,,,,,,,,,,,,,,,,,,,,,,,,,,,,,,,,,,,,,,,,,,,,,,,,,,,,,,,,,,,,,,,,,,,,,,,,,,,,,,,,,,,,,,,,,,,,,,,,,,,,,,,,,,,,,,,,,,,,,,,,,2026-07-11 11:22:46.237,0,,NoForecastRowsMaterialized
10081,63,61,10461,1,2451,GARCIA MILLAN,SALMOREJO,SALMOREJO SIN PAN GM 330ML,UNEI,,,,,,,,,,NOT_COMPARABLE_MISSING_VALIDATION,1,0,0,,,,,,,,,,,,,,,,,,,,,,,,,,,,,,,,,,,,,,,,,,,,,,,,,,,,,,,,,,,,,,,,,,,,,,,,,,,,,,,,,,,,,,,,,,,,,,,,,,,,,,,,,,,,,,,,,,,,,,,,,,,,,,,,,,,,,,,,,,,,,,,,,,,,,,,,,,,,,,,,,,,,,,,,,,,,,,,,,,,,,,,,,,,,,,,,,,,,,,,,,,,,,,,,2026-07-11 11:22:46.237,0,,NoForecastRowsMaterialized
"10082,63,61,10461,1,2452,GARCIA MILLAN,SALMOREJO,SALMOREJO SIN PAN GM 330ML EX,"""",,,,,,,,,,NOT_COMPARABLE_MISSING_VALIDATION,1,0,0,,,,,,,,,,,,,,,,,,,,,,,,,,,,,,,,,,,,,,,,,,,,,,,,,,,,,,,,,,,,,,,,,,,,,,,,,,,,,,,,,,,,,,,,,,,,,,,,,,,,,,,,,,,,,,,,,,,,,,,,,,,,,,,,,,,,,,,,,,,,,,,,,,,,,,,,,,,,,,,,,,,,,,,,,,,,,,,,,,,,,,,,,,,,,,,,,,,,,,,,,,,,,,,,2026-07-11 11:22:46.237,0,,NoForecastRowsMaterialized"
10083,63,61,10461,1,2453,GARCIA MILLAN,GAZPACHO,GAZPACHO HUERTA GM 750ML,CONSUM,,,,,,,,,,NOT_COMPARABLE_MISSING_VALIDATION,1,0,0,,,,,,,,,,,,,,,,,,,,,,,,,,,,,,,,,,,,,,,,,,,,,,,,,,,,,,,,,,,,,,,,,,,,,,,,,,,,,,,,,,,,,,,,,,,,,,,,,,,,,,,,,,,,,,,,,,,,,,,,,,,,,,,,,,,,,,,,,,,,,,,,,,,,,,,,,,,,,,,,,,,,,,,,,,,,,,,,,,,,,,,,,,,,,,,,,,,,,,,,,,,,,,,,2026-07-11 11:22:46.237,0,,NoForecastRowsMaterialized
10084,63,61,10461,1,2454,GARCIA MILLAN,GAZPACHO,GAZPACHO TRADICIONAL GM 330ML,ENRIQUE TOMAS,,,,,,,,,,NOT_COMPARABLE_MISSING_VALIDATION,1,0,0,,,,,,,,,,,,,,,,,,,,,,,,,,,,,,,,,,,,,,,,,,,,,,,,,,,,,,,,,,,,,,,,,,,,,,,,,,,,,,,,,,,,,,,,,,,,,,,,,,,,,,,,,,,,,,,,,,,,,,,,,,,,,,,,,,,,,,,,,,,,,,,,,,,,,,,,,,,,,,,,,,,,,,,,,,,,,,,,,,,,,,,,,,,,,,,,,,,,,,,,,,,,,,,,2026-07-11 11:22:46.237,0,,NoForecastRowsMaterialized
10085,63,61,10461,1,2455,GARCIA MILLAN,SALMOREJO,SALMOREJO SIN PAN GM 330ML,ENRIQUE TOMAS,,,,,,,,,,NOT_COMPARABLE_MISSING_VALIDATION,1,0,0,,,,,,,,,,,,,,,,,,,,,,,,,,,,,,,,,,,,,,,,,,,,,,,,,,,,,,,,,,,,,,,,,,,,,,,,,,,,,,,,,,,,,,,,,,,,,,,,,,,,,,,,,,,,,,,,,,,,,,,,,,,,,,,,,,,,,,,,,,,,,,,,,,,,,,,,,,,,,,,,,,,,,,,,,,,,,,,,,,,,,,,,,,,,,,,,,,,,,,,,,,,,,,,,2026-07-11 11:22:46.237,0,,NoForecastRowsMaterialized
10086,63,61,10461,1,2456,GARCIA MILLAN,GAZPACHO,GAZPACHO ANDALUZ GM 1L,PARQUE ISLA MAGICA,,,,,,,,,,NOT_COMPARABLE_MISSING_VALIDATION,1,0,0,,,,,,,,,,,,,,,,,,,,,,,,,,,,,,,,,,,,,,,,,,,,,,,,,,,,,,,,,,,,,,,,,,,,,,,,,,,,,,,,,,,,,,,,,,,,,,,,,,,,,,,,,,,,,,,,,,,,,,,,,,,,,,,,,,,,,,,,,,,,,,,,,,,,,,,,,,,,,,,,,,,,,,,,,,,,,,,,,,,,,,,,,,,,,,,,,,,,,,,,,,,,,,,,2026-07-11 11:22:46.237,0,,NoForecastRowsMaterialized
10087,63,61,10461,1,2457,GARCIA MILLAN,GAZPACHO,GAZPACHO ANDALUZ GM 330ML,COMERBAL,,,,,,,,,,NOT_COMPARABLE_MISSING_VALIDATION,1,0,0,,,,,,,,,,,,,,,,,,,,,,,,,,,,,,,,,,,,,,,,,,,,,,,,,,,,,,,,,,,,,,,,,,,,,,,,,,,,,,,,,,,,,,,,,,,,,,,,,,,,,,,,,,,,,,,,,,,,,,,,,,,,,,,,,,,,,,,,,,,,,,,,,,,,,,,,,,,,,,,,,,,,,,,,,,,,,,,,,,,,,,,,,,,,,,,,,,,,,,,,,,,,,,,,2026-07-11 11:22:46.237,0,,NoForecastRowsMaterialized
10088,63,61,10461,1,2458,GARCIA MILLAN,GAZPACHO,GAZPACHO FRESON GM 750ML EX,SUPER U,,,,,,,,,,NOT_COMPARABLE_MISSING_VALIDATION,1,0,0,,,,,,,,,,,,,,,,,,,,,,,,,,,,,,,,,,,,,,,,,,,,,,,,,,,,,,,,,,,,,,,,,,,,,,,,,,,,,,,,,,,,,,,,,,,,,,,,,,,,,,,,,,,,,,,,,,,,,,,,,,,,,,,,,,,,,,,,,,,,,,,,,,,,,,,,,,,,,,,,,,,,,,,,,,,,,,,,,,,,,,,,,,,,,,,,,,,,,,,,,,,,,,,,2026-07-11 11:22:46.237,0,,NoForecastRowsMaterialized
10089,63,61,10461,1,2459,GARCIA MILLAN,GAZPACHO,GAZPACHO HUERTA GM 750ML,CASH SAYMU,,,,,,,,,,NOT_COMPARABLE_MISSING_VALIDATION,1,0,0,,,,,,,,,,,,,,,,,,,,,,,,,,,,,,,,,,,,,,,,,,,,,,,,,,,,,,,,,,,,,,,,,,,,,,,,,,,,,,,,,,,,,,,,,,,,,,,,,,,,,,,,,,,,,,,,,,,,,,,,,,,,,,,,,,,,,,,,,,,,,,,,,,,,,,,,,,,,,,,,,,,,,,,,,,,,,,,,,,,,,,,,,,,,,,,,,,,,,,,,,,,,,,,,2026-07-11 11:22:46.237,0,,NoForecastRowsMaterialized
10090,63,61,10461,1,2460,GARCIA MILLAN,GAZPACHO,GAZPACHO MEDITERRANEO GM 1L EX,SUPER U,,,,,,,,,,NOT_COMPARABLE_MISSING_VALIDATION,1,0,0,,,,,,,,,,,,,,,,,,,,,,,,,,,,,,,,,,,,,,,,,,,,,,,,,,,,,,,,,,,,,,,,,,,,,,,,,,,,,,,,,,,,,,,,,,,,,,,,,,,,,,,,,,,,,,,,,,,,,,,,,,,,,,,,,,,,,,,,,,,,,,,,,,,,,,,,,,,,,,,,,,,,,,,,,,,,,,,,,,,,,,,,,,,,,,,,,,,,,,,,,,,,,,,,2026-07-11 11:22:46.237,0,,NoForecastRowsMaterialized
"10091,63,61,10461,1,2461,GARCIA MILLAN,GAZPACHO,GAZPACHO SUAVE GM 250ML,"""",,,,,,,,,,NOT_COMPARABLE_MISSING_VALIDATION,1,0,0,,,,,,,,,,,,,,,,,,,,,,,,,,,,,,,,,,,,,,,,,,,,,,,,,,,,,,,,,,,,,,,,,,,,,,,,,,,,,,,,,,,,,,,,,,,,,,,,,,,,,,,,,,,,,,,,,,,,,,,,,,,,,,,,,,,,,,,,,,,,,,,,,,,,,,,,,,,,,,,,,,,,,,,,,,,,,,,,,,,,,,,,,,,,,,,,,,,,,,,,,,,,,,,,2026-07-11 11:22:46.237,0,,NoForecastRowsMaterialized"
10092,63,61,10461,1,2462,GARCIA MILLAN,GAZPACHO,GAZPACHO TRADICION GM 330ML EX,SUPER U,,,,,,,,,,NOT_COMPARABLE_MISSING_VALIDATION,1,0,0,,,,,,,,,,,,,,,,,,,,,,,,,,,,,,,,,,,,,,,,,,,,,,,,,,,,,,,,,,,,,,,,,,,,,,,,,,,,,,,,,,,,,,,,,,,,,,,,,,,,,,,,,,,,,,,,,,,,,,,,,,,,,,,,,,,,,,,,,,,,,,,,,,,,,,,,,,,,,,,,,,,,,,,,,,,,,,,,,,,,,,,,,,,,,,,,,,,,,,,,,,,,,,,,2026-07-11 11:22:46.237,0,,NoForecastRowsMaterialized
10093,63,61,10461,1,2463,GARCIA MILLAN,GAZPACHO,GAZPACHO TRADICION GM 330ML EX,TRANSGOURMET FR,,,,,,,,,,NOT_COMPARABLE_MISSING_VALIDATION,1,0,0,,,,,,,,,,,,,,,,,,,,,,,,,,,,,,,,,,,,,,,,,,,,,,,,,,,,,,,,,,,,,,,,,,,,,,,,,,,,,,,,,,,,,,,,,,,,,,,,,,,,,,,,,,,,,,,,,,,,,,,,,,,,,,,,,,,,,,,,,,,,,,,,,,,,,,,,,,,,,,,,,,,,,,,,,,,,,,,,,,,,,,,,,,,,,,,,,,,,,,,,,,,,,,,,2026-07-11 11:22:46.237,0,,NoForecastRowsMaterialized
10094,63,61,10461,1,2464,GARCIA MILLAN,GAZPACHO,GAZPACHO TRADICIONAL GM 1L,TRANSGOURMET IBERICA,,,,,,,,,,NOT_COMPARABLE_MISSING_VALIDATION,1,0,0,,,,,,,,,,,,,,,,,,,,,,,,,,,,,,,,,,,,,,,,,,,,,,,,,,,,,,,,,,,,,,,,,,,,,,,,,,,,,,,,,,,,,,,,,,,,,,,,,,,,,,,,,,,,,,,,,,,,,,,,,,,,,,,,,,,,,,,,,,,,,,,,,,,,,,,,,,,,,,,,,,,,,,,,,,,,,,,,,,,,,,,,,,,,,,,,,,,,,,,,,,,,,,,,2026-07-11 11:22:46.237,0,,NoForecastRowsMaterialized
10095,63,61,10461,1,2465,GARCIA MILLAN,GAZPACHO,GAZPACHO TRADICIONAL GM 1L EX,SUPER U,,,,,,,,,,NOT_COMPARABLE_MISSING_VALIDATION,1,0,0,,,,,,,,,,,,,,,,,,,,,,,,,,,,,,,,,,,,,,,,,,,,,,,,,,,,,,,,,,,,,,,,,,,,,,,,,,,,,,,,,,,,,,,,,,,,,,,,,,,,,,,,,,,,,,,,,,,,,,,,,,,,,,,,,,,,,,,,,,,,,,,,,,,,,,,,,,,,,,,,,,,,,,,,,,,,,,,,,,,,,,,,,,,,,,,,,,,,,,,,,,,,,,,,2026-07-11 11:22:46.237,0,,NoForecastRowsMaterialized
10096,63,61,10461,1,2466,GARCIA MILLAN,GAZPACHO,GAZPACHO TRADICIONAL GM 1L EX,TRANSGOURMET FR,,,,,,,,,,NOT_COMPARABLE_MISSING_VALIDATION,1,0,0,,,,,,,,,,,,,,,,,,,,,,,,,,,,,,,,,,,,,,,,,,,,,,,,,,,,,,,,,,,,,,,,,,,,,,,,,,,,,,,,,,,,,,,,,,,,,,,,,,,,,,,,,,,,,,,,,,,,,,,,,,,,,,,,,,,,,,,,,,,,,,,,,,,,,,,,,,,,,,,,,,,,,,,,,,,,,,,,,,,,,,,,,,,,,,,,,,,,,,,,,,,,,,,,2026-07-11 11:22:46.237,0,,NoForecastRowsMaterialized
10097,63,61,10461,1,2467,GARCIA MILLAN,GAZPACHO,GAZPACHO TRADICIONAL GM 330ML,TRANSGOURMET IBERICA,,,,,,,,,,NOT_COMPARABLE_MISSING_VALIDATION,1,0,0,,,,,,,,,,,,,,,,,,,,,,,,,,,,,,,,,,,,,,,,,,,,,,,,,,,,,,,,,,,,,,,,,,,,,,,,,,,,,,,,,,,,,,,,,,,,,,,,,,,,,,,,,,,,,,,,,,,,,,,,,,,,,,,,,,,,,,,,,,,,,,,,,,,,,,,,,,,,,,,,,,,,,,,,,,,,,,,,,,,,,,,,,,,,,,,,,,,,,,,,,,,,,,,,2026-07-11 11:22:46.237,0,,NoForecastRowsMaterialized
10098,63,61,10461,1,2468,GARCIA MILLAN,SALMOREJO,SALMOREJO SIN PAN GM 1L,TRANSGOURMET IBERICA,,,,,,,,,,NOT_COMPARABLE_MISSING_VALIDATION,1,0,0,,,,,,,,,,,,,,,,,,,,,,,,,,,,,,,,,,,,,,,,,,,,,,,,,,,,,,,,,,,,,,,,,,,,,,,,,,,,,,,,,,,,,,,,,,,,,,,,,,,,,,,,,,,,,,,,,,,,,,,,,,,,,,,,,,,,,,,,,,,,,,,,,,,,,,,,,,,,,,,,,,,,,,,,,,,,,,,,,,,,,,,,,,,,,,,,,,,,,,,,,,,,,,,,2026-07-11 11:22:46.237,0,,NoForecastRowsMaterialized
10099,63,61,10461,1,2469,GARCIA MILLAN,SALMOREJO,SALMOREJO SIN PAN GM 1L EX,SUPER U,,,,,,,,,,NOT_COMPARABLE_MISSING_VALIDATION,1,0,0,,,,,,,,,,,,,,,,,,,,,,,,,,,,,,,,,,,,,,,,,,,,,,,,,,,,,,,,,,,,,,,,,,,,,,,,,,,,,,,,,,,,,,,,,,,,,,,,,,,,,,,,,,,,,,,,,,,,,,,,,,,,,,,,,,,,,,,,,,,,,,,,,,,,,,,,,,,,,,,,,,,,,,,,,,,,,,,,,,,,,,,,,,,,,,,,,,,,,,,,,,,,,,,,2026-07-11 11:22:46.237,0,,NoForecastRowsMaterialized
10100,63,61,10461,1,2470,GARCIA MILLAN,SALMOREJO,SALMOREJO SIN PAN GM 1L EX,TRANSGOURMET FR,,,,,,,,,,NOT_COMPARABLE_MISSING_VALIDATION,1,0,0,,,,,,,,,,,,,,,,,,,,,,,,,,,,,,,,,,,,,,,,,,,,,,,,,,,,,,,,,,,,,,,,,,,,,,,,,,,,,,,,,,,,,,,,,,,,,,,,,,,,,,,,,,,,,,,,,,,,,,,,,,,,,,,,,,,,,,,,,,,,,,,,,,,,,,,,,,,,,,,,,,,,,,,,,,,,,,,,,,,,,,,,,,,,,,,,,,,,,,,,,,,,,,,,2026-07-11 11:22:46.237,0,,NoForecastRowsMaterialized
10101,63,61,10461,1,2471,GARCIA MILLAN,SALMOREJO,SALMOREJO SIN PAN GM 330ML,TRANSGOURMET IBERICA,,,,,,,,,,NOT_COMPARABLE_MISSING_VALIDATION,1,0,0,,,,,,,,,,,,,,,,,,,,,,,,,,,,,,,,,,,,,,,,,,,,,,,,,,,,,,,,,,,,,,,,,,,,,,,,,,,,,,,,,,,,,,,,,,,,,,,,,,,,,,,,,,,,,,,,,,,,,,,,,,,,,,,,,,,,,,,,,,,,,,,,,,,,,,,,,,,,,,,,,,,,,,,,,,,,,,,,,,,,,,,,,,,,,,,,,,,,,,,,,,,,,,,,2026-07-11 11:22:46.237,0,,NoForecastRowsMaterialized
10102,63,61,10461,1,2472,GARCIA MILLAN,SALMOREJO,SALMOREJO SIN PAN GM 330ML EX,SUPER U,,,,,,,,,,NOT_COMPARABLE_MISSING_VALIDATION,1,0,0,,,,,,,,,,,,,,,,,,,,,,,,,,,,,,,,,,,,,,,,,,,,,,,,,,,,,,,,,,,,,,,,,,,,,,,,,,,,,,,,,,,,,,,,,,,,,,,,,,,,,,,,,,,,,,,,,,,,,,,,,,,,,,,,,,,,,,,,,,,,,,,,,,,,,,,,,,,,,,,,,,,,,,,,,,,,,,,,,,,,,,,,,,,,,,,,,,,,,,,,,,,,,,,,2026-07-11 11:22:46.237,0,,NoForecastRowsMaterialized
10103,63,61,10461,1,2473,GARCIA MILLAN,SALMOREJO,SALMOREJO SIN PAN GM 330ML EX,TRANSGOURMET FR,,,,,,,,,,NOT_COMPARABLE_MISSING_VALIDATION,1,0,0,,,,,,,,,,,,,,,,,,,,,,,,,,,,,,,,,,,,,,,,,,,,,,,,,,,,,,,,,,,,,,,,,,,,,,,,,,,,,,,,,,,,,,,,,,,,,,,,,,,,,,,,,,,,,,,,,,,,,,,,,,,,,,,,,,,,,,,,,,,,,,,,,,,,,,,,,,,,,,,,,,,,,,,,,,,,,,,,,,,,,,,,,,,,,,,,,,,,,,,,,,,,,,,,2026-07-11 11:22:46.237,0,,NoForecastRowsMaterialized
10104,63,61,10461,1,2474,GARCIA MILLAN,GAZPACHO,GAZPACHO FRESON GM 750ML,INSULA DISTRIBUCIONS,,,,,,,,,,NOT_COMPARABLE_MISSING_VALIDATION,1,0,0,,,,,,,,,,,,,,,,,,,,,,,,,,,,,,,,,,,,,,,,,,,,,,,,,,,,,,,,,,,,,,,,,,,,,,,,,,,,,,,,,,,,,,,,,,,,,,,,,,,,,,,,,,,,,,,,,,,,,,,,,,,,,,,,,,,,,,,,,,,,,,,,,,,,,,,,,,,,,,,,,,,,,,,,,,,,,,,,,,,,,,,,,,,,,,,,,,,,,,,,,,,,,,,,2026-07-11 11:22:46.237,0,,NoForecastRowsMaterialized
10105,63,61,10461,1,2475,GARCIA MILLAN,GAZPACHO,GAZPACHO FRESON GM 750ML,MONTES DIST.,,,,,,,,,,NOT_COMPARABLE_MISSING_VALIDATION,1,0,0,,,,,,,,,,,,,,,,,,,,,,,,,,,,,,,,,,,,,,,,,,,,,,,,,,,,,,,,,,,,,,,,,,,,,,,,,,,,,,,,,,,,,,,,,,,,,,,,,,,,,,,,,,,,,,,,,,,,,,,,,,,,,,,,,,,,,,,,,,,,,,,,,,,,,,,,,,,,,,,,,,,,,,,,,,,,,,,,,,,,,,,,,,,,,,,,,,,,,,,,,,,,,,,,2026-07-11 11:22:46.237,0,,NoForecastRowsMaterialized
10106,63,61,10461,1,2476,GARCIA MILLAN,GAZPACHO,GAZPACHO FRESON GM 750ML EX,INTERMARCHE,,,,,,,,,,NOT_COMPARABLE_MISSING_VALIDATION,1,0,0,,,,,,,,,,,,,,,,,,,,,,,,,,,,,,,,,,,,,,,,,,,,,,,,,,,,,,,,,,,,,,,,,,,,,,,,,,,,,,,,,,,,,,,,,,,,,,,,,,,,,,,,,,,,,,,,,,,,,,,,,,,,,,,,,,,,,,,,,,,,,,,,,,,,,,,,,,,,,,,,,,,,,,,,,,,,,,,,,,,,,,,,,,,,,,,,,,,,,,,,,,,,,,,,2026-07-11 11:22:46.237,0,,NoForecastRowsMaterialized
10107,63,61,10461,1,2477,GARCIA MILLAN,GAZPACHO,GAZPACHO HUERTA GM 750ML,COMERBAL,,,,,,,,,,NOT_COMPARABLE_MISSING_VALIDATION,1,0,0,,,,,,,,,,,,,,,,,,,,,,,,,,,,,,,,,,,,,,,,,,,,,,,,,,,,,,,,,,,,,,,,,,,,,,,,,,,,,,,,,,,,,,,,,,,,,,,,,,,,,,,,,,,,,,,,,,,,,,,,,,,,,,,,,,,,,,,,,,,,,,,,,,,,,,,,,,,,,,,,,,,,,,,,,,,,,,,,,,,,,,,,,,,,,,,,,,,,,,,,,,,,,,,,2026-07-11 11:22:46.237,0,,NoForecastRowsMaterialized
10108,63,61,10461,1,2478,GARCIA MILLAN,GAZPACHO,GAZPACHO HUERTA GM 750ML,INSULA DISTRIBUCIONS,,,,,,,,,,NOT_COMPARABLE_MISSING_VALIDATION,1,0,0,,,,,,,,,,,,,,,,,,,,,,,,,,,,,,,,,,,,,,,,,,,,,,,,,,,,,,,,,,,,,,,,,,,,,,,,,,,,,,,,,,,,,,,,,,,,,,,,,,,,,,,,,,,,,,,,,,,,,,,,,,,,,,,,,,,,,,,,,,,,,,,,,,,,,,,,,,,,,,,,,,,,,,,,,,,,,,,,,,,,,,,,,,,,,,,,,,,,,,,,,,,,,,,,2026-07-11 11:22:46.237,0,,NoForecastRowsMaterialized
10109,63,61,10461,1,2479,GARCIA MILLAN,GAZPACHO,GAZPACHO HUERTA GM 750ML,MARKETING,,,,,,,,,,NOT_COMPARABLE_MISSING_VALIDATION,1,0,0,,,,,,,,,,,,,,,,,,,,,,,,,,,,,,,,,,,,,,,,,,,,,,,,,,,,,,,,,,,,,,,,,,,,,,,,,,,,,,,,,,,,,,,,,,,,,,,,,,,,,,,,,,,,,,,,,,,,,,,,,,,,,,,,,,,,,,,,,,,,,,,,,,,,,,,,,,,,,,,,,,,,,,,,,,,,,,,,,,,,,,,,,,,,,,,,,,,,,,,,,,,,,,,,2026-07-11 11:22:46.237,0,,NoForecastRowsMaterialized
10110,63,61,10461,1,2480,GARCIA MILLAN,GAZPACHO,GAZPACHO HUERTA GM 750ML,MONTES DIST.,,,,,,,,,,NOT_COMPARABLE_MISSING_VALIDATION,1,0,0,,,,,,,,,,,,,,,,,,,,,,,,,,,,,,,,,,,,,,,,,,,,,,,,,,,,,,,,,,,,,,,,,,,,,,,,,,,,,,,,,,,,,,,,,,,,,,,,,,,,,,,,,,,,,,,,,,,,,,,,,,,,,,,,,,,,,,,,,,,,,,,,,,,,,,,,,,,,,,,,,,,,,,,,,,,,,,,,,,,,,,,,,,,,,,,,,,,,,,,,,,,,,,,,2026-07-11 11:22:46.237,0,,NoForecastRowsMaterialized
10111,63,61,10461,1,2481,GARCIA MILLAN,GAZPACHO,GAZPACHO MEDITERRANEO GM 1L,INSULA DISTRIBUCIONS,,,,,,,,,,NOT_COMPARABLE_MISSING_VALIDATION,1,0,0,,,,,,,,,,,,,,,,,,,,,,,,,,,,,,,,,,,,,,,,,,,,,,,,,,,,,,,,,,,,,,,,,,,,,,,,,,,,,,,,,,,,,,,,,,,,,,,,,,,,,,,,,,,,,,,,,,,,,,,,,,,,,,,,,,,,,,,,,,,,,,,,,,,,,,,,,,,,,,,,,,,,,,,,,,,,,,,,,,,,,,,,,,,,,,,,,,,,,,,,,,,,,,,,2026-07-11 11:22:46.237,0,,NoForecastRowsMaterialized
10112,63,61,10461,1,2482,GARCIA MILLAN,GAZPACHO,GAZPACHO MEDITERRANEO GM 1L EX,INTERMARCHE,,,,,,,,,,NOT_COMPARABLE_MISSING_VALIDATION,1,0,0,,,,,,,,,,,,,,,,,,,,,,,,,,,,,,,,,,,,,,,,,,,,,,,,,,,,,,,,,,,,,,,,,,,,,,,,,,,,,,,,,,,,,,,,,,,,,,,,,,,,,,,,,,,,,,,,,,,,,,,,,,,,,,,,,,,,,,,,,,,,,,,,,,,,,,,,,,,,,,,,,,,,,,,,,,,,,,,,,,,,,,,,,,,,,,,,,,,,,,,,,,,,,,,,2026-07-11 11:22:46.237,0,,NoForecastRowsMaterialized
10113,63,61,10461,1,2483,GARCIA MILLAN,GAZPACHO,GAZPACHO TRADICION GM 330ML EX,INTERMARCHE,,,,,,,,,,NOT_COMPARABLE_MISSING_VALIDATION,1,0,0,,,,,,,,,,,,,,,,,,,,,,,,,,,,,,,,,,,,,,,,,,,,,,,,,,,,,,,,,,,,,,,,,,,,,,,,,,,,,,,,,,,,,,,,,,,,,,,,,,,,,,,,,,,,,,,,,,,,,,,,,,,,,,,,,,,,,,,,,,,,,,,,,,,,,,,,,,,,,,,,,,,,,,,,,,,,,,,,,,,,,,,,,,,,,,,,,,,,,,,,,,,,,,,,2026-07-11 11:22:46.237,0,,NoForecastRowsMaterialized
10114,63,61,10461,1,2484,GARCIA MILLAN,GAZPACHO,GAZPACHO TRADICIONAL GM 1L,MONTES DIST.,,,,,,,,,,NOT_COMPARABLE_MISSING_VALIDATION,1,0,0,,,,,,,,,,,,,,,,,,,,,,,,,,,,,,,,,,,,,,,,,,,,,,,,,,,,,,,,,,,,,,,,,,,,,,,,,,,,,,,,,,,,,,,,,,,,,,,,,,,,,,,,,,,,,,,,,,,,,,,,,,,,,,,,,,,,,,,,,,,,,,,,,,,,,,,,,,,,,,,,,,,,,,,,,,,,,,,,,,,,,,,,,,,,,,,,,,,,,,,,,,,,,,,,2026-07-11 11:22:46.237,0,,NoForecastRowsMaterialized
10115,63,61,10461,1,2485,GARCIA MILLAN,GAZPACHO,GAZPACHO TRADICIONAL GM 1L EX,INTERMARCHE,,,,,,,,,,NOT_COMPARABLE_MISSING_VALIDATION,1,0,0,,,,,,,,,,,,,,,,,,,,,,,,,,,,,,,,,,,,,,,,,,,,,,,,,,,,,,,,,,,,,,,,,,,,,,,,,,,,,,,,,,,,,,,,,,,,,,,,,,,,,,,,,,,,,,,,,,,,,,,,,,,,,,,,,,,,,,,,,,,,,,,,,,,,,,,,,,,,,,,,,,,,,,,,,,,,,,,,,,,,,,,,,,,,,,,,,,,,,,,,,,,,,,,,2026-07-11 11:22:46.237,0,,NoForecastRowsMaterialized
10116,63,61,10461,1,2486,GARCIA MILLAN,SALMOREJO,SALMOREJO ORIGINAL GM 330ML,COMERBAL,,,,,,,,,,NOT_COMPARABLE_MISSING_VALIDATION,1,0,0,,,,,,,,,,,,,,,,,,,,,,,,,,,,,,,,,,,,,,,,,,,,,,,,,,,,,,,,,,,,,,,,,,,,,,,,,,,,,,,,,,,,,,,,,,,,,,,,,,,,,,,,,,,,,,,,,,,,,,,,,,,,,,,,,,,,,,,,,,,,,,,,,,,,,,,,,,,,,,,,,,,,,,,,,,,,,,,,,,,,,,,,,,,,,,,,,,,,,,,,,,,,,,,,2026-07-11 11:22:46.237,0,,NoForecastRowsMaterialized
10117,63,61,10461,1,2487,GARCIA MILLAN,SALMOREJO,SALMOREJO REMOLAC GM 750 ML EX,INTERMARCHE,,,,,,,,,,NOT_COMPARABLE_MISSING_VALIDATION,1,0,0,,,,,,,,,,,,,,,,,,,,,,,,,,,,,,,,,,,,,,,,,,,,,,,,,,,,,,,,,,,,,,,,,,,,,,,,,,,,,,,,,,,,,,,,,,,,,,,,,,,,,,,,,,,,,,,,,,,,,,,,,,,,,,,,,,,,,,,,,,,,,,,,,,,,,,,,,,,,,,,,,,,,,,,,,,,,,,,,,,,,,,,,,,,,,,,,,,,,,,,,,,,,,,,,2026-07-11 11:22:46.237,0,,NoForecastRowsMaterialized
10118,63,61,10461,1,2488,GARCIA MILLAN,SALMOREJO,SALMOREJO REMOLACHA GM 750ML,INSULA DISTRIBUCIONS,,,,,,,,,,NOT_COMPARABLE_MISSING_VALIDATION,1,0,0,,,,,,,,,,,,,,,,,,,,,,,,,,,,,,,,,,,,,,,,,,,,,,,,,,,,,,,,,,,,,,,,,,,,,,,,,,,,,,,,,,,,,,,,,,,,,,,,,,,,,,,,,,,,,,,,,,,,,,,,,,,,,,,,,,,,,,,,,,,,,,,,,,,,,,,,,,,,,,,,,,,,,,,,,,,,,,,,,,,,,,,,,,,,,,,,,,,,,,,,,,,,,,,,2026-07-11 11:22:46.237,0,,NoForecastRowsMaterialized
10119,63,61,10461,1,2489,GARCIA MILLAN,SALMOREJO,SALMOREJO REMOLACHA GM 750ML,MONTES DIST.,,,,,,,,,,NOT_COMPARABLE_MISSING_VALIDATION,1,0,0,,,,,,,,,,,,,,,,,,,,,,,,,,,,,,,,,,,,,,,,,,,,,,,,,,,,,,,,,,,,,,,,,,,,,,,,,,,,,,,,,,,,,,,,,,,,,,,,,,,,,,,,,,,,,,,,,,,,,,,,,,,,,,,,,,,,,,,,,,,,,,,,,,,,,,,,,,,,,,,,,,,,,,,,,,,,,,,,,,,,,,,,,,,,,,,,,,,,,,,,,,,,,,,,2026-07-11 11:22:46.237,0,,NoForecastRowsMaterialized
10120,63,61,10461,1,2490,GARCIA MILLAN,SALMOREJO,SALMOREJO SIN PAN GM 1L,INSULA DISTRIBUCIONS,,,,,,,,,,NOT_COMPARABLE_MISSING_VALIDATION,1,0,0,,,,,,,,,,,,,,,,,,,,,,,,,,,,,,,,,,,,,,,,,,,,,,,,,,,,,,,,,,,,,,,,,,,,,,,,,,,,,,,,,,,,,,,,,,,,,,,,,,,,,,,,,,,,,,,,,,,,,,,,,,,,,,,,,,,,,,,,,,,,,,,,,,,,,,,,,,,,,,,,,,,,,,,,,,,,,,,,,,,,,,,,,,,,,,,,,,,,,,,,,,,,,,,,2026-07-11 11:22:46.237,0,,NoForecastRowsMaterialized
10121,63,61,10461,1,2491,GARCIA MILLAN,SALMOREJO,SALMOREJO SIN PAN GM 1L,MONTES DIST.,,,,,,,,,,NOT_COMPARABLE_MISSING_VALIDATION,1,0,0,,,,,,,,,,,,,,,,,,,,,,,,,,,,,,,,,,,,,,,,,,,,,,,,,,,,,,,,,,,,,,,,,,,,,,,,,,,,,,,,,,,,,,,,,,,,,,,,,,,,,,,,,,,,,,,,,,,,,,,,,,,,,,,,,,,,,,,,,,,,,,,,,,,,,,,,,,,,,,,,,,,,,,,,,,,,,,,,,,,,,,,,,,,,,,,,,,,,,,,,,,,,,,,,2026-07-11 11:22:46.237,0,,NoForecastRowsMaterialized
10122,63,61,10461,1,2492,GARCIA MILLAN,SALMOREJO,SALMOREJO SIN PAN GM 1L EX,INTERMARCHE,,,,,,,,,,NOT_COMPARABLE_MISSING_VALIDATION,1,0,0,,,,,,,,,,,,,,,,,,,,,,,,,,,,,,,,,,,,,,,,,,,,,,,,,,,,,,,,,,,,,,,,,,,,,,,,,,,,,,,,,,,,,,,,,,,,,,,,,,,,,,,,,,,,,,,,,,,,,,,,,,,,,,,,,,,,,,,,,,,,,,,,,,,,,,,,,,,,,,,,,,,,,,,,,,,,,,,,,,,,,,,,,,,,,,,,,,,,,,,,,,,,,,,,2026-07-11 11:22:46.237,0,,NoForecastRowsMaterialized
10123,63,61,10461,1,2493,GARCIA MILLAN,SALMOREJO,SALMOREJO SIN PAN GM 330ML,GADISA,,,,,,,,,,NOT_COMPARABLE_MISSING_VALIDATION,1,0,0,,,,,,,,,,,,,,,,,,,,,,,,,,,,,,,,,,,,,,,,,,,,,,,,,,,,,,,,,,,,,,,,,,,,,,,,,,,,,,,,,,,,,,,,,,,,,,,,,,,,,,,,,,,,,,,,,,,,,,,,,,,,,,,,,,,,,,,,,,,,,,,,,,,,,,,,,,,,,,,,,,,,,,,,,,,,,,,,,,,,,,,,,,,,,,,,,,,,,,,,,,,,,,,,2026-07-11 11:22:46.237,0,,NoForecastRowsMaterialized
10124,63,61,10461,1,2494,GARCIA MILLAN,SALMOREJO,SALMOREJO SIN PAN GM 330ML EX,INTERMARCHE,,,,,,,,,,NOT_COMPARABLE_MISSING_VALIDATION,1,0,0,,,,,,,,,,,,,,,,,,,,,,,,,,,,,,,,,,,,,,,,,,,,,,,,,,,,,,,,,,,,,,,,,,,,,,,,,,,,,,,,,,,,,,,,,,,,,,,,,,,,,,,,,,,,,,,,,,,,,,,,,,,,,,,,,,,,,,,,,,,,,,,,,,,,,,,,,,,,,,,,,,,,,,,,,,,,,,,,,,,,,,,,,,,,,,,,,,,,,,,,,,,,,,,,2026-07-11 11:22:46.237,0,,NoForecastRowsMaterialized
10125,63,61,10461,1,2495,GARCIA MILLAN,GAZPACHO,GAZPACHO FRESON GM 750ML,AMAZON,,,,,,,,,,NOT_COMPARABLE_MISSING_VALIDATION,1,0,0,,,,,,,,,,,,,,,,,,,,,,,,,,,,,,,,,,,,,,,,,,,,,,,,,,,,,,,,,,,,,,,,,,,,,,,,,,,,,,,,,,,,,,,,,,,,,,,,,,,,,,,,,,,,,,,,,,,,,,,,,,,,,,,,,,,,,,,,,,,,,,,,,,,,,,,,,,,,,,,,,,,,,,,,,,,,,,,,,,,,,,,,,,,,,,,,,,,,,,,,,,,,,,,,2026-07-11 11:22:46.237,0,,NoForecastRowsMaterialized
10126,63,61,10461,1,2496,GARCIA MILLAN,GAZPACHO,GAZPACHO FRESON GM 750ML,DEGUSTACIONES,,,,,,,,,,NOT_COMPARABLE_MISSING_VALIDATION,1,0,0,,,,,,,,,,,,,,,,,,,,,,,,,,,,,,,,,,,,,,,,,,,,,,,,,,,,,,,,,,,,,,,,,,,,,,,,,,,,,,,,,,,,,,,,,,,,,,,,,,,,,,,,,,,,,,,,,,,,,,,,,,,,,,,,,,,,,,,,,,,,,,,,,,,,,,,,,,,,,,,,,,,,,,,,,,,,,,,,,,,,,,,,,,,,,,,,,,,,,,,,,,,,,,,,2026-07-11 11:22:46.237,0,,NoForecastRowsMaterialized
10127,63,61,10461,1,2497,GARCIA MILLAN,GAZPACHO,GAZPACHO FRESON GM 750ML EX,GALLY,,,,,,,,,,NOT_COMPARABLE_MISSING_VALIDATION,1,0,0,,,,,,,,,,,,,,,,,,,,,,,,,,,,,,,,,,,,,,,,,,,,,,,,,,,,,,,,,,,,,,,,,,,,,,,,,,,,,,,,,,,,,,,,,,,,,,,,,,,,,,,,,,,,,,,,,,,,,,,,,,,,,,,,,,,,,,,,,,,,,,,,,,,,,,,,,,,,,,,,,,,,,,,,,,,,,,,,,,,,,,,,,,,,,,,,,,,,,,,,,,,,,,,,2026-07-11 11:22:46.237,0,,NoForecastRowsMaterialized
10128,63,61,10461,1,2498,GARCIA MILLAN,GAZPACHO,GAZPACHO HUERTA GM 750ML,DEGUSTACIONES,,,,,,,,,,NOT_COMPARABLE_MISSING_VALIDATION,1,0,0,,,,,,,,,,,,,,,,,,,,,,,,,,,,,,,,,,,,,,,,,,,,,,,,,,,,,,,,,,,,,,,,,,,,,,,,,,,,,,,,,,,,,,,,,,,,,,,,,,,,,,,,,,,,,,,,,,,,,,,,,,,,,,,,,,,,,,,,,,,,,,,,,,,,,,,,,,,,,,,,,,,,,,,,,,,,,,,,,,,,,,,,,,,,,,,,,,,,,,,,,,,,,,,,2026-07-11 11:22:46.237,0,,NoForecastRowsMaterialized
"10129,63,61,10461,1,2499,GARCIA MILLAN,GAZPACHO,""GAZPACHO MEDITERRANEO GM 1,15L"",GRUPO EL JAMON,,,,,,,,,,NOT_COMPARABLE_MISSING_VALIDATION,1,0,0,,,,,,,,,,,,,,,,,,,,,,,,,,,,,,,,,,,,,,,,,,,,,,,,,,,,,,,,,,,,,,,,,,,,,,,,,,,,,,,,,,,,,,,,,,,,,,,,,,,,,,,,,,,,,,,,,,,,,,,,,,,,,,,,,,,,,,,,,,,,,,,,,,,,,,,,,,,,,,,,,,,,,,,,,,,,,,,,,,,,,,,,,,,,,,,,,,,,,,,,,,,,,,,,2026-07-11 11:22:46.237,0,,NoForecastRowsMaterialized"
10130,63,61,10461,1,2500,GARCIA MILLAN,GAZPACHO,GAZPACHO MEDITERRANEO GM 1L,DEGUSTACIONES,,,,,,,,,,NOT_COMPARABLE_MISSING_VALIDATION,1,0,0,,,,,,,,,,,,,,,,,,,,,,,,,,,,,,,,,,,,,,,,,,,,,,,,,,,,,,,,,,,,,,,,,,,,,,,,,,,,,,,,,,,,,,,,,,,,,,,,,,,,,,,,,,,,,,,,,,,,,,,,,,,,,,,,,,,,,,,,,,,,,,,,,,,,,,,,,,,,,,,,,,,,,,,,,,,,,,,,,,,,,,,,,,,,,,,,,,,,,,,,,,,,,,,,2026-07-11 11:22:46.237,0,,NoForecastRowsMaterialized
10131,63,61,10461,1,2501,GARCIA MILLAN,GAZPACHO,GAZPACHO MEDITERRANEO GM 1L,GRUPO EL JAMON,,,,,,,,,,NOT_COMPARABLE_MISSING_VALIDATION,1,0,0,,,,,,,,,,,,,,,,,,,,,,,,,,,,,,,,,,,,,,,,,,,,,,,,,,,,,,,,,,,,,,,,,,,,,,,,,,,,,,,,,,,,,,,,,,,,,,,,,,,,,,,,,,,,,,,,,,,,,,,,,,,,,,,,,,,,,,,,,,,,,,,,,,,,,,,,,,,,,,,,,,,,,,,,,,,,,,,,,,,,,,,,,,,,,,,,,,,,,,,,,,,,,,,,2026-07-11 11:22:46.237,0,,NoForecastRowsMaterialized
10132,63,61,10461,1,2502,GARCIA MILLAN,GAZPACHO,GAZPACHO MEDITERRANEO GM 1L EX,GALLY,,,,,,,,,,NOT_COMPARABLE_MISSING_VALIDATION,1,0,0,,,,,,,,,,,,,,,,,,,,,,,,,,,,,,,,,,,,,,,,,,,,,,,,,,,,,,,,,,,,,,,,,,,,,,,,,,,,,,,,,,,,,,,,,,,,,,,,,,,,,,,,,,,,,,,,,,,,,,,,,,,,,,,,,,,,,,,,,,,,,,,,,,,,,,,,,,,,,,,,,,,,,,,,,,,,,,,,,,,,,,,,,,,,,,,,,,,,,,,,,,,,,,,,2026-07-11 11:22:46.237,0,,NoForecastRowsMaterialized
10133,63,61,10461,1,2503,GARCIA MILLAN,GAZPACHO,GAZPACHO TRADICION GM 330ML EX,GALLY,,,,,,,,,,NOT_COMPARABLE_MISSING_VALIDATION,1,0,0,,,,,,,,,,,,,,,,,,,,,,,,,,,,,,,,,,,,,,,,,,,,,,,,,,,,,,,,,,,,,,,,,,,,,,,,,,,,,,,,,,,,,,,,,,,,,,,,,,,,,,,,,,,,,,,,,,,,,,,,,,,,,,,,,,,,,,,,,,,,,,,,,,,,,,,,,,,,,,,,,,,,,,,,,,,,,,,,,,,,,,,,,,,,,,,,,,,,,,,,,,,,,,,,2026-07-11 11:22:46.237,0,,NoForecastRowsMaterialized
"10134,63,61,10461,1,2504,GARCIA MILLAN,GAZPACHO,""GAZPACHO TRADICIONAL GM 1,15L"",GRUPO EL JAMON,,,,,,,,,,NOT_COMPARABLE_MISSING_VALIDATION,1,0,0,,,,,,,,,,,,,,,,,,,,,,,,,,,,,,,,,,,,,,,,,,,,,,,,,,,,,,,,,,,,,,,,,,,,,,,,,,,,,,,,,,,,,,,,,,,,,,,,,,,,,,,,,,,,,,,,,,,,,,,,,,,,,,,,,,,,,,,,,,,,,,,,,,,,,,,,,,,,,,,,,,,,,,,,,,,,,,,,,,,,,,,,,,,,,,,,,,,,,,,,,,,,,,,,2026-07-11 11:22:46.237,0,,NoForecastRowsMaterialized"
10135,63,61,10461,1,2505,GARCIA MILLAN,GAZPACHO,GAZPACHO TRADICIONAL GM 1L,DEGUSTACIONES,,,,,,,,,,NOT_COMPARABLE_MISSING_VALIDATION,1,0,0,,,,,,,,,,,,,,,,,,,,,,,,,,,,,,,,,,,,,,,,,,,,,,,,,,,,,,,,,,,,,,,,,,,,,,,,,,,,,,,,,,,,,,,,,,,,,,,,,,,,,,,,,,,,,,,,,,,,,,,,,,,,,,,,,,,,,,,,,,,,,,,,,,,,,,,,,,,,,,,,,,,,,,,,,,,,,,,,,,,,,,,,,,,,,,,,,,,,,,,,,,,,,,,,2026-07-11 11:22:46.237,0,,NoForecastRowsMaterialized
10136,63,61,10461,1,2506,GARCIA MILLAN,GAZPACHO,GAZPACHO TRADICIONAL GM 1L,DONACIONES,,,,,,,,,,NOT_COMPARABLE_MISSING_VALIDATION,1,0,0,,,,,,,,,,,,,,,,,,,,,,,,,,,,,,,,,,,,,,,,,,,,,,,,,,,,,,,,,,,,,,,,,,,,,,,,,,,,,,,,,,,,,,,,,,,,,,,,,,,,,,,,,,,,,,,,,,,,,,,,,,,,,,,,,,,,,,,,,,,,,,,,,,,,,,,,,,,,,,,,,,,,,,,,,,,,,,,,,,,,,,,,,,,,,,,,,,,,,,,,,,,,,,,,2026-07-11 11:22:46.237,0,,NoForecastRowsMaterialized
10137,63,61,10461,1,2507,GARCIA MILLAN,GAZPACHO,GAZPACHO TRADICIONAL GM 1L EX,GALLY,,,,,,,,,,NOT_COMPARABLE_MISSING_VALIDATION,1,0,0,,,,,,,,,,,,,,,,,,,,,,,,,,,,,,,,,,,,,,,,,,,,,,,,,,,,,,,,,,,,,,,,,,,,,,,,,,,,,,,,,,,,,,,,,,,,,,,,,,,,,,,,,,,,,,,,,,,,,,,,,,,,,,,,,,,,,,,,,,,,,,,,,,,,,,,,,,,,,,,,,,,,,,,,,,,,,,,,,,,,,,,,,,,,,,,,,,,,,,,,,,,,,,,,2026-07-11 11:22:46.237,0,,NoForecastRowsMaterialized
10138,63,61,10461,1,2508,GARCIA MILLAN,GAZPACHO,GAZPACHO TRADICIONAL GM 330ML,DEGUSTACIONES,,,,,,,,,,NOT_COMPARABLE_MISSING_VALIDATION,1,0,0,,,,,,,,,,,,,,,,,,,,,,,,,,,,,,,,,,,,,,,,,,,,,,,,,,,,,,,,,,,,,,,,,,,,,,,,,,,,,,,,,,,,,,,,,,,,,,,,,,,,,,,,,,,,,,,,,,,,,,,,,,,,,,,,,,,,,,,,,,,,,,,,,,,,,,,,,,,,,,,,,,,,,,,,,,,,,,,,,,,,,,,,,,,,,,,,,,,,,,,,,,,,,,,,2026-07-11 11:22:46.237,0,,NoForecastRowsMaterialized
10139,63,61,10461,1,2509,GARCIA MILLAN,GAZPACHO,GAZPACHO TRADICIONAL GM 330ML,DONACIONES,,,,,,,,,,NOT_COMPARABLE_MISSING_VALIDATION,1,0,0,,,,,,,,,,,,,,,,,,,,,,,,,,,,,,,,,,,,,,,,,,,,,,,,,,,,,,,,,,,,,,,,,,,,,,,,,,,,,,,,,,,,,,,,,,,,,,,,,,,,,,,,,,,,,,,,,,,,,,,,,,,,,,,,,,,,,,,,,,,,,,,,,,,,,,,,,,,,,,,,,,,,,,,,,,,,,,,,,,,,,,,,,,,,,,,,,,,,,,,,,,,,,,,,2026-07-11 11:22:46.237,0,,NoForecastRowsMaterialized
10140,63,61,10461,1,2510,GARCIA MILLAN,GAZPACHO,GAZPACHO TRADICIONAL GM 330ML,GRUPO EL JAMON,,,,,,,,,,NOT_COMPARABLE_MISSING_VALIDATION,1,0,0,,,,,,,,,,,,,,,,,,,,,,,,,,,,,,,,,,,,,,,,,,,,,,,,,,,,,,,,,,,,,,,,,,,,,,,,,,,,,,,,,,,,,,,,,,,,,,,,,,,,,,,,,,,,,,,,,,,,,,,,,,,,,,,,,,,,,,,,,,,,,,,,,,,,,,,,,,,,,,,,,,,,,,,,,,,,,,,,,,,,,,,,,,,,,,,,,,,,,,,,,,,,,,,,2026-07-11 11:22:46.237,0,,NoForecastRowsMaterialized
10141,63,61,10461,1,2511,GARCIA MILLAN,SALMOREJO,SALMOREJO REMOLAC GM 750 ML EX,GALLY,,,,,,,,,,NOT_COMPARABLE_MISSING_VALIDATION,1,0,0,,,,,,,,,,,,,,,,,,,,,,,,,,,,,,,,,,,,,,,,,,,,,,,,,,,,,,,,,,,,,,,,,,,,,,,,,,,,,,,,,,,,,,,,,,,,,,,,,,,,,,,,,,,,,,,,,,,,,,,,,,,,,,,,,,,,,,,,,,,,,,,,,,,,,,,,,,,,,,,,,,,,,,,,,,,,,,,,,,,,,,,,,,,,,,,,,,,,,,,,,,,,,,,,2026-07-11 11:22:46.237,0,,NoForecastRowsMaterialized
10142,63,61,10461,1,2512,GARCIA MILLAN,SALMOREJO,SALMOREJO REMOLAC GM 750 ML EX,SUPER U,,,,,,,,,,NOT_COMPARABLE_MISSING_VALIDATION,1,0,0,,,,,,,,,,,,,,,,,,,,,,,,,,,,,,,,,,,,,,,,,,,,,,,,,,,,,,,,,,,,,,,,,,,,,,,,,,,,,,,,,,,,,,,,,,,,,,,,,,,,,,,,,,,,,,,,,,,,,,,,,,,,,,,,,,,,,,,,,,,,,,,,,,,,,,,,,,,,,,,,,,,,,,,,,,,,,,,,,,,,,,,,,,,,,,,,,,,,,,,,,,,,,,,,2026-07-11 11:22:46.237,0,,NoForecastRowsMaterialized
10143,63,61,10461,1,2513,GARCIA MILLAN,SALMOREJO,SALMOREJO REMOLACHA GM 750ML,DEGUSTACIONES,,,,,,,,,,NOT_COMPARABLE_MISSING_VALIDATION,1,0,0,,,,,,,,,,,,,,,,,,,,,,,,,,,,,,,,,,,,,,,,,,,,,,,,,,,,,,,,,,,,,,,,,,,,,,,,,,,,,,,,,,,,,,,,,,,,,,,,,,,,,,,,,,,,,,,,,,,,,,,,,,,,,,,,,,,,,,,,,,,,,,,,,,,,,,,,,,,,,,,,,,,,,,,,,,,,,,,,,,,,,,,,,,,,,,,,,,,,,,,,,,,,,,,,2026-07-11 11:22:46.237,0,,NoForecastRowsMaterialized
"10144,63,61,10461,1,2514,GARCIA MILLAN,SALMOREJO,""SALMOREJO SIN PAN GM 1,15L"",DONACIONES,,,,,,,,,,NOT_COMPARABLE_MISSING_VALIDATION,1,0,0,,,,,,,,,,,,,,,,,,,,,,,,,,,,,,,,,,,,,,,,,,,,,,,,,,,,,,,,,,,,,,,,,,,,,,,,,,,,,,,,,,,,,,,,,,,,,,,,,,,,,,,,,,,,,,,,,,,,,,,,,,,,,,,,,,,,,,,,,,,,,,,,,,,,,,,,,,,,,,,,,,,,,,,,,,,,,,,,,,,,,,,,,,,,,,,,,,,,,,,,,,,,,,,,2026-07-11 11:22:46.237,0,,NoForecastRowsMaterialized"
"10145,63,61,10461,1,2515,GARCIA MILLAN,SALMOREJO,""SALMOREJO SIN PAN GM 1,15L"",GRUPO EL JAMON,,,,,,,,,,NOT_COMPARABLE_MISSING_VALIDATION,1,0,0,,,,,,,,,,,,,,,,,,,,,,,,,,,,,,,,,,,,,,,,,,,,,,,,,,,,,,,,,,,,,,,,,,,,,,,,,,,,,,,,,,,,,,,,,,,,,,,,,,,,,,,,,,,,,,,,,,,,,,,,,,,,,,,,,,,,,,,,,,,,,,,,,,,,,,,,,,,,,,,,,,,,,,,,,,,,,,,,,,,,,,,,,,,,,,,,,,,,,,,,,,,,,,,,2026-07-11 11:22:46.237,0,,NoForecastRowsMaterialized"
10146,63,61,10461,1,2516,GARCIA MILLAN,SALMOREJO,SALMOREJO SIN PAN GM 1L,HIPER USERA,,,,,,,,,,NOT_COMPARABLE_MISSING_VALIDATION,1,0,0,,,,,,,,,,,,,,,,,,,,,,,,,,,,,,,,,,,,,,,,,,,,,,,,,,,,,,,,,,,,,,,,,,,,,,,,,,,,,,,,,,,,,,,,,,,,,,,,,,,,,,,,,,,,,,,,,,,,,,,,,,,,,,,,,,,,,,,,,,,,,,,,,,,,,,,,,,,,,,,,,,,,,,,,,,,,,,,,,,,,,,,,,,,,,,,,,,,,,,,,,,,,,,,,2026-07-11 11:22:46.237,0,,NoForecastRowsMaterialized
10147,63,61,10461,1,2517,GARCIA MILLAN,SALMOREJO,SALMOREJO SIN PAN GM 1L EX,GALLY,,,,,,,,,,NOT_COMPARABLE_MISSING_VALIDATION,1,0,0,,,,,,,,,,,,,,,,,,,,,,,,,,,,,,,,,,,,,,,,,,,,,,,,,,,,,,,,,,,,,,,,,,,,,,,,,,,,,,,,,,,,,,,,,,,,,,,,,,,,,,,,,,,,,,,,,,,,,,,,,,,,,,,,,,,,,,,,,,,,,,,,,,,,,,,,,,,,,,,,,,,,,,,,,,,,,,,,,,,,,,,,,,,,,,,,,,,,,,,,,,,,,,,,2026-07-11 11:22:46.237,0,,NoForecastRowsMaterialized
10148,63,61,10461,1,2518,GARCIA MILLAN,SALMOREJO,SALMOREJO SIN PAN GM 330ML,GRUPO EL JAMON,,,,,,,,,,NOT_COMPARABLE_MISSING_VALIDATION,1,0,0,,,,,,,,,,,,,,,,,,,,,,,,,,,,,,,,,,,,,,,,,,,,,,,,,,,,,,,,,,,,,,,,,,,,,,,,,,,,,,,,,,,,,,,,,,,,,,,,,,,,,,,,,,,,,,,,,,,,,,,,,,,,,,,,,,,,,,,,,,,,,,,,,,,,,,,,,,,,,,,,,,,,,,,,,,,,,,,,,,,,,,,,,,,,,,,,,,,,,,,,,,,,,,,,2026-07-11 11:22:46.237,0,,NoForecastRowsMaterialized
10149,63,61,10461,1,2519,GARCIA MILLAN,SALMOREJO,SALMOREJO SIN PAN GM 330ML EX,GALLY,,,,,,,,,,NOT_COMPARABLE_MISSING_VALIDATION,1,0,0,,,,,,,,,,,,,,,,,,,,,,,,,,,,,,,,,,,,,,,,,,,,,,,,,,,,,,,,,,,,,,,,,,,,,,,,,,,,,,,,,,,,,,,,,,,,,,,,,,,,,,,,,,,,,,,,,,,,,,,,,,,,,,,,,,,,,,,,,,,,,,,,,,,,,,,,,,,,,,,,,,,,,,,,,,,,,,,,,,,,,,,,,,,,,,,,,,,,,,,,,,,,,,,,2026-07-11 11:22:46.237,0,,NoForecastRowsMaterialized
10150,63,61,10461,1,2520,GARCIA MILLAN,GAZPACHO,GAZPACHO HUERTA GM 750ML,SEMARK,,,,,,,,,,NOT_COMPARABLE_MISSING_VALIDATION,1,0,0,,,,,,,,,,,,,,,,,,,,,,,,,,,,,,,,,,,,,,,,,,,,,,,,,,,,,,,,,,,,,,,,,,,,,,,,,,,,,,,,,,,,,,,,,,,,,,,,,,,,,,,,,,,,,,,,,,,,,,,,,,,,,,,,,,,,,,,,,,,,,,,,,,,,,,,,,,,,,,,,,,,,,,,,,,,,,,,,,,,,,,,,,,,,,,,,,,,,,,,,,,,,,,,,2026-07-11 11:22:46.237,0,,NoForecastRowsMaterialized
10151,63,61,10461,1,2521,GARCIA MILLAN,GAZPACHO,GAZPACHO MEDITERRANEO GM 1L,COVALCO-COALIMET,,,,,,,,,,NOT_COMPARABLE_MISSING_VALIDATION,1,0,0,,,,,,,,,,,,,,,,,,,,,,,,,,,,,,,,,,,,,,,,,,,,,,,,,,,,,,,,,,,,,,,,,,,,,,,,,,,,,,,,,,,,,,,,,,,,,,,,,,,,,,,,,,,,,,,,,,,,,,,,,,,,,,,,,,,,,,,,,,,,,,,,,,,,,,,,,,,,,,,,,,,,,,,,,,,,,,,,,,,,,,,,,,,,,,,,,,,,,,,,,,,,,,,,2026-07-11 11:22:46.237,0,,NoForecastRowsMaterialized
10152,63,61,10461,1,2522,GARCIA MILLAN,GAZPACHO,GAZPACHO MEDITERRANEO GM 1L,MUSGRAVE,,,,,,,,,,NOT_COMPARABLE_MISSING_VALIDATION,1,0,0,,,,,,,,,,,,,,,,,,,,,,,,,,,,,,,,,,,,,,,,,,,,,,,,,,,,,,,,,,,,,,,,,,,,,,,,,,,,,,,,,,,,,,,,,,,,,,,,,,,,,,,,,,,,,,,,,,,,,,,,,,,,,,,,,,,,,,,,,,,,,,,,,,,,,,,,,,,,,,,,,,,,,,,,,,,,,,,,,,,,,,,,,,,,,,,,,,,,,,,,,,,,,,,,2026-07-11 11:22:46.237,0,,NoForecastRowsMaterialized
10153,63,61,10461,1,2523,GARCIA MILLAN,SALMOREJO,SALMOREJO REMOLACHA GM 750ML,EL CORTE INGLES,,,,,,,,,,NOT_COMPARABLE_MISSING_VALIDATION,1,0,0,,,,,,,,,,,,,,,,,,,,,,,,,,,,,,,,,,,,,,,,,,,,,,,,,,,,,,,,,,,,,,,,,,,,,,,,,,,,,,,,,,,,,,,,,,,,,,,,,,,,,,,,,,,,,,,,,,,,,,,,,,,,,,,,,,,,,,,,,,,,,,,,,,,,,,,,,,,,,,,,,,,,,,,,,,,,,,,,,,,,,,,,,,,,,,,,,,,,,,,,,,,,,,,,2026-07-11 11:22:46.237,0,,NoForecastRowsMaterialized
10154,63,61,10461,1,2524,GARCIA MILLAN,SALMOREJO,SALMOREJO SIN PAN GM 1L,COVALCO-COALIMET,,,,,,,,,,NOT_COMPARABLE_MISSING_VALIDATION,1,0,0,,,,,,,,,,,,,,,,,,,,,,,,,,,,,,,,,,,,,,,,,,,,,,,,,,,,,,,,,,,,,,,,,,,,,,,,,,,,,,,,,,,,,,,,,,,,,,,,,,,,,,,,,,,,,,,,,,,,,,,,,,,,,,,,,,,,,,,,,,,,,,,,,,,,,,,,,,,,,,,,,,,,,,,,,,,,,,,,,,,,,,,,,,,,,,,,,,,,,,,,,,,,,,,,2026-07-11 11:22:46.237,0,,NoForecastRowsMaterialized
10155,63,61,10461,1,2525,GARCIA MILLAN,SALMOREJO,SALMOREJO SIN PAN GM 1L,MUSGRAVE,,,,,,,,,,NOT_COMPARABLE_MISSING_VALIDATION,1,0,0,,,,,,,,,,,,,,,,,,,,,,,,,,,,,,,,,,,,,,,,,,,,,,,,,,,,,,,,,,,,,,,,,,,,,,,,,,,,,,,,,,,,,,,,,,,,,,,,,,,,,,,,,,,,,,,,,,,,,,,,,,,,,,,,,,,,,,,,,,,,,,,,,,,,,,,,,,,,,,,,,,,,,,,,,,,,,,,,,,,,,,,,,,,,,,,,,,,,,,,,,,,,,,,,2026-07-11 11:22:46.237,0,,NoForecastRowsMaterialized
10156,63,61,10461,1,2526,GARCIA MILLAN,SALMOREJO,SALMOREJO SIN PAN GM 330ML,COVALCO-COALIMET,,,,,,,,,,NOT_COMPARABLE_MISSING_VALIDATION,1,0,0,,,,,,,,,,,,,,,,,,,,,,,,,,,,,,,,,,,,,,,,,,,,,,,,,,,,,,,,,,,,,,,,,,,,,,,,,,,,,,,,,,,,,,,,,,,,,,,,,,,,,,,,,,,,,,,,,,,,,,,,,,,,,,,,,,,,,,,,,,,,,,,,,,,,,,,,,,,,,,,,,,,,,,,,,,,,,,,,,,,,,,,,,,,,,,,,,,,,,,,,,,,,,,,,2026-07-11 11:22:46.237,0,,NoForecastRowsMaterialized
10157,63,61,10461,1,2527,GARCIA MILLAN,SALMOREJO,SALMOREJO SIN PAN GM 330ML EX,ALDI PT,,,,,,,,,,NOT_COMPARABLE_MISSING_VALIDATION,1,0,0,,,,,,,,,,,,,,,,,,,,,,,,,,,,,,,,,,,,,,,,,,,,,,,,,,,,,,,,,,,,,,,,,,,,,,,,,,,,,,,,,,,,,,,,,,,,,,,,,,,,,,,,,,,,,,,,,,,,,,,,,,,,,,,,,,,,,,,,,,,,,,,,,,,,,,,,,,,,,,,,,,,,,,,,,,,,,,,,,,,,,,,,,,,,,,,,,,,,,,,,,,,,,,,,2026-07-11 11:22:46.237,0,,NoForecastRowsMaterialized
10158,63,61,10461,1,2528,GARCIA MILLAN,GAZPACHO,GAZPACHO MEDITERRANEO GM 1L,VENTA ONLINE,,,,,,,,,,NOT_COMPARABLE_MISSING_VALIDATION,1,0,0,,,,,,,,,,,,,,,,,,,,,,,,,,,,,,,,,,,,,,,,,,,,,,,,,,,,,,,,,,,,,,,,,,,,,,,,,,,,,,,,,,,,,,,,,,,,,,,,,,,,,,,,,,,,,,,,,,,,,,,,,,,,,,,,,,,,,,,,,,,,,,,,,,,,,,,,,,,,,,,,,,,,,,,,,,,,,,,,,,,,,,,,,,,,,,,,,,,,,,,,,,,,,,,,2026-07-11 11:22:46.237,0,,NoForecastRowsMaterialized
10159,63,61,10461,1,2529,GARCIA MILLAN,GAZPACHO,GAZPACHO TRADICION GM 330ML EX,ALDI PT,,,,,,,,,,NOT_COMPARABLE_MISSING_VALIDATION,1,0,0,,,,,,,,,,,,,,,,,,,,,,,,,,,,,,,,,,,,,,,,,,,,,,,,,,,,,,,,,,,,,,,,,,,,,,,,,,,,,,,,,,,,,,,,,,,,,,,,,,,,,,,,,,,,,,,,,,,,,,,,,,,,,,,,,,,,,,,,,,,,,,,,,,,,,,,,,,,,,,,,,,,,,,,,,,,,,,,,,,,,,,,,,,,,,,,,,,,,,,,,,,,,,,,,2026-07-11 11:22:46.237,0,,NoForecastRowsMaterialized
10160,63,61,10461,1,2530,GARCIA MILLAN,SALMOREJO,SALMOREJO ORIGINAL GM 330ML,VENTA ONLINE,,,,,,,,,,NOT_COMPARABLE_MISSING_VALIDATION,1,0,0,,,,,,,,,,,,,,,,,,,,,,,,,,,,,,,,,,,,,,,,,,,,,,,,,,,,,,,,,,,,,,,,,,,,,,,,,,,,,,,,,,,,,,,,,,,,,,,,,,,,,,,,,,,,,,,,,,,,,,,,,,,,,,,,,,,,,,,,,,,,,,,,,,,,,,,,,,,,,,,,,,,,,,,,,,,,,,,,,,,,,,,,,,,,,,,,,,,,,,,,,,,,,,,,2026-07-11 11:22:46.237,0,,NoForecastRowsMaterialized
10161,63,61,10461,1,2531,GARCIA MILLAN,SALMOREJO,SALMOREJO SIN PAN GM 330ML,VENTA ONLINE,,,,,,,,,,NOT_COMPARABLE_MISSING_VALIDATION,1,0,0,,,,,,,,,,,,,,,,,,,,,,,,,,,,,,,,,,,,,,,,,,,,,,,,,,,,,,,,,,,,,,,,,,,,,,,,,,,,,,,,,,,,,,,,,,,,,,,,,,,,,,,,,,,,,,,,,,,,,,,,,,,,,,,,,,,,,,,,,,,,,,,,,,,,,,,,,,,,,,,,,,,,,,,,,,,,,,,,,,,,,,,,,,,,,,,,,,,,,,,,,,,,,,,,2026-07-11 11:22:46.237,0,,NoForecastRowsMaterialized
10162,63,61,10461,1,2532,GARCIA MILLAN,GAZPACHO,GAZPACHO ANDALUZ GM 1L,MERCAFRISA,,,,,,,,,,NOT_COMPARABLE_MISSING_VALIDATION,1,0,0,,,,,,,,,,,,,,,,,,,,,,,,,,,,,,,,,,,,,,,,,,,,,,,,,,,,,,,,,,,,,,,,,,,,,,,,,,,,,,,,,,,,,,,,,,,,,,,,,,,,,,,,,,,,,,,,,,,,,,,,,,,,,,,,,,,,,,,,,,,,,,,,,,,,,,,,,,,,,,,,,,,,,,,,,,,,,,,,,,,,,,,,,,,,,,,,,,,,,,,,,,,,,,,,2026-07-11 11:22:46.237,0,,NoForecastRowsMaterialized
10163,63,61,10461,1,2533,GARCIA MILLAN,GAZPACHO,GAZPACHO ANDALUZ GM 1L,VENTA ONLINE,,,,,,,,,,NOT_COMPARABLE_MISSING_VALIDATION,1,0,0,,,,,,,,,,,,,,,,,,,,,,,,,,,,,,,,,,,,,,,,,,,,,,,,,,,,,,,,,,,,,,,,,,,,,,,,,,,,,,,,,,,,,,,,,,,,,,,,,,,,,,,,,,,,,,,,,,,,,,,,,,,,,,,,,,,,,,,,,,,,,,,,,,,,,,,,,,,,,,,,,,,,,,,,,,,,,,,,,,,,,,,,,,,,,,,,,,,,,,,,,,,,,,,,2026-07-11 11:22:46.237,0,,NoForecastRowsMaterialized
10164,63,61,10461,1,2534,GARCIA MILLAN,GAZPACHO,GAZPACHO ANDALUZ GM 330ML,FRUTAS MORA QUALITY,,,,,,,,,,NOT_COMPARABLE_MISSING_VALIDATION,1,0,0,,,,,,,,,,,,,,,,,,,,,,,,,,,,,,,,,,,,,,,,,,,,,,,,,,,,,,,,,,,,,,,,,,,,,,,,,,,,,,,,,,,,,,,,,,,,,,,,,,,,,,,,,,,,,,,,,,,,,,,,,,,,,,,,,,,,,,,,,,,,,,,,,,,,,,,,,,,,,,,,,,,,,,,,,,,,,,,,,,,,,,,,,,,,,,,,,,,,,,,,,,,,,,,,2026-07-11 11:22:46.237,0,,NoForecastRowsMaterialized
10165,63,61,10461,1,2535,GARCIA MILLAN,GAZPACHO,GAZPACHO ANDALUZ GM 330ML,MERCAFRISA,,,,,,,,,,NOT_COMPARABLE_MISSING_VALIDATION,1,0,0,,,,,,,,,,,,,,,,,,,,,,,,,,,,,,,,,,,,,,,,,,,,,,,,,,,,,,,,,,,,,,,,,,,,,,,,,,,,,,,,,,,,,,,,,,,,,,,,,,,,,,,,,,,,,,,,,,,,,,,,,,,,,,,,,,,,,,,,,,,,,,,,,,,,,,,,,,,,,,,,,,,,,,,,,,,,,,,,,,,,,,,,,,,,,,,,,,,,,,,,,,,,,,,,2026-07-11 11:22:46.237,0,,NoForecastRowsMaterialized
10166,63,61,10461,1,2536,GARCIA MILLAN,GAZPACHO,GAZPACHO FRESON GM 750ML,MERCAFRISA,,,,,,,,,,NOT_COMPARABLE_MISSING_VALIDATION,1,0,0,,,,,,,,,,,,,,,,,,,,,,,,,,,,,,,,,,,,,,,,,,,,,,,,,,,,,,,,,,,,,,,,,,,,,,,,,,,,,,,,,,,,,,,,,,,,,,,,,,,,,,,,,,,,,,,,,,,,,,,,,,,,,,,,,,,,,,,,,,,,,,,,,,,,,,,,,,,,,,,,,,,,,,,,,,,,,,,,,,,,,,,,,,,,,,,,,,,,,,,,,,,,,,,,2026-07-11 11:22:46.237,0,,NoForecastRowsMaterialized
10167,63,61,10461,1,2537,GARCIA MILLAN,GAZPACHO,GAZPACHO FRESON GM 750ML,VENTA ONLINE,,,,,,,,,,NOT_COMPARABLE_MISSING_VALIDATION,1,0,0,,,,,,,,,,,,,,,,,,,,,,,,,,,,,,,,,,,,,,,,,,,,,,,,,,,,,,,,,,,,,,,,,,,,,,,,,,,,,,,,,,,,,,,,,,,,,,,,,,,,,,,,,,,,,,,,,,,,,,,,,,,,,,,,,,,,,,,,,,,,,,,,,,,,,,,,,,,,,,,,,,,,,,,,,,,,,,,,,,,,,,,,,,,,,,,,,,,,,,,,,,,,,,,,2026-07-11 11:22:46.237,0,,NoForecastRowsMaterialized
10168,63,61,10461,1,2538,GARCIA MILLAN,GAZPACHO,GAZPACHO HUERTA GM 750ML,AMAZON,,,,,,,,,,NOT_COMPARABLE_MISSING_VALIDATION,1,0,0,,,,,,,,,,,,,,,,,,,,,,,,,,,,,,,,,,,,,,,,,,,,,,,,,,,,,,,,,,,,,,,,,,,,,,,,,,,,,,,,,,,,,,,,,,,,,,,,,,,,,,,,,,,,,,,,,,,,,,,,,,,,,,,,,,,,,,,,,,,,,,,,,,,,,,,,,,,,,,,,,,,,,,,,,,,,,,,,,,,,,,,,,,,,,,,,,,,,,,,,,,,,,,,,2026-07-11 11:22:46.237,0,,NoForecastRowsMaterialized
10169,63,61,10461,1,2539,GARCIA MILLAN,GAZPACHO,GAZPACHO HUERTA GM 750ML,MERCAFRISA,,,,,,,,,,NOT_COMPARABLE_MISSING_VALIDATION,1,0,0,,,,,,,,,,,,,,,,,,,,,,,,,,,,,,,,,,,,,,,,,,,,,,,,,,,,,,,,,,,,,,,,,,,,,,,,,,,,,,,,,,,,,,,,,,,,,,,,,,,,,,,,,,,,,,,,,,,,,,,,,,,,,,,,,,,,,,,,,,,,,,,,,,,,,,,,,,,,,,,,,,,,,,,,,,,,,,,,,,,,,,,,,,,,,,,,,,,,,,,,,,,,,,,,2026-07-11 11:22:46.237,0,,NoForecastRowsMaterialized
10170,63,61,10461,1,2540,GARCIA MILLAN,GAZPACHO,GAZPACHO HUERTA GM 750ML,VENTA ONLINE,,,,,,,,,,NOT_COMPARABLE_MISSING_VALIDATION,1,0,0,,,,,,,,,,,,,,,,,,,,,,,,,,,,,,,,,,,,,,,,,,,,,,,,,,,,,,,,,,,,,,,,,,,,,,,,,,,,,,,,,,,,,,,,,,,,,,,,,,,,,,,,,,,,,,,,,,,,,,,,,,,,,,,,,,,,,,,,,,,,,,,,,,,,,,,,,,,,,,,,,,,,,,,,,,,,,,,,,,,,,,,,,,,,,,,,,,,,,,,,,,,,,,,,2026-07-11 11:22:46.237,0,,NoForecastRowsMaterialized
10171,63,61,10461,1,2541,GARCIA MILLAN,GAZPACHO,GAZPACHO MEDITERRANEO GM 1L,MONTES DIST.,,,,,,,,,,NOT_COMPARABLE_MISSING_VALIDATION,1,0,0,,,,,,,,,,,,,,,,,,,,,,,,,,,,,,,,,,,,,,,,,,,,,,,,,,,,,,,,,,,,,,,,,,,,,,,,,,,,,,,,,,,,,,,,,,,,,,,,,,,,,,,,,,,,,,,,,,,,,,,,,,,,,,,,,,,,,,,,,,,,,,,,,,,,,,,,,,,,,,,,,,,,,,,,,,,,,,,,,,,,,,,,,,,,,,,,,,,,,,,,,,,,,,,,2026-07-11 11:22:46.237,0,,NoForecastRowsMaterialized
10172,63,61,10461,1,2542,GARCIA MILLAN,GAZPACHO,GAZPACHO MEDITERRANEO GM 1L EX,CLIENTES FRANCIA,,,,,,,,,,NOT_COMPARABLE_MISSING_VALIDATION,1,0,0,,,,,,,,,,,,,,,,,,,,,,,,,,,,,,,,,,,,,,,,,,,,,,,,,,,,,,,,,,,,,,,,,,,,,,,,,,,,,,,,,,,,,,,,,,,,,,,,,,,,,,,,,,,,,,,,,,,,,,,,,,,,,,,,,,,,,,,,,,,,,,,,,,,,,,,,,,,,,,,,,,,,,,,,,,,,,,,,,,,,,,,,,,,,,,,,,,,,,,,,,,,,,,,,2026-07-11 11:22:46.237,0,,NoForecastRowsMaterialized
10173,63,61,10461,1,2543,GARCIA MILLAN,GAZPACHO,GAZPACHO SUAVE GM 1L,MERCAFRISA,,,,,,,,,,NOT_COMPARABLE_MISSING_VALIDATION,1,0,0,,,,,,,,,,,,,,,,,,,,,,,,,,,,,,,,,,,,,,,,,,,,,,,,,,,,,,,,,,,,,,,,,,,,,,,,,,,,,,,,,,,,,,,,,,,,,,,,,,,,,,,,,,,,,,,,,,,,,,,,,,,,,,,,,,,,,,,,,,,,,,,,,,,,,,,,,,,,,,,,,,,,,,,,,,,,,,,,,,,,,,,,,,,,,,,,,,,,,,,,,,,,,,,,2026-07-11 11:22:46.237,0,,NoForecastRowsMaterialized
10174,63,61,10461,1,2544,GARCIA MILLAN,GAZPACHO,GAZPACHO SUAVE GM 1L,VENTA ONLINE,,,,,,,,,,NOT_COMPARABLE_MISSING_VALIDATION,1,0,0,,,,,,,,,,,,,,,,,,,,,,,,,,,,,,,,,,,,,,,,,,,,,,,,,,,,,,,,,,,,,,,,,,,,,,,,,,,,,,,,,,,,,,,,,,,,,,,,,,,,,,,,,,,,,,,,,,,,,,,,,,,,,,,,,,,,,,,,,,,,,,,,,,,,,,,,,,,,,,,,,,,,,,,,,,,,,,,,,,,,,,,,,,,,,,,,,,,,,,,,,,,,,,,,2026-07-11 11:22:46.237,0,,NoForecastRowsMaterialized
10175,63,61,10461,1,2545,GARCIA MILLAN,GAZPACHO,GAZPACHO TRADICION GM 330ML EX,CLIENTES FRANCIA,,,,,,,,,,NOT_COMPARABLE_MISSING_VALIDATION,1,0,0,,,,,,,,,,,,,,,,,,,,,,,,,,,,,,,,,,,,,,,,,,,,,,,,,,,,,,,,,,,,,,,,,,,,,,,,,,,,,,,,,,,,,,,,,,,,,,,,,,,,,,,,,,,,,,,,,,,,,,,,,,,,,,,,,,,,,,,,,,,,,,,,,,,,,,,,,,,,,,,,,,,,,,,,,,,,,,,,,,,,,,,,,,,,,,,,,,,,,,,,,,,,,,,,2026-07-11 11:22:46.237,0,,NoForecastRowsMaterialized
"10176,63,61,10461,1,2546,GARCIA MILLAN,GAZPACHO,""GAZPACHO TRADICIONAL GM 1,15L"",DONACIONES,,,,,,,,,,NOT_COMPARABLE_MISSING_VALIDATION,1,0,0,,,,,,,,,,,,,,,,,,,,,,,,,,,,,,,,,,,,,,,,,,,,,,,,,,,,,,,,,,,,,,,,,,,,,,,,,,,,,,,,,,,,,,,,,,,,,,,,,,,,,,,,,,,,,,,,,,,,,,,,,,,,,,,,,,,,,,,,,,,,,,,,,,,,,,,,,,,,,,,,,,,,,,,,,,,,,,,,,,,,,,,,,,,,,,,,,,,,,,,,,,,,,,,,2026-07-11 11:22:46.237,0,,NoForecastRowsMaterialized"
10177,63,61,10461,1,2547,GARCIA MILLAN,GAZPACHO,GAZPACHO TRADICIONAL GM 1L EX,CLIENTES FRANCIA,,,,,,,,,,NOT_COMPARABLE_MISSING_VALIDATION,1,0,0,,,,,,,,,,,,,,,,,,,,,,,,,,,,,,,,,,,,,,,,,,,,,,,,,,,,,,,,,,,,,,,,,,,,,,,,,,,,,,,,,,,,,,,,,,,,,,,,,,,,,,,,,,,,,,,,,,,,,,,,,,,,,,,,,,,,,,,,,,,,,,,,,,,,,,,,,,,,,,,,,,,,,,,,,,,,,,,,,,,,,,,,,,,,,,,,,,,,,,,,,,,,,,,,2026-07-11 11:22:46.237,0,,NoForecastRowsMaterialized
10178,63,61,10461,1,2548,GARCIA MILLAN,GAZPACHO,GAZPACHO TRADICIONAL GM 330ML,ULIVO CATERING,,,,,,,,,,NOT_COMPARABLE_MISSING_VALIDATION,1,0,0,,,,,,,,,,,,,,,,,,,,,,,,,,,,,,,,,,,,,,,,,,,,,,,,,,,,,,,,,,,,,,,,,,,,,,,,,,,,,,,,,,,,,,,,,,,,,,,,,,,,,,,,,,,,,,,,,,,,,,,,,,,,,,,,,,,,,,,,,,,,,,,,,,,,,,,,,,,,,,,,,,,,,,,,,,,,,,,,,,,,,,,,,,,,,,,,,,,,,,,,,,,,,,,,2026-07-11 11:22:46.237,0,,NoForecastRowsMaterialized
10179,63,61,10461,1,2549,GARCIA MILLAN,SALMOREJO,SALMOREJO ORIGINAL GM 1L,MERCAFRISA,,,,,,,,,,NOT_COMPARABLE_MISSING_VALIDATION,1,0,0,,,,,,,,,,,,,,,,,,,,,,,,,,,,,,,,,,,,,,,,,,,,,,,,,,,,,,,,,,,,,,,,,,,,,,,,,,,,,,,,,,,,,,,,,,,,,,,,,,,,,,,,,,,,,,,,,,,,,,,,,,,,,,,,,,,,,,,,,,,,,,,,,,,,,,,,,,,,,,,,,,,,,,,,,,,,,,,,,,,,,,,,,,,,,,,,,,,,,,,,,,,,,,,,2026-07-11 11:22:46.237,0,,NoForecastRowsMaterialized
10180,63,61,10461,1,2550,GARCIA MILLAN,SALMOREJO,SALMOREJO ORIGINAL GM 330ML,MERCAFRISA,,,,,,,,,,NOT_COMPARABLE_MISSING_VALIDATION,1,0,0,,,,,,,,,,,,,,,,,,,,,,,,,,,,,,,,,,,,,,,,,,,,,,,,,,,,,,,,,,,,,,,,,,,,,,,,,,,,,,,,,,,,,,,,,,,,,,,,,,,,,,,,,,,,,,,,,,,,,,,,,,,,,,,,,,,,,,,,,,,,,,,,,,,,,,,,,,,,,,,,,,,,,,,,,,,,,,,,,,,,,,,,,,,,,,,,,,,,,,,,,,,,,,,,2026-07-11 11:22:46.237,0,,NoForecastRowsMaterialized
10181,63,61,10461,1,2551,GARCIA MILLAN,SALMOREJO,SALMOREJO REMOLACHA GM 750ML,MERCAFRISA,,,,,,,,,,NOT_COMPARABLE_MISSING_VALIDATION,1,0,0,,,,,,,,,,,,,,,,,,,,,,,,,,,,,,,,,,,,,,,,,,,,,,,,,,,,,,,,,,,,,,,,,,,,,,,,,,,,,,,,,,,,,,,,,,,,,,,,,,,,,,,,,,,,,,,,,,,,,,,,,,,,,,,,,,,,,,,,,,,,,,,,,,,,,,,,,,,,,,,,,,,,,,,,,,,,,,,,,,,,,,,,,,,,,,,,,,,,,,,,,,,,,,,,2026-07-11 11:22:46.237,0,,NoForecastRowsMaterialized
10182,63,61,10461,1,2552,GARCIA MILLAN,SALMOREJO,SALMOREJO REMOLACHA GM 750ML,VENTA ONLINE,,,,,,,,,,NOT_COMPARABLE_MISSING_VALIDATION,1,0,0,,,,,,,,,,,,,,,,,,,,,,,,,,,,,,,,,,,,,,,,,,,,,,,,,,,,,,,,,,,,,,,,,,,,,,,,,,,,,,,,,,,,,,,,,,,,,,,,,,,,,,,,,,,,,,,,,,,,,,,,,,,,,,,,,,,,,,,,,,,,,,,,,,,,,,,,,,,,,,,,,,,,,,,,,,,,,,,,,,,,,,,,,,,,,,,,,,,,,,,,,,,,,,,,2026-07-11 11:22:46.237,0,,NoForecastRowsMaterialized
10183,63,61,10461,1,2553,GARCIA MILLAN,SALMOREJO,SALMOREJO SIN PAN GM 1L,VENTA ONLINE,,,,,,,,,,NOT_COMPARABLE_MISSING_VALIDATION,1,0,0,,,,,,,,,,,,,,,,,,,,,,,,,,,,,,,,,,,,,,,,,,,,,,,,,,,,,,,,,,,,,,,,,,,,,,,,,,,,,,,,,,,,,,,,,,,,,,,,,,,,,,,,,,,,,,,,,,,,,,,,,,,,,,,,,,,,,,,,,,,,,,,,,,,,,,,,,,,,,,,,,,,,,,,,,,,,,,,,,,,,,,,,,,,,,,,,,,,,,,,,,,,,,,,,2026-07-11 11:22:46.237,0,,NoForecastRowsMaterialized
10184,63,61,10461,1,2554,GARCIA MILLAN,SALMOREJO,SALMOREJO SIN PAN GM 1L EX,CLIENTES FRANCIA,,,,,,,,,,NOT_COMPARABLE_MISSING_VALIDATION,1,0,0,,,,,,,,,,,,,,,,,,,,,,,,,,,,,,,,,,,,,,,,,,,,,,,,,,,,,,,,,,,,,,,,,,,,,,,,,,,,,,,,,,,,,,,,,,,,,,,,,,,,,,,,,,,,,,,,,,,,,,,,,,,,,,,,,,,,,,,,,,,,,,,,,,,,,,,,,,,,,,,,,,,,,,,,,,,,,,,,,,,,,,,,,,,,,,,,,,,,,,,,,,,,,,,,2026-07-11 11:22:46.237,0,,NoForecastRowsMaterialized
10185,63,61,10461,1,2555,GARCIA MILLAN,SALMOREJO,SALMOREJO SIN PAN GM 330ML,MERCAFRISA,,,,,,,,,,NOT_COMPARABLE_MISSING_VALIDATION,1,0,0,,,,,,,,,,,,,,,,,,,,,,,,,,,,,,,,,,,,,,,,,,,,,,,,,,,,,,,,,,,,,,,,,,,,,,,,,,,,,,,,,,,,,,,,,,,,,,,,,,,,,,,,,,,,,,,,,,,,,,,,,,,,,,,,,,,,,,,,,,,,,,,,,,,,,,,,,,,,,,,,,,,,,,,,,,,,,,,,,,,,,,,,,,,,,,,,,,,,,,,,,,,,,,,,2026-07-11 11:22:46.237,0,,NoForecastRowsMaterialized
10186,63,61,10461,1,2556,GARCIA MILLAN,SALMOREJO,SALMOREJO SIN PAN GM 330ML EX,CLIENTES FRANCIA,,,,,,,,,,NOT_COMPARABLE_MISSING_VALIDATION,1,0,0,,,,,,,,,,,,,,,,,,,,,,,,,,,,,,,,,,,,,,,,,,,,,,,,,,,,,,,,,,,,,,,,,,,,,,,,,,,,,,,,,,,,,,,,,,,,,,,,,,,,,,,,,,,,,,,,,,,,,,,,,,,,,,,,,,,,,,,,,,,,,,,,,,,,,,,,,,,,,,,,,,,,,,,,,,,,,,,,,,,,,,,,,,,,,,,,,,,,,,,,,,,,,,,,2026-07-11 11:22:46.237,0,,NoForecastRowsMaterialized
10187,63,61,10461,1,2557,GARCIA MILLAN,GAZPACHO,GAZPACHO ANDALUZ GM 1L,MANPER,,,,,,,,,,NOT_COMPARABLE_MISSING_VALIDATION,1,0,0,,,,,,,,,,,,,,,,,,,,,,,,,,,,,,,,,,,,,,,,,,,,,,,,,,,,,,,,,,,,,,,,,,,,,,,,,,,,,,,,,,,,,,,,,,,,,,,,,,,,,,,,,,,,,,,,,,,,,,,,,,,,,,,,,,,,,,,,,,,,,,,,,,,,,,,,,,,,,,,,,,,,,,,,,,,,,,,,,,,,,,,,,,,,,,,,,,,,,,,,,,,,,,,,2026-07-11 11:22:46.237,0,,NoForecastRowsMaterialized
10188,63,61,10461,1,2558,GARCIA MILLAN,GAZPACHO,GAZPACHO ANDALUZ GM 330ML,VENTA ONLINE,,,,,,,,,,NOT_COMPARABLE_MISSING_VALIDATION,1,0,0,,,,,,,,,,,,,,,,,,,,,,,,,,,,,,,,,,,,,,,,,,,,,,,,,,,,,,,,,,,,,,,,,,,,,,,,,,,,,,,,,,,,,,,,,,,,,,,,,,,,,,,,,,,,,,,,,,,,,,,,,,,,,,,,,,,,,,,,,,,,,,,,,,,,,,,,,,,,,,,,,,,,,,,,,,,,,,,,,,,,,,,,,,,,,,,,,,,,,,,,,,,,,,,,2026-07-11 11:22:46.237,0,,NoForecastRowsMaterialized
"10189,63,61,10461,1,2559,GARCIA MILLAN,GAZPACHO,""GAZPACHO MEDITERRANEO GM 1,15L"",INICIATIVAS SEDOX,,,,,,,,,,NOT_COMPARABLE_MISSING_VALIDATION,1,0,0,,,,,,,,,,,,,,,,,,,,,,,,,,,,,,,,,,,,,,,,,,,,,,,,,,,,,,,,,,,,,,,,,,,,,,,,,,,,,,,,,,,,,,,,,,,,,,,,,,,,,,,,,,,,,,,,,,,,,,,,,,,,,,,,,,,,,,,,,,,,,,,,,,,,,,,,,,,,,,,,,,,,,,,,,,,,,,,,,,,,,,,,,,,,,,,,,,,,,,,,,,,,,,,,2026-07-11 11:22:46.237,0,,NoForecastRowsMaterialized"
10190,63,61,10461,1,2560,GARCIA MILLAN,GAZPACHO,GAZPACHO TRADICIONAL GM 330ML,ARBITRADE,,,,,,,,,,NOT_COMPARABLE_MISSING_VALIDATION,1,0,0,,,,,,,,,,,,,,,,,,,,,,,,,,,,,,,,,,,,,,,,,,,,,,,,,,,,,,,,,,,,,,,,,,,,,,,,,,,,,,,,,,,,,,,,,,,,,,,,,,,,,,,,,,,,,,,,,,,,,,,,,,,,,,,,,,,,,,,,,,,,,,,,,,,,,,,,,,,,,,,,,,,,,,,,,,,,,,,,,,,,,,,,,,,,,,,,,,,,,,,,,,,,,,,,2026-07-11 11:22:46.237,0,,NoForecastRowsMaterialized
10191,63,61,10461,1,2561,GARCIA MILLAN,SALMOREJO,SALMOREJO ORIGINAL GM 1L,MANPER,,,,,,,,,,NOT_COMPARABLE_MISSING_VALIDATION,1,0,0,,,,,,,,,,,,,,,,,,,,,,,,,,,,,,,,,,,,,,,,,,,,,,,,,,,,,,,,,,,,,,,,,,,,,,,,,,,,,,,,,,,,,,,,,,,,,,,,,,,,,,,,,,,,,,,,,,,,,,,,,,,,,,,,,,,,,,,,,,,,,,,,,,,,,,,,,,,,,,,,,,,,,,,,,,,,,,,,,,,,,,,,,,,,,,,,,,,,,,,,,,,,,,,,2026-07-11 11:22:46.237,0,,NoForecastRowsMaterialized
10192,63,61,10461,1,2562,GARCIA MILLAN,SALMOREJO,SALMOREJO ORIGINAL GM 330ML,FRUTAS MORA QUALITY,,,,,,,,,,NOT_COMPARABLE_MISSING_VALIDATION,1,0,0,,,,,,,,,,,,,,,,,,,,,,,,,,,,,,,,,,,,,,,,,,,,,,,,,,,,,,,,,,,,,,,,,,,,,,,,,,,,,,,,,,,,,,,,,,,,,,,,,,,,,,,,,,,,,,,,,,,,,,,,,,,,,,,,,,,,,,,,,,,,,,,,,,,,,,,,,,,,,,,,,,,,,,,,,,,,,,,,,,,,,,,,,,,,,,,,,,,,,,,,,,,,,,,,2026-07-11 11:22:46.237,0,,NoForecastRowsMaterialized
10193,63,61,10461,1,2563,GARCIA MILLAN,SALMOREJO,SALMOREJO ORIGINAL GM 330ML,ULIVO CATERING,,,,,,,,,,NOT_COMPARABLE_MISSING_VALIDATION,1,0,0,,,,,,,,,,,,,,,,,,,,,,,,,,,,,,,,,,,,,,,,,,,,,,,,,,,,,,,,,,,,,,,,,,,,,,,,,,,,,,,,,,,,,,,,,,,,,,,,,,,,,,,,,,,,,,,,,,,,,,,,,,,,,,,,,,,,,,,,,,,,,,,,,,,,,,,,,,,,,,,,,,,,,,,,,,,,,,,,,,,,,,,,,,,,,,,,,,,,,,,,,,,,,,,,2026-07-11 11:22:46.237,0,,NoForecastRowsMaterialized
"10194,63,61,10461,1,2565,GARCIA MILLAN,GAZPACHO,""GAZPACHO ANDALUZ GM 1,15L"",LIDL,,,,,,,,,,NOT_COMPARABLE_MISSING_VALIDATION,1,0,0,,,,,,,,,,,,,,,,,,,,,,,,,,,,,,,,,,,,,,,,,,,,,,,,,,,,,,,,,,,,,,,,,,,,,,,,,,,,,,,,,,,,,,,,,,,,,,,,,,,,,,,,,,,,,,,,,,,,,,,,,,,,,,,,,,,,,,,,,,,,,,,,,,,,,,,,,,,,,,,,,,,,,,,,,,,,,,,,,,,,,,,,,,,,,,,,,,,,,,,,,,,,,,,,2026-07-11 11:22:46.237,0,,NoForecastRowsMaterialized"
10195,63,61,10461,1,2566,GARCIA MILLAN,GAZPACHO,GAZPACHO ANDALUZ GM 1L,E.LECLERC,,,,,,,,,,NOT_COMPARABLE_MISSING_VALIDATION,1,0,0,,,,,,,,,,,,,,,,,,,,,,,,,,,,,,,,,,,,,,,,,,,,,,,,,,,,,,,,,,,,,,,,,,,,,,,,,,,,,,,,,,,,,,,,,,,,,,,,,,,,,,,,,,,,,,,,,,,,,,,,,,,,,,,,,,,,,,,,,,,,,,,,,,,,,,,,,,,,,,,,,,,,,,,,,,,,,,,,,,,,,,,,,,,,,,,,,,,,,,,,,,,,,,,,2026-07-11 11:22:46.237,0,,NoForecastRowsMaterialized
10196,63,61,10461,1,2567,GARCIA MILLAN,GAZPACHO,GAZPACHO FRESON GM 750ML,E.LECLERC,,,,,,,,,,NOT_COMPARABLE_MISSING_VALIDATION,1,0,0,,,,,,,,,,,,,,,,,,,,,,,,,,,,,,,,,,,,,,,,,,,,,,,,,,,,,,,,,,,,,,,,,,,,,,,,,,,,,,,,,,,,,,,,,,,,,,,,,,,,,,,,,,,,,,,,,,,,,,,,,,,,,,,,,,,,,,,,,,,,,,,,,,,,,,,,,,,,,,,,,,,,,,,,,,,,,,,,,,,,,,,,,,,,,,,,,,,,,,,,,,,,,,,,2026-07-11 11:22:46.237,0,,NoForecastRowsMaterialized
10197,63,61,10461,1,2568,GARCIA MILLAN,GAZPACHO,GAZPACHO FRESON GM 750ML EX,CLIENTES FRANCIA,,,,,,,,,,NOT_COMPARABLE_MISSING_VALIDATION,1,0,0,,,,,,,,,,,,,,,,,,,,,,,,,,,,,,,,,,,,,,,,,,,,,,,,,,,,,,,,,,,,,,,,,,,,,,,,,,,,,,,,,,,,,,,,,,,,,,,,,,,,,,,,,,,,,,,,,,,,,,,,,,,,,,,,,,,,,,,,,,,,,,,,,,,,,,,,,,,,,,,,,,,,,,,,,,,,,,,,,,,,,,,,,,,,,,,,,,,,,,,,,,,,,,,,2026-07-11 11:22:46.237,0,,NoForecastRowsMaterialized
10198,63,61,10461,1,2569,GARCIA MILLAN,GAZPACHO,GAZPACHO HUERTA GM 750ML,E.LECLERC,,,,,,,,,,NOT_COMPARABLE_MISSING_VALIDATION,1,0,0,,,,,,,,,,,,,,,,,,,,,,,,,,,,,,,,,,,,,,,,,,,,,,,,,,,,,,,,,,,,,,,,,,,,,,,,,,,,,,,,,,,,,,,,,,,,,,,,,,,,,,,,,,,,,,,,,,,,,,,,,,,,,,,,,,,,,,,,,,,,,,,,,,,,,,,,,,,,,,,,,,,,,,,,,,,,,,,,,,,,,,,,,,,,,,,,,,,,,,,,,,,,,,,,2026-07-11 11:22:46.237,0,,NoForecastRowsMaterialized
10199,63,61,10461,1,2570,GARCIA MILLAN,GAZPACHO,GAZPACHO MEDITERRANEO GM 1L,E.LECLERC,,,,,,,,,,NOT_COMPARABLE_MISSING_VALIDATION,1,0,0,,,,,,,,,,,,,,,,,,,,,,,,,,,,,,,,,,,,,,,,,,,,,,,,,,,,,,,,,,,,,,,,,,,,,,,,,,,,,,,,,,,,,,,,,,,,,,,,,,,,,,,,,,,,,,,,,,,,,,,,,,,,,,,,,,,,,,,,,,,,,,,,,,,,,,,,,,,,,,,,,,,,,,,,,,,,,,,,,,,,,,,,,,,,,,,,,,,,,,,,,,,,,,,,2026-07-11 11:22:46.237,0,,NoForecastRowsMaterialized
10200,63,61,10461,1,2571,GARCIA MILLAN,GAZPACHO,GAZPACHO TRADICIONAL GM 1L,CENCOSU,,,,,,,,,,NOT_COMPARABLE_MISSING_VALIDATION,1,0,0,,,,,,,,,,,,,,,,,,,,,,,,,,,,,,,,,,,,,,,,,,,,,,,,,,,,,,,,,,,,,,,,,,,,,,,,,,,,,,,,,,,,,,,,,,,,,,,,,,,,,,,,,,,,,,,,,,,,,,,,,,,,,,,,,,,,,,,,,,,,,,,,,,,,,,,,,,,,,,,,,,,,,,,,,,,,,,,,,,,,,,,,,,,,,,,,,,,,,,,,,,,,,,,,2026-07-11 11:22:46.237,0,,NoForecastRowsMaterialized
10201,63,61,10461,1,2572,GARCIA MILLAN,GAZPACHO,GAZPACHO TRADICIONAL GM 1L,COMEDOR SAN JUAN DE ACRE,,,,,,,,,,NOT_COMPARABLE_MISSING_VALIDATION,1,0,0,,,,,,,,,,,,,,,,,,,,,,,,,,,,,,,,,,,,,,,,,,,,,,,,,,,,,,,,,,,,,,,,,,,,,,,,,,,,,,,,,,,,,,,,,,,,,,,,,,,,,,,,,,,,,,,,,,,,,,,,,,,,,,,,,,,,,,,,,,,,,,,,,,,,,,,,,,,,,,,,,,,,,,,,,,,,,,,,,,,,,,,,,,,,,,,,,,,,,,,,,,,,,,,,2026-07-11 11:22:46.237,0,,NoForecastRowsMaterialized
10202,63,61,10461,1,2573,GARCIA MILLAN,GAZPACHO,GAZPACHO TRADICIONAL GM 330ML,CENCOSU,,,,,,,,,,NOT_COMPARABLE_MISSING_VALIDATION,1,0,0,,,,,,,,,,,,,,,,,,,,,,,,,,,,,,,,,,,,,,,,,,,,,,,,,,,,,,,,,,,,,,,,,,,,,,,,,,,,,,,,,,,,,,,,,,,,,,,,,,,,,,,,,,,,,,,,,,,,,,,,,,,,,,,,,,,,,,,,,,,,,,,,,,,,,,,,,,,,,,,,,,,,,,,,,,,,,,,,,,,,,,,,,,,,,,,,,,,,,,,,,,,,,,,,2026-07-11 11:22:46.237,0,,NoForecastRowsMaterialized
10203,63,61,10461,1,2574,GARCIA MILLAN,SALMOREJO,SALMOREJO REMOLAC GM 750 ML EX,CLIENTES FRANCIA,,,,,,,,,,NOT_COMPARABLE_MISSING_VALIDATION,1,0,0,,,,,,,,,,,,,,,,,,,,,,,,,,,,,,,,,,,,,,,,,,,,,,,,,,,,,,,,,,,,,,,,,,,,,,,,,,,,,,,,,,,,,,,,,,,,,,,,,,,,,,,,,,,,,,,,,,,,,,,,,,,,,,,,,,,,,,,,,,,,,,,,,,,,,,,,,,,,,,,,,,,,,,,,,,,,,,,,,,,,,,,,,,,,,,,,,,,,,,,,,,,,,,,,2026-07-11 11:22:46.237,0,,NoForecastRowsMaterialized
10204,63,61,10461,1,2575,GARCIA MILLAN,SALMOREJO,SALMOREJO REMOLACHA GM 750ML,E.LECLERC,,,,,,,,,,NOT_COMPARABLE_MISSING_VALIDATION,1,0,0,,,,,,,,,,,,,,,,,,,,,,,,,,,,,,,,,,,,,,,,,,,,,,,,,,,,,,,,,,,,,,,,,,,,,,,,,,,,,,,,,,,,,,,,,,,,,,,,,,,,,,,,,,,,,,,,,,,,,,,,,,,,,,,,,,,,,,,,,,,,,,,,,,,,,,,,,,,,,,,,,,,,,,,,,,,,,,,,,,,,,,,,,,,,,,,,,,,,,,,,,,,,,,,,2026-07-11 11:22:46.237,0,,NoForecastRowsMaterialized
"10205,63,61,10461,1,2576,GARCIA MILLAN,SALMOREJO,""SALMOREJO SIN PAN GM 1,15L"",EXCLUSIVAS SEYGO,,,,,,,,,,NOT_COMPARABLE_MISSING_VALIDATION,1,0,0,,,,,,,,,,,,,,,,,,,,,,,,,,,,,,,,,,,,,,,,,,,,,,,,,,,,,,,,,,,,,,,,,,,,,,,,,,,,,,,,,,,,,,,,,,,,,,,,,,,,,,,,,,,,,,,,,,,,,,,,,,,,,,,,,,,,,,,,,,,,,,,,,,,,,,,,,,,,,,,,,,,,,,,,,,,,,,,,,,,,,,,,,,,,,,,,,,,,,,,,,,,,,,,,2026-07-11 11:22:46.237,0,,NoForecastRowsMaterialized"
10206,63,61,10461,1,2577,GARCIA MILLAN,SALMOREJO,SALMOREJO SIN PAN GM 1L,ALCACON,,,,,,,,,,NOT_COMPARABLE_MISSING_VALIDATION,1,0,0,,,,,,,,,,,,,,,,,,,,,,,,,,,,,,,,,,,,,,,,,,,,,,,,,,,,,,,,,,,,,,,,,,,,,,,,,,,,,,,,,,,,,,,,,,,,,,,,,,,,,,,,,,,,,,,,,,,,,,,,,,,,,,,,,,,,,,,,,,,,,,,,,,,,,,,,,,,,,,,,,,,,,,,,,,,,,,,,,,,,,,,,,,,,,,,,,,,,,,,,,,,,,,,,2026-07-11 11:22:46.237,0,,NoForecastRowsMaterialized
10207,63,61,10461,1,2578,GARCIA MILLAN,SALMOREJO,SALMOREJO SIN PAN GM 1L,CENCOSU,,,,,,,,,,NOT_COMPARABLE_MISSING_VALIDATION,1,0,0,,,,,,,,,,,,,,,,,,,,,,,,,,,,,,,,,,,,,,,,,,,,,,,,,,,,,,,,,,,,,,,,,,,,,,,,,,,,,,,,,,,,,,,,,,,,,,,,,,,,,,,,,,,,,,,,,,,,,,,,,,,,,,,,,,,,,,,,,,,,,,,,,,,,,,,,,,,,,,,,,,,,,,,,,,,,,,,,,,,,,,,,,,,,,,,,,,,,,,,,,,,,,,,,2026-07-11 11:22:46.237,0,,NoForecastRowsMaterialized
10208,63,61,10461,1,2579,GARCIA MILLAN,SALMOREJO,SALMOREJO SIN PAN GM 1L,E.LECLERC,,,,,,,,,,NOT_COMPARABLE_MISSING_VALIDATION,1,0,0,,,,,,,,,,,,,,,,,,,,,,,,,,,,,,,,,,,,,,,,,,,,,,,,,,,,,,,,,,,,,,,,,,,,,,,,,,,,,,,,,,,,,,,,,,,,,,,,,,,,,,,,,,,,,,,,,,,,,,,,,,,,,,,,,,,,,,,,,,,,,,,,,,,,,,,,,,,,,,,,,,,,,,,,,,,,,,,,,,,,,,,,,,,,,,,,,,,,,,,,,,,,,,,,2026-07-11 11:22:46.237,0,,NoForecastRowsMaterialized
10209,63,61,10461,1,2580,GARCIA MILLAN,SALMOREJO,SALMOREJO SIN PAN GM 1L,MANPER,,,,,,,,,,NOT_COMPARABLE_MISSING_VALIDATION,1,0,0,,,,,,,,,,,,,,,,,,,,,,,,,,,,,,,,,,,,,,,,,,,,,,,,,,,,,,,,,,,,,,,,,,,,,,,,,,,,,,,,,,,,,,,,,,,,,,,,,,,,,,,,,,,,,,,,,,,,,,,,,,,,,,,,,,,,,,,,,,,,,,,,,,,,,,,,,,,,,,,,,,,,,,,,,,,,,,,,,,,,,,,,,,,,,,,,,,,,,,,,,,,,,,,,2026-07-11 11:22:46.237,0,,NoForecastRowsMaterialized
10210,63,61,10461,1,2581,GARCIA MILLAN,SALMOREJO,SALMOREJO SIN PAN GM 330ML,CENCOSU,,,,,,,,,,NOT_COMPARABLE_MISSING_VALIDATION,1,0,0,,,,,,,,,,,,,,,,,,,,,,,,,,,,,,,,,,,,,,,,,,,,,,,,,,,,,,,,,,,,,,,,,,,,,,,,,,,,,,,,,,,,,,,,,,,,,,,,,,,,,,,,,,,,,,,,,,,,,,,,,,,,,,,,,,,,,,,,,,,,,,,,,,,,,,,,,,,,,,,,,,,,,,,,,,,,,,,,,,,,,,,,,,,,,,,,,,,,,,,,,,,,,,,,2026-07-11 11:22:46.237,0,,NoForecastRowsMaterialized
10211,63,61,10461,1,2582,GARCIA MILLAN,SALMOREJO,SALMOREJO SIN PAN GM 330ML,E.LECLERC,,,,,,,,,,NOT_COMPARABLE_MISSING_VALIDATION,1,0,0,,,,,,,,,,,,,,,,,,,,,,,,,,,,,,,,,,,,,,,,,,,,,,,,,,,,,,,,,,,,,,,,,,,,,,,,,,,,,,,,,,,,,,,,,,,,,,,,,,,,,,,,,,,,,,,,,,,,,,,,,,,,,,,,,,,,,,,,,,,,,,,,,,,,,,,,,,,,,,,,,,,,,,,,,,,,,,,,,,,,,,,,,,,,,,,,,,,,,,,,,,,,,,,,2026-07-11 11:22:46.237,0,,NoForecastRowsMaterialized
10212,63,61,10461,1,2583,GARCIA MILLAN,GAZPACHO,GAZPACHO ANDALUZ GM 330ML,E.LECLERC,,,,,,,,,,NOT_COMPARABLE_MISSING_VALIDATION,1,0,0,,,,,,,,,,,,,,,,,,,,,,,,,,,,,,,,,,,,,,,,,,,,,,,,,,,,,,,,,,,,,,,,,,,,,,,,,,,,,,,,,,,,,,,,,,,,,,,,,,,,,,,,,,,,,,,,,,,,,,,,,,,,,,,,,,,,,,,,,,,,,,,,,,,,,,,,,,,,,,,,,,,,,,,,,,,,,,,,,,,,,,,,,,,,,,,,,,,,,,,,,,,,,,,,2026-07-11 11:22:46.237,0,,NoForecastRowsMaterialized
10213,63,61,10461,1,2584,GARCIA MILLAN,GAZPACHO,GAZPACHO SUAVE GM 1L,E.LECLERC,,,,,,,,,,NOT_COMPARABLE_MISSING_VALIDATION,1,0,0,,,,,,,,,,,,,,,,,,,,,,,,,,,,,,,,,,,,,,,,,,,,,,,,,,,,,,,,,,,,,,,,,,,,,,,,,,,,,,,,,,,,,,,,,,,,,,,,,,,,,,,,,,,,,,,,,,,,,,,,,,,,,,,,,,,,,,,,,,,,,,,,,,,,,,,,,,,,,,,,,,,,,,,,,,,,,,,,,,,,,,,,,,,,,,,,,,,,,,,,,,,,,,,,2026-07-11 11:22:46.237,0,,NoForecastRowsMaterialized
10214,63,61,10461,1,2585,GARCIA MILLAN,GAZPACHO,GAZPACHO SUAVE GM 1L,ECOMORA,,,,,,,,,,NOT_COMPARABLE_MISSING_VALIDATION,1,0,0,,,,,,,,,,,,,,,,,,,,,,,,,,,,,,,,,,,,,,,,,,,,,,,,,,,,,,,,,,,,,,,,,,,,,,,,,,,,,,,,,,,,,,,,,,,,,,,,,,,,,,,,,,,,,,,,,,,,,,,,,,,,,,,,,,,,,,,,,,,,,,,,,,,,,,,,,,,,,,,,,,,,,,,,,,,,,,,,,,,,,,,,,,,,,,,,,,,,,,,,,,,,,,,,2026-07-11 11:22:46.237,0,,NoForecastRowsMaterialized
10215,63,61,10461,1,2586,GARCIA MILLAN,SALMOREJO,SALMOREJO ORIGINAL GM 1L,E.LECLERC,,,,,,,,,,NOT_COMPARABLE_MISSING_VALIDATION,1,0,0,,,,,,,,,,,,,,,,,,,,,,,,,,,,,,,,,,,,,,,,,,,,,,,,,,,,,,,,,,,,,,,,,,,,,,,,,,,,,,,,,,,,,,,,,,,,,,,,,,,,,,,,,,,,,,,,,,,,,,,,,,,,,,,,,,,,,,,,,,,,,,,,,,,,,,,,,,,,,,,,,,,,,,,,,,,,,,,,,,,,,,,,,,,,,,,,,,,,,,,,,,,,,,,,2026-07-11 11:22:46.237,0,,NoForecastRowsMaterialized
10216,63,61,10461,1,2587,GARCIA MILLAN,SALMOREJO,SALMOREJO ORIGINAL GM 1L,VENTA ONLINE,,,,,,,,,,NOT_COMPARABLE_MISSING_VALIDATION,1,0,0,,,,,,,,,,,,,,,,,,,,,,,,,,,,,,,,,,,,,,,,,,,,,,,,,,,,,,,,,,,,,,,,,,,,,,,,,,,,,,,,,,,,,,,,,,,,,,,,,,,,,,,,,,,,,,,,,,,,,,,,,,,,,,,,,,,,,,,,,,,,,,,,,,,,,,,,,,,,,,,,,,,,,,,,,,,,,,,,,,,,,,,,,,,,,,,,,,,,,,,,,,,,,,,,2026-07-11 11:22:46.237,0,,NoForecastRowsMaterialized
10217,63,61,10461,1,2588,GARCIA MILLAN,SALMOREJO,SALMOREJO ORIGINAL GM 330ML,E.LECLERC,,,,,,,,,,NOT_COMPARABLE_MISSING_VALIDATION,1,0,0,,,,,,,,,,,,,,,,,,,,,,,,,,,,,,,,,,,,,,,,,,,,,,,,,,,,,,,,,,,,,,,,,,,,,,,,,,,,,,,,,,,,,,,,,,,,,,,,,,,,,,,,,,,,,,,,,,,,,,,,,,,,,,,,,,,,,,,,,,,,,,,,,,,,,,,,,,,,,,,,,,,,,,,,,,,,,,,,,,,,,,,,,,,,,,,,,,,,,,,,,,,,,,,,2026-07-11 11:22:46.237,0,,NoForecastRowsMaterialized
10218,63,61,10461,1,2589,GARCIA MILLAN,SALMOREJO,SALMOREJO SIN PAN GM 330ML,CARO RUIZ,,,,,,,,,,NOT_COMPARABLE_MISSING_VALIDATION,1,0,0,,,,,,,,,,,,,,,,,,,,,,,,,,,,,,,,,,,,,,,,,,,,,,,,,,,,,,,,,,,,,,,,,,,,,,,,,,,,,,,,,,,,,,,,,,,,,,,,,,,,,,,,,,,,,,,,,,,,,,,,,,,,,,,,,,,,,,,,,,,,,,,,,,,,,,,,,,,,,,,,,,,,,,,,,,,,,,,,,,,,,,,,,,,,,,,,,,,,,,,,,,,,,,,,2026-07-11 11:22:46.237,0,,NoForecastRowsMaterialized
10219,63,61,10461,1,2590,GARCIA MILLAN,GAZPACHO,GAZPACHO ANDALUZ GM 1L,ASADOS YUGO,,,,,,,,,,NOT_COMPARABLE_MISSING_VALIDATION,1,0,0,,,,,,,,,,,,,,,,,,,,,,,,,,,,,,,,,,,,,,,,,,,,,,,,,,,,,,,,,,,,,,,,,,,,,,,,,,,,,,,,,,,,,,,,,,,,,,,,,,,,,,,,,,,,,,,,,,,,,,,,,,,,,,,,,,,,,,,,,,,,,,,,,,,,,,,,,,,,,,,,,,,,,,,,,,,,,,,,,,,,,,,,,,,,,,,,,,,,,,,,,,,,,,,,2026-07-11 11:22:46.237,0,,NoForecastRowsMaterialized
10220,63,61,10461,1,2591,GARCIA MILLAN,GAZPACHO,GAZPACHO FRESON GM 750ML,DIA,,,,,,,,,,NOT_COMPARABLE_MISSING_VALIDATION,1,0,0,,,,,,,,,,,,,,,,,,,,,,,,,,,,,,,,,,,,,,,,,,,,,,,,,,,,,,,,,,,,,,,,,,,,,,,,,,,,,,,,,,,,,,,,,,,,,,,,,,,,,,,,,,,,,,,,,,,,,,,,,,,,,,,,,,,,,,,,,,,,,,,,,,,,,,,,,,,,,,,,,,,,,,,,,,,,,,,,,,,,,,,,,,,,,,,,,,,,,,,,,,,,,,,,2026-07-11 11:22:46.237,0,,NoForecastRowsMaterialized
10221,63,61,10461,1,2592,GARCIA MILLAN,GAZPACHO,GAZPACHO FRESON GM 750ML,PARQUE ISLA MAGICA,,,,,,,,,,NOT_COMPARABLE_MISSING_VALIDATION,1,0,0,,,,,,,,,,,,,,,,,,,,,,,,,,,,,,,,,,,,,,,,,,,,,,,,,,,,,,,,,,,,,,,,,,,,,,,,,,,,,,,,,,,,,,,,,,,,,,,,,,,,,,,,,,,,,,,,,,,,,,,,,,,,,,,,,,,,,,,,,,,,,,,,,,,,,,,,,,,,,,,,,,,,,,,,,,,,,,,,,,,,,,,,,,,,,,,,,,,,,,,,,,,,,,,,2026-07-11 11:22:46.237,0,,NoForecastRowsMaterialized
10222,63,61,10461,1,2593,GARCIA MILLAN,GAZPACHO,GAZPACHO HUERTA GM 750ML,PARQUE ISLA MAGICA,,,,,,,,,,NOT_COMPARABLE_MISSING_VALIDATION,1,0,0,,,,,,,,,,,,,,,,,,,,,,,,,,,,,,,,,,,,,,,,,,,,,,,,,,,,,,,,,,,,,,,,,,,,,,,,,,,,,,,,,,,,,,,,,,,,,,,,,,,,,,,,,,,,,,,,,,,,,,,,,,,,,,,,,,,,,,,,,,,,,,,,,,,,,,,,,,,,,,,,,,,,,,,,,,,,,,,,,,,,,,,,,,,,,,,,,,,,,,,,,,,,,,,,2026-07-11 11:22:46.237,0,,NoForecastRowsMaterialized
10223,63,61,10461,1,2594,GARCIA MILLAN,GAZPACHO,GAZPACHO MEDITERRANEO GM 1L EX,DONACIONES,,,,,,,,,,NOT_COMPARABLE_MISSING_VALIDATION,1,0,0,,,,,,,,,,,,,,,,,,,,,,,,,,,,,,,,,,,,,,,,,,,,,,,,,,,,,,,,,,,,,,,,,,,,,,,,,,,,,,,,,,,,,,,,,,,,,,,,,,,,,,,,,,,,,,,,,,,,,,,,,,,,,,,,,,,,,,,,,,,,,,,,,,,,,,,,,,,,,,,,,,,,,,,,,,,,,,,,,,,,,,,,,,,,,,,,,,,,,,,,,,,,,,,,2026-07-11 11:22:46.237,0,,NoForecastRowsMaterialized
10224,63,61,10461,1,2595,GARCIA MILLAN,GAZPACHO,GAZPACHO TRADICIONAL GM 330ML,AG VENDING,,,,,,,,,,NOT_COMPARABLE_MISSING_VALIDATION,1,0,0,,,,,,,,,,,,,,,,,,,,,,,,,,,,,,,,,,,,,,,,,,,,,,,,,,,,,,,,,,,,,,,,,,,,,,,,,,,,,,,,,,,,,,,,,,,,,,,,,,,,,,,,,,,,,,,,,,,,,,,,,,,,,,,,,,,,,,,,,,,,,,,,,,,,,,,,,,,,,,,,,,,,,,,,,,,,,,,,,,,,,,,,,,,,,,,,,,,,,,,,,,,,,,,,2026-07-11 11:22:46.237,0,,NoForecastRowsMaterialized
